strategy,mission_minutes,estimated_target_deficit,ground_truth_target_deficit
ergo_adaptive,0.0,0.18823818786626367,0.17704454224011584
ergo_adaptive,0.08333333333337123,0.17663677618785564,0.16973448646932265
ergo_adaptive,0.16666666666662877,0.17308552823423065,0.167904307311592
ergo_adaptive,0.25,0.17084758056169588,0.166935101725319
ergo_adaptive,0.33333333333337123,0.1704542249550442,0.16624729248819436
ergo_adaptive,0.41666666666662877,0.17033924768546868,0.16569302655803708
ergo_adaptive,0.5,0.16925146364616073,0.16522439130688832
ergo_adaptive,0.5833333333333712,0.16916856858636833,0.16482262510464998
ergo_adaptive,0.6666666666666288,0.16967845043483937,0.16447834983099177
ergo_adaptive,0.75,0.16928339934524278,0.1641857175768528
ergo_adaptive,0.8333333333333712,0.16869705838984014,0.16393252673822564
ergo_adaptive,0.9166666666666288,0.16908606792936223,0.1637149497307923
ergo_adaptive,1.0,0.16820210128311916,0.16353441047511857
ergo_adaptive,1.0833333333333712,0.16742468549551634,0.16338813477357358
ergo_adaptive,1.1666666666666288,0.1681274516918518,0.16324330818949404
ergo_adaptive,1.25,0.16795018210410695,0.16304291540472762
ergo_adaptive,1.3333333333333712,0.16757392724258213,0.16276376350987165
ergo_adaptive,1.4166666666666288,0.16555603281992984,0.16242457117098383
ergo_adaptive,1.5,0.16419875029612935,0.16206367884906525
ergo_adaptive,1.5833333333333712,0.1649853400703023,0.16171152358310426
ergo_adaptive,1.6666666666666288,0.16572369376328536,0.16137897261143094
ergo_adaptive,1.75,0.16537823839183663,0.16107739959610215
ergo_adaptive,1.8333333333333712,0.16476365787890837,0.1607894437187502
ergo_adaptive,1.9166666666666288,0.1623441109439883,0.1605034974485542
ergo_adaptive,2.0,0.16148988231073777,0.16020983291059718
ergo_adaptive,2.0833333333333712,0.16188958196564132,0.1599002043126275
ergo_adaptive,2.1666666666666288,0.1619085644918245,0.15957149899139236
ergo_adaptive,2.25,0.16109291915904467,0.15924182495778247
ergo_adaptive,2.3333333333333712,0.16059184400032459,0.15895344009978707
ergo_adaptive,2.4166666666666288,0.16055507325017312,0.15872549924093948
ergo_adaptive,2.5,0.16133667890720427,0.15852101879301816
ergo_adaptive,2.5833333333333712,0.16078916493749446,0.1582297356577741
ergo_adaptive,2.6666666666666288,0.1607918207779998,0.15783869675756876
ergo_adaptive,2.75,0.16087720961181765,0.15740346119945786
ergo_adaptive,2.8333333333333712,0.16067225162201865,0.15696910166572972
ergo_adaptive,2.9166666666666288,0.15987096530765005,0.1565667979905762
ergo_adaptive,3.0,0.1604924440894419,0.15620483942180607
ergo_adaptive,3.0833333333333712,0.1619508664334287,0.15585057003577527
ergo_adaptive,3.1666666666666288,0.1608402293367473,0.1554898659009805
ergo_adaptive,3.25,0.16097594310804453,0.15510624368166928
ergo_adaptive,3.3333333333333712,0.16025945757408447,0.15471248534888996
ergo_adaptive,3.4166666666666288,0.15904452995914745,0.15433787686447656
ergo_adaptive,3.5,0.15929863385499185,0.15400783630347245
ergo_adaptive,3.5833333333333712,0.1574630000829598,0.1537087468518065
ergo_adaptive,3.6666666666666288,0.15869222572989047,0.153366163211685
ergo_adaptive,3.75,0.15888090570401514,0.15295262476186944
ergo_adaptive,3.8333333333333712,0.15927285553572273,0.15252388471696854
ergo_adaptive,3.9166666666666288,0.1586005103775227,0.15215567968520047
ergo_adaptive,4.0,0.1592869112004659,0.1518614558952206
ergo_adaptive,4.083333333333371,0.15842115106799493,0.15150749579551404
ergo_adaptive,4.166666666666629,0.1578846130944384,0.15105498651695343
ergo_adaptive,4.25,0.1565429774308106,0.15057404815273567
ergo_adaptive,4.333333333333371,0.15599011410156516,0.1501388681140728
ergo_adaptive,4.416666666666629,0.1567885059844041,0.14975385361890275
ergo_adaptive,4.5,0.15698664899582543,0.14936639644546382
ergo_adaptive,4.583333333333371,0.15646011113903346,0.1489374814142609
ergo_adaptive,4.666666666666629,0.15715485828904452,0.1485012019132123
ergo_adaptive,4.75,0.15589311598296368,0.1480889131351525
ergo_adaptive,4.833333333333371,0.1556789947083637,0.14770750676690816
ergo_adaptive,4.916666666666629,0.15446054282311772,0.14733034038826742
ergo_adaptive,5.0,0.15352055915851734,0.14694121564275422
ergo_adaptive,5.083333333333371,0.1525979766608847,0.14654461376989938
ergo_adaptive,5.166666666666629,0.15161662629436973,0.14617719751913116
ergo_adaptive,5.25,0.15218640928699081,0.1458395539935806
ergo_adaptive,5.333333333333371,0.15140781300633413,0.14549793257246854
ergo_adaptive,5.416666666666629,0.15252499501331857,0.14512610747072824
ergo_adaptive,5.5,0.15211100230503788,0.14477384176376637
ergo_adaptive,5.583333333333371,0.15093531991423953,0.14449508772257308
ergo_adaptive,5.666666666666629,0.15103538175007108,0.14421309151705006
ergo_adaptive,5.75,0.1515781231579384,0.14385304811725438
ergo_adaptive,5.833333333333371,0.15039779472503303,0.14349429827374413
ergo_adaptive,5.916666666666629,0.1493185147995219,0.14322756646808044
ergo_adaptive,6.0,0.1483304026018263,0.143006089866366
ergo_adaptive,6.083333333333371,0.14784015226437194,0.14270380040347763
ergo_adaptive,6.166666666666629,0.14791984118472418,0.14237163551123946
ergo_adaptive,6.25,0.14801722803195355,0.14208361181451362
ergo_adaptive,6.333333333333371,0.1480163189684233,0.1418586359433833
ergo_adaptive,6.416666666666629,0.14807124098630486,0.14164015927427484
ergo_adaptive,6.5,0.14767338746520317,0.14140168257105631
ergo_adaptive,6.583333333333371,0.14702900830027824,0.14117544382924066
ergo_adaptive,6.666666666666629,0.14633759978845773,0.14099276100724345
ergo_adaptive,6.75,0.1450604402427776,0.1408447106191357
ergo_adaptive,6.833333333333371,0.14460209801258286,0.1406863902705007
ergo_adaptive,6.916666666666629,0.14387354481648873,0.1405262980363415
ergo_adaptive,7.0,0.14399795107310848,0.1404031649594183
ergo_adaptive,7.083333333333371,0.14490034529271664,0.1403421719145205
ergo_adaptive,7.166666666666629,0.14470190728334667,0.14029874835614595
ergo_adaptive,7.25,0.1447310367064449,0.14020296690875872
ergo_adaptive,7.333333333333371,0.14562664431755865,0.1400575544274628
ergo_adaptive,7.416666666666629,0.14516833315941072,0.13990305663784147
ergo_adaptive,7.5,0.14547520373172265,0.13977096152373694
ergo_adaptive,7.583333333333371,0.1462722761522756,0.1396498780735148
ergo_adaptive,7.666666666666629,0.1461369064169311,0.13949860205092665
ergo_adaptive,7.75,0.1458279288997664,0.13932201437311126
ergo_adaptive,7.833333333333371,0.14494073294462873,0.13917244715849694
ergo_adaptive,7.916666666666629,0.14549763492163106,0.13909158188430817
ergo_adaptive,8.0,0.1463630927751043,0.1389401248088022
ergo_adaptive,8.083333333333371,0.14730678418632775,0.13869007851890772
ergo_adaptive,8.166666666666629,0.14703399769819603,0.13842971605625778
ergo_adaptive,8.25,0.1469613506941142,0.13819932142147945
ergo_adaptive,8.333333333333371,0.14719819301877102,0.13797723936893957
ergo_adaptive,8.416666666666629,0.14843456977956387,0.1377220966131231
ergo_adaptive,8.5,0.14913260913401272,0.13744130572341678
ergo_adaptive,8.583333333333371,0.1502508523609956,0.13717032853385874
ergo_adaptive,8.666666666666629,0.1498167544933774,0.13696260041353003
ergo_adaptive,8.75,0.1503851598761244,0.1367776424204313
ergo_adaptive,8.833333333333371,0.15090388138704147,0.1365130505227988
ergo_adaptive,8.916666666666629,0.15125058339003428,0.13618434244140057
ergo_adaptive,9.0,0.15104941501218902,0.1358708712377928
ergo_adaptive,9.083333333333371,0.15228767125404571,0.1355986317076272
ergo_adaptive,9.166666666666629,0.1522677204408411,0.13529794511779072
ergo_adaptive,9.25,0.15164185824881232,0.13495735644102
ergo_adaptive,9.333333333333371,0.15098812713909232,0.1346145513136051
ergo_adaptive,9.416666666666629,0.15110713435988776,0.13430769697432088
ergo_adaptive,9.5,0.1520102726624636,0.1340682238663757
ergo_adaptive,9.583333333333371,0.15185328682529675,0.1338267945210875
ergo_adaptive,9.666666666666629,0.15194748816778034,0.13350750373249168
ergo_adaptive,9.75,0.15193990651855016,0.13316621873135748
ergo_adaptive,9.833333333333371,0.1514354717701228,0.1328783893139612
ergo_adaptive,9.916666666666629,0.1509133295799652,0.1326123951641004
ergo_adaptive,10.0,0.15125469830721153,0.13229197640312682
ergo_adaptive,10.083333333333371,0.1514597729804512,0.1319379979581734
ergo_adaptive,10.166666666666629,0.1516764551631692,0.1316031890884404
ergo_adaptive,10.25,0.1512493343668711,0.1313270151996617
ergo_adaptive,10.333333333333371,0.15164510479679777,0.13110320244583684
ergo_adaptive,10.416666666666629,0.15027922197418522,0.13085121341904016
ergo_adaptive,10.5,0.14937663362998457,0.1305557685561917
ergo_adaptive,10.583333333333371,0.14918984216680686,0.1302992308742649
ergo_adaptive,10.666666666666629,0.14897499883157497,0.13011266839861574
ergo_adaptive,10.75,0.14786091001268695,0.12987775084989234
ergo_adaptive,10.833333333333371,0.1463684716101137,0.12956971374711607
ergo_adaptive,10.916666666666629,0.1461296480202789,0.12925195243881596
ergo_adaptive,11.0,0.145034212058081,0.12899600191973798
ergo_adaptive,11.083333333333371,0.14376899374375743,0.12878514578768613
ergo_adaptive,11.166666666666629,0.1432473548381788,0.12858899908007035
ergo_adaptive,11.25,0.14227085729375497,0.12838315592992733
ergo_adaptive,11.333333333333371,0.14103456662416589,0.12817905915181374
ergo_adaptive,11.416666666666629,0.1399648160542655,0.12803986865534464
ergo_adaptive,11.5,0.1395334449128102,0.12792622493472305
ergo_adaptive,11.583333333333371,0.13849178997003234,0.12774411811395348
ergo_adaptive,11.666666666666629,0.13802293882201083,0.12750753357048975
ergo_adaptive,11.75,0.1377838679960459,0.12728016183037136
ergo_adaptive,11.833333333333371,0.13712174860796295,0.1271199274831754
ergo_adaptive,11.916666666666629,0.13665370163646076,0.1270451175033014
ergo_adaptive,12.0,0.13671731959483696,0.12700622783555482
ergo_adaptive,12.083333333333371,0.1349674498131895,0.12684468791589928
ergo_adaptive,12.166666666666629,0.1346279736785466,0.12661964063858275
ergo_adaptive,12.25,0.13379071671182413,0.1264212263149972
ergo_adaptive,12.333333333333371,0.13342241209962066,0.12626194472165747
ergo_adaptive,12.416666666666629,0.13317299178041722,0.12611834422552715
ergo_adaptive,12.5,0.13308495260680897,0.12596742330596317
ergo_adaptive,12.583333333333371,0.13117697142371623,0.12579905970786887
ergo_adaptive,12.666666666666629,0.12906146274775346,0.12564932631981124
ergo_adaptive,12.75,0.12878459248450658,0.12552654622447865
ergo_adaptive,12.833333333333371,0.1292050932271164,0.1253810608891055
ergo_adaptive,12.916666666666629,0.12811255823711754,0.12519547110607124
ergo_adaptive,13.0,0.12754217969291468,0.12501757869893876
ergo_adaptive,13.083333333333371,0.12785125571862083,0.12487725498611042
ergo_adaptive,13.166666666666629,0.1269079614781961,0.12472578244975198
ergo_adaptive,13.25,0.12512278142475994,0.1245303034747208
ergo_adaptive,13.333333333333371,0.12524219558696223,0.12431985438964364
ergo_adaptive,13.416666666666629,0.1247243352772628,0.12414034537973644
ergo_adaptive,13.5,0.12443573891604663,0.12397167928058819
ergo_adaptive,13.583333333333371,0.12436814590569693,0.12376962680586863
ergo_adaptive,13.666666666666629,0.12240995862236839,0.1235419260254544
ergo_adaptive,13.75,0.12244545941547291,0.12333154994969538
ergo_adaptive,13.833333333333371,0.1226914363589569,0.12313998358390627
ergo_adaptive,13.916666666666629,0.12291291594077096,0.12292591062093884
ergo_adaptive,14.0,0.12355675726920191,0.12269299116015331
ergo_adaptive,14.083333333333371,0.12341924422776544,0.12245999151566214
ergo_adaptive,14.166666666666629,0.12141225405540226,0.12225115979620715
ergo_adaptive,14.25,0.12181026903392557,0.1220499723974863
ergo_adaptive,14.333333333333371,0.12066993670520933,0.12180943800661892
ergo_adaptive,14.416666666666629,0.12053250616990824,0.12155533933146384
ergo_adaptive,14.5,0.12165961130303134,0.12134688450119128
ergo_adaptive,14.583333333333371,0.12152879578269463,0.12117658123536514
ergo_adaptive,14.666666666666629,0.12168643801968448,0.12094512453644146
ergo_adaptive,14.75,0.12213708169342376,0.12064480082476686
ergo_adaptive,14.833333333333371,0.12321135033397322,0.12037246263066864
ergo_adaptive,14.916666666666629,0.12248620957575403,0.12020164705150546
ergo_adaptive,15.0,0.12246324736665128,0.11997004323576876
ergo_adaptive,15.083333333333371,0.12224175471184297,0.11963102699988781
ergo_adaptive,15.166666666666629,0.12275225032471401,0.11928162612370212
ergo_adaptive,15.25,0.12235786030849194,0.11898918223661474
ergo_adaptive,15.333333333333371,0.12301373232975091,0.11871060689818341
ergo_adaptive,15.416666666666629,0.12234694706160255,0.11839095692354581
ergo_adaptive,15.5,0.12329261081292743,0.1180404282946836
ergo_adaptive,15.583333333333371,0.12469378023099945,0.11772027026559095
ergo_adaptive,15.666666666666629,0.12440573782742886,0.11742944068744395
ergo_adaptive,15.75,0.12479378826524419,0.11712257891604427
ergo_adaptive,15.833333333333371,0.1269841498087903,0.11678160914358571
ergo_adaptive,15.916666666666629,0.12677873551831997,0.11645549865057701
ergo_adaptive,16.0,0.12790477662048147,0.1161726549852964
ergo_adaptive,16.08333333333337,0.12801629431710815,0.11589553154851538
ergo_adaptive,16.16666666666663,0.12890971519506356,0.11557764392062686
ergo_adaptive,16.25,0.12968925080953592,0.1152384597565971
ergo_adaptive,16.33333333333337,0.13072732555218922,0.11494796522562718
ergo_adaptive,16.41666666666663,0.1313390415746616,0.11471201049015539
ergo_adaptive,16.5,0.13242998316684002,0.11442741986227184
ergo_adaptive,16.58333333333337,0.13233066079043188,0.11408821116740167
ergo_adaptive,16.66666666666663,0.13257358187671098,0.11378487191887625
ergo_adaptive,16.75,0.13331207094067113,0.11358843028306452
ergo_adaptive,16.83333333333337,0.13311013467729432,0.11335100952571459
ergo_adaptive,16.91666666666663,0.1327041054494054,0.11301757604006384
ergo_adaptive,17.0,0.13305818912959616,0.11269423442592999
ergo_adaptive,17.08333333333337,0.13337192505934264,0.11250221117961166
ergo_adaptive,17.16666666666663,0.13294063970744777,0.11233154699262633
ergo_adaptive,17.25,0.13365954910746564,0.11203641088397603
ergo_adaptive,17.33333333333337,0.1337855245995976,0.11171308797816083
ergo_adaptive,17.41666666666663,0.13362459543953972,0.11148433318991637
ergo_adaptive,17.5,0.13386124424500118,0.11134847385794706
ergo_adaptive,17.58333333333337,0.1336984586867384,0.11113718231047863
ergo_adaptive,17.66666666666663,0.13290603409468188,0.11087063909021604
ergo_adaptive,17.75,0.13268666536835405,0.11065456727484654
ergo_adaptive,17.83333333333337,0.13234143337815443,0.1105415773126837
ergo_adaptive,17.91666666666663,0.13224872758708406,0.11040963111192986
ergo_adaptive,18.0,0.1323167470042344,0.11021358106358076
ergo_adaptive,18.08333333333337,0.1313880259340644,0.11003002406985948
ergo_adaptive,18.16666666666663,0.1307995910670426,0.10993390950158662
ergo_adaptive,18.25,0.13055570596960092,0.10985727324058672
ergo_adaptive,18.33333333333337,0.1300624012455906,0.10973236321615
ergo_adaptive,18.41666666666663,0.1291245305064396,0.10959962418968111
ergo_adaptive,18.5,0.12897977756570558,0.1095179748224915
ergo_adaptive,18.58333333333337,0.129268971720585,0.10946473442515894
ergo_adaptive,18.66666666666663,0.12922893683608005,0.10939775295047813
ergo_adaptive,18.75,0.12725173737172463,0.10932886592875768
ergo_adaptive,18.83333333333337,0.12689662106599123,0.10929108139839172
ergo_adaptive,18.91666666666663,0.12691462610307233,0.10929709676156316
ergo_adaptive,19.0,0.1272801813345687,0.10935431994844529
ergo_adaptive,19.08333333333337,0.1259402219809145,0.10938336258345771
ergo_adaptive,19.16666666666663,0.12528093120584385,0.10933588103409737
ergo_adaptive,19.25,0.1251217508446619,0.10926658862407507
ergo_adaptive,19.33333333333337,0.12569918427548776,0.10921522091582532
ergo_adaptive,19.41666666666663,0.12479706884188939,0.1092035755830492
ergo_adaptive,19.5,0.12498702209948387,0.10921783082529203
ergo_adaptive,19.58333333333337,0.12482359922057781,0.10921113624909383
ergo_adaptive,19.66666666666663,0.12443401992860671,0.10917194473080932
ergo_adaptive,19.75,0.12461092010503903,0.10915621858376125
ergo_adaptive,19.83333333333337,0.12461639807399423,0.10918011206443803
ergo_adaptive,19.91666666666663,0.1242431526819124,0.10917693684766887
ergo_adaptive,20.0,0.1244134871625878,0.10912261566536416
ergo_adaptive,20.08333333333337,0.12295575174154348,0.10906981187239184
ergo_adaptive,20.16666666666663,0.12367972302727699,0.10907158034161832
ergo_adaptive,20.25,0.12391407684187303,0.10907319671270357
ergo_adaptive,20.33333333333337,0.12420167137037583,0.10902612258810979
ergo_adaptive,20.41666666666663,0.12475996839111825,0.10897266365912346
ergo_adaptive,20.5,0.12301268572067668,0.10895310892512816
ergo_adaptive,20.58333333333337,0.12216172980828613,0.10895015741401924
ergo_adaptive,20.66666666666663,0.12197405456010534,0.10893539505671768
ergo_adaptive,20.75,0.12177727135760266,0.10889575563170098
ergo_adaptive,20.83333333333337,0.1214258538678086,0.10887608582940567
ergo_adaptive,20.91666666666663,0.12096383040471934,0.10888741883575544
ergo_adaptive,21.0,0.12076074839217964,0.10889704689234962
ergo_adaptive,21.08333333333337,0.12115755819799309,0.10888623697660024
ergo_adaptive,21.16666666666663,0.12023137751371198,0.10889319766449312
ergo_adaptive,21.25,0.12013315468880698,0.1089347457794124
ergo_adaptive,21.33333333333337,0.11933151137389952,0.10899871526053577
ergo_adaptive,21.41666666666663,0.11978151939120961,0.1090329377591449
ergo_adaptive,21.5,0.11940153737788535,0.1090564427781526
ergo_adaptive,21.58333333333337,0.11885485575727704,0.10910244711995455
ergo_adaptive,21.66666666666663,0.1193427623954086,0.1091793567895038
ergo_adaptive,21.75,0.11925071764359181,0.10920294925859438
ergo_adaptive,21.83333333333337,0.11805247840687924,0.10917916981892192
ergo_adaptive,21.91666666666663,0.11936231474769518,0.10916257504701657
ergo_adaptive,22.0,0.11871010312362054,0.10917925987997502
ergo_adaptive,22.08333333333337,0.1188730402985334,0.10923066808955235
ergo_adaptive,22.16666666666663,0.11748127389612226,0.10928383159738746
ergo_adaptive,22.25,0.11814089679705816,0.10928202268478301
ergo_adaptive,22.33333333333337,0.11794641279396179,0.1092567602180513
ergo_adaptive,22.41666666666663,0.118542137826624,0.10927462148597854
ergo_adaptive,22.5,0.11826699005251835,0.1092944530337514
ergo_adaptive,22.58333333333337,0.11865933202153263,0.10926573193496691
ergo_adaptive,22.66666666666663,0.11859443886512233,0.10920743378184065
ergo_adaptive,22.75,0.11795907026266265,0.10916847915824256
ergo_adaptive,22.83333333333337,0.11690211228456383,0.10915645373033606
ergo_adaptive,22.91666666666663,0.11738729474430405,0.10915728466735843
ergo_adaptive,23.0,0.11751974364481704,0.10912824627615923
ergo_adaptive,23.08333333333337,0.11814511997442384,0.1090853880738053
ergo_adaptive,23.16666666666663,0.11689715042287772,0.10907393050476229
ergo_adaptive,23.25,0.11634474306706713,0.10911660257354154
ergo_adaptive,23.33333333333337,0.11644604881375244,0.10910256141735689
ergo_adaptive,23.41666666666663,0.11532361433115255,0.1090182345601314
ergo_adaptive,23.5,0.11412619123162791,0.10894881215772156
ergo_adaptive,23.58333333333337,0.1153021744907481,0.10895058137567934
ergo_adaptive,23.66666666666663,0.11514680555626156,0.10893301643706568
ergo_adaptive,23.75,0.11483958194097772,0.10882967346407284
ergo_adaptive,23.83333333333337,0.11501931671766746,0.10871222152741618
ergo_adaptive,23.91666666666663,0.11484891046275628,0.1086431363004045
ergo_adaptive,24.0,0.11386434266421987,0.10858765227971531
ergo_adaptive,24.08333333333337,0.11410609490000974,0.10850325408783425
ergo_adaptive,24.16666666666663,0.11330842850611526,0.1083953298800849
ergo_adaptive,24.25,0.11399261754638787,0.10831130022879513
ergo_adaptive,24.33333333333337,0.11462019373704269,0.10824390790647503
ergo_adaptive,24.41666666666663,0.11426817006917506,0.10816787291345166
ergo_adaptive,24.5,0.11443095758048732,0.10807146605760383
ergo_adaptive,24.58333333333337,0.11387169414134479,0.10797974384315079
ergo_adaptive,24.66666666666663,0.11356937487217995,0.10792227772069658
ergo_adaptive,24.75,0.11387437848931062,0.10787922906858827
ergo_adaptive,24.83333333333337,0.11464704947879427,0.10779230818903367
ergo_adaptive,24.91666666666663,0.11410012881206878,0.10766993096823363
ergo_adaptive,25.0,0.11332359382975747,0.10759288250518559
ergo_adaptive,25.08333333333337,0.11370832560009282,0.10759759296980338
ergo_adaptive,25.16666666666663,0.11327063830246419,0.10752742130458601
ergo_adaptive,25.25,0.1149058453078027,0.10736943483285057
ergo_adaptive,25.33333333333337,0.11449465020609077,0.10721636170651594
ergo_adaptive,25.41666666666663,0.11448547826338566,0.107142853203271
ergo_adaptive,25.5,0.1153853543658546,0.1070686390172535
ergo_adaptive,25.58333333333337,0.11525019603866511,0.10691132005810847
ergo_adaptive,25.66666666666663,0.11419477951177417,0.10673481326241495
ergo_adaptive,25.75,0.11384877759981882,0.10659823975859416
ergo_adaptive,25.83333333333337,0.11342197739143181,0.10649280202511476
ergo_adaptive,25.91666666666663,0.11434314374645965,0.10635306233976467
ergo_adaptive,26.0,0.11605697809414386,0.10618582045577482
ergo_adaptive,26.08333333333337,0.11645189798236591,0.10603871071122786
ergo_adaptive,26.16666666666663,0.11561257329671983,0.10592195026495636
ergo_adaptive,26.25,0.1162039401720897,0.10580138283187358
ergo_adaptive,26.33333333333337,0.11629539894915579,0.10565105505294964
ergo_adaptive,26.41666666666663,0.11552728025095592,0.10550589217811375
ergo_adaptive,26.5,0.11667151952008961,0.10539121150454975
ergo_adaptive,26.58333333333337,0.11730398934020715,0.10528207263859117
ergo_adaptive,26.66666666666663,0.11725625572114962,0.10515038727901682
ergo_adaptive,26.75,0.11778699680960131,0.10501012009046144
ergo_adaptive,26.83333333333337,0.11788621779565028,0.10489934287562876
ergo_adaptive,26.91666666666663,0.11751813224062525,0.104811457199607
ergo_adaptive,27.0,0.11757496987214516,0.10470359644949297
ergo_adaptive,27.08333333333337,0.1172199913762939,0.10456586925570459
ergo_adaptive,27.16666666666663,0.11729991949639636,0.1044628845445125
ergo_adaptive,27.25,0.11873525146385462,0.10441164152559802
ergo_adaptive,27.33333333333337,0.11886750849173246,0.10435155611901666
ergo_adaptive,27.41666666666663,0.11890871055525525,0.10423055471052438
ergo_adaptive,27.5,0.11891221356131487,0.10411221753037353
ergo_adaptive,27.58333333333337,0.12017595857615498,0.10408357058162875
ergo_adaptive,27.66666666666663,0.12059861661975248,0.10408694603845675
ergo_adaptive,27.75,0.12065003604778393,0.10398846063346219
ergo_adaptive,27.83333333333337,0.11987976924285783,0.1038453182628283
ergo_adaptive,27.91666666666663,0.1204496456734285,0.10377408996515186
ergo_adaptive,28.0,0.12023706153760293,0.10377513594066375
ergo_adaptive,28.08333333333337,0.1194719333793432,0.1037162562092627
ergo_adaptive,28.16666666666663,0.12015030675902326,0.10359418053664925
ergo_adaptive,28.25,0.1196690051239166,0.10350434197369121
ergo_adaptive,28.33333333333337,0.11894801912923483,0.10346886204152743
ergo_adaptive,28.41666666666663,0.11976035589899202,0.10343820215719535
ergo_adaptive,28.5,0.11924865896982027,0.10337632726726435
ergo_adaptive,28.58333333333337,0.11924193329515445,0.10331898228019412
ergo_adaptive,28.66666666666663,0.11957330662225622,0.10329669499731617
ergo_adaptive,28.75,0.12025886875373133,0.10330976920775445
ergo_adaptive,28.83333333333337,0.11991515645401724,0.10331762400644269
ergo_adaptive,28.91666666666663,0.12034604887904778,0.1033148119028894
ergo_adaptive,29.0,0.12098064383694353,0.10334622274706146
ergo_adaptive,29.08333333333337,0.12074569950303918,0.1034215955006807
ergo_adaptive,29.16666666666663,0.12014209278038776,0.10350126213685454
ergo_adaptive,29.25,0.12122801786802324,0.10353506562513785
ergo_adaptive,29.33333333333337,0.1210957310372597,0.10356898322802166
ergo_adaptive,29.41666666666663,0.12030895192998858,0.10366986715338404
ergo_adaptive,29.5,0.12036987748965709,0.10380438152432774
ergo_adaptive,29.58333333333337,0.12051171303371991,0.10385439423475228
ergo_adaptive,29.66666666666663,0.11974909502671202,0.10386532225089952
ergo_adaptive,29.75,0.1198687069523743,0.10390285143327156
ergo_adaptive,29.83333333333337,0.12017034081420688,0.10399251876921464
ergo_adaptive,29.91666666666663,0.11998195229797673,0.104089142093087
ergo_adaptive,30.0,0.11932732488880136,0.10416679285228575
ergo_adaptive,30.08333333333337,0.11970305799217429,0.10425282979898043
ergo_adaptive,30.16666666666663,0.1202117458050009,0.10436298395237219
ergo_adaptive,30.25,0.11987935918266525,0.10450718233523022
ergo_adaptive,30.33333333333337,0.11994987874249095,0.10466326067504395
ergo_adaptive,30.41666666666663,0.11976787125434935,0.10481451098512119
ergo_adaptive,30.5,0.12017207569626717,0.1049790054497802
ergo_adaptive,30.58333333333337,0.11996932636725287,0.10520040409211912
ergo_adaptive,30.66666666666663,0.11996302555063854,0.1054116433484467
ergo_adaptive,30.75,0.12038992115308014,0.10558999231672468
ergo_adaptive,30.83333333333337,0.11993379175222532,0.10575147400437292
ergo_adaptive,30.91666666666663,0.11972571198289118,0.10593013006445645
ergo_adaptive,31.0,0.11957711715435922,0.10616319411052273
ergo_adaptive,31.08333333333337,0.11940072537952662,0.10644786665062722
ergo_adaptive,31.16666666666663,0.11961863445913262,0.1067213876089331
ergo_adaptive,31.25,0.12020984693531517,0.10696967828604532
ergo_adaptive,31.33333333333337,0.12082064233052549,0.107216395629456
ergo_adaptive,31.41666666666663,0.12111216314905061,0.10753143217317765
ergo_adaptive,31.5,0.12120020783189273,0.10791671628863406
ergo_adaptive,31.58333333333337,0.12170055664913818,0.10833329146377545
ergo_adaptive,31.66666666666663,0.12169407862392924,0.10876103090612915
ergo_adaptive,31.75,0.12236443456200545,0.1091913568443978
ergo_adaptive,31.83333333333337,0.12273426972051114,0.10961951099904015
ergo_adaptive,31.91666666666663,0.1228933101286873,0.11004336382698048
ergo_adaptive,32.0,0.1234224116113569,0.1104604191196937
ergo_adaptive,32.08333333333337,0.1239621845869268,0.11086998702784163
ergo_adaptive,32.16666666666663,0.12428157460593467,0.11127186850752623
ergo_adaptive,32.25,0.12425877561337034,0.11166616864956196
ergo_adaptive,32.33333333333337,0.12449430184227483,0.11205317048431968
ergo_adaptive,32.41666666666663,0.12500120949126342,0.11243326098721795
ergo_adaptive,32.5,0.12613547061178387,0.11280687966068263
ergo_adaptive,32.58333333333337,0.12648202415157916,0.11317465781403432
ergo_adaptive,32.66666666666663,0.1270580209714455,0.11353763555336865
ergo_adaptive,32.75,0.1276262088607413,0.11389537449345107
ergo_adaptive,32.83333333333337,0.12753691528001534,0.11424825050132278
ergo_adaptive,32.91666666666663,0.12776835372290607,0.1145970729196905
ergo_adaptive,33.0,0.1284222987935688,0.11494145456294702
ergo_adaptive,33.08333333333337,0.12869351828693892,0.11528131377254033
ergo_adaptive,33.16666666666663,0.12927270430597795,0.11563589358083193
ergo_adaptive,33.25,0.12926388059445715,0.11592932507400043
ergo_adaptive,33.33333333333337,0.1300857329978711,0.1161560624666148
ergo_adaptive,33.41666666666663,0.13010940220684683,0.11637664986056667
ergo_adaptive,33.5,0.13043098873444878,0.11664995518762084
ergo_adaptive,33.58333333333337,0.13068894496681702,0.11691900699005935
ergo_adaptive,33.66666666666663,0.13132212064154247,0.11714946410097224
ergo_adaptive,33.75,0.1314982245116645,0.11736300891356048
ergo_adaptive,33.83333333333337,0.1319792109674894,0.11760109238341537
ergo_adaptive,33.91666666666663,0.13274704529803114,0.11785359538630202
ergo_adaptive,34.0,0.1333174209204797,0.11805127784926699
ergo_adaptive,34.08333333333337,0.1335591164621551,0.11821378294541403
ergo_adaptive,34.16666666666663,0.13413433706599823,0.11839302597205476
ergo_adaptive,34.25,0.13494268652641134,0.11859326107986011
ergo_adaptive,34.33333333333337,0.13492636907936945,0.11876510208743021
ergo_adaptive,34.41666666666663,0.13587508615860397,0.11889524382850819
ergo_adaptive,34.5,0.1361649960070055,0.11900990284132937
ergo_adaptive,34.58333333333337,0.13681424067651435,0.11913601259955266
ergo_adaptive,34.66666666666663,0.1376666381090359,0.11926865000266249
ergo_adaptive,34.75,0.13800144225742597,0.11937713020291213
ergo_adaptive,34.83333333333337,0.13836165570283593,0.11946298574681362
ergo_adaptive,34.91666666666663,0.13893233006669342,0.11955080659783701
ergo_adaptive,35.0,0.1399651490489476,0.11967691542855334
ergo_adaptive,35.08333333333337,0.1405127222588451,0.11978881033716378
ergo_adaptive,35.16666666666663,0.14106202972207735,0.11983659906490406
ergo_adaptive,35.25,0.14130261340646114,0.11985290904301273
ergo_adaptive,35.33333333333337,0.14228801763533894,0.11988652161374011
ergo_adaptive,35.41666666666663,0.14289268714574307,0.11992745126616089
ergo_adaptive,35.5,0.14302701806296358,0.11992558404279628
ergo_adaptive,35.58333333333337,0.14268851886332126,0.11988636910697213
ergo_adaptive,35.66666666666663,0.1428147875070429,0.11984332136710295
ergo_adaptive,35.75,0.14255518186521987,0.1198286505691518
ergo_adaptive,35.83333333333337,0.14342480705483554,0.11985540680570016
ergo_adaptive,35.91666666666663,0.14382766939394623,0.11984669752594494
ergo_adaptive,36.0,0.14343025907019186,0.11976435102497905
ergo_adaptive,36.08333333333337,0.1443817729836446,0.11965599596310844
ergo_adaptive,36.16666666666663,0.14388609275301129,0.11956157445431718
ergo_adaptive,36.25,0.14351388590573988,0.11945507745715912
ergo_adaptive,36.33333333333337,0.1431555924158757,0.11930839292810476
ergo_adaptive,36.41666666666663,0.14309887787221764,0.11913841275426808
ergo_adaptive,36.5,0.14235325280234945,0.1189715696591255
ergo_adaptive,36.58333333333337,0.1429890465726137,0.11887223023419265
ergo_adaptive,36.66666666666663,0.14220243515766867,0.11883323437923685
ergo_adaptive,36.75,0.14117398207554532,0.11864632188033318
ergo_adaptive,36.83333333333337,0.13976040496924919,0.11833370922123551
ergo_adaptive,36.91666666666663,0.1395846815109889,0.1179807248645579
ergo_adaptive,37.0,0.13806613137331514,0.11765740278813794
ergo_adaptive,37.08333333333337,0.13991481647171156,0.1173808039961486
ergo_adaptive,37.16666666666663,0.13940036961485708,0.11714283100776489
ergo_adaptive,37.25,0.1385934385110913,0.11686647380268342
ergo_adaptive,37.33333333333337,0.13682424928775183,0.11652431920094647
ergo_adaptive,37.41666666666663,0.13580370777091114,0.11617854204863276
ergo_adaptive,37.5,0.1344605737285938,0.1158618225568737
ergo_adaptive,37.58333333333337,0.13318925565389317,0.11560503065380064
ergo_adaptive,37.66666666666663,0.13331694313678974,0.11543748000138405
ergo_adaptive,37.75,0.132045101365874,0.11526312735341564
ergo_adaptive,37.83333333333337,0.13137386111707736,0.11500304507592662
ergo_adaptive,37.91666666666663,0.13012957436248437,0.11470424808786417
ergo_adaptive,38.0,0.12902417163505298,0.11444522743140628
ergo_adaptive,38.08333333333337,0.12789886503141398,0.11425466149438938
ergo_adaptive,38.16666666666663,0.12757183693677185,0.11410086022206291
ergo_adaptive,38.25,0.1259188157278724,0.11391284759448697
ergo_adaptive,38.33333333333337,0.1255337304260965,0.11368749316044333
ergo_adaptive,38.41666666666663,0.12569447861253769,0.11350748850840023
ergo_adaptive,38.5,0.1257803326728872,0.11342525882157418
ergo_adaptive,38.58333333333337,0.12445000413764734,0.11326428057676964
ergo_adaptive,38.66666666666663,0.12411817486984965,0.11301396362666155
ergo_adaptive,38.75,0.12344128111941602,0.112790618785729
ergo_adaptive,38.83333333333337,0.12193332509706062,0.11263835534291192
ergo_adaptive,38.91666666666663,0.12157761349656167,0.11250012033362068
ergo_adaptive,39.0,0.11901120557331975,0.11231049885404112
ergo_adaptive,39.08333333333337,0.12036974295534503,0.11211531395199131
ergo_adaptive,39.16666666666663,0.12141253115661192,0.1119577078593205
ergo_adaptive,39.25,0.12178803463490777,0.11182669507563703
ergo_adaptive,39.33333333333337,0.12208893327087132,0.11167261633090357
ergo_adaptive,39.41666666666663,0.12024637400295367,0.1114919052142425
ergo_adaptive,39.5,0.1203849753876167,0.11133346448345913
ergo_adaptive,39.58333333333337,0.11910381568771768,0.11119912066001982
ergo_adaptive,39.66666666666663,0.11960213244145708,0.11106240816350677
ergo_adaptive,39.75,0.11949507625117677,0.11089141382302539
ergo_adaptive,39.83333333333337,0.119542523616791,0.11072601914349443
ergo_adaptive,39.91666666666663,0.11974216948528234,0.11059878369669027
ergo_adaptive,40.0,0.11996215823001262,0.11048484505523502
ergo_adaptive,40.08333333333337,0.1189143814308814,0.11033863589837332
ergo_adaptive,40.16666666666663,0.11751482767980184,0.11016088920128832
ergo_adaptive,40.25,0.1171796916093904,0.11003881130831819
ergo_adaptive,40.33333333333337,0.1174885977232913,0.10997477355745204
ergo_adaptive,40.41666666666663,0.11906071712571449,0.10985772279623687
ergo_adaptive,40.5,0.11867943385379173,0.10965969367406168
ergo_adaptive,40.58333333333337,0.11808401412007273,0.10948895817144637
ergo_adaptive,40.66666666666663,0.1179172760722358,0.10941793960992029
ergo_adaptive,40.75,0.11840042209944418,0.10931787957753808
ergo_adaptive,40.83333333333337,0.11831341967209082,0.10911295720033676
ergo_adaptive,40.91666666666663,0.11756409520243215,0.10888383160613456
ergo_adaptive,41.0,0.11909868743592739,0.10870493425905721
ergo_adaptive,41.08333333333337,0.11810010308117687,0.10855233806346208
ergo_adaptive,41.16666666666663,0.11809490816206039,0.10838262791640409
ergo_adaptive,41.25,0.11857551729439031,0.10818369592689575
ergo_adaptive,41.33333333333337,0.1185088888407139,0.107996154704599
ergo_adaptive,41.41666666666663,0.11840552224651958,0.10785186491503539
ergo_adaptive,41.5,0.11898618267950352,0.10773732377921015
ergo_adaptive,41.58333333333337,0.11926786451805917,0.10757302616887011
ergo_adaptive,41.66666666666663,0.11891520812624543,0.10736359531216967
ergo_adaptive,41.75,0.11983385097778952,0.10719046133527381
ergo_adaptive,41.83333333333337,0.12001219681248515,0.10706754494401187
ergo_adaptive,41.91666666666663,0.11953724297838453,0.10688147778494834
ergo_adaptive,42.0,0.11771950836011244,0.1066275797852009
ergo_adaptive,42.08333333333337,0.11838794269057512,0.10637803750075922
ergo_adaptive,42.16666666666663,0.1184569301178795,0.10618674809468985
ergo_adaptive,42.25,0.11885445862327997,0.10609541324866661
ergo_adaptive,42.33333333333337,0.11812846246906362,0.10608672195436544
ergo_adaptive,42.41666666666663,0.1178848147966282,0.10601905550693572
ergo_adaptive,42.5,0.11830068845379853,0.10590184866342765
ergo_adaptive,42.58333333333337,0.11781109095816684,0.1058055732061912
ergo_adaptive,42.66666666666663,0.11882597391196514,0.10575900715863801
ergo_adaptive,42.75,0.11815927261054548,0.10578389709141509
ergo_adaptive,42.83333333333337,0.11866871072475464,0.10588514143943624
ergo_adaptive,42.91666666666663,0.11829460571206704,0.1059011121661747
ergo_adaptive,43.0,0.11833300207087342,0.10583495194156448
ergo_adaptive,43.08333333333337,0.11841315048490968,0.10577723752010791
ergo_adaptive,43.16666666666663,0.11809988967905322,0.10575829132996917
ergo_adaptive,43.25,0.11830011300546583,0.10574520012657208
ergo_adaptive,43.33333333333337,0.11773275851421633,0.10570607607254832
ergo_adaptive,43.41666666666663,0.11731211855197324,0.10565638504809
ergo_adaptive,43.5,0.1169278980958145,0.10563277296204629
ergo_adaptive,43.58333333333337,0.11775154419317563,0.10563289142966299
ergo_adaptive,43.66666666666663,0.11765862901484044,0.1056209655463418
ergo_adaptive,43.75,0.11732399420651902,0.10558133643073944
ergo_adaptive,43.83333333333337,0.11704494079058254,0.10555298475673867
ergo_adaptive,43.91666666666663,0.11753905197753385,0.1055556164824519
ergo_adaptive,44.0,0.11758143672265589,0.1055606522555902
ergo_adaptive,44.08333333333337,0.11668954232527394,0.10553402041044538
ergo_adaptive,44.16666666666663,0.11631892131406957,0.10551064059428092
ergo_adaptive,44.25,0.11701901075619166,0.10552457912398146
ergo_adaptive,44.33333333333337,0.1169620837713864,0.10555998481285701
ergo_adaptive,44.41666666666663,0.11686278037293188,0.10555961709418665
ergo_adaptive,44.5,0.11695517179187562,0.10554726454301867
ergo_adaptive,44.58333333333337,0.11825369733305978,0.10556416870617286
ergo_adaptive,44.66666666666663,0.1177779195694415,0.10562659391823728
ergo_adaptive,44.75,0.11811028533532324,0.10566381070203591
ergo_adaptive,44.83333333333337,0.11726723525016486,0.10566884856279259
ergo_adaptive,44.91666666666663,0.11720498899186753,0.10569299489537498
ergo_adaptive,45.0,0.11647256153434987,0.105790652583891
ergo_adaptive,45.08333333333337,0.11659999864454092,0.10589686549139928
ergo_adaptive,45.16666666666663,0.11597409457087024,0.10595165323020453
ergo_adaptive,45.25,0.11525818084716563,0.10600636090421292
ergo_adaptive,45.33333333333337,0.11447225838530832,0.1061223959749897
ergo_adaptive,45.41666666666663,0.11405433634765631,0.10628912686195624
ergo_adaptive,45.5,0.11483785958361098,0.10641570119236647
ergo_adaptive,45.58333333333337,0.11440354669602093,0.10650871145728315
ergo_adaptive,45.66666666666663,0.11449954185477725,0.10663418516381896
ergo_adaptive,45.75,0.11416659455670909,0.10679823567589346
ergo_adaptive,45.83333333333337,0.11398990454081265,0.10696645694451198
ergo_adaptive,45.91666666666663,0.11351338217776889,0.10713770795424868
ergo_adaptive,46.0,0.11390193820141772,0.10744769472837168
ergo_adaptive,46.08333333333337,0.11388494623219086,0.10787828672929674
ergo_adaptive,46.16666666666663,0.1144819877618679,0.1083344085817101
ergo_adaptive,46.25,0.11509027142698379,0.10877501113920661
ergo_adaptive,46.33333333333337,0.1153172915813533,0.10918493649877102
ergo_adaptive,46.41666666666663,0.11551717199679089,0.10957790355931826
ergo_adaptive,46.5,0.11551873884153027,0.10997034815312
ergo_adaptive,46.58333333333337,0.11513799907641178,0.11034451543612506
ergo_adaptive,46.66666666666663,0.11544745623504205,0.11068120649146092
ergo_adaptive,46.75,0.11508461269893366,0.11099662737978505
ergo_adaptive,46.83333333333337,0.11574627844405726,0.11132123062455132
ergo_adaptive,46.91666666666663,0.11645728043082172,0.11163897108137279
ergo_adaptive,47.0,0.11595367160907158,0.11190955563494585
ergo_adaptive,47.08333333333337,0.11708960335534635,0.11214599421183956
ergo_adaptive,47.16666666666663,0.11683605786982437,0.11237807192064962
ergo_adaptive,47.25,0.1171076150828891,0.1126049898028845
ergo_adaptive,47.33333333333337,0.11719438232801468,0.11279618280811964
ergo_adaptive,47.41666666666663,0.11734071348965455,0.11294077101604919
ergo_adaptive,47.5,0.11733523726499565,0.11306771249939315
ergo_adaptive,47.58333333333337,0.11742543022657623,0.11318717664935993
ergo_adaptive,47.66666666666663,0.11834849112390818,0.11328536949910929
ergo_adaptive,47.75,0.1175701635499258,0.11335008528572986
ergo_adaptive,47.83333333333337,0.11742849316975922,0.11339133933656005
ergo_adaptive,47.91666666666663,0.11794555846511422,0.1134342265611567
ergo_adaptive,48.0,0.11912573735858872,0.1134883755527158
ergo_adaptive,48.08333333333337,0.1191241483886557,0.11351744366915983
ergo_adaptive,48.16666666666663,0.11847989496534943,0.11349919200722339
ergo_adaptive,48.25,0.11872585130471865,0.11346964762109597
ergo_adaptive,48.33333333333337,0.1199785655715451,0.1134780267717175
ergo_adaptive,48.41666666666663,0.12150616071832271,0.11347548722485129
ergo_adaptive,48.5,0.12138134101334708,0.11342220055966802
ergo_adaptive,48.58333333333337,0.12195237737268316,0.11335006798677781
ergo_adaptive,48.66666666666663,0.1211674211246693,0.11328880996672436
ergo_adaptive,48.75,0.12039135617459287,0.11325403451472264
ergo_adaptive,48.83333333333337,0.12184021576817357,0.11323375627780398
ergo_adaptive,48.91666666666663,0.1224466114101417,0.11320562318043151
ergo_adaptive,49.0,0.12207851765105013,0.11316992560710604
ergo_adaptive,49.08333333333337,0.12189715899114498,0.11316454746685593
ergo_adaptive,49.16666666666663,0.1218776458789032,0.11320674896307324
ergo_adaptive,49.25,0.12095690985617767,0.11319923277609333
ergo_adaptive,49.33333333333337,0.12183579455856106,0.11314844195483004
ergo_adaptive,49.41666666666663,0.12191271753376832,0.11309592854680499
ergo_adaptive,49.5,0.12223175959244385,0.11305982459399158
ergo_adaptive,49.58333333333337,0.12092860412882822,0.11302173794369597
ergo_adaptive,49.66666666666663,0.12045306281122174,0.11296880869116623
ergo_adaptive,49.75,0.1200586799925288,0.11290548014186502
ergo_adaptive,49.83333333333337,0.1208478917099996,0.11286631610408886
ergo_adaptive,49.91666666666663,0.12060072864133078,0.11288443419859916
ergo_adaptive,50.0,0.12058898764899363,0.11290808216438915
ergo_adaptive,50.08333333333337,0.11965487733689444,0.11287957532156001
ergo_adaptive,50.16666666666663,0.11979337372449828,0.11281847615381393
ergo_adaptive,50.25,0.11865071114788464,0.11277816530923089
ergo_adaptive,50.33333333333337,0.11766481783060406,0.11275378791082714
ergo_adaptive,50.41666666666663,0.11712275005474294,0.1127096623480519
ergo_adaptive,50.5,0.11580749293013995,0.11264837851320969
ergo_adaptive,50.58333333333337,0.11601589054102025,0.11259559479806172
ergo_adaptive,50.66666666666663,0.11663133317944152,0.1125844826941001
ergo_adaptive,50.75,0.11636596625635734,0.1126141822633624
ergo_adaptive,50.83333333333337,0.11646093669637071,0.11261011818064523
ergo_adaptive,50.91666666666663,0.11636104161764436,0.11253883061215456
ergo_adaptive,51.0,0.11560802000045518,0.1124670200155053
ergo_adaptive,51.08333333333337,0.116475782296164,0.11242772765834816
ergo_adaptive,51.16666666666663,0.1148899764193012,0.11236998390923277
ergo_adaptive,51.25,0.11457515334738776,0.11227230430992896
ergo_adaptive,51.33333333333337,0.11456416999744326,0.11216243511083814
ergo_adaptive,51.41666666666663,0.11385627493846082,0.11207213480184702
ergo_adaptive,51.5,0.11317317194811224,0.11201051274086005
ergo_adaptive,51.58333333333337,0.11328550219319544,0.11195925739209132
ergo_adaptive,51.66666666666663,0.11165984230820351,0.1118652543899272
ergo_adaptive,51.75,0.11216259341605331,0.11175834849301022
ergo_adaptive,51.83333333333337,0.11294568509236318,0.11171409321153117
ergo_adaptive,51.91666666666663,0.11333126399689396,0.11170564405386992
ergo_adaptive,52.0,0.11360143098460745,0.11159526436375286
ergo_adaptive,52.08333333333337,0.1122240210809615,0.111414120145932
ergo_adaptive,52.16666666666663,0.11158781956362193,0.1112463794110352
ergo_adaptive,52.25,0.11124381386103653,0.11112166342813874
ergo_adaptive,52.33333333333337,0.11221289184349649,0.11099924362956264
ergo_adaptive,52.41666666666663,0.11391472254994198,0.11086184561413591
ergo_adaptive,52.5,0.11443866424071115,0.11071767426497495
ergo_adaptive,52.58333333333337,0.11376718939425413,0.11059634527527695
ergo_adaptive,52.66666666666663,0.11390168956406783,0.11050865377276181
ergo_adaptive,52.75,0.11273414516689614,0.11040273445949597
ergo_adaptive,52.83333333333337,0.11284136373791163,0.11027289725332749
ergo_adaptive,52.91666666666663,0.11301097923099707,0.11014911368569177
ergo_adaptive,53.0,0.11318650108298567,0.11011155079990195
ergo_adaptive,53.08333333333337,0.11422845883304551,0.11005141079311047
ergo_adaptive,53.16666666666663,0.11477406500039115,0.10987508954896588
ergo_adaptive,53.25,0.11495825689200298,0.1096699938749791
ergo_adaptive,53.33333333333337,0.11550472239985107,0.10951172002812935
ergo_adaptive,53.41666666666663,0.11596070545404376,0.10938702613534862
ergo_adaptive,53.5,0.11590918311813357,0.10925733502506539
ergo_adaptive,53.58333333333337,0.11740528472072571,0.10911110481493959
ergo_adaptive,53.66666666666663,0.11856736481857186,0.10897494617235216
ergo_adaptive,53.75,0.11863417773015403,0.10888953872110256
ergo_adaptive,53.83333333333337,0.11890620261890858,0.1088653672614193
ergo_adaptive,53.91666666666663,0.11900433324011585,0.1088205735100438
ergo_adaptive,54.0,0.11987627592698086,0.10874198586886939
ergo_adaptive,54.08333333333337,0.12025635255985363,0.10868997263921579
ergo_adaptive,54.16666666666663,0.1205684657235083,0.10869004910786273
ergo_adaptive,54.25,0.12034223818174937,0.10867787552421815
ergo_adaptive,54.33333333333337,0.12054095031104654,0.10862959705932433
ergo_adaptive,54.41666666666663,0.12136097761455142,0.10858001176854541
ergo_adaptive,54.5,0.12290162299856833,0.10856467196133977
ergo_adaptive,54.58333333333337,0.12375467457423772,0.1086090085766011
ergo_adaptive,54.66666666666663,0.12380091604443016,0.10868405406523816
ergo_adaptive,54.75,0.12426894026495669,0.1086929624501321
ergo_adaptive,54.83333333333337,0.12384088498343201,0.10864993180008083
ergo_adaptive,54.91666666666663,0.12415615224802869,0.10862587842638215
ergo_adaptive,55.0,0.12464937742719807,0.10863181030321713
ergo_adaptive,55.08333333333337,0.12435902654232388,0.10862062757858439
ergo_adaptive,55.16666666666663,0.1243508828436301,0.10857180270478056
ergo_adaptive,55.25,0.12455604314123363,0.10851994775573931
ergo_adaptive,55.33333333333337,0.12462589200980978,0.10849705948184725
ergo_adaptive,55.41666666666663,0.12483274310462714,0.10849026360089263
ergo_adaptive,55.5,0.12477062576985255,0.10846896377179734
ergo_adaptive,55.58333333333337,0.12468628084949547,0.10843608461329665
ergo_adaptive,55.66666666666663,0.125047886582795,0.10842914830145985
ergo_adaptive,55.75,0.12434008815867627,0.10846138341890993
ergo_adaptive,55.83333333333337,0.12391706577040716,0.10849340367697549
ergo_adaptive,55.91666666666663,0.12434849504028465,0.10849163853244304
ergo_adaptive,56.0,0.12385392208599941,0.1084895972083085
ergo_adaptive,56.08333333333337,0.12340819719527557,0.10858901115024121
ergo_adaptive,56.16666666666663,0.12390481474185924,0.10883614688224616
ergo_adaptive,56.25,0.12371330648678129,0.10915760564738498
ergo_adaptive,56.33333333333337,0.12402398643678322,0.1095557361134116
ergo_adaptive,56.41666666666663,0.12471698271955275,0.10995501885907946
ergo_adaptive,56.5,0.12518752124568558,0.11033790805737659
ergo_adaptive,56.58333333333337,0.12570694391291243,0.11071496536783193
ergo_adaptive,56.66666666666663,0.12556823361953634,0.11108743470440624
ergo_adaptive,56.75,0.1258662852437455,0.11141549398893207
ergo_adaptive,56.83333333333337,0.12621158085066053,0.11169070313368909
ergo_adaptive,56.91666666666663,0.12731896128198394,0.1119374599925301
ergo_adaptive,57.0,0.12674577895939584,0.11218590467543466
ergo_adaptive,57.08333333333337,0.1274928905378527,0.11242100871073556
ergo_adaptive,57.16666666666663,0.12806528518987823,0.11262146028015127
ergo_adaptive,57.25,0.1283816971901877,0.1127985836837311
ergo_adaptive,57.33333333333337,0.12922502759114862,0.11297518965280082
ergo_adaptive,57.41666666666663,0.12955611284418023,0.11315296872937515
ergo_adaptive,57.5,0.12969963312392088,0.1133141468982974
ergo_adaptive,57.58333333333337,0.13030369794208455,0.1134561246876389
ergo_adaptive,57.66666666666663,0.13038723925564208,0.11359446055391706
ergo_adaptive,57.75,0.13022340000867152,0.11373880137738215
ergo_adaptive,57.83333333333337,0.13008188164996165,0.11388667691833061
ergo_adaptive,57.91666666666663,0.13131753825417775,0.11413971961088566
ergo_adaptive,58.0,0.1316080799080615,0.11443554182922044
ergo_adaptive,58.08333333333337,0.13212223615942825,0.11475993576178051
ergo_adaptive,58.16666666666663,0.13243602002563676,0.11510252851116175
ergo_adaptive,58.25,0.1325968830236332,0.11544289930020434
ergo_adaptive,58.33333333333337,0.13300965269006207,0.11575737944432692
ergo_adaptive,58.41666666666663,0.13314342326153172,0.116038608580425
ergo_adaptive,58.5,0.13344193457736336,0.1162966211513123
ergo_adaptive,58.58333333333337,0.13384254506218704,0.11654167108869086
ergo_adaptive,58.66666666666663,0.13455320278989058,0.11677095698729971
ergo_adaptive,58.75,0.1346576717380988,0.11697929471167832
ergo_adaptive,58.83333333333337,0.13489165165668732,0.11718105927158706
ergo_adaptive,58.91666666666663,0.1345721651405735,0.11739485950394847
ergo_adaptive,59.0,0.1345388347705509,0.11761212237645334
ergo_adaptive,59.08333333333337,0.13559032081521225,0.1178199083411738
ergo_adaptive,59.16666666666663,0.1360402163891494,0.11801788159754874
ergo_adaptive,59.25,0.1365876706332464,0.11822067480703605
ergo_adaptive,59.33333333333337,0.13578935434357267,0.11841314575884088
ergo_adaptive,59.41666666666663,0.13613533010088336,0.11857035323791898
ergo_adaptive,59.5,0.1370874612491896,0.11869051710530276
ergo_adaptive,59.58333333333337,0.13689365258430156,0.11879328755672118
ergo_adaptive,59.66666666666663,0.13617991210539007,0.11885370045330798
ergo_adaptive,59.75,0.13603659561379328,0.11879025926726211
ergo_adaptive,59.83333333333337,0.13505733683801247,0.11865203444995019
ergo_adaptive,59.91666666666663,0.13479753892560042,0.11858223011396145
ergo_adaptive,60.0,0.13402098580224414,0.11859478382589592
ergo_adaptive,60.08333333333337,0.13371631005835447,0.11873907982092549
ergo_adaptive,60.16666666666663,0.13434938474580627,0.11904466522019636
ergo_adaptive,60.25,0.13490045859136995,0.11938258498817277
ergo_adaptive,60.33333333333337,0.13562032518391692,0.11970441315634475
ergo_adaptive,60.41666666666663,0.1360968441575957,0.12000817724951787
ergo_adaptive,60.5,0.13588490416389545,0.12030473784778412
ergo_adaptive,60.58333333333337,0.1360018740232389,0.1205766474647796
ergo_adaptive,60.66666666666663,0.1366310318710167,0.12081744282608321
ergo_adaptive,60.75,0.1371295245250175,0.12104253626210201
ergo_adaptive,60.83333333333337,0.1372413263914895,0.1212751264485337
ergo_adaptive,60.91666666666663,0.1380087102749839,0.12149666267128044
ergo_adaptive,61.0,0.13813129025565304,0.12168652757233063
ergo_adaptive,61.08333333333337,0.1385531777823348,0.12185983723289034
ergo_adaptive,61.16666666666663,0.13899415556772116,0.12204103256456546
ergo_adaptive,61.25,0.13994233747389254,0.1222235748688465
ergo_adaptive,61.33333333333337,0.13991739907741935,0.12238651457692114
ergo_adaptive,61.41666666666663,0.13979288397075787,0.12253178137016145
ergo_adaptive,61.5,0.13951466413658453,0.12267539681598476
ergo_adaptive,61.58333333333337,0.14011754671416823,0.12282353149058742
ergo_adaptive,61.66666666666663,0.13986416025470366,0.12296567236505457
ergo_adaptive,61.75,0.14025654962326808,0.12309093930182836
ergo_adaptive,61.83333333333337,0.14062554728073526,0.12319857502707508
ergo_adaptive,61.91666666666663,0.14019276053196,0.12328957873134005
ergo_adaptive,62.0,0.14083931371826897,0.1233564124874144
ergo_adaptive,62.08333333333337,0.14100682077498064,0.12338253381648534
ergo_adaptive,62.16666666666663,0.14070997833725252,0.12338834534095272
ergo_adaptive,62.25,0.1409019264578202,0.12342567417849334
ergo_adaptive,62.33333333333337,0.1402974663137597,0.12350807565730189
ergo_adaptive,62.41666666666663,0.14030427888768163,0.12354992142874392
ergo_adaptive,62.5,0.14086297658366914,0.12354159252425526
ergo_adaptive,62.58333333333337,0.14098404891863783,0.12355157532886911
ergo_adaptive,62.66666666666663,0.14109485465424032,0.12363985052711958
ergo_adaptive,62.75,0.14075298129343622,0.1236911748335532
ergo_adaptive,62.83333333333337,0.14065821272918386,0.12366725686596167
ergo_adaptive,62.91666666666663,0.13980595408309682,0.12363497723219351
ergo_adaptive,63.0,0.13910752719294797,0.12366414326722674
ergo_adaptive,63.08333333333337,0.1392393203627815,0.1237230988579824
ergo_adaptive,63.16666666666663,0.1390218186019018,0.12373388477787135
ergo_adaptive,63.25,0.1400156478589152,0.12371985906375381
ergo_adaptive,63.33333333333337,0.14020284198890645,0.1237471732950595
ergo_adaptive,63.41666666666663,0.13987726087694785,0.12379693650475422
ergo_adaptive,63.5,0.13923022526509263,0.1238278872617816
ergo_adaptive,63.58333333333337,0.1387726562241749,0.1238470702639104
ergo_adaptive,63.66666666666663,0.1373975683022452,0.123895092784722
ergo_adaptive,63.75,0.1373896333107156,0.12399018044858474
ergo_adaptive,63.83333333333337,0.13722244767880498,0.12409267930186711
ergo_adaptive,63.91666666666663,0.13723347964233681,0.12418060718877193
ergo_adaptive,64.0,0.13699333514852477,0.12425889028996381
ergo_adaptive,64.08333333333337,0.1367699181431005,0.12438388197485258
ergo_adaptive,64.16666666666663,0.13658276965636917,0.12462838823078527
ergo_adaptive,64.25,0.13702354015066567,0.12496534387136073
ergo_adaptive,64.33333333333337,0.13694376229748131,0.12532082455932372
ergo_adaptive,64.41666666666663,0.1377554723423234,0.12567028952649467
ergo_adaptive,64.5,0.13846616068732445,0.12600320849835592
ergo_adaptive,64.58333333333337,0.13803052310660546,0.12629714529144864
ergo_adaptive,64.66666666666663,0.1381044726248645,0.12654018147100038
ergo_adaptive,64.75,0.13856631730703792,0.1267483435171792
ergo_adaptive,64.83333333333337,0.13920070828041498,0.12695124272721
ergo_adaptive,64.91666666666663,0.13922735098297212,0.12713075946055818
ergo_adaptive,65.0,0.13917206272290175,0.12726127555339595
ergo_adaptive,65.08333333333337,0.13954755260587662,0.1273576033133287
ergo_adaptive,65.16666666666663,0.14002342925639924,0.1274629718760578
ergo_adaptive,65.25,0.14028157229713234,0.12757933378923655
ergo_adaptive,65.33333333333337,0.14113083885385488,0.12764583645135527
ergo_adaptive,65.41666666666663,0.1422838195883469,0.12767132819031035
ergo_adaptive,65.5,0.14177056957567485,0.12770450259096505
ergo_adaptive,65.58333333333337,0.14225518377329072,0.12777069254983764
ergo_adaptive,65.66666666666663,0.14265481782154646,0.12779448648091118
ergo_adaptive,65.75,0.14213894879398337,0.12776413668484732
ergo_adaptive,65.83333333333337,0.1418526338134064,0.12772413194168897
ergo_adaptive,65.91666666666663,0.14207287756614612,0.127733702170854
ergo_adaptive,66.0,0.14250448963992432,0.1277234363107244
ergo_adaptive,66.08333333333337,0.1422979452034846,0.12764699262237222
ergo_adaptive,66.16666666666663,0.1422025908133744,0.12754390463169787
ergo_adaptive,66.25,0.14189437759445767,0.12748839372838747
ergo_adaptive,66.33333333333337,0.14197552886870818,0.12748754814720223
ergo_adaptive,66.41666666666663,0.14286382683364282,0.12746646754242105
ergo_adaptive,66.5,0.14269673889060627,0.1274327347554719
ergo_adaptive,66.58333333333337,0.14412366945547395,0.12743821803642053
ergo_adaptive,66.66666666666663,0.14366715176040964,0.12751339617818683
ergo_adaptive,66.75,0.14361584400671423,0.12754416997785958
ergo_adaptive,66.83333333333337,0.14260613455542007,0.1275305531564744
ergo_adaptive,66.91666666666663,0.14260381989443363,0.1275297028301702
ergo_adaptive,67.0,0.1431182080927133,0.12759314121126175
ergo_adaptive,67.08333333333337,0.14155000680721141,0.12764253811091802
ergo_adaptive,67.16666666666663,0.14133665752463948,0.127633409638647
ergo_adaptive,67.25,0.1415313058416167,0.12760799872323508
ergo_adaptive,67.33333333333337,0.14191692075333032,0.12761326925951777
ergo_adaptive,67.41666666666663,0.14225277111431522,0.12762361483302717
ergo_adaptive,67.5,0.14209911484208454,0.12759048787307609
ergo_adaptive,67.58333333333337,0.14151125557473215,0.12752475303709687
ergo_adaptive,67.66666666666663,0.14231184325659177,0.12745631205928087
ergo_adaptive,67.75,0.14245661149984712,0.1273993451186772
ergo_adaptive,67.83333333333337,0.14130198142534886,0.1273281708636603
ergo_adaptive,67.91666666666663,0.14033472186852328,0.12721849220351067
ergo_adaptive,68.0,0.14086451294141042,0.12709201061148095
ergo_adaptive,68.08333333333337,0.14065042907284256,0.12700205974485132
ergo_adaptive,68.16666666666663,0.1404839959484565,0.12691770281644685
ergo_adaptive,68.25,0.14078334983038526,0.1267680874166059
ergo_adaptive,68.33333333333337,0.14015458889913937,0.12658092958981376
ergo_adaptive,68.41666666666663,0.14017168017638296,0.1264504786881545
ergo_adaptive,68.5,0.13980074320026872,0.12637581000933631
ergo_adaptive,68.58333333333337,0.13934046937792866,0.1262216748037478
ergo_adaptive,68.66666666666663,0.13952413439097258,0.125999387863149
ergo_adaptive,68.75,0.1398425715582782,0.125825444578496
ergo_adaptive,68.83333333333337,0.140076984818598,0.1257583111920657
ergo_adaptive,68.91666666666663,0.13877754329333106,0.12564093375299024
ergo_adaptive,69.0,0.13878905935071434,0.12543186226962164
ergo_adaptive,69.08333333333337,0.13837726159279937,0.12524190480073233
ergo_adaptive,69.16666666666663,0.13749148468816325,0.12516572917117433
ergo_adaptive,69.25,0.138165615924934,0.12510711307735492
ergo_adaptive,69.33333333333337,0.13962536818437693,0.1249500643354871
ergo_adaptive,69.41666666666663,0.1400877090176998,0.12476922240658034
ergo_adaptive,69.5,0.13933035523808293,0.12468040943933222
ergo_adaptive,69.58333333333337,0.1393804295147577,0.12467195734235563
ergo_adaptive,69.66666666666663,0.1393554044003578,0.12459890457594802
ergo_adaptive,69.75,0.13937198843293336,0.12448297918354924
ergo_adaptive,69.83333333333337,0.13967332060808998,0.12440605713597266
ergo_adaptive,69.91666666666663,0.13982976649894927,0.12437886599714826
ergo_adaptive,70.0,0.14052103225852075,0.12434992884248988
ergo_adaptive,70.08333333333337,0.1401747345284437,0.12431336987980847
ergo_adaptive,70.16666666666663,0.14048593890666666,0.12428693793536648
ergo_adaptive,70.25,0.14114058973022064,0.12425803909873159
ergo_adaptive,70.33333333333337,0.14238830536407873,0.12421179472732097
ergo_adaptive,70.41666666666663,0.14276351619737013,0.12414210943561108
ergo_adaptive,70.5,0.1434544058290597,0.12407128508856376
ergo_adaptive,70.58333333333337,0.14329703424584847,0.1240190421541687
ergo_adaptive,70.66666666666663,0.14404207893651108,0.12396330745549752
ergo_adaptive,70.75,0.14486719450861274,0.12387278640617982
ergo_adaptive,70.83333333333337,0.14426475346119164,0.123761762805838
ergo_adaptive,70.91666666666663,0.1446861627330804,0.12366622203025532
ergo_adaptive,71.0,0.14449594294201965,0.12357770235804479
ergo_adaptive,71.08333333333337,0.144986303272103,0.1234696545475969
ergo_adaptive,71.16666666666663,0.14427702233317663,0.12334189447577167
ergo_adaptive,71.25,0.1450776798912748,0.1232229723273774
ergo_adaptive,71.33333333333337,0.1452424166062791,0.12312815062029729
ergo_adaptive,71.41666666666663,0.14560485907394044,0.12302963627110489
ergo_adaptive,71.5,0.1462500069162103,0.12289973770097076
ergo_adaptive,71.58333333333337,0.14606670881825648,0.12276325466076475
ergo_adaptive,71.66666666666663,0.14609483357782793,0.12268783230387205
ergo_adaptive,71.75,0.14627652306939518,0.12264661511785321
ergo_adaptive,71.83333333333337,0.14589530300587994,0.12249895685239884
ergo_adaptive,71.91666666666663,0.14538501509897414,0.12229038775301013
ergo_adaptive,72.0,0.14581940801972407,0.12211025965193249
ergo_adaptive,72.08333333333337,0.14606661196427667,0.12196732636091438
ergo_adaptive,72.16666666666663,0.14476099925574026,0.12180067872784314
ergo_adaptive,72.25,0.145436103604915,0.12159130025687931
ergo_adaptive,72.33333333333337,0.14560712933314396,0.12137935195560913
ergo_adaptive,72.41666666666663,0.14450977981833735,0.12120274342550849
ergo_adaptive,72.5,0.14470974430972283,0.12106362342310242
ergo_adaptive,72.58333333333337,0.14360000728262154,0.12091814895897313
ergo_adaptive,72.66666666666663,0.1428010902336677,0.1207338962782197
ergo_adaptive,72.75,0.14165079489080107,0.12056818257434561
ergo_adaptive,72.83333333333337,0.14256026938562227,0.12051376045439474
ergo_adaptive,72.91666666666663,0.14234760433603777,0.12040485760745015
ergo_adaptive,73.0,0.14165765817279488,0.12016758561571406
ergo_adaptive,73.08333333333337,0.14054363407109938,0.11989053346693732
ergo_adaptive,73.16666666666663,0.13979225696028474,0.11966575380288706
ergo_adaptive,73.25,0.13957734821527956,0.11947947977803763
ergo_adaptive,73.33333333333337,0.1387751921905171,0.11928147557337465
ergo_adaptive,73.41666666666663,0.1379902728010958,0.11906396898387261
ergo_adaptive,73.5,0.13667679037820826,0.11886797856975999
ergo_adaptive,73.58333333333337,0.13589212702296433,0.11872148234983716
ergo_adaptive,73.66666666666663,0.13507076184945851,0.11860464271103653
ergo_adaptive,73.75,0.1352690474061854,0.11844365071967358
ergo_adaptive,73.83333333333337,0.13270724074513304,0.11823751842331282
ergo_adaptive,73.91666666666663,0.13248655656498343,0.11808268008075627
ergo_adaptive,74.0,0.13156066817629364,0.11800667627953258
ergo_adaptive,74.08333333333337,0.1312024118203809,0.1178626462849583
ergo_adaptive,74.16666666666663,0.13179958186725696,0.11763117531212082
ergo_adaptive,74.25,0.13200957676785066,0.11739298382855225
ergo_adaptive,74.33333333333337,0.131744850578465,0.11721176117808453
ergo_adaptive,74.41666666666663,0.130429964971274,0.11704716934478332
ergo_adaptive,74.5,0.12943442368926658,0.11687095005369248
ergo_adaptive,74.58333333333337,0.1281295202948862,0.11669756174326464
ergo_adaptive,74.66666666666663,0.12743240535613642,0.11655653783389255
ergo_adaptive,74.75,0.12744548291233831,0.11647453333001703
ergo_adaptive,74.83333333333337,0.12661124908252583,0.1163978724518599
ergo_adaptive,74.91666666666663,0.12673105773448112,0.11626014841918796
ergo_adaptive,75.0,0.1261104659615646,0.11610225817822162
ergo_adaptive,75.08333333333337,0.12600212318178783,0.11600430855460811
ergo_adaptive,75.16666666666663,0.12541608595444487,0.11593043287928785
ergo_adaptive,75.25,0.1246475148102752,0.11578865763552287
ergo_adaptive,75.33333333333337,0.12417333618397546,0.11561149282187987
ergo_adaptive,75.41666666666663,0.12442511855740652,0.11546025388354189
ergo_adaptive,75.5,0.12490871410199059,0.1153423834817682
ergo_adaptive,75.58333333333337,0.12398626788625014,0.11523455616087427
ergo_adaptive,75.66666666666663,0.1237680576937239,0.11512394581427282
ergo_adaptive,75.75,0.12302920344346673,0.11500202089561103
ergo_adaptive,75.83333333333337,0.12244344032331815,0.11491466343392666
ergo_adaptive,75.91666666666663,0.12274860348769673,0.11488401376618075
ergo_adaptive,76.0,0.12237709503160273,0.1148290866852033
ergo_adaptive,76.08333333333337,0.12250072977209578,0.11470635237290247
ergo_adaptive,76.16666666666663,0.1216765136020221,0.11458250163315259
ergo_adaptive,76.25,0.12095302438414399,0.1145042289025687
ergo_adaptive,76.33333333333337,0.12088268651817355,0.11442797808905227
ergo_adaptive,76.41666666666663,0.12104851505669263,0.11431371449298065
ergo_adaptive,76.5,0.12102795096797694,0.11418848775312057
ergo_adaptive,76.58333333333337,0.12065687473003887,0.11408716051099604
ergo_adaptive,76.66666666666663,0.12081460669070937,0.11401711298097225
ergo_adaptive,76.75,0.11997476367388069,0.11397513660062464
ergo_adaptive,76.83333333333337,0.11987698065412718,0.11391862344366421
ergo_adaptive,76.91666666666663,0.12009714865898381,0.11385418296118317
ergo_adaptive,77.0,0.12044150937788867,0.1138444590974458
ergo_adaptive,77.08333333333337,0.11988416962077646,0.11388985784524354
ergo_adaptive,77.16666666666663,0.1198506293390352,0.11384370240048967
ergo_adaptive,77.25,0.11890850257997553,0.11373267594296044
ergo_adaptive,77.33333333333337,0.11772430844176711,0.11363275695408438
ergo_adaptive,77.41666666666663,0.11822472475108513,0.11358943283628606
ergo_adaptive,77.5,0.11797839113587749,0.11356993562159415
ergo_adaptive,77.58333333333337,0.11756783657509842,0.11356000497075042
ergo_adaptive,77.66666666666663,0.11700232654212984,0.11354818091315362
ergo_adaptive,77.75,0.1173316443105455,0.1135746366828578
ergo_adaptive,77.83333333333337,0.11751673252007795,0.11363193514991789
ergo_adaptive,77.91666666666663,0.11676239555297933,0.11370265595475078
ergo_adaptive,78.0,0.11691680132345297,0.11377457939920475
ergo_adaptive,78.08333333333337,0.11778411320862801,0.11387472836389241
ergo_adaptive,78.16666666666663,0.11799965773231016,0.11400274521860816
ergo_adaptive,78.25,0.11841199710424949,0.1141413728610903
ergo_adaptive,78.33333333333337,0.11766531379045526,0.11427531673600563
ergo_adaptive,78.41666666666663,0.11724091690079366,0.11442568646609891
ergo_adaptive,78.5,0.11705986906316884,0.11466072585035088
ergo_adaptive,78.58333333333337,0.11718739303350853,0.11499902586977016
ergo_adaptive,78.66666666666663,0.11773135793375443,0.11538437337873624
ergo_adaptive,78.75,0.11842681678264363,0.11577713176406183
ergo_adaptive,78.83333333333337,0.11861822074039058,0.11617036991337967
ergo_adaptive,78.91666666666663,0.11918500156125132,0.11655884752179782
ergo_adaptive,79.0,0.11939422339804796,0.11693521056476594
ergo_adaptive,79.08333333333337,0.11968606835405184,0.1172974273048726
ergo_adaptive,79.16666666666663,0.12015642978897349,0.11764911555257142
ergo_adaptive,79.25,0.1205417720290838,0.11799993934474334
ergo_adaptive,79.33333333333337,0.12092011613882225,0.11834917500181494
ergo_adaptive,79.41666666666663,0.12154129878807907,0.11868060793032799
ergo_adaptive,79.5,0.12201890942346996,0.11899018111740686
ergo_adaptive,79.58333333333337,0.12180981471975912,0.11929252143598394
ergo_adaptive,79.66666666666663,0.12165778320034412,0.11960331195652003
ergo_adaptive,79.75,0.12210315298569878,0.1198791790247702
ergo_adaptive,79.83333333333337,0.1223974741114342,0.12010529524542768
ergo_adaptive,79.91666666666663,0.12269818947286747,0.12030684987687122
ergo_adaptive,80.0,0.12321384266776704,0.12051722348826531
ergo_adaptive,80.08333333333337,0.12352282505951248,0.12071232171975943
ergo_adaptive,80.16666666666663,0.12393623070167897,0.12084978266082991
ergo_adaptive,80.25,0.1225109543178713,0.12094459629228006
ergo_adaptive,80.33333333333337,0.1231358077237094,0.12103451694650579
ergo_adaptive,80.41666666666663,0.12344332528086013,0.12112554692816543
ergo_adaptive,80.5,0.12376479855608616,0.12117988338678728
ergo_adaptive,80.58333333333337,0.12524808096256063,0.12118664912834004
ergo_adaptive,80.66666666666663,0.12468502794556495,0.1211719217178092
ergo_adaptive,80.75,0.12557373931566163,0.12116287367085347
ergo_adaptive,80.83333333333337,0.12503339518708392,0.12114357873615214
ergo_adaptive,80.91666666666663,0.12519663426971045,0.121091812390074
ergo_adaptive,81.0,0.1256749945925719,0.12101809901819273
ergo_adaptive,81.08333333333337,0.12367986322871852,0.12094870287193987
ergo_adaptive,81.16666666666663,0.124135798162246,0.12088361796164807
ergo_adaptive,81.25,0.12357992478453415,0.12080438913069663
ergo_adaptive,81.33333333333337,0.12283354690186939,0.12071333906458051
ergo_adaptive,81.41666666666663,0.12217000368431266,0.12063386798780001
ergo_adaptive,81.5,0.1235778984702642,0.12057092274447834
ergo_adaptive,81.58333333333337,0.12296285646051941,0.1204972461163458
ergo_adaptive,81.66666666666663,0.12265661513621312,0.12040546747236847
ergo_adaptive,81.75,0.12309945635743975,0.12031860529905188
ergo_adaptive,81.83333333333337,0.12330215350124497,0.12025587187519697
ergo_adaptive,81.91666666666663,0.12329742654208908,0.12019326709455835
ergo_adaptive,82.0,0.12277273318445754,0.12011067607533041
ergo_adaptive,82.08333333333337,0.12248883324870015,0.12002234803674945
ergo_adaptive,82.16666666666663,0.12180691316431679,0.11995319899436975
ergo_adaptive,82.25,0.12164570263839083,0.11989259506110497
ergo_adaptive,82.33333333333337,0.12283511508241877,0.11980885519361606
ergo_adaptive,82.41666666666663,0.12218785089653274,0.11971181456408904
ergo_adaptive,82.5,0.12296172546722944,0.11963726272725553
ergo_adaptive,82.58333333333337,0.1222001557416256,0.11957772627478971
ergo_adaptive,82.66666666666663,0.12163159462773582,0.11949300604892453
ergo_adaptive,82.75,0.12275879895111552,0.11937977326620365
ergo_adaptive,82.83333333333337,0.12255824153365008,0.11927157044133552
ergo_adaptive,82.91666666666663,0.12289078814534572,0.11919180837703587
ergo_adaptive,83.0,0.12308571782968605,0.1191033140805649
ergo_adaptive,83.08333333333337,0.12265067951419072,0.11897275519989094
ergo_adaptive,83.16666666666663,0.12338387890905445,0.1188354090679303
ergo_adaptive,83.25,0.12287884771322925,0.11872306093886131
ergo_adaptive,83.33333333333337,0.12387435932766629,0.11860506516671657
ergo_adaptive,83.41666666666663,0.12372187104861807,0.11845222736351296
ergo_adaptive,83.5,0.12292202303111836,0.1182799874531626
ergo_adaptive,83.58333333333337,0.12215750894997375,0.1181321974050044
ergo_adaptive,83.66666666666663,0.12208194351459008,0.11800338592468276
ergo_adaptive,83.75,0.12202171919488207,0.11784873174353601
ergo_adaptive,83.83333333333337,0.12253973986133057,0.11767570071480456
ergo_adaptive,83.91666666666663,0.12160313696645791,0.11752539749274656
ergo_adaptive,84.0,0.12208168906284193,0.11741270243074398
ergo_adaptive,84.08333333333337,0.1230105859034978,0.11729565984444143
ergo_adaptive,84.16666666666663,0.12212838263238325,0.11715414372783396
ergo_adaptive,84.25,0.12177726562469401,0.11702337272393538
ergo_adaptive,84.33333333333337,0.12177118894820568,0.11692424349682108
ergo_adaptive,84.41666666666663,0.12212747735921514,0.11683398886434242
ergo_adaptive,84.5,0.12224069704546296,0.11671715655541068
ergo_adaptive,84.58333333333337,0.12255466453833659,0.11658788834818969
ergo_adaptive,84.66666666666663,0.12289127970291665,0.11648486124765543
ergo_adaptive,84.75,0.12304827149327248,0.11640628436882135
ergo_adaptive,84.83333333333337,0.12291838514399551,0.11631577470082499
ergo_adaptive,84.91666666666663,0.12317122356255948,0.11620788411782497
ergo_adaptive,85.0,0.12310695035197412,0.11611805795824631
ergo_adaptive,85.08333333333337,0.1235265233556869,0.11606724223481174
ergo_adaptive,85.16666666666663,0.12419042244424769,0.1160243330275829
ergo_adaptive,85.25,0.12330308659618149,0.11594916843046271
ergo_adaptive,85.33333333333337,0.12328340950532271,0.11587242741932763
ergo_adaptive,85.41666666666663,0.12352754233902809,0.11586054176473522
ergo_adaptive,85.5,0.1238279116909254,0.11587607129241158
ergo_adaptive,85.58333333333337,0.12360885189968035,0.11581744471963001
ergo_adaptive,85.66666666666663,0.12372228346559186,0.11571970887283217
ergo_adaptive,85.75,0.12443646936200363,0.1156747008672798
ergo_adaptive,85.83333333333337,0.12418454340719551,0.11568638654512826
ergo_adaptive,85.91666666666663,0.12408817999216246,0.1156423923140605
ergo_adaptive,86.0,0.12408535378169627,0.11554435815180336
ergo_adaptive,86.08333333333337,0.12333205591291614,0.11544858171849744
ergo_adaptive,86.16666666666663,0.12343971184996354,0.11538802115415397
ergo_adaptive,86.25,0.12382483777943254,0.11534859399501449
ergo_adaptive,86.33333333333337,0.12427259685984439,0.11529888113945326
ergo_adaptive,86.41666666666663,0.12469677669871765,0.11523595555736121
ergo_adaptive,86.5,0.12456672937077742,0.11519249976423017
ergo_adaptive,86.58333333333337,0.12438863900939318,0.1152366115022416
ergo_adaptive,86.66666666666663,0.12492652688097781,0.11524876842323592
ergo_adaptive,86.75,0.1251462064239828,0.1151424839174536
ergo_adaptive,86.83333333333337,0.12498070904121342,0.11499037594379909
ergo_adaptive,86.91666666666663,0.12482555938356543,0.11488262505026807
ergo_adaptive,87.0,0.12466166775992589,0.11482083250091582
ergo_adaptive,87.08333333333337,0.12452627345782098,0.11479481044050752
ergo_adaptive,87.16666666666663,0.12447370590701305,0.11479528427847144
ergo_adaptive,87.25,0.12384550207385156,0.11483567781315962
ergo_adaptive,87.33333333333337,0.12377024913459209,0.11494734583016643
ergo_adaptive,87.41666666666663,0.1237785804574383,0.11512115201346766
ergo_adaptive,87.5,0.12398529351862506,0.11524673172711555
ergo_adaptive,87.58333333333337,0.12346670617396319,0.11530890256350124
ergo_adaptive,87.66666666666663,0.12288260180894162,0.11537333823417477
ergo_adaptive,87.75,0.12278084095951143,0.11548026909220858
ergo_adaptive,87.83333333333337,0.12370942098418804,0.11563547485762528
ergo_adaptive,87.91666666666663,0.12360514531612678,0.11585281803556684
ergo_adaptive,88.0,0.12349578718953576,0.11603191497504105
ergo_adaptive,88.08333333333337,0.1236576249386368,0.11615930510568011
ergo_adaptive,88.16666666666663,0.12366268611068977,0.11629794087438831
ergo_adaptive,88.25,0.12366778177010297,0.11646507988772496
ergo_adaptive,88.33333333333337,0.1238190244109998,0.11666237982272894
ergo_adaptive,88.41666666666663,0.12386727594959968,0.11687508631164044
ergo_adaptive,88.5,0.12405991920171495,0.11709867264948136
ergo_adaptive,88.58333333333337,0.12430664746137308,0.1173476169147776
ergo_adaptive,88.66666666666663,0.12423672020112667,0.11762675334702859
ergo_adaptive,88.75,0.12425230930389364,0.11793884511330449
ergo_adaptive,88.83333333333337,0.12470564672605208,0.11828142314336731
ergo_adaptive,88.91666666666663,0.12523821461966786,0.11864889762562511
ergo_adaptive,89.0,0.1252340238323243,0.1190342833697885
ergo_adaptive,89.08333333333337,0.12555362103378376,0.11942591671898138
ergo_adaptive,89.16666666666663,0.1260328405150956,0.11981885567785212
ergo_adaptive,89.25,0.1267055071814868,0.12021006433467146
ergo_adaptive,89.33333333333337,0.12715097720854307,0.12059608826659876
ergo_adaptive,89.41666666666663,0.12747232182745796,0.12097619598417914
ergo_adaptive,89.5,0.1279153982804052,0.12135008387943111
ergo_adaptive,89.58333333333337,0.12808932639254034,0.12171664383137883
ergo_adaptive,89.66666666666663,0.12841755308561084,0.12207597925064542
ergo_adaptive,89.75,0.1290910498563898,0.1224283569373345
ergo_adaptive,89.83333333333337,0.12915485110871106,0.12277416163937341
ergo_adaptive,89.91666666666663,0.129326626882868,0.12311381363359032
ergo_adaptive,90.0,0.1299078981607005,0.12344778242729243
ergo_adaptive,90.08333333333337,0.13082910390220798,0.12377646334423936
ergo_adaptive,90.16666666666663,0.13131304894584306,0.1241002793905375
ergo_adaptive,90.25,0.13164492010646683,0.12441914040092156
ergo_adaptive,90.33333333333337,0.1319153416275165,0.12475726881381906
ergo_adaptive,90.41666666666663,0.1318418050359385,0.12503912864110917
ergo_adaptive,90.5,0.13188827497769767,0.12522871857595802
ergo_adaptive,90.58333333333337,0.132099064167545,0.12537503889818602
ergo_adaptive,90.66666666666663,0.13196133785575143,0.1255424750630884
ergo_adaptive,90.75,0.13222376817249643,0.12573341957757805
ergo_adaptive,90.83333333333337,0.1319588087063718,0.1258897804380091
ergo_adaptive,90.91666666666663,0.13273559853481845,0.12602531300781905
ergo_adaptive,91.0,0.13331784272676658,0.12618060581063717
ergo_adaptive,91.08333333333337,0.13365531927402438,0.12636060675811758
ergo_adaptive,91.16666666666663,0.13423172869246747,0.12651912605543683
ergo_adaptive,91.25,0.13567755781856244,0.1266368988593614
ergo_adaptive,91.33333333333337,0.13572623330887068,0.12673950706064271
ergo_adaptive,91.41666666666663,0.1357664403220832,0.12686250206451125
ergo_adaptive,91.5,0.13649078588501531,0.12697617391576993
ergo_adaptive,91.58333333333337,0.13723809547841156,0.1270568438497926
ergo_adaptive,91.66666666666663,0.1368711598471681,0.12711395846047807
ergo_adaptive,91.75,0.13673946488430322,0.12716992715977052
ergo_adaptive,91.83333333333337,0.1369759031118582,0.12722971433021546
ergo_adaptive,91.91666666666663,0.13738688461350157,0.127278578603189
ergo_adaptive,92.0,0.13764362714018108,0.12731154393793678
ergo_adaptive,92.08333333333337,0.13824097999250728,0.1273437673877109
ergo_adaptive,92.16666666666663,0.13846722445847234,0.12739999272155983
ergo_adaptive,92.25,0.13914804890872404,0.12746965718406666
ergo_adaptive,92.33333333333337,0.13885155357869508,0.12750161359108392
ergo_adaptive,92.41666666666663,0.1393104375557022,0.1275132484805899
ergo_adaptive,92.5,0.14048591707121147,0.12755931059948813
ergo_adaptive,92.58333333333337,0.14094483139969144,0.12764507113719215
ergo_adaptive,92.66666666666663,0.14083661613790224,0.12766973634844295
ergo_adaptive,92.75,0.14037052416894194,0.1276436491740378
ergo_adaptive,92.83333333333337,0.140454745550502,0.12761930832562154
ergo_adaptive,92.91666666666663,0.14114629162936324,0.12761842164002185
ergo_adaptive,93.0,0.14108115563695883,0.1276198375361121
ergo_adaptive,93.08333333333337,0.1418146866379555,0.12760581816334232
ergo_adaptive,93.16666666666663,0.1418869682911803,0.12758258382012805
ergo_adaptive,93.25,0.14142364810004818,0.12757388510399556
ergo_adaptive,93.33333333333337,0.14207863540702395,0.12759432251086933
ergo_adaptive,93.41666666666663,0.14251928475796966,0.1276155712252843
ergo_adaptive,93.5,0.14270687712450386,0.12759490046162947
ergo_adaptive,93.58333333333337,0.14332142930170447,0.1275678606062191
ergo_adaptive,93.66666666666663,0.14316338616989985,0.12758526500113987
ergo_adaptive,93.75,0.14276195897441035,0.1276047484864588
ergo_adaptive,93.83333333333337,0.14355027884600846,0.12755756512177305
ergo_adaptive,93.91666666666663,0.14365950518108506,0.12747433170173622
ergo_adaptive,94.0,0.14414992231931742,0.1274011891631672
ergo_adaptive,94.08333333333337,0.14393497380204034,0.12735003346639182
ergo_adaptive,94.16666666666663,0.14369892281967359,0.12730119568216092
ergo_adaptive,94.25,0.14347052111588224,0.12723680292046002
ergo_adaptive,94.33333333333337,0.14393443249181184,0.1271667711046055
ergo_adaptive,94.41666666666663,0.1445807199135086,0.12713279498374372
ergo_adaptive,94.5,0.14354278760417455,0.12714933573516482
ergo_adaptive,94.58333333333337,0.14345553214526202,0.12711541168971127
ergo_adaptive,94.66666666666663,0.14271086207340758,0.12701980612286418
ergo_adaptive,94.75,0.1431517034860548,0.12693168101824642
ergo_adaptive,94.83333333333337,0.14229141548953783,0.1268809380436424
ergo_adaptive,94.91666666666663,0.1410071309037991,0.12681260241523218
ergo_adaptive,95.0,0.14169545292364882,0.126691675339463
ergo_adaptive,95.08333333333337,0.14060924984490705,0.12657476468509665
ergo_adaptive,95.16666666666663,0.1397257674830465,0.12647489477396687
ergo_adaptive,95.25,0.14061116749926986,0.12648065798670818
ergo_adaptive,95.33333333333337,0.14031031204546998,0.12653824712791972
ergo_adaptive,95.41666666666663,0.1406586662865364,0.12654373457360638
ergo_adaptive,95.5,0.13961069909323168,0.1264965265659565
ergo_adaptive,95.58333333333337,0.13823216376287614,0.1264472895766381
ergo_adaptive,95.66666666666663,0.13835176995624052,0.12658079147475293
ergo_adaptive,95.75,0.1383834607575187,0.12682903760177314
ergo_adaptive,95.83333333333337,0.13881068947362254,0.1271151617124162
ergo_adaptive,95.91666666666663,0.1382436556712063,0.12738717354337706
ergo_adaptive,96.0,0.13860134352793435,0.1275906582399756
ergo_adaptive,96.08333333333337,0.13924011733190664,0.12772425641188573
ergo_adaptive,96.16666666666663,0.13966187852012935,0.1278307938454922
ergo_adaptive,96.25,0.13952364314998025,0.1279539545088811
ergo_adaptive,96.33333333333337,0.1394132788749604,0.128026291552967
ergo_adaptive,96.41666666666663,0.14005697698252334,0.12802601572755132
ergo_adaptive,96.5,0.13953495049225648,0.12801398744470435
ergo_adaptive,96.58333333333337,0.14040229753323163,0.12804450068287973
ergo_adaptive,96.66666666666663,0.14024344688525356,0.12805246883948804
ergo_adaptive,96.75,0.1397979721198973,0.1279880682840954
ergo_adaptive,96.83333333333337,0.1402613264855989,0.12787947164027316
ergo_adaptive,96.91666666666663,0.14001818182416664,0.12776389312269626
ergo_adaptive,97.0,0.14056873745483164,0.12766572929416492
ergo_adaptive,97.08333333333337,0.1404517663634431,0.12757760449352748
ergo_adaptive,97.16666666666663,0.13977570661176608,0.12744078438958212
ergo_adaptive,97.25,0.13940492494912102,0.1272360989063143
ergo_adaptive,97.33333333333337,0.13874851766823734,0.12700724222046628
ergo_adaptive,97.41666666666663,0.13920087598880018,0.12677310223629235
ergo_adaptive,97.5,0.1395430575648092,0.12651330186616658
ergo_adaptive,97.58333333333337,0.13881010687768144,0.12625462056807701
ergo_adaptive,97.66666666666663,0.13846374590696206,0.12601361478550477
ergo_adaptive,97.75,0.13833397335483313,0.12578004879194685
ergo_adaptive,97.83333333333337,0.13866546785829426,0.12557028219286176
ergo_adaptive,97.91666666666663,0.1387958354314082,0.12537242880074229
ergo_adaptive,98.0,0.13776156084541707,0.12517711978178447
ergo_adaptive,98.08333333333337,0.13691539271314757,0.12503421345831348
ergo_adaptive,98.16666666666663,0.13637364981875377,0.12491950074972875
ergo_adaptive,98.25,0.13680175301475156,0.12474400267192569
ergo_adaptive,98.33333333333337,0.13586850116448118,0.12450216730560462
ergo_adaptive,98.41666666666663,0.13579252843779227,0.12424522435686355
ergo_adaptive,98.5,0.13533281383717477,0.12402469538798523
ergo_adaptive,98.58333333333337,0.13586196975043868,0.12388360456931455
ergo_adaptive,98.66666666666663,0.13582442720697202,0.12375198543648809
ergo_adaptive,98.75,0.136171788916114,0.12354383191059463
ergo_adaptive,98.83333333333337,0.1358395104129021,0.12329043373730648
ergo_adaptive,98.91666666666663,0.13516472642566346,0.12309398020297675
ergo_adaptive,99.0,0.13437382900139327,0.122921917913005
ergo_adaptive,99.08333333333337,0.13406747820893977,0.1226861096239257
ergo_adaptive,99.16666666666663,0.13460583773419238,0.12239611460406485
ergo_adaptive,99.25,0.13612261988471544,0.1221150183694335
ergo_adaptive,99.33333333333337,0.13520354032859294,0.12188665953129467
ergo_adaptive,99.41666666666663,0.13517039276638293,0.12168480417420341
ergo_adaptive,99.5,0.13617105973541352,0.12147026349755823
ergo_adaptive,99.58333333333337,0.13565945167682364,0.12123494002320463
ergo_adaptive,99.66666666666663,0.1342163362893748,0.121035238318241
ergo_adaptive,99.75,0.1345976030211816,0.12092026780377475
ergo_adaptive,99.83333333333337,0.13493122622902126,0.12076126864823915
ergo_adaptive,99.91666666666663,0.13526998424822853,0.12051014342920119
ergo_adaptive,100.0,0.13600261806524597,0.12026018188259756
ergo_adaptive,100.08333333333337,0.13592836715352535,0.12012412777471394
ergo_adaptive,100.16666666666663,0.13551018064281023,0.11998501924357913
ergo_adaptive,100.25,0.13608781163599806,0.11974076475355293
ergo_adaptive,100.33333333333337,0.1353747087274949,0.11946163842413877
ergo_adaptive,100.41666666666663,0.13537488055703312,0.1192404042535336
ergo_adaptive,100.5,0.13499925280644567,0.11906962518452018
ergo_adaptive,100.58333333333337,0.1353208449291383,0.11887871818792885
ergo_adaptive,100.66666666666663,0.13575307969534894,0.1186625486452159
ergo_adaptive,100.75,0.1364011722639186,0.11847079832392889
ergo_adaptive,100.83333333333337,0.13595916261468752,0.11833353732253296
ergo_adaptive,100.91666666666663,0.13577002148487918,0.11822643873735386
ergo_adaptive,101.0,0.13402087863770998,0.11811656713250585
ergo_adaptive,101.08333333333337,0.13315044941068427,0.11801593455352277
ergo_adaptive,101.16666666666663,0.13332341648082138,0.11797748521969782
ergo_adaptive,101.25,0.13268721049599366,0.1179702903697268
ergo_adaptive,101.33333333333337,0.1330530193408996,0.11793873538854112
ergo_adaptive,101.41666666666663,0.13268069513040948,0.11789813565402686
ergo_adaptive,101.5,0.132449049125957,0.11789328481915008
ergo_adaptive,101.58333333333337,0.1331098028304364,0.11795524409571875
ergo_adaptive,101.66666666666663,0.1325458825140974,0.11799727175989032
ergo_adaptive,101.75,0.13188599206906126,0.11798650896919592
ergo_adaptive,101.83333333333337,0.13113822985553877,0.11798204105747868
ergo_adaptive,101.91666666666663,0.12958937589719077,0.11806800393231154
ergo_adaptive,102.0,0.12961795872638954,0.11816975814754634
ergo_adaptive,102.08333333333337,0.1291630006973723,0.11820029445816478
ergo_adaptive,102.16666666666663,0.12853630935954155,0.11821760591531746
ergo_adaptive,102.25,0.1294450462239514,0.11830134741564195
ergo_adaptive,102.33333333333337,0.12954096383197022,0.11843060994082441
ergo_adaptive,102.41666666666663,0.12992062349075842,0.11849299097030518
ergo_adaptive,102.5,0.13066081958137774,0.11851014402950553
ergo_adaptive,102.58333333333337,0.12931848950179214,0.11854692929581698
ergo_adaptive,102.66666666666663,0.12840344980182555,0.1185991365023551
ergo_adaptive,102.75,0.12809328277495413,0.11869209055162327
ergo_adaptive,102.83333333333337,0.1270110362577712,0.11877508148503355
ergo_adaptive,102.91666666666663,0.1267073148015508,0.11880028523836551
ergo_adaptive,103.0,0.1266823762806604,0.11880813948104385
ergo_adaptive,103.08333333333337,0.12678087694917606,0.11886529137985379
ergo_adaptive,103.16666666666663,0.12699768077447932,0.11894367784958114
ergo_adaptive,103.25,0.1272391615553937,0.11892016312661338
ergo_adaptive,103.33333333333337,0.12673571566689293,0.11885558898516768
ergo_adaptive,103.41666666666663,0.1260204329540961,0.11883562344319505
ergo_adaptive,103.5,0.12511566888917774,0.11887570750714546
ergo_adaptive,103.58333333333337,0.12388988410633338,0.11884103106044587
ergo_adaptive,103.66666666666663,0.12339507540055521,0.11874087520718961
ergo_adaptive,103.75,0.12325547625975444,0.11866631576887583
ergo_adaptive,103.83333333333337,0.12414466197906317,0.11867161797648165
ergo_adaptive,103.91666666666663,0.12295582472066978,0.11864027544791662
ergo_adaptive,104.0,0.12169255555728067,0.11851207146396252
ergo_adaptive,104.08333333333337,0.1219492696809135,0.118383288907386
ergo_adaptive,104.16666666666663,0.12179089419313918,0.11833473661656554
ergo_adaptive,104.25,0.12161320131036134,0.1183160697462221
ergo_adaptive,104.33333333333337,0.1224196811594668,0.11818327616454785
ergo_adaptive,104.41666666666663,0.12269777725783587,0.11800255830738343
ergo_adaptive,104.5,0.12348311059854851,0.11788972869179139
ergo_adaptive,104.58333333333337,0.12250398672986643,0.11786390135361506
ergo_adaptive,104.66666666666663,0.12223345109150532,0.1177422908912108
ergo_adaptive,104.75,0.12172012290095932,0.11753061711793068
ergo_adaptive,104.83333333333337,0.12140436761843544,0.11733946551636752
ergo_adaptive,104.91666666666663,0.11926594212763779,0.11724262350679066
ergo_adaptive,105.0,0.11970865921691146,0.11714793687339622
ergo_adaptive,105.08333333333337,0.11947802525757013,0.11695615083792303
ergo_adaptive,105.16666666666663,0.11833437665776073,0.11673724268637295
ergo_adaptive,105.25,0.1206676687876587,0.11658225369492166
ergo_adaptive,105.33333333333337,0.12256406800679097,0.11644931130998303
ergo_adaptive,105.41666666666663,0.12242914262410005,0.11623239658840859
ergo_adaptive,105.5,0.12268300011537742,0.11597736944854016
ergo_adaptive,105.58333333333337,0.12233985703302859,0.1157364312059779
ergo_adaptive,105.66666666666663,0.12176597046096005,0.11551915322745009
ergo_adaptive,105.75,0.12298020237245512,0.1152954945991548
ergo_adaptive,105.83333333333337,0.12251628144074976,0.11505027556467813
ergo_adaptive,105.91666666666663,0.12213729175460115,0.11481265592971034
ergo_adaptive,106.0,0.12272327733991799,0.11462107571987408
ergo_adaptive,106.08333333333337,0.12431879147306396,0.11448590397595382
ergo_adaptive,106.16666666666663,0.1255878944071171,0.11428172708436607
ergo_adaptive,106.25,0.12550970820011093,0.11399040898933264
ergo_adaptive,106.33333333333337,0.1270108183441853,0.11371733385879335
ergo_adaptive,106.41666666666663,0.12839785838952272,0.1135097495607876
ergo_adaptive,106.5,0.1298302793282356,0.11329251282464695
ergo_adaptive,106.58333333333337,0.12950859547484608,0.11302830596399709
ergo_adaptive,106.66666666666663,0.13071228859515988,0.11275228129123901
ergo_adaptive,106.75,0.13052776191466897,0.11251546339620426
ergo_adaptive,106.83333333333337,0.13031996084489092,0.11232855135804377
ergo_adaptive,106.91666666666663,0.13138687693420617,0.11215533946222946
ergo_adaptive,107.0,0.132053749374748,0.11195417529942807
ergo_adaptive,107.08333333333337,0.13302879971835485,0.11175452008025274
ergo_adaptive,107.16666666666663,0.1339146726743193,0.11163549882480552
ergo_adaptive,107.25,0.13357567968662812,0.11156084271649898
ergo_adaptive,107.33333333333337,0.13336733998429512,0.11137084281242077
ergo_adaptive,107.41666666666663,0.13504029517675026,0.1111229814973527
ergo_adaptive,107.5,0.13482359837047383,0.11093613326033776
ergo_adaptive,107.58333333333337,0.13523325645153075,0.11083459673270826
ergo_adaptive,107.66666666666663,0.1355469008122168,0.11068248436678615
ergo_adaptive,107.75,0.1360915278130276,0.11046473374481075
ergo_adaptive,107.83333333333337,0.13599926998996395,0.11026915599046141
ergo_adaptive,107.91666666666663,0.1359309137951554,0.11014438642077061
ergo_adaptive,108.0,0.13639452745297242,0.110033361574194
ergo_adaptive,108.08333333333337,0.13605969555682762,0.10988418755887965
ergo_adaptive,108.16666666666663,0.13617541288330134,0.1097268999230601
ergo_adaptive,108.25,0.13656683863350486,0.10961999305815003
ergo_adaptive,108.33333333333337,0.13641452587629968,0.10954945446692992
ergo_adaptive,108.41666666666663,0.13676860788242565,0.10945665705233558
ergo_adaptive,108.5,0.1361885101676371,0.1093444604843016
ergo_adaptive,108.58333333333337,0.1355805322357087,0.10926715852100607
ergo_adaptive,108.66666666666663,0.13547244283579823,0.10923876564616163
ergo_adaptive,108.75,0.1351571762969241,0.10921058654612589
ergo_adaptive,108.83333333333337,0.13545677891235158,0.10915297314891709
ergo_adaptive,108.91666666666663,0.13433024877036004,0.10910984989626207
ergo_adaptive,109.0,0.1339379783215666,0.10913139505500241
ergo_adaptive,109.08333333333337,0.13452763390386252,0.10916369715659384
ergo_adaptive,109.16666666666663,0.1342143727966127,0.10915384967896546
ergo_adaptive,109.25,0.1334933168737104,0.1091474294111298
ergo_adaptive,109.33333333333337,0.13319052682914653,0.10921769264087981
ergo_adaptive,109.41666666666663,0.13308876870749162,0.10933416988317839
ergo_adaptive,109.5,0.1323219922620418,0.10939744687657037
ergo_adaptive,109.58333333333337,0.13141331867824377,0.10943377055925395
ergo_adaptive,109.66666666666663,0.1309162129284804,0.10951527214710637
ergo_adaptive,109.75,0.13051445953588695,0.10968919859621074
ergo_adaptive,109.83333333333337,0.12971054888069306,0.1098208763328843
ergo_adaptive,109.91666666666663,0.1297499963695117,0.10990790210472938
ergo_adaptive,110.0,0.12922920088200104,0.110019186871621
ergo_adaptive,110.08333333333337,0.12959344917979929,0.11018685094137803
ergo_adaptive,110.16666666666663,0.1290615929911435,0.11034880625891612
ergo_adaptive,110.25,0.12870748580808472,0.11046364601605312
ergo_adaptive,110.33333333333337,0.12856600520653033,0.1105755195846011
ergo_adaptive,110.41666666666663,0.1290581996945727,0.11072163168587291
ergo_adaptive,110.5,0.1289537315900933,0.11084856633431919
ergo_adaptive,110.58333333333337,0.12945243097498751,0.11093698829823277
ergo_adaptive,110.66666666666663,0.12928222574723067,0.11101517978810026
ergo_adaptive,110.75,0.12884623924365746,0.11111527750904006
ergo_adaptive,110.83333333333337,0.12809852601723884,0.11121545763774582
ergo_adaptive,110.91666666666663,0.12827789227397804,0.11128764252888272
ergo_adaptive,111.0,0.1273728569791012,0.11134057493232581
ergo_adaptive,111.08333333333337,0.12779099260176963,0.11140655639636346
ergo_adaptive,111.16666666666663,0.1277111159196123,0.11148406580910022
ergo_adaptive,111.25,0.1274624379739542,0.11154544019557922
ergo_adaptive,111.33333333333337,0.12689840425815424,0.11159950466709381
ergo_adaptive,111.41666666666663,0.1266109279375097,0.11166341080656864
ergo_adaptive,111.5,0.12655278963537406,0.11185370363076524
ergo_adaptive,111.58333333333337,0.12695202231807834,0.11218718277880893
ergo_adaptive,111.66666666666663,0.12735565764281054,0.11259099170926787
ergo_adaptive,111.75,0.12790781148550331,0.11300794310266449
ergo_adaptive,111.83333333333337,0.12836808359840657,0.11341205865996158
ergo_adaptive,111.91666666666663,0.12873518795714634,0.1137857345106503
ergo_adaptive,112.0,0.12863750150746278,0.11411512510442702
ergo_adaptive,112.08333333333337,0.1287178782236493,0.11440134471960357
ergo_adaptive,112.16666666666663,0.12931431789301326,0.11466237913458613
ergo_adaptive,112.25,0.1293881338644985,0.1149087143673659
ergo_adaptive,112.33333333333337,0.12969959371157008,0.11514807464091907
ergo_adaptive,112.41666666666663,0.13012785634882118,0.1153982666572142
ergo_adaptive,112.5,0.13056076921426663,0.11565023389328048
ergo_adaptive,112.58333333333337,0.13096634339074548,0.11586750197380222
ergo_adaptive,112.66666666666663,0.13078724649035617,0.11604777629241861
ergo_adaptive,112.75,0.131500157506438,0.11619905003955476
ergo_adaptive,112.83333333333337,0.13215768553865267,0.11633596368006818
ergo_adaptive,112.91666666666663,0.13238491351060375,0.11647301007388283
ergo_adaptive,113.0,0.13290302359329903,0.11658208638337329
ergo_adaptive,113.08333333333337,0.13255776714219994,0.11662351478477892
ergo_adaptive,113.16666666666663,0.13269071390929893,0.1166212598364693
ergo_adaptive,113.25,0.13346693280780786,0.11662068017435061
ergo_adaptive,113.33333333333337,0.13332467276771737,0.11659335264591403
ergo_adaptive,113.41666666666663,0.13425095636192322,0.11650989774981683
ergo_adaptive,113.5,0.13441124448870798,0.11639481753830472
ergo_adaptive,113.58333333333337,0.13406781134299778,0.11629432395840238
ergo_adaptive,113.66666666666663,0.13380145772456897,0.11624037731203869
ergo_adaptive,113.75,0.13387080478416352,0.11626894209395842
ergo_adaptive,113.83333333333337,0.13445216255231832,0.11631796028862379
ergo_adaptive,113.91666666666663,0.13514300698576348,0.1163428095354868
ergo_adaptive,114.0,0.13578707310376006,0.11636970210750366
ergo_adaptive,114.08333333333337,0.13574661580691427,0.11643060230578897
ergo_adaptive,114.16666666666663,0.13631358211636516,0.11654123509859025
ergo_adaptive,114.25,0.13640079221934773,0.1167053554512234
ergo_adaptive,114.33333333333337,0.13662160632144743,0.11686554577354193
ergo_adaptive,114.41666666666663,0.1371873295802148,0.11697740332575274
ergo_adaptive,114.5,0.1367436526941424,0.1170645869428787
ergo_adaptive,114.58333333333337,0.13746214060072856,0.11715695811356708
ergo_adaptive,114.66666666666663,0.13778173376421096,0.11727946244839156
ergo_adaptive,114.75,0.1379061124485473,0.11746457318543015
ergo_adaptive,114.83333333333337,0.13815879810759632,0.11764980223915136
ergo_adaptive,114.91666666666663,0.137745346324372,0.11775354242569948
ergo_adaptive,115.0,0.13868515539114046,0.11781927854260325
ergo_adaptive,115.08333333333337,0.13809848978845826,0.11789853415937843
ergo_adaptive,115.16666666666663,0.13747470479983287,0.11800106540353453
ergo_adaptive,115.25,0.1381655204140369,0.11809569890385134
ergo_adaptive,115.33333333333337,0.1380076793846325,0.118158335957434
ergo_adaptive,115.41666666666663,0.1382083211262071,0.11820868374528914
ergo_adaptive,115.5,0.13775291913500892,0.11826893620298018
ergo_adaptive,115.58333333333337,0.1372824803762471,0.11832803536208127
ergo_adaptive,115.66666666666663,0.1360801051373443,0.11835608333816265
ergo_adaptive,115.75,0.13644102873851083,0.11835323706738093
ergo_adaptive,115.83333333333337,0.1354706622488006,0.11836370044361788
ergo_adaptive,115.91666666666663,0.13626566446776794,0.11840566152513933
ergo_adaptive,116.0,0.13579340454401803,0.11841238651960449
ergo_adaptive,116.08333333333337,0.1357459396070698,0.11861658517864403
ergo_adaptive,116.16666666666663,0.13649825231532164,0.11896885883916064
ergo_adaptive,116.25,0.13728224049740292,0.1193237770759109
ergo_adaptive,116.33333333333337,0.13750334702576728,0.119641386648792
ergo_adaptive,116.41666666666663,0.13815341662070452,0.11993183682202062
ergo_adaptive,116.5,0.1387505929002451,0.12022689921852718
ergo_adaptive,116.58333333333337,0.13995788649890664,0.12049188697966601
ergo_adaptive,116.66666666666663,0.1399902363663787,0.12069231374706434
ergo_adaptive,116.75,0.14094202512600248,0.12085486559245694
ergo_adaptive,116.83333333333337,0.14126283665648767,0.12102245099774749
ergo_adaptive,116.91666666666663,0.14177105888879732,0.12119292113365918
ergo_adaptive,117.0,0.14153761036618684,0.12134183872336421
ergo_adaptive,117.08333333333337,0.14207591205628628,0.12146657541605882
ergo_adaptive,117.16666666666663,0.14230938464557596,0.12158521951328655
ergo_adaptive,117.25,0.14290542969631748,0.12171885067028901
ergo_adaptive,117.33333333333337,0.14257713814695733,0.12186577890356402
ergo_adaptive,117.41666666666663,0.1425709368236507,0.12199575563897451
ergo_adaptive,117.5,0.14273099356938862,0.12208779209048311
ergo_adaptive,117.58333333333337,0.14233235270670522,0.12217525115400989
ergo_adaptive,117.66666666666663,0.14274517387226643,0.12228672423809464
ergo_adaptive,117.75,0.14263355560231292,0.12237065701632023
ergo_adaptive,117.83333333333337,0.14358466589162766,0.1224187587330722
ergo_adaptive,117.91666666666663,0.14367733621528736,0.12245956067088411
ergo_adaptive,118.0,0.1436337331386345,0.12251516391758877
ergo_adaptive,118.08333333333337,0.14388184355115624,0.12260089556907171
ergo_adaptive,118.16666666666663,0.143902249854331,0.12270959069798543
ergo_adaptive,118.25,0.14330311667935905,0.1228035862496067
ergo_adaptive,118.33333333333337,0.14369211017393566,0.12286384648008505
ergo_adaptive,118.41666666666663,0.14344144865947608,0.12289878070003235
ergo_adaptive,118.5,0.14337478282460486,0.12292001999969465
ergo_adaptive,118.58333333333337,0.1443756343678489,0.12294325210636058
ergo_adaptive,118.66666666666663,0.1442760352589688,0.12295836785456349
ergo_adaptive,118.75,0.1438640202105459,0.12294853057980153
ergo_adaptive,118.83333333333337,0.1437902744739685,0.12292116333507451
ergo_adaptive,118.91666666666663,0.14292904004775125,0.12290507027416225
ergo_adaptive,119.0,0.1432997960902801,0.12289662458516445
ergo_adaptive,119.08333333333337,0.14316108169114192,0.12286659457985934
ergo_adaptive,119.16666666666663,0.14271920015851006,0.12279222624461789
ergo_adaptive,119.25,0.14234971027225632,0.12271732436256957
ergo_adaptive,119.33333333333337,0.14144187846290415,0.12269834581371883
ergo_adaptive,119.41666666666663,0.14181358612374032,0.12266493673270652
ergo_adaptive,119.5,0.14160031285800243,0.12251492055984735
ergo_adaptive,119.58333333333337,0.14052526819966973,0.12231417470020936
ergo_adaptive,119.66666666666663,0.1396740465647786,0.12211827208680014
ergo_adaptive,119.75,0.13880281982876028,0.12193986237176185
ergo_adaptive,119.83333333333337,0.13836559660510997,0.12178475325018956
ergo_adaptive,119.91666666666663,0.13771868824147976,0.1216561267335643
ergo_adaptive,120.0,0.13789667636906194,0.1215240757458072
ergo_adaptive,120.08333333333337,0.13769301926495847,0.12135427168735403
ergo_adaptive,120.16666666666663,0.13595537036333746,0.12116753944257272
ergo_adaptive,120.25,0.13578946195873876,0.12100695914152658
ergo_adaptive,120.33333333333337,0.13574892057800134,0.12090245649570971
ergo_adaptive,120.41666666666663,0.13568435235724002,0.12082829070015264
ergo_adaptive,120.5,0.13558244788236767,0.12072882283739689
ergo_adaptive,120.58333333333337,0.135033913258031,0.12060079827818898
ergo_adaptive,120.66666666666663,0.13380072001070414,0.12049764172843391
ergo_adaptive,120.75,0.13324270691433268,0.12043083486859485
ergo_adaptive,120.83333333333337,0.1339375687111039,0.12035789540702463
ergo_adaptive,120.91666666666663,0.1323666714575914,0.12026052178300817
ergo_adaptive,121.0,0.13252031629406824,0.1201854457897486
ergo_adaptive,121.08333333333337,0.1326569775945924,0.12015043269318605
ergo_adaptive,121.16666666666663,0.1332863556538729,0.12014959104296896
ergo_adaptive,121.25,0.13251170154031958,0.12013385152210192
ergo_adaptive,121.33333333333337,0.13235358700423622,0.1200762890063278
ergo_adaptive,121.41666666666663,0.1320031083447069,0.12001859111612773
ergo_adaptive,121.5,0.13198375095486065,0.11998338086712657
ergo_adaptive,121.58333333333337,0.1302040070792544,0.11993572875145149
ergo_adaptive,121.66666666666663,0.1297657740755438,0.1198548944804629
ergo_adaptive,121.75,0.13058779235303944,0.1197733297834579
ergo_adaptive,121.83333333333337,0.12996595623709412,0.11970911372778298
ergo_adaptive,121.91666666666663,0.13021050548957683,0.1197023785742037
ergo_adaptive,122.0,0.13076743881931266,0.11975794800364255
ergo_adaptive,122.08333333333337,0.12943927592213691,0.1197094364735486
ergo_adaptive,122.16666666666663,0.12937465147786759,0.11957747646896758
ergo_adaptive,122.25,0.12898296771155549,0.11944421777618887
ergo_adaptive,122.33333333333337,0.12802222049885187,0.11934538391131867
ergo_adaptive,122.41666666666663,0.1271186290511725,0.11926049189967511
ergo_adaptive,122.5,0.12732194112102047,0.11915573249558538
ergo_adaptive,122.58333333333337,0.12663880242736084,0.11903225550550375
ergo_adaptive,122.66666666666663,0.12597438022093244,0.1189407175359197
ergo_adaptive,122.75,0.12462263748550402,0.11889576329716167
ergo_adaptive,122.83333333333337,0.12449608899704727,0.11884416626334779
ergo_adaptive,122.91666666666663,0.12571428048745584,0.11871848277469473
ergo_adaptive,123.0,0.12507582298181463,0.11858224877002828
ergo_adaptive,123.08333333333337,0.12545381788631121,0.11853162444397412
ergo_adaptive,123.16666666666663,0.12559915804622657,0.11851555586790122
ergo_adaptive,123.25,0.12439708182830335,0.1183856947178772
ergo_adaptive,123.33333333333337,0.12313973230021667,0.11820613894313192
ergo_adaptive,123.41666666666663,0.12258102173305989,0.11809201110286499
ergo_adaptive,123.5,0.1223098857557487,0.11804427259559236
ergo_adaptive,123.58333333333337,0.12263281149537196,0.11794216563478264
ergo_adaptive,123.66666666666663,0.12313899992247083,0.11777261478441185
ergo_adaptive,123.75,0.12365532370021551,0.11762038689968231
ergo_adaptive,123.83333333333337,0.1233531318398508,0.11755537381793553
ergo_adaptive,123.91666666666663,0.12246531597169431,0.11747378065838204
ergo_adaptive,124.0,0.12187609279733619,0.11730832775407102
ergo_adaptive,124.08333333333337,0.12139775600154028,0.11713456094188997
ergo_adaptive,124.16666666666663,0.12245446329293914,0.11703214426174063
ergo_adaptive,124.25,0.12271255624618031,0.11697945542184321
ergo_adaptive,124.33333333333337,0.12339860083892328,0.1168396351635705
ergo_adaptive,124.41666666666663,0.12306181499857825,0.11665049944593983
ergo_adaptive,124.5,0.12301399045261503,0.11651575678233564
ergo_adaptive,124.58333333333337,0.12370205432742806,0.1164679636679306
ergo_adaptive,124.66666666666663,0.1238716193845716,0.11634362809788022
ergo_adaptive,124.75,0.12433467231891837,0.11615181041161005
ergo_adaptive,124.83333333333337,0.12454754783742206,0.11598269310496935
ergo_adaptive,124.91666666666663,0.12492161529011538,0.11592302760449731
ergo_adaptive,125.0,0.12529560709596232,0.11581740311254231
ergo_adaptive,125.08333333333337,0.12542232545067744,0.11560069626093374
ergo_adaptive,125.16666666666663,0.12589480204347553,0.11538118504014445
ergo_adaptive,125.25,0.1253254365382516,0.1152663848642086
ergo_adaptive,125.33333333333337,0.12582507665250375,0.11517997604317579
ergo_adaptive,125.41666666666663,0.12571063469625268,0.11496190173598343
ergo_adaptive,125.5,0.125630343058276,0.11468432917899936
ergo_adaptive,125.58333333333337,0.12629770130907142,0.11448335370194149
ergo_adaptive,125.66666666666663,0.12607218884069668,0.11437617862785911
ergo_adaptive,125.75,0.12654462576147385,0.11417628572383541
ergo_adaptive,125.83333333333337,0.1266343745974339,0.11389754248248365
ergo_adaptive,125.91666666666663,0.1275309063669165,0.11366408382041646
ergo_adaptive,126.0,0.1270652443311669,0.11357201020174418
ergo_adaptive,126.08333333333337,0.12715352969772117,0.11348526962011499
ergo_adaptive,126.16666666666663,0.12740145950795476,0.11334404124196616
ergo_adaptive,126.25,0.1276099538494254,0.11322619212784248
ergo_adaptive,126.33333333333337,0.12847079170998046,0.11322431769080996
ergo_adaptive,126.41666666666663,0.1287952101112415,0.11326114869432642
ergo_adaptive,126.5,0.1287026987752488,0.1132236327819419
ergo_adaptive,126.58333333333337,0.1283590191666009,0.11315670574478577
ergo_adaptive,126.66666666666663,0.12851761262257197,0.11313235505500731
ergo_adaptive,126.75,0.12819530002908844,0.11315308141583164
ergo_adaptive,126.83333333333337,0.1288146405045295,0.11314618982994959
ergo_adaptive,126.91666666666663,0.12863873630256706,0.11311278068626458
ergo_adaptive,127.0,0.12896478245874263,0.11308562272884308
ergo_adaptive,127.08333333333337,0.12902586282478215,0.11309858049388398
ergo_adaptive,127.16666666666663,0.12920067784819037,0.11319172355625788
ergo_adaptive,127.25,0.12979738107491007,0.11326122098860278
ergo_adaptive,127.33333333333337,0.12980356640299393,0.11322461184201084
ergo_adaptive,127.41666666666663,0.12942631423236106,0.11314826628042235
ergo_adaptive,127.5,0.1294612740242897,0.11311376578417158
ergo_adaptive,127.58333333333337,0.1306884321141651,0.11311386971270312
ergo_adaptive,127.66666666666663,0.13072772524232895,0.11307440407792575
ergo_adaptive,127.75,0.13093661568791093,0.11298962402569546
ergo_adaptive,127.83333333333337,0.13017276242097123,0.11291616824718573
ergo_adaptive,127.91666666666663,0.13098932343756453,0.1128781621673107
ergo_adaptive,128.0,0.13121081005463217,0.11283047842384582
ergo_adaptive,128.08333333333337,0.131332505954449,0.11274467917703948
ergo_adaptive,128.16666666666663,0.13128800585859676,0.112652264215575
ergo_adaptive,128.25,0.13141886658006274,0.11259194758180684
ergo_adaptive,128.33333333333337,0.13157679073274978,0.11253985454648123
ergo_adaptive,128.41666666666663,0.1311434556339543,0.11246210541998486
ergo_adaptive,128.5,0.1308129147959612,0.11237159548927426
ergo_adaptive,128.58333333333337,0.1309151686687321,0.11230407945884328
ergo_adaptive,128.66666666666663,0.13048112698108708,0.11225892672696779
ergo_adaptive,128.75,0.13136347318339517,0.11220424531013276
ergo_adaptive,128.83333333333337,0.13107931496802994,0.11212867205852914
ergo_adaptive,128.91666666666663,0.13129563040857237,0.11206325064626307
ergo_adaptive,129.0,0.13021809296888676,0.11202726529891857
ergo_adaptive,129.08333333333337,0.12927560638838803,0.11200247823204194
ergo_adaptive,129.16666666666663,0.12966446014134497,0.11196384879722701
ergo_adaptive,129.25,0.12968935575501966,0.11192071302552155
ergo_adaptive,129.33333333333337,0.12941134642454782,0.1119312524699238
ergo_adaptive,129.41666666666663,0.1293985208203542,0.11197354339816015
ergo_adaptive,129.5,0.12985614116805078,0.11195185266062822
ergo_adaptive,129.58333333333337,0.12974374422309792,0.11188239510130207
ergo_adaptive,129.66666666666663,0.1295894435844799,0.11187305241724904
ergo_adaptive,129.75,0.12895029029258978,0.11195129861802058
ergo_adaptive,129.83333333333337,0.12882154640320317,0.11196085723753488
ergo_adaptive,129.91666666666663,0.12857435610211088,0.11189836798241008
ergo_adaptive,130.0,0.1281185759872073,0.11186328820827274
ergo_adaptive,130.08333333333337,0.1281453796523758,0.1118947012315838
ergo_adaptive,130.16666666666663,0.12828337919257504,0.11193427744631541
ergo_adaptive,130.25,0.12777109656048427,0.11192330256017942
ergo_adaptive,130.33333333333337,0.1274381982391456,0.1119277955643879
ergo_adaptive,130.41666666666663,0.12698129751656587,0.11208751218144247
ergo_adaptive,130.5,0.127178312225865,0.11243757617723384
ergo_adaptive,130.58333333333337,0.1279975279580711,0.11286400356629497
ergo_adaptive,130.66666666666663,0.12830325280480412,0.11330290342051869
ergo_adaptive,130.75,0.12861696448675938,0.11372026778502245
ergo_adaptive,130.83333333333337,0.12889720917855813,0.11409898966535845
ergo_adaptive,130.91666666666663,0.12872483410218347,0.11444431505041971
ergo_adaptive,131.0,0.12942068731164985,0.11476382190656376
ergo_adaptive,131.08333333333337,0.1291523538667119,0.11506127853165311
ergo_adaptive,131.16666666666663,0.1296233740830918,0.11532781955002103
ergo_adaptive,131.25,0.1298326617322386,0.11556611561141536
ergo_adaptive,131.33333333333337,0.13062468672614805,0.11579801384537416
ergo_adaptive,131.41666666666663,0.13029790879036784,0.11603691346795868
ergo_adaptive,131.5,0.12967200059448158,0.11624662240385748
ergo_adaptive,131.58333333333337,0.13016530749621003,0.1164176167954434
ergo_adaptive,131.66666666666663,0.13130288613221364,0.11659106418666154
ergo_adaptive,131.75,0.1318271949596383,0.11679795232094303
ergo_adaptive,131.83333333333337,0.13243297004142074,0.11698025349660061
ergo_adaptive,131.91666666666663,0.1322568091727644,0.11710544512579464
ergo_adaptive,132.0,0.1327870296573604,0.11720470791944017
ergo_adaptive,132.08333333333337,0.13280644883501047,0.11732048373319356
ergo_adaptive,132.16666666666663,0.13351623341230093,0.11744452039566837
ergo_adaptive,132.25,0.13404604915956525,0.1175401668706496
ergo_adaptive,132.33333333333337,0.13396986306192277,0.11760999309070554
ergo_adaptive,132.41666666666663,0.13366130771676651,0.11767903313176031
ergo_adaptive,132.5,0.13408402435863875,0.11775984767465952
ergo_adaptive,132.58333333333337,0.13401028956124655,0.11783992210694363
ergo_adaptive,132.66666666666663,0.1343700213149031,0.11790809779353106
ergo_adaptive,132.75,0.13445477246366935,0.11797211565236015
ergo_adaptive,132.83333333333337,0.1352436638106046,0.11805292935943777
ergo_adaptive,132.91666666666663,0.13561550277953613,0.11815488300338027
ergo_adaptive,133.0,0.13608129016075554,0.11824715085183911
ergo_adaptive,133.08333333333337,0.1360509468311149,0.11832094147043926
ergo_adaptive,133.16666666666663,0.13622503354845977,0.11841700772464689
ergo_adaptive,133.25,0.13615349589841588,0.11856542938507426
ergo_adaptive,133.33333333333337,0.13717499531421024,0.11868632797773972
ergo_adaptive,133.41666666666663,0.13730014193136733,0.11875760822994179
ergo_adaptive,133.5,0.13734172621656596,0.11881842259241676
ergo_adaptive,133.58333333333337,0.1375555888614932,0.1189071912242902
ergo_adaptive,133.66666666666663,0.13743990121325267,0.11898526908904096
ergo_adaptive,133.75,0.13721287933996898,0.11902163990862417
ergo_adaptive,133.83333333333337,0.13602248301888584,0.11903924031248049
ergo_adaptive,133.91666666666663,0.13578455810219545,0.11907847098081975
ergo_adaptive,134.0,0.135681378816458,0.11914108564607814
ergo_adaptive,134.08333333333337,0.13513785157026886,0.1191958062874621
ergo_adaptive,134.16666666666663,0.13553867949847764,0.11924307074025718
ergo_adaptive,134.25,0.13472712278860557,0.11932306882846186
ergo_adaptive,134.33333333333337,0.1335589516944434,0.11943911591335434
ergo_adaptive,134.41666666666663,0.13392160797634547,0.11955523069926617
ergo_adaptive,134.5,0.13340130601159922,0.11966585957506355
ergo_adaptive,134.58333333333337,0.13424066307463514,0.11978492147032814
ergo_adaptive,134.66666666666663,0.134326294468326,0.1199214615648913
ergo_adaptive,134.75,0.134597511345072,0.1200745841570884
ergo_adaptive,134.83333333333337,0.13425830541027386,0.12021307895314828
ergo_adaptive,134.91666666666663,0.13343677128010825,0.12033354982977437
ergo_adaptive,135.0,0.13331148284135233,0.12049369049933094
ergo_adaptive,135.08333333333337,0.1333963274580364,0.12070125140138475
ergo_adaptive,135.16666666666663,0.13366463155090946,0.1208800782611001
ergo_adaptive,135.25,0.13413527588171578,0.121013930873235
ergo_adaptive,135.33333333333337,0.1336556654525174,0.12115040008997878
ergo_adaptive,135.41666666666663,0.1324130463619826,0.12128557602570064
ergo_adaptive,135.5,0.13248590559642873,0.12141171826429994
ergo_adaptive,135.58333333333337,0.13273002687445892,0.1215571075383701
ergo_adaptive,135.66666666666663,0.1323160020139488,0.1217200552461301
ergo_adaptive,135.75,0.13203844257906752,0.12180609965209868
ergo_adaptive,135.83333333333337,0.13358574692096994,0.12183694217750192
ergo_adaptive,135.91666666666663,0.13358751590242784,0.1218837985192388
ergo_adaptive,136.0,0.13277319343037364,0.12198810182372985
ergo_adaptive,136.08333333333337,0.13221432781606196,0.1220539745196442
ergo_adaptive,136.16666666666663,0.1326035743663696,0.12205340256830632
ergo_adaptive,136.25,0.13256971565715292,0.12204578521243768
ergo_adaptive,136.33333333333337,0.13266857721271652,0.12208981183533195
ergo_adaptive,136.41666666666663,0.1322234078168702,0.12214882272954997
ergo_adaptive,136.5,0.13251737903198238,0.12215551095607358
ergo_adaptive,136.58333333333337,0.13295527516643266,0.12213135575121925
ergo_adaptive,136.66666666666663,0.13246090894948637,0.12214609370220934
ergo_adaptive,136.75,0.13205570969211777,0.12219883792445138
ergo_adaptive,136.83333333333337,0.1324176542651266,0.12220027190422122
ergo_adaptive,136.91666666666663,0.13138180127099505,0.12215297341341574
ergo_adaptive,137.0,0.1304541142957601,0.12212416353188431
ergo_adaptive,137.08333333333337,0.13104819456275588,0.12216454065688688
ergo_adaptive,137.16666666666663,0.13089079890042357,0.1221593939252782
ergo_adaptive,137.25,0.13176903724614303,0.12208384319702481
ergo_adaptive,137.33333333333337,0.13084305236376284,0.12199312273225506
ergo_adaptive,137.41666666666663,0.13056619660427565,0.12195151393504478
ergo_adaptive,137.5,0.13007247130376953,0.12191346418461371
ergo_adaptive,137.58333333333337,0.1306096721775175,0.12183075744247127
ergo_adaptive,137.66666666666663,0.1300781121927476,0.12171505450942534
ergo_adaptive,137.75,0.13087607861319858,0.12161390733378685
ergo_adaptive,137.83333333333337,0.13022804476926536,0.12153606412297797
ergo_adaptive,137.91666666666663,0.1301586549284945,0.12145249109194532
ergo_adaptive,138.0,0.12955039382640465,0.12134233864271304
ergo_adaptive,138.08333333333337,0.12983163696883468,0.12123344409176369
ergo_adaptive,138.16666666666663,0.1304310053477292,0.12116756947547834
ergo_adaptive,138.25,0.13029101795443623,0.12113638015294305
ergo_adaptive,138.33333333333337,0.1306964407720243,0.12103390855482372
ergo_adaptive,138.41666666666663,0.12902423970938307,0.12086800070032275
ergo_adaptive,138.5,0.1280925412520122,0.12070374197599407
ergo_adaptive,138.58333333333337,0.1266176966834325,0.12055602400097007
ergo_adaptive,138.66666666666663,0.1269324675428732,0.1203912077936506
ergo_adaptive,138.75,0.12588044701096257,0.12019897881915523
ergo_adaptive,138.83333333333337,0.1257252860470189,0.1199926495615543
ergo_adaptive,138.91666666666663,0.12622853658684458,0.11981313857329971
ergo_adaptive,139.0,0.12659545980836684,0.11969154920309032
ergo_adaptive,139.08333333333337,0.12668801715745426,0.11956955192319416
ergo_adaptive,139.16666666666663,0.12722565430567354,0.11934541960341387
ergo_adaptive,139.25,0.12643946427998431,0.11905672252488175
ergo_adaptive,139.33333333333337,0.12685587935805603,0.11875903929262636
ergo_adaptive,139.41666666666663,0.12674679677351064,0.11849649322947835
ergo_adaptive,139.5,0.12748644119133676,0.1183160741743489
ergo_adaptive,139.58333333333337,0.1273453305707745,0.11816137005830109
ergo_adaptive,139.66666666666663,0.12748420825183326,0.11789108852285751
ergo_adaptive,139.75,0.12567537118051597,0.11753575819635191
ergo_adaptive,139.83333333333337,0.12615915961657645,0.11718299848008024
ergo_adaptive,139.91666666666663,0.12540567052932514,0.1168894802610102
ergo_adaptive,140.0,0.12445193625666058,0.11669834514760177
ergo_adaptive,140.08333333333337,0.12594048639521757,0.11657309053636865
ergo_adaptive,140.16666666666663,0.12502378770197353,0.1163526350423998
ergo_adaptive,140.25,0.12408720994569925,0.11605094212331142
ergo_adaptive,140.33333333333337,0.12468380164926056,0.11574262671050024
ergo_adaptive,140.41666666666663,0.12423136537236823,0.11548820106932634
ergo_adaptive,140.5,0.1233697542075841,0.11531751773621454
ergo_adaptive,140.58333333333337,0.12379929185230897,0.11522375750297054
ergo_adaptive,140.66666666666663,0.12338827071738485,0.11506310811641189
ergo_adaptive,140.75,0.12274017006606193,0.11483030237156518
ergo_adaptive,140.83333333333337,0.12180888666673105,0.11458692267028055
ergo_adaptive,140.91666666666663,0.12195337935603946,0.11438769583894848
ergo_adaptive,141.0,0.12195570739218234,0.11425868547764469
ergo_adaptive,141.08333333333337,0.12126751799474932,0.11420703853431272
ergo_adaptive,141.16666666666663,0.12046044110664333,0.11409237907929788
ergo_adaptive,141.25,0.12063988377016896,0.11389811760006376
ergo_adaptive,141.33333333333337,0.12081654136401905,0.11368827123103208
ergo_adaptive,141.41666666666663,0.11919728782619088,0.11352056891619385
ergo_adaptive,141.5,0.11860329682043991,0.1134173840091904
ergo_adaptive,141.58333333333337,0.11830980154106506,0.11336425614460037
ergo_adaptive,141.66666666666663,0.11866728586510529,0.11327176545131404
ergo_adaptive,141.75,0.11947119676714409,0.11310839746871686
ergo_adaptive,141.83333333333337,0.11839987749597293,0.11293834626083069
ergo_adaptive,141.91666666666663,0.11821135043117105,0.11279501143190722
ergo_adaptive,142.0,0.1179487402969405,0.11269180088677248
ergo_adaptive,142.08333333333337,0.1181417015204718,0.11263075823319946
ergo_adaptive,142.16666666666663,0.11757842910358617,0.11255282418442647
ergo_adaptive,142.25,0.11659758462481361,0.11243734461996922
ergo_adaptive,142.33333333333337,0.11590980021129507,0.1123194295220787
ergo_adaptive,142.41666666666663,0.11462622123949122,0.11221952519945204
ergo_adaptive,142.5,0.1152902265404511,0.1121444828971585
ergo_adaptive,142.58333333333337,0.11446685443027373,0.11210422184943833
ergo_adaptive,142.66666666666663,0.11430347288404999,0.11206389878578492
ergo_adaptive,142.75,0.11438808334378522,0.11200452406299502
ergo_adaptive,142.83333333333337,0.1141138370680592,0.1119529036288358
ergo_adaptive,142.91666666666663,0.11373681173094088,0.11191706999294262
ergo_adaptive,143.0,0.1137503901632625,0.11189272353293807
ergo_adaptive,143.08333333333337,0.11312066219928618,0.11188937933826246
ergo_adaptive,143.16666666666663,0.11383155396841164,0.1119006438200355
ergo_adaptive,143.25,0.11396272774574243,0.11190150595477658
ergo_adaptive,143.33333333333337,0.11322644550230782,0.1119164969400045
ergo_adaptive,143.41666666666663,0.11320964453940384,0.1119404157227491
ergo_adaptive,143.5,0.11173831288422156,0.11197051701959401
ergo_adaptive,143.58333333333337,0.11242569508925006,0.11202054251771758
ergo_adaptive,143.66666666666663,0.11318692331569664,0.11207503674144775
ergo_adaptive,143.75,0.11274123445878917,0.1121461219549388
ergo_adaptive,143.83333333333337,0.11196697210087049,0.11226741250056724
ergo_adaptive,143.91666666666663,0.11197834217756837,0.11244120475001974
ergo_adaptive,144.0,0.1119529819495861,0.1125848855936834
ergo_adaptive,144.08333333333337,0.11285920592933245,0.11271170606180908
ergo_adaptive,144.16666666666663,0.11256657773938934,0.11285043575437277
ergo_adaptive,144.25,0.11247248451153699,0.11300321695021462
ergo_adaptive,144.33333333333337,0.11180106099983121,0.11314742362352553
ergo_adaptive,144.41666666666663,0.11186461308448784,0.11329193590532338
ergo_adaptive,144.5,0.11257897997203715,0.11345552824212742
ergo_adaptive,144.58333333333337,0.11302334649403574,0.11360718731445485
ergo_adaptive,144.66666666666663,0.11288030154209125,0.11371053130110911
ergo_adaptive,144.75,0.11274964362595544,0.11379670800338466
ergo_adaptive,144.83333333333337,0.11221881363894323,0.1138812808047801
ergo_adaptive,144.91666666666663,0.11183668275390321,0.1139697878741199
ergo_adaptive,145.0,0.11229139758560519,0.11404902932620542
ergo_adaptive,145.08333333333337,0.1129233276584525,0.1141054179535901
ergo_adaptive,145.16666666666663,0.11346352465456751,0.11415780724626717
ergo_adaptive,145.25,0.11449994080724672,0.11422244926247646
ergo_adaptive,145.33333333333337,0.11448802342940069,0.11428876247726674
ergo_adaptive,145.41666666666663,0.11489240776838593,0.11431744853861651
ergo_adaptive,145.5,0.1153915355305674,0.11430234099230525
ergo_adaptive,145.58333333333337,0.11473686911588411,0.1143108196934969
ergo_adaptive,145.66666666666663,0.11503907298315105,0.11436933646452921
ergo_adaptive,145.75,0.11538798941939085,0.11436874572605156
ergo_adaptive,145.83333333333337,0.11608356957882622,0.11429785195102499
ergo_adaptive,145.91666666666663,0.11560810799537137,0.11422863139181287
ergo_adaptive,146.0,0.11531131930505827,0.11424322691156705
ergo_adaptive,146.08333333333337,0.11491514217220321,0.11422935890280819
ergo_adaptive,146.16666666666663,0.11636216214317975,0.11411609717610179
ergo_adaptive,146.25,0.11667726656545484,0.11398714625158755
ergo_adaptive,146.33333333333337,0.11625506621485747,0.11392496915667122
ergo_adaptive,146.41666666666663,0.11755391926969122,0.11388933045712278
ergo_adaptive,146.5,0.11759591948920477,0.11377172287971925
ergo_adaptive,146.58333333333337,0.11783593058013553,0.11361333739226515
ergo_adaptive,146.66666666666663,0.11801975540596976,0.11348821229573414
ergo_adaptive,146.75,0.11824886487963436,0.11342125134617466
ergo_adaptive,146.83333333333337,0.11890346792802019,0.1133105935765815
ergo_adaptive,146.91666666666663,0.11904059589335263,0.11313342924485016
ergo_adaptive,147.0,0.11875672615925523,0.11297484695212488
ergo_adaptive,147.08333333333337,0.11961118147088613,0.1128691793846491
ergo_adaptive,147.16666666666663,0.12012779604771778,0.11276086316908399
ergo_adaptive,147.25,0.1204015415160125,0.1125973817263662
ergo_adaptive,147.33333333333337,0.12039613914656705,0.11241778414857309
ergo_adaptive,147.41666666666663,0.12114461693190094,0.11229002893860511
ergo_adaptive,147.5,0.12036404518224264,0.1121909965298658
ergo_adaptive,147.58333333333337,0.1208808250360555,0.11205407325469818
ergo_adaptive,147.66666666666663,0.12165425376148647,0.11188685190911897
ergo_adaptive,147.75,0.1212462711949494,0.11174346265286257
ergo_adaptive,147.83333333333337,0.1221023317795658,0.11163902484250467
ergo_adaptive,147.91666666666663,0.12314713048831877,0.1115233170169052
ergo_adaptive,148.0,0.12368929454166695,0.11137435190491046
ergo_adaptive,148.08333333333337,0.12332945395605556,0.11122882911446967
ergo_adaptive,148.16666666666663,0.12374334031722665,0.11111770597560745
ergo_adaptive,148.25,0.12382011860454019,0.11101652373986785
ergo_adaptive,148.33333333333337,0.12355793757269637,0.11089574817134783
ergo_adaptive,148.41666666666663,0.1238927449100246,0.1107704439968332
ergo_adaptive,148.5,0.12459776074357522,0.11067623104126324
ergo_adaptive,148.58333333333337,0.12406741397923217,0.11061191599971898
ergo_adaptive,148.66666666666663,0.12498012269511435,0.11053909530139094
ergo_adaptive,148.75,0.12608474901640332,0.11045343907543546
ergo_adaptive,148.83333333333337,0.1265207085986759,0.11039313903886808
ergo_adaptive,148.91666666666663,0.1268282400813503,0.11038032068531187
ergo_adaptive,149.0,0.1265998127505011,0.11036606601978703
ergo_adaptive,149.08333333333337,0.1265596890634089,0.11030759901828797
ergo_adaptive,149.16666666666663,0.126641913638368,0.11025101054443161
ergo_adaptive,149.25,0.12652224522711117,0.11027856150672918
ergo_adaptive,149.33333333333337,0.12629398427431804,0.11033275141535814
ergo_adaptive,149.41666666666663,0.12621473730357785,0.1102864016631682
ergo_adaptive,149.5,0.12583402731883195,0.11020237335283276
ergo_adaptive,149.58333333333337,0.12613315303839465,0.1101656463770231
ergo_adaptive,149.66666666666663,0.12645220135518526,0.11017435944115495
ergo_adaptive,149.75,0.1266000334894017,0.11015977091552862
ergo_adaptive,149.83333333333337,0.12651804790723922,0.11011229116221755
ergo_adaptive,149.91666666666663,0.1263970485617327,0.11007391933837907
ergo_adaptive,150.0,0.12610837494824026,0.11007318793287121
ergo_adaptive,150.08333333333337,0.1260101890934555,0.11010308493533236
ergo_adaptive,150.16666666666663,0.126077827811071,0.1101294517009967
ergo_adaptive,150.25,0.12604794773611688,0.11014952645446711
ergo_adaptive,150.33333333333337,0.12555596319964,0.11020155961103208
ergo_adaptive,150.41666666666663,0.12555930312148372,0.11034393686787038
ergo_adaptive,150.5,0.12612220256569467,0.11044259950017211
ergo_adaptive,150.58333333333337,0.12561989865963955,0.11045252914154549
ergo_adaptive,150.66666666666663,0.12522644223328155,0.11044027437255785
ergo_adaptive,150.75,0.12513365841880386,0.11045989634134179
ergo_adaptive,150.83333333333337,0.12493108185824436,0.11052139239684604
ergo_adaptive,150.91666666666663,0.12534357992465547,0.11060445794839238
ergo_adaptive,151.0,0.12490172735336912,0.11068051789420934
ergo_adaptive,151.08333333333337,0.12424544248864494,0.11076355886286089
ergo_adaptive,151.16666666666663,0.12424895203685792,0.11089951177227313
ergo_adaptive,151.25,0.12463713578470459,0.1110791034063885
ergo_adaptive,151.33333333333337,0.1236919663067099,0.11118974967577738
ergo_adaptive,151.41666666666663,0.12376339459717488,0.1112517256697611
ergo_adaptive,151.5,0.1229378195303288,0.11133714518795823
ergo_adaptive,151.58333333333337,0.12288225570980757,0.11145982057032258
ergo_adaptive,151.66666666666663,0.12280809363823283,0.11162720486401626
ergo_adaptive,151.75,0.12363477477775978,0.11183638307367272
ergo_adaptive,151.83333333333337,0.12406779524956137,0.11203061276881665
ergo_adaptive,151.91666666666663,0.12396098430600627,0.11221505433908686
ergo_adaptive,152.0,0.12381598667053972,0.11240538649874623
ergo_adaptive,152.08333333333337,0.12399416123569806,0.11269060219711094
ergo_adaptive,152.16666666666663,0.12441805190235777,0.1130774713281617
ergo_adaptive,152.25,0.12460690754924704,0.11348739443951755
ergo_adaptive,152.33333333333337,0.12514556325461829,0.11388853577938142
ergo_adaptive,152.41666666666663,0.12548325369413413,0.11427123267815162
ergo_adaptive,152.5,0.12564164083961923,0.11463734626760161
ergo_adaptive,152.58333333333337,0.12601975486626063,0.1149962054909425
ergo_adaptive,152.66666666666663,0.1262603553189823,0.11534583431962017
ergo_adaptive,152.75,0.1266971195399164,0.11567255188081546
ergo_adaptive,152.83333333333337,0.12698646860037927,0.11598033192277749
ergo_adaptive,152.91666666666663,0.12735459030279736,0.11628750421789409
ergo_adaptive,153.0,0.12711560100801284,0.11660079416818547
ergo_adaptive,153.08333333333337,0.12724233101593857,0.11689496754960067
ergo_adaptive,153.16666666666663,0.127878362795775,0.1171550377488338
ergo_adaptive,153.25,0.12849626244046677,0.11740437188919454
ergo_adaptive,153.33333333333337,0.12849195873498148,0.11768721636948042
ergo_adaptive,153.41666666666663,0.12873627898018586,0.11796337318914883
ergo_adaptive,153.5,0.12925854832061393,0.11818342638312954
ergo_adaptive,153.58333333333337,0.12936775482332835,0.11837139956342459
ergo_adaptive,153.66666666666663,0.13032997254219317,0.11857813342544918
ergo_adaptive,153.75,0.1306383499482144,0.11880751172663982
ergo_adaptive,153.83333333333337,0.1309316270947482,0.11899471117517017
ergo_adaptive,153.91666666666663,0.13164846420474458,0.11914295534176408
ergo_adaptive,154.0,0.1316482702631448,0.11928479648063688
ergo_adaptive,154.08333333333337,0.13191015173648427,0.11943858698732736
ergo_adaptive,154.16666666666663,0.13210417432254928,0.11959004375461176
ergo_adaptive,154.25,0.13217122638671794,0.11972309602140449
ergo_adaptive,154.33333333333337,0.1328934297961907,0.11984193344033894
ergo_adaptive,154.41666666666663,0.1326930295180873,0.11997144784511582
ergo_adaptive,154.5,0.1333111786049819,0.12012612917485507
ergo_adaptive,154.58333333333337,0.13370807201912135,0.1202651182343541
ergo_adaptive,154.66666666666663,0.13354776350446726,0.12034916415385549
ergo_adaptive,154.75,0.13356402546935142,0.12042266470371144
ergo_adaptive,154.83333333333337,0.134384884380032,0.12053443428749419
ergo_adaptive,154.91666666666663,0.13401539489185854,0.12064217554816208
ergo_adaptive,155.0,0.13464772624934485,0.12068053611138167
ergo_adaptive,155.08333333333337,0.13467300620894407,0.1206791236833309
ergo_adaptive,155.16666666666663,0.13629065385390543,0.12068058208532698
ergo_adaptive,155.25,0.13574223983986808,0.12070263747843135
ergo_adaptive,155.33333333333337,0.13558504244568342,0.12072430099856617
ergo_adaptive,155.41666666666663,0.13698115647647235,0.1207201885030039
ergo_adaptive,155.5,0.1370897145091914,0.12070488253542007
ergo_adaptive,155.58333333333337,0.13616722774647766,0.1207321957703435
ergo_adaptive,155.66666666666663,0.13636794940745023,0.1208185667339928
ergo_adaptive,155.75,0.136988877645656,0.12080268654826345
ergo_adaptive,155.83333333333337,0.13702344235907093,0.12070183964047954
ergo_adaptive,155.91666666666663,0.13630917422333377,0.12059455747236877
ergo_adaptive,156.0,0.13639170859402341,0.12048287024526869
ergo_adaptive,156.08333333333337,0.13585034549725855,0.12040530533616259
ergo_adaptive,156.16666666666663,0.1361945917273762,0.12051065899458262
ergo_adaptive,156.25,0.13715983308653665,0.12074817776693786
ergo_adaptive,156.33333333333337,0.13763037566088945,0.1210157131057475
ergo_adaptive,156.41666666666663,0.13739768958630152,0.12127239818353576
ergo_adaptive,156.5,0.13731805465623398,0.12151073049371278
ergo_adaptive,156.58333333333337,0.13722019083334244,0.12172261732796902
ergo_adaptive,156.66666666666663,0.1376528064426237,0.12189441085878998
ergo_adaptive,156.75,0.13835569621570054,0.12203372741529177
ergo_adaptive,156.83333333333337,0.13812390008672926,0.12217402398810001
ergo_adaptive,156.91666666666663,0.13828691187287126,0.12233169983414542
ergo_adaptive,157.0,0.13815332615532086,0.12246454911684344
ergo_adaptive,157.08333333333337,0.13837376802204557,0.122569793017907
ergo_adaptive,157.16666666666663,0.13900815178135445,0.1226928855916095
ergo_adaptive,157.25,0.13948156947438273,0.12287603481157951
ergo_adaptive,157.33333333333337,0.13940854548256099,0.12303184006236488
ergo_adaptive,157.41666666666663,0.1391659296076251,0.12312515606808583
ergo_adaptive,157.5,0.13987383807275833,0.12320758568398078
ergo_adaptive,157.58333333333337,0.1402384088168432,0.12334880481028
ergo_adaptive,157.66666666666663,0.14053751409947704,0.12349296294702738
ergo_adaptive,157.75,0.14109677526667505,0.1235531390392104
ergo_adaptive,157.83333333333337,0.14169803479826446,0.12356579290606165
ergo_adaptive,157.91666666666663,0.14143103024229922,0.12360038281996254
ergo_adaptive,158.0,0.14131673294149602,0.12366283760511883
ergo_adaptive,158.08333333333337,0.14111086204976456,0.12366913364611463
ergo_adaptive,158.16666666666663,0.14125440700583625,0.1236186001068444
ergo_adaptive,158.25,0.14126320437494583,0.123560317427348
ergo_adaptive,158.33333333333337,0.14169210113703018,0.1235219233309783
ergo_adaptive,158.41666666666663,0.14173516639004344,0.12348181538727268
ergo_adaptive,158.5,0.1417091232341836,0.12342229350202102
ergo_adaptive,158.58333333333337,0.14181490910519917,0.12336087510432323
ergo_adaptive,158.66666666666663,0.14100924990089583,0.12333479475593141
ergo_adaptive,158.75,0.14042144883733684,0.1233721559229794
ergo_adaptive,158.83333333333337,0.14050916929569018,0.12340274497289555
ergo_adaptive,158.91666666666663,0.14055849883408345,0.1233636837747745
ergo_adaptive,159.0,0.1412065854224455,0.12328961736997666
ergo_adaptive,159.08333333333337,0.14006387871166695,0.12323088298826866
ergo_adaptive,159.16666666666663,0.1397201405729817,0.12317653026108308
ergo_adaptive,159.25,0.1399043040506648,0.12312488559665472
ergo_adaptive,159.33333333333337,0.13945242099593866,0.12307513181384214
ergo_adaptive,159.41666666666663,0.13925010552230102,0.12300472097447028
ergo_adaptive,159.5,0.13869495264201726,0.12294511737752865
ergo_adaptive,159.58333333333337,0.1383541630845639,0.1228845513088102
ergo_adaptive,159.66666666666663,0.13875418046711455,0.12278819987835145
ergo_adaptive,159.75,0.1397384984012457,0.12267763940687525
ergo_adaptive,159.83333333333337,0.1389122023109946,0.12259033670228585
ergo_adaptive,159.91666666666663,0.13899214209103194,0.12249132198405194
ergo_adaptive,160.0,0.1383127545000338,0.12236739207372888
ergo_adaptive,160.08333333333337,0.13859232081859282,0.12222089666773402
ergo_adaptive,160.16666666666663,0.13865282039131457,0.12208023760044542
ergo_adaptive,160.25,0.13810284188894453,0.12200046844753158
ergo_adaptive,160.33333333333337,0.13840633827673163,0.12195995468735724
ergo_adaptive,160.41666666666663,0.13836806265164683,0.12186745709377642
ergo_adaptive,160.5,0.13845318002207896,0.12171816718757232
ergo_adaptive,160.58333333333337,0.13888024912660937,0.12160682181223809
ergo_adaptive,160.66666666666663,0.1390868951215403,0.12159835614370838
ergo_adaptive,160.75,0.13889921575017988,0.1215192117797248
ergo_adaptive,160.83333333333337,0.13831570267511797,0.12134350193855574
ergo_adaptive,160.91666666666663,0.13901790717422322,0.1211686020414357
ergo_adaptive,161.0,0.1383001440452087,0.12108967783670585
ergo_adaptive,161.08333333333337,0.13850047114823003,0.12103053820077159
ergo_adaptive,161.16666666666663,0.13760203768020632,0.12089630222358048
ergo_adaptive,161.25,0.137587822169908,0.12073552018865993
ergo_adaptive,161.33333333333337,0.13775067028733762,0.12063155782042187
ergo_adaptive,161.41666666666663,0.1375490452954139,0.1205931585958592
ergo_adaptive,161.5,0.13836620177557968,0.12050200326875903
ergo_adaptive,161.58333333333337,0.13786235391027418,0.12035911971247923
ergo_adaptive,161.66666666666663,0.13832819971322957,0.12024544617816431
ergo_adaptive,161.75,0.13880342112780483,0.12022017450875591
ergo_adaptive,161.83333333333337,0.13892844332654272,0.12016950554074766
ergo_adaptive,161.91666666666663,0.1395090045811976,0.12004133667984125
ergo_adaptive,162.0,0.13932520111940902,0.11991005482633481
ergo_adaptive,162.08333333333337,0.1392003493947696,0.11986590650828696
ergo_adaptive,162.16666666666663,0.13960002462849183,0.11984683335624183
ergo_adaptive,162.25,0.13936540955127677,0.11974054609983978
ergo_adaptive,162.33333333333337,0.13951150260988684,0.11960043824856956
ergo_adaptive,162.41666666666663,0.1396010249730477,0.11949854921248375
ergo_adaptive,162.5,0.13982182744797805,0.11944101144557694
ergo_adaptive,162.58333333333337,0.1395313467608712,0.11936870868963698
ergo_adaptive,162.66666666666663,0.1394144330766597,0.11927293070770814
ergo_adaptive,162.75,0.13920491962505355,0.11918711505746175
ergo_adaptive,162.83333333333337,0.139457774978666,0.11913457908304438
ergo_adaptive,162.91666666666663,0.1395807958984535,0.11909727633122898
ergo_adaptive,163.0,0.13956812476922636,0.1190512794046086
ergo_adaptive,163.08333333333337,0.13926369213587228,0.11900290229782073
ergo_adaptive,163.16666666666663,0.1386967569442911,0.11898356518579653
ergo_adaptive,163.25,0.13842727779536879,0.11900000863569689
ergo_adaptive,163.33333333333337,0.13836505391517914,0.11901426557284954
ergo_adaptive,163.41666666666663,0.13804266976145568,0.11901871038436189
ergo_adaptive,163.5,0.1377975283249843,0.11905057930144448
ergo_adaptive,163.58333333333337,0.1385783606263242,0.11912291220808041
ergo_adaptive,163.66666666666663,0.13787450805157278,0.11918921222098557
ergo_adaptive,163.75,0.13710255748460723,0.11923915905497251
ergo_adaptive,163.83333333333337,0.13666120581866867,0.11930642518927992
ergo_adaptive,163.91666666666663,0.1369531555266386,0.1194141968642327
ergo_adaptive,164.0,0.13725071010341125,0.11953899478643143
ergo_adaptive,164.08333333333337,0.13723776647254382,0.11964077596845737
ergo_adaptive,164.16666666666663,0.13689721351263626,0.11973092887354031
ergo_adaptive,164.25,0.136220485732651,0.11986629749078663
ergo_adaptive,164.33333333333337,0.13553365286206684,0.12004878513702666
ergo_adaptive,164.41666666666663,0.1355243473426339,0.12020729769084824
ergo_adaptive,164.5,0.13522840445855291,0.12033699458993644
ergo_adaptive,164.58333333333337,0.1354413869653552,0.12047573526128184
ergo_adaptive,164.66666666666663,0.13517012850481164,0.12060073155485267
ergo_adaptive,164.75,0.13562944780997538,0.12068507268385607
ergo_adaptive,164.83333333333337,0.13516892002567843,0.12075783054126615
ergo_adaptive,164.91666666666663,0.13500396212261737,0.1208659684054155
ergo_adaptive,165.0,0.13515873229072572,0.12091529409838787
ergo_adaptive,165.08333333333337,0.13563330553132436,0.1208845750505881
ergo_adaptive,165.16666666666663,0.13511080707180892,0.1208512220257521
ergo_adaptive,165.25,0.134881154098814,0.12087298894100328
ergo_adaptive,165.33333333333337,0.13443147872058356,0.12089611434673488
ergo_adaptive,165.41666666666663,0.13487423326004197,0.12083805204955823
ergo_adaptive,165.5,0.13471615261281145,0.1207560704859989
ergo_adaptive,165.58333333333337,0.13298191740062007,0.12072114819363201
ergo_adaptive,165.66666666666663,0.1335893838555348,0.1207299885240287
ergo_adaptive,165.75,0.13417292179824716,0.12066217847976718
ergo_adaptive,165.83333333333337,0.13394962854863354,0.12054302945350802
ergo_adaptive,165.91666666666663,0.13324716666578465,0.1204428469125449
ergo_adaptive,166.0,0.13382586554005596,0.12039803964632353
ergo_adaptive,166.08333333333337,0.13304447827683014,0.12032600345876711
ergo_adaptive,166.16666666666663,0.13268128654293224,0.12018422507616226
ergo_adaptive,166.25,0.1318609047243874,0.12002814000916999
ergo_adaptive,166.33333333333337,0.13198410171587685,0.11989941773172622
ergo_adaptive,166.41666666666663,0.13194958200907472,0.11979272209715768
ergo_adaptive,166.5,0.132387458696754,0.11969117468275302
ergo_adaptive,166.58333333333337,0.13169508003714137,0.11957791682193555
ergo_adaptive,166.66666666666663,0.1318356221546539,0.11947313960248516
ergo_adaptive,166.75,0.132059329960156,0.11941113415083858
ergo_adaptive,166.83333333333337,0.13112430707351477,0.11935398746606578
ergo_adaptive,166.91666666666663,0.1316025387237953,0.1192378304569713
ergo_adaptive,167.0,0.13141026088793012,0.11908198271235233
ergo_adaptive,167.08333333333337,0.13144085632707408,0.11893669186531892
ergo_adaptive,167.16666666666663,0.13039621546630234,0.1188193747030598
ergo_adaptive,167.25,0.12980663590034303,0.11873353235733727
ergo_adaptive,167.33333333333337,0.12863691188089743,0.1186410348800602
ergo_adaptive,167.41666666666663,0.1284990996576878,0.11851919047893249
ergo_adaptive,167.5,0.12835669749080117,0.11841243549542023
ergo_adaptive,167.58333333333337,0.12930111916350542,0.11835498885555107
ergo_adaptive,167.66666666666663,0.12885336672448366,0.118246474770908
ergo_adaptive,167.75,0.12938566135653476,0.11806871491900466
ergo_adaptive,167.83333333333337,0.13067404032451244,0.11786407115631087
ergo_adaptive,167.91666666666663,0.12977528646701933,0.11768962369762324
ergo_adaptive,168.0,0.13029504958964855,0.11755035951071321
ergo_adaptive,168.08333333333337,0.12956427803744378,0.11742590986679871
ergo_adaptive,168.16666666666663,0.12862564796654996,0.11729421480496983
ergo_adaptive,168.25,0.12821272936661776,0.1171878399222903
ergo_adaptive,168.33333333333337,0.127578641030271,0.1171476602898129
ergo_adaptive,168.41666666666663,0.12755358298353692,0.1171295679831606
ergo_adaptive,168.5,0.12731614421687493,0.11702857368133589
ergo_adaptive,168.58333333333337,0.12808930656437595,0.11688370669693582
ergo_adaptive,168.66666666666663,0.12702587290251316,0.11678677365294973
ergo_adaptive,168.75,0.12739476550316092,0.11673741417248308
ergo_adaptive,168.83333333333337,0.1272239597283413,0.11663413691721905
ergo_adaptive,168.91666666666663,0.12647581933007554,0.11648369176823029
ergo_adaptive,169.0,0.12723061604599875,0.11635272376296303
ergo_adaptive,169.08333333333337,0.12703811761522965,0.11625613334371379
ergo_adaptive,169.16666666666663,0.1256886010114492,0.11616835969352683
ergo_adaptive,169.25,0.12566068958269466,0.11605650085820031
ergo_adaptive,169.33333333333337,0.12604871531588674,0.11594662329667564
ergo_adaptive,169.41666666666663,0.12576874285167688,0.11586849759946787
ergo_adaptive,169.5,0.12676715703426839,0.11582000013567618
ergo_adaptive,169.58333333333337,0.1269003030873295,0.11575806840800794
ergo_adaptive,169.66666666666663,0.12721665552046055,0.11566185049724717
ergo_adaptive,169.75,0.12617470800867944,0.11558547682997347
ergo_adaptive,169.83333333333337,0.12709461999371463,0.11558126562569272
ergo_adaptive,169.91666666666663,0.12781465814926826,0.11557091341541025
ergo_adaptive,170.0,0.12727482529715595,0.11546112400754951
ergo_adaptive,170.08333333333337,0.12758565643080283,0.11532523377703834
ergo_adaptive,170.16666666666663,0.12760273839834851,0.11525457196564651
ergo_adaptive,170.25,0.1284566991898353,0.11521417360530212
ergo_adaptive,170.33333333333337,0.12798484170149071,0.11512303161310394
ergo_adaptive,170.41666666666663,0.1282404425146962,0.11498895369880045
ergo_adaptive,170.5,0.1271566593794647,0.11486565372077372
ergo_adaptive,170.58333333333337,0.12837890320174258,0.11478915128375193
ergo_adaptive,170.66666666666663,0.12826448392062242,0.11473744127138222
ergo_adaptive,170.75,0.12837935468919287,0.11466768058162362
ergo_adaptive,170.83333333333337,0.12819008471023272,0.11457822153439372
ergo_adaptive,170.91666666666663,0.12869117305934796,0.1145261700810379
ergo_adaptive,171.0,0.12857547398527922,0.1145414839836349
ergo_adaptive,171.08333333333337,0.12857095265346402,0.11449523344303353
ergo_adaptive,171.16666666666663,0.12794940933209567,0.11435380455746177
ergo_adaptive,171.25,0.12718939527565504,0.11418785997258735
ergo_adaptive,171.33333333333337,0.12712542860106668,0.11405283828443205
ergo_adaptive,171.41666666666663,0.12815417182001043,0.1140026960096997
ergo_adaptive,171.5,0.12751793100346195,0.11405402893453574
ergo_adaptive,171.58333333333337,0.1279895974061112,0.11403200351141829
ergo_adaptive,171.66666666666663,0.12676598124186456,0.11389582703631032
ergo_adaptive,171.75,0.12684517596193537,0.11373507555120063
ergo_adaptive,171.83333333333337,0.12603464435630896,0.11361316861421575
ergo_adaptive,171.91666666666663,0.12654572245436801,0.1135646973965375
ergo_adaptive,172.0,0.12618350729298905,0.11359192265384188
ergo_adaptive,172.08333333333337,0.1263414951929208,0.11361699889604926
ergo_adaptive,172.16666666666663,0.12636949456084268,0.11359782972759669
ergo_adaptive,172.25,0.12608707082376655,0.11359049499294152
ergo_adaptive,172.33333333333337,0.12650528338808503,0.11364421086736533
ergo_adaptive,172.41666666666663,0.12612265620486304,0.1137123406845977
ergo_adaptive,172.5,0.12483313910447862,0.1137438785219095
ergo_adaptive,172.58333333333337,0.1251817134132954,0.11376627054250438
ergo_adaptive,172.66666666666663,0.12364870704171019,0.11381709957972738
ergo_adaptive,172.75,0.12430739162931925,0.1139123148679123
ergo_adaptive,172.83333333333337,0.1250817973103711,0.11397258969920801
ergo_adaptive,172.91666666666663,0.12404828040952669,0.11397970407215947
ergo_adaptive,173.0,0.12276215358734854,0.11399972745483249
ergo_adaptive,173.08333333333337,0.1228381701433952,0.11422430364307744
ergo_adaptive,173.16666666666663,0.12295723303087629,0.1145791242369263
ergo_adaptive,173.25,0.12401283518595975,0.11497292874095551
ergo_adaptive,173.33333333333337,0.12413877594699531,0.11536875738962066
ergo_adaptive,173.41666666666663,0.12410268491332561,0.11573239708276443
ergo_adaptive,173.5,0.12401556085212623,0.1160431300590884
ergo_adaptive,173.58333333333337,0.12460692615634929,0.11630255821825493
ergo_adaptive,173.66666666666663,0.12482736892833035,0.1165248781616998
ergo_adaptive,173.75,0.12413856325267048,0.11671972199985807
ergo_adaptive,173.83333333333337,0.12523972965525423,0.11688191589173791
ergo_adaptive,173.91666666666663,0.1255286301976389,0.117009347549163
ergo_adaptive,174.0,0.12618036213932002,0.11712799564844138
ergo_adaptive,174.08333333333337,0.12661163531021985,0.11725120223277236
ergo_adaptive,174.16666666666663,0.12620483078211933,0.11736733108370098
ergo_adaptive,174.25,0.12630743206168574,0.11744500858332262
ergo_adaptive,174.33333333333337,0.12627594326686076,0.117498681625058
ergo_adaptive,174.41666666666663,0.12731929305137762,0.11759015017537236
ergo_adaptive,174.5,0.12785897591283263,0.11770120324555089
ergo_adaptive,174.58333333333337,0.1278869346859662,0.11773817367273991
ergo_adaptive,174.66666666666663,0.1287262487011434,0.1177079537582871
ergo_adaptive,174.75,0.12927479539754508,0.11769062102098271
ergo_adaptive,174.83333333333337,0.12926619913397797,0.11775367890634648
ergo_adaptive,174.91666666666663,0.12971639018331071,0.11773725322150912
ergo_adaptive,175.0,0.13029822761342566,0.11762216186297911
ergo_adaptive,175.08333333333337,0.13023026424391382,0.11749846257962163
ergo_adaptive,175.16666666666663,0.13042741295944815,0.11745828711535006
ergo_adaptive,175.25,0.13139050093059135,0.11744180417353667
ergo_adaptive,175.33333333333337,0.13118100882138212,0.1173655996446002
ergo_adaptive,175.41666666666663,0.131294790720172,0.11727450044079908
ergo_adaptive,175.5,0.13146008671135417,0.1172378789721951
ergo_adaptive,175.58333333333337,0.13156601118356226,0.11724676257808893
ergo_adaptive,175.66666666666663,0.13096952933653422,0.11721870389122545
ergo_adaptive,175.75,0.13124108332544882,0.11715460981083613
ergo_adaptive,175.83333333333337,0.13170482995333022,0.11710620511977769
ergo_adaptive,175.91666666666663,0.13142939357007857,0.1170974294458841
ergo_adaptive,176.0,0.13125579642178012,0.11708469414071074
ergo_adaptive,176.08333333333337,0.13187808590093827,0.11704348020795365
ergo_adaptive,176.16666666666663,0.131770654282557,0.11699721082719079
ergo_adaptive,176.25,0.13238199244535898,0.11697603634328727
ergo_adaptive,176.33333333333337,0.1321283738685305,0.11696719530473602
ergo_adaptive,176.41666666666663,0.13151823272053256,0.11694623473060008
ergo_adaptive,176.5,0.13115831092342986,0.11691669895737869
ergo_adaptive,176.58333333333337,0.13066274595123356,0.11690655407879115
ergo_adaptive,176.66666666666663,0.1316302627090092,0.11692995691280966
ergo_adaptive,176.75,0.13146522557022491,0.11695652074273391
ergo_adaptive,176.83333333333337,0.13185270933884738,0.11695561152157956
ergo_adaptive,176.91666666666663,0.13158310594435352,0.11696077521209701
ergo_adaptive,177.0,0.1313718748553413,0.11704370637883105
ergo_adaptive,177.08333333333337,0.1315006158907714,0.11713271131311359
ergo_adaptive,177.16666666666663,0.1310385348251217,0.11714679037130958
ergo_adaptive,177.25,0.13145881233802895,0.11713460744948762
ergo_adaptive,177.33333333333337,0.1309500683151849,0.11715259997902781
ergo_adaptive,177.41666666666663,0.1303737748774437,0.11721084967899088
ergo_adaptive,177.5,0.13015655018829952,0.11728105985362113
ergo_adaptive,177.58333333333337,0.1299513030352997,0.11735830115471849
ergo_adaptive,177.66666666666663,0.12956516105909102,0.11745479268350449
ergo_adaptive,177.75,0.12980273847036605,0.11760595036304647
ergo_adaptive,177.83333333333337,0.12989124049955314,0.11779102583474137
ergo_adaptive,177.91666666666663,0.1300717574342301,0.1179532518963942
ergo_adaptive,178.0,0.1304900135604343,0.11819165666121123
ergo_adaptive,178.08333333333337,0.130810041111316,0.11852971369362796
ergo_adaptive,178.16666666666663,0.131021309547432,0.1188969934024674
ergo_adaptive,178.25,0.13110166850725546,0.11927277456534578
ergo_adaptive,178.33333333333337,0.13122958683413,0.11964977512500473
ergo_adaptive,178.41666666666663,0.13153559246626803,0.12000799629744344
ergo_adaptive,178.5,0.13183252761850772,0.12033970475394319
ergo_adaptive,178.58333333333337,0.13233469074309231,0.12065518659236943
ergo_adaptive,178.66666666666663,0.13284312774330279,0.12097535324684341
ergo_adaptive,178.75,0.13354571900025072,0.12128080030213288
ergo_adaptive,178.83333333333337,0.13400359764494887,0.1215481765677244
ergo_adaptive,178.91666666666663,0.13406674234537497,0.12179019808776713
ergo_adaptive,179.0,0.13453148378416568,0.12205029549654
ergo_adaptive,179.08333333333337,0.1348663985482911,0.12232464555117929
ergo_adaptive,179.16666666666663,0.13539145573948413,0.1225368581174706
ergo_adaptive,179.25,0.1357496666361216,0.12270114202129702
ergo_adaptive,179.33333333333337,0.1356006368384916,0.12286319923423082
ergo_adaptive,179.41666666666663,0.13591087549696806,0.12303953994874182
ergo_adaptive,179.5,0.13691097808253944,0.12319248912613187
ergo_adaptive,179.58333333333337,0.13783747236983898,0.12330753699434598
ergo_adaptive,179.66666666666663,0.13763293179711203,0.12340438938283017
ergo_adaptive,179.75,0.13726086299303047,0.12350355561676529
ergo_adaptive,179.83333333333337,0.1367614262232221,0.12360416484517252
ergo_adaptive,179.91666666666663,0.13761157952986533,0.1236893225572981
ergo_adaptive,180.0,0.13786325500065136,0.12375363123655456
ergo_adaptive,180.08333333333337,0.1376775076320513,0.12382120465822223
ergo_adaptive,180.16666666666663,0.13749623756357826,0.12393613563181431
ergo_adaptive,180.25,0.13771881613973502,0.12403326911171308
ergo_adaptive,180.33333333333337,0.13823371781441943,0.12405712393420483
ergo_adaptive,180.41666666666663,0.13830947744216066,0.1240478292606695
ergo_adaptive,180.5,0.1382053584014896,0.12405921140319402
ergo_adaptive,180.58333333333337,0.13853165074632828,0.12407992516313486
ergo_adaptive,180.66666666666663,0.13924107014635442,0.12405490578061219
ergo_adaptive,180.75,0.14007699564916856,0.12399419313149436
ergo_adaptive,180.83333333333337,0.1394600419085051,0.12393180219436249
ergo_adaptive,180.91666666666663,0.13845157371075917,0.12388858783081264
ergo_adaptive,181.0,0.13824136627773506,0.12386659546145233
ergo_adaptive,181.08333333333337,0.13866419330979424,0.12383886951721827
ergo_adaptive,181.16666666666663,0.13909903211032867,0.12380639215037798
ergo_adaptive,181.25,0.1391472434209296,0.12380178176735396
ergo_adaptive,181.33333333333337,0.13946143589130738,0.12385012198684876
ergo_adaptive,181.41666666666663,0.13960735350844986,0.12385375572949722
ergo_adaptive,181.5,0.13862372757723396,0.12379714859131274
ergo_adaptive,181.58333333333337,0.13922491845519328,0.12372834579723667
ergo_adaptive,181.66666666666663,0.13871208516354053,0.12368818892135906
ergo_adaptive,181.75,0.13932439790134205,0.12366175690312482
ergo_adaptive,181.83333333333337,0.13812006107861835,0.12362667210674749
ergo_adaptive,181.91666666666663,0.1378879254994601,0.1235891747106399
ergo_adaptive,182.0,0.13785553462928624,0.1235683563532373
ergo_adaptive,182.08333333333337,0.13778544895242065,0.12358994454471205
ergo_adaptive,182.16666666666663,0.1375034496313303,0.12364625767010973
ergo_adaptive,182.25,0.13626795936524713,0.12367595579984121
ergo_adaptive,182.33333333333337,0.13726444560951329,0.12367831615759944
ergo_adaptive,182.41666666666663,0.1367808073698072,0.1236688797439898
ergo_adaptive,182.5,0.13583691207701076,0.12364487168516436
ergo_adaptive,182.58333333333337,0.1366738479809329,0.12359891584528311
ergo_adaptive,182.66666666666663,0.13672530256063173,0.12352967275446544
ergo_adaptive,182.75,0.13529032735226051,0.123446606353536
ergo_adaptive,182.83333333333337,0.13522810251615808,0.12334520564687282
ergo_adaptive,182.91666666666663,0.13512248309850783,0.12324103621988498
ergo_adaptive,183.0,0.1351872108939975,0.12310530809597131
ergo_adaptive,183.08333333333337,0.135014624119641,0.12294825377714878
ergo_adaptive,183.16666666666663,0.13397391198358125,0.12282826428337129
ergo_adaptive,183.25,0.13432374407229458,0.12272235646390107
ergo_adaptive,183.33333333333337,0.13274454420267232,0.12255483100512464
ergo_adaptive,183.41666666666663,0.13184603211344564,0.12233924501078454
ergo_adaptive,183.5,0.132140919855018,0.12213168757601817
ergo_adaptive,183.58333333333337,0.13205655688756895,0.12196301263186926
ergo_adaptive,183.66666666666663,0.12996440063929846,0.12184288467806996
ergo_adaptive,183.75,0.12988703317306113,0.12169971270173985
ergo_adaptive,183.83333333333337,0.12963917311985385,0.12146929497134042
ergo_adaptive,183.91666666666663,0.12975791533258124,0.12121723687033671
ergo_adaptive,184.0,0.1283834604497473,0.12098956140048127
ergo_adaptive,184.08333333333337,0.12845386073208992,0.12076489015390791
ergo_adaptive,184.16666666666663,0.1288741028823598,0.12048707324532473
ergo_adaptive,184.25,0.12801195057829967,0.12018050783094703
ergo_adaptive,184.33333333333337,0.12788675116124718,0.11989514116056266
ergo_adaptive,184.41666666666663,0.12769277346336727,0.11967967783088009
ergo_adaptive,184.5,0.1273160900994515,0.11954984696165286
ergo_adaptive,184.58333333333337,0.12903853088236883,0.11935506791170039
ergo_adaptive,184.66666666666663,0.12816960474755282,0.11908702391302094
ergo_adaptive,184.75,0.12804127748577968,0.11882612715885903
ergo_adaptive,184.83333333333337,0.12764837390646205,0.11860838711995332
ergo_adaptive,184.91666666666663,0.12943244484461755,0.11844046165474867
ergo_adaptive,185.0,0.12851156380044726,0.11830926063027378
ergo_adaptive,185.08333333333337,0.1293523559103968,0.11814948632663275
ergo_adaptive,185.16666666666663,0.12908903485046633,0.11796249961361518
ergo_adaptive,185.25,0.12883253520346663,0.117804998704266
ergo_adaptive,185.33333333333337,0.12910329737902973,0.11768502833208512
ergo_adaptive,185.41666666666663,0.12987793550078475,0.11753510583855971
ergo_adaptive,185.5,0.1301305630260256,0.11734651209066319
ergo_adaptive,185.58333333333337,0.1302050489753936,0.11717647763528266
ergo_adaptive,185.66666666666663,0.1295796530803782,0.11705221730261084
ergo_adaptive,185.75,0.12970075859475452,0.11700161317547181
ergo_adaptive,185.83333333333337,0.1294001038969596,0.11695751719650185
ergo_adaptive,185.91666666666663,0.12955705053547134,0.11684824821079055
ergo_adaptive,186.0,0.1291940271685174,0.11670997921562942
ergo_adaptive,186.08333333333337,0.12891756362532003,0.11660324669865106
ergo_adaptive,186.16666666666663,0.12969692746420755,0.11651742501120285
ergo_adaptive,186.25,0.12916881052099669,0.11643672160109574
ergo_adaptive,186.33333333333337,0.1303308401873907,0.11634951510806646
ergo_adaptive,186.41666666666663,0.13076161421134316,0.11628992827484344
ergo_adaptive,186.5,0.1307756848762144,0.11627428115780238
ergo_adaptive,186.58333333333337,0.13113867035352728,0.11631583488165674
ergo_adaptive,186.66666666666663,0.13116236632415745,0.11630225604192893
ergo_adaptive,186.75,0.1319911698386228,0.1162186282434082
ergo_adaptive,186.83333333333337,0.1317934574122129,0.11612430768847329
ergo_adaptive,186.91666666666663,0.13136380096125644,0.11607485554083379
ergo_adaptive,187.0,0.130955338294814,0.11605311853125952
ergo_adaptive,187.08333333333337,0.1307368202860903,0.1160359087493315
ergo_adaptive,187.16666666666663,0.13103786377193138,0.1159992146447121
ergo_adaptive,187.25,0.13127612660744153,0.11597456496259016
ergo_adaptive,187.33333333333337,0.1322187660287135,0.11600543012892572
ergo_adaptive,187.41666666666663,0.1327874940324821,0.11604507652282796
ergo_adaptive,187.5,0.13320667624036864,0.11600812576653767
ergo_adaptive,187.58333333333337,0.1332095724280749,0.11593354390904474
ergo_adaptive,187.66666666666663,0.13320934318431618,0.11591548141042213
ergo_adaptive,187.75,0.13314233325052371,0.11593429191141932
ergo_adaptive,187.83333333333337,0.13351464719612582,0.11591538991639627
ergo_adaptive,187.91666666666663,0.13392690566993462,0.11585780555619488
ergo_adaptive,188.0,0.1338364454191413,0.11582028147154529
ergo_adaptive,188.08333333333337,0.13443226793636295,0.11582798043087725
ergo_adaptive,188.16666666666663,0.13443679758822732,0.11583496890731196
ergo_adaptive,188.25,0.13436991407562515,0.11582190531931781
ergo_adaptive,188.33333333333337,0.13414878561126092,0.1158130745817292
ergo_adaptive,188.41666666666663,0.13422313475482053,0.11584701939406995
ergo_adaptive,188.5,0.13456911277110115,0.11590570906598201
ergo_adaptive,188.58333333333337,0.1348827003470257,0.11596281731057918
ergo_adaptive,188.66666666666663,0.1343441495827946,0.1160197289579372
ergo_adaptive,188.75,0.13469329335245725,0.1161059277334815
ergo_adaptive,188.83333333333337,0.1351253032757633,0.11623884654897448
ergo_adaptive,188.91666666666663,0.1344296530240633,0.11638882133339506
ergo_adaptive,189.0,0.1342876971063305,0.11653095044339831
ergo_adaptive,189.08333333333337,0.13421697580043024,0.11668820234287403
ergo_adaptive,189.16666666666663,0.13422548313555702,0.11687959070699755
ergo_adaptive,189.25,0.1347768092033774,0.11705782258442458
ergo_adaptive,189.33333333333337,0.13551183710733145,0.11716792590107378
ergo_adaptive,189.41666666666663,0.1353095952957249,0.11721676156491442
ergo_adaptive,189.5,0.13649486278091563,0.11725916685820983
ergo_adaptive,189.58333333333337,0.13676547885020604,0.11732978608751114
ergo_adaptive,189.66666666666663,0.13745873583987814,0.11737981409630326
ergo_adaptive,189.75,0.13722348710126872,0.11738147588008822
ergo_adaptive,189.83333333333337,0.13788467764475504,0.11737054834048799
ergo_adaptive,189.91666666666663,0.13753318484976232,0.11739199620157678
ergo_adaptive,190.0,0.1376132848145043,0.11741884457450072
ergo_adaptive,190.08333333333337,0.13749835103529034,0.11740006078878523
ergo_adaptive,190.16666666666663,0.13743806506524853,0.11735595963285338
ergo_adaptive,190.25,0.13717705978691597,0.11732987781036831
ergo_adaptive,190.33333333333337,0.13778725520068993,0.11732306968630536
ergo_adaptive,190.41666666666663,0.13905737647481972,0.1172949558717286
ergo_adaptive,190.5,0.13917908989691985,0.11724025186623543
ergo_adaptive,190.58333333333337,0.1381854475777001,0.11719044143000507
ergo_adaptive,190.66666666666663,0.13814381896533726,0.11716257118831948
ergo_adaptive,190.75,0.13851803038229146,0.11712706594109579
ergo_adaptive,190.83333333333337,0.13873556564309003,0.11706008693911672
ergo_adaptive,190.91666666666663,0.13817019062794056,0.1169877589386348
ergo_adaptive,191.0,0.13848754042475028,0.11694186542945335
ergo_adaptive,191.08333333333337,0.13743484330127972,0.11690739942798443
ergo_adaptive,191.16666666666663,0.13712041018996857,0.11685595337281855
ergo_adaptive,191.25,0.13695070531651626,0.11679531821362735
ergo_adaptive,191.33333333333337,0.13596459599693136,0.11685277878566562
ergo_adaptive,191.41666666666663,0.13592319125858657,0.11710578529829263
ergo_adaptive,191.5,0.13642644214577032,0.11746023788722396
ergo_adaptive,191.58333333333337,0.13707553912468257,0.11784959898035781
ergo_adaptive,191.66666666666663,0.1381491721571739,0.1182326243046877
ergo_adaptive,191.75,0.1385802462092005,0.11856340932653095
ergo_adaptive,191.83333333333337,0.13880669090976674,0.11883906844382026
ergo_adaptive,191.91666666666663,0.13893705518784433,0.11910398917524659
ergo_adaptive,192.0,0.13969044915062837,0.11939060563081401
ergo_adaptive,192.08333333333337,0.13991131071292282,0.11964005072231532
ergo_adaptive,192.16666666666663,0.14061249708817666,0.11984281354853052
ergo_adaptive,192.25,0.14078992064550006,0.1200365918141359
ergo_adaptive,192.33333333333337,0.14120577196729225,0.12026458464987395
ergo_adaptive,192.41666666666663,0.141840840340217,0.12049765686631649
ergo_adaptive,192.5,0.1422497960970649,0.1207041741744211
ergo_adaptive,192.58333333333337,0.14330514725915633,0.12089735838657305
ergo_adaptive,192.66666666666663,0.1436780014187964,0.1211042566504541
ergo_adaptive,192.75,0.14434097054964792,0.12132924340108958
ergo_adaptive,192.83333333333337,0.1448645092770489,0.12154066066529103
ergo_adaptive,192.91666666666663,0.14486706936954935,0.12173213924102727
ergo_adaptive,193.0,0.14499179226587772,0.12191916996095185
ergo_adaptive,193.08333333333337,0.14497476697555609,0.1221144398227538
ergo_adaptive,193.16666666666663,0.1445317536222426,0.12229543581451871
ergo_adaptive,193.25,0.14505732675084418,0.12243887900279757
ergo_adaptive,193.33333333333337,0.14502756815188156,0.12255438193315223
ergo_adaptive,193.41666666666663,0.14527769718598932,0.12265459077121214
ergo_adaptive,193.5,0.14504216873887768,0.12273686064649857
ergo_adaptive,193.58333333333337,0.14505084048025635,0.12280897094690656
ergo_adaptive,193.66666666666663,0.14443369261216613,0.12289830928214744
ergo_adaptive,193.75,0.1446569632529741,0.12302403288129625
ergo_adaptive,193.83333333333337,0.1439828422402448,0.1232022438298169
ergo_adaptive,193.91666666666663,0.14352022300146403,0.12339561662752328
ergo_adaptive,194.0,0.1436645437997866,0.12362023177083929
ergo_adaptive,194.08333333333337,0.14362559142410194,0.1238844447379316
ergo_adaptive,194.16666666666663,0.14391578404030014,0.12419277940591487
ergo_adaptive,194.25,0.1440787280184445,0.12452407066653484
ergo_adaptive,194.33333333333337,0.14454651165754245,0.12486741724733652
ergo_adaptive,194.41666666666663,0.14431021944757846,0.12521546252760127
ergo_adaptive,194.5,0.14448903175781597,0.12556359861629282
ergo_adaptive,194.58333333333337,0.14503617480028277,0.12590896524964482
ergo_adaptive,194.66666666666663,0.14523651319038597,0.12624984604799147
ergo_adaptive,194.75,0.1453837779087895,0.1265853247349653
ergo_adaptive,194.83333333333337,0.14541199262077514,0.12691528860732829
ergo_adaptive,194.91666666666663,0.1462109786884885,0.12723918781330437
ergo_adaptive,195.0,0.14641027942148546,0.12755713839425714
ergo_adaptive,195.08333333333337,0.14636312124098047,0.12786937686938968
ergo_adaptive,195.16666666666663,0.14702663347061978,0.12817623772504608
ergo_adaptive,195.25,0.14752416485979808,0.12847809621519632
ergo_adaptive,195.33333333333337,0.14784011090764715,0.12877532776956174
ergo_adaptive,195.41666666666663,0.1473772733709888,0.12906837105153532
ergo_adaptive,195.5,0.14798291833700863,0.12935788483025207
ergo_adaptive,195.58333333333337,0.14793500279007657,0.1296437806944023
ergo_adaptive,195.66666666666663,0.14858410069073077,0.12992630200955885
ergo_adaptive,195.75,0.14878924959174739,0.13020562757761991
ergo_adaptive,195.83333333333337,0.14908875031841434,0.13048188928040408
ergo_adaptive,195.91666666666663,0.14897679383804546,0.13075526083270111
ergo_adaptive,196.0,0.14954585420032274,0.13102602436558428
ergo_adaptive,196.08333333333337,0.15033849675187502,0.13129432681863756
ergo_adaptive,196.16666666666663,0.1507047037955465,0.1315604536893088
ergo_adaptive,196.25,0.1504824261924689,0.13182459378811384
ergo_adaptive,196.33333333333337,0.1504939928640658,0.13208686404689216
ergo_adaptive,196.41666666666663,0.15085325745568515,0.132347226647966
ergo_adaptive,196.5,0.15100471320883319,0.13260574392142513
ergo_adaptive,196.58333333333337,0.15122735165338907,0.13286242114279312
ergo_adaptive,196.66666666666663,0.1513012400001754,0.13311706614477462
ergo_adaptive,196.75,0.15222352071721196,0.1333696591264942
ergo_adaptive,196.83333333333337,0.1519485021395942,0.13362038558230926
ergo_adaptive,196.91666666666663,0.15226242991469702,0.13386900198715165
ergo_adaptive,197.0,0.1530357006162014,0.13411548040023397
ergo_adaptive,197.08333333333337,0.15330180990811057,0.13435983632495668
ergo_adaptive,197.16666666666663,0.15356002072370462,0.13460250666116683
ergo_adaptive,197.25,0.15417018851696468,0.1348434645535503
ergo_adaptive,197.33333333333337,0.1547039388776244,0.135081178849212
ergo_adaptive,197.41666666666663,0.15507154822029584,0.13531652030272673
ergo_adaptive,197.5,0.15520723954750135,0.135551749935138
ergo_adaptive,197.58333333333337,0.1551930808434973,0.13578440450073342
ergo_adaptive,197.66666666666663,0.1556988394667876,0.1360141120443964
ergo_adaptive,197.75,0.15543156542069445,0.13624525793757009
ergo_adaptive,197.83333333333337,0.15578509797717788,0.13647668504737503
ergo_adaptive,197.91666666666663,0.15610063882856687,0.13670795631187177
ergo_adaptive,198.0,0.15643195521929246,0.13693853822155608
ergo_adaptive,198.08333333333337,0.15638019080188031,0.13716636248195313
ergo_adaptive,198.16666666666663,0.15668777985068771,0.13738793594155077
ergo_adaptive,198.25,0.15662178634551255,0.13762918248520825
ergo_adaptive,198.33333333333337,0.15616426834905872,0.13781779087457657
ergo_adaptive,198.41666666666663,0.1563666005848954,0.13793714350378983
ergo_adaptive,198.5,0.1565943318187838,0.1380189349337323
ergo_adaptive,198.58333333333337,0.15679809508338216,0.13811683809408518
ergo_adaptive,198.66666666666663,0.15695084700796932,0.1382126433208538
ergo_adaptive,198.75,0.1560305870262557,0.13826319314110053
ergo_adaptive,198.83333333333337,0.15613896454884826,0.13829406530535898
ergo_adaptive,198.91666666666663,0.15667724141978112,0.13834669251096351
ergo_adaptive,199.0,0.1569387017612256,0.13842551369748793
ergo_adaptive,199.08333333333337,0.15614591562470376,0.13845334464446638
ergo_adaptive,199.16666666666663,0.1560309049933477,0.13844116572318035
ergo_adaptive,199.25,0.1566248970692156,0.1384449607189375
ergo_adaptive,199.33333333333337,0.1565936877279261,0.13849584027057327
ergo_adaptive,199.41666666666663,0.1563064720302479,0.13851253453918075
ergo_adaptive,199.5,0.15555891613816786,0.1384732228276188
ergo_adaptive,199.58333333333337,0.15595585245336643,0.13843574317828264
ergo_adaptive,199.66666666666663,0.1562317973744664,0.13843688973289744
ergo_adaptive,199.75,0.15689987902945451,0.13843197577792463
ergo_adaptive,199.83333333333337,0.15684968197462193,0.13837337208749834
ergo_adaptive,199.91666666666663,0.15690687941712708,0.13829138624203072
ergo_adaptive,200.0,0.156317045196157,0.13822049140482642
ergo_adaptive,200.08333333333337,0.15497463718232454,0.13815585478449371
ergo_adaptive,200.16666666666663,0.1552409305064529,0.13806884834812555
ergo_adaptive,200.25,0.15527801236443087,0.1379611731710094
ergo_adaptive,200.33333333333337,0.15487843308879362,0.1378401547450117
ergo_adaptive,200.41666666666663,0.15303732605894468,0.13772213817586046
ergo_adaptive,200.5,0.1545604710391208,0.13759198853724922
ergo_adaptive,200.58333333333337,0.1538301117703204,0.13738017913023226
ergo_adaptive,200.66666666666663,0.15451248957813074,0.13708887217641705
ergo_adaptive,200.75,0.15422932704329015,0.13676485520489615
ergo_adaptive,200.83333333333337,0.1548041669393679,0.1364363693993536
ergo_adaptive,200.91666666666663,0.15369073731667804,0.13611661639843115
ergo_adaptive,201.0,0.15343879119350223,0.1358354491121771
ergo_adaptive,201.08333333333337,0.1532216530037564,0.13555453823516556
ergo_adaptive,201.16666666666663,0.1530833250926983,0.13525515198704768
ergo_adaptive,201.25,0.15268461108268927,0.13493906707549502
ergo_adaptive,201.33333333333337,0.15109661457469792,0.1346194905830366
ergo_adaptive,201.41666666666663,0.1505737486567447,0.1343386635440508
ergo_adaptive,201.5,0.150075098700749,0.13413362995808817
ergo_adaptive,201.58333333333337,0.15018822109827332,0.13394794984152583
ergo_adaptive,201.66666666666663,0.1481882039279021,0.13364695358422754
ergo_adaptive,201.75,0.14815930185589238,0.13327449137777203
ergo_adaptive,201.83333333333337,0.1488822695744159,0.13293473002005435
ergo_adaptive,201.91666666666663,0.14882858169462135,0.13263944163792807
ergo_adaptive,202.0,0.14840242644487214,0.13237173351556322
ergo_adaptive,202.08333333333337,0.14766428813089175,0.1321047498051766
ergo_adaptive,202.16666666666663,0.14796076272632408,0.13181559981207644
ergo_adaptive,202.25,0.14697519125931224,0.1315645270440502
ergo_adaptive,202.33333333333337,0.14593605332733242,0.13140492225228098
ergo_adaptive,202.41666666666663,0.1449850688364111,0.1312023730428742
ergo_adaptive,202.5,0.1430400987244696,0.13088148700135507
ergo_adaptive,202.58333333333337,0.14181470868039947,0.13053253747275648
ergo_adaptive,202.66666666666663,0.14139755519204397,0.130240979565591
ergo_adaptive,202.75,0.14174297280882125,0.12997959313708254
ergo_adaptive,202.83333333333337,0.14079184424484428,0.12967058467655418
ergo_adaptive,202.91666666666663,0.1407748643250298,0.12932829509302365
ergo_adaptive,203.0,0.14003974553144577,0.1290059452796764
ergo_adaptive,203.08333333333337,0.1390176467635223,0.12875367430183368
ergo_adaptive,203.16666666666663,0.13829535431064707,0.12853207495032137
ergo_adaptive,203.25,0.1386638352159397,0.12828250483194586
ergo_adaptive,203.33333333333337,0.13869983677765033,0.12801494158246052
ergo_adaptive,203.41666666666663,0.1382900169173018,0.12780091683542488
ergo_adaptive,203.5,0.13823130937298506,0.12765748863468043
ergo_adaptive,203.58333333333337,0.13866415334423823,0.12742207147341628
ergo_adaptive,203.66666666666663,0.13822409286834447,0.12710035319809998
ergo_adaptive,203.75,0.13790998678820063,0.12676216253870962
ergo_adaptive,203.83333333333337,0.13684466389463582,0.1264633665781389
ergo_adaptive,203.91666666666663,0.13643744005520467,0.12622790453364882
ergo_adaptive,204.0,0.13671730104016427,0.1260398265560165
ergo_adaptive,204.08333333333337,0.1360354309647292,0.12580336138821516
ergo_adaptive,204.16666666666663,0.13611739767611586,0.12549757085750093
ergo_adaptive,204.25,0.13525924195152492,0.12517366303983796
ergo_adaptive,204.33333333333337,0.13511540170560046,0.1248637998119385
ergo_adaptive,204.41666666666663,0.13463044182599665,0.12459411637428801
ergo_adaptive,204.5,0.1354597737470951,0.12440907752548794
ergo_adaptive,204.58333333333337,0.135712503422788,0.12417343925742252
ergo_adaptive,204.66666666666663,0.1361073966382036,0.12379745046364432
ergo_adaptive,204.75,0.1364373321051245,0.12337497550255468
ergo_adaptive,204.83333333333337,0.1354494230429126,0.12297062390458208
ergo_adaptive,204.91666666666663,0.1355058471120305,0.12262110080711071
ergo_adaptive,205.0,0.1358521874456301,0.12227894402034742
ergo_adaptive,205.08333333333337,0.1349885538543686,0.12190421997257048
ergo_adaptive,205.16666666666663,0.13541767940283986,0.12151659206781819
ergo_adaptive,205.25,0.13654570176941158,0.12121164509427432
ergo_adaptive,205.33333333333337,0.13534817956373865,0.12098581754857184
ergo_adaptive,205.41666666666663,0.13553465175726387,0.12070889411821073
ergo_adaptive,205.5,0.1348379771895208,0.12037503373460423
ergo_adaptive,205.58333333333337,0.1358513362162406,0.12009967721935261
ergo_adaptive,205.66666666666663,0.13497954944701668,0.11994547011042674
ergo_adaptive,205.75,0.13553935907207654,0.11975230071894272
ergo_adaptive,205.83333333333337,0.13553775435730145,0.1194649803303168
ergo_adaptive,205.91666666666663,0.13625035078763975,0.11916652165873537
ergo_adaptive,206.0,0.13617303537857822,0.11893548233921963
ergo_adaptive,206.08333333333337,0.13573907210342326,0.11873649172211034
ergo_adaptive,206.16666666666663,0.1353886108795283,0.11850402820490454
ergo_adaptive,206.25,0.1348505365080996,0.11824856212937553
ergo_adaptive,206.33333333333337,0.1350953642667196,0.11801543396279567
ergo_adaptive,206.41666666666663,0.1359138275274724,0.11781820055857738
ergo_adaptive,206.5,0.13619702095306055,0.11762678270968083
ergo_adaptive,206.58333333333337,0.13552253943601256,0.11741485324976263
ergo_adaptive,206.66666666666663,0.13501658196726918,0.11720422692698125
ergo_adaptive,206.75,0.1356309395030673,0.1170369457610591
ergo_adaptive,206.83333333333337,0.13473816140854325,0.11690294371121576
ergo_adaptive,206.91666666666663,0.13443640392991824,0.11672753410739742
ergo_adaptive,207.0,0.13388108681202424,0.11652865270303048
ergo_adaptive,207.08333333333337,0.13296518657489195,0.1163916796084772
ergo_adaptive,207.16666666666663,0.1334445736101007,0.11634547839251773
ergo_adaptive,207.25,0.13296755260840007,0.1162199943792771
ergo_adaptive,207.33333333333337,0.13256945903254339,0.11601412615507092
ergo_adaptive,207.41666666666663,0.13288375272945246,0.11583821222170598
ergo_adaptive,207.5,0.13206835402032577,0.11577468521179474
ergo_adaptive,207.58333333333337,0.1318486321774358,0.11568170078291368
ergo_adaptive,207.66666666666663,0.13157735603864004,0.11550554363685295
ergo_adaptive,207.75,0.13124200381773032,0.11532186167380945
ergo_adaptive,207.83333333333337,0.13179452078075785,0.11519605182492422
ergo_adaptive,207.91666666666663,0.13183061443474817,0.11510411726088128
ergo_adaptive,208.0,0.13150195797985526,0.11499282275074606
ergo_adaptive,208.08333333333337,0.12959786755090638,0.11486938156388415
ergo_adaptive,208.16666666666663,0.13000516287252645,0.11476881285140896
ergo_adaptive,208.25,0.12970318127588706,0.11472287234114217
ergo_adaptive,208.33333333333337,0.12933489372541848,0.11469529204338072
ergo_adaptive,208.41666666666663,0.12836363971201234,0.11463493749602059
ergo_adaptive,208.5,0.12874073184313492,0.11457460950617157
ergo_adaptive,208.58333333333337,0.12784337805753485,0.11457326945535629
ergo_adaptive,208.66666666666663,0.1280417503009838,0.11462484693024702
ergo_adaptive,208.75,0.12779191409576082,0.11458852035080538
ergo_adaptive,208.83333333333337,0.12799544998769655,0.11450922442016817
ergo_adaptive,208.91666666666663,0.12784123689659566,0.11445912081324301
ergo_adaptive,209.0,0.1275065125314579,0.11445434817815617
ergo_adaptive,209.08333333333337,0.1281920610508115,0.11449037919308441
ergo_adaptive,209.16666666666663,0.1275077261720416,0.1145548444620313
ergo_adaptive,209.25,0.12691040050700803,0.11461923647867496
ergo_adaptive,209.33333333333337,0.12582117902941942,0.11472050974309458
ergo_adaptive,209.41666666666663,0.12632705091452318,0.1148874925687751
ergo_adaptive,209.5,0.12579808714287766,0.11505325015987976
ergo_adaptive,209.58333333333337,0.12570781338052275,0.11515661263016674
ergo_adaptive,209.66666666666663,0.12581678812001496,0.11524232972717113
ergo_adaptive,209.75,0.12609845685073148,0.11536557561746721
ergo_adaptive,209.83333333333337,0.12541712504904687,0.11551293634667552
ergo_adaptive,209.91666666666663,0.12567953881527422,0.1156346075089652
ergo_adaptive,210.0,0.1254747575276096,0.11572494419067664
ergo_adaptive,210.08333333333337,0.12554466860001473,0.11582565072921104
ergo_adaptive,210.16666666666663,0.12559379742822416,0.11594795686150981
ergo_adaptive,210.25,0.12546759330826895,0.1160701451821616
ergo_adaptive,210.33333333333337,0.12511442755008167,0.11617447839709086
ergo_adaptive,210.41666666666663,0.12590525244764306,0.11627793441021134
ergo_adaptive,210.5,0.12599409809489134,0.11640379509052128
ergo_adaptive,210.58333333333337,0.12557668161161945,0.11653844933887546
ergo_adaptive,210.66666666666663,0.12511110644167514,0.11666171584096215
ergo_adaptive,210.75,0.1251249951146581,0.11678213077943915
ergo_adaptive,210.83333333333337,0.12510205852979667,0.11692498132836136
ergo_adaptive,210.91666666666663,0.12535376170436555,0.11709414494229042
ergo_adaptive,211.0,0.12533174931526744,0.11725695831471177
ergo_adaptive,211.08333333333337,0.12540439200490355,0.11739789597645647
ergo_adaptive,211.16666666666663,0.12553790915847304,0.11754042747031342
ergo_adaptive,211.25,0.12564117308107842,0.11770560296534838
ergo_adaptive,211.33333333333337,0.12571173226524646,0.11787622750171871
ergo_adaptive,211.41666666666663,0.12544386751402142,0.11803707302633741
ergo_adaptive,211.5,0.1258716629772035,0.11821465368512712
ergo_adaptive,211.58333333333337,0.12629394377299644,0.11840703641479418
ergo_adaptive,211.66666666666663,0.12678405181704455,0.11860684853673656
ergo_adaptive,211.75,0.12681224189029847,0.11878916499677698
ergo_adaptive,211.83333333333337,0.12706381125029345,0.11894636403098864
ergo_adaptive,211.91666666666663,0.12677538774763727,0.11911615519542705
ergo_adaptive,212.0,0.12697194516556057,0.11930790653806955
ergo_adaptive,212.08333333333337,0.1271622075239524,0.11946251600028246
ergo_adaptive,212.16666666666663,0.1272073178404043,0.11958162241098362
ergo_adaptive,212.25,0.12732904694254346,0.11969659627447615
ergo_adaptive,212.33333333333337,0.12799538045276285,0.1198258173735707
ergo_adaptive,212.41666666666663,0.1279158074668148,0.11994119408158642
ergo_adaptive,212.5,0.12869362818374194,0.12002856618692576
ergo_adaptive,212.58333333333337,0.12856201934429126,0.12010111807950269
ergo_adaptive,212.66666666666663,0.12914211491437322,0.12017680189559006
ergo_adaptive,212.75,0.12950389068114787,0.12024973882639133
ergo_adaptive,212.83333333333337,0.12930234075501856,0.12029952345486848
ergo_adaptive,212.91666666666663,0.12941034049931263,0.12033899820358711
ergo_adaptive,213.0,0.12952156805304613,0.12038852476401249
ergo_adaptive,213.08333333333337,0.12992173654553774,0.12046726848768066
ergo_adaptive,213.16666666666663,0.12979659756577963,0.12053506027711591
ergo_adaptive,213.25,0.1299118994690641,0.12054331848873426
ergo_adaptive,213.33333333333337,0.13041538747990178,0.12053621371395921
ergo_adaptive,213.41666666666663,0.1304130447127047,0.12056723362669801
ergo_adaptive,213.5,0.13155472437983132,0.12060537704222488
ergo_adaptive,213.58333333333337,0.13151082817131113,0.12060180692981554
ergo_adaptive,213.66666666666663,0.13158877351363438,0.120566971784678
ergo_adaptive,213.75,0.1314905153092061,0.12053735947384908
ergo_adaptive,213.83333333333337,0.13235231092106792,0.12053505995577768
ergo_adaptive,213.91666666666663,0.13345482056947322,0.12056247623958948
ergo_adaptive,214.0,0.13413464098099187,0.1205755976417682
ergo_adaptive,214.08333333333337,0.13430361965512833,0.12055308793655532
ergo_adaptive,214.16666666666663,0.13526559004282512,0.12053543145496771
ergo_adaptive,214.25,0.13537561423351427,0.12055960410017313
ergo_adaptive,214.33333333333337,0.1356417737108567,0.12055724882305116
ergo_adaptive,214.41666666666663,0.1347524725087679,0.1204975217626681
ergo_adaptive,214.5,0.13500521792168754,0.12041545331543839
ergo_adaptive,214.58333333333337,0.13570952403027342,0.12034998724711098
ergo_adaptive,214.66666666666663,0.13555267868539497,0.12032321075489712
ergo_adaptive,214.75,0.13612287129606032,0.12031959301086032
ergo_adaptive,214.83333333333337,0.13709023093638895,0.12028748241061665
ergo_adaptive,214.91666666666663,0.13625863656935813,0.1202197078117879
ergo_adaptive,215.0,0.13732483608315194,0.12016620329944096
ergo_adaptive,215.08333333333337,0.1376197085974592,0.12013416700305357
ergo_adaptive,215.16666666666663,0.1376904190223107,0.12006943181881984
ergo_adaptive,215.25,0.13820655640738297,0.11995962973175385
ergo_adaptive,215.33333333333337,0.1377424368426845,0.11984530340052375
ergo_adaptive,215.41666666666663,0.13802195342840248,0.11976530882598159
ergo_adaptive,215.5,0.13794000054182629,0.11974582591850659
ergo_adaptive,215.58333333333337,0.13834235800631883,0.1197433636851158
ergo_adaptive,215.66666666666663,0.13874109953500016,0.1196700208276314
ergo_adaptive,215.75,0.13870257355979,0.11955331460679451
ergo_adaptive,215.83333333333337,0.1390244613805107,0.11944931264893463
ergo_adaptive,215.91666666666663,0.13900987112460964,0.11935829026690019
ergo_adaptive,216.0,0.13851341886826998,0.11925790917756757
ergo_adaptive,216.08333333333337,0.13793028905251026,0.11914478904023951
ergo_adaptive,216.16666666666663,0.13796280684592951,0.11903209943666282
ergo_adaptive,216.25,0.13867727267246047,0.1189602690555857
ergo_adaptive,216.33333333333337,0.13917279866880244,0.11896552090008745
ergo_adaptive,216.41666666666663,0.1382581057787232,0.1189157342757196
ergo_adaptive,216.5,0.1374223905058065,0.11875429226896192
ergo_adaptive,216.58333333333337,0.1368908434146187,0.11854426037346404
ergo_adaptive,216.66666666666663,0.1365912741530143,0.11835031126569895
ergo_adaptive,216.75,0.1372043715539223,0.11822268622615546
ergo_adaptive,216.83333333333337,0.13782964002961343,0.1182004880341589
ergo_adaptive,216.91666666666663,0.13778000685816744,0.11813107328166268
ergo_adaptive,217.0,0.13727687121755697,0.11795244734755268
ergo_adaptive,217.08333333333337,0.13714612838860704,0.11773640347172816
ergo_adaptive,217.16666666666663,0.13639301927705796,0.11755385573468694
ergo_adaptive,217.25,0.13609032743652272,0.1174517455605783
ergo_adaptive,217.33333333333337,0.13458720622282913,0.1174250946986163
ergo_adaptive,217.41666666666663,0.13341539936878682,0.1173738540540185
ergo_adaptive,217.5,0.13386364211651133,0.11722804632112419
ergo_adaptive,217.58333333333337,0.13426323579871766,0.117043686555342
ergo_adaptive,217.66666666666663,0.13382279612566003,0.11688042966415448
ergo_adaptive,217.75,0.13290840207603044,0.11675273532044834
ergo_adaptive,217.83333333333337,0.13191839517800755,0.11667937211341557
ergo_adaptive,217.91666666666663,0.13187733072779795,0.11660623849602224
ergo_adaptive,218.0,0.1302268550607914,0.11647773804831867
ergo_adaptive,218.08333333333337,0.13059396552615263,0.11632250192918796
ergo_adaptive,218.16666666666663,0.13001227898574227,0.11618012942743382
ergo_adaptive,218.25,0.1301583508128491,0.11605645218222306
ergo_adaptive,218.33333333333337,0.13015364451874065,0.11594161780426884
ergo_adaptive,218.41666666666663,0.12975465243708137,0.11582108940474244
ergo_adaptive,218.5,0.12885409357478578,0.11569417688885092
ergo_adaptive,218.58333333333337,0.1276231332731302,0.11560384211024402
ergo_adaptive,218.66666666666663,0.128202811104004,0.11555046327658192
ergo_adaptive,218.75,0.12901644650218513,0.11544953048770047
ergo_adaptive,218.83333333333337,0.12728065564286378,0.11528276873566437
ergo_adaptive,218.91666666666663,0.12845501956973226,0.11509413723544241
ergo_adaptive,219.0,0.12781717076382093,0.11493659074548537
ergo_adaptive,219.08333333333337,0.12858030692037886,0.11486386127025089
ergo_adaptive,219.16666666666663,0.12864271389240528,0.11483725199576376
ergo_adaptive,219.25,0.1285255425814538,0.11474892910554653
ergo_adaptive,219.33333333333337,0.12798904428876684,0.114600850602492
ergo_adaptive,219.41666666666663,0.1278127612004084,0.1144747174763471
ergo_adaptive,219.5,0.12787039682313642,0.11439306498247254
ergo_adaptive,219.58333333333337,0.1275773587510607,0.11430293254601759
ergo_adaptive,219.66666666666663,0.1275889863510319,0.11418687454457581
ergo_adaptive,219.75,0.1283753608143472,0.11408183073414058
ergo_adaptive,219.83333333333337,0.12800712383728827,0.11400872350776046
ergo_adaptive,219.91666666666663,0.12805267847703067,0.11397541905563537
ergo_adaptive,220.0,0.1283245678313905,0.11394186517246974
ergo_adaptive,220.08333333333337,0.12887261824247476,0.11388925623658494
ergo_adaptive,220.16666666666663,0.13013025963870048,0.11384299916835618
ergo_adaptive,220.25,0.130778986299151,0.11387448197007148
ergo_adaptive,220.33333333333337,0.13062466996282465,0.11390127828192663
ergo_adaptive,220.41666666666663,0.13045292978207948,0.1138370552185654
ergo_adaptive,220.5,0.12936883037234223,0.11375320694509185
ergo_adaptive,220.58333333333337,0.1296442075607201,0.1137110359246503
ergo_adaptive,220.66666666666663,0.12984267691602197,0.11370766804839914
ergo_adaptive,220.75,0.12969825263461943,0.11369027695267928
ergo_adaptive,220.83333333333337,0.12935333451926959,0.11366626875711473
ergo_adaptive,220.91666666666663,0.12931829875732234,0.11365431952622272
ergo_adaptive,221.0,0.13016167696194067,0.1136836322476675
ergo_adaptive,221.08333333333337,0.12994664260060845,0.11372781235765263
ergo_adaptive,221.16666666666663,0.12984175097077807,0.1137627837455344
ergo_adaptive,221.25,0.12992052232609225,0.11380912247647891
ergo_adaptive,221.33333333333337,0.12951495418504813,0.11389340586046039
ergo_adaptive,221.41666666666663,0.1296183652138253,0.11402382393259829
ergo_adaptive,221.5,0.12987551680208445,0.11412259261351881
ergo_adaptive,221.58333333333337,0.13001811388692427,0.11419502159760395
ergo_adaptive,221.66666666666663,0.1298489812824822,0.11428690633575048
ergo_adaptive,221.75,0.12965599626687782,0.11444494071273437
ergo_adaptive,221.83333333333337,0.12949503625083683,0.1146022701704532
ergo_adaptive,221.91666666666663,0.12996410105249626,0.11472179665146921
ergo_adaptive,222.0,0.12982394198426128,0.11484368432181882
ergo_adaptive,222.08333333333337,0.12995188316074494,0.11511658311610369
ergo_adaptive,222.16666666666663,0.1296540014332767,0.11541262602808011
ergo_adaptive,222.25,0.12958365684988246,0.11567523223030461
ergo_adaptive,222.33333333333337,0.12999587898144624,0.11603264608942175
ergo_adaptive,222.41666666666663,0.13057415015278073,0.11643265224611282
ergo_adaptive,222.5,0.12988500968567182,0.11678467516124239
ergo_adaptive,222.58333333333337,0.1300538810567072,0.11717058118791741
ergo_adaptive,222.66666666666663,0.12977091482835107,0.11755217181588383
ergo_adaptive,222.75,0.12988436124652658,0.11788180172454192
ergo_adaptive,222.83333333333337,0.12988866666912402,0.11816102787028668
ergo_adaptive,222.91666666666663,0.12992811445448105,0.11841473597864531
ergo_adaptive,223.0,0.13030476956139958,0.11864645201022751
ergo_adaptive,223.08333333333337,0.12987789060188704,0.11884409546645675
ergo_adaptive,223.16666666666663,0.12987187315486226,0.119037977843916
ergo_adaptive,223.25,0.13015092818449747,0.11924642102118115
ergo_adaptive,223.33333333333337,0.12993491130097481,0.11946127135778908
ergo_adaptive,223.41666666666663,0.1297251406640528,0.1196563489034804
ergo_adaptive,223.5,0.1301718107767981,0.11984207098218748
ergo_adaptive,223.58333333333337,0.13018913026950926,0.12004239335334975
ergo_adaptive,223.66666666666663,0.13010355100637006,0.12025807006963346
ergo_adaptive,223.75,0.13056785957928876,0.12046293456223325
ergo_adaptive,223.83333333333337,0.13045662964062385,0.12065079402211284
ergo_adaptive,223.91666666666663,0.12990230539541295,0.12084047990615801
ergo_adaptive,224.0,0.12998769583013814,0.12105169430300629
ergo_adaptive,224.08333333333337,0.12998042744806407,0.12126719118600734
ergo_adaptive,224.16666666666663,0.13002548841337055,0.12147590466197321
ergo_adaptive,224.25,0.1305307680138752,0.12167557639751517
ergo_adaptive,224.33333333333337,0.13050412084891003,0.12188858920510509
ergo_adaptive,224.41666666666663,0.1301118381135988,0.12211436189104298
ergo_adaptive,224.5,0.13045599982081257,0.1223727532708466
ergo_adaptive,224.58333333333337,0.13062568323598864,0.12259124493681446
ergo_adaptive,224.66666666666663,0.13087444890425692,0.12276911150478029
ergo_adaptive,224.75,0.13031117800061767,0.1229297716347244
ergo_adaptive,224.83333333333337,0.1304907170002674,0.12309545762139408
ergo_adaptive,224.91666666666663,0.13088859719150983,0.12327509250588194
ergo_adaptive,225.0,0.130841578710318,0.1234493660144421
ergo_adaptive,225.08333333333337,0.13083430259972678,0.12360607606757447
ergo_adaptive,225.16666666666663,0.13091837246015908,0.12376093963505043
ergo_adaptive,225.25,0.130864688477549,0.12392529234148843
ergo_adaptive,225.33333333333337,0.13095273432416968,0.12408888017091935
ergo_adaptive,225.41666666666663,0.13079390071857067,0.1242229977732567
ergo_adaptive,225.5,0.13056034761779448,0.12433895567347869
ergo_adaptive,225.58333333333337,0.13068979159769825,0.12447636153832355
ergo_adaptive,225.66666666666663,0.13030512815215517,0.12462859725899511
ergo_adaptive,225.75,0.13028192936954058,0.12473413162831579
ergo_adaptive,225.83333333333337,0.13080117777434705,0.12480469874314969
ergo_adaptive,225.91666666666663,0.1312576758332488,0.1248882316291187
ergo_adaptive,226.0,0.13132327219286935,0.12501855014714258
ergo_adaptive,226.08333333333337,0.13145483361461113,0.12510014550537304
ergo_adaptive,226.16666666666663,0.13251362177532724,0.12512064559930616
ergo_adaptive,226.25,0.1331757891569199,0.12514536794039177
ergo_adaptive,226.33333333333337,0.13334106049895117,0.12522276337728785
ergo_adaptive,226.41666666666663,0.13273268152210896,0.1252889749449773
ergo_adaptive,226.5,0.13142442991991088,0.1252704601539905
ergo_adaptive,226.58333333333337,0.13124871643018643,0.12522005959075405
ergo_adaptive,226.66666666666663,0.13152293134035442,0.125219227148229
ergo_adaptive,226.75,0.13211331924618516,0.12523164308084375
ergo_adaptive,226.83333333333337,0.1323125830039737,0.12516841912777474
ergo_adaptive,226.91666666666663,0.13221721992430993,0.12505270046981065
ergo_adaptive,227.0,0.13166746870450793,0.12493106635478934
ergo_adaptive,227.08333333333337,0.13113718946248884,0.12482727260600988
ergo_adaptive,227.16666666666663,0.13130402366679947,0.12469587435609487
ergo_adaptive,227.25,0.13085981859519574,0.12451646267283431
ergo_adaptive,227.33333333333337,0.13180577303835472,0.12430701047799123
ergo_adaptive,227.41666666666663,0.1315673582864809,0.124110898852108
ergo_adaptive,227.5,0.13104956268314433,0.12396514420529364
ergo_adaptive,227.58333333333337,0.1319159650171813,0.12378033885951573
ergo_adaptive,227.66666666666663,0.13257645850355657,0.12347169813314338
ergo_adaptive,227.75,0.13184145965090507,0.12308552693887362
ergo_adaptive,227.83333333333337,0.13213179155551033,0.12267528801476982
ergo_adaptive,227.91666666666663,0.13238472433528586,0.12223724098089507
ergo_adaptive,228.0,0.1309052191486799,0.12177130763104382
ergo_adaptive,228.08333333333337,0.1314433833974161,0.12126496600209975
ergo_adaptive,228.16666666666663,0.13086186624791238,0.12072825189030255
ergo_adaptive,228.25,0.1304666705349626,0.12023580658073459
ergo_adaptive,228.33333333333337,0.13053828550954155,0.11983164576795668
ergo_adaptive,228.41666666666663,0.1290834933445493,0.11942923824708597
ergo_adaptive,228.5,0.12794892928676133,0.11901623326371664
ergo_adaptive,228.58333333333337,0.1272585523980809,0.11864489371801967
ergo_adaptive,228.66666666666663,0.1277913650564635,0.11833251311381365
ergo_adaptive,228.75,0.12751822246519418,0.11811405173389221
ergo_adaptive,228.83333333333337,0.12804799145691387,0.11797969803731342
ergo_adaptive,228.91666666666663,0.12802736969590664,0.1176948422993779
ergo_adaptive,229.0,0.12487011924465703,0.11727335279477284
ergo_adaptive,229.08333333333337,0.1243200472205827,0.11681857537621383
ergo_adaptive,229.16666666666663,0.12440095975102279,0.11639595522443565
ergo_adaptive,229.25,0.12343680060271198,0.11604276581910199
ergo_adaptive,229.33333333333337,0.12198371450397519,0.11576570253882477
ergo_adaptive,229.41666666666663,0.12278384772690777,0.11548373403529069
ergo_adaptive,229.5,0.12317153346899563,0.1151622936649141
ergo_adaptive,229.58333333333337,0.12246420588970856,0.11487219022351856
ergo_adaptive,229.66666666666663,0.12155028325999824,0.11462103422750129
ergo_adaptive,229.75,0.12034186840196394,0.11440242476700846
ergo_adaptive,229.83333333333337,0.11960095906182028,0.1142101129632997
ergo_adaptive,229.91666666666663,0.11847862019358094,0.11402190095607678
ergo_adaptive,230.0,0.11988397911489186,0.1138165614410396
ergo_adaptive,230.08333333333337,0.1207034564932673,0.11363339321368747
ergo_adaptive,230.16666666666663,0.11946149206386117,0.11345737154436024
ergo_adaptive,230.25,0.12044817726341323,0.11323626700186147
ergo_adaptive,230.33333333333337,0.12008268660546767,0.11298403415575439
ergo_adaptive,230.41666666666663,0.11938596747922715,0.11275110254872059
ergo_adaptive,230.5,0.11834498507215883,0.11255894657008408
ergo_adaptive,230.58333333333337,0.11804236445649528,0.11245208890782342
ergo_adaptive,230.66666666666663,0.1191947080664855,0.11235091668607203
ergo_adaptive,230.75,0.12054772311621255,0.11214424672948423
ergo_adaptive,230.83333333333337,0.11942608588646868,0.11187112494787596
ergo_adaptive,230.91666666666663,0.11948415086255473,0.11161593584025342
ergo_adaptive,231.0,0.11937937955072912,0.11144166408044041
ergo_adaptive,231.08333333333337,0.11974320769944626,0.11136059513236705
ergo_adaptive,231.16666666666663,0.12078485292019148,0.11129695792689134
ergo_adaptive,231.25,0.12129675364067678,0.11112303449462844
ergo_adaptive,231.33333333333337,0.12156672365285216,0.11088567192063702
ergo_adaptive,231.41666666666663,0.12116169559441733,0.11066636053415337
ergo_adaptive,231.5,0.12132127568888026,0.11050248764937125
ergo_adaptive,231.58333333333337,0.12221589385178644,0.11040631274503064
ergo_adaptive,231.66666666666663,0.12190137218835304,0.11032834378779491
ergo_adaptive,231.75,0.12216870030605893,0.1102058471791787
ergo_adaptive,231.83333333333337,0.12198620968642164,0.11005485334045305
ergo_adaptive,231.91666666666663,0.1228788875283734,0.10992003791381807
ergo_adaptive,232.0,0.1233924704975399,0.10980975378207386
ergo_adaptive,232.08333333333337,0.12393185245582651,0.10971422496521602
ergo_adaptive,232.16666666666663,0.12426566182044818,0.10964612893430321
ergo_adaptive,232.25,0.12461124449801124,0.10957341273953101
ergo_adaptive,232.33333333333337,0.12475474671014315,0.10949806208102911
ergo_adaptive,232.41666666666663,0.1245189666422637,0.10944008419320422
ergo_adaptive,232.5,0.12478390242275861,0.1093898306121702
ergo_adaptive,232.58333333333337,0.12522683429261383,0.10934571804767315
ergo_adaptive,232.66666666666663,0.12572670899339683,0.10932213651749169
ergo_adaptive,232.75,0.12600491780217887,0.10930852120982254
ergo_adaptive,232.83333333333337,0.1256610765015106,0.10929512306314722
ergo_adaptive,232.91666666666663,0.1254579572935294,0.10930069391746364
ergo_adaptive,233.0,0.12603184643932122,0.10932076968525452
ergo_adaptive,233.08333333333337,0.12623105879409666,0.10934396037088373
ergo_adaptive,233.16666666666663,0.12616190596034835,0.10938961168717092
ergo_adaptive,233.25,0.12608486761959312,0.1094443192255987
ergo_adaptive,233.33333333333337,0.12623849018813266,0.10950334017418743
ergo_adaptive,233.41666666666663,0.1266033128467336,0.10959030860302638
ergo_adaptive,233.5,0.12598964317520855,0.10969224406167599
ergo_adaptive,233.58333333333337,0.12619408434636878,0.10978828105390669
ergo_adaptive,233.66666666666663,0.12574558014192017,0.10990031616158175
ergo_adaptive,233.75,0.1257128889091553,0.1100218108199062
ergo_adaptive,233.83333333333337,0.12556971398764777,0.11016431388555412
ergo_adaptive,233.91666666666663,0.12556034399933516,0.11033694225331377
ergo_adaptive,234.0,0.12559647984740405,0.11051809073820096
ergo_adaptive,234.08333333333337,0.12561938518372853,0.1107002643262741
ergo_adaptive,234.16666666666663,0.12501064131301,0.1109568679480384
ergo_adaptive,234.25,0.12538728314217784,0.1113279247299387
ergo_adaptive,234.33333333333337,0.12561221878461998,0.11169073826662688
ergo_adaptive,234.41666666666663,0.12604892621969035,0.1120242429615713
ergo_adaptive,234.5,0.1266095874590004,0.11234038064156399
ergo_adaptive,234.58333333333337,0.1266445257394648,0.11263584346681339
ergo_adaptive,234.66666666666663,0.1269785164973192,0.11290879297634415
ergo_adaptive,234.75,0.12705867827230552,0.11313503778633727
ergo_adaptive,234.83333333333337,0.12653106134146835,0.11336982443661549
ergo_adaptive,234.91666666666663,0.12660932548850715,0.11371991519905074
ergo_adaptive,235.0,0.12718100925999698,0.114125609504358
ergo_adaptive,235.08333333333337,0.12749714496417547,0.11452854037932805
ergo_adaptive,235.16666666666663,0.12776056878320827,0.11490028234015759
ergo_adaptive,235.25,0.12827719183622346,0.11521827400335917
ergo_adaptive,235.33333333333337,0.12882620584163443,0.11546742127926256
ergo_adaptive,235.41666666666663,0.12885760786125633,0.11565336163685727
ergo_adaptive,235.5,0.12889894188615073,0.11580002574890388
ergo_adaptive,235.58333333333337,0.1291241615673653,0.11589886652385985
ergo_adaptive,235.66666666666663,0.12893560805300638,0.11593371445689754
ergo_adaptive,235.75,0.12979694347799192,0.1159765519068824
ergo_adaptive,235.83333333333337,0.13011662483864647,0.11608861085969113
ergo_adaptive,235.91666666666663,0.1303778978495627,0.11625400362404524
ergo_adaptive,236.0,0.13027541165630385,0.11638984311960142
ergo_adaptive,236.08333333333337,0.12978572176716088,0.11652336269533874
ergo_adaptive,236.16666666666663,0.13028598699692634,0.11678131558614113
ergo_adaptive,236.25,0.1305260407886868,0.11709887921517217
ergo_adaptive,236.33333333333337,0.13038239884971742,0.11746058259744337
ergo_adaptive,236.41666666666663,0.1304484158938918,0.11783795840766524
ergo_adaptive,236.5,0.13104764315842435,0.11822159062832416
ergo_adaptive,236.58333333333337,0.1316900401762276,0.11860502379830538
ergo_adaptive,236.66666666666663,0.13175121014602487,0.1189851654573305
ergo_adaptive,236.75,0.1319175912457873,0.11935586053896756
ergo_adaptive,236.83333333333337,0.1324004440364197,0.11970569856676795
ergo_adaptive,236.91666666666663,0.13259609112382742,0.11999413042848983
ergo_adaptive,237.0,0.13308299397145568,0.12020998584431383
ergo_adaptive,237.08333333333337,0.13347928339214676,0.12034982728180789
ergo_adaptive,237.16666666666663,0.13361777951148007,0.12041291795717825
ergo_adaptive,237.25,0.13408481487368445,0.12043222740664691
ergo_adaptive,237.33333333333337,0.13388286460879176,0.12048089318076934
ergo_adaptive,237.41666666666663,0.1345144348177822,0.12055322892370358
ergo_adaptive,237.5,0.13430862549494096,0.12057727377547317
ergo_adaptive,237.58333333333337,0.13507828046356807,0.1205470200437019
ergo_adaptive,237.66666666666663,0.13529724135281299,0.12052989511635585
ergo_adaptive,237.75,0.1357861155991724,0.12059079168460227
ergo_adaptive,237.83333333333337,0.13638415230077594,0.12060531971293802
ergo_adaptive,237.91666666666663,0.1364111207364885,0.12053505443391341
ergo_adaptive,238.0,0.13644590139616497,0.12045830847482221
ergo_adaptive,238.08333333333337,0.13705511746152377,0.12047016810298086
ergo_adaptive,238.16666666666663,0.13731683431219724,0.12049016282296951
ergo_adaptive,238.25,0.13744995448951688,0.12040530073794274
ergo_adaptive,238.33333333333337,0.1373272016818477,0.12028237391937778
ergo_adaptive,238.41666666666663,0.13753021113386285,0.1202171648142615
ergo_adaptive,238.5,0.13798732138423253,0.12021439457403985
ergo_adaptive,238.58333333333337,0.13799546029831233,0.12013968933578698
ergo_adaptive,238.66666666666663,0.1374136312216087,0.12000722719832817
ergo_adaptive,238.75,0.13803449809518678,0.1198979093824734
ergo_adaptive,238.83333333333337,0.13754622165818386,0.11984414850451432
ergo_adaptive,238.91666666666663,0.1372597113479445,0.11977811413244467
ergo_adaptive,239.0,0.13678719450485416,0.11966522709069811
ergo_adaptive,239.08333333333337,0.13646690634043165,0.11954835615149537
ergo_adaptive,239.16666666666663,0.13624404268811005,0.11946710676844763
ergo_adaptive,239.25,0.1360711580048253,0.11940316167389987
ergo_adaptive,239.33333333333337,0.13505086205676284,0.11932419235539983
ergo_adaptive,239.41666666666663,0.13462444457990463,0.11953341896258245
ergo_adaptive,239.5,0.13471195853394305,0.11989279474170134
ergo_adaptive,239.58333333333337,0.1348865913649543,0.12028135953835997
ergo_adaptive,239.66666666666663,0.1354997252248882,0.12065076651865765
ergo_adaptive,239.75,0.13645767523573865,0.12098811366677263
ergo_adaptive,239.83333333333337,0.13677216046039875,0.12129846136285577
ergo_adaptive,239.91666666666663,0.136803453874686,0.12158259634004052
ergo_adaptive,240.0,0.13675052036072435,0.12182599543468908
ergo_adaptive,240.08333333333337,0.13721013776980368,0.12203271260649842
ergo_adaptive,240.16666666666663,0.13761775782852306,0.12222687876325551
ergo_adaptive,240.25,0.13842281043521965,0.12243349215944192
ergo_adaptive,240.33333333333337,0.1385050438559863,0.12261455024081055
ergo_adaptive,240.41666666666663,0.13893299508038834,0.12276015044536932
ergo_adaptive,240.5,0.13962925054585784,0.1228998025320659
ergo_adaptive,240.58333333333337,0.13978267804044703,0.12306426418935483
ergo_adaptive,240.66666666666663,0.14017048668210622,0.12322895118873331
ergo_adaptive,240.75,0.14068706034051506,0.12336786642785924
ergo_adaptive,240.83333333333337,0.14057693079776098,0.12349601302686472
ergo_adaptive,240.91666666666663,0.14080734547792842,0.1236406290709734
ergo_adaptive,241.0,0.1416362486574396,0.12380350547827075
ergo_adaptive,241.08333333333337,0.14132158967649913,0.12395697980550947
ergo_adaptive,241.16666666666663,0.14104959578054482,0.12410017063814663
ergo_adaptive,241.25,0.14053538328269516,0.12425119947700208
ergo_adaptive,241.33333333333337,0.1411876398058503,0.12442104662357491
ergo_adaptive,241.41666666666663,0.140806694013575,0.124589694277416
ergo_adaptive,241.5,0.14074083452285951,0.12474674288964328
ergo_adaptive,241.58333333333337,0.1406407426367466,0.12489687323477938
ergo_adaptive,241.66666666666663,0.1401317474630813,0.1250453492734455
ergo_adaptive,241.75,0.1403231034261126,0.12519044675135305
ergo_adaptive,241.83333333333337,0.14031131760633372,0.12532315455922405
ergo_adaptive,241.91666666666663,0.1399912812311416,0.1255234355245874
ergo_adaptive,242.0,0.13938146639290566,0.12576911936253546
ergo_adaptive,242.08333333333337,0.14003253894458098,0.12604075861017525
ergo_adaptive,242.16666666666663,0.14059295011007397,0.12632675962489842
ergo_adaptive,242.25,0.14094218753160773,0.12661981215776555
ergo_adaptive,242.33333333333337,0.14178121450887007,0.12691526436772466
ergo_adaptive,242.41666666666663,0.1421703634762292,0.12721092012026441
ergo_adaptive,242.5,0.14286005187400616,0.12750617100151046
ergo_adaptive,242.58333333333337,0.14358158158477782,0.12779791500525142
ergo_adaptive,242.66666666666663,0.1436943420359104,0.12808570620753512
ergo_adaptive,242.75,0.14379019602137266,0.12836910737753504
ergo_adaptive,242.83333333333337,0.1443259958663404,0.1286478999121561
ergo_adaptive,242.91666666666663,0.1449952923256473,0.12892235449496342
ergo_adaptive,243.0,0.14525479656545814,0.1291927772651297
ergo_adaptive,243.08333333333337,0.1453696684863576,0.12945915956716356
ergo_adaptive,243.16666666666663,0.14538671464516292,0.12972143798496918
ergo_adaptive,243.25,0.14584126281715504,0.12997994447327624
ergo_adaptive,243.33333333333337,0.1457037007483304,0.13023552023562246
ergo_adaptive,243.41666666666663,0.1461479448716576,0.13048798754421664
ergo_adaptive,243.5,0.1464928791843835,0.13073917570223173
ergo_adaptive,243.58333333333337,0.14628401987067435,0.1309856595822557
ergo_adaptive,243.66666666666663,0.1462553430275978,0.13124098408160423
ergo_adaptive,243.75,0.1467884415228033,0.1314787065675065
ergo_adaptive,243.83333333333337,0.14740306317705798,0.13170266612164638
ergo_adaptive,243.91666666666663,0.14791646569672207,0.13190936687116975
ergo_adaptive,244.0,0.14741838460774434,0.13208413642391817
ergo_adaptive,244.08333333333337,0.14751674388088634,0.13222821221355346
ergo_adaptive,244.16666666666663,0.14752032661672518,0.13236275712319448
ergo_adaptive,244.25,0.14802201035391147,0.13249992162694538
ergo_adaptive,244.33333333333337,0.14836029838486195,0.13261739110916904
ergo_adaptive,244.41666666666663,0.14877664339662652,0.132707230924378
ergo_adaptive,244.5,0.14989880871712377,0.13279128986177172
ergo_adaptive,244.58333333333337,0.15090051842435304,0.13289643889920283
ergo_adaptive,244.66666666666663,0.15075303383641853,0.13298968630687638
ergo_adaptive,244.75,0.14996536391935691,0.13304891266763547
ergo_adaptive,244.83333333333337,0.14914084775759168,0.13309932915805056
ergo_adaptive,244.91666666666663,0.14915571807926412,0.13317610106443153
ergo_adaptive,245.0,0.1484779161706998,0.1332614142379494
ergo_adaptive,245.08333333333337,0.14805961744110344,0.13331233854557026
ergo_adaptive,245.16666666666663,0.14813594582587022,0.1333458931109861
ergo_adaptive,245.25,0.14864226592642202,0.1333993610829459
ergo_adaptive,245.33333333333337,0.15024846741150052,0.13347596270713774
ergo_adaptive,245.41666666666663,0.15029311945720378,0.13353166642744543
ergo_adaptive,245.5,0.14949265090152236,0.1335634246391738
ergo_adaptive,245.58333333333337,0.14943619251212287,0.13360643059892316
ergo_adaptive,245.66666666666663,0.1500110633985137,0.1336717971671753
ergo_adaptive,245.75,0.14990163593582836,0.1337220034802857
ergo_adaptive,245.83333333333337,0.14982587663800756,0.13373736928810764
ergo_adaptive,245.91666666666663,0.15066380699870063,0.13372805374779625
ergo_adaptive,246.0,0.15013571821648405,0.13370435077805873
ergo_adaptive,246.08333333333337,0.15060866352626961,0.13362189644003408
ergo_adaptive,246.16666666666663,0.15048845140011943,0.13344796189310823
ergo_adaptive,246.25,0.15058841006460716,0.13322003033502286
ergo_adaptive,246.33333333333337,0.14936209179997426,0.13299950995016147
ergo_adaptive,246.41666666666663,0.14899324860723676,0.13280591894363192
ergo_adaptive,246.5,0.14893743282768293,0.13259593936930664
ergo_adaptive,246.58333333333337,0.14784960623150617,0.13236680157720362
ergo_adaptive,246.66666666666663,0.14754264204389664,0.1321983959038656
ergo_adaptive,246.75,0.14733493880150855,0.1320875554052828
ergo_adaptive,246.83333333333337,0.1472477529502332,0.132009391691439
ergo_adaptive,246.91666666666663,0.14718341943182983,0.13209017883450244
ergo_adaptive,247.0,0.14707675082257385,0.13235893324613812
ergo_adaptive,247.08333333333337,0.1474454882415428,0.13267633525034242
ergo_adaptive,247.16666666666663,0.14801264485534368,0.1329814815698944
ergo_adaptive,247.25,0.14798645069146066,0.13326288955576912
ergo_adaptive,247.33333333333337,0.14850195276552022,0.13352085298245336
ergo_adaptive,247.41666666666663,0.14896932203719415,0.13374675232913544
ergo_adaptive,247.5,0.14927483189721347,0.13392925089576796
ergo_adaptive,247.58333333333337,0.14982726017424286,0.13406948186184475
ergo_adaptive,247.66666666666663,0.15059650758122753,0.13419020619400765
ergo_adaptive,247.75,0.15072004368402392,0.13430630984972117
ergo_adaptive,247.83333333333337,0.15049681134893905,0.1344136608447709
ergo_adaptive,247.91666666666663,0.15118877162972605,0.13450812203912707
ergo_adaptive,248.0,0.15107806739069585,0.13460073327879757
ergo_adaptive,248.08333333333337,0.15117059258571133,0.1347031613433794
ergo_adaptive,248.16666666666663,0.15115458848028787,0.1348092412814938
ergo_adaptive,248.25,0.1511955466011852,0.13489510104242805
ergo_adaptive,248.33333333333337,0.15155488721827926,0.13496856517619918
ergo_adaptive,248.41666666666663,0.15213235702853625,0.1350521340600364
ergo_adaptive,248.5,0.1520165312889648,0.1351560452608201
ergo_adaptive,248.58333333333337,0.1527469546170133,0.13523605143910486
ergo_adaptive,248.66666666666663,0.15349346578558345,0.1352948472092365
ergo_adaptive,248.75,0.15334880329137235,0.13535324243506336
ergo_adaptive,248.83333333333337,0.1532429168033654,0.13542715443930464
ergo_adaptive,248.91666666666663,0.15374927820875198,0.13550782892272256
ergo_adaptive,249.0,0.15390164535908374,0.13558475228001718
ergo_adaptive,249.08333333333337,0.15337200931833514,0.13566553251348465
ergo_adaptive,249.16666666666663,0.15328852178185784,0.13575957524325033
ergo_adaptive,249.25,0.1539297861017906,0.13586645212758525
ergo_adaptive,249.33333333333337,0.15436688912347038,0.13597429940590935
ergo_adaptive,249.41666666666663,0.15438120615275547,0.1360757162822329
ergo_adaptive,249.5,0.15472397159713805,0.13618590558690027
ergo_adaptive,249.58333333333337,0.15489117735276664,0.1363206700648097
ergo_adaptive,249.66666666666663,0.15496482219558722,0.13645731201466227
ergo_adaptive,249.75,0.15564556873379237,0.13656469222639953
ergo_adaptive,249.83333333333337,0.15564664576931844,0.1366485770300779
ergo_adaptive,249.91666666666663,0.1562292401217049,0.13674068537176867
ergo_adaptive,250.0,0.15587773498474253,0.13681546253138543
ergo_adaptive,250.08333333333337,0.1557904446460556,0.1368178263107683
ergo_adaptive,250.16666666666663,0.1554965427027484,0.13677234990607082
ergo_adaptive,250.25,0.15507181286184163,0.13670716788884943
ergo_adaptive,250.33333333333337,0.1550358708630819,0.13664477981524625
ergo_adaptive,250.41666666666663,0.15515069213930058,0.13658959150390568
ergo_adaptive,250.5,0.15530545242685748,0.13652184738640905
ergo_adaptive,250.58333333333337,0.15551173856204625,0.1364395290608023
ergo_adaptive,250.66666666666663,0.15417665828221136,0.13636649411369825
ergo_adaptive,250.75,0.15410595974782193,0.13629308111789593
ergo_adaptive,250.83333333333337,0.15436877456245846,0.13616923939403244
ergo_adaptive,250.91666666666663,0.15373446081308276,0.13599167158324804
ergo_adaptive,251.0,0.1534213195918344,0.13581044100175507
ergo_adaptive,251.08333333333337,0.15296825664207503,0.13564751475669926
ergo_adaptive,251.16666666666663,0.15216910013793614,0.13545161241824769
ergo_adaptive,251.25,0.1510529446600784,0.13521300929633695
ergo_adaptive,251.33333333333337,0.15121700887866413,0.13497247137794582
ergo_adaptive,251.41666666666663,0.15122619203576507,0.13477404004357113
ergo_adaptive,251.5,0.14966332998276455,0.13457711389520524
ergo_adaptive,251.58333333333337,0.1503852100021696,0.13434548488202983
ergo_adaptive,251.66666666666663,0.14777081735202002,0.1341008784917224
ergo_adaptive,251.75,0.146834720897608,0.13387492051933128
ergo_adaptive,251.83333333333337,0.14607676073909096,0.13366626048591185
ergo_adaptive,251.91666666666663,0.1457994454081563,0.13344233951322565
ergo_adaptive,252.0,0.1454948647879359,0.13318794642369658
ergo_adaptive,252.08333333333337,0.14544010844315935,0.1329416697663478
ergo_adaptive,252.16666666666663,0.14445156613372112,0.13274125140875206
ergo_adaptive,252.25,0.14341138393817565,0.13253185326449685
ergo_adaptive,252.33333333333337,0.14265647385075758,0.13226775342987576
ergo_adaptive,252.41666666666663,0.1419301088881165,0.13199414630717973
ergo_adaptive,252.5,0.14088770358432395,0.13181659872071558
ergo_adaptive,252.58333333333337,0.14140327478648856,0.13166767631601892
ergo_adaptive,252.66666666666663,0.1409179901701391,0.1313955523209965
ergo_adaptive,252.75,0.14036061845115375,0.13105191677183306
ergo_adaptive,252.83333333333337,0.13907510162823983,0.13073215086693432
ergo_adaptive,252.91666666666663,0.13756459334001664,0.1304956225216829
ergo_adaptive,253.0,0.1378769824849085,0.13033508646089279
ergo_adaptive,253.08333333333337,0.13763403602959778,0.13018145029996347
ergo_adaptive,253.16666666666663,0.13787560235362772,0.1300120848802509
ergo_adaptive,253.25,0.13723851652053862,0.12984670974772564
ergo_adaptive,253.33333333333337,0.13812495751392675,0.12970193408814915
ergo_adaptive,253.41666666666663,0.13809539230509635,0.12955449608550407
ergo_adaptive,253.5,0.13833904878049771,0.12938286256455475
ergo_adaptive,253.58333333333337,0.13815845780602332,0.12919482271644078
ergo_adaptive,253.66666666666663,0.13741914537603825,0.12903649270845244
ergo_adaptive,253.75,0.1365177688406566,0.12890208855339017
ergo_adaptive,253.83333333333337,0.13635224414964559,0.12871344562900117
ergo_adaptive,253.91666666666663,0.1369826121089919,0.128458445614224
ergo_adaptive,254.0,0.13590261888184438,0.12821258884702255
ergo_adaptive,254.08333333333337,0.13627930635249172,0.12801526994303183
ergo_adaptive,254.16666666666663,0.1363052578993781,0.12776050269301661
ergo_adaptive,254.25,0.13501240268388442,0.12744112967347537
ergo_adaptive,254.33333333333337,0.13624153930497776,0.1271108826985256
ergo_adaptive,254.41666666666663,0.13592309296969365,0.12683524772531635
ergo_adaptive,254.5,0.13694481709610135,0.1266387728206255
ergo_adaptive,254.58333333333337,0.13697043839592488,0.12648765967389275
ergo_adaptive,254.66666666666663,0.13598284821156711,0.12633422191183788
ergo_adaptive,254.75,0.1359856402834749,0.1262019123044977
ergo_adaptive,254.83333333333337,0.1360241992874982,0.12611824691633347
ergo_adaptive,254.91666666666663,0.13555246541850624,0.1260495404446394
ergo_adaptive,255.0,0.13552048397844116,0.12593243772453103
ergo_adaptive,255.08333333333337,0.13477615697856912,0.1257819359018477
ergo_adaptive,255.16666666666663,0.13536464548796834,0.12564528456189145
ergo_adaptive,255.25,0.13569727413907856,0.1255616559839584
ergo_adaptive,255.33333333333337,0.13623624966154188,0.12556265647291798
ergo_adaptive,255.41666666666663,0.13505671370208366,0.12554876602705609
ergo_adaptive,255.5,0.13520011764569936,0.1254195850275354
ergo_adaptive,255.58333333333337,0.13518861089944076,0.12523485152468186
ergo_adaptive,255.66666666666663,0.1352967131265034,0.12507065257436575
ergo_adaptive,255.75,0.1349596240724915,0.12495899130382095
ergo_adaptive,255.83333333333337,0.13471423043248348,0.12491774959641588
ergo_adaptive,255.91666666666663,0.13462191059990988,0.12488532115983852
ergo_adaptive,256.0,0.13445479313167832,0.12477314474048322
ergo_adaptive,256.08333333333337,0.13418415528544608,0.1246139114649937
ergo_adaptive,256.16666666666663,0.13368753061376185,0.12446231314758653
ergo_adaptive,256.25,0.13400911822455228,0.12435439178420717
ergo_adaptive,256.33333333333337,0.13303644769914322,0.12430947085325317
ergo_adaptive,256.41666666666663,0.1324388975709634,0.12429591581175597
ergo_adaptive,256.5,0.1326686099031928,0.12420532076384874
ergo_adaptive,256.58333333333337,0.13256675829726688,0.12405436554406321
ergo_adaptive,256.66666666666663,0.13114713975089506,0.1239007175714895
ergo_adaptive,256.75,0.1319037657010139,0.12379835085162917
ergo_adaptive,256.83333333333337,0.13151196458608286,0.12376892056793387
ergo_adaptive,256.91666666666663,0.1320768834487861,0.12380362315649217
ergo_adaptive,257.0,0.13121247014952425,0.12373396370570282
ergo_adaptive,257.08333333333337,0.13185939567963828,0.1235966812770502
ergo_adaptive,257.16666666666663,0.1317735228047693,0.1234606355793186
ergo_adaptive,257.25,0.13085249938904667,0.12335500125772798
ergo_adaptive,257.33333333333337,0.13103634426992725,0.12330852098036113
ergo_adaptive,257.41666666666663,0.13188034742607652,0.12331494248329108
ergo_adaptive,257.5,0.13083162971899504,0.12327401208463858
ergo_adaptive,257.58333333333337,0.13052246090422273,0.12318526620860683
ergo_adaptive,257.66666666666663,0.1291540849382726,0.12309241280574594
ergo_adaptive,257.75,0.1282673172687001,0.12304052678653542
ergo_adaptive,257.83333333333337,0.12842825695885962,0.1230264012818505
ergo_adaptive,257.91666666666663,0.12838666647829514,0.12302662451264025
ergo_adaptive,258.0,0.127942516752279,0.1230283131280929
ergo_adaptive,258.08333333333337,0.12805425136130597,0.12304564037541449
ergo_adaptive,258.16666666666663,0.12805131800256836,0.12312247145838705
ergo_adaptive,258.25,0.12818872676328277,0.12321884717816864
ergo_adaptive,258.33333333333337,0.12700661744205083,0.1232452891217229
ergo_adaptive,258.41666666666663,0.12658602241943484,0.12324585447454837
ergo_adaptive,258.5,0.1265163859460344,0.12328681004195774
ergo_adaptive,258.58333333333337,0.12640130799757626,0.12336742917162882
ergo_adaptive,258.66666666666663,0.12727484904898478,0.12348562938976543
ergo_adaptive,258.75,0.12678188441533436,0.12365737776631089
ergo_adaptive,258.83333333333337,0.12744154594401266,0.12390065917699603
ergo_adaptive,258.91666666666663,0.12733060862643658,0.1241453654861673
ergo_adaptive,259.0,0.12714407628289853,0.1243659734330069
ergo_adaptive,259.08333333333337,0.1270765139300099,0.12457397901828728
ergo_adaptive,259.16666666666663,0.12753111238629555,0.12479138627668045
ergo_adaptive,259.25,0.12740320650683218,0.12500453883386672
ergo_adaptive,259.33333333333337,0.12786191548228001,0.12518596404847818
ergo_adaptive,259.41666666666663,0.12841581230632002,0.1253311480555318
ergo_adaptive,259.5,0.12836900613041097,0.12547020543610216
ergo_adaptive,259.58333333333337,0.12903080911680856,0.12562748224832485
ergo_adaptive,259.66666666666663,0.12994236778396148,0.12574566981300195
ergo_adaptive,259.75,0.13018322002056315,0.12579583752718115
ergo_adaptive,259.83333333333337,0.12920499684137635,0.12581706827421882
ergo_adaptive,259.91666666666663,0.1290854415940045,0.12586688791923548
ergo_adaptive,260.0,0.12977812627897442,0.12589345317294598
ergo_adaptive,260.08333333333337,0.13014721294270928,0.12584107685956372
ergo_adaptive,260.16666666666663,0.12998823669608062,0.12575260693492102
ergo_adaptive,260.25,0.1306626570606144,0.12568113569663816
ergo_adaptive,260.33333333333337,0.13027181753391257,0.12566070317964767
ergo_adaptive,260.41666666666663,0.1312245787822272,0.12566553532088115
ergo_adaptive,260.5,0.13159303890643903,0.12567703311719522
ergo_adaptive,260.58333333333337,0.13151558072778327,0.12569837533255257
ergo_adaptive,260.66666666666663,0.13223548231171908,0.12576172803917693
ergo_adaptive,260.75,0.13238189587130714,0.1258468392342784
ergo_adaptive,260.83333333333337,0.1327240645039338,0.12590790332101212
ergo_adaptive,260.91666666666663,0.13339833281991792,0.12593518186822875
ergo_adaptive,261.0,0.13405129703172733,0.12597402656080053
ergo_adaptive,261.08333333333337,0.13456255625964705,0.12604895841760747
ergo_adaptive,261.16666666666663,0.1348281812180444,0.12610305369534142
ergo_adaptive,261.25,0.13562291361818343,0.12611960326971056
ergo_adaptive,261.33333333333337,0.1361849207351058,0.12612548468093437
ergo_adaptive,261.41666666666663,0.13669538337919618,0.1261508108031729
ergo_adaptive,261.5,0.13715883508806673,0.12620989635641525
ergo_adaptive,261.58333333333337,0.13679087770728104,0.12628651656649484
ergo_adaptive,261.66666666666663,0.13723542658940666,0.12634941453596482
ergo_adaptive,261.75,0.13786634783293705,0.1264027383365422
ergo_adaptive,261.83333333333337,0.1384203622493949,0.12648658697971402
ergo_adaptive,261.91666666666663,0.13914081025529498,0.12658597853727382
ergo_adaptive,262.0,0.1394465031525559,0.12663285402422936
ergo_adaptive,262.08333333333337,0.14017852184681232,0.12664153696237546
ergo_adaptive,262.16666666666663,0.1405042728615493,0.1266534347500109
ergo_adaptive,262.25,0.14072721037100375,0.12669521559904393
ergo_adaptive,262.33333333333337,0.14119964722548792,0.12676720858808818
ergo_adaptive,262.41666666666663,0.14112093272241316,0.12683983272999116
ergo_adaptive,262.5,0.14138159977359058,0.12689255810541064
ergo_adaptive,262.58333333333337,0.140788479827973,0.1269505149011979
ergo_adaptive,262.66666666666663,0.14213035039152716,0.12705300448428744
ergo_adaptive,262.75,0.14198768775072632,0.1271384786716476
ergo_adaptive,262.83333333333337,0.14140409958307049,0.12715831674927738
ergo_adaptive,262.91666666666663,0.1415579873500661,0.12714350621253465
ergo_adaptive,263.0,0.1419569541727352,0.12713544199158436
ergo_adaptive,263.08333333333337,0.1417850381561532,0.12715033513439897
ergo_adaptive,263.16666666666663,0.14093735395222196,0.12718477660986385
ergo_adaptive,263.25,0.1399802253912651,0.12720943900174872
ergo_adaptive,263.33333333333337,0.1396231841596547,0.12721449742385232
ergo_adaptive,263.41666666666663,0.13954994744807453,0.127231301536109
ergo_adaptive,263.5,0.14020809004284965,0.12724877096448867
ergo_adaptive,263.58333333333337,0.13941573857400597,0.12724955395548707
ergo_adaptive,263.66666666666663,0.13867611284571918,0.12725719337014452
ergo_adaptive,263.75,0.13870704043527496,0.12728897953401416
ergo_adaptive,263.83333333333337,0.13829994361961867,0.1272950726193777
ergo_adaptive,263.91666666666663,0.13777540038010616,0.12725948230982576
ergo_adaptive,264.0,0.13771576626278403,0.12720243657619407
ergo_adaptive,264.08333333333337,0.13778538941376872,0.12716018109871988
ergo_adaptive,264.16666666666663,0.13840324074414254,0.12714211976659648
ergo_adaptive,264.25,0.13848942855348803,0.12712368771348223
ergo_adaptive,264.33333333333337,0.13746953010996543,0.12709813864698047
ergo_adaptive,264.41666666666663,0.13726756030518789,0.12707088947124362
ergo_adaptive,264.5,0.1354552638816246,0.1270607570107428
ergo_adaptive,264.58333333333337,0.13509916304493189,0.1270529879333388
ergo_adaptive,264.66666666666663,0.13540105077569953,0.12702625324785274
ergo_adaptive,264.75,0.13578517316002614,0.12698345710002854
ergo_adaptive,264.83333333333337,0.135023749062191,0.1269542932498592
ergo_adaptive,264.91666666666663,0.13479745586869377,0.12693221379852884
ergo_adaptive,265.0,0.13375323666974753,0.12689030890800956
ergo_adaptive,265.08333333333337,0.13256687471401313,0.12681653970050533
ergo_adaptive,265.16666666666663,0.13269322518696297,0.126733145555585
ergo_adaptive,265.25,0.13399316657878552,0.12664837333885293
ergo_adaptive,265.33333333333337,0.13396104335760164,0.1265369274620458
ergo_adaptive,265.41666666666663,0.13312378209235462,0.12639754759157495
ergo_adaptive,265.5,0.1329674920620466,0.12625027174664694
ergo_adaptive,265.58333333333337,0.13141411120469615,0.12611922874857776
ergo_adaptive,265.66666666666663,0.13047175418466778,0.12597787916460337
ergo_adaptive,265.75,0.131158258501813,0.12580437130142222
ergo_adaptive,265.83333333333337,0.12957938112175466,0.12561620523758085
ergo_adaptive,265.91666666666663,0.1278127332948312,0.12545044248981982
ergo_adaptive,266.0,0.12945310553399467,0.12529867825085786
ergo_adaptive,266.08333333333337,0.1289787268227608,0.12510355015248878
ergo_adaptive,266.16666666666663,0.12683265734976187,0.12488202820861831
ergo_adaptive,266.25,0.1258068731104213,0.12468269847597986
ergo_adaptive,266.33333333333337,0.12652185600099,0.12454008409444149
ergo_adaptive,266.41666666666663,0.12544375383061887,0.12434616301132022
ergo_adaptive,266.5,0.1245253179062312,0.12406980550587883
ergo_adaptive,266.58333333333337,0.12497278645814106,0.1238075244890722
ergo_adaptive,266.66666666666663,0.1253767076786432,0.12363667767632881
ergo_adaptive,266.75,0.1253277396865293,0.12344578542354512
ergo_adaptive,266.83333333333337,0.12520831500420948,0.1231401795808985
ergo_adaptive,266.91666666666663,0.1257067214184594,0.12278366245612783
ergo_adaptive,267.0,0.12594376354606032,0.12245999078081578
ergo_adaptive,267.08333333333337,0.12400907894799038,0.1221834672579605
ergo_adaptive,267.16666666666663,0.12457442735739499,0.12191781095313795
ergo_adaptive,267.25,0.12345417649879731,0.12163079411562079
ergo_adaptive,267.33333333333337,0.12394259046729225,0.121331527978039
ergo_adaptive,267.41666666666663,0.12375094384098632,0.12107250785454281
ergo_adaptive,267.5,0.12400521099613003,0.12084256468259769
ergo_adaptive,267.58333333333337,0.12430411734096787,0.1205450303612513
ergo_adaptive,267.66666666666663,0.12364580538366063,0.12017100623098778
ergo_adaptive,267.75,0.12287348420250506,0.11979140910099548
ergo_adaptive,267.83333333333337,0.12416570205251957,0.11944759483116277
ergo_adaptive,267.91666666666663,0.12517723258971647,0.11918861304926354
ergo_adaptive,268.0,0.12620798217401158,0.11901973827096869
ergo_adaptive,268.08333333333337,0.12658356905053403,0.11871832101341803
ergo_adaptive,268.16666666666663,0.126754802739565,0.11831012251530722
ergo_adaptive,268.25,0.12738931265273146,0.11790477126752424
ergo_adaptive,268.33333333333337,0.12824685219797752,0.11755573257958019
ergo_adaptive,268.41666666666663,0.12957111317295367,0.11727166788954131
ergo_adaptive,268.5,0.12916235178883664,0.11700118589646748
ergo_adaptive,268.58333333333337,0.12903134953692985,0.11671273044441954
ergo_adaptive,268.66666666666663,0.13053787904570538,0.11644072192858765
ergo_adaptive,268.75,0.13129971434730522,0.11626656073055062
ergo_adaptive,268.83333333333337,0.13179291651640815,0.11612109748467615
ergo_adaptive,268.91666666666663,0.13210449365681112,0.11585850154364537
ergo_adaptive,269.0,0.13329666175157973,0.11554431193757105
ergo_adaptive,269.08333333333337,0.1336536918919827,0.11529595312002028
ergo_adaptive,269.16666666666663,0.13460760222178697,0.11512451460812209
ergo_adaptive,269.25,0.1350704128681344,0.11490306365555983
ergo_adaptive,269.33333333333337,0.1355861220908096,0.11462350661521625
ergo_adaptive,269.41666666666663,0.13624652089921696,0.11436674638668626
ergo_adaptive,269.5,0.13676478333424774,0.11417154342085643
ergo_adaptive,269.58333333333337,0.1364056995100882,0.11399092780089656
ergo_adaptive,269.66666666666663,0.13677378916299235,0.11378669796142196
ergo_adaptive,269.75,0.13727097017374412,0.11357987131808127
ergo_adaptive,269.83333333333337,0.13712956805820486,0.1134125425587296
ergo_adaptive,269.91666666666663,0.13718276579775968,0.11327789688278876
ergo_adaptive,270.0,0.13642322965351272,0.11314174398672412
ergo_adaptive,270.08333333333337,0.13683879573074778,0.11299840854971932
ergo_adaptive,270.16666666666663,0.13682982737516666,0.11288314107201455
ergo_adaptive,270.25,0.13718533342555436,0.11280775589385068
ergo_adaptive,270.33333333333337,0.137271053987189,0.11273732637654514
ergo_adaptive,270.41666666666663,0.1370581507079074,0.11264648329733434
ergo_adaptive,270.5,0.13685601213618462,0.11256816362057225
ergo_adaptive,270.58333333333337,0.13649197898166004,0.11255004644485399
ergo_adaptive,270.66666666666663,0.13629495652181775,0.11256563799877788
ergo_adaptive,270.75,0.1365909519447769,0.11253512022287492
ergo_adaptive,270.83333333333337,0.13652407119648285,0.11247968236742786
ergo_adaptive,270.91666666666663,0.13635973023189477,0.11248676750934379
ergo_adaptive,271.0,0.13604564238086125,0.11256624846752412
ergo_adaptive,271.08333333333337,0.13509332097662582,0.11257781430086972
ergo_adaptive,271.16666666666663,0.13431619762280433,0.11253466595473344
ergo_adaptive,271.25,0.13406252977195235,0.11250633178176185
ergo_adaptive,271.33333333333337,0.13357259783201986,0.1125256554841581
ergo_adaptive,271.41666666666663,0.13358059227294244,0.1125919592532185
ergo_adaptive,271.5,0.13311445089530283,0.11267831979771617
ergo_adaptive,271.58333333333337,0.13331015937954568,0.11275665237174444
ergo_adaptive,271.66666666666663,0.13275547954412986,0.1127967094483644
ergo_adaptive,271.75,0.13260863248342425,0.11282599154574717
ergo_adaptive,271.83333333333337,0.13220151583882692,0.1128604894064042
ergo_adaptive,271.91666666666663,0.13233410886295333,0.11313379959379928
ergo_adaptive,272.0,0.13243375566390617,0.11351896992277427
ergo_adaptive,272.08333333333337,0.13247541190301748,0.11391619570712475
ergo_adaptive,272.16666666666663,0.13262981290787385,0.11427341473267871
ergo_adaptive,272.25,0.13295660659473105,0.11462890852523831
ergo_adaptive,272.33333333333337,0.13347892141380716,0.11502302422260959
ergo_adaptive,272.41666666666663,0.13404868737177658,0.11540945171641082
ergo_adaptive,272.5,0.13402827006052723,0.11577162656022347
ergo_adaptive,272.58333333333337,0.1346232679703665,0.11609211181962105
ergo_adaptive,272.66666666666663,0.13465866435938464,0.11633777461225002
ergo_adaptive,272.75,0.13574815683400177,0.116495841156763
ergo_adaptive,272.83333333333337,0.13568105520144225,0.1165969749048292
ergo_adaptive,272.91666666666663,0.13539313974133851,0.11665364192098543
ergo_adaptive,273.0,0.1351783108610838,0.11666621400123917
ergo_adaptive,273.08333333333337,0.13457359257370222,0.11689949807536049
ergo_adaptive,273.16666666666663,0.1348855864790311,0.1172472967380172
ergo_adaptive,273.25,0.13466838616248503,0.1176167034381495
ergo_adaptive,273.33333333333337,0.13480625124308818,0.11795588531395713
ergo_adaptive,273.41666666666663,0.13609899414017768,0.11824702748784129
ergo_adaptive,273.5,0.13567829109113158,0.11848937669802016
ergo_adaptive,273.58333333333337,0.13485307207007896,0.11868872464382249
ergo_adaptive,273.66666666666663,0.13518851293118467,0.118847239570762
ergo_adaptive,273.75,0.13595006218483605,0.11896609718799973
ergo_adaptive,273.83333333333337,0.13577883727526358,0.11907285222952381
ergo_adaptive,273.91666666666663,0.1358536899498992,0.1191829663073072
ergo_adaptive,274.0,0.13593486054697473,0.11928271598116601
ergo_adaptive,274.08333333333337,0.13541678222657552,0.11936371287171783
ergo_adaptive,274.16666666666663,0.1349458318085661,0.11945247306628322
ergo_adaptive,274.25,0.13439284381258093,0.11956493220445931
ergo_adaptive,274.33333333333337,0.13445979386677015,0.11984045192487763
ergo_adaptive,274.41666666666663,0.1349127092462898,0.12018787966384856
ergo_adaptive,274.5,0.13536425209113845,0.12053812309417616
ergo_adaptive,274.58333333333337,0.13570418838133194,0.1208619148825677
ergo_adaptive,274.66666666666663,0.13622768365981044,0.12113985196246127
ergo_adaptive,274.75,0.13707703950037742,0.12135694743241489
ergo_adaptive,274.83333333333337,0.1377925414506003,0.12151478406095559
ergo_adaptive,274.91666666666663,0.13841686307026352,0.12164040644302551
ergo_adaptive,275.0,0.13914331240837308,0.1217676396983453
ergo_adaptive,275.08333333333337,0.13989998164970416,0.12189416049276457
ergo_adaptive,275.16666666666663,0.140198492986604,0.12200682698941535
ergo_adaptive,275.25,0.1396591655583085,0.12212450717734209
ergo_adaptive,275.33333333333337,0.1394631625870973,0.12227394532288889
ergo_adaptive,275.41666666666663,0.139227225490466,0.1223476188767574
ergo_adaptive,275.5,0.13891861917514975,0.12230969828718954
ergo_adaptive,275.58333333333337,0.1382880093723939,0.12222628859866945
ergo_adaptive,275.66666666666663,0.13870538712524685,0.12216598137520704
ergo_adaptive,275.75,0.1380678450382258,0.12211614688540681
ergo_adaptive,275.83333333333337,0.13790297734374676,0.12203475163417114
ergo_adaptive,275.91666666666663,0.13760555917837813,0.12192929390541955
ergo_adaptive,276.0,0.1372664405899156,0.12186339517259386
ergo_adaptive,276.08333333333337,0.13697428357278707,0.12184618814105912
ergo_adaptive,276.16666666666663,0.1372838755768199,0.12183580741999755
ergo_adaptive,276.25,0.13740261761488376,0.12180788966969762
ergo_adaptive,276.33333333333337,0.13765231026832683,0.1218057330925995
ergo_adaptive,276.41666666666663,0.13679520991698185,0.12186802172911179
ergo_adaptive,276.5,0.13638961395434027,0.12195154713223351
ergo_adaptive,276.58333333333337,0.13611669455487824,0.12200210285773708
ergo_adaptive,276.66666666666663,0.13646715551764033,0.12206425510981962
ergo_adaptive,276.75,0.1354315147044644,0.12216982971159761
ergo_adaptive,276.83333333333337,0.134544333853593,0.12231459163307401
ergo_adaptive,276.91666666666663,0.1342034749519378,0.12251672459894276
ergo_adaptive,277.0,0.13434748413653524,0.12273697790173117
ergo_adaptive,277.08333333333337,0.13424969837992684,0.12295651728075133
ergo_adaptive,277.16666666666663,0.13490935688807015,0.12323263014751286
ergo_adaptive,277.25,0.1352142713581252,0.12354716189750431
ergo_adaptive,277.33333333333337,0.13482013766867107,0.12388037293150374
ergo_adaptive,277.41666666666663,0.1350005734035133,0.12422566894087624
ergo_adaptive,277.5,0.13549335287762673,0.12454780185132669
ergo_adaptive,277.58333333333337,0.1362835418678353,0.12487146299363763
ergo_adaptive,277.66666666666663,0.1367212638253111,0.12519365446761205
ergo_adaptive,277.75,0.13721521303152168,0.12551864448166528
ergo_adaptive,277.83333333333337,0.13750911693609758,0.12583620242270244
ergo_adaptive,277.91666666666663,0.13780895715163632,0.12614996452501576
ergo_adaptive,278.0,0.13781537338144534,0.12645812737033363
ergo_adaptive,278.08333333333337,0.13816418937378655,0.12676043796817507
ergo_adaptive,278.16666666666663,0.1384484188198354,0.12705896994603363
ergo_adaptive,278.25,0.13848482776340185,0.12734969632255952
ergo_adaptive,278.33333333333337,0.13946163920449295,0.12763542374955425
ergo_adaptive,278.41666666666663,0.14005750975720602,0.1279332934466395
ergo_adaptive,278.5,0.14013741935168567,0.12822912881539292
ergo_adaptive,278.58333333333337,0.14067179047185832,0.12848793695074756
ergo_adaptive,278.66666666666663,0.1404258060113559,0.12870624027082211
ergo_adaptive,278.75,0.14041503738167616,0.12890403622614618
ergo_adaptive,278.83333333333337,0.14071818183633375,0.12909298352768867
ergo_adaptive,278.91666666666663,0.14101307509734473,0.12925529782799758
ergo_adaptive,279.0,0.14101500611933937,0.12937246853542292
ergo_adaptive,279.08333333333337,0.1401989140204444,0.12944229817125188
ergo_adaptive,279.16666666666663,0.14009116881104114,0.1294729043098069
ergo_adaptive,279.25,0.1401003652897148,0.12948586318927113
ergo_adaptive,279.33333333333337,0.14111430010176398,0.1294756877015128
ergo_adaptive,279.41666666666663,0.140692300825786,0.12938566584765093
ergo_adaptive,279.5,0.13991072739273816,0.12922794726617717
ergo_adaptive,279.58333333333337,0.14083703163490738,0.12906101598247102
ergo_adaptive,279.66666666666663,0.14070177088518757,0.12892230783963995
ergo_adaptive,279.75,0.14122608972879883,0.12882286600536896
ergo_adaptive,279.83333333333337,0.1414501131309318,0.1287473914205338
ergo_adaptive,279.91666666666663,0.14234378246744014,0.12865265540103904
ergo_adaptive,280.0,0.1427464393778959,0.12854777669018586
ergo_adaptive,280.08333333333337,0.14275771540210141,0.1284649129603019
ergo_adaptive,280.16666666666663,0.14313527922137553,0.1283775562298813
ergo_adaptive,280.25,0.1425064546666528,0.1282755353713063
ergo_adaptive,280.33333333333337,0.144018345504909,0.12817218626041876
ergo_adaptive,280.41666666666663,0.14397000139093732,0.12806661236266179
ergo_adaptive,280.5,0.14556925811653665,0.12795936812598507
ergo_adaptive,280.58333333333337,0.14578625969019363,0.12785715946483162
ergo_adaptive,280.66666666666663,0.14600226789175647,0.12773942569321378
ergo_adaptive,280.75,0.14573761802384802,0.12760320519825336
ergo_adaptive,280.83333333333337,0.14573599393306513,0.12747972278334097
ergo_adaptive,280.91666666666663,0.14577849573551857,0.12734774858253073
ergo_adaptive,281.0,0.1464131926392883,0.12715117061436954
ergo_adaptive,281.08333333333337,0.14686824919631777,0.12689735817032455
ergo_adaptive,281.16666666666663,0.14676982570413027,0.12662209592575432
ergo_adaptive,281.25,0.14679344497997407,0.12636768383291194
ergo_adaptive,281.33333333333337,0.14751616879980736,0.1261647726032847
ergo_adaptive,281.41666666666663,0.14655056831239432,0.12595064973729492
ergo_adaptive,281.5,0.1462026412784965,0.125674584908501
ergo_adaptive,281.58333333333337,0.14636642004082553,0.12540681244183907
ergo_adaptive,281.66666666666663,0.14625669121227583,0.12523008684750392
ergo_adaptive,281.75,0.1451727814373247,0.1251036470529835
ergo_adaptive,281.83333333333337,0.14477404965204452,0.12494188230200863
ergo_adaptive,281.91666666666663,0.1452682872024497,0.12477847022765592
ergo_adaptive,282.0,0.14542379607555925,0.12466925716459558
ergo_adaptive,282.08333333333337,0.14543991700023795,0.12460899746750155
ergo_adaptive,282.16666666666663,0.14545082157393915,0.12455919019535575
ergo_adaptive,282.25,0.14434743131197988,0.12450015334441039
ergo_adaptive,282.33333333333337,0.14369805721107431,0.12444437877804884
ergo_adaptive,282.41666666666663,0.1435525597753356,0.12443208567294484
ergo_adaptive,282.5,0.14327369352928573,0.12447046739299814
ergo_adaptive,282.58333333333337,0.1431749019763726,0.12447335335419735
ergo_adaptive,282.66666666666663,0.1425871509199912,0.12441354666424274
ergo_adaptive,282.75,0.1424892601173958,0.12434744496640529
ergo_adaptive,282.83333333333337,0.14254160196525043,0.12429309379648992
ergo_adaptive,282.91666666666663,0.14213238560981317,0.1242702924159365
ergo_adaptive,283.0,0.1417527876412439,0.12428750067530142
ergo_adaptive,283.08333333333337,0.1414645908856177,0.12431421268979281
ergo_adaptive,283.16666666666663,0.14067824800030737,0.12428481028719862
ergo_adaptive,283.25,0.14067346966199015,0.1242315098463869
ergo_adaptive,283.33333333333337,0.14012382829400954,0.1241731850177457
ergo_adaptive,283.41666666666663,0.13911641297140986,0.1241525886500697
ergo_adaptive,283.5,0.13965800456830876,0.12416984333829868
ergo_adaptive,283.58333333333337,0.13852168665845496,0.12418158765706988
ergo_adaptive,283.66666666666663,0.13855953652586908,0.12415377099763483
ergo_adaptive,283.75,0.1383158775565038,0.12412876503569671
ergo_adaptive,283.83333333333337,0.137286690498848,0.1241744062521895
ergo_adaptive,283.91666666666663,0.13763096138949837,0.12420891645294013
ergo_adaptive,284.0,0.1380918271207733,0.12414739849534578
ergo_adaptive,284.08333333333337,0.13755768619668976,0.12405823383252308
ergo_adaptive,284.16666666666663,0.13697308022074264,0.12401403444032265
ergo_adaptive,284.25,0.13711697180175297,0.12400374290010246
ergo_adaptive,284.33333333333337,0.13651780669822167,0.12393713550266902
ergo_adaptive,284.41666666666663,0.13682905594303849,0.12382161514397304
ergo_adaptive,284.5,0.13584212325291803,0.12371403913691849
ergo_adaptive,284.58333333333337,0.13596728754714418,0.12366185079285591
ergo_adaptive,284.66666666666663,0.1355971180985213,0.12358926162214996
ergo_adaptive,284.75,0.134768479021203,0.12344462280264648
ergo_adaptive,284.83333333333337,0.13528424996244293,0.12329366758151902
ergo_adaptive,284.91666666666663,0.13444472033347135,0.12319906474597936
ergo_adaptive,285.0,0.13514384159712076,0.12311939901776037
ergo_adaptive,285.08333333333337,0.13472745102844047,0.12296090131194308
ergo_adaptive,285.16666666666663,0.1338472420665649,0.12275672677364484
ergo_adaptive,285.25,0.13226157229934524,0.12263601068201281
ergo_adaptive,285.33333333333337,0.13350631510703492,0.12275000427553133
ergo_adaptive,285.41666666666663,0.1325870748317202,0.12294761388671036
ergo_adaptive,285.5,0.13296855889557063,0.12312747763068259
ergo_adaptive,285.58333333333337,0.1331786157457899,0.12323928617864673
ergo_adaptive,285.66666666666663,0.13346812744999303,0.12327420706585547
ergo_adaptive,285.75,0.13425099213698735,0.12327670100302292
ergo_adaptive,285.83333333333337,0.13385998470509752,0.1232773999654672
ergo_adaptive,285.91666666666663,0.13427027341752013,0.12322289216867677
ergo_adaptive,286.0,0.13453554620262137,0.1231003858091648
ergo_adaptive,286.08333333333337,0.13371356370195492,0.12295709509538794
ergo_adaptive,286.16666666666663,0.13417043991777927,0.12284061245121759
ergo_adaptive,286.25,0.13310725090314224,0.12275068613166064
ergo_adaptive,286.33333333333337,0.13347294302059462,0.12266475573252
ergo_adaptive,286.41666666666663,0.1336572595421542,0.12257017785557624
ergo_adaptive,286.5,0.13382164394026486,0.12249248581797641
ergo_adaptive,286.58333333333337,0.13399599887902525,0.12247624814121515
ergo_adaptive,286.66666666666663,0.13378498772917893,0.12248531862706552
ergo_adaptive,286.75,0.13415066016629293,0.12240501403760531
ergo_adaptive,286.83333333333337,0.13394151661315282,0.12227345915132085
ergo_adaptive,286.91666666666663,0.13388102903492607,0.12216017352114689
ergo_adaptive,287.0,0.13396516045172854,0.12207092453060182
ergo_adaptive,287.08333333333337,0.13348151527127666,0.12197350199858252
ergo_adaptive,287.16666666666663,0.1328759231724896,0.12186386778171687
ergo_adaptive,287.25,0.13341496852458,0.12175749148101991
ergo_adaptive,287.33333333333337,0.13423508964141573,0.121690362395246
ergo_adaptive,287.41666666666663,0.13445249356479563,0.12170196143163836
ergo_adaptive,287.5,0.134662893733124,0.12166065374801005
ergo_adaptive,287.58333333333337,0.13397436841164506,0.12151393323620761
ergo_adaptive,287.66666666666663,0.13450075364923728,0.12134158491250464
ergo_adaptive,287.75,0.13491418093507515,0.12119457322924829
ergo_adaptive,287.83333333333337,0.13515641810664772,0.12108135049061132
ergo_adaptive,287.91666666666663,0.13469028240626432,0.12100270229582662
ergo_adaptive,288.0,0.13412560302468834,0.12091395961300304
ergo_adaptive,288.08333333333337,0.13349095091907678,0.12080299592482117
ergo_adaptive,288.16666666666663,0.13279853849549506,0.12071880312345976
ergo_adaptive,288.25,0.1334135206321033,0.12066136154337231
ergo_adaptive,288.33333333333337,0.13347681232363523,0.12057059865600744
ergo_adaptive,288.41666666666663,0.13389012038058756,0.12043899697217272
ergo_adaptive,288.5,0.1337467180790377,0.12030075195509413
ergo_adaptive,288.58333333333337,0.13483431951028327,0.12019042722506519
ergo_adaptive,288.66666666666663,0.13479351228466438,0.12016148114769583
ergo_adaptive,288.75,0.13460135047227012,0.12018873323176021
ergo_adaptive,288.83333333333337,0.13365695930180607,0.12012088128551468
ergo_adaptive,288.91666666666663,0.13385260697619653,0.11998062339324297
ergo_adaptive,289.0,0.1336793620703801,0.11983888653653113
ergo_adaptive,289.08333333333337,0.13354848227555607,0.1197480054771721
ergo_adaptive,289.16666666666663,0.13403718667095935,0.11974258159755476
ergo_adaptive,289.25,0.13398980520124562,0.1198026127746397
ergo_adaptive,289.33333333333337,0.13313764208177561,0.11978881509979386
ergo_adaptive,289.41666666666663,0.13220564658536266,0.11970953913399389
ergo_adaptive,289.5,0.13228667555369805,0.11962739876694731
ergo_adaptive,289.58333333333337,0.1327854708860895,0.11959435257733679
ergo_adaptive,289.66666666666663,0.13274359625166482,0.11962271650943235
ergo_adaptive,289.75,0.13220728897684872,0.11970151234115
ergo_adaptive,289.83333333333337,0.13234916982859113,0.11974642616853186
ergo_adaptive,289.91666666666663,0.1320689682869787,0.11973942954554655
ergo_adaptive,290.0,0.1310694900921988,0.1197380880972179
ergo_adaptive,290.08333333333337,0.13159459978909907,0.11976198067271332
ergo_adaptive,290.16666666666663,0.13096269066223243,0.11981877259878043
ergo_adaptive,290.25,0.13065470885763528,0.11987846697774582
ergo_adaptive,290.33333333333337,0.13013032336356944,0.11993607567240369
ergo_adaptive,290.41666666666663,0.12998819711038878,0.12000232661470714
ergo_adaptive,290.5,0.13014593600426866,0.12011103058378035
ergo_adaptive,290.58333333333337,0.12990173030388033,0.12020979409457455
ergo_adaptive,290.66666666666663,0.12916207786922967,0.12024510774532185
ergo_adaptive,290.75,0.1293326402780414,0.1202544489501808
ergo_adaptive,290.83333333333337,0.12845366995493668,0.12027926961185882
ergo_adaptive,290.91666666666663,0.12828625448901404,0.12033267842741606
ergo_adaptive,291.0,0.12811898391160584,0.12041950264778939
ergo_adaptive,291.08333333333337,0.129281824346078,0.12049428184983343
ergo_adaptive,291.16666666666663,0.12858225951767954,0.12049992427443842
ergo_adaptive,291.25,0.1281199303798229,0.1204529318859575
ergo_adaptive,291.33333333333337,0.12864105808089665,0.12041077360051095
ergo_adaptive,291.41666666666663,0.12865247054497272,0.12039188919360114
ergo_adaptive,291.5,0.12830243218386894,0.12038219700810239
ergo_adaptive,291.58333333333337,0.12826624013417773,0.1203442004795585
ergo_adaptive,291.66666666666663,0.12702896529473223,0.1202799414146206
ergo_adaptive,291.75,0.1266338748130035,0.12022643002714961
ergo_adaptive,291.83333333333337,0.1268579726709119,0.12021010398117814
ergo_adaptive,291.91666666666663,0.12711606242797252,0.12015772910130737
ergo_adaptive,292.0,0.12658231135302672,0.12004280454327
ergo_adaptive,292.08333333333337,0.12656840662919736,0.11993136374001853
ergo_adaptive,292.16666666666663,0.12636842986240066,0.11990739734372735
ergo_adaptive,292.25,0.12658933524585111,0.11983162117375384
ergo_adaptive,292.33333333333337,0.12692979188205575,0.11965276631102507
ergo_adaptive,292.41666666666663,0.12668222518723843,0.11945189235011278
ergo_adaptive,292.5,0.1268688886316976,0.11930870022410062
ergo_adaptive,292.58333333333337,0.12731887383513837,0.11918880769878362
ergo_adaptive,292.66666666666663,0.12735269626621568,0.11900176091794581
ergo_adaptive,292.75,0.127193055512603,0.11878005410240923
ergo_adaptive,292.83333333333337,0.1277925797510931,0.11857652157482872
ergo_adaptive,292.91666666666663,0.12844824815807834,0.11841265047891707
ergo_adaptive,293.0,0.1290992551647907,0.11822847605846809
ergo_adaptive,293.08333333333337,0.12832474466100674,0.11800050661093363
ergo_adaptive,293.16666666666663,0.12823510729457094,0.11777798026189765
ergo_adaptive,293.25,0.1284753538443976,0.11758284751885198
ergo_adaptive,293.33333333333337,0.12737583450655346,0.11739083036044531
ergo_adaptive,293.41666666666663,0.12772519158498266,0.1171574202307113
ergo_adaptive,293.5,0.12848407280168994,0.11690622244163436
ergo_adaptive,293.58333333333337,0.12889289690841235,0.11668695089394192
ergo_adaptive,293.66666666666663,0.13000017359336202,0.11648095257273393
ergo_adaptive,293.75,0.13022311922947827,0.11625099363753391
ergo_adaptive,293.83333333333337,0.12941797162539553,0.11598878460551293
ergo_adaptive,293.91666666666663,0.1298575825341665,0.11574529980815947
ergo_adaptive,294.0,0.13003125769903992,0.11553490823988845
ergo_adaptive,294.08333333333337,0.1301379472017383,0.11531098678134692
ergo_adaptive,294.16666666666663,0.1297129732077672,0.11505278304065446
ergo_adaptive,294.25,0.1289775318278797,0.11479982060003271
ergo_adaptive,294.33333333333337,0.12972795609991394,0.11459600037488199
ergo_adaptive,294.41666666666663,0.12992241185509898,0.11439644837662549
ergo_adaptive,294.5,0.12931139867930094,0.11415443280061159
ergo_adaptive,294.58333333333337,0.12899255426671918,0.11389668413118045
ergo_adaptive,294.66666666666663,0.1282272905429369,0.1136950554497024
ergo_adaptive,294.75,0.12828173252239602,0.11352359870315622
ergo_adaptive,294.83333333333337,0.1281625228113063,0.11330646350948909
ergo_adaptive,294.91666666666663,0.12737020279486158,0.11304680178497446
ergo_adaptive,295.0,0.1267862054623543,0.1128375002951766
ergo_adaptive,295.08333333333337,0.1270972465332624,0.11269713727249898
ergo_adaptive,295.16666666666663,0.12673402037195014,0.11251349741070682
ergo_adaptive,295.25,0.1269397648894342,0.11225068202881325
ergo_adaptive,295.33333333333337,0.1264161560008641,0.11201936017775911
ergo_adaptive,295.41666666666663,0.12619282664989237,0.1118984406580466
ergo_adaptive,295.5,0.12490438933509702,0.1117682044622928
ergo_adaptive,295.58333333333337,0.12481944072959542,0.111522777644977
ergo_adaptive,295.66666666666663,0.12371754804834513,0.11126873376772617
ergo_adaptive,295.75,0.12354572010442756,0.11111662229707366
ergo_adaptive,295.83333333333337,0.1235563184300607,0.11102860285850825
ergo_adaptive,295.91666666666663,0.12361003601524646,0.11082682650888062
ergo_adaptive,296.0,0.12283081005325688,0.11057994472993371
ergo_adaptive,296.08333333333337,0.1218013001640807,0.11039170191292268
ergo_adaptive,296.16666666666663,0.12188864979290999,0.1102737217901738
ergo_adaptive,296.25,0.12160920714970451,0.11012264493290329
ergo_adaptive,296.33333333333337,0.12067363356193346,0.10992872814086037
ergo_adaptive,296.41666666666663,0.1197648304932107,0.10974198589472027
ergo_adaptive,296.5,0.11924050424671005,0.10959612793269194
ergo_adaptive,296.58333333333337,0.11837449505514798,0.10946913457360033
ergo_adaptive,296.66666666666663,0.11932171954238696,0.10932439823916462
ergo_adaptive,296.75,0.11815226120879876,0.1091664765656575
ergo_adaptive,296.83333333333337,0.11589959105464015,0.1090345828113113
ergo_adaptive,296.91666666666663,0.11648401632235748,0.10896911950430134
ergo_adaptive,297.0,0.1172349384055961,0.10891730481867333
ergo_adaptive,297.08333333333337,0.11595643590580422,0.10880339712038191
ergo_adaptive,297.16666666666663,0.11714216332155697,0.10866440459556877
ergo_adaptive,297.25,0.11752394661078171,0.10855002293512632
ergo_adaptive,297.33333333333337,0.11662053498902056,0.10843928483829506
ergo_adaptive,297.41666666666663,0.11744365223560778,0.1083242466058669
ergo_adaptive,297.5,0.11731728120758414,0.10821244216824888
ergo_adaptive,297.58333333333337,0.11773792096495343,0.10811707147286949
ergo_adaptive,297.66666666666663,0.11735012320828539,0.10805955908689921
ergo_adaptive,297.75,0.11651767695345179,0.10805536421014265
ergo_adaptive,297.83333333333337,0.11648704952459876,0.10804549076734143
ergo_adaptive,297.91666666666663,0.11682978031918832,0.10802376074554564
ergo_adaptive,298.0,0.11675033477898439,0.10803541349181023
ergo_adaptive,298.08333333333337,0.11698789518286175,0.10805987281116522
ergo_adaptive,298.16666666666663,0.11625867000734173,0.10803495502067213
ergo_adaptive,298.25,0.11622182636793066,0.10796745241717357
ergo_adaptive,298.33333333333337,0.11685743298421591,0.10790842048210565
ergo_adaptive,298.41666666666663,0.11727661643253487,0.1078713464798216
ergo_adaptive,298.5,0.11830934644801354,0.10784193803149318
ergo_adaptive,298.58333333333337,0.11881709018621249,0.10778638267964574
ergo_adaptive,298.66666666666663,0.11909449228649803,0.10770505335875907
ergo_adaptive,298.75,0.11951675740960362,0.1076448825025202
ergo_adaptive,298.83333333333337,0.11953707506466181,0.10761114196813118
ergo_adaptive,298.91666666666663,0.11982983100547026,0.10755933956466349
ergo_adaptive,299.0,0.12052076566821546,0.10747578392757044
ergo_adaptive,299.08333333333337,0.12083866652344019,0.10739156676615272
ergo_adaptive,299.16666666666663,0.12200335598655347,0.10733059095032696
ergo_adaptive,299.25,0.12260095720028913,0.10728133705222326
ergo_adaptive,299.33333333333337,0.1225747829194555,0.10721255911339063
ergo_adaptive,299.41666666666663,0.12301286476479982,0.10713278474778747
ergo_adaptive,299.5,0.12339964380491192,0.10707908872870552
ergo_adaptive,299.58333333333337,0.1234108825874484,0.10705317106029613
ergo_adaptive,299.66666666666663,0.12391668149698873,0.10700994572426716
ergo_adaptive,299.75,0.12442946690930369,0.10693269280789307
ergo_adaptive,299.83333333333337,0.12525810356697353,0.10688096281392094
ergo_adaptive,299.91666666666663,0.12515534899817218,0.1069055061186885
ergo_adaptive,300.0,0.12522116624622504,0.10690813883639462
ergo_adaptive,300.08333333333337,0.1263420718323657,0.10683355765797105
ergo_adaptive,300.16666666666663,0.1265721553964707,0.10675894248466165
ergo_adaptive,300.25,0.12723105334061757,0.10676943636413935
ergo_adaptive,300.33333333333337,0.1276051450345864,0.10680634258117677
ergo_adaptive,300.41666666666663,0.12765079338091065,0.10676945821666828
ergo_adaptive,300.5,0.1273692948000476,0.1067110471710773
ergo_adaptive,300.58333333333337,0.12771411205636987,0.10670939555784628
ergo_adaptive,300.66666666666663,0.12800519894189516,0.10676265720117155
ergo_adaptive,300.75,0.1276972702531959,0.10679605162718045
ergo_adaptive,300.83333333333337,0.12748451692426144,0.10679951349876173
ergo_adaptive,300.91666666666663,0.12772082586641517,0.10682845784991045
ergo_adaptive,301.0,0.12777664644847156,0.10691035252610223
ergo_adaptive,301.08333333333337,0.1285094215191044,0.10700360168963716
ergo_adaptive,301.16666666666663,0.1286626857718423,0.10706748572487892
ergo_adaptive,301.25,0.1283383439231236,0.10713519407957016
ergo_adaptive,301.33333333333337,0.12861072301102822,0.10725115337791956
ergo_adaptive,301.41666666666663,0.12868282948654597,0.10739818229887114
ergo_adaptive,301.5,0.12852889912075485,0.10752110868632503
ergo_adaptive,301.58333333333337,0.12867055110430428,0.10763604839312281
ergo_adaptive,301.66666666666663,0.12843879295856098,0.1077950738053913
ergo_adaptive,301.75,0.12831456981144898,0.10805318077309417
ergo_adaptive,301.83333333333337,0.12898618196384096,0.10831078503185816
ergo_adaptive,301.91666666666663,0.12890898008378499,0.10853167914405172
ergo_adaptive,302.0,0.12872600288778904,0.10875964789757943
ergo_adaptive,302.08333333333337,0.12883563070628765,0.10904445702983585
ergo_adaptive,302.16666666666663,0.12910072508675935,0.10938998967271014
ergo_adaptive,302.25,0.12955233199303598,0.10977458480884046
ergo_adaptive,302.33333333333337,0.12995261537248037,0.11017510434306724
ergo_adaptive,302.41666666666663,0.13032185957556175,0.11058027273780843
ergo_adaptive,302.5,0.13064638978313553,0.11098431939777582
ergo_adaptive,302.58333333333337,0.13098626889757167,0.11138390060124603
ergo_adaptive,302.66666666666663,0.13102613685781098,0.11177711644118289
ergo_adaptive,302.75,0.13125831030780563,0.11216296365609922
ergo_adaptive,302.83333333333337,0.13205829297845376,0.11254101813438097
ergo_adaptive,302.91666666666663,0.1322427125682938,0.11291123583544403
ergo_adaptive,303.0,0.1322815420543526,0.11327389815424914
ergo_adaptive,303.08333333333337,0.1324566197036002,0.11362916833097055
ergo_adaptive,303.16666666666663,0.1327035568292042,0.11397742487869413
ergo_adaptive,303.25,0.13344865594895935,0.11431914558387071
ergo_adaptive,303.33333333333337,0.13365198007580303,0.11465487774348569
ergo_adaptive,303.41666666666663,0.13428966900545872,0.11498498044367747
ergo_adaptive,303.5,0.13433894988312536,0.11530983016070465
ergo_adaptive,303.58333333333337,0.13463629304937472,0.11562988188459557
ergo_adaptive,303.66666666666663,0.13505239683702897,0.11594574756304449
ergo_adaptive,303.75,0.13505539069000108,0.11625777711838807
ergo_adaptive,303.83333333333337,0.13582517839882607,0.11656602984947124
ergo_adaptive,303.91666666666663,0.13626032549022887,0.11687071425341583
ergo_adaptive,304.0,0.1364376822755415,0.11717191472703072
ergo_adaptive,304.08333333333337,0.13727765501080993,0.11746979550362215
ergo_adaptive,304.16666666666663,0.137666538241259,0.11776487876273964
ergo_adaptive,304.25,0.13860019407185833,0.11805761733666106
ergo_adaptive,304.33333333333337,0.13856886656173462,0.11834847644732566
ergo_adaptive,304.41666666666663,0.13892432805109856,0.11863703509351962
ergo_adaptive,304.5,0.1389867907729398,0.11892293702318263
ergo_adaptive,304.58333333333337,0.13975931790415297,0.11920652506769959
ergo_adaptive,304.66666666666663,0.14004281882998798,0.11948813154376682
ergo_adaptive,304.75,0.14093105202744388,0.11976776894215037
ergo_adaptive,304.83333333333337,0.14089178574923295,0.12004603455395128
ergo_adaptive,304.91666666666663,0.14089266165988204,0.12032253376510517
ergo_adaptive,305.0,0.14195964796752863,0.12059611371507951
ergo_adaptive,305.08333333333337,0.1420611930438726,0.1208693220485988
ergo_adaptive,305.16666666666663,0.1419437153794514,0.12113917516001785
ergo_adaptive,305.25,0.14244358650750108,0.12142290379792044
ergo_adaptive,305.33333333333337,0.14242554964309914,0.12168901637659639
ergo_adaptive,305.41666666666663,0.1429674653177533,0.12193287144744788
ergo_adaptive,305.5,0.1436244863914109,0.12215225762562174
ergo_adaptive,305.58333333333337,0.1438481558802605,0.12233546712128446
ergo_adaptive,305.66666666666663,0.14452638325398115,0.12248659557417908
ergo_adaptive,305.75,0.14466866925223207,0.12263676836415387
ergo_adaptive,305.83333333333337,0.14504797194882368,0.12280953588131567
ergo_adaptive,305.91666666666663,0.14501349065800476,0.12295711331325908
ergo_adaptive,306.0,0.1454258174017736,0.1230543361951243
ergo_adaptive,306.08333333333337,0.14486650965124656,0.12313902813511236
ergo_adaptive,306.16666666666663,0.14590229800870738,0.12326734352522199
ergo_adaptive,306.25,0.14602522663417541,0.12338888335496005
ergo_adaptive,306.33333333333337,0.14653987909585647,0.12343878200520511
ergo_adaptive,306.41666666666663,0.1469408115016526,0.12345826139278782
ergo_adaptive,306.5,0.1472962975465961,0.12352081146512163
ergo_adaptive,306.58333333333337,0.14748866565762025,0.12362191776721786
ergo_adaptive,306.66666666666663,0.14731473942993145,0.12364706019538142
ergo_adaptive,306.75,0.14686036858307053,0.12362052512835685
ergo_adaptive,306.83333333333337,0.14701281716477277,0.12361200965683042
ergo_adaptive,306.91666666666663,0.14669386049951688,0.12364931238508389
ergo_adaptive,307.0,0.1465392278519516,0.12386843439352876
ergo_adaptive,307.08333333333337,0.14707421874590787,0.12414683903620949
ergo_adaptive,307.16666666666663,0.14794975674893568,0.12443443953128627
ergo_adaptive,307.25,0.14776994908777039,0.12471345455501316
ergo_adaptive,307.33333333333337,0.14872941543450682,0.1249858001199348
ergo_adaptive,307.41666666666663,0.1489365918600711,0.12525072655726813
ergo_adaptive,307.5,0.14962138054430962,0.12550965636613032
ergo_adaptive,307.58333333333337,0.15030858925380075,0.12576333754951552
ergo_adaptive,307.66666666666663,0.1501790046145749,0.1260123640597976
ergo_adaptive,307.75,0.150352202933977,0.12625711600053696
ergo_adaptive,307.83333333333337,0.15029745115715154,0.12649768003776893
ergo_adaptive,307.91666666666663,0.15040940604693964,0.12673419807831665
ergo_adaptive,308.0,0.1510658055026344,0.12696651480415108
ergo_adaptive,308.08333333333337,0.15154310193972015,0.12719473784797572
ergo_adaptive,308.16666666666663,0.15192357711437854,0.12741893115489697
ergo_adaptive,308.25,0.15250677955393854,0.12763905277552773
ergo_adaptive,308.33333333333337,0.15250660492563317,0.1278530904009907
ergo_adaptive,308.41666666666663,0.15231692315108392,0.12806320079753
ergo_adaptive,308.5,0.1524628669932139,0.1282801821186763
ergo_adaptive,308.58333333333337,0.15242051632182463,0.12850367342558972
ergo_adaptive,308.66666666666663,0.15309879172353755,0.12873064089272462
ergo_adaptive,308.75,0.15379968496691196,0.1289556564712157
ergo_adaptive,308.83333333333337,0.1535833672347621,0.12917793257895338
ergo_adaptive,308.91666666666663,0.15359019825694545,0.12939865921741053
ergo_adaptive,309.0,0.15363930712860857,0.12961915146301675
ergo_adaptive,309.08333333333337,0.1546608632422824,0.1298397614038925
ergo_adaptive,309.16666666666663,0.15480635026807857,0.13005492383835576
ergo_adaptive,309.25,0.15479012668113323,0.13025620688085823
ergo_adaptive,309.33333333333337,0.15490263639048266,0.13044873594153966
ergo_adaptive,309.41666666666663,0.15561511162160072,0.130650889908925
ergo_adaptive,309.5,0.15548095576059875,0.13085098723580718
ergo_adaptive,309.58333333333337,0.15565329589432145,0.1310520433396953
ergo_adaptive,309.66666666666663,0.15642687839496386,0.13125661057896126
ergo_adaptive,309.75,0.15678380057345387,0.13145341532618085
ergo_adaptive,309.83333333333337,0.15685840634001968,0.13163217927855758
ergo_adaptive,309.91666666666663,0.15703597513328407,0.13179611283018294
ergo_adaptive,310.0,0.15726457267073582,0.13195679726642054
ergo_adaptive,310.08333333333337,0.15685406669802307,0.1321211465993432
ergo_adaptive,310.16666666666663,0.1571308921669533,0.13231525947056338
ergo_adaptive,310.25,0.1578482964310482,0.13252508033826005
ergo_adaptive,310.33333333333337,0.15788096419533124,0.13270857943290731
ergo_adaptive,310.41666666666663,0.1576437310618561,0.13285153571166278
ergo_adaptive,310.5,0.1576483887783785,0.13297826330254917
ergo_adaptive,310.58333333333337,0.15784930207675293,0.13312343439823718
ergo_adaptive,310.66666666666663,0.15756109191319526,0.13330996659932073
ergo_adaptive,310.75,0.15805626560514494,0.13352061886380281
ergo_adaptive,310.83333333333337,0.15873002318450982,0.13365226517817289
ergo_adaptive,310.91666666666663,0.15852487006567748,0.13361773365940585
ergo_adaptive,311.0,0.15922618242609493,0.1334664423226576
ergo_adaptive,311.08333333333337,0.1582851728278943,0.13329899849691546
ergo_adaptive,311.16666666666663,0.1584744317890152,0.13316452426116182
ergo_adaptive,311.25,0.1587630616065868,0.13313132770161254
ergo_adaptive,311.33333333333337,0.15938434981790753,0.1331099016703825
ergo_adaptive,311.41666666666663,0.15926028096959796,0.13302418388937548
ergo_adaptive,311.5,0.15948473735296675,0.13288507254555537
ergo_adaptive,311.58333333333337,0.15893316765364993,0.13274247393411978
ergo_adaptive,311.66666666666663,0.15903817850914084,0.1328013043950564
ergo_adaptive,311.75,0.1591988685717006,0.13295746022786736
ergo_adaptive,311.83333333333337,0.15952810940165263,0.13316190458130892
ergo_adaptive,311.91666666666663,0.15965041697413998,0.13338732190710387
ergo_adaptive,312.0,0.15947284247033944,0.13362160020667566
ergo_adaptive,312.08333333333337,0.159684483690299,0.13385882825621642
ergo_adaptive,312.16666666666663,0.16049387224702213,0.13408690579916596
ergo_adaptive,312.25,0.1605372720296052,0.13428331042397865
ergo_adaptive,312.33333333333337,0.16126362168205322,0.13442952160240482
ergo_adaptive,312.41666666666663,0.16128342103394708,0.1345353321382544
ergo_adaptive,312.5,0.16115646921970342,0.1346224914997968
ergo_adaptive,312.58333333333337,0.16029072959537724,0.13469046934417053
ergo_adaptive,312.66666666666663,0.16045828514445962,0.1347246672915038
ergo_adaptive,312.75,0.15941318000476862,0.134738353281337
ergo_adaptive,312.83333333333337,0.15979320423720497,0.13478864656983094
ergo_adaptive,312.91666666666663,0.1601858903217799,0.13487179578942637
ergo_adaptive,313.0,0.16079068862506962,0.13491273503021506
ergo_adaptive,313.08333333333337,0.16113747012968554,0.13491563770952003
ergo_adaptive,313.16666666666663,0.16138506019381837,0.13492183454089635
ergo_adaptive,313.25,0.16138940420888961,0.1349659846019584
ergo_adaptive,313.33333333333337,0.16190179470104057,0.1350177868660729
ergo_adaptive,313.41666666666663,0.16203887905860015,0.13505149786985365
ergo_adaptive,313.5,0.1619088610765965,0.13508398145848916
ergo_adaptive,313.58333333333337,0.16201350987833535,0.13514300301483828
ergo_adaptive,313.66666666666663,0.16164630729270005,0.13522347801369697
ergo_adaptive,313.75,0.1616981692058222,0.13530572356984685
ergo_adaptive,313.83333333333337,0.16200744922782723,0.1353802946850046
ergo_adaptive,313.91666666666663,0.16145589219379758,0.13545294742229372
ergo_adaptive,314.0,0.16085198237768553,0.13552836765893628
ergo_adaptive,314.08333333333337,0.16111234672118857,0.13558495921111965
ergo_adaptive,314.16666666666663,0.16088702332459162,0.13559788553813645
ergo_adaptive,314.25,0.16096787563359807,0.13571262366491213
ergo_adaptive,314.33333333333337,0.1609932880549886,0.13588307147416967
ergo_adaptive,314.41666666666663,0.1613469390906597,0.1360816442180003
ergo_adaptive,314.5,0.1613273514706301,0.13629433573345953
ergo_adaptive,314.58333333333337,0.16136353343134444,0.1365135619042657
ergo_adaptive,314.66666666666663,0.1615286694304888,0.136734756522833
ergo_adaptive,314.75,0.1620546268834527,0.1369551270019629
ergo_adaptive,314.83333333333337,0.16235170814556443,0.13717329317145147
ergo_adaptive,314.91666666666663,0.16291216796809313,0.13738837037520374
ergo_adaptive,315.0,0.16279377509876955,0.13760001939814756
ergo_adaptive,315.08333333333337,0.16271394790502555,0.13780763051290928
ergo_adaptive,315.16666666666663,0.16294944669008124,0.1380105922917602
ergo_adaptive,315.25,0.16349584719639076,0.13820976681478273
ergo_adaptive,315.33333333333337,0.1633601620519674,0.13840605895818084
ergo_adaptive,315.41666666666663,0.16370910701754718,0.1385987384619825
ergo_adaptive,315.5,0.16421944558279755,0.138789205944146
ergo_adaptive,315.58333333333337,0.1647012687003329,0.13897632441632055
ergo_adaptive,315.66666666666663,0.1642893600793891,0.1391624397629497
ergo_adaptive,315.75,0.16436769621485484,0.1393420987093915
ergo_adaptive,315.83333333333337,0.16513840385344533,0.1395371165927141
ergo_adaptive,315.91666666666663,0.1656881332098081,0.13972010884448532
ergo_adaptive,316.0,0.16605292924705156,0.13988922669689435
ergo_adaptive,316.08333333333337,0.16661377803268776,0.14004013793003084
ergo_adaptive,316.16666666666663,0.16659006533508627,0.14015858886867974
ergo_adaptive,316.25,0.1662567353792132,0.1402402695414147
ergo_adaptive,316.33333333333337,0.16634148175573413,0.14030846432393068
ergo_adaptive,316.41666666666663,0.1663228634136846,0.14037610767051512
ergo_adaptive,316.5,0.16671122318506243,0.14042276969085749
ergo_adaptive,316.58333333333337,0.1671310430530401,0.14043515910177037
ergo_adaptive,316.66666666666663,0.16712280989864847,0.14043628313939852
ergo_adaptive,316.75,0.16739252071473684,0.14045953045030182
ergo_adaptive,316.83333333333337,0.16790833003519562,0.14047785251307537
ergo_adaptive,316.91666666666663,0.1680866079336811,0.14045717215123546
ergo_adaptive,317.0,0.16796707307857037,0.14041421001637494
ergo_adaptive,317.08333333333337,0.16848752999534677,0.14039374244871305
ergo_adaptive,317.16666666666663,0.16831011617643454,0.14038706739487422
ergo_adaptive,317.25,0.16814909193973784,0.14033975524378786
ergo_adaptive,317.33333333333337,0.16820944567399146,0.14026032341403258
ergo_adaptive,317.41666666666663,0.16834683366178796,0.14019332950563798
ergo_adaptive,317.5,0.16881588630226277,0.14016898931221472
ergo_adaptive,317.58333333333337,0.1685610516780216,0.14012598162266315
ergo_adaptive,317.66666666666663,0.16875524025151692,0.1400562828732031
ergo_adaptive,317.75,0.168613363049163,0.13999803534287147
ergo_adaptive,317.83333333333337,0.1683562253144472,0.13999342386576402
ergo_adaptive,317.91666666666663,0.16826348197016314,0.13993401425260132
ergo_adaptive,318.0,0.16782471727343964,0.1397828765276052
ergo_adaptive,318.08333333333337,0.1671401862856269,0.1395963657547241
ergo_adaptive,318.16666666666663,0.16698462189817231,0.1394708885772439
ergo_adaptive,318.25,0.1666018834218665,0.13931857523823415
ergo_adaptive,318.33333333333337,0.16569096887209664,0.13903411708734406
ergo_adaptive,318.41666666666663,0.16518659271271538,0.13870286430025633
ergo_adaptive,318.5,0.1649663599000049,0.1384437253312518
ergo_adaptive,318.58333333333337,0.1642239432353416,0.13825047682716612
ergo_adaptive,318.66666666666663,0.1636094938385288,0.1380315549528505
ergo_adaptive,318.75,0.16336976625295443,0.13779313950981625
ergo_adaptive,318.83333333333337,0.16351001631492748,0.1375844689272271
ergo_adaptive,318.91666666666663,0.16196038275736133,0.1374212302717859
ergo_adaptive,319.0,0.1618230844619556,0.13734428409710378
ergo_adaptive,319.08333333333337,0.16178604830398338,0.1373234975175532
ergo_adaptive,319.16666666666663,0.16176592345270668,0.13745771121843625
ergo_adaptive,319.25,0.16182175929523704,0.13770861806840207
ergo_adaptive,319.33333333333337,0.1620959503439049,0.13797538794983116
ergo_adaptive,319.41666666666663,0.16253501164383732,0.13822636743036967
ergo_adaptive,319.5,0.162902665467997,0.13846501596028468
ergo_adaptive,319.58333333333337,0.16289933396786752,0.13868851187353334
ergo_adaptive,319.66666666666663,0.16328784969923804,0.13888630982150088
ergo_adaptive,319.75,0.1633446860970658,0.13904772890474296
ergo_adaptive,319.83333333333337,0.1639217486273747,0.1391780845055142
ergo_adaptive,319.91666666666663,0.16432326464914931,0.13929259287061097
ergo_adaptive,320.0,0.16482355936725956,0.1393961015020573
ergo_adaptive,320.08333333333337,0.16480878647098135,0.139482767431076
ergo_adaptive,320.16666666666663,0.1649747541940107,0.13955126361188377
ergo_adaptive,320.25,0.16531107407654919,0.13961461651036997
ergo_adaptive,320.33333333333337,0.16489067928042864,0.1396833828876299
ergo_adaptive,320.41666666666663,0.16471938710054593,0.13974781618187015
ergo_adaptive,320.5,0.16435501055232388,0.13979608566812712
ergo_adaptive,320.58333333333337,0.16526752148664073,0.13983876132061718
ergo_adaptive,320.66666666666663,0.16543346423252503,0.139889961531186
ergo_adaptive,320.75,0.16601055799922432,0.1399458007970115
ergo_adaptive,320.83333333333337,0.16690097147583438,0.13997847458275597
ergo_adaptive,320.91666666666663,0.16697763333653656,0.13998942380553778
ergo_adaptive,321.0,0.16688669674820802,0.1400085853763449
ergo_adaptive,321.08333333333337,0.16768642339390855,0.14004162092053818
ergo_adaptive,321.16666666666663,0.1680027649570402,0.14005540521976825
ergo_adaptive,321.25,0.167476087589978,0.140045668046725
ergo_adaptive,321.33333333333337,0.16747564429208237,0.1400353912795333
ergo_adaptive,321.41666666666663,0.16718554151766907,0.14004480006372774
ergo_adaptive,321.5,0.16688600898541922,0.14007036336344156
ergo_adaptive,321.58333333333337,0.1660310611043888,0.14010267381337868
ergo_adaptive,321.66666666666663,0.16513727103082654,0.14014375650720975
ergo_adaptive,321.75,0.1661862162637018,0.14021160062302324
ergo_adaptive,321.83333333333337,0.1664798121355146,0.14030478665751167
ergo_adaptive,321.91666666666663,0.166070315807863,0.14040069650265904
ergo_adaptive,322.0,0.16614605424754647,0.14048536890229055
ergo_adaptive,322.08333333333337,0.16629421108656678,0.14057786277383752
ergo_adaptive,322.16666666666663,0.1660967643973573,0.14068442525921981
ergo_adaptive,322.25,0.16648911737432404,0.14075968980887596
ergo_adaptive,322.33333333333337,0.16674754778556145,0.14074990008369143
ergo_adaptive,322.41666666666663,0.1673099977388878,0.14064871357182923
ergo_adaptive,322.5,0.16665972015786046,0.14047374420735065
ergo_adaptive,322.58333333333337,0.16578278160080953,0.14027295852529276
ergo_adaptive,322.66666666666663,0.1647781416215112,0.14009054820369296
ergo_adaptive,322.75,0.16429908497706944,0.13990486313972478
ergo_adaptive,322.83333333333337,0.1630776104376232,0.13965937471236453
ergo_adaptive,322.91666666666663,0.161802930534459,0.1393824299183506
ergo_adaptive,323.0,0.1614044336387685,0.13912013700714151
ergo_adaptive,323.08333333333337,0.16146538250755987,0.13887594292364594
ergo_adaptive,323.16666666666663,0.16073959839003643,0.13859390960254028
ergo_adaptive,323.25,0.16040670742977636,0.13826565321251136
ergo_adaptive,323.33333333333337,0.16017841068934247,0.13793946560798634
ergo_adaptive,323.41666666666663,0.15921980416629497,0.13763864215197832
ergo_adaptive,323.5,0.15798224150488357,0.13733290682176835
ergo_adaptive,323.58333333333337,0.15614698884822803,0.13700110032013965
ergo_adaptive,323.66666666666663,0.15452828707120478,0.1366577092367272
ergo_adaptive,323.75,0.15380126117118828,0.1363503841881828
ergo_adaptive,323.83333333333337,0.1539405186791302,0.13610538697300925
ergo_adaptive,323.91666666666663,0.15338193479919773,0.13582486388123383
ergo_adaptive,324.0,0.15235260281640675,0.13546040644481613
ergo_adaptive,324.08333333333337,0.151550923836304,0.13509040567640435
ergo_adaptive,324.16666666666663,0.15122689943187065,0.13475134440344755
ergo_adaptive,324.25,0.15197785247834827,0.13441926035379362
ergo_adaptive,324.33333333333337,0.1507366737219036,0.13407503643574878
ergo_adaptive,324.41666666666663,0.15037814264195287,0.13372336064333656
ergo_adaptive,324.5,0.14785101857412708,0.13338200844378365
ergo_adaptive,324.58333333333337,0.147845259642147,0.1330717399644266
ergo_adaptive,324.66666666666663,0.14678388242887438,0.1327711529676591
ergo_adaptive,324.75,0.146273046185025,0.1324391129861139
ergo_adaptive,324.83333333333337,0.14498785048302731,0.13209217423146616
ergo_adaptive,324.91666666666663,0.14331708411640426,0.1317767880640101
ergo_adaptive,325.0,0.14253358784027048,0.13146984129210826
ergo_adaptive,325.08333333333337,0.14153317577828295,0.1311237295874191
ergo_adaptive,325.16666666666663,0.1416192701378135,0.13075278788264297
ergo_adaptive,325.25,0.14004536790717995,0.1304055095250989
ergo_adaptive,325.33333333333337,0.14013336501516055,0.13011959999144793
ergo_adaptive,325.41666666666663,0.14013725411989544,0.12988738268787067
ergo_adaptive,325.5,0.13983950335914141,0.1296098828439019
ergo_adaptive,325.58333333333337,0.13770053994618228,0.12927073826748786
ergo_adaptive,325.66666666666663,0.13729123473130433,0.12896820027098138
ergo_adaptive,325.75,0.13630490052355024,0.12874912450119497
ergo_adaptive,325.83333333333337,0.13546159841578903,0.12847941456968556
ergo_adaptive,325.91666666666663,0.13697426642278526,0.1281260375387201
ergo_adaptive,326.0,0.1373793819687691,0.12777202161994033
ergo_adaptive,326.08333333333337,0.13508996775440146,0.1274731330340146
ergo_adaptive,326.16666666666663,0.13321028071671925,0.1271978773240177
ergo_adaptive,326.25,0.13312904290258573,0.1269035572400874
ergo_adaptive,326.33333333333337,0.13158745709824574,0.12660883730405953
ergo_adaptive,326.41666666666663,0.1303367810631037,0.12634736071009584
ergo_adaptive,326.5,0.12942228503607695,0.12611648132466466
ergo_adaptive,326.58333333333337,0.1285018166058326,0.1258848622081167
ergo_adaptive,326.66666666666663,0.12806203993165619,0.1256238360612462
ergo_adaptive,326.75,0.12753393133136498,0.1253795112574918
ergo_adaptive,326.83333333333337,0.12604974066380892,0.12517418496325228
ergo_adaptive,326.91666666666663,0.1265862040634829,0.12497913865685564
ergo_adaptive,327.0,0.1267350151918203,0.12474763398777067
ergo_adaptive,327.08333333333337,0.1267352597601689,0.12450089137983733
ergo_adaptive,327.16666666666663,0.12602530803149686,0.1242994383838516
ergo_adaptive,327.25,0.12645215768058687,0.12411598261402498
ergo_adaptive,327.33333333333337,0.12570357508673874,0.12391371919819828
ergo_adaptive,327.41666666666663,0.1236197488324831,0.12368999812446804
ergo_adaptive,327.5,0.12337882321711943,0.1234964230427846
ergo_adaptive,327.58333333333337,0.12432395659393337,0.12335958734163285
ergo_adaptive,327.66666666666663,0.12421038506691999,0.12324435584095718
ergo_adaptive,327.75,0.12399311984841935,0.12311112254468431
ergo_adaptive,327.83333333333337,0.1245139726739055,0.12296217454624384
ergo_adaptive,327.91666666666663,0.12419052841339208,0.12283095366039457
ergo_adaptive,328.0,0.1240047407992598,0.12271935417617122
ergo_adaptive,328.08333333333337,0.1241436390262017,0.12258593725360196
ergo_adaptive,328.16666666666663,0.12481738211136986,0.12244137606773638
ergo_adaptive,328.25,0.12405193303092761,0.1223030055711631
ergo_adaptive,328.33333333333337,0.12328194084132865,0.12218555019050634
ergo_adaptive,328.41666666666663,0.12210725685017393,0.12209210870270948
ergo_adaptive,328.5,0.12296216116215053,0.1219962886502173
ergo_adaptive,328.58333333333337,0.12303408979019637,0.12187842231236522
ergo_adaptive,328.66666666666663,0.12340113313751991,0.12178506036422268
ergo_adaptive,328.75,0.12313586992392511,0.12172684187939427
ergo_adaptive,328.83333333333337,0.123745974611123,0.1216345588381663
ergo_adaptive,328.91666666666663,0.12448155819581576,0.12149665091741546
ergo_adaptive,329.0,0.12428238556140862,0.1213344364157341
ergo_adaptive,329.08333333333337,0.12537514401273234,0.12118945975597797
ergo_adaptive,329.16666666666663,0.12442758224483011,0.1211101917976074
ergo_adaptive,329.25,0.1248208261265834,0.12107310641659617
ergo_adaptive,329.33333333333337,0.1246996151810974,0.12096166695135621
ergo_adaptive,329.41666666666663,0.12348804521936393,0.12077921523818204
ergo_adaptive,329.5,0.12330536027125569,0.12060314604513188
ergo_adaptive,329.58333333333337,0.12334088444113275,0.12045013727499226
ergo_adaptive,329.66666666666663,0.12218307084378567,0.12032382839170466
ergo_adaptive,329.75,0.12288874849316399,0.12020590126657771
ergo_adaptive,329.83333333333337,0.12223145966073239,0.12008236301852389
ergo_adaptive,329.91666666666663,0.1221780765344871,0.11997824060756836
ergo_adaptive,330.0,0.12351036987273747,0.11994152483286184
ergo_adaptive,330.08333333333337,0.12406316578755049,0.11991850941748548
ergo_adaptive,330.16666666666663,0.12321992118558427,0.11982241538585672
ergo_adaptive,330.25,0.12231669356442464,0.11968928409706475
ergo_adaptive,330.33333333333337,0.12211904266933728,0.11957180630002666
ergo_adaptive,330.41666666666663,0.1224271559787158,0.11950326767879393
ergo_adaptive,330.5,0.12165957059807454,0.11947979731788419
ergo_adaptive,330.58333333333337,0.12225058549105804,0.11945540591687974
ergo_adaptive,330.66666666666663,0.12258314736319431,0.11940201327385158
ergo_adaptive,330.75,0.12232505882044623,0.11936765402235347
ergo_adaptive,330.83333333333337,0.12240945754562162,0.11937067963137114
ergo_adaptive,330.91666666666663,0.12203072722116592,0.11936921678115238
ergo_adaptive,331.0,0.120902978950446,0.11932132562551952
ergo_adaptive,331.08333333333337,0.12117729861222441,0.11925986110578411
ergo_adaptive,331.16666666666663,0.12127269713926817,0.1192344807727916
ergo_adaptive,331.25,0.12142019955158312,0.11926456122780485
ergo_adaptive,331.33333333333337,0.12119999549579767,0.11934053701183889
ergo_adaptive,331.41666666666663,0.12088592891832647,0.1193955537990351
ergo_adaptive,331.5,0.12064116369625037,0.11941296115944036
ergo_adaptive,331.58333333333337,0.12009969256888788,0.1194460153991191
ergo_adaptive,331.66666666666663,0.1197661651793652,0.1195155452173183
ergo_adaptive,331.75,0.11999419485599255,0.11959026522967717
ergo_adaptive,331.83333333333337,0.1206927591272187,0.11966343816771764
ergo_adaptive,331.91666666666663,0.11972305619039929,0.11976015729795939
ergo_adaptive,332.0,0.12039730176255194,0.11991513588989781
ergo_adaptive,332.08333333333337,0.12046630429535414,0.12015287044208867
ergo_adaptive,332.16666666666663,0.12091753881132443,0.1204133635158054
ergo_adaptive,332.25,0.120470509448341,0.12063750152970537
ergo_adaptive,332.33333333333337,0.12064014969813716,0.12083209920011898
ergo_adaptive,332.41666666666663,0.12107019627376557,0.12102792766264533
ergo_adaptive,332.5,0.12123283662791817,0.1212235263439036
ergo_adaptive,332.58333333333337,0.12031096167447783,0.12139644494604603
ergo_adaptive,332.66666666666663,0.12042063584571899,0.12155015107764336
ergo_adaptive,332.75,0.12112556388876447,0.12169272026536714
ergo_adaptive,332.83333333333337,0.12093014912546213,0.12183919957333562
ergo_adaptive,332.91666666666663,0.12136247788750525,0.12197220035291936
ergo_adaptive,333.0,0.1213231988824452,0.12207454841501983
ergo_adaptive,333.08333333333337,0.12174384706384705,0.12216650063802573
ergo_adaptive,333.16666666666663,0.12229214987352757,0.12226099329500806
ergo_adaptive,333.25,0.12214284346910148,0.12234905895344565
ergo_adaptive,333.33333333333337,0.1210930849246588,0.12241553127521175
ergo_adaptive,333.41666666666663,0.12196396379473755,0.12245716963296185
ergo_adaptive,333.5,0.12182563464395961,0.12249016275257162
ergo_adaptive,333.58333333333337,0.1228248842643364,0.1225401771389802
ergo_adaptive,333.66666666666663,0.12292745519300052,0.12257183370146267
ergo_adaptive,333.75,0.12282208165347039,0.12255591207333635
ergo_adaptive,333.83333333333337,0.12270848802176501,0.12252736616905054
ergo_adaptive,333.91666666666663,0.1226241176881913,0.12253266431110862
ergo_adaptive,334.0,0.12302846679236588,0.12253044898108649
ergo_adaptive,334.08333333333337,0.12297693199071875,0.12243801427454333
ergo_adaptive,334.16666666666663,0.1236708286666511,0.12228691196639054
ergo_adaptive,334.25,0.12458692213276068,0.12215837756132301
ergo_adaptive,334.33333333333337,0.125337477143483,0.12206061751313475
ergo_adaptive,334.41666666666663,0.1258289832832908,0.12190255190202638
ergo_adaptive,334.5,0.12532267543126369,0.12168409090036689
ergo_adaptive,334.58333333333337,0.12557821029541294,0.12147874565685195
ergo_adaptive,334.66666666666663,0.12623742556735862,0.12132804597009181
ergo_adaptive,334.75,0.12708407101630934,0.12122337822840094
ergo_adaptive,334.83333333333337,0.1277625429788842,0.12113421978772711
ergo_adaptive,334.91666666666663,0.12716582695100404,0.12105385213959767
ergo_adaptive,335.0,0.12776021884980346,0.12100475206506317
ergo_adaptive,335.08333333333337,0.1268851821463088,0.12099626278839097
ergo_adaptive,335.16666666666663,0.12634489881396185,0.12098347652665083
ergo_adaptive,335.25,0.12763953788324925,0.12093884114141532
ergo_adaptive,335.33333333333337,0.12799764515053152,0.12089284430101115
ergo_adaptive,335.41666666666663,0.12926481515028404,0.12091164943652807
ergo_adaptive,335.5,0.12935413706176363,0.12093174474099838
ergo_adaptive,335.58333333333337,0.12944020986040033,0.12088696247643135
ergo_adaptive,335.66666666666663,0.12949158688621482,0.12081428946351665
ergo_adaptive,335.75,0.12952030896706432,0.12076925695853524
ergo_adaptive,335.83333333333337,0.12957784320043814,0.12076033334504463
ergo_adaptive,335.91666666666663,0.12978061191333076,0.12073744994274635
ergo_adaptive,336.0,0.13007402906117493,0.12069893891527837
ergo_adaptive,336.08333333333337,0.13073016716839023,0.12067282944288585
ergo_adaptive,336.16666666666663,0.13113666611955596,0.12067284217437836
ergo_adaptive,336.25,0.13144811320543365,0.12068734081083744
ergo_adaptive,336.33333333333337,0.13129348465532026,0.12069822396615607
ergo_adaptive,336.41666666666663,0.13154373386616502,0.12070752166194955
ergo_adaptive,336.5,0.1315120472588698,0.12074036680199843
ergo_adaptive,336.58333333333337,0.13106703063448835,0.1208019033911917
ergo_adaptive,336.66666666666663,0.13125301040082554,0.12085308146357512
ergo_adaptive,336.75,0.13142145867657828,0.12087396796475464
ergo_adaptive,336.83333333333337,0.13128928514835753,0.12090666670037552
ergo_adaptive,336.91666666666663,0.13206101520038296,0.12099434897689354
ergo_adaptive,337.0,0.13141787097452579,0.12107266405628743
ergo_adaptive,337.08333333333337,0.132158770654101,0.12110639268828499
ergo_adaptive,337.16666666666663,0.13181181807955672,0.12114132738109347
ergo_adaptive,337.25,0.1320178634177209,0.12124556207888602
ergo_adaptive,337.33333333333337,0.13248719397298045,0.12137163222162657
ergo_adaptive,337.41666666666663,0.13193015015700976,0.12145332858337664
ergo_adaptive,337.5,0.1324909444730481,0.12152366563674631
ergo_adaptive,337.58333333333337,0.13243136327656976,0.12164022327137168
ergo_adaptive,337.66666666666663,0.13194805708732177,0.12179667007666478
ergo_adaptive,337.75,0.1316015575641503,0.121934350533604
ergo_adaptive,337.83333333333337,0.13186467587491452,0.122076914500352
ergo_adaptive,337.91666666666663,0.13186732730286524,0.12225359550264381
ergo_adaptive,338.0,0.13215866550361083,0.12249965789196181
ergo_adaptive,338.08333333333337,0.13225518493625857,0.12279116575860446
ergo_adaptive,338.16666666666663,0.13260372693052586,0.1231026771405216
ergo_adaptive,338.25,0.1330290508145537,0.12342101409328471
ergo_adaptive,338.33333333333337,0.1329361249469864,0.12374056254210519
ergo_adaptive,338.41666666666663,0.13399455206159147,0.12405839309662473
ergo_adaptive,338.5,0.13510170740434646,0.12437304662451332
ergo_adaptive,338.58333333333337,0.135765038354921,0.12468273124970956
ergo_adaptive,338.66666666666663,0.13555570866096342,0.12498638758398757
ergo_adaptive,338.75,0.13559964267202282,0.1252839210669167
ergo_adaptive,338.83333333333337,0.13585525570201265,0.12557534013415336
ergo_adaptive,338.91666666666663,0.13578114622131265,0.12586078758980615
ergo_adaptive,339.0,0.1361078340054228,0.12614056595098963
ergo_adaptive,339.08333333333337,0.1356863917210708,0.12641508120744221
ergo_adaptive,339.16666666666663,0.13622797126425693,0.12668470307114293
ergo_adaptive,339.25,0.13647613052897842,0.1269497848093211
ergo_adaptive,339.33333333333337,0.1370900000247891,0.1272105821021405
ergo_adaptive,339.41666666666663,0.13765602722655346,0.12746746158110223
ergo_adaptive,339.5,0.13758966529952738,0.12772069294780838
ergo_adaptive,339.58333333333337,0.1380783389424474,0.12797054551178802
ergo_adaptive,339.66666666666663,0.1386689236876711,0.12821725687956154
ergo_adaptive,339.75,0.13809084846842756,0.12846103330657005
ergo_adaptive,339.83333333333337,0.1384913838275617,0.12870207776639758
ergo_adaptive,339.91666666666663,0.13866092966092886,0.12894058811562764
ergo_adaptive,340.0,0.13888954176454912,0.12917673766042878
ergo_adaptive,340.08333333333337,0.1384891158399436,0.12941065381358272
ergo_adaptive,340.16666666666663,0.13874663370118262,0.12964244379281398
ergo_adaptive,340.25,0.13941848343485105,0.1298722251437876
ergo_adaptive,340.33333333333337,0.13906984745904893,0.13010012671324322
ergo_adaptive,340.41666666666663,0.13981319799479192,0.13032623909299684
ergo_adaptive,340.5,0.14024494351828246,0.13055063168084363
ergo_adaptive,340.58333333333337,0.14051772952230213,0.13077342304353995
ergo_adaptive,340.66666666666663,0.14127395978985022,0.13099466069639623
ergo_adaptive,340.75,0.14184727582108453,0.13121437037918043
ergo_adaptive,340.83333333333337,0.141983302130959,0.13143259521706527
ergo_adaptive,340.91666666666663,0.14194154583022847,0.13164933513491534
ergo_adaptive,341.0,0.14130881124514078,0.1318646173232373
ergo_adaptive,341.08333333333337,0.1415536377749531,0.13207847343838955
ergo_adaptive,341.16666666666663,0.1419212714301528,0.13229112991827294
ergo_adaptive,341.25,0.14243949213387497,0.132502473662183
ergo_adaptive,341.33333333333337,0.14220074538644364,0.13271274091453675
ergo_adaptive,341.41666666666663,0.14232915203575677,0.1329217130823038
ergo_adaptive,341.5,0.14250839734760248,0.13312931028070005
ergo_adaptive,341.58333333333337,0.14294440004869052,0.13333581013092805
ergo_adaptive,341.66666666666663,0.1429524752092747,0.13354108270628123
ergo_adaptive,341.75,0.1432727713099493,0.1337448567720948
ergo_adaptive,341.83333333333337,0.143509145941231,0.13394776184995275
ergo_adaptive,341.91666666666663,0.144269854910551,0.13414653634619947
ergo_adaptive,342.0,0.14473944590225177,0.13435907241016623
ergo_adaptive,342.08333333333337,0.14510114918457911,0.1345573231668652
ergo_adaptive,342.16666666666663,0.14585921325806192,0.13472902085846095
ergo_adaptive,342.25,0.14579136103281065,0.13487549761912768
ergo_adaptive,342.33333333333337,0.14678679084506652,0.1349947084268943
ergo_adaptive,342.41666666666663,0.14704769046066082,0.13507147525661234
ergo_adaptive,342.5,0.1470371097533822,0.1351089564891771
ergo_adaptive,342.58333333333337,0.1482806306556673,0.13514047367371185
ergo_adaptive,342.66666666666663,0.1492889420594458,0.13519315397941017
ergo_adaptive,342.75,0.14909323124410076,0.13521281323951265
ergo_adaptive,342.83333333333337,0.1476991988337135,0.13518340808315826
ergo_adaptive,342.91666666666663,0.1468934177680364,0.13514503204532283
ergo_adaptive,343.0,0.14721180277600673,0.1351530287700479
ergo_adaptive,343.08333333333337,0.1483664776432713,0.13514684333803234
ergo_adaptive,343.16666666666663,0.14869713410656016,0.1350730827871185
ergo_adaptive,343.25,0.14969524439291151,0.13496961391058962
ergo_adaptive,343.33333333333337,0.14944277469184766,0.13490981722970305
ergo_adaptive,343.41666666666663,0.1495230445762316,0.1348778001090043
ergo_adaptive,343.5,0.14980358587257422,0.13477606044799348
ergo_adaptive,343.58333333333337,0.14981164123824403,0.13463063952324858
ergo_adaptive,343.66666666666663,0.14859723295052527,0.13450573748785846
ergo_adaptive,343.75,0.1497470979809672,0.13443997992950896
ergo_adaptive,343.83333333333337,0.1508206313727407,0.1343344930662904
ergo_adaptive,343.91666666666663,0.1513148836244851,0.13417662491711338
ergo_adaptive,344.0,0.15189137137785802,0.13401673312964563
ergo_adaptive,344.08333333333337,0.15244345530199216,0.13390892611003982
ergo_adaptive,344.16666666666663,0.15081653979882698,0.13380231776443824
ergo_adaptive,344.25,0.1492172991632145,0.1336557206240044
ergo_adaptive,344.33333333333337,0.148418780565825,0.13350593942307826
ergo_adaptive,344.41666666666663,0.14877162368252322,0.13339646990675832
ergo_adaptive,344.5,0.14807490094182948,0.1333117830202826
ergo_adaptive,344.58333333333337,0.14785586703203096,0.1332205162397593
ergo_adaptive,344.66666666666663,0.14769556214593782,0.133123063821442
ergo_adaptive,344.75,0.14733550628872297,0.13303656176467699
ergo_adaptive,344.83333333333337,0.14799237146851882,0.13297619903712257
ergo_adaptive,344.91666666666663,0.14795630982544267,0.13291429091226503
ergo_adaptive,345.0,0.14793487967708882,0.13283438198654482
ergo_adaptive,345.08333333333337,0.14758064457249384,0.1327516278369505
ergo_adaptive,345.16666666666663,0.14751599900364556,0.13270459580707616
ergo_adaptive,345.25,0.1470115810992792,0.13267189504192595
ergo_adaptive,345.33333333333337,0.14745828731123736,0.13281738366414156
ergo_adaptive,345.41666666666663,0.1472781940995693,0.13304984707767611
ergo_adaptive,345.5,0.14809236249653282,0.13329692146942085
ergo_adaptive,345.58333333333337,0.14852330893850127,0.13353694644556774
ergo_adaptive,345.66666666666663,0.14930458581434172,0.133767757684362
ergo_adaptive,345.75,0.14919505105941247,0.13398324610747492
ergo_adaptive,345.83333333333337,0.14936632931666544,0.13417241996324197
ergo_adaptive,345.91666666666663,0.14923636300277834,0.13433499666225848
ergo_adaptive,346.0,0.1497204058305264,0.13448220679319442
ergo_adaptive,346.08333333333337,0.15012278053717829,0.13462243218040454
ergo_adaptive,346.16666666666663,0.15071689058603333,0.1347529789227448
ergo_adaptive,346.25,0.15064563481301285,0.13486733822048977
ergo_adaptive,346.33333333333337,0.1509162015938408,0.13497081195607324
ergo_adaptive,346.41666666666663,0.15083300424682292,0.1350786882469621
ergo_adaptive,346.5,0.1514635555381753,0.13518706934913866
ergo_adaptive,346.58333333333337,0.15126793297221527,0.135281837846688
ergo_adaptive,346.66666666666663,0.1512214608207228,0.1353617985575804
ergo_adaptive,346.75,0.15205003923860133,0.13545017791040806
ergo_adaptive,346.83333333333337,0.15242983907302066,0.13555317593815866
ergo_adaptive,346.91666666666663,0.15216851052136413,0.13564353996676043
ergo_adaptive,347.0,0.15196476307958376,0.13571210401596165
ergo_adaptive,347.08333333333337,0.15160605758309273,0.13578399607671368
ergo_adaptive,347.16666666666663,0.1510195367342805,0.13589031492105486
ergo_adaptive,347.25,0.15140234390769314,0.1359927605161491
ergo_adaptive,347.33333333333337,0.15179225657474596,0.1360622950974712
ergo_adaptive,347.41666666666663,0.15139332449468537,0.13612376336659027
ergo_adaptive,347.5,0.1514812940782938,0.1362236316568531
ergo_adaptive,347.58333333333337,0.1517617958000669,0.13633839660716515
ergo_adaptive,347.66666666666663,0.15198425019668438,0.13646216713424
ergo_adaptive,347.75,0.15211002360074347,0.13663594762138387
ergo_adaptive,347.83333333333337,0.1525504781431979,0.1368746595704097
ergo_adaptive,347.91666666666663,0.15323092827077442,0.137124199036557
ergo_adaptive,348.0,0.15397809542779212,0.1373390737396589
ergo_adaptive,348.08333333333337,0.1540493905117736,0.13751906601492309
ergo_adaptive,348.16666666666663,0.15450067116380348,0.13768132089771312
ergo_adaptive,348.25,0.1552289273304069,0.1378417239581889
ergo_adaptive,348.33333333333337,0.15488398165490236,0.1379740284677707
ergo_adaptive,348.41666666666663,0.15513142147212952,0.13807551969444132
ergo_adaptive,348.5,0.15543208954403084,0.1381615976897909
ergo_adaptive,348.58333333333337,0.15602212389068718,0.13825224119770177
ergo_adaptive,348.66666666666663,0.1562855425032305,0.13833608622017848
ergo_adaptive,348.75,0.15580333420160544,0.13839507274691115
ergo_adaptive,348.83333333333337,0.15618540481659213,0.13844111283588315
ergo_adaptive,348.91666666666663,0.15632802554799832,0.13849405963310438
ergo_adaptive,349.0,0.1564082746777595,0.13855036966451806
ergo_adaptive,349.08333333333337,0.1573371710792996,0.1385897671298328
ergo_adaptive,349.16666666666663,0.15744331035943496,0.1386109857275976
ergo_adaptive,349.25,0.15725664087129015,0.13863404752312863
ergo_adaptive,349.33333333333337,0.1570031359672253,0.13866504337228908
ergo_adaptive,349.41666666666663,0.15676248769150278,0.13868925312377553
ergo_adaptive,349.5,0.1566960829792209,0.13870015702973115
ergo_adaptive,349.58333333333337,0.15608841868237347,0.13871174152451932
ergo_adaptive,349.66666666666663,0.15605740459276218,0.1387296648569934
ergo_adaptive,349.75,0.15679993438653905,0.13874136130460576
ergo_adaptive,349.83333333333337,0.1572199517319503,0.1387235304644155
ergo_adaptive,349.91666666666663,0.1571269677070749,0.13867981456649867
ergo_adaptive,350.0,0.15607973591894542,0.13861445758702595
ergo_adaptive,350.08333333333337,0.15635168582340267,0.13852876128858932
ergo_adaptive,350.16666666666663,0.15600697124563215,0.13840125307953902
ergo_adaptive,350.25,0.15476562470022395,0.13825302098999895
ergo_adaptive,350.33333333333337,0.15510934418759623,0.1381306852364762
ergo_adaptive,350.41666666666663,0.1543436335380303,0.13803747974346622
ergo_adaptive,350.5,0.15464323078693956,0.1379582436180614
ergo_adaptive,350.58333333333337,0.15348893670990635,0.1378431191073359
ergo_adaptive,350.66666666666663,0.15288173032352398,0.13775136386218548
ergo_adaptive,350.75,0.1530235103269469,0.1377633688544562
ergo_adaptive,350.83333333333337,0.1528749304193695,0.13786044309114726
ergo_adaptive,350.91666666666663,0.15195208612952457,0.13803642186853296
ergo_adaptive,351.0,0.15176987261870376,0.13825348998056095
ergo_adaptive,351.08333333333337,0.15201208443863892,0.13848147663270985
ergo_adaptive,351.16666666666663,0.15245703230097446,0.1387198956371972
ergo_adaptive,351.25,0.15262498153309434,0.1389438828432785
ergo_adaptive,351.33333333333337,0.15347978860378095,0.13911775376969063
ergo_adaptive,351.41666666666663,0.15354819976423117,0.13924778809604219
ergo_adaptive,351.5,0.15384178139816213,0.139356939991519
ergo_adaptive,351.58333333333337,0.15405072163970665,0.13946315722457264
ergo_adaptive,351.66666666666663,0.15345230355981682,0.13955535635755079
ergo_adaptive,351.75,0.15399317681462815,0.13962622517858372
ergo_adaptive,351.83333333333337,0.15451548541795582,0.13969144666061428
ergo_adaptive,351.91666666666663,0.15434900297944007,0.13975853661652143
ergo_adaptive,352.0,0.1550442588947767,0.13982189759916605
ergo_adaptive,352.08333333333337,0.15532204854380985,0.13987024604446854
ergo_adaptive,352.16666666666663,0.15538693475884321,0.13990548284896476
ergo_adaptive,352.25,0.15548836457204127,0.1399395911754143
ergo_adaptive,352.33333333333337,0.15528971608643988,0.13997775031749443
ergo_adaptive,352.41666666666663,0.15504125582824654,0.1400086442881153
ergo_adaptive,352.5,0.15554381644765694,0.14002493117526865
ergo_adaptive,352.58333333333337,0.15565404874636743,0.14004031741714168
ergo_adaptive,352.66666666666663,0.15621405799751226,0.1400728835077837
ergo_adaptive,352.75,0.15678764363582676,0.140106586036342
ergo_adaptive,352.83333333333337,0.15650522188040297,0.14011401736399254
ergo_adaptive,352.91666666666663,0.15687028398067326,0.14010784294523504
ergo_adaptive,353.0,0.1564336727216116,0.1401197417215144
ergo_adaptive,353.08333333333337,0.15689872211520864,0.1401453670636032
ergo_adaptive,353.16666666666663,0.157083842001294,0.14014668080988438
ergo_adaptive,353.25,0.1567300110299488,0.14012274545873488
ergo_adaptive,353.33333333333337,0.1559806544615186,0.14009706046968082
ergo_adaptive,353.41666666666663,0.15604672083952925,0.1400795238156356
ergo_adaptive,353.5,0.15619517757530496,0.14006066631272218
ergo_adaptive,353.58333333333337,0.15647405081966673,0.14002849606104437
ergo_adaptive,353.66666666666663,0.1558318721030563,0.13998424927475708
ergo_adaptive,353.75,0.15584815232742133,0.139950371996243
ergo_adaptive,353.83333333333337,0.15461472405865917,0.13995446214317495
ergo_adaptive,353.91666666666663,0.154425429346421,0.13992409949051393
ergo_adaptive,354.0,0.15351537439476096,0.13982709356500372
ergo_adaptive,354.08333333333337,0.15341993447641009,0.13969841728489327
ergo_adaptive,354.16666666666663,0.15260060269235473,0.13956399638306008
ergo_adaptive,354.25,0.1522914988350331,0.13942829353798464
ergo_adaptive,354.33333333333337,0.152283605320855,0.13934053735236188
ergo_adaptive,354.41666666666663,0.15312123728248359,0.1392713184984805
ergo_adaptive,354.5,0.15280424588737776,0.139093069415554
ergo_adaptive,354.58333333333337,0.15168314266135302,0.13882657463906112
ergo_adaptive,354.66666666666663,0.15061265696872117,0.1385793383437477
ergo_adaptive,354.75,0.1505245124974001,0.13840014030453068
ergo_adaptive,354.83333333333337,0.14892507631673932,0.13818872661629952
ergo_adaptive,354.91666666666663,0.14907065774572928,0.1379037227736537
ergo_adaptive,355.0,0.14773896629185332,0.13760368746465332
ergo_adaptive,355.08333333333337,0.14712978930686643,0.13738370036956996
ergo_adaptive,355.16666666666663,0.14643839190159696,0.13719613853762438
ergo_adaptive,355.25,0.14656344508084787,0.13688252621136812
ergo_adaptive,355.33333333333337,0.1450113161349135,0.13651237082410997
ergo_adaptive,355.41666666666663,0.14467149894068726,0.1362031547604187
ergo_adaptive,355.5,0.142396245660513,0.13595407811359153
ergo_adaptive,355.58333333333337,0.14105259276394858,0.13563031417267724
ergo_adaptive,355.66666666666663,0.14196136997808845,0.13523064478513425
ergo_adaptive,355.75,0.14260023364795954,0.13483224328329152
ergo_adaptive,355.83333333333337,0.14155686666283204,0.1344654445859559
ergo_adaptive,355.91666666666663,0.13926634922987036,0.13409991390692286
ergo_adaptive,356.0,0.1390091862447171,0.13371377077158247
ergo_adaptive,356.08333333333337,0.1379197839126762,0.13331438552855163
ergo_adaptive,356.16666666666663,0.1374810352115894,0.13293889023177707
ergo_adaptive,356.25,0.13637354472512392,0.13259597733638845
ergo_adaptive,356.33333333333337,0.13574808330912602,0.1322378683484794
ergo_adaptive,356.41666666666663,0.13603284699393278,0.13183187427254608
ergo_adaptive,356.5,0.13690192931256406,0.13145086104912465
ergo_adaptive,356.58333333333337,0.1363684909995811,0.1311798825986211
ergo_adaptive,356.66666666666663,0.13571040048157812,0.13089063507631402
ergo_adaptive,356.75,0.13504096372800614,0.13046062474482215
ergo_adaptive,356.83333333333337,0.13381528498440604,0.12998773542163464
ergo_adaptive,356.91666666666663,0.132433884028881,0.12957766344946253
ergo_adaptive,357.0,0.1331041461338497,0.12921349217954223
ergo_adaptive,357.08333333333337,0.13108018975307809,0.12882183106770545
ergo_adaptive,357.16666666666663,0.13157065140470864,0.12839305047481203
ergo_adaptive,357.25,0.13077497942458688,0.12796843141625833
ergo_adaptive,357.33333333333337,0.13078208813675338,0.1275907096600877
ergo_adaptive,357.41666666666663,0.13050043120547156,0.12725078774862283
ergo_adaptive,357.5,0.1300187503301553,0.12686657573333035
ergo_adaptive,357.58333333333337,0.1311401198135686,0.12644179817941414
ergo_adaptive,357.66666666666663,0.13224009253610494,0.12606148909247117
ergo_adaptive,357.75,0.13278012062259442,0.12578829567327546
ergo_adaptive,357.83333333333337,0.13357131152164176,0.12540774040373917
ergo_adaptive,357.91666666666663,0.13409577860232388,0.1249040437966989
ergo_adaptive,358.0,0.13374555622735165,0.12440465067011452
ergo_adaptive,358.08333333333337,0.13360232040668021,0.12399991487585882
ergo_adaptive,358.16666666666663,0.13367053090962983,0.1235994297250914
ergo_adaptive,358.25,0.1337638897131453,0.123122558790983
ergo_adaptive,358.33333333333337,0.13463836136393992,0.1226194108699167
ergo_adaptive,358.41666666666663,0.13660761861494172,0.12216744810441421
ergo_adaptive,358.5,0.13777443004305093,0.12175801385895807
ergo_adaptive,358.58333333333337,0.1378950253057299,0.12133320000459223
ergo_adaptive,358.66666666666663,0.1383862571364045,0.12087596852309575
ergo_adaptive,358.75,0.13789772674455028,0.12042811285573031
ergo_adaptive,358.83333333333337,0.13931075805497323,0.12003017262244642
ergo_adaptive,358.91666666666663,0.140305696333589,0.11965114355063942
ergo_adaptive,359.0,0.14035705237697346,0.11923710365831845
ergo_adaptive,359.08333333333337,0.14111595403428892,0.11881081518998486
ergo_adaptive,359.16666666666663,0.14055761058464858,0.11843704521433839
ergo_adaptive,359.25,0.14185243418241106,0.1181110659195551
ergo_adaptive,359.33333333333337,0.1429502144532543,0.11774722328518279
ergo_adaptive,359.41666666666663,0.14335150500381738,0.1173497369828042
ergo_adaptive,359.5,0.14311029394111907,0.1169996941698359
ergo_adaptive,359.58333333333337,0.14340445014626418,0.11672323770133981
ergo_adaptive,359.66666666666663,0.1434651254259557,0.11642143228976068
ergo_adaptive,359.75,0.14350637701336133,0.11605234416941923
ergo_adaptive,359.83333333333337,0.1441623424332999,0.11570253350455367
ergo_adaptive,359.91666666666663,0.1444522209950767,0.11544765228111635
ergo_adaptive,360.0,0.1443486741336345,0.11520378597706943
