strategy,mission_minutes,estimated_target_deficit,ground_truth_target_deficit
ergo_adaptive,0.0,0.0,0.008643843248466159
ergo_adaptive,0.08333333333337123,0.0,0.008310727414187872
ergo_adaptive,0.16666666666662877,0.0,0.008229767851885044
ergo_adaptive,0.25,0.0,0.008187958930914058
ergo_adaptive,0.33333333333337123,0.0,0.008159255209293196
ergo_adaptive,0.41666666666662877,0.0,0.008136755813618465
ergo_adaptive,0.5,0.0,0.008118048081326018
ergo_adaptive,0.5833333333333712,0.0,0.008102096508998135
ergo_adaptive,0.6666666666666288,0.0,0.008088282304595115
ergo_adaptive,0.75,0.0,0.008076112905267323
ergo_adaptive,0.8333333333333712,0.0,0.008065203692840037
ergo_adaptive,0.9166666666666288,0.0,0.008055330125407757
ergo_adaptive,1.0,0.0,0.008046384559527118
ergo_adaptive,1.0833333333333712,0.0,0.008038093959295889
ergo_adaptive,1.1666666666666288,0.0,0.00802957303643969
ergo_adaptive,1.25,0.0,0.008019890560011761
ergo_adaptive,1.3333333333333712,0.0,0.008009494412818959
ergo_adaptive,1.4166666666666288,0.0,0.00799734220127596
ergo_adaptive,1.5,0.0,0.007983981409809807
ergo_adaptive,1.5833333333333712,0.0,0.007970886671006133
ergo_adaptive,1.6666666666666288,0.0,0.007958692989137543
ergo_adaptive,1.75,0.0,0.007946735222316691
ergo_adaptive,1.8333333333333712,0.0,0.007935067652852104
ergo_adaptive,1.9166666666666288,0.0,0.007923781196356876
ergo_adaptive,2.0,0.0,0.007912634101415504
ergo_adaptive,2.0833333333333712,0.0,0.00790062502611
ergo_adaptive,2.1666666666666288,0.0,0.007886676779990777
ergo_adaptive,2.25,0.0,0.007870816503685332
ergo_adaptive,2.3333333333333712,0.0,0.007854031363966006
ergo_adaptive,2.4166666666666288,0.0,0.007837290311008304
ergo_adaptive,2.5,0.0,0.0078209813428684
ergo_adaptive,2.5833333333333712,0.0,0.007804373960626326
ergo_adaptive,2.6666666666666288,0.0,0.007786623082625672
ergo_adaptive,2.75,0.0,0.007767824139316423
ergo_adaptive,2.8333333333333712,0.0,0.007748160279722995
ergo_adaptive,2.9166666666666288,0.0,0.007727935832938483
ergo_adaptive,3.0,0.0,0.007708145624820957
ergo_adaptive,3.0833333333333712,0.0,0.007690429075576212
ergo_adaptive,3.1666666666666288,0.0,0.007675281672388106
ergo_adaptive,3.25,0.0,0.007657516666638328
ergo_adaptive,3.3333333333333712,0.0,0.007633612405984702
ergo_adaptive,3.4166666666666288,0.0,0.007605489704104544
ergo_adaptive,3.5,0.0,0.007576487968434722
ergo_adaptive,3.5833333333333712,0.0,0.007549009646863181
ergo_adaptive,3.6666666666666288,0.0,0.007524057176348585
ergo_adaptive,3.75,0.0,0.007501459836615722
ergo_adaptive,3.8333333333333712,0.0,0.007479155414830096
ergo_adaptive,3.9166666666666288,0.0,0.007454266350030732
ergo_adaptive,4.0,0.0,0.007427084030354812
ergo_adaptive,4.083333333333371,0.0,0.00740102486244294
ergo_adaptive,4.166666666666629,0.0,0.0073786439983157676
ergo_adaptive,4.25,0.0,0.0073560020864707415
ergo_adaptive,4.333333333333371,0.0,0.0073287272923802955
ergo_adaptive,4.416666666666629,0.0,0.007298543657330708
ergo_adaptive,4.5,0.0,0.007269141708831559
ergo_adaptive,4.583333333333371,0.0,0.007242758892023149
ergo_adaptive,4.666666666666629,0.0,0.007219217118831887
ergo_adaptive,4.75,0.0,0.00719660530610899
ergo_adaptive,4.833333333333371,0.0,0.007173608802373135
ergo_adaptive,4.916666666666629,0.0,0.007151614494714198
ergo_adaptive,5.0,0.0,0.007133588907589182
ergo_adaptive,5.083333333333371,0.0,0.0071207469424347716
ergo_adaptive,5.166666666666629,0.0,0.00710385493181119
ergo_adaptive,5.25,0.0,0.00708255526336016
ergo_adaptive,5.333333333333371,0.0,0.00706214171697598
ergo_adaptive,5.416666666666629,0.0,0.007045850028814148
ergo_adaptive,5.5,0.0,0.007031419050396566
ergo_adaptive,5.583333333333371,0.0,0.007016188131404172
ergo_adaptive,5.666666666666629,0.0,0.00700108429148308
ergo_adaptive,5.75,0.0,0.0069882034194387824
ergo_adaptive,5.833333333333371,0.0,0.006978168089767835
ergo_adaptive,5.916666666666629,0.0,0.006969672323097814
ergo_adaptive,6.0,0.0,0.00696134755053044
ergo_adaptive,6.083333333333371,0.0,0.006954001396177492
ergo_adaptive,6.166666666666629,0.0,0.0069499140222581655
ergo_adaptive,6.25,0.0,0.00694867919409085
ergo_adaptive,6.333333333333371,0.0,0.006945161261154268
ergo_adaptive,6.416666666666629,0.0,0.006940217696945527
ergo_adaptive,6.5,0.0,0.006936881151615394
ergo_adaptive,6.583333333333371,0.0,0.006935949082138585
ergo_adaptive,6.666666666666629,0.0,0.006935342774560908
ergo_adaptive,6.75,0.0,0.00693437128470426
ergo_adaptive,6.833333333333371,0.0,0.006934102161851576
ergo_adaptive,6.916666666666629,0.0,0.006935484123984256
ergo_adaptive,7.0,0.0,0.006938432356701641
ergo_adaptive,7.083333333333371,0.0,0.0069426702818870525
ergo_adaptive,7.166666666666629,0.0,0.0069488097014947375
ergo_adaptive,7.25,0.0,0.006956169688183531
ergo_adaptive,7.333333333333371,0.0,0.006964518232846326
ergo_adaptive,7.416666666666629,0.0,0.006973279754752796
ergo_adaptive,7.5,0.0,0.006982273235125258
ergo_adaptive,7.583333333333371,0.0,0.006991841210090031
ergo_adaptive,7.666666666666629,0.0,0.007001920414302325
ergo_adaptive,7.75,0.0,0.007011964272044056
ergo_adaptive,7.833333333333371,0.0,0.007022108204113615
ergo_adaptive,7.916666666666629,0.0,0.0070325454326780786
ergo_adaptive,8.0,0.0,0.007043338697342563
ergo_adaptive,8.083333333333371,0.0,0.007054562943356521
ergo_adaptive,8.166666666666629,0.0,0.007066262196677795
ergo_adaptive,8.25,0.0,0.007078313057308719
ergo_adaptive,8.333333333333371,0.0,0.00709047203689443
ergo_adaptive,8.416666666666629,0.0,0.007102522468156663
ergo_adaptive,8.5,0.0,0.00711431430734983
ergo_adaptive,8.583333333333371,0.0,0.007125743451771973
ergo_adaptive,8.666666666666629,0.0,0.007136711817667315
ergo_adaptive,8.75,0.0,0.007146110392644955
ergo_adaptive,8.833333333333371,0.0,0.007151656816037365
ergo_adaptive,8.916666666666629,0.0,0.007154053149834438
ergo_adaptive,9.0,0.0,0.007155690851505617
ergo_adaptive,9.083333333333371,0.0,0.0071571453462260974
ergo_adaptive,9.166666666666629,0.0,0.007156448082144381
ergo_adaptive,9.25,0.0,0.007154025759036024
ergo_adaptive,9.333333333333371,0.0,0.007151689598680646
ergo_adaptive,9.416666666666629,0.0,0.007150313720166916
ergo_adaptive,9.5,0.0,0.007146710636120611
ergo_adaptive,9.583333333333371,0.0,0.007139754297713325
ergo_adaptive,9.666666666666629,0.0,0.007131485450405669
ergo_adaptive,9.75,0.0,0.0071235329490475915
ergo_adaptive,9.833333333333371,0.0,0.007114179047415428
ergo_adaptive,9.916666666666629,0.0,0.007101482937188815
ergo_adaptive,10.0,0.0,0.007086353434328394
ergo_adaptive,10.083333333333371,0.0,0.007070669618903155
ergo_adaptive,10.166666666666629,0.0,0.007054415115515524
ergo_adaptive,10.25,0.0,0.007038067694289824
ergo_adaptive,10.333333333333371,0.0,0.007020895129816326
ergo_adaptive,10.416666666666629,0.0,0.007003313358343074
ergo_adaptive,10.5,0.0,0.006987088578328755
ergo_adaptive,10.583333333333371,0.0,0.006970263656954786
ergo_adaptive,10.666666666666629,0.0,0.006949187652912965
ergo_adaptive,10.75,0.0,0.006925650062843358
ergo_adaptive,10.833333333333371,0.0,0.0069050693755089146
ergo_adaptive,10.916666666666629,0.0,0.006886758104170338
ergo_adaptive,11.0,0.0,0.0068624487316624825
ergo_adaptive,11.083333333333371,0.0,0.006834179719537548
ergo_adaptive,11.166666666666629,0.0,0.006810080500786246
ergo_adaptive,11.25,0.0,0.006790947029716332
ergo_adaptive,11.333333333333371,0.0,0.006776209363565453
ergo_adaptive,11.416666666666629,0.0,0.0067626364650519
ergo_adaptive,11.5,0.0,0.0067497016892887765
ergo_adaptive,11.583333333333371,0.0,0.006739464434213112
ergo_adaptive,11.666666666666629,0.0,0.006734427507383732
ergo_adaptive,11.75,0.0,0.006729332214349661
ergo_adaptive,11.833333333333371,0.0,0.0067212246079059595
ergo_adaptive,11.916666666666629,0.0,0.006712993413029122
ergo_adaptive,12.0,0.0,0.006707041363878068
ergo_adaptive,12.083333333333371,0.0,0.006703362192820529
ergo_adaptive,12.166666666666629,0.0,0.0067010691070772
ergo_adaptive,12.25,0.0,0.006699523308201191
ergo_adaptive,12.333333333333371,0.0,0.006698801443386602
ergo_adaptive,12.416666666666629,0.0,0.006699980806806055
ergo_adaptive,12.5,0.0,0.006703318671810025
ergo_adaptive,12.583333333333371,0.0,0.006704878809759966
ergo_adaptive,12.666666666666629,0.0,0.006705598534908108
ergo_adaptive,12.75,0.0,0.0067059504608753704
ergo_adaptive,12.833333333333371,0.0,0.006707088254187987
ergo_adaptive,12.916666666666629,0.0,0.006709412919182438
ergo_adaptive,13.0,0.0,0.006712445791391565
ergo_adaptive,13.083333333333371,0.0,0.006716088631051234
ergo_adaptive,13.166666666666629,0.0,0.006718696227409303
ergo_adaptive,13.25,0.0,0.0067211778345775625
ergo_adaptive,13.333333333333371,0.0,0.006723703013973416
ergo_adaptive,13.416666666666629,0.0,0.0067255772701092275
ergo_adaptive,13.5,0.0,0.006728360123052628
ergo_adaptive,13.583333333333371,0.0,0.0067307782861126195
ergo_adaptive,13.666666666666629,0.0,0.006733355054876804
ergo_adaptive,13.75,0.0,0.0067371501713254355
ergo_adaptive,13.833333333333371,0.0,0.0067405911393595115
ergo_adaptive,13.916666666666629,0.0,0.006740951530717101
ergo_adaptive,14.0,0.0,0.006739087653130739
ergo_adaptive,14.083333333333371,0.0,0.006736754819949606
ergo_adaptive,14.166666666666629,0.0,0.006735304103558615
ergo_adaptive,14.25,0.0,0.006735997135456615
ergo_adaptive,14.333333333333371,0.0,0.006736449721844758
ergo_adaptive,14.416666666666629,0.0,0.006732141982636994
ergo_adaptive,14.5,0.0,0.006724471499481088
ergo_adaptive,14.583333333333371,0.0,0.006715878324703692
ergo_adaptive,14.666666666666629,0.0,0.006707598024139333
ergo_adaptive,14.75,0.0,0.0067000299455569285
ergo_adaptive,14.833333333333371,0.0,0.006691440897106094
ergo_adaptive,14.916666666666629,0.0,0.006678568077788841
ergo_adaptive,15.0,0.0,0.006661807985193233
ergo_adaptive,15.083333333333371,0.0,0.006643033582090871
ergo_adaptive,15.166666666666629,0.0,0.006622145392383887
ergo_adaptive,15.25,0.0,0.006598736478720382
ergo_adaptive,15.333333333333371,0.0,0.0065725938979624005
ergo_adaptive,15.416666666666629,0.0,0.0065429706533567744
ergo_adaptive,15.5,0.0,0.0065113294672887335
ergo_adaptive,15.583333333333371,0.0,0.006479190939981313
ergo_adaptive,15.666666666666629,0.0,0.006442642817296895
ergo_adaptive,15.75,0.0,0.006400055551520379
ergo_adaptive,15.833333333333371,0.0,0.006353538200143697
ergo_adaptive,15.916666666666629,0.0,0.006305704633230147
ergo_adaptive,16.0,0.0,0.006259677555267043
ergo_adaptive,16.08333333333337,0.0,0.0062170951811801375
ergo_adaptive,16.16666666666663,0.0,0.006167040838326432
ergo_adaptive,16.25,0.0,0.006104503294270899
ergo_adaptive,16.33333333333337,0.0,0.006035485874519085
ergo_adaptive,16.41666666666663,0.0,0.005969704523060321
ergo_adaptive,16.5,0.0,0.005913575811613222
ergo_adaptive,16.58333333333337,0.0,0.005866234498141554
ergo_adaptive,16.66666666666663,0.0,0.00581640389324582
ergo_adaptive,16.75,0.0,0.005752121449738588
ergo_adaptive,16.83333333333337,0.0,0.005685940576464623
ergo_adaptive,16.91666666666663,0.0,0.005621821440052066
ergo_adaptive,17.0,0.0,0.005564197454438121
ergo_adaptive,17.08333333333337,0.0,0.005511997106312874
ergo_adaptive,17.16666666666663,0.0,0.005454579328213395
ergo_adaptive,17.25,0.0,0.005386344984363415
ergo_adaptive,17.33333333333337,0.0,0.005325169583486164
ergo_adaptive,17.41666666666663,0.0,0.005266535827441006
ergo_adaptive,17.5,0.0,0.00520976639076719
ergo_adaptive,17.58333333333337,0.0,0.00515516069457756
ergo_adaptive,17.66666666666663,0.0,0.00509962999333319
ergo_adaptive,17.75,0.0,0.0050419824897711685
ergo_adaptive,17.83333333333337,0.0,0.00499918968152854
ergo_adaptive,17.91666666666663,0.0,0.00497778911723656
ergo_adaptive,18.0,0.0,0.00495727094133361
ergo_adaptive,18.08333333333337,0.0,0.004937784576491612
ergo_adaptive,18.16666666666663,0.0,0.004922053823480379
ergo_adaptive,18.25,0.0,0.004912691182992243
ergo_adaptive,18.33333333333337,0.0,0.004911741228271556
ergo_adaptive,18.41666666666663,0.0,0.004917296400145413
ergo_adaptive,18.5,0.0,0.004922118185820156
ergo_adaptive,18.58333333333337,0.0,0.004927624050234494
ergo_adaptive,18.66666666666663,0.0,0.004936137967532835
ergo_adaptive,18.75,0.0,0.004949649172957734
ergo_adaptive,18.83333333333337,0.0,0.004964266163535251
ergo_adaptive,18.91666666666663,0.0,0.004979487445447717
ergo_adaptive,19.0,0.0,0.0049949820707786445
ergo_adaptive,19.08333333333337,0.0,0.0050118859891631826
ergo_adaptive,19.16666666666663,0.0,0.005030890861634856
ergo_adaptive,19.25,0.0,0.00505093273413076
ergo_adaptive,19.33333333333337,0.0,0.005070645022130505
ergo_adaptive,19.41666666666663,0.0,0.00509103604283442
ergo_adaptive,19.5,0.0,0.005111762280930627
ergo_adaptive,19.58333333333337,0.0,0.005132763716898112
ergo_adaptive,19.66666666666663,0.0,0.0051538041308099485
ergo_adaptive,19.75,0.0,0.0051747351470964485
ergo_adaptive,19.83333333333337,0.0,0.005195582723810986
ergo_adaptive,19.91666666666663,0.0,0.00521646610803438
ergo_adaptive,20.0,0.0,0.0052373226501904405
ergo_adaptive,20.08333333333337,0.0,0.005258423215899694
ergo_adaptive,20.16666666666663,0.0,0.005279343699252302
ergo_adaptive,20.25,0.0,0.005300025856736912
ergo_adaptive,20.33333333333337,0.0,0.005321246675545506
ergo_adaptive,20.41666666666663,0.0,0.005342266090818109
ergo_adaptive,20.5,0.0,0.005362027423187935
ergo_adaptive,20.58333333333337,0.0,0.005380621154947078
ergo_adaptive,20.66666666666663,0.0,0.005398295851432831
ergo_adaptive,20.75,0.0,0.005415107579636124
ergo_adaptive,20.83333333333337,0.0,0.005431235476026797
ergo_adaptive,20.91666666666663,0.0,0.005446478891794304
ergo_adaptive,21.0,0.0,0.005461469062082028
ergo_adaptive,21.08333333333337,0.0,0.0054764980600668775
ergo_adaptive,21.16666666666663,0.0,0.005490499827401293
ergo_adaptive,21.25,0.0,0.00550320407268734
ergo_adaptive,21.33333333333337,0.0,0.005515655433834988
ergo_adaptive,21.41666666666663,0.0,0.00552855779282545
ergo_adaptive,21.5,0.0,0.0055409536047913285
ergo_adaptive,21.58333333333337,0.0,0.005552100682852159
ergo_adaptive,21.66666666666663,0.0,0.005562739094990774
ergo_adaptive,21.75,0.0,0.0055737432980353385
ergo_adaptive,21.83333333333337,0.0,0.005584772081800574
ergo_adaptive,21.91666666666663,0.0,0.005595056473336019
ergo_adaptive,22.0,0.0,0.005604754728885701
ergo_adaptive,22.08333333333337,0.0,0.005614617537825713
ergo_adaptive,22.16666666666663,0.0,0.005624853130494703
ergo_adaptive,22.25,0.0,0.005634852477142249
ergo_adaptive,22.33333333333337,0.0,0.00564420714621692
ergo_adaptive,22.41666666666663,0.0,0.0056535285190115366
ergo_adaptive,22.5,0.0,0.005663756096970932
ergo_adaptive,22.58333333333337,0.0,0.005674288919990747
ergo_adaptive,22.66666666666663,0.0,0.0056833931807088464
ergo_adaptive,22.75,0.0,0.005691592106193134
ergo_adaptive,22.83333333333337,0.0,0.005700790817725185
ergo_adaptive,22.91666666666663,0.0,0.005711275027928684
ergo_adaptive,23.0,0.0,0.005719847644191732
ergo_adaptive,23.08333333333337,0.0,0.005726726097492975
ergo_adaptive,23.16666666666663,0.0,0.005733710979581104
ergo_adaptive,23.25,0.0,0.005741558241460013
ergo_adaptive,23.33333333333337,0.0,0.005749833501927661
ergo_adaptive,23.41666666666663,0.0,0.005757616981932481
ergo_adaptive,23.5,0.0,0.0057648703468099385
ergo_adaptive,23.58333333333337,0.0,0.005772370247301866
ergo_adaptive,23.66666666666663,0.0,0.005781013089478653
ergo_adaptive,23.75,0.0,0.005789959662027852
ergo_adaptive,23.83333333333337,0.0,0.005797731893302928
ergo_adaptive,23.91666666666663,0.0,0.005805333083462567
ergo_adaptive,24.0,0.0,0.005814336657401465
ergo_adaptive,24.08333333333337,0.0,0.005822921196443052
ergo_adaptive,24.16666666666663,0.0,0.0058282420713205475
ergo_adaptive,24.25,0.0,0.005832347618798007
ergo_adaptive,24.33333333333337,0.0,0.0058384391129020045
ergo_adaptive,24.41666666666663,0.0,0.0058451580931548125
ergo_adaptive,24.5,0.0,0.005849502596049331
ergo_adaptive,24.58333333333337,0.0,0.005851731063894994
ergo_adaptive,24.66666666666663,0.0,0.005853802193240991
ergo_adaptive,24.75,0.0,0.005856422897317232
ergo_adaptive,24.83333333333337,0.0,0.005858329920022688
ergo_adaptive,24.91666666666663,0.0,0.005858569354478168
ergo_adaptive,25.0,0.0,0.0058577960107299215
ergo_adaptive,25.08333333333337,0.0,0.005857150036889829
ergo_adaptive,25.16666666666663,0.0,0.005856426056530641
ergo_adaptive,25.25,0.0,0.005854090161201589
ergo_adaptive,25.33333333333337,0.0,0.0058498324441628915
ergo_adaptive,25.41666666666663,0.0,0.005845505325255159
ergo_adaptive,25.5,0.0,0.005842428308336802
ergo_adaptive,25.58333333333337,0.0,0.005837511973805178
ergo_adaptive,25.66666666666663,0.0,0.005828508012976401
ergo_adaptive,25.75,0.0,0.005818354124135095
ergo_adaptive,25.83333333333337,0.0,0.005811650544170063
ergo_adaptive,25.91666666666663,0.0,0.005805048035329002
ergo_adaptive,26.0,0.0,0.005791897832495011
ergo_adaptive,26.08333333333337,0.0,0.005775990445262106
ergo_adaptive,26.16666666666663,0.0,0.005762540927215413
ergo_adaptive,26.25,0.0,0.005751284685243047
ergo_adaptive,26.33333333333337,0.0,0.005735060774148251
ergo_adaptive,26.41666666666663,0.0,0.005713968726667857
ergo_adaptive,26.5,0.0,0.005692876441915938
ergo_adaptive,26.58333333333337,0.0,0.005673876466083951
ergo_adaptive,26.66666666666663,0.0,0.00565289009923321
ergo_adaptive,26.75,0.0,0.00562726389455947
ergo_adaptive,26.83333333333337,0.0,0.005599611364008933
ergo_adaptive,26.91666666666663,0.0,0.005572952071162566
ergo_adaptive,27.0,0.0,0.005545937478281244
ergo_adaptive,27.08333333333337,0.0,0.005516757943207669
ergo_adaptive,27.16666666666663,0.0,0.00548556432865291
ergo_adaptive,27.25,0.0,0.005454242120839596
ergo_adaptive,27.33333333333337,0.0,0.00542332756745806
ergo_adaptive,27.41666666666663,0.0,0.005389796101974448
ergo_adaptive,27.5,0.0,0.005352259467989832
ergo_adaptive,27.58333333333337,0.0,0.005315257689078469
ergo_adaptive,27.66666666666663,0.0,0.005281077113094689
ergo_adaptive,27.75,0.0,0.00524910720831642
ergo_adaptive,27.83333333333337,0.0,0.0052126313285109195
ergo_adaptive,27.91666666666663,0.0,0.005172907025268489
ergo_adaptive,28.0,0.0,0.005133715127642109
ergo_adaptive,28.08333333333337,0.0,0.0050942871863171625
ergo_adaptive,28.16666666666663,0.0,0.005045843494433459
ergo_adaptive,28.25,0.0,0.0049845013343348486
ergo_adaptive,28.33333333333337,0.0,0.004916259302543871
ergo_adaptive,28.41666666666663,0.0,0.004844587580174169
ergo_adaptive,28.5,0.0,0.004786173678161481
ergo_adaptive,28.58333333333337,0.0,0.004738814949550316
ergo_adaptive,28.66666666666663,0.0,0.004698071798816864
ergo_adaptive,28.75,0.0,0.00464133776414879
ergo_adaptive,28.83333333333337,0.0,0.0045712621671479495
ergo_adaptive,28.91666666666663,0.0,0.0045029348425608545
ergo_adaptive,29.0,0.0,0.00444524792479472
ergo_adaptive,29.08333333333337,0.0,0.004385455517028918
ergo_adaptive,29.16666666666663,0.0,0.004321842683097244
ergo_adaptive,29.25,0.0,0.004257186972927333
ergo_adaptive,29.33333333333337,0.0,0.004201365290321242
ergo_adaptive,29.41666666666663,0.0,0.004152316995857755
ergo_adaptive,29.5,0.0,0.004100822006599125
ergo_adaptive,29.58333333333337,0.0,0.004049319523194906
ergo_adaptive,29.66666666666663,0.0,0.004004644908174603
ergo_adaptive,29.75,0.0,0.003968237875271748
ergo_adaptive,29.83333333333337,0.0,0.003936424620384983
ergo_adaptive,29.91666666666663,0.0,0.003921457275942774
ergo_adaptive,30.0,0.0,0.003912332431126456
ergo_adaptive,30.08333333333337,0.0,0.003909818945080328
ergo_adaptive,30.16666666666663,0.0,0.0039114187334019996
ergo_adaptive,30.25,0.0,0.003915003565114156
ergo_adaptive,30.33333333333337,0.0,0.003921420438244062
ergo_adaptive,30.41666666666663,0.0,0.003931221244891303
ergo_adaptive,30.5,0.0,0.003943683767271139
ergo_adaptive,30.58333333333337,0.0,0.003956442811443762
ergo_adaptive,30.66666666666663,0.0,0.003969098023240968
ergo_adaptive,30.75,0.0,0.003983161445439238
ergo_adaptive,30.83333333333337,0.0,0.00399928940870289
ergo_adaptive,30.91666666666663,0.0,0.004014735872525819
ergo_adaptive,31.0,0.0,0.004028355990801653
ergo_adaptive,31.08333333333337,0.0,0.004042047157048127
ergo_adaptive,31.16666666666663,0.0,0.004058091087096759
ergo_adaptive,31.25,0.0,0.004073822059804173
ergo_adaptive,31.33333333333337,0.0,0.004086521257720346
ergo_adaptive,31.41666666666663,0.0,0.004098137042338767
ergo_adaptive,31.5,0.0,0.004111274564837888
ergo_adaptive,31.58333333333337,0.0,0.004125496716145386
ergo_adaptive,31.66666666666663,0.0,0.004137290059332581
ergo_adaptive,31.75,0.0,0.004147203214561252
ergo_adaptive,31.83333333333337,0.0,0.004157552678173177
ergo_adaptive,31.91666666666663,0.0,0.00416907588799755
ergo_adaptive,32.0,0.0,0.004179544350766234
ergo_adaptive,32.08333333333337,0.0,0.0041880100733487705
ergo_adaptive,32.16666666666663,0.0,0.004195917985079395
ergo_adaptive,32.25,0.0,0.00420455869953808
ergo_adaptive,32.33333333333337,0.0,0.004213993697351979
ergo_adaptive,32.41666666666663,0.0,0.004222886232763075
ergo_adaptive,32.5,0.0,0.0042320751072072
ergo_adaptive,32.58333333333337,0.0,0.004241580898250449
ergo_adaptive,32.66666666666663,0.0,0.004252423675845651
ergo_adaptive,32.75,0.0,0.00426220607944962
ergo_adaptive,32.83333333333337,0.0,0.004270530059992421
ergo_adaptive,32.91666666666663,0.0,0.00427862069242075
ergo_adaptive,33.0,0.0,0.004287132821367771
ergo_adaptive,33.08333333333337,0.0,0.0042950966393647694
ergo_adaptive,33.16666666666663,0.0,0.0043018146393009795
ergo_adaptive,33.25,0.0,0.00430828693105704
ergo_adaptive,33.33333333333337,0.0,0.004315705717951217
ergo_adaptive,33.41666666666663,0.0,0.004323504569934269
ergo_adaptive,33.5,0.0,0.004330407997094992
ergo_adaptive,33.58333333333337,0.0,0.004336502251403822
ergo_adaptive,33.66666666666663,0.0,0.004342912083807831
ergo_adaptive,33.75,0.0,0.004349759218769244
ergo_adaptive,33.83333333333337,0.0,0.004357572013439764
ergo_adaptive,33.91666666666663,0.0,0.0043683258411360325
ergo_adaptive,34.0,0.0,0.004377553550701138
ergo_adaptive,34.08333333333337,0.0,0.004383315753487786
ergo_adaptive,34.16666666666663,0.0,0.004387056497667671
ergo_adaptive,34.25,0.0,0.004387749288169005
ergo_adaptive,34.33333333333337,0.0,0.004385390077824673
ergo_adaptive,34.41666666666663,0.0,0.004380550851051777
ergo_adaptive,34.5,0.0,0.004375704275779719
ergo_adaptive,34.58333333333337,0.0,0.004370337979862089
ergo_adaptive,34.66666666666663,0.0,0.004360826719172051
ergo_adaptive,34.75,0.0,0.004347544358036357
ergo_adaptive,34.83333333333337,0.0,0.004333516646800839
ergo_adaptive,34.91666666666663,0.0,0.00431957157491228
ergo_adaptive,35.0,0.0,0.004303227121580292
ergo_adaptive,35.08333333333337,0.0,0.004283220062785798
ergo_adaptive,35.16666666666663,0.0,0.00426135366093627
ergo_adaptive,35.25,0.0,0.004239735539567079
ergo_adaptive,35.33333333333337,0.0,0.00421742942903324
ergo_adaptive,35.41666666666663,0.0,0.004191591077747186
ergo_adaptive,35.5,0.0,0.004165999117128416
ergo_adaptive,35.58333333333337,0.0,0.004142819472442092
ergo_adaptive,35.66666666666663,0.0,0.0041228475380275095
ergo_adaptive,35.75,0.0,0.004098953685586168
ergo_adaptive,35.83333333333337,0.0,0.004068731567839683
ergo_adaptive,35.91666666666663,0.0,0.004042670470624749
ergo_adaptive,36.0,0.0,0.00402392019187411
ergo_adaptive,36.08333333333337,0.0,0.004004464429631767
ergo_adaptive,36.16666666666663,0.0,0.003980479454384189
ergo_adaptive,36.25,0.0,0.003958015693175617
ergo_adaptive,36.33333333333337,0.0,0.0039428499822428634
ergo_adaptive,36.41666666666663,0.0,0.003930834535544677
ergo_adaptive,36.5,0.0,0.003919982294541356
ergo_adaptive,36.58333333333337,0.0,0.003909988504445101
ergo_adaptive,36.66666666666663,0.0,0.0039026388064019256
ergo_adaptive,36.75,0.0,0.0039000494265620652
ergo_adaptive,36.83333333333337,0.0,0.0039012069457507108
ergo_adaptive,36.91666666666663,0.0,0.003902270801877701
ergo_adaptive,37.0,0.0,0.003903845091035814
ergo_adaptive,37.08333333333337,0.0,0.003910539951558072
ergo_adaptive,37.16666666666663,0.0,0.003922566846201309
ergo_adaptive,37.25,0.0,0.003934016037258164
ergo_adaptive,37.33333333333337,0.0,0.003944610686060594
ergo_adaptive,37.41666666666663,0.0,0.003956402352391142
ergo_adaptive,37.5,0.0,0.003970445679182842
ergo_adaptive,37.58333333333337,0.0,0.003986242398473255
ergo_adaptive,37.66666666666663,0.0,0.004003137003549738
ergo_adaptive,37.75,0.0,0.004020914219929077
ergo_adaptive,37.83333333333337,0.0,0.004039748518434507
ergo_adaptive,37.91666666666663,0.0,0.004060870753107575
ergo_adaptive,38.0,0.0,0.00408202519733213
ergo_adaptive,38.08333333333337,0.0,0.004100599576203688
ergo_adaptive,38.16666666666663,0.0,0.004118047774571296
ergo_adaptive,38.25,0.0,0.0041360993819461005
ergo_adaptive,38.33333333333337,0.0,0.004154654809626943
ergo_adaptive,38.41666666666663,0.0,0.004172721356900074
ergo_adaptive,38.5,0.0,0.004190162341365816
ergo_adaptive,38.58333333333337,0.0,0.004207619154911715
ergo_adaptive,38.66666666666663,0.0,0.0042270341629618265
ergo_adaptive,38.75,0.0,0.004247990094211254
ergo_adaptive,38.83333333333337,0.0,0.004267747679231282
ergo_adaptive,38.91666666666663,0.0,0.004285558948463186
ergo_adaptive,39.0,0.0,0.004303114081314987
ergo_adaptive,39.08333333333337,0.0,0.004321483466838998
ergo_adaptive,39.16666666666663,0.0,0.004339111473528581
ergo_adaptive,39.25,0.0,0.004355095848015192
ergo_adaptive,39.33333333333337,0.0,0.004370319119671302
ergo_adaptive,39.41666666666663,0.0,0.004385951541899517
ergo_adaptive,39.5,0.0,0.004402526056700289
ergo_adaptive,39.58333333333337,0.0,0.004419262424650866
ergo_adaptive,39.66666666666663,0.0,0.004434669139467139
ergo_adaptive,39.75,0.0,0.004449180067895432
ergo_adaptive,39.83333333333337,0.0,0.0044647793284486904
ergo_adaptive,39.91666666666663,0.0,0.004481113511852678
ergo_adaptive,40.0,0.0,0.004495312531382055
ergo_adaptive,40.08333333333337,0.0,0.004508586550543728
ergo_adaptive,40.16666666666663,0.0,0.004521820300449555
ergo_adaptive,40.25,0.0,0.004536053640054281
ergo_adaptive,40.33333333333337,0.0,0.004551813584786314
ergo_adaptive,40.41666666666663,0.0,0.004567472869510781
ergo_adaptive,40.5,0.0,0.004582583136061667
ergo_adaptive,40.58333333333337,0.0,0.004598386349685672
ergo_adaptive,40.66666666666663,0.0,0.004616486276845789
ergo_adaptive,40.75,0.0,0.004633676650373768
ergo_adaptive,40.83333333333337,0.0,0.004647659582833973
ergo_adaptive,40.91666666666663,0.0,0.004660760260726081
ergo_adaptive,41.0,0.0,0.004675225014849553
ergo_adaptive,41.08333333333337,0.0,0.004691577681499424
ergo_adaptive,41.16666666666663,0.0,0.004707558427199923
ergo_adaptive,41.25,0.0,0.004723148590818605
ergo_adaptive,41.33333333333337,0.0,0.004741228352405689
ergo_adaptive,41.41666666666663,0.0,0.004760743228537491
ergo_adaptive,41.5,0.0,0.004781103996208456
ergo_adaptive,41.58333333333337,0.0,0.004801058537009593
ergo_adaptive,41.66666666666663,0.0,0.0048207180949107935
ergo_adaptive,41.75,0.0,0.004841698585215787
ergo_adaptive,41.83333333333337,0.0,0.0048648629613650685
ergo_adaptive,41.91666666666663,0.0,0.004887852159104372
ergo_adaptive,42.0,0.0,0.004909205693327967
ergo_adaptive,42.08333333333337,0.0,0.004931105371421445
ergo_adaptive,42.16666666666663,0.0,0.004954645017623042
ergo_adaptive,42.25,0.0,0.004978861896821589
ergo_adaptive,42.33333333333337,0.0,0.005002938839207149
ergo_adaptive,42.41666666666663,0.0,0.005027261759546353
ergo_adaptive,42.5,0.0,0.0050524352230105546
ergo_adaptive,42.58333333333337,0.0,0.005078442120986727
ergo_adaptive,42.66666666666663,0.0,0.0051050773631941635
ergo_adaptive,42.75,0.0,0.005132773152407689
ergo_adaptive,42.83333333333337,0.0,0.005160793732716389
ergo_adaptive,42.91666666666663,0.0,0.0051895828438185375
ergo_adaptive,43.0,0.0,0.005218681491425302
ergo_adaptive,43.08333333333337,0.0,0.0052472506940558165
ergo_adaptive,43.16666666666663,0.0,0.005275605708121262
ergo_adaptive,43.25,0.0,0.005304578165739045
ergo_adaptive,43.33333333333337,0.0,0.0053342068110794364
ergo_adaptive,43.41666666666663,0.0,0.0053631501839054635
ergo_adaptive,43.5,0.0,0.00539199121915592
ergo_adaptive,43.58333333333337,0.0,0.005421565732629642
ergo_adaptive,43.66666666666663,0.0,0.005451663888778324
ergo_adaptive,43.75,0.0,0.00548288813186483
ergo_adaptive,43.83333333333337,0.0,0.005514676865611017
ergo_adaptive,43.91666666666663,0.0,0.005546482932494344
ergo_adaptive,44.0,0.0,0.005578170392163088
ergo_adaptive,44.08333333333337,0.0,0.005609713042257345
ergo_adaptive,44.16666666666663,0.0,0.00564252412886464
ergo_adaptive,44.25,0.0,0.005675006855714068
ergo_adaptive,44.33333333333337,0.0,0.005707557410356714
ergo_adaptive,44.41666666666663,0.0,0.0057408690055452535
ergo_adaptive,44.5,0.0,0.005773774785215999
ergo_adaptive,44.58333333333337,0.0,0.0058057550978688754
ergo_adaptive,44.66666666666663,0.0,0.005836641082457325
ergo_adaptive,44.75,0.0,0.005866722669179346
ergo_adaptive,44.83333333333337,0.0,0.005896302371271201
ergo_adaptive,44.91666666666663,0.0,0.005925035816059037
ergo_adaptive,45.0,0.0,0.005952509452256129
ergo_adaptive,45.08333333333337,0.0,0.005978900217940829
ergo_adaptive,45.16666666666663,0.0,0.006004643826933545
ergo_adaptive,45.25,0.0,0.006029819137562225
ergo_adaptive,45.33333333333337,0.0,0.006054050758532424
ergo_adaptive,45.41666666666663,0.0,0.006077151242560681
ergo_adaptive,45.5,0.0,0.006099569574544502
ergo_adaptive,45.58333333333337,0.0,0.006121889870027505
ergo_adaptive,45.66666666666663,0.0,0.006143634648776879
ergo_adaptive,45.75,0.0,0.00616378574753817
ergo_adaptive,45.83333333333337,0.0,0.006182752492547866
ergo_adaptive,45.91666666666663,0.0,0.006202203199271404
ergo_adaptive,46.0,0.0,0.006222568418501694
ergo_adaptive,46.08333333333337,0.0,0.006240240568486205
ergo_adaptive,46.16666666666663,0.0,0.006255377089850342
ergo_adaptive,46.25,0.0,0.006270424668466786
ergo_adaptive,46.33333333333337,0.0,0.006286492119119955
ergo_adaptive,46.41666666666663,0.0,0.006300918778429067
ergo_adaptive,46.5,0.0,0.0063126589750553625
ergo_adaptive,46.58333333333337,0.0,0.006323213311936517
ergo_adaptive,46.66666666666663,0.0,0.006334033619995863
ergo_adaptive,46.75,0.0,0.0063446899797225936
ergo_adaptive,46.83333333333337,0.0,0.006353936832622236
ergo_adaptive,46.91666666666663,0.0,0.0063618510533615
ergo_adaptive,47.0,0.0,0.006369703963129087
ergo_adaptive,47.08333333333337,0.0,0.006378332993317617
ergo_adaptive,47.16666666666663,0.0,0.006387722066610784
ergo_adaptive,47.25,0.0,0.006399163938555691
ergo_adaptive,47.33333333333337,0.0,0.0064133958405322555
ergo_adaptive,47.41666666666663,0.0,0.006425802444636844
ergo_adaptive,47.5,0.0,0.006437424144816512
ergo_adaptive,47.58333333333337,0.0,0.006450180076653933
ergo_adaptive,47.66666666666663,0.0,0.006464225548996218
ergo_adaptive,47.75,0.0,0.006478388014465014
ergo_adaptive,47.83333333333337,0.0,0.006490493843556351
ergo_adaptive,47.91666666666663,0.0,0.006501333549036986
ergo_adaptive,48.0,0.0,0.0065104068225788885
ergo_adaptive,48.08333333333337,0.0,0.006518160769309794
ergo_adaptive,48.16666666666663,0.0,0.006525088760819974
ergo_adaptive,48.25,0.0,0.006531985242650736
ergo_adaptive,48.33333333333337,0.0,0.0065392498041887985
ergo_adaptive,48.41666666666663,0.0,0.006545986148515956
ergo_adaptive,48.5,0.0,0.006551996914455248
ergo_adaptive,48.58333333333337,0.0,0.006557931868051215
ergo_adaptive,48.66666666666663,0.0,0.0065634239776759485
ergo_adaptive,48.75,0.0,0.006568201720330807
ergo_adaptive,48.83333333333337,0.0,0.00657218407659815
ergo_adaptive,48.91666666666663,0.0,0.006575463709042577
ergo_adaptive,49.0,0.0,0.006578057003970499
ergo_adaptive,49.08333333333337,0.0,0.00657945981561448
ergo_adaptive,49.16666666666663,0.0,0.006579175891357029
ergo_adaptive,49.25,0.0,0.006577434410368618
ergo_adaptive,49.33333333333337,0.0,0.006574410242114208
ergo_adaptive,49.41666666666663,0.0,0.006570515808224434
ergo_adaptive,49.5,0.0,0.0065666373349618804
ergo_adaptive,49.58333333333337,0.0,0.006562015882645513
ergo_adaptive,49.66666666666663,0.0,0.006553620416007338
ergo_adaptive,49.75,0.0,0.006542082134095119
ergo_adaptive,49.83333333333337,0.0,0.006530875511646648
ergo_adaptive,49.91666666666663,0.0,0.006522637121228679
ergo_adaptive,50.0,0.0,0.006517185358069802
ergo_adaptive,50.08333333333337,0.0,0.0065055656676738
ergo_adaptive,50.16666666666663,0.0,0.0064868159686255564
ergo_adaptive,50.25,0.0,0.006464643934921895
ergo_adaptive,50.33333333333337,0.0,0.006443481508141708
ergo_adaptive,50.41666666666663,0.0,0.006422416361256349
ergo_adaptive,50.5,0.0,0.006398218619820437
ergo_adaptive,50.58333333333337,0.0,0.006371425286570339
ergo_adaptive,50.66666666666663,0.0,0.006344588710711752
ergo_adaptive,50.75,0.0,0.006318635612514185
ergo_adaptive,50.83333333333337,0.0,0.006291691436942133
ergo_adaptive,50.91666666666663,0.0,0.006262026454151728
ergo_adaptive,51.0,0.0,0.006231085349331427
ergo_adaptive,51.08333333333337,0.0,0.006202310144419837
ergo_adaptive,51.16666666666663,0.0,0.006175141172085045
ergo_adaptive,51.25,0.0,0.006144292323792184
ergo_adaptive,51.33333333333337,0.0,0.0061106669199133415
ergo_adaptive,51.41666666666663,0.0,0.006081234323313774
ergo_adaptive,51.5,0.0,0.00605954955719133
ergo_adaptive,51.58333333333337,0.0,0.006031604342214058
ergo_adaptive,51.66666666666663,0.0,0.005997222386355998
ergo_adaptive,51.75,0.0,0.005965550648215816
ergo_adaptive,51.83333333333337,0.0,0.0059420253080271134
ergo_adaptive,51.91666666666663,0.0,0.005918647266812338
ergo_adaptive,52.0,0.0,0.005890519485641186
ergo_adaptive,52.08333333333337,0.0,0.0058625899528201115
ergo_adaptive,52.16666666666663,0.0,0.005840742054569461
ergo_adaptive,52.25,0.0,0.005825421393835944
ergo_adaptive,52.33333333333337,0.0,0.005809534901493142
ergo_adaptive,52.41666666666663,0.0,0.005793881898468386
ergo_adaptive,52.5,0.0,0.0057813924567897985
ergo_adaptive,52.58333333333337,0.0,0.005772663728383049
ergo_adaptive,52.66666666666663,0.0,0.005765290739974317
ergo_adaptive,52.75,0.0,0.005758003934079589
ergo_adaptive,52.83333333333337,0.0,0.0057523569055343724
ergo_adaptive,52.91666666666663,0.0,0.005749928587629921
ergo_adaptive,53.0,0.0,0.005749431527482961
ergo_adaptive,53.08333333333337,0.0,0.00574862343860128
ergo_adaptive,53.16666666666663,0.0,0.005748174212358045
ergo_adaptive,53.25,0.0,0.005750728149353842
ergo_adaptive,53.33333333333337,0.0,0.005756418141280471
ergo_adaptive,53.41666666666663,0.0,0.005761117731277
ergo_adaptive,53.5,0.0,0.005764354063289639
ergo_adaptive,53.58333333333337,0.0,0.005769426995685694
ergo_adaptive,53.66666666666663,0.0,0.005779502782472164
ergo_adaptive,53.75,0.0,0.005788306578700847
ergo_adaptive,53.83333333333337,0.0,0.005794055821627781
ergo_adaptive,53.91666666666663,0.0,0.005800192212793939
ergo_adaptive,54.0,0.0,0.005809294613395153
ergo_adaptive,54.08333333333337,0.0,0.005819836960195389
ergo_adaptive,54.16666666666663,0.0,0.005829987091344803
ergo_adaptive,54.25,0.0,0.005841335769434616
ergo_adaptive,54.33333333333337,0.0,0.00585392338304875
ergo_adaptive,54.41666666666663,0.0,0.005867978921960936
ergo_adaptive,54.5,0.0,0.005882524300477263
ergo_adaptive,54.58333333333337,0.0,0.00589757141755102
ergo_adaptive,54.66666666666663,0.0,0.005913075374284784
ergo_adaptive,54.75,0.0,0.005929913687782932
ergo_adaptive,54.83333333333337,0.0,0.0059477745552694765
ergo_adaptive,54.91666666666663,0.0,0.005967554812326045
ergo_adaptive,55.0,0.0,0.005987730478535283
ergo_adaptive,55.08333333333337,0.0,0.00600904513374707
ergo_adaptive,55.16666666666663,0.0,0.006031476693762624
ergo_adaptive,55.25,0.0,0.0060547528625546606
ergo_adaptive,55.33333333333337,0.0,0.006078824186912305
ergo_adaptive,55.41666666666663,0.0,0.006103604767623534
ergo_adaptive,55.5,0.0,0.006128962740131871
ergo_adaptive,55.58333333333337,0.0,0.006154667240137873
ergo_adaptive,55.66666666666663,0.0,0.00618019172713664
ergo_adaptive,55.75,0.0,0.006205298447085162
ergo_adaptive,55.83333333333337,0.0,0.0062298317618913685
ergo_adaptive,55.91666666666663,0.0,0.0062536976526403705
ergo_adaptive,56.0,0.0,0.006276846382145962
ergo_adaptive,56.08333333333337,0.0,0.006299260350133863
ergo_adaptive,56.16666666666663,0.0,0.006320945278414837
ergo_adaptive,56.25,0.0,0.006341923393929534
ergo_adaptive,56.33333333333337,0.0,0.0063622279913444655
ergo_adaptive,56.41666666666663,0.0,0.006381899109705142
ergo_adaptive,56.5,0.0,0.0064009801775702655
ergo_adaptive,56.58333333333337,0.0,0.006419515503105016
ergo_adaptive,56.66666666666663,0.0,0.006437548481014696
ergo_adaptive,56.75,0.0,0.006455120385207571
ergo_adaptive,56.83333333333337,0.0,0.006472269621778662
ergo_adaptive,56.91666666666663,0.0,0.006489031330048832
ergo_adaptive,57.0,0.0,0.006505437236565284
ergo_adaptive,57.08333333333337,0.0,0.006521515685091347
ergo_adaptive,57.16666666666663,0.0,0.006537291782624143
ergo_adaptive,57.25,0.0,0.006552787616293019
ergo_adaptive,57.33333333333337,0.0,0.0065680225082273575
ergo_adaptive,57.41666666666663,0.0,0.006583013285192715
ergo_adaptive,57.5,0.0,0.006597774547255365
ergo_adaptive,57.58333333333337,0.0,0.006612318925310453
ergo_adaptive,57.66666666666663,0.0,0.006626657321368385
ergo_adaptive,57.75,0.0,0.0066407991283735585
ergo_adaptive,57.83333333333337,0.0,0.006654752428313564
ergo_adaptive,57.91666666666663,0.0,0.00666921034643978
ergo_adaptive,58.0,0.0,0.006685816325028015
ergo_adaptive,58.08333333333337,0.0,0.006703219262293202
ergo_adaptive,58.16666666666663,0.0,0.006720449531073178
ergo_adaptive,58.25,0.0,0.0067375109780770815
ergo_adaptive,58.33333333333337,0.0,0.006754406902202312
ergo_adaptive,58.41666666666663,0.0,0.006771140133091461
ergo_adaptive,58.5,0.0,0.00678771309839309
ergo_adaptive,58.58333333333337,0.0,0.006804127881164704
ergo_adaptive,58.66666666666663,0.0,0.006820386268704523
ergo_adaptive,58.75,0.0,0.006836489793947962
ergo_adaptive,58.83333333333337,0.0,0.0068524397704197975
ergo_adaptive,58.91666666666663,0.0,0.006868237321595537
ergo_adaptive,59.0,0.0,0.006883883405395299
ergo_adaptive,59.08333333333337,0.0,0.0068993788344050636
ergo_adaptive,59.16666666666663,0.0,0.0069138830472435225
ergo_adaptive,59.25,0.0,0.006918367316554642
ergo_adaptive,59.33333333333337,0.0,0.006914927892620552
ergo_adaptive,59.41666666666663,0.0,0.006909230403562774
ergo_adaptive,59.5,0.0,0.00690556406751703
ergo_adaptive,59.58333333333337,0.0,0.006900371914894083
ergo_adaptive,59.66666666666663,0.0,0.006890316087455484
ergo_adaptive,59.75,0.0,0.006877623060270366
ergo_adaptive,59.83333333333337,0.0,0.006865569882782101
ergo_adaptive,59.91666666666663,0.0,0.0068538710050453314
ergo_adaptive,60.0,0.0,0.006838523462471295
ergo_adaptive,60.08333333333337,0.0,0.006819002985922239
ergo_adaptive,60.16666666666663,0.0,0.006798271511107204
ergo_adaptive,60.25,0.0,0.0067769388772224645
ergo_adaptive,60.33333333333337,0.0,0.006752488708880237
ergo_adaptive,60.41666666666663,0.0,0.00672370164292439
ergo_adaptive,60.5,0.0,0.006692605820371092
ergo_adaptive,60.58333333333337,0.0,0.006661695789801884
ergo_adaptive,60.66666666666663,0.0,0.0066296990368577505
ergo_adaptive,60.75,0.0,0.006592818341567367
ergo_adaptive,60.83333333333337,0.0,0.00655181907154365
ergo_adaptive,60.91666666666663,0.0,0.006513154345234055
ergo_adaptive,61.0,0.0,0.006479386892852119
ergo_adaptive,61.08333333333337,0.0,0.0064429348089518656
ergo_adaptive,61.16666666666663,0.0,0.006397829564755034
ergo_adaptive,61.25,0.0,0.006352773820408585
ergo_adaptive,61.33333333333337,0.0,0.006314014689687733
ergo_adaptive,61.41666666666663,0.0,0.00627214929628984
ergo_adaptive,61.5,0.0,0.006226516607878701
ergo_adaptive,61.58333333333337,0.0,0.0061857207808765444
ergo_adaptive,61.66666666666663,0.0,0.00614892244636302
ergo_adaptive,61.75,0.0,0.006115955257188732
ergo_adaptive,61.83333333333337,0.0,0.006084324050479787
ergo_adaptive,61.91666666666663,0.0,0.0060539302241112486
ergo_adaptive,62.0,0.0,0.006029185326297863
ergo_adaptive,62.08333333333337,0.0,0.006013137387150945
ergo_adaptive,62.16666666666663,0.0,0.006002893890422541
ergo_adaptive,62.25,0.0,0.005992575040828964
ergo_adaptive,62.33333333333337,0.0,0.005984155831086008
ergo_adaptive,62.41666666666663,0.0,0.005985473741689389
ergo_adaptive,62.5,0.0,0.005991819128863099
ergo_adaptive,62.58333333333337,0.0,0.005998411587198292
ergo_adaptive,62.66666666666663,0.0,0.006004956659889728
ergo_adaptive,62.75,0.0,0.006013447515755489
ergo_adaptive,62.83333333333337,0.0,0.006023539851014193
ergo_adaptive,62.91666666666663,0.0,0.006034717310328537
ergo_adaptive,63.0,0.0,0.006046228999125253
ergo_adaptive,63.08333333333337,0.0,0.006057857591806703
ergo_adaptive,63.16666666666663,0.0,0.006072867821305135
ergo_adaptive,63.25,0.0,0.00609143228480408
ergo_adaptive,63.33333333333337,0.0,0.006109992944447319
ergo_adaptive,63.41666666666663,0.0,0.006126624285097442
ergo_adaptive,63.5,0.0,0.006142423853104502
ergo_adaptive,63.58333333333337,0.0,0.006158679481278167
ergo_adaptive,63.66666666666663,0.0,0.006175162645427957
ergo_adaptive,63.75,0.0,0.006191051397379874
ergo_adaptive,63.83333333333337,0.0,0.006206271949248831
ergo_adaptive,63.91666666666663,0.0,0.0062213037913350705
ergo_adaptive,64.0,0.0,0.006236896764133714
ergo_adaptive,64.08333333333337,0.0,0.006253242873154988
ergo_adaptive,64.16666666666663,0.0,0.006268427206758183
ergo_adaptive,64.25,0.0,0.00628205726792749
ergo_adaptive,64.33333333333337,0.0,0.006295453493012939
ergo_adaptive,64.41666666666663,0.0,0.006308915775532374
ergo_adaptive,64.5,0.0,0.006321924062778431
ergo_adaptive,64.58333333333337,0.0,0.006334065652915252
ergo_adaptive,64.66666666666663,0.0,0.0063454580640754455
ergo_adaptive,64.75,0.0,0.006356716122579199
ergo_adaptive,64.83333333333337,0.0,0.006369259514986496
ergo_adaptive,64.91666666666663,0.0,0.006382402198956347
ergo_adaptive,65.0,0.0,0.006391202437947181
ergo_adaptive,65.08333333333337,0.0,0.006396409275644954
ergo_adaptive,65.16666666666663,0.0,0.006400310964071602
ergo_adaptive,65.25,0.0,0.0064053001692967945
ergo_adaptive,65.33333333333337,0.0,0.0064123580637033785
ergo_adaptive,65.41666666666663,0.0,0.006420696941360504
ergo_adaptive,65.5,0.0,0.006423345922761836
ergo_adaptive,65.58333333333337,0.0,0.006420651611095128
ergo_adaptive,65.66666666666663,0.0,0.006415904600913646
ergo_adaptive,65.75,0.0,0.006411709648392892
ergo_adaptive,65.83333333333337,0.0,0.006409740618220136
ergo_adaptive,65.91666666666663,0.0,0.006408743577525116
ergo_adaptive,66.0,0.0,0.006402394915727928
ergo_adaptive,66.08333333333337,0.0,0.006390476133324812
ergo_adaptive,66.16666666666663,0.0,0.0063768440720212835
ergo_adaptive,66.25,0.0,0.006363053517181451
ergo_adaptive,66.33333333333337,0.0,0.006348006780486889
ergo_adaptive,66.41666666666663,0.0,0.006330767302307799
ergo_adaptive,66.5,0.0,0.006314219423548584
ergo_adaptive,66.58333333333337,0.0,0.006298268438842703
ergo_adaptive,66.66666666666663,0.0,0.006287306606683405
ergo_adaptive,66.75,0.0,0.0062749155789688146
ergo_adaptive,66.83333333333337,0.0,0.006252718631238356
ergo_adaptive,66.91666666666663,0.0,0.006224341644640294
ergo_adaptive,67.0,0.0,0.0061954588452783664
ergo_adaptive,67.08333333333337,0.0,0.006172925186576793
ergo_adaptive,67.16666666666663,0.0,0.006151497751911937
ergo_adaptive,67.25,0.0,0.006127261099657632
ergo_adaptive,67.33333333333337,0.0,0.006097410034566147
ergo_adaptive,67.41666666666663,0.0,0.006066004362915119
ergo_adaptive,67.5,0.0,0.006038490110576957
ergo_adaptive,67.58333333333337,0.0,0.006006524359315013
ergo_adaptive,67.66666666666663,0.0,0.005964058388913358
ergo_adaptive,67.75,0.0,0.005915473109012826
ergo_adaptive,67.83333333333337,0.0,0.005868528353808236
ergo_adaptive,67.91666666666663,0.0,0.0058241871529833185
ergo_adaptive,68.0,0.0,0.00577974867694212
ergo_adaptive,68.08333333333337,0.0,0.005728815124499101
ergo_adaptive,68.16666666666663,0.0,0.005672298794055982
ergo_adaptive,68.25,0.0,0.005620344820975229
ergo_adaptive,68.33333333333337,0.0,0.005583824513793737
ergo_adaptive,68.41666666666663,0.0,0.005537593718934076
ergo_adaptive,68.5,0.0,0.005488376556392757
ergo_adaptive,68.58333333333337,0.0,0.005447373086446631
ergo_adaptive,68.66666666666663,0.0,0.0054178394284682425
ergo_adaptive,68.75,0.0,0.0053950320315082154
ergo_adaptive,68.83333333333337,0.0,0.005376925771897061
ergo_adaptive,68.91666666666663,0.0,0.005364065282465759
ergo_adaptive,69.0,0.0,0.005356985830213857
ergo_adaptive,69.08333333333337,0.0,0.005360151428234289
ergo_adaptive,69.16666666666663,0.0,0.005367806444132499
ergo_adaptive,69.25,0.0,0.0053735857674640395
ergo_adaptive,69.33333333333337,0.0,0.005381134161888117
ergo_adaptive,69.41666666666663,0.0,0.0053947217933326365
ergo_adaptive,69.5,0.0,0.005413471857427519
ergo_adaptive,69.58333333333337,0.0,0.005434511702021609
ergo_adaptive,69.66666666666663,0.0,0.005457345380383655
ergo_adaptive,69.75,0.0,0.00548252472072326
ergo_adaptive,69.83333333333337,0.0,0.005509992390593395
ergo_adaptive,69.91666666666663,0.0,0.005538674871855156
ergo_adaptive,70.0,0.0,0.005567300201620142
ergo_adaptive,70.08333333333337,0.0,0.005595488113251722
ergo_adaptive,70.16666666666663,0.0,0.005623680285524019
ergo_adaptive,70.25,0.0,0.005652109975064537
ergo_adaptive,70.33333333333337,0.0,0.005680505501431507
ergo_adaptive,70.41666666666663,0.0,0.005709384164452007
ergo_adaptive,70.5,0.0,0.005738744236742218
ergo_adaptive,70.58333333333337,0.0,0.005768504544813882
ergo_adaptive,70.66666666666663,0.0,0.005799570311803986
ergo_adaptive,70.75,0.0,0.005830202495259934
ergo_adaptive,70.83333333333337,0.0,0.00585996916087613
ergo_adaptive,70.91666666666663,0.0,0.005887765232441122
ergo_adaptive,71.0,0.0,0.005912702168872925
ergo_adaptive,71.08333333333337,0.0,0.005935054294292735
ergo_adaptive,71.16666666666663,0.0,0.005954752262287962
ergo_adaptive,71.25,0.0,0.005971827525130191
ergo_adaptive,71.33333333333337,0.0,0.0059873911681171755
ergo_adaptive,71.41666666666663,0.0,0.0060025935061680325
ergo_adaptive,71.5,0.0,0.006017289924007111
ergo_adaptive,71.58333333333337,0.0,0.0060302076125115485
ergo_adaptive,71.66666666666663,0.0,0.0060419138018057515
ergo_adaptive,71.75,0.0,0.006055503792370865
ergo_adaptive,71.83333333333337,0.0,0.006069203119923614
ergo_adaptive,71.91666666666663,0.0,0.00608192131592043
ergo_adaptive,72.0,0.0,0.00609368070300178
ergo_adaptive,72.08333333333337,0.0,0.006105573688382663
ergo_adaptive,72.16666666666663,0.0,0.00611913510918803
ergo_adaptive,72.25,0.0,0.006132895023496983
ergo_adaptive,72.33333333333337,0.0,0.0061458984973809675
ergo_adaptive,72.41666666666663,0.0,0.006158913396573474
ergo_adaptive,72.5,0.0,0.006172667522645979
ergo_adaptive,72.58333333333337,0.0,0.006186660301756106
ergo_adaptive,72.66666666666663,0.0,0.006200085894910546
ergo_adaptive,72.75,0.0,0.0062132617060356825
ergo_adaptive,72.83333333333337,0.0,0.006227146972124245
ergo_adaptive,72.91666666666663,0.0,0.006241684082347357
ergo_adaptive,73.0,0.0,0.006255636582847344
ergo_adaptive,73.08333333333337,0.0,0.006268776003439951
ergo_adaptive,73.16666666666663,0.0,0.006282366156660972
ergo_adaptive,73.25,0.0,0.006298851267743149
ergo_adaptive,73.33333333333337,0.0,0.0063148504514988135
ergo_adaptive,73.41666666666663,0.0,0.006328924625767651
ergo_adaptive,73.5,0.0,0.006342734695933719
ergo_adaptive,73.58333333333337,0.0,0.0063586469359362885
ergo_adaptive,73.66666666666663,0.0,0.006374475858252031
ergo_adaptive,73.75,0.0,0.006386928635568561
ergo_adaptive,73.83333333333337,0.0,0.006397927047003808
ergo_adaptive,73.91666666666663,0.0,0.006410168128613759
ergo_adaptive,74.0,0.0,0.0064234879939177505
ergo_adaptive,74.08333333333337,0.0,0.006436646561464096
ergo_adaptive,74.16666666666663,0.0,0.006447713201188507
ergo_adaptive,74.25,0.0,0.006458743543614803
ergo_adaptive,74.33333333333337,0.0,0.006470550837300969
ergo_adaptive,74.41666666666663,0.0,0.006481613432120457
ergo_adaptive,74.5,0.0,0.006490907204346072
ergo_adaptive,74.58333333333337,0.0,0.006499319156826987
ergo_adaptive,74.66666666666663,0.0,0.006507967650620672
ergo_adaptive,74.75,0.0,0.006516408455051228
ergo_adaptive,74.83333333333337,0.0,0.00652437264591887
ergo_adaptive,74.91666666666663,0.0,0.006531329686536816
ergo_adaptive,75.0,0.0,0.006538158297211385
ergo_adaptive,75.08333333333337,0.0,0.0065452113523955064
ergo_adaptive,75.16666666666663,0.0,0.006551114382722877
ergo_adaptive,75.25,0.0,0.006556725751497301
ergo_adaptive,75.33333333333337,0.0,0.006561813097537638
ergo_adaptive,75.41666666666663,0.0,0.006567788171548792
ergo_adaptive,75.5,0.0,0.006573162614169414
ergo_adaptive,75.58333333333337,0.0,0.0065757458259396665
ergo_adaptive,75.66666666666663,0.0,0.006576879221842603
ergo_adaptive,75.75,0.0,0.0065796423319680235
ergo_adaptive,75.83333333333337,0.0,0.006583376640710838
ergo_adaptive,75.91666666666663,0.0,0.006583313829394779
ergo_adaptive,76.0,0.0,0.006580273157771187
ergo_adaptive,76.08333333333337,0.0,0.006580006219918993
ergo_adaptive,76.16666666666663,0.0,0.006583744900005352
ergo_adaptive,76.25,0.0,0.0065835805008134934
ergo_adaptive,76.33333333333337,0.0,0.006578598046767769
ergo_adaptive,76.41666666666663,0.0,0.006574029000005234
ergo_adaptive,76.5,0.0,0.006575118058527479
ergo_adaptive,76.58333333333337,0.0,0.006574395368430163
ergo_adaptive,76.66666666666663,0.0,0.006567479363822195
ergo_adaptive,76.75,0.0,0.006559404512176179
ergo_adaptive,76.83333333333337,0.0,0.0065562528084910175
ergo_adaptive,76.91666666666663,0.0,0.006556412116631303
ergo_adaptive,77.0,0.0,0.006550502489818526
ergo_adaptive,77.08333333333337,0.0,0.0065416014479463
ergo_adaptive,77.16666666666663,0.0,0.006536872005041703
ergo_adaptive,77.25,0.0,0.006538167304553185
ergo_adaptive,77.33333333333337,0.0,0.006535421265117772
ergo_adaptive,77.41666666666663,0.0,0.006529161440539512
ergo_adaptive,77.5,0.0,0.00652509411919979
ergo_adaptive,77.58333333333337,0.0,0.0065269734464134905
ergo_adaptive,77.66666666666663,0.0,0.0065288390137945105
ergo_adaptive,77.75,0.0,0.006526673292062961
ergo_adaptive,77.83333333333337,0.0,0.006524230573877256
ergo_adaptive,77.91666666666663,0.0,0.00652629692574154
ergo_adaptive,78.0,0.0,0.006540710203998795
ergo_adaptive,78.08333333333337,0.0,0.006558616549501927
ergo_adaptive,78.16666666666663,0.0,0.006579303516582971
ergo_adaptive,78.25,0.0,0.00660472468164802
ergo_adaptive,78.33333333333337,0.0,0.006633222428566913
ergo_adaptive,78.41666666666663,0.0,0.006660461160230605
ergo_adaptive,78.5,0.0,0.006687537565687879
ergo_adaptive,78.58333333333337,0.0,0.0067136537245750146
ergo_adaptive,78.66666666666663,0.0,0.006736982733983941
ergo_adaptive,78.75,0.0,0.006754013574555864
ergo_adaptive,78.83333333333337,0.0,0.006763328874260585
ergo_adaptive,78.91666666666663,0.0,0.006763776370240783
ergo_adaptive,79.0,0.0,0.006754700971645932
ergo_adaptive,79.08333333333337,0.0,0.006740974735453226
ergo_adaptive,79.16666666666663,0.0,0.006723940422503091
ergo_adaptive,79.25,0.0,0.006706221145796688
ergo_adaptive,79.33333333333337,0.0,0.006689700988243788
ergo_adaptive,79.41666666666663,0.0,0.006674322253856713
ergo_adaptive,79.5,0.0,0.006657847486436796
ergo_adaptive,79.58333333333337,0.0,0.006642498008172744
ergo_adaptive,79.66666666666663,0.0,0.006626312920711575
ergo_adaptive,79.75,0.0,0.006610109194445234
ergo_adaptive,79.83333333333337,0.0,0.006595862172279641
ergo_adaptive,79.91666666666663,0.0,0.006584064062081907
ergo_adaptive,80.0,0.0,0.006575686372936366
ergo_adaptive,80.08333333333337,0.0,0.006571097183905683
ergo_adaptive,80.16666666666663,0.0,0.006570365596195368
ergo_adaptive,80.25,0.0,0.0065716660144545394
ergo_adaptive,80.33333333333337,0.0,0.006573101152132379
ergo_adaptive,80.41666666666663,0.0,0.006574542223709273
ergo_adaptive,80.5,0.0,0.006575765092031198
ergo_adaptive,80.58333333333337,0.0,0.006576283584821452
ergo_adaptive,80.66666666666663,0.0,0.006575729011358309
ergo_adaptive,80.75,0.0,0.006574577412214541
ergo_adaptive,80.83333333333337,0.0,0.0065725502638584185
ergo_adaptive,80.91666666666663,0.0,0.006569301918061898
ergo_adaptive,81.0,0.0,0.006564662089126642
ergo_adaptive,81.08333333333337,0.0,0.00655871190495018
ergo_adaptive,81.16666666666663,0.0,0.006551759854967138
ergo_adaptive,81.25,0.0,0.0065442856427636465
ergo_adaptive,81.33333333333337,0.0,0.006536893586130963
ergo_adaptive,81.41666666666663,0.0,0.006530272829404333
ergo_adaptive,81.5,0.0,0.006525137066085971
ergo_adaptive,81.58333333333337,0.0,0.006522070734120476
ergo_adaptive,81.66666666666663,0.0,0.006520403558429099
ergo_adaptive,81.75,0.0,0.006515539917934592
ergo_adaptive,81.83333333333337,0.0,0.006510188185554445
ergo_adaptive,81.91666666666663,0.0,0.006505335904991293
ergo_adaptive,82.0,0.0,0.0065015271466635546
ergo_adaptive,82.08333333333337,0.0,0.006498478851781619
ergo_adaptive,82.16666666666663,0.0,0.00649555412397244
ergo_adaptive,82.25,0.0,0.006492002585108788
ergo_adaptive,82.33333333333337,0.0,0.006487195323963628
ergo_adaptive,82.41666666666663,0.0,0.006481643929112125
ergo_adaptive,82.5,0.0,0.006473303937348216
ergo_adaptive,82.58333333333337,0.0,0.00646137716692697
ergo_adaptive,82.66666666666663,0.0,0.0064456511380794525
ergo_adaptive,82.75,0.0,0.006427895295529943
ergo_adaptive,82.83333333333337,0.0,0.0064079214115386
ergo_adaptive,82.91666666666663,0.0,0.0063872462512050525
ergo_adaptive,83.0,0.0,0.006368526381124026
ergo_adaptive,83.08333333333337,0.0,0.006356881247142924
ergo_adaptive,83.16666666666663,0.0,0.006345920780961101
ergo_adaptive,83.25,0.0,0.006335563857790612
ergo_adaptive,83.33333333333337,0.0,0.006328846347992118
ergo_adaptive,83.41666666666663,0.0,0.00632555800970558
ergo_adaptive,83.5,0.0,0.006324735616781064
ergo_adaptive,83.58333333333337,0.0,0.00632542109952933
ergo_adaptive,83.66666666666663,0.0,0.006327224880746558
ergo_adaptive,83.75,0.0,0.006329352023295261
ergo_adaptive,83.83333333333337,0.0,0.006330872802055954
ergo_adaptive,83.91666666666663,0.0,0.006331618423986869
ergo_adaptive,84.0,0.0,0.00633127750985362
ergo_adaptive,84.08333333333337,0.0,0.006328689159475169
ergo_adaptive,84.16666666666663,0.0,0.006323413283900669
ergo_adaptive,84.25,0.0,0.006315167265099697
ergo_adaptive,84.33333333333337,0.0,0.006303942031282347
ergo_adaptive,84.41666666666663,0.0,0.006290107625862524
ergo_adaptive,84.5,0.0,0.00627441957120481
ergo_adaptive,84.58333333333337,0.0,0.006257819181556471
ergo_adaptive,84.66666666666663,0.0,0.006241023968305488
ergo_adaptive,84.75,0.0,0.006224170526091467
ergo_adaptive,84.83333333333337,0.0,0.006206901430440803
ergo_adaptive,84.91666666666663,0.0,0.006192212864722277
ergo_adaptive,85.0,0.0,0.00618302875496629
ergo_adaptive,85.08333333333337,0.0,0.006179658524535321
ergo_adaptive,85.16666666666663,6.827505371870531e-5,0.006179271917809304
ergo_adaptive,85.25,0.0,0.006156362342567929
ergo_adaptive,85.33333333333337,0.0,0.006142448225656091
ergo_adaptive,85.41666666666663,0.0,0.0061431743269093906
ergo_adaptive,85.5,0.0,0.0061485013947189466
ergo_adaptive,85.58333333333337,0.0,0.006155206040311827
ergo_adaptive,85.66666666666663,0.0,0.006161802947322025
ergo_adaptive,85.75,2.6088279916313298e-5,0.006167398200587538
ergo_adaptive,85.83333333333337,4.0631789794022835e-6,0.006152248491051097
ergo_adaptive,85.91666666666663,3.2218795849032993e-6,0.0061070645244715735
ergo_adaptive,86.0,1.420325824686367e-5,0.0060441820948875565
ergo_adaptive,86.08333333333337,0.0,0.005981400759711471
ergo_adaptive,86.16666666666663,0.0,0.0059535882999942995
ergo_adaptive,86.25,3.0109738171289394e-6,0.005954071589214575
ergo_adaptive,86.33333333333337,4.649861848578358e-5,0.005954894686251381
ergo_adaptive,86.41666666666663,0.0001882272203060497,0.005935050410146731
ergo_adaptive,86.5,0.00016557408784598126,0.005895011324171153
ergo_adaptive,86.58333333333337,7.702818909169117e-5,0.00584650590855427
ergo_adaptive,86.66666666666663,0.00022773863000827453,0.0058380707637545005
ergo_adaptive,86.75,0.0003622621348073147,0.005828280664573243
ergo_adaptive,86.83333333333337,0.00035283721626496795,0.005818871997189155
ergo_adaptive,86.91666666666663,0.0003385794413512557,0.005822365479698406
ergo_adaptive,87.0,0.0003108836909555482,0.005830254428666691
ergo_adaptive,87.08333333333337,0.00030633191548716336,0.00584413906351472
ergo_adaptive,87.16666666666663,0.0003172163215916546,0.00585877874955944
ergo_adaptive,87.25,0.0001414449569326051,0.005874124281358105
ergo_adaptive,87.33333333333337,0.00011081969315843545,0.005891033061783848
ergo_adaptive,87.41666666666663,8.048921447156534e-5,0.005909249737215544
ergo_adaptive,87.5,0.0001186359472151816,0.005926513205963268
ergo_adaptive,87.58333333333337,3.144938148658093e-5,0.005941563572047953
ergo_adaptive,87.66666666666663,0.0,0.005957026282143058
ergo_adaptive,87.75,0.0,0.005974751933003874
ergo_adaptive,87.83333333333337,3.5128799544252007e-5,0.005995241186233917
ergo_adaptive,87.91666666666663,8.70882321744412e-6,0.006017043208902968
ergo_adaptive,88.0,1.3236882564425364e-7,0.006037834185751159
ergo_adaptive,88.08333333333337,9.766109200526608e-6,0.006057701955805477
ergo_adaptive,88.16666666666663,1.3964869215670646e-5,0.0060751771056772605
ergo_adaptive,88.25,1.284543999480287e-5,0.006090320972680907
ergo_adaptive,88.33333333333337,2.0899821291269406e-5,0.006104520065523789
ergo_adaptive,88.41666666666663,1.363468372602732e-5,0.006119235222033316
ergo_adaptive,88.5,2.285743694039966e-5,0.00613391042035384
ergo_adaptive,88.58333333333337,5.9023928290483734e-5,0.0061438352519493115
ergo_adaptive,88.66666666666663,1.368227945056039e-5,0.006141824480917942
ergo_adaptive,88.75,9.602440679356288e-7,0.006149025747822114
ergo_adaptive,88.83333333333337,1.88825526119185e-5,0.006163869397989762
ergo_adaptive,88.91666666666663,6.05826462982745e-5,0.006181696886220596
ergo_adaptive,89.0,9.996933368908955e-6,0.006200367053072637
ergo_adaptive,89.08333333333337,8.60373112028744e-6,0.00621638892533738
ergo_adaptive,89.16666666666663,2.0977575692104088e-5,0.0062327772838704455
ergo_adaptive,89.25,0.00011038371097024439,0.006240738739129392
ergo_adaptive,89.33333333333337,0.0001504005743223382,0.006238461315972166
ergo_adaptive,89.41666666666663,0.00012431294502453344,0.006236601507399262
ergo_adaptive,89.5,0.00015684683768389445,0.006248039137979433
ergo_adaptive,89.58333333333337,0.00010298759055613714,0.006258912916739998
ergo_adaptive,89.66666666666663,9.072291315949897e-5,0.006274349036470555
ergo_adaptive,89.75,0.00017835109619378307,0.00628938872889284
ergo_adaptive,89.83333333333337,9.928683555775054e-5,0.006304848477001944
ergo_adaptive,89.91666666666663,6.509645537084674e-5,0.006318013775152441
ergo_adaptive,90.0,0.0001143275526750968,0.006333072363777388
ergo_adaptive,90.08333333333337,0.00033396354563044783,0.006344759846782465
ergo_adaptive,90.16666666666663,0.00041878455976938667,0.006355036913713946
ergo_adaptive,90.25,0.00044329534005249416,0.006365342235273142
ergo_adaptive,90.33333333333337,0.0003965837103568081,0.006376303220143535
ergo_adaptive,90.41666666666663,0.00020256384783198694,0.006386888869638788
ergo_adaptive,90.5,0.00012111636506212408,0.006394990996706683
ergo_adaptive,90.58333333333337,9.77257341076192e-5,0.006404521595831706
ergo_adaptive,90.66666666666663,2.3143019687714128e-5,0.006414954014352992
ergo_adaptive,90.75,7.624818896787294e-7,0.006430433130428981
ergo_adaptive,90.83333333333337,0.0,0.006446358449416797
ergo_adaptive,90.91666666666663,0.0,0.006460267289312828
ergo_adaptive,91.0,0.0,0.006475849923247263
ergo_adaptive,91.08333333333337,0.0,0.006490182508490384
ergo_adaptive,91.16666666666663,0.0,0.006502507821064401
ergo_adaptive,91.25,3.277694205352714e-5,0.006514005453092993
ergo_adaptive,91.33333333333337,8.659548574135224e-6,0.006527271537708102
ergo_adaptive,91.41666666666663,1.9659007328663904e-6,0.006539337211357231
ergo_adaptive,91.5,6.76497370776374e-5,0.006551078533666152
ergo_adaptive,91.58333333333337,0.00022755292509950523,0.0065582725241743614
ergo_adaptive,91.66666666666663,0.00011246594814151458,0.006556867280747661
ergo_adaptive,91.75,4.511046679213821e-5,0.006547270303000793
ergo_adaptive,91.83333333333337,4.064800328998616e-5,0.00655058832962496
ergo_adaptive,91.91666666666663,5.6396578395101216e-5,0.0065633818961803566
ergo_adaptive,92.0,4.023614033418921e-5,0.006578306135472089
ergo_adaptive,92.08333333333337,8.27043892261997e-5,0.006594202547893293
ergo_adaptive,92.16666666666663,7.576163879870457e-5,0.006607491388329763
ergo_adaptive,92.25,0.00018395689725555006,0.006616245614249547
ergo_adaptive,92.33333333333337,5.4162916031703704e-5,0.006621872772161381
ergo_adaptive,92.41666666666663,6.858093202619691e-5,0.006634339901753232
ergo_adaptive,92.5,0.0002586539192045842,0.006648465228625069
ergo_adaptive,92.58333333333337,0.0003304871717871333,0.006660443997761207
ergo_adaptive,92.66666666666663,0.00024054545311121085,0.006669158037104501
ergo_adaptive,92.75,7.007386345417459e-5,0.006681414663853071
ergo_adaptive,92.83333333333337,1.4209976298275307e-5,0.006694472414069048
ergo_adaptive,92.91666666666663,2.608759647859119e-5,0.006705880714475112
ergo_adaptive,93.0,0.0,0.006716518928335149
ergo_adaptive,93.08333333333337,7.958520514999704e-6,0.006726142450818994
ergo_adaptive,93.16666666666663,1.5886531873575708e-6,0.006726551333229003
ergo_adaptive,93.25,0.0,0.006734019286842419
ergo_adaptive,93.33333333333337,0.0,0.00673765808641027
ergo_adaptive,93.41666666666663,0.0,0.006730829550520447
ergo_adaptive,93.5,2.695444083083419e-6,0.006713083984601823
ergo_adaptive,93.58333333333337,8.356819398683176e-5,0.006711304416090079
ergo_adaptive,93.66666666666663,5.648667546789558e-5,0.006705207410553572
ergo_adaptive,93.75,5.329116910883592e-6,0.006706437969812934
ergo_adaptive,93.83333333333337,0.00010047225829676223,0.006716435824199185
ergo_adaptive,93.91666666666663,0.00014290566467880063,0.006730122402325911
ergo_adaptive,94.0,0.0002732242032909088,0.0067443518464944206
ergo_adaptive,94.08333333333337,0.00027145576045715453,0.006758903859132743
ergo_adaptive,94.16666666666663,0.0002514686332384468,0.0067727714570585355
ergo_adaptive,94.25,0.00024082231852225823,0.006784313867619557
ergo_adaptive,94.33333333333337,0.0004114843649337473,0.0067951035602626195
ergo_adaptive,94.41666666666663,0.0006812211751088971,0.006803052185330175
ergo_adaptive,94.5,0.00043077125003270573,0.0068085082341736375
ergo_adaptive,94.58333333333337,0.000454974060430961,0.006818577320616154
ergo_adaptive,94.66666666666663,0.00034482959981366743,0.006829262644399362
ergo_adaptive,94.75,0.0004902764203363263,0.006839883596738441
ergo_adaptive,94.83333333333337,0.00035263054622341,0.00684825885256892
ergo_adaptive,94.91666666666663,0.00010936608156213439,0.006858564646082881
ergo_adaptive,95.0,0.00022734611907643647,0.006869690113504961
ergo_adaptive,95.08333333333337,7.231612898178516e-5,0.006879421347685941
ergo_adaptive,95.16666666666663,1.7799975547032984e-5,0.00688788059104686
ergo_adaptive,95.25,0.00010555058836431277,0.006892328906136821
ergo_adaptive,95.33333333333337,7.085165596515565e-5,0.0068882308593296885
ergo_adaptive,95.41666666666663,0.00016474748179502553,0.006886835735610515
ergo_adaptive,95.5,3.544859692292777e-5,0.006885258355955726
ergo_adaptive,95.58333333333337,0.0,0.006891182775985158
ergo_adaptive,95.66666666666663,0.0,0.006890658037676198
ergo_adaptive,95.75,0.0,0.006878067857526105
ergo_adaptive,95.83333333333337,0.0,0.006851012083951139
ergo_adaptive,95.91666666666663,0.0,0.006811194275119906
ergo_adaptive,96.0,0.0,0.006769453060701648
ergo_adaptive,96.08333333333337,0.0,0.006739544064921873
ergo_adaptive,96.16666666666663,0.0,0.006714692229966038
ergo_adaptive,96.25,0.0,0.006692194721647606
ergo_adaptive,96.33333333333337,0.0,0.006669951247664029
ergo_adaptive,96.41666666666663,0.0,0.006649604190529025
ergo_adaptive,96.5,0.0,0.006631970424621336
ergo_adaptive,96.58333333333337,0.0,0.006614626159926181
ergo_adaptive,96.66666666666663,0.0,0.006595324968570829
ergo_adaptive,96.75,0.0,0.0065773118427171805
ergo_adaptive,96.83333333333337,0.0,0.006563176608261696
ergo_adaptive,96.91666666666663,0.0,0.0065523302915443315
ergo_adaptive,97.0,0.0,0.006540159148867175
ergo_adaptive,97.08333333333337,0.0,0.006525427866133344
ergo_adaptive,97.16666666666663,0.0,0.006513422104742097
ergo_adaptive,97.25,0.0,0.006506731803767331
ergo_adaptive,97.33333333333337,0.0,0.0064935569917427835
ergo_adaptive,97.41666666666663,0.0,0.006474242627222653
ergo_adaptive,97.5,0.0,0.006458170363894032
ergo_adaptive,97.58333333333337,0.0,0.006448891483479743
ergo_adaptive,97.66666666666663,0.0,0.006438497923561752
ergo_adaptive,97.75,0.0,0.006424413606157312
ergo_adaptive,97.83333333333337,0.0,0.006410653522206577
ergo_adaptive,97.91666666666663,0.0,0.006401976117550584
ergo_adaptive,98.0,0.0,0.006397823469036088
ergo_adaptive,98.08333333333337,0.0,0.0063920436898463025
ergo_adaptive,98.16666666666663,0.0,0.006384821830607875
ergo_adaptive,98.25,0.0,0.0063799187206557105
ergo_adaptive,98.33333333333337,0.0,0.006377734718655586
ergo_adaptive,98.41666666666663,0.0,0.0063747157903001825
ergo_adaptive,98.5,0.0,0.006369548289808804
ergo_adaptive,98.58333333333337,0.0,0.006364538611636512
ergo_adaptive,98.66666666666663,0.0,0.006361586686191296
ergo_adaptive,98.75,0.0,0.006359157414814675
ergo_adaptive,98.83333333333337,0.0,0.006355595864770594
ergo_adaptive,98.91666666666663,0.0,0.006352664539243166
ergo_adaptive,99.0,0.0,0.006353584572645713
ergo_adaptive,99.08333333333337,0.0,0.0063557172837004055
ergo_adaptive,99.16666666666663,0.0,0.006356320574365846
ergo_adaptive,99.25,0.0,0.0063547472035471045
ergo_adaptive,99.33333333333337,0.0,0.006352913453179517
ergo_adaptive,99.41666666666663,0.0,0.006353092623006002
ergo_adaptive,99.5,0.0,0.006356210433716555
ergo_adaptive,99.58333333333337,0.0,0.006356197472801374
ergo_adaptive,99.66666666666663,0.0,0.006349650512516961
ergo_adaptive,99.75,0.0,0.00633587191463522
ergo_adaptive,99.83333333333337,0.0,0.006311755081496971
ergo_adaptive,99.91666666666663,0.0,0.006276975925025355
ergo_adaptive,100.0,0.0,0.006238546864782941
ergo_adaptive,100.08333333333337,0.0,0.006199114333396543
ergo_adaptive,100.16666666666663,0.0,0.0061494245874117726
ergo_adaptive,100.25,0.0,0.006092236023959995
ergo_adaptive,100.33333333333337,0.0,0.006032060428005553
ergo_adaptive,100.41666666666663,0.0,0.0059725368155041135
ergo_adaptive,100.5,0.0,0.005907152167992514
ergo_adaptive,100.58333333333337,0.0,0.005830463227351208
ergo_adaptive,100.66666666666663,0.0,0.005746363533377086
ergo_adaptive,100.75,1.1510445225279887e-5,0.005669501266492161
ergo_adaptive,100.83333333333337,1.4477290205198951e-5,0.005625755268283928
ergo_adaptive,100.91666666666663,2.3441680347300322e-5,0.005607197345754367
ergo_adaptive,101.0,0.0,0.005597959758073567
ergo_adaptive,101.08333333333337,0.0,0.005587868878613853
ergo_adaptive,101.16666666666663,0.0,0.005554940417581056
ergo_adaptive,101.25,0.0,0.005486557127515745
ergo_adaptive,101.33333333333337,2.3996915014410925e-6,0.00539828425386174
ergo_adaptive,101.41666666666663,7.116886951327338e-6,0.005341881516604158
ergo_adaptive,101.5,1.6824725523618194e-5,0.005306128801129609
ergo_adaptive,101.58333333333337,7.263586547823496e-5,0.0052881489777407385
ergo_adaptive,101.66666666666663,6.927034138394862e-5,0.005283410789262509
ergo_adaptive,101.75,6.266834383612761e-5,0.005286376389659504
ergo_adaptive,101.83333333333337,4.4762089130228205e-5,0.0052930964115474235
ergo_adaptive,101.91666666666663,0.0,0.005302446323272382
ergo_adaptive,102.0,0.0,0.005318443232811452
ergo_adaptive,102.08333333333337,0.0,0.005332160585415135
ergo_adaptive,102.16666666666663,0.0,0.0053367208151195
ergo_adaptive,102.25,6.900136598503687e-7,0.005328800440627577
ergo_adaptive,102.33333333333337,1.2427520376068184e-5,0.00532877414205551
ergo_adaptive,102.41666666666663,4.525275644975907e-5,0.00533206838325043
ergo_adaptive,102.5,0.0003478267666497245,0.005336626172053233
ergo_adaptive,102.58333333333337,0.00023150016259120335,0.0053368096330074066
ergo_adaptive,102.66666666666663,0.00015501484350300483,0.005336248431660595
ergo_adaptive,102.75,0.00018724665152238855,0.005341736463288265
ergo_adaptive,102.83333333333337,7.509637741474834e-5,0.0053574097886327126
ergo_adaptive,102.91666666666663,7.626411698126662e-5,0.005374307623990244
ergo_adaptive,103.0,0.00011245594799394743,0.005389911191721304
ergo_adaptive,103.08333333333337,0.00016818289684596567,0.005404454438768679
ergo_adaptive,103.16666666666663,0.0002544372445533734,0.005417937543036572
ergo_adaptive,103.25,0.0003570848232183404,0.005431005036666685
ergo_adaptive,103.33333333333337,0.0003118729050463466,0.005445577823220824
ergo_adaptive,103.41666666666663,0.0002052787398452232,0.005460703699281849
ergo_adaptive,103.5,5.932125943215226e-5,0.005473272190837919
ergo_adaptive,103.58333333333337,0.0,0.0054832613379186875
ergo_adaptive,103.66666666666663,0.0,0.005503955529268317
ergo_adaptive,103.75,0.0,0.005531776707392573
ergo_adaptive,103.83333333333337,3.8949722389458e-6,0.005561355014745239
ergo_adaptive,103.91666666666663,0.0,0.005590533524170441
ergo_adaptive,104.0,0.0,0.005618720050869264
ergo_adaptive,104.08333333333337,0.0,0.005646825526088878
ergo_adaptive,104.16666666666663,0.0,0.005675065108956391
ergo_adaptive,104.25,0.0,0.005700384183007818
ergo_adaptive,104.33333333333337,0.0,0.005722634372680578
ergo_adaptive,104.41666666666663,1.981641148289503e-6,0.005743689690456876
ergo_adaptive,104.5,4.9725846315958987e-5,0.005765326490493965
ergo_adaptive,104.58333333333337,4.125148651513262e-6,0.005783879198655672
ergo_adaptive,104.66666666666663,2.6123654283622202e-6,0.005795444169675365
ergo_adaptive,104.75,0.0,0.005801076580421048
ergo_adaptive,104.83333333333337,0.0,0.005802465775953321
ergo_adaptive,104.91666666666663,0.0,0.0057934700252007315
ergo_adaptive,105.0,0.0,0.005769850095514707
ergo_adaptive,105.08333333333337,0.0,0.005731109132921633
ergo_adaptive,105.16666666666663,0.0,0.005678692215446925
ergo_adaptive,105.25,0.0,0.005611772778105332
ergo_adaptive,105.33333333333337,8.530003659663013e-5,0.005536596207253749
ergo_adaptive,105.41666666666663,7.40423818915943e-5,0.00545465353983825
ergo_adaptive,105.5,0.00014412899175872008,0.0053684117211124
ergo_adaptive,105.58333333333337,7.808174674298212e-5,0.005281285166705275
ergo_adaptive,105.66666666666663,0.0,0.005192712581302321
ergo_adaptive,105.75,0.00021620191633541676,0.005091929221174725
ergo_adaptive,105.83333333333337,3.42487093402937e-5,0.004985676722565237
ergo_adaptive,105.91666666666663,0.0,0.004887850704448013
ergo_adaptive,106.0,0.0,0.004806653576735737
ergo_adaptive,106.08333333333337,0.00021412114769111976,0.004733107151810681
ergo_adaptive,106.16666666666663,0.0005276904840899665,0.004657515971162399
ergo_adaptive,106.25,0.00023587677670192065,0.004587460184835348
ergo_adaptive,106.33333333333337,0.0005370419198460569,0.004541265306074498
ergo_adaptive,106.41666666666663,0.0009343835123701197,0.004511481478454756
ergo_adaptive,106.5,0.0015109426955643428,0.004475034280323412
ergo_adaptive,106.58333333333337,0.0007100505571423095,0.0044418060935581755
ergo_adaptive,106.66666666666663,0.0009147720742803633,0.004439811351020326
ergo_adaptive,106.75,0.0004766236859065435,0.004447724081851033
ergo_adaptive,106.83333333333337,0.00029954229013467315,0.004458098782849859
ergo_adaptive,106.91666666666663,0.0003361416148520861,0.004472337029156644
ergo_adaptive,107.0,0.00032883014820061975,0.004489705674659142
ergo_adaptive,107.08333333333337,0.0003878109495050354,0.004507692354460566
ergo_adaptive,107.16666666666663,0.0004498693405591096,0.004525617393528049
ergo_adaptive,107.25,0.0002898997881057338,0.00454139400585889
ergo_adaptive,107.33333333333337,0.00018572163411924184,0.004559031845157058
ergo_adaptive,107.41666666666663,0.0002950873715849439,0.004578290535308861
ergo_adaptive,107.5,0.00022585900775904823,0.004597205223730632
ergo_adaptive,107.58333333333337,0.000220964473758179,0.004613862051664836
ergo_adaptive,107.66666666666663,0.00021750172510105075,0.00462922134409743
ergo_adaptive,107.75,0.0002686894443496227,0.00464328069103146
ergo_adaptive,107.83333333333337,0.0002352581095161677,0.004657934598326609
ergo_adaptive,107.91666666666663,0.0001824573812174961,0.004670667663205172
ergo_adaptive,108.0,0.0002477417574350677,0.004679422033457782
ergo_adaptive,108.08333333333337,0.0001874957430561188,0.004691907819938267
ergo_adaptive,108.16666666666663,0.00022508993680809034,0.0047007631841663264
ergo_adaptive,108.25,0.00033864122051555627,0.0047100744337968264
ergo_adaptive,108.33333333333337,0.00034099530320575914,0.004720915715354997
ergo_adaptive,108.41666666666663,0.000582145822619846,0.004731345175397619
ergo_adaptive,108.5,0.0004965906304627873,0.004739088953372138
ergo_adaptive,108.58333333333337,0.0003936956682161154,0.004748982942127324
ergo_adaptive,108.66666666666663,0.00043186486355841126,0.004759052427658296
ergo_adaptive,108.75,0.0004017096432495686,0.004768767037774414
ergo_adaptive,108.83333333333337,0.0006991931183716496,0.004777421571588983
ergo_adaptive,108.91666666666663,0.0004230248526373918,0.004785375655701501
ergo_adaptive,109.0,0.0003683921759508938,0.00479453638386377
ergo_adaptive,109.08333333333337,0.0007460293991561364,0.004803336069034694
ergo_adaptive,109.16666666666663,0.0008372730126796575,0.004809518187877982
ergo_adaptive,109.25,0.0007577812672569588,0.004816804239784113
ergo_adaptive,109.33333333333337,0.0008134400061468109,0.004824415673377721
ergo_adaptive,109.41666666666663,0.000912640235976348,0.00483107443241604
ergo_adaptive,109.5,0.0007604022786158968,0.004838606804519394
ergo_adaptive,109.58333333333337,0.0005391752052584082,0.004848368868865146
ergo_adaptive,109.66666666666663,0.00046044993201657225,0.004858169421437673
ergo_adaptive,109.75,0.00031360173075703447,0.0048676244770933805
ergo_adaptive,109.83333333333337,0.0001624907404562004,0.0048773411867588145
ergo_adaptive,109.91666666666663,0.00019636743228304391,0.004884268941097918
ergo_adaptive,110.0,0.0001201490281261874,0.004889034153214978
ergo_adaptive,110.08333333333337,0.00021371895159000843,0.004891214309660345
ergo_adaptive,110.16666666666663,0.0001616038912922585,0.004899817099922517
ergo_adaptive,110.25,0.0001299191161086862,0.004904387896019641
ergo_adaptive,110.33333333333337,0.00013153144561782682,0.004909357351845518
ergo_adaptive,110.41666666666663,0.0002686309928784232,0.004914884590635211
ergo_adaptive,110.5,0.0003149596062780802,0.004924349272133306
ergo_adaptive,110.58333333333337,0.0005389140933516704,0.004933506430101122
ergo_adaptive,110.66666666666663,0.0006587521981855106,0.0049404682837933195
ergo_adaptive,110.75,0.0006624224791406881,0.004947565266758667
ergo_adaptive,110.83333333333337,0.0005176498284400502,0.004953976184891069
ergo_adaptive,110.91666666666663,0.0007077266437857921,0.004963728664377616
ergo_adaptive,111.0,0.000515506469588787,0.004969966648082053
ergo_adaptive,111.08333333333337,0.0007658081975154471,0.00498060990602374
ergo_adaptive,111.16666666666663,0.0008488881619248703,0.004988158240732852
ergo_adaptive,111.25,0.0008828732772222805,0.004995335357214111
ergo_adaptive,111.33333333333337,0.0008244054958828046,0.005002632228175235
ergo_adaptive,111.41666666666663,0.0008240490674486118,0.0050121684024869995
ergo_adaptive,111.5,0.0008286111507605968,0.00502060963418151
ergo_adaptive,111.58333333333337,0.0009347153709688066,0.005026559405459565
ergo_adaptive,111.66666666666663,0.0009660101640774312,0.005034133835355499
ergo_adaptive,111.75,0.0010813366503190196,0.005043055681036914
ergo_adaptive,111.83333333333337,0.0011186222844786786,0.005051301078808835
ergo_adaptive,111.91666666666663,0.0011076781706634402,0.005057348495647252
ergo_adaptive,112.0,0.0008917622616514924,0.005068007938410778
ergo_adaptive,112.08333333333337,0.0007557339622654662,0.005080166532533336
ergo_adaptive,112.16666666666663,0.0008302156461103696,0.005089992893501603
ergo_adaptive,112.25,0.000687900652648734,0.00510040637450964
ergo_adaptive,112.33333333333337,0.000633686302920949,0.005110765959588635
ergo_adaptive,112.41666666666663,0.0006239851067326585,0.005120719696694713
ergo_adaptive,112.5,0.0005730529222672401,0.005130395173944858
ergo_adaptive,112.58333333333337,0.0005617812756387532,0.005136465745965252
ergo_adaptive,112.66666666666663,0.0003708445988878372,0.005144426479654638
ergo_adaptive,112.75,0.00044046457004841906,0.005154375131691494
ergo_adaptive,112.83333333333337,0.0005488202177606839,0.0051607234417677976
ergo_adaptive,112.91666666666663,0.0005385798464197692,0.005166654876822359
ergo_adaptive,113.0,0.0006405641971778989,0.005173044875612724
ergo_adaptive,113.08333333333337,0.0004553228724600529,0.005178924746048804
ergo_adaptive,113.16666666666663,0.00042966411802794084,0.005186686458958659
ergo_adaptive,113.25,0.0005764620505619177,0.0051948533271290445
ergo_adaptive,113.33333333333337,0.0004825397660301049,0.005198250636404027
ergo_adaptive,113.41666666666663,0.0007203297550011045,0.00520931002756539
ergo_adaptive,113.5,0.0007204288195846497,0.005219304524137453
ergo_adaptive,113.58333333333337,0.0005450878780788368,0.005228021735922175
ergo_adaptive,113.66666666666663,0.0003857898167147838,0.005239661208862208
ergo_adaptive,113.75,0.00030148889330670046,0.005250811277024613
ergo_adaptive,113.83333333333337,0.00036719138278056235,0.005261475154759942
ergo_adaptive,113.91666666666663,0.00045104648181596585,0.005272278097572449
ergo_adaptive,114.0,0.0006118333771518901,0.005281995149244282
ergo_adaptive,114.08333333333337,0.0005081518696926277,0.005290443421489248
ergo_adaptive,114.16666666666663,0.0006548117610404308,0.005301723340537992
ergo_adaptive,114.25,0.0005675077481721721,0.005306969873021865
ergo_adaptive,114.33333333333337,0.0005979906867055863,0.005315881679914839
ergo_adaptive,114.41666666666663,0.0008004584124859795,0.00532734983061118
ergo_adaptive,114.5,0.0004746632352283686,0.005335815678394756
ergo_adaptive,114.58333333333337,0.0007353438964640627,0.005344155917529726
ergo_adaptive,114.66666666666663,0.0008291593351531619,0.005353355733431147
ergo_adaptive,114.75,0.0008037725028286417,0.005360158789157217
ergo_adaptive,114.83333333333337,0.0008235309461262061,0.005371061871499197
ergo_adaptive,114.91666666666663,0.0005497931418120408,0.005377342528472441
ergo_adaptive,115.0,0.0009395487407967451,0.005388491823692323
ergo_adaptive,115.08333333333337,0.0006800641549320741,0.00539644346641838
ergo_adaptive,115.16666666666663,0.00038794496729356706,0.00540788379134714
ergo_adaptive,115.25,0.0005957869246070917,0.005421044410397219
ergo_adaptive,115.33333333333337,0.0005361582414277565,0.0054337763325435036
ergo_adaptive,115.41666666666663,0.0006566733807684111,0.005446255714529183
ergo_adaptive,115.5,0.0005456239798571242,0.005455967520195605
ergo_adaptive,115.58333333333337,0.00042467043038017533,0.005469728611278046
ergo_adaptive,115.66666666666663,0.00017113093673842887,0.005481847954613498
ergo_adaptive,115.75,0.00024782938642511714,0.005492080282839188
ergo_adaptive,115.83333333333337,0.00010190833875325944,0.005502495267603009
ergo_adaptive,115.91666666666663,0.00023840501265596104,0.005511856494207617
ergo_adaptive,116.0,0.000185966959858203,0.005520851693021817
ergo_adaptive,116.08333333333337,0.00012287153389834262,0.005527135002886278
ergo_adaptive,116.16666666666663,0.00022336376539185216,0.005538327004023727
ergo_adaptive,116.25,0.00033518502976061834,0.005547998459549787
ergo_adaptive,116.33333333333337,0.00026622373189711274,0.005554830041988935
ergo_adaptive,116.41666666666663,0.00033265037221299153,0.005565846363701689
ergo_adaptive,116.5,0.0003900094999841162,0.005575454802929344
ergo_adaptive,116.58333333333337,0.0007608088112213942,0.005584699129106516
ergo_adaptive,116.66666666666663,0.0006431004545966394,0.005587203081460917
ergo_adaptive,116.75,0.0009140563679376932,0.005599222457666129
ergo_adaptive,116.83333333333337,0.0009451708745621569,0.005612443059897322
ergo_adaptive,116.91666666666663,0.001048208734937561,0.005626192327778649
ergo_adaptive,117.0,0.0008303554526836758,0.005637782634381224
ergo_adaptive,117.08333333333337,0.0009396214358415762,0.005650733469216067
ergo_adaptive,117.16666666666663,0.000943610654913276,0.0056631463423424495
ergo_adaptive,117.25,0.0011487339664956618,0.005674003987159552
ergo_adaptive,117.33333333333337,0.0008988640777520645,0.00568654626281876
ergo_adaptive,117.41666666666663,0.0008269407874114724,0.005696531243507564
ergo_adaptive,117.5,0.0008262095535257922,0.005710533760820598
ergo_adaptive,117.58333333333337,0.0006301865143047184,0.005723127641252659
ergo_adaptive,117.66666666666663,0.0006913511226013857,0.005731857530091011
ergo_adaptive,117.75,0.0005652069857095918,0.0057389545070985395
ergo_adaptive,117.83333333333337,0.0008788294148036792,0.005746102134929133
ergo_adaptive,117.91666666666663,0.000892152030512997,0.00575029148457433
ergo_adaptive,118.0,0.0008224394085213685,0.005753369646266199
ergo_adaptive,118.08333333333337,0.0008880550618919889,0.005762111812280418
ergo_adaptive,118.16666666666663,0.000838807237359702,0.005773193995660014
ergo_adaptive,118.25,0.0005662278460767875,0.005781135263731155
ergo_adaptive,118.33333333333337,0.0006773706289160954,0.005793272002520391
ergo_adaptive,118.41666666666663,0.0005364306822935875,0.005805570105817111
ergo_adaptive,118.5,0.0004992763777916915,0.005813479547291034
ergo_adaptive,118.58333333333337,0.0009009617694134283,0.005821497678046058
ergo_adaptive,118.66666666666663,0.0009130042049194034,0.005828710315625494
ergo_adaptive,118.75,0.0007761190902040211,0.0058364026145778635
ergo_adaptive,118.83333333333337,0.0007957866991532232,0.0058415145032118575
ergo_adaptive,118.91666666666663,0.000505948368212349,0.005847583122941191
ergo_adaptive,119.0,0.0006786762347263871,0.00585694927699385
ergo_adaptive,119.08333333333337,0.0006693767808443275,0.005868907977967319
ergo_adaptive,119.16666666666663,0.0006019755419255403,0.005875312956886419
ergo_adaptive,119.25,0.0006038558991493268,0.005883385778462158
ergo_adaptive,119.33333333333337,0.00035932669657650414,0.005894362466718263
ergo_adaptive,119.41666666666663,0.0005014450144169408,0.005903067543545228
ergo_adaptive,119.5,0.0005772903687986515,0.005907084548600138
ergo_adaptive,119.58333333333337,0.0004604459993096906,0.005914353277450871
ergo_adaptive,119.66666666666663,0.0003590803120359303,0.005923321121672527
ergo_adaptive,119.75,0.00027493640017754603,0.005930398136290594
ergo_adaptive,119.83333333333337,0.0002698083962014517,0.005938810199415483
ergo_adaptive,119.91666666666663,0.0002273568495854177,0.005948311912956083
ergo_adaptive,120.0,0.0003283670703693945,0.005957845740006915
ergo_adaptive,120.08333333333337,0.00042512441979690143,0.005965035741538733
ergo_adaptive,120.16666666666663,0.00023749920054073626,0.005973281490215463
ergo_adaptive,120.25,0.0002651788142155023,0.005984790344013196
ergo_adaptive,120.33333333333337,0.0003402373470696635,0.005995258226603324
ergo_adaptive,120.41666666666663,0.0004360030418539967,0.006002705703932644
ergo_adaptive,120.5,0.0005886428260585378,0.006005944062226159
ergo_adaptive,120.58333333333337,0.0006061584575030917,0.006009540155852324
ergo_adaptive,120.66666666666663,0.00040492748464926047,0.006014279467161641
ergo_adaptive,120.75,0.00032916524737523984,0.006023039399795907
ergo_adaptive,120.83333333333337,0.0006030759255667095,0.006033511067019496
ergo_adaptive,120.91666666666663,0.00027327086912181086,0.006045371166027215
ergo_adaptive,121.0,0.00034806527931688776,0.006052756371709697
ergo_adaptive,121.08333333333337,0.00044719850910812723,0.006057965633098986
ergo_adaptive,121.16666666666663,0.0007663270073715443,0.006060630380496684
ergo_adaptive,121.25,0.0006340612154044334,0.00605885377914528
ergo_adaptive,121.33333333333337,0.0007075231209838221,0.006066646918321293
ergo_adaptive,121.41666666666663,0.0007155745982595065,0.0060745967083508795
ergo_adaptive,121.5,0.0008212539211370644,0.006079504801637318
ergo_adaptive,121.58333333333337,0.0003734678882956114,0.0060859841867917045
ergo_adaptive,121.66666666666663,0.0002749945584138344,0.006096285162250709
ergo_adaptive,121.75,0.0005368750741234629,0.006109459471821761
ergo_adaptive,121.83333333333337,0.0004278814544343202,0.006123344767279389
ergo_adaptive,121.91666666666663,0.0005856161534541865,0.006130890314778033
ergo_adaptive,122.0,0.0008980989591918582,0.0061369698565434385
ergo_adaptive,122.08333333333337,0.0006432659600705291,0.006147703660808449
ergo_adaptive,122.16666666666663,0.000796264666760697,0.006150281217857792
ergo_adaptive,122.25,0.0008575887867984184,0.00615590524270866
ergo_adaptive,122.33333333333337,0.0007084185179698027,0.006156123547057762
ergo_adaptive,122.41666666666663,0.0005063827126914128,0.006164105310710303
ergo_adaptive,122.5,0.0006857342800002877,0.006166353593640432
ergo_adaptive,122.58333333333337,0.0006078849448635487,0.006168964135701024
ergo_adaptive,122.66666666666663,0.0005366833800516225,0.006175140435059343
ergo_adaptive,122.75,0.0002548894551849224,0.006180225596745303
ergo_adaptive,122.83333333333337,0.00023213689753661334,0.006191489924794293
ergo_adaptive,122.91666666666663,0.0005207993870593432,0.006201972430817821
ergo_adaptive,123.0,0.0004756614643600634,0.006209151616495133
ergo_adaptive,123.08333333333337,0.0007021694449276231,0.006215354728050785
ergo_adaptive,123.16666666666663,0.0009260213200437974,0.0062215243694064915
ergo_adaptive,123.25,0.0007157718809302329,0.006227484355144164
ergo_adaptive,123.33333333333337,0.0004490565873249373,0.00623660221014206
ergo_adaptive,123.41666666666663,0.0003316521145512917,0.006238304095955388
ergo_adaptive,123.5,0.00024756323087248727,0.006245298395110075
ergo_adaptive,123.58333333333337,0.0002519415254995742,0.006255786350973202
ergo_adaptive,123.66666666666663,0.00034926248740018383,0.006261264267650078
ergo_adaptive,123.75,0.0005339257056788439,0.006263444554724691
ergo_adaptive,123.83333333333337,0.00048198187595003726,0.00625823857361131
ergo_adaptive,123.91666666666663,0.00026448572199446824,0.006261624707066678
ergo_adaptive,124.0,0.00014393028225047363,0.006270418744652756
ergo_adaptive,124.08333333333337,7.64857333750059e-5,0.0062822252858538595
ergo_adaptive,124.16666666666663,0.00016975060939656785,0.006292177692728869
ergo_adaptive,124.25,0.0001827284279607244,0.006298831513653947
ergo_adaptive,124.33333333333337,0.0002817085290992225,0.0063037246384624376
ergo_adaptive,124.41666666666663,0.00022163976918015534,0.0062996989222694555
ergo_adaptive,124.5,0.00017182456176288802,0.006303763523991732
ergo_adaptive,124.58333333333337,0.00028310603053840317,0.0063147127321998755
ergo_adaptive,124.66666666666663,0.00030368331619235335,0.006319765149676555
ergo_adaptive,124.75,0.0004308360074496026,0.006324718531234329
ergo_adaptive,124.83333333333337,0.0005004821857652448,0.006323204802339244
ergo_adaptive,124.91666666666663,0.0006397400810572268,0.0063289759970381046
ergo_adaptive,125.0,0.0007693177712395128,0.0063376124461645336
ergo_adaptive,125.08333333333337,0.000781912580407546,0.006347696100724266
ergo_adaptive,125.16666666666663,0.0009413049777043143,0.006352107583938233
ergo_adaptive,125.25,0.0006604006043511402,0.006351494640431552
ergo_adaptive,125.33333333333337,0.000703493509923623,0.00636118734789534
ergo_adaptive,125.41666666666663,0.0005652133191007092,0.006374353398218
ergo_adaptive,125.5,0.00046266388182275656,0.006382437799258434
ergo_adaptive,125.58333333333337,0.0005939203784484542,0.0063865457048149915
ergo_adaptive,125.66666666666663,0.00046867005579686905,0.0063936946303360135
ergo_adaptive,125.75,0.0005283756256450973,0.006401244734199545
ergo_adaptive,125.83333333333337,0.0004918787683781578,0.0064052909342298394
ergo_adaptive,125.91666666666663,0.0007815687348370228,0.006409958208305842
ergo_adaptive,126.0,0.000489215118177598,0.006415640231156422
ergo_adaptive,126.08333333333337,0.00043006410015621586,0.006420758218538431
ergo_adaptive,126.16666666666663,0.0004940206509686338,0.00642635847664269
ergo_adaptive,126.25,0.000499676192983753,0.006435126816074209
ergo_adaptive,126.33333333333337,0.0008629711844939942,0.006444679139626814
ergo_adaptive,126.41666666666663,0.001079651774252174,0.006458685739431327
ergo_adaptive,126.5,0.0010033948435755552,0.0064723808896048835
ergo_adaptive,126.58333333333337,0.0008179894883979756,0.006484268982889622
ergo_adaptive,126.66666666666663,0.0008435758706767845,0.006491685058032088
ergo_adaptive,126.75,0.0005627576551658131,0.006497921047689073
ergo_adaptive,126.83333333333337,0.0008186983620252821,0.006499236966032398
ergo_adaptive,126.91666666666663,0.0006655026576829503,0.006505817329054283
ergo_adaptive,127.0,0.0007745889808166291,0.006509703715554469
ergo_adaptive,127.08333333333337,0.0007069360370294296,0.006515534658087336
ergo_adaptive,127.16666666666663,0.000654761798099186,0.006519590932644665
ergo_adaptive,127.25,0.0008446800009490372,0.006522479983073623
ergo_adaptive,127.33333333333337,0.0007007254756300971,0.006527282966741298
ergo_adaptive,127.41666666666663,0.00036349878355962015,0.006525172263276022
ergo_adaptive,127.5,0.0002604800034716205,0.0065315863895083525
ergo_adaptive,127.58333333333337,0.0005606870996589681,0.006538428127667062
ergo_adaptive,127.66666666666663,0.00047941057322803177,0.006539488175051554
ergo_adaptive,127.75,0.0004658255257141981,0.006542236862949329
ergo_adaptive,127.83333333333337,0.00012869504226350532,0.006540008490318118
ergo_adaptive,127.91666666666663,0.0002956950617137391,0.006549432626704064
ergo_adaptive,128.0,0.0003246371453266979,0.006563665928600192
ergo_adaptive,128.08333333333337,0.0003459895385099614,0.006576385697418452
ergo_adaptive,128.16666666666663,0.00032779682118907566,0.006587591295458502
ergo_adaptive,128.25,0.00037389712115091736,0.006599226312656508
ergo_adaptive,128.33333333333337,0.0004618617566979522,0.006608172418601741
ergo_adaptive,128.41666666666663,0.00031194702901052437,0.0066182849061964975
ergo_adaptive,128.5,0.0002259724704211391,0.00662444136846019
ergo_adaptive,128.58333333333337,0.0002546307678621013,0.006632523011112531
ergo_adaptive,128.66666666666663,0.00014038843154251445,0.006635247099803941
ergo_adaptive,128.75,0.0005371732163128213,0.0066454070000798665
ergo_adaptive,128.83333333333337,0.0005207915339486305,0.006658380420340258
ergo_adaptive,128.91666666666663,0.0008016305179601845,0.006669319712266591
ergo_adaptive,129.0,0.0003669895403740068,0.0066819290347594545
ergo_adaptive,129.08333333333337,0.0001860272813057091,0.006689092371165663
ergo_adaptive,129.16666666666663,0.00032328715238578423,0.006690577685629546
ergo_adaptive,129.25,0.00044184515150359245,0.006681744545653934
ergo_adaptive,129.33333333333337,0.0003707045915639902,0.006667596670611583
ergo_adaptive,129.41666666666663,0.00044446625746877424,0.006668102775105062
ergo_adaptive,129.5,0.0008189903100576774,0.0066695333722279655
ergo_adaptive,129.58333333333337,0.0009912002141470205,0.00666629840435501
ergo_adaptive,129.66666666666663,0.001124998693354587,0.0066579140222882615
ergo_adaptive,129.75,0.0007454067959881335,0.006650559130490045
ergo_adaptive,129.83333333333337,0.0008090560280766123,0.006656117018819887
ergo_adaptive,129.91666666666663,0.000865834678695608,0.006660280527714878
ergo_adaptive,130.0,0.0007909659236177805,0.006664101955891588
ergo_adaptive,130.08333333333337,0.0009330102699450362,0.00667230145973584
ergo_adaptive,130.16666666666663,0.0011724542161195169,0.006675731092969476
ergo_adaptive,130.25,0.0010283515480950165,0.006675352236177254
ergo_adaptive,130.33333333333337,0.0010122364236955874,0.006681763867619479
ergo_adaptive,130.41666666666663,0.0007551138699648027,0.006683464899885865
ergo_adaptive,130.5,0.0006975140217879272,0.006693276772310244
ergo_adaptive,130.58333333333337,0.0010952199348347983,0.006699881414621468
ergo_adaptive,130.66666666666663,0.0010256079602482986,0.006703250139230845
ergo_adaptive,130.75,0.000978985947443578,0.006710795569544485
ergo_adaptive,130.83333333333337,0.0009268357404562436,0.006716795382967739
ergo_adaptive,130.91666666666663,0.0006269333175217307,0.00671929521162322
ergo_adaptive,131.0,0.0008637641733837297,0.006728396303033085
ergo_adaptive,131.08333333333337,0.0005516839239665249,0.006739244270219669
ergo_adaptive,131.16666666666663,0.0006424148951395222,0.00674508321968932
ergo_adaptive,131.25,0.000616695041572891,0.006750093613656361
ergo_adaptive,131.33333333333337,0.0008917897155558646,0.006754738314853337
ergo_adaptive,131.41666666666663,0.0005473847717919105,0.006755204612647018
ergo_adaptive,131.5,0.00018790164476883894,0.006762593056738586
ergo_adaptive,131.58333333333337,0.00020755106981217632,0.006773414840074381
ergo_adaptive,131.66666666666663,0.0004468523245789298,0.00678127153546257
ergo_adaptive,131.75,0.0005673477433298836,0.006784550432526811
ergo_adaptive,131.83333333333337,0.0007713457886647482,0.006789819604937869
ergo_adaptive,131.91666666666663,0.0005884556085462359,0.006787087714319967
ergo_adaptive,132.0,0.00070921347810292,0.0067955167738552
ergo_adaptive,132.08333333333337,0.0006171686433433927,0.00680376913709779
ergo_adaptive,132.16666666666663,0.000827494072554312,0.0068102545426548255
ergo_adaptive,132.25,0.000992558795394719,0.006812044799241445
ergo_adaptive,132.33333333333337,0.0008366170286693716,0.00680942264409577
ergo_adaptive,132.41666666666663,0.0005363577283832603,0.006814233858877966
ergo_adaptive,132.5,0.0006061122595325597,0.006817826655431531
ergo_adaptive,132.58333333333337,0.000444222413400672,0.006823978265047711
ergo_adaptive,132.66666666666663,0.0004738817880352597,0.0068270636854256845
ergo_adaptive,132.75,0.00040512136059130853,0.0068320947821248436
ergo_adaptive,132.83333333333337,0.0006450691831784899,0.006835839685904697
ergo_adaptive,132.91666666666663,0.0007138950784544402,0.006839800909207331
ergo_adaptive,133.0,0.0008509098200071852,0.006843216489625246
ergo_adaptive,133.08333333333337,0.000750174169029578,0.006844480409990838
ergo_adaptive,133.16666666666663,0.0007572848919841021,0.00684875551060665
ergo_adaptive,133.25,0.0006117601903943415,0.006854509342634266
ergo_adaptive,133.33333333333337,0.0010375946446675335,0.006861184350489549
ergo_adaptive,133.41666666666663,0.0010902353158779988,0.006863520622337723
ergo_adaptive,133.5,0.0011288997916254616,0.0068677895330390175
ergo_adaptive,133.58333333333337,0.0013113739911614181,0.006867506400604683
ergo_adaptive,133.66666666666663,0.001274497246186897,0.0068709947650913705
ergo_adaptive,133.75,0.001224581170875441,0.00686805479363019
ergo_adaptive,133.83333333333337,0.000620699549857732,0.006875043464631698
ergo_adaptive,133.91666666666663,0.0005239856064039785,0.006886219648612942
ergo_adaptive,134.0,0.0005059133933021687,0.006890088744727895
ergo_adaptive,134.08333333333337,0.0003127225027567326,0.006894594692928103
ergo_adaptive,134.16666666666663,0.0006295241337329003,0.006901889489369689
ergo_adaptive,134.25,0.0003179667307418435,0.006912263371525401
ergo_adaptive,134.33333333333337,4.269860237764772e-5,0.006915556732007764
ergo_adaptive,134.41666666666663,8.536697335628951e-5,0.006927392528016907
ergo_adaptive,134.5,2.166788766669463e-5,0.006940030925601189
ergo_adaptive,134.58333333333337,0.00017043404111238215,0.006945928704177216
ergo_adaptive,134.66666666666663,0.00026176653354862686,0.006954706321710333
ergo_adaptive,134.75,0.0004938879949243301,0.006957843704258066
ergo_adaptive,134.83333333333337,0.00048074288355400756,0.006953843167531123
ergo_adaptive,134.91666666666663,0.00022931115919082375,0.0069527031294523
ergo_adaptive,135.0,0.00019047616914732334,0.006960997129672134
ergo_adaptive,135.08333333333337,0.0002370939742698738,0.006972241908544484
ergo_adaptive,135.16666666666663,0.0003712953949166173,0.006980580491290804
ergo_adaptive,135.25,0.00086513225722182,0.006990725244196783
ergo_adaptive,135.33333333333337,0.000697465573503014,0.007001364793953057
ergo_adaptive,135.41666666666663,0.0002828875377786812,0.007003383748635194
ergo_adaptive,135.5,0.00032657870892685987,0.007005409422731451
ergo_adaptive,135.58333333333337,0.00038999155752929174,0.00701074498346179
ergo_adaptive,135.66666666666663,0.00024180534651672546,0.00701235336310833
ergo_adaptive,135.75,0.00019294750234761783,0.007010112208590652
ergo_adaptive,135.83333333333337,0.0007660226504989619,0.0070174020560625034
ergo_adaptive,135.91666666666663,0.0008979636520411546,0.007018483252458951
ergo_adaptive,136.0,0.0005534876902390475,0.00701038471724194
ergo_adaptive,136.08333333333337,0.0003515363716680158,0.0070163499578489875
ergo_adaptive,136.16666666666663,0.0004908481492181526,0.007028084626931156
ergo_adaptive,136.25,0.0005030771893732856,0.007039832214274214
ergo_adaptive,136.33333333333337,0.0005386813667456666,0.007050923461150093
ergo_adaptive,136.41666666666663,0.00038128101357979665,0.0070613375154119735
ergo_adaptive,136.5,0.0004914562811840003,0.007068339659441094
ergo_adaptive,136.58333333333337,0.0007010933597612547,0.007070338131268803
ergo_adaptive,136.66666666666663,0.0005900783396010999,0.007063962695122064
ergo_adaptive,136.75,0.00047888201055964666,0.007062065044152167
ergo_adaptive,136.83333333333337,0.0006289409263844087,0.007069151551466184
ergo_adaptive,136.91666666666663,0.0003091574160261099,0.00707048765861057
ergo_adaptive,137.0,0.00010182834078541306,0.007080680359920407
ergo_adaptive,137.08333333333337,0.0001357059226737925,0.0070922410569881035
ergo_adaptive,137.16666666666663,9.626203856950914e-5,0.007096493280822926
ergo_adaptive,137.25,0.0002497419808462428,0.007096509111285887
ergo_adaptive,137.33333333333337,0.00014657673112303257,0.007094548329630033
ergo_adaptive,137.41666666666663,0.00011929075198410348,0.007099831270750838
ergo_adaptive,137.5,7.056023212678158e-5,0.007105975780086859
ergo_adaptive,137.58333333333337,0.00013652511267108532,0.0071133421938726965
ergo_adaptive,137.66666666666663,0.00010125250595974057,0.007120908674820172
ergo_adaptive,137.75,0.0002866105119218924,0.007127052185177683
ergo_adaptive,137.83333333333337,0.00021238772989463727,0.007131110928376528
ergo_adaptive,137.91666666666663,0.0002357204913717189,0.007132423609102077
ergo_adaptive,138.0,0.00015920059056016015,0.00713172503270922
ergo_adaptive,138.08333333333337,0.0002705035384798646,0.00713686682984326
ergo_adaptive,138.16666666666663,0.0005095473967997,0.007138962298573452
ergo_adaptive,138.25,0.0005671849707515015,0.007134594216912902
ergo_adaptive,138.33333333333337,0.0009066916104392425,0.007127514984929235
ergo_adaptive,138.41666666666663,0.00037765175137350655,0.007111250941595538
ergo_adaptive,138.5,0.00015013494988515305,0.007111126412410761
ergo_adaptive,138.58333333333337,4.844647456871469e-6,0.007123174575044282
ergo_adaptive,138.66666666666663,6.749986622059297e-6,0.007127078577199021
ergo_adaptive,138.75,0.0,0.007131371572552471
ergo_adaptive,138.83333333333337,0.0,0.007140178312119733
ergo_adaptive,138.91666666666663,0.0,0.007149423748084486
ergo_adaptive,139.0,0.0,0.007155274639756551
ergo_adaptive,139.08333333333337,0.0,0.007159463185184438
ergo_adaptive,139.16666666666663,1.5835113491887824e-5,0.00716229346159394
ergo_adaptive,139.25,1.0845374765968132e-5,0.007168582505302109
ergo_adaptive,139.33333333333337,2.954149665398835e-5,0.007177553218527136
ergo_adaptive,139.41666666666663,4.1412401123149733e-5,0.007190595728660467
ergo_adaptive,139.5,0.00017905178640258243,0.007203481470449081
ergo_adaptive,139.58333333333337,0.0002311169836384979,0.00721233360139448
ergo_adaptive,139.66666666666663,0.00038707356635943243,0.007215548135575241
ergo_adaptive,139.75,0.00011954887255442525,0.007221951347824417
ergo_adaptive,139.83333333333337,0.0002032597542816923,0.007229648946596539
ergo_adaptive,139.91666666666663,0.00016022224252004133,0.007238969289424408
ergo_adaptive,140.0,5.9975898372672885e-5,0.007248208949104074
ergo_adaptive,140.08333333333337,0.000331560955348669,0.007261005356150118
ergo_adaptive,140.16666666666663,0.00025720329590387634,0.007271099454160424
ergo_adaptive,140.25,0.00016631322351615168,0.007279815738542996
ergo_adaptive,140.33333333333337,0.00035734870341018303,0.007288727429854015
ergo_adaptive,140.41666666666663,0.0003428933435080428,0.007299709095049886
ergo_adaptive,140.5,0.00023299670154783368,0.007308066346327816
ergo_adaptive,140.58333333333337,0.0003638018986204264,0.007315868914050226
ergo_adaptive,140.66666666666663,0.0003306759857013864,0.007323547582704035
ergo_adaptive,140.75,0.00026454693997852226,0.00733057352602638
ergo_adaptive,140.83333333333337,0.0001268680081156204,0.00733748394364365
ergo_adaptive,140.91666666666663,0.00018831535264221538,0.00734335945794854
ergo_adaptive,141.0,0.00022234295709150248,0.007348878849343257
ergo_adaptive,141.08333333333337,9.94110074379439e-5,0.007355685035990883
ergo_adaptive,141.16666666666663,2.2268318235510922e-5,0.00736327595091524
ergo_adaptive,141.25,3.698285612645748e-5,0.007367868290228715
ergo_adaptive,141.33333333333337,0.00010084531741015399,0.007371914580551147
ergo_adaptive,141.41666666666663,1.8144790265498515e-6,0.007366883769950388
ergo_adaptive,141.5,0.0,0.007367411486275346
ergo_adaptive,141.58333333333337,0.0,0.007372481698213121
ergo_adaptive,141.66666666666663,0.0,0.007370251788026856
ergo_adaptive,141.75,2.0925928069984246e-5,0.007361690175203422
ergo_adaptive,141.83333333333337,2.1168172729658612e-9,0.007364172060639257
ergo_adaptive,141.91666666666663,2.5296952262990597e-6,0.00737362546435972
ergo_adaptive,142.0,6.78518005475385e-6,0.007382743571845712
ergo_adaptive,142.08333333333337,4.570478778140127e-5,0.007389833943397798
ergo_adaptive,142.16666666666663,2.9959523069176096e-5,0.00739926377934397
ergo_adaptive,142.25,4.512447265328488e-6,0.007405606466165171
ergo_adaptive,142.33333333333337,0.0,0.0074120625163299255
ergo_adaptive,142.41666666666663,0.0,0.007421052959681017
ergo_adaptive,142.5,0.0,0.007429478034344107
ergo_adaptive,142.58333333333337,0.0,0.007437339757095347
ergo_adaptive,142.66666666666663,0.0,0.007443238080789629
ergo_adaptive,142.75,0.0,0.007445980744690668
ergo_adaptive,142.83333333333337,0.0,0.007447234161784624
ergo_adaptive,142.91666666666663,0.0,0.007448854516488178
ergo_adaptive,143.0,0.0,0.007452827046998983
ergo_adaptive,143.08333333333337,0.0,0.007460814870196172
ergo_adaptive,143.16666666666663,0.0,0.007467021094522921
ergo_adaptive,143.25,0.0,0.007468543652135479
ergo_adaptive,143.33333333333337,0.0,0.007468417633540854
ergo_adaptive,143.41666666666663,0.0,0.007469452307253872
ergo_adaptive,143.5,0.0,0.007475005168539581
ergo_adaptive,143.58333333333337,0.0,0.007484675116470535
ergo_adaptive,143.66666666666663,0.0,0.007493612453556209
ergo_adaptive,143.75,0.0,0.007497812197092022
ergo_adaptive,143.83333333333337,0.0,0.0074999857788147556
ergo_adaptive,143.91666666666663,0.0,0.0075029224413733
ergo_adaptive,144.0,0.0,0.00750793754119341
ergo_adaptive,144.08333333333337,0.0,0.007515607890734865
ergo_adaptive,144.16666666666663,0.0,0.0075230214944049766
ergo_adaptive,144.25,0.0,0.0075268084577948865
ergo_adaptive,144.33333333333337,0.0,0.00752855697311114
ergo_adaptive,144.41666666666663,0.0,0.007530513554552841
ergo_adaptive,144.5,0.0,0.007534733266230239
ergo_adaptive,144.58333333333337,0.0,0.007541252906044468
ergo_adaptive,144.66666666666663,0.0,0.007547867413384111
ergo_adaptive,144.75,0.0,0.007553097492706627
ergo_adaptive,144.83333333333337,0.0,0.007556954927585196
ergo_adaptive,144.91666666666663,0.0,0.007560892140899648
ergo_adaptive,145.0,0.0,0.007564531206464767
ergo_adaptive,145.08333333333337,0.0,0.007567676801641541
ergo_adaptive,145.16666666666663,0.0,0.0075708407325196505
ergo_adaptive,145.25,0.0,0.0075741688087406075
ergo_adaptive,145.33333333333337,0.0,0.007577923125362148
ergo_adaptive,145.41666666666663,0.0,0.007582704123650442
ergo_adaptive,145.5,0.0,0.0075851782639077495
ergo_adaptive,145.58333333333337,0.0,0.007584278081992808
ergo_adaptive,145.66666666666663,0.0,0.007583479434967556
ergo_adaptive,145.75,0.0,0.007583869869521343
ergo_adaptive,145.83333333333337,0.0,0.007587498020269866
ergo_adaptive,145.91666666666663,0.0,0.007594970829624294
ergo_adaptive,146.0,0.0,0.007597261920689287
ergo_adaptive,146.08333333333337,0.0,0.007593725083258928
ergo_adaptive,146.16666666666663,0.0,0.007588831042242502
ergo_adaptive,146.25,0.0,0.0075855314777387405
ergo_adaptive,146.33333333333337,0.0,0.007584300103754451
ergo_adaptive,146.41666666666663,0.0,0.007584318166247221
ergo_adaptive,146.5,0.0,0.00758294229018967
ergo_adaptive,146.58333333333337,0.0,0.007579918887296067
ergo_adaptive,146.66666666666663,0.0,0.007578120703820488
ergo_adaptive,146.75,0.0,0.007577153795306703
ergo_adaptive,146.83333333333337,0.0,0.007573172766021498
ergo_adaptive,146.91666666666663,0.0,0.00756701424209773
ergo_adaptive,147.0,0.0,0.0075618243954865974
ergo_adaptive,147.08333333333337,0.0,0.007560733827986463
ergo_adaptive,147.16666666666663,0.0,0.00756433201833156
ergo_adaptive,147.25,0.0,0.007569006245939029
ergo_adaptive,147.33333333333337,0.0,0.007567564331996441
ergo_adaptive,147.41666666666663,0.0,0.007562767606319979
ergo_adaptive,147.5,0.0,0.0075590666217038366
ergo_adaptive,147.58333333333337,0.0,0.00755764361830559
ergo_adaptive,147.66666666666663,0.0,0.007560961517558534
ergo_adaptive,147.75,0.0,0.007567039004541588
ergo_adaptive,147.83333333333337,0.0,0.007573442194338015
ergo_adaptive,147.91666666666663,0.0,0.007581086468384395
ergo_adaptive,148.0,0.0,0.007591260029704303
ergo_adaptive,148.08333333333337,0.0,0.007600474397799607
ergo_adaptive,148.16666666666663,0.0,0.007606769385162952
ergo_adaptive,148.25,0.0,0.007612065138495541
ergo_adaptive,148.33333333333337,0.0,0.007618427656629475
ergo_adaptive,148.41666666666663,0.0,0.007627467431028682
ergo_adaptive,148.5,0.0,0.0076401235270512026
ergo_adaptive,148.58333333333337,0.0,0.007650185721158381
ergo_adaptive,148.66666666666663,0.0,0.00765559987961101
ergo_adaptive,148.75,0.0,0.0076594948558701605
ergo_adaptive,148.83333333333337,0.0,0.007664440929775735
ergo_adaptive,148.91666666666663,0.0,0.007671487601352416
ergo_adaptive,149.0,0.0,0.007680199890716433
ergo_adaptive,149.08333333333337,0.0,0.007687318171793069
ergo_adaptive,149.16666666666663,0.0,0.007691814007468481
ergo_adaptive,149.25,0.0,0.007696840984258465
ergo_adaptive,149.33333333333337,0.0,0.007704716254109137
ergo_adaptive,149.41666666666663,0.0,0.007710982117909273
ergo_adaptive,149.5,0.0,0.007715826538665358
ergo_adaptive,149.58333333333337,0.0,0.007720625844925902
ergo_adaptive,149.66666666666663,0.0,0.007726516649390964
ergo_adaptive,149.75,0.0,0.007733386635537093
ergo_adaptive,149.83333333333337,0.0,0.007739741412296926
ergo_adaptive,149.91666666666663,0.0,0.0077452828672333295
ergo_adaptive,150.0,0.0,0.007751524816166485
ergo_adaptive,150.08333333333337,0.0,0.00775942008091628
ergo_adaptive,150.16666666666663,0.0,0.007767713667665573
ergo_adaptive,150.25,0.0,0.007775360628280046
ergo_adaptive,150.33333333333337,0.0,0.007783588014887631
ergo_adaptive,150.41666666666663,0.0,0.0077939264058404815
ergo_adaptive,150.5,0.0,0.007805649173868234
ergo_adaptive,150.58333333333337,0.0,0.007817305453997152
ergo_adaptive,150.66666666666663,0.0,0.007829437564055908
ergo_adaptive,150.75,0.0,0.007843522366347317
ergo_adaptive,150.83333333333337,0.0,0.007859496032742608
ergo_adaptive,150.91666666666663,0.0,0.007878505578849263
ergo_adaptive,151.0,0.0,0.007904000467451792
ergo_adaptive,151.08333333333337,0.0,0.00793096078551493
ergo_adaptive,151.16666666666663,0.0,0.007953736200844613
ergo_adaptive,151.25,0.0,0.007979579381891776
ergo_adaptive,151.33333333333337,0.0,0.008002229028293902
ergo_adaptive,151.41666666666663,0.0,0.008026166774133127
ergo_adaptive,151.5,0.0,0.008050794945742559
ergo_adaptive,151.58333333333337,0.0,0.0080794107326053
ergo_adaptive,151.66666666666663,0.0,0.008104651560914469
ergo_adaptive,151.75,0.0,0.008133038934789824
ergo_adaptive,151.83333333333337,0.0,0.008160690151472244
ergo_adaptive,151.91666666666663,0.0,0.00818761202978528
ergo_adaptive,152.0,0.0,0.008213984426358291
ergo_adaptive,152.08333333333337,0.0,0.008239844120152405
ergo_adaptive,152.16666666666663,0.0,0.008265277683403835
ergo_adaptive,152.25,0.0,0.008290454603211742
ergo_adaptive,152.33333333333337,0.0,0.00831789529840827
ergo_adaptive,152.41666666666663,0.0,0.008341850920148618
ergo_adaptive,152.5,0.0,0.008366055133712035
ergo_adaptive,152.58333333333337,0.0,0.008392522386437796
ergo_adaptive,152.66666666666663,0.0,0.008418161016929975
ergo_adaptive,152.75,0.0,0.00844300275827087
ergo_adaptive,152.83333333333337,0.0,0.008467535649996579
ergo_adaptive,152.91666666666663,0.0,0.008487658589497717
ergo_adaptive,153.0,0.0,0.008508245168010773
ergo_adaptive,153.08333333333337,0.0,0.008532687152018728
ergo_adaptive,153.16666666666663,0.0,0.008554332740134778
ergo_adaptive,153.25,0.0,0.008577317847643373
ergo_adaptive,153.33333333333337,0.0,0.008602982749216045
ergo_adaptive,153.41666666666663,0.0,0.008622905256349619
ergo_adaptive,153.5,0.0,0.008643512662586285
ergo_adaptive,153.58333333333337,0.0,0.00866741408526953
ergo_adaptive,153.66666666666663,0.0,0.008688006887105004
ergo_adaptive,153.75,0.0,0.008708185113192879
ergo_adaptive,153.83333333333337,0.0,0.008727707704823486
ergo_adaptive,153.91666666666663,0.0,0.008735228484464619
ergo_adaptive,154.0,0.0,0.008728689885309357
ergo_adaptive,154.08333333333337,0.0,0.008711835901323954
ergo_adaptive,154.16666666666663,0.0,0.008690606482366438
ergo_adaptive,154.25,0.0,0.00866457621081126
ergo_adaptive,154.33333333333337,0.0,0.008631978712589645
ergo_adaptive,154.41666666666663,0.0,0.00861187154001633
ergo_adaptive,154.5,0.0,0.008614457996775949
ergo_adaptive,154.58333333333337,0.0,0.008614681879103614
ergo_adaptive,154.66666666666663,0.0,0.008626040365387971
ergo_adaptive,154.75,0.0,0.0086332321903459
ergo_adaptive,154.83333333333337,0.0,0.008647832309933937
ergo_adaptive,154.91666666666663,0.0,0.008657800487478431
ergo_adaptive,155.0,0.0,0.008673705775356075
ergo_adaptive,155.08333333333337,0.0,0.008684836615361948
ergo_adaptive,155.16666666666663,0.0,0.008700795777759913
ergo_adaptive,155.25,0.0,0.008711917947742478
ergo_adaptive,155.33333333333337,0.0,0.008729377431776127
ergo_adaptive,155.41666666666663,0.0,0.00874244129061493
ergo_adaptive,155.5,0.0,0.008751137588735695
ergo_adaptive,155.58333333333337,0.0,0.008762818079976302
ergo_adaptive,155.66666666666663,0.0,0.008770872029834537
ergo_adaptive,155.75,0.0,0.008783281905430998
ergo_adaptive,155.83333333333337,0.0,0.00878336653261065
ergo_adaptive,155.91666666666663,0.0,0.008795459891298043
ergo_adaptive,156.0,0.0,0.008804202583312293
ergo_adaptive,156.08333333333337,0.0,0.00881943242717431
ergo_adaptive,156.16666666666663,0.0,0.008828867161232518
ergo_adaptive,156.25,0.0,0.008832729039663666
ergo_adaptive,156.33333333333337,0.0,0.008845797972454503
ergo_adaptive,156.41666666666663,0.0,0.00885384371860865
ergo_adaptive,156.5,0.0,0.008869139675515423
ergo_adaptive,156.58333333333337,0.0,0.008879726455782918
ergo_adaptive,156.66666666666663,0.0,0.008898545003546577
ergo_adaptive,156.75,0.0,0.008916753201654129
ergo_adaptive,156.83333333333337,0.0,0.00893216920921028
ergo_adaptive,156.91666666666663,0.0,0.00893661316822838
ergo_adaptive,157.0,0.0,0.008925749100513894
ergo_adaptive,157.08333333333337,0.0,0.008914646594141429
ergo_adaptive,157.16666666666663,0.0,0.008891172642780448
ergo_adaptive,157.25,0.0,0.008863101941002715
ergo_adaptive,157.33333333333337,0.0,0.008828590688719651
ergo_adaptive,157.41666666666663,0.0,0.008802985681304266
ergo_adaptive,157.5,0.0,0.008792922901284337
ergo_adaptive,157.58333333333337,0.0,0.008799620931078733
ergo_adaptive,157.66666666666663,0.0,0.008814472320902267
ergo_adaptive,157.75,0.0,0.008834352895109775
ergo_adaptive,157.83333333333337,0.0,0.008855163138899322
ergo_adaptive,157.91666666666663,0.0,0.00887490918994252
ergo_adaptive,158.0,0.0,0.008893231686673466
ergo_adaptive,158.08333333333337,0.0,0.008910305794595206
ergo_adaptive,158.16666666666663,0.0,0.008926310615551183
ergo_adaptive,158.25,0.0,0.008941623456743196
ergo_adaptive,158.33333333333337,0.0,0.00895733277324951
ergo_adaptive,158.41666666666663,0.0,0.008974473645632464
ergo_adaptive,158.5,0.0,0.008992362321167001
ergo_adaptive,158.58333333333337,0.0,0.00901006353166579
ergo_adaptive,158.66666666666663,0.0,0.009028192926541705
ergo_adaptive,158.75,0.0,0.009048172581691872
ergo_adaptive,158.83333333333337,0.0,0.009069422593992934
ergo_adaptive,158.91666666666663,0.0,0.009090009929154931
ergo_adaptive,159.0,0.0,0.00910902276308801
ergo_adaptive,159.08333333333337,0.0,0.009126621705089958
ergo_adaptive,159.16666666666663,0.0,0.00914391821394996
ergo_adaptive,159.25,0.0,0.00916089142517326
ergo_adaptive,159.33333333333337,0.0,0.00917678134330796
ergo_adaptive,159.41666666666663,0.0,0.009191473414443735
ergo_adaptive,159.5,0.0,0.00920576804070698
ergo_adaptive,159.58333333333337,0.0,0.009220301850871755
ergo_adaptive,159.66666666666663,0.0,0.009234644981711004
ergo_adaptive,159.75,0.0,0.009248336999708813
ergo_adaptive,159.83333333333337,0.0,0.009261839101528587
ergo_adaptive,159.91666666666663,0.0,0.00927583626015397
ergo_adaptive,160.0,0.0,0.00929018139126408
ergo_adaptive,160.08333333333337,0.0,0.00930429938899511
ergo_adaptive,160.16666666666663,0.0,0.0093183534602842
ergo_adaptive,160.25,0.0,0.009332970916861628
ergo_adaptive,160.33333333333337,0.0,0.009348205882467557
ergo_adaptive,160.41666666666663,0.0,0.009363723515280146
ergo_adaptive,160.5,0.0,0.009379132834763921
ergo_adaptive,160.58333333333337,0.0,0.009394840644471299
ergo_adaptive,160.66666666666663,0.0,0.009411074721695768
ergo_adaptive,160.75,0.0,0.009427428801803266
ergo_adaptive,160.83333333333337,0.0,0.009444131064880535
ergo_adaptive,160.91666666666663,0.0,0.00946108734305943
ergo_adaptive,161.0,0.0,0.009478621031386067
ergo_adaptive,161.08333333333337,0.0,0.009496231695153805
ergo_adaptive,161.16666666666663,0.0,0.00951367393690271
ergo_adaptive,161.25,0.0,0.009530825631538129
ergo_adaptive,161.33333333333337,0.0,0.009547624017085159
ergo_adaptive,161.41666666666663,0.0,0.009563955665084034
ergo_adaptive,161.5,0.0,0.009580216091270353
ergo_adaptive,161.58333333333337,0.0,0.0095964709508565
ergo_adaptive,161.66666666666663,0.0,0.009612835295566845
ergo_adaptive,161.75,0.0,0.009629442817738034
ergo_adaptive,161.83333333333337,0.0,0.009646619963712712
ergo_adaptive,161.91666666666663,0.0,0.009663536245914898
ergo_adaptive,162.0,0.0,0.009680675889676124
ergo_adaptive,162.08333333333337,0.0,0.009697937427224797
ergo_adaptive,162.16666666666663,0.0,0.009716101552363222
ergo_adaptive,162.25,0.0,0.009735309568176115
ergo_adaptive,162.33333333333337,0.0,0.009754687617909128
ergo_adaptive,162.41666666666663,0.0,0.009774386648335397
ergo_adaptive,162.5,0.0,0.009793677969482887
ergo_adaptive,162.58333333333337,0.0,0.00981290776397198
ergo_adaptive,162.66666666666663,0.0,0.00983355506667969
ergo_adaptive,162.75,0.0,0.009855124802271055
ergo_adaptive,162.83333333333337,0.0,0.009876411435090127
ergo_adaptive,162.91666666666663,0.0,0.009896819397413726
ergo_adaptive,163.0,0.0,0.009916869600108966
ergo_adaptive,163.08333333333337,0.0,0.009937269099941182
ergo_adaptive,163.16666666666663,0.0,0.009957677857843485
ergo_adaptive,163.25,0.0,0.009977190396524076
ergo_adaptive,163.33333333333337,0.0,0.009999026201849516
ergo_adaptive,163.41666666666663,0.0,0.01001893026361023
ergo_adaptive,163.5,0.0,0.010035200838888697
ergo_adaptive,163.58333333333337,0.0,0.010047911775960016
ergo_adaptive,163.66666666666663,0.0,0.01006526794676526
ergo_adaptive,163.75,0.0,0.010080798304077442
ergo_adaptive,163.83333333333337,0.0,0.01009521441578944
ergo_adaptive,163.91666666666663,0.0,0.010112621362293774
ergo_adaptive,164.0,0.0,0.010127095909035383
ergo_adaptive,164.08333333333337,0.0,0.010140661372032874
ergo_adaptive,164.16666666666663,0.0,0.010157769991527019
ergo_adaptive,164.25,0.0,0.010171440360392189
ergo_adaptive,164.33333333333337,0.0,0.010187098099456397
ergo_adaptive,164.41666666666663,0.0,0.010202665768905052
ergo_adaptive,164.5,0.0,0.010212938819281812
ergo_adaptive,164.58333333333337,0.0,0.010227953346906368
ergo_adaptive,164.66666666666663,0.0,0.010242278866942768
ergo_adaptive,164.75,0.0,0.010250727557604915
ergo_adaptive,164.83333333333337,0.0,0.010264010070846184
ergo_adaptive,164.91666666666663,0.0,0.010275143729159653
ergo_adaptive,165.0,0.0,0.010285587146086794
ergo_adaptive,165.08333333333337,0.0,0.01029887489557679
ergo_adaptive,165.16666666666663,0.0,0.010309545508511566
ergo_adaptive,165.25,0.0,0.01032374412503487
ergo_adaptive,165.33333333333337,0.0,0.010337652608846367
ergo_adaptive,165.41666666666663,0.0,0.010351600247692576
ergo_adaptive,165.5,0.0,0.010366349352247452
ergo_adaptive,165.58333333333337,0.0,0.01037860518709218
ergo_adaptive,165.66666666666663,0.0,0.010394548016103951
ergo_adaptive,165.75,0.0,0.010408267869155266
ergo_adaptive,165.83333333333337,0.0,0.010418394207119028
ergo_adaptive,165.91666666666663,0.0,0.010433006807003374
ergo_adaptive,166.0,0.0,0.010443473725422722
ergo_adaptive,166.08333333333337,0.0,0.010457743038522597
ergo_adaptive,166.16666666666663,0.0,0.01046775598289373
ergo_adaptive,166.25,0.0,0.010482363319389471
ergo_adaptive,166.33333333333337,0.0,0.010492191061370984
ergo_adaptive,166.41666666666663,0.0,0.010506365273461903
ergo_adaptive,166.5,0.0,0.010512983222141404
ergo_adaptive,166.58333333333337,0.0,0.010524800575181107
ergo_adaptive,166.66666666666663,0.0,0.01053314868666777
ergo_adaptive,166.75,0.0,0.010538982147279769
ergo_adaptive,166.83333333333337,0.0,0.010549703200971348
ergo_adaptive,166.91666666666663,0.0,0.010554834074917014
ergo_adaptive,167.0,0.0,0.0105638763642291
ergo_adaptive,167.08333333333337,0.0,0.010570193164721305
ergo_adaptive,167.16666666666663,0.0,0.010577999271834823
ergo_adaptive,167.25,0.0,0.010590643122861875
ergo_adaptive,167.33333333333337,0.0,0.010601097281830903
ergo_adaptive,167.41666666666663,0.0,0.010607735422531624
ergo_adaptive,167.5,0.0,0.010619428181372015
ergo_adaptive,167.58333333333337,0.0,0.010628959771378187
ergo_adaptive,167.66666666666663,0.0,0.010636661557673998
ergo_adaptive,167.75,0.0,0.010648222435076833
ergo_adaptive,167.83333333333337,0.0,0.010656597202754062
ergo_adaptive,167.91666666666663,0.0,0.010669630930500006
ergo_adaptive,168.0,0.0,0.010679328961626823
ergo_adaptive,168.08333333333337,0.0,0.01068288768889177
ergo_adaptive,168.16666666666663,0.0,0.01069338302041588
ergo_adaptive,168.25,0.0,0.010701919735269133
ergo_adaptive,168.33333333333337,0.0,0.01070474074620657
ergo_adaptive,168.41666666666663,0.0,0.01071469755908891
ergo_adaptive,168.5,0.0,0.010722348435209096
ergo_adaptive,168.58333333333337,0.0,0.010725415727778688
ergo_adaptive,168.66666666666663,0.0,0.010735310783674339
ergo_adaptive,168.75,0.0,0.010742062727620632
ergo_adaptive,168.83333333333337,0.0,0.010742452282843321
ergo_adaptive,168.91666666666663,0.0,0.010749614182713254
ergo_adaptive,169.0,0.0,0.010754856121987164
ergo_adaptive,169.08333333333337,0.0,0.010758191527082853
ergo_adaptive,169.16666666666663,0.0,0.01076527093640331
ergo_adaptive,169.25,0.0,0.010768616572362893
ergo_adaptive,169.33333333333337,0.0,0.010777481442216411
ergo_adaptive,169.41666666666663,0.0,0.010783797537857787
ergo_adaptive,169.5,0.0,0.010787649412170797
ergo_adaptive,169.58333333333337,0.0,0.010794699936164647
ergo_adaptive,169.66666666666663,0.0,0.010798148550886243
ergo_adaptive,169.75,0.0,0.010805946442523048
ergo_adaptive,169.83333333333337,0.0,0.010809400206971598
ergo_adaptive,169.91666666666663,0.0,0.010818996711542832
ergo_adaptive,170.0,0.0,0.010824785228911126
ergo_adaptive,170.08333333333337,0.0,0.01082741293105963
ergo_adaptive,170.16666666666663,0.0,0.010835826838373516
ergo_adaptive,170.25,0.0,0.01084002738884888
ergo_adaptive,170.33333333333337,0.0,0.01084836180154288
ergo_adaptive,170.41666666666663,0.0,0.01085180974232436
ergo_adaptive,170.5,0.0,0.01085964449084081
ergo_adaptive,170.58333333333337,0.0,0.010861650478677954
ergo_adaptive,170.66666666666663,0.0,0.010869701133607393
ergo_adaptive,170.75,0.0,0.010871131049150573
ergo_adaptive,170.83333333333337,0.0,0.01087729749378285
ergo_adaptive,170.91666666666663,0.0,0.010878962722177586
ergo_adaptive,171.0,0.0,0.010886039408314351
ergo_adaptive,171.08333333333337,0.0,0.010888304782678085
ergo_adaptive,171.16666666666663,0.0,0.010894925594553366
ergo_adaptive,171.25,0.0,0.010896828316367943
ergo_adaptive,171.33333333333337,0.0,0.010903072560683914
ergo_adaptive,171.41666666666663,0.0,0.010905389043494527
ergo_adaptive,171.5,0.0,0.010912294938733238
ergo_adaptive,171.58333333333337,0.0,0.010915321426821155
ergo_adaptive,171.66666666666663,0.0,0.010922600213811855
ergo_adaptive,171.75,0.0,0.010926453356460617
ergo_adaptive,171.83333333333337,0.0,0.010934059860116611
ergo_adaptive,171.91666666666663,0.0,0.010938161713590232
ergo_adaptive,172.0,0.0,0.010946157911278263
ergo_adaptive,172.08333333333337,0.0,0.010950816077505398
ergo_adaptive,172.16666666666663,0.0,0.01095909592939342
ergo_adaptive,172.25,0.0,0.010962423009835178
ergo_adaptive,172.33333333333337,0.0,0.010971401677294188
ergo_adaptive,172.41666666666663,0.0,0.010977018653083835
ergo_adaptive,172.5,0.0,0.010987024338470652
ergo_adaptive,172.58333333333337,0.0,0.010988303026229449
ergo_adaptive,172.66666666666663,0.0,0.010997753800720579
ergo_adaptive,172.75,0.0,0.011001420302692768
ergo_adaptive,172.83333333333337,0.0,0.011009320767599732
ergo_adaptive,172.91666666666663,0.0,0.011009663911852714
ergo_adaptive,173.0,0.0,0.011019172102087384
ergo_adaptive,173.08333333333337,0.0,0.011018991829191516
ergo_adaptive,173.16666666666663,0.0,0.01102901628207631
ergo_adaptive,173.25,0.0,0.011030108322019965
ergo_adaptive,173.33333333333337,0.0,0.011034084850255726
ergo_adaptive,173.41666666666663,0.0,0.011033554306428986
ergo_adaptive,173.5,0.0,0.011037019816581414
ergo_adaptive,173.58333333333337,0.0,0.011036414710726162
ergo_adaptive,173.66666666666663,0.0,0.011043129125320189
ergo_adaptive,173.75,0.0,0.011044194948440536
ergo_adaptive,173.83333333333337,0.0,0.011042635555024697
ergo_adaptive,173.91666666666663,0.0,0.011048410452748524
ergo_adaptive,174.0,0.0,0.011048558550137698
ergo_adaptive,174.08333333333337,0.0,0.011053205872814213
ergo_adaptive,174.16666666666663,0.0,0.011054008514466857
ergo_adaptive,174.25,0.0,0.011060825625273824
ergo_adaptive,174.33333333333337,0.0,0.011062394737454958
ergo_adaptive,174.41666666666663,0.0,0.011068606592857088
ergo_adaptive,174.5,0.0,0.011071170718987838
ergo_adaptive,174.58333333333337,0.0,0.011076419473077446
ergo_adaptive,174.66666666666663,0.0,0.01108029774673296
ergo_adaptive,174.75,0.0,0.011086938861036155
ergo_adaptive,174.83333333333337,0.0,0.011091699365222366
ergo_adaptive,174.91666666666663,0.0,0.011096041822541801
ergo_adaptive,175.0,0.0,0.011102879483401695
ergo_adaptive,175.08333333333337,0.0,0.011107398239147479
ergo_adaptive,175.16666666666663,0.0,0.0111134131384884
ergo_adaptive,175.25,0.0,0.011116614589236221
ergo_adaptive,175.33333333333337,0.0,0.011123353398492162
ergo_adaptive,175.41666666666663,0.0,0.0111264343306308
ergo_adaptive,175.5,0.0,0.011130454277319027
ergo_adaptive,175.58333333333337,0.0,0.01113252838595382
ergo_adaptive,175.66666666666663,0.0,0.011138737977578033
ergo_adaptive,175.75,0.0,0.011140762363710616
ergo_adaptive,175.83333333333337,0.0,0.011142765298151776
ergo_adaptive,175.91666666666663,0.0,0.011142185288700486
ergo_adaptive,176.0,0.0,0.011147902914489088
ergo_adaptive,176.08333333333337,0.0,0.011147803591451757
ergo_adaptive,176.16666666666663,0.0,0.011142744582654166
ergo_adaptive,176.25,0.0,0.011148186263871866
ergo_adaptive,176.33333333333337,0.0,0.011153243426887631
ergo_adaptive,176.41666666666663,0.0,0.0111512615252655
ergo_adaptive,176.5,0.0,0.011153293183332545
ergo_adaptive,176.58333333333337,0.0,0.01114572171914234
ergo_adaptive,176.66666666666663,0.0,0.011150460770018394
ergo_adaptive,176.75,0.0,0.011154793577811562
ergo_adaptive,176.83333333333337,0.0,0.011151506900072439
ergo_adaptive,176.91666666666663,0.0,0.011149808185458767
ergo_adaptive,177.0,0.0,0.011149257432799835
ergo_adaptive,177.08333333333337,0.0,0.011149477733243525
ergo_adaptive,177.16666666666663,0.0,0.011149887169729233
ergo_adaptive,177.25,0.0,0.011144159436321088
ergo_adaptive,177.33333333333337,0.0,0.011140705875335
ergo_adaptive,177.41666666666663,0.0,0.011138364256129555
ergo_adaptive,177.5,0.0,0.011130092137248917
ergo_adaptive,177.58333333333337,0.0,0.01112508436444785
ergo_adaptive,177.66666666666663,0.0,0.01112214207020195
ergo_adaptive,177.75,0.0,0.011116567827982472
ergo_adaptive,177.83333333333337,0.0,0.011109058778234973
ergo_adaptive,177.91666666666663,0.0,0.011100305685548921
ergo_adaptive,178.0,0.0,0.011098444126627046
ergo_adaptive,178.08333333333337,0.0,0.01109150853983924
ergo_adaptive,178.16666666666663,0.0,0.011092755760837734
ergo_adaptive,178.25,0.0,0.011088603205069705
ergo_adaptive,178.33333333333337,0.0,0.0110862721984187
ergo_adaptive,178.41666666666663,0.0,0.011085255902996452
ergo_adaptive,178.5,0.0,0.011080432485703805
ergo_adaptive,178.58333333333337,0.0,0.0110750870282367
ergo_adaptive,178.66666666666663,0.0,0.011075234741431041
ergo_adaptive,178.75,0.0,0.011070661351514114
ergo_adaptive,178.83333333333337,0.0,0.011063762852588485
ergo_adaptive,178.91666666666663,0.0,0.011064999883377202
ergo_adaptive,179.0,0.0,0.011059429655360354
ergo_adaptive,179.08333333333337,0.0,0.011060840041474299
ergo_adaptive,179.16666666666663,0.0,0.011055061760464334
ergo_adaptive,179.25,0.0,0.011057067291769038
ergo_adaptive,179.33333333333337,0.0,0.011051955119319752
ergo_adaptive,179.41666666666663,0.0,0.011052017764120065
ergo_adaptive,179.5,0.0,0.01104731268815574
ergo_adaptive,179.58333333333337,0.0,0.011049188823500236
ergo_adaptive,179.66666666666663,0.0,0.011046762968067936
ergo_adaptive,179.75,0.0,0.011045278732034263
ergo_adaptive,179.83333333333337,0.0,0.011044474562631702
ergo_adaptive,179.91666666666663,0.0,0.01104409412226113
ergo_adaptive,180.0,0.0,0.011041635197603117
ergo_adaptive,180.08333333333337,0.0,0.011031464527139209
ergo_adaptive,180.16666666666663,0.0,0.01103185832510213
ergo_adaptive,180.25,0.0,0.011024434819373995
ergo_adaptive,180.33333333333337,0.0,0.011019012239175006
ergo_adaptive,180.41666666666663,0.0,0.01101541779312483
ergo_adaptive,180.5,0.0,0.011013360767675623
ergo_adaptive,180.58333333333337,0.0,0.011011692342253384
ergo_adaptive,180.66666666666663,0.0,0.011004416056440022
ergo_adaptive,180.75,0.0,0.011000082224993709
ergo_adaptive,180.83333333333337,0.0,0.010997815156809117
ergo_adaptive,180.91666666666663,0.0,0.010996473235049301
ergo_adaptive,181.0,0.0,0.010989216199606681
ergo_adaptive,181.08333333333337,0.0,0.010985008930652063
ergo_adaptive,181.16666666666663,0.0,0.010983960150104258
ergo_adaptive,181.25,0.0,0.010977892682996064
ergo_adaptive,181.33333333333337,0.0,0.010978233231038791
ergo_adaptive,181.41666666666663,0.0,0.010971744341523518
ergo_adaptive,181.5,0.0,0.01096769833085066
ergo_adaptive,181.58333333333337,0.0,0.010965358384656577
ergo_adaptive,181.66666666666663,0.0,0.010964491980946192
ergo_adaptive,181.75,0.0,0.010964597668570579
ergo_adaptive,181.83333333333337,0.0,0.010962167136588622
ergo_adaptive,181.91666666666663,0.0,0.010959878171626731
ergo_adaptive,182.0,0.0,0.010952763123962365
ergo_adaptive,182.08333333333337,0.0,0.010951699677799805
ergo_adaptive,182.16666666666663,0.0,0.010947666930639418
ergo_adaptive,182.25,0.0,0.010945127434263348
ergo_adaptive,182.33333333333337,0.0,0.01094366375371475
ergo_adaptive,182.41666666666663,0.0,0.010943003041391886
ergo_adaptive,182.5,0.0,0.010942943144574141
ergo_adaptive,182.58333333333337,0.0,0.010943325211890701
ergo_adaptive,182.66666666666663,0.0,0.010944305514263517
ergo_adaptive,182.75,0.0,0.010946002358214003
ergo_adaptive,182.83333333333337,0.0,0.010947120009797537
ergo_adaptive,182.91666666666663,0.0,0.010939949311208208
ergo_adaptive,183.0,0.0,0.01094043782157005
ergo_adaptive,183.08333333333337,0.0,0.010937451991483606
ergo_adaptive,183.16666666666663,0.0,0.010935471149320738
ergo_adaptive,183.25,0.0,0.010934135576730447
ergo_adaptive,183.33333333333337,0.0,0.010933216118282069
ergo_adaptive,183.41666666666663,0.0,0.010932463200080471
ergo_adaptive,183.5,0.0,0.010931396550622237
ergo_adaptive,183.58333333333337,0.0,0.010921180665482403
ergo_adaptive,183.66666666666663,0.0,0.010917895642239626
ergo_adaptive,183.75,0.0,0.010912130610291948
ergo_adaptive,183.83333333333337,0.0,0.01090788875927706
ergo_adaptive,183.91666666666663,0.0,0.010904373296713947
ergo_adaptive,184.0,0.0,0.010901266430246567
ergo_adaptive,184.08333333333337,0.0,0.010898203043219715
ergo_adaptive,184.16666666666663,0.0,0.010894333320263532
ergo_adaptive,184.25,0.0,0.010883886541216165
ergo_adaptive,184.33333333333337,0.0,0.010879555480446005
ergo_adaptive,184.41666666666663,0.0,0.01087284457997952
ergo_adaptive,184.5,0.0,0.010867821721673691
ergo_adaptive,184.58333333333337,0.0,0.01086361726403357
ergo_adaptive,184.66666666666663,0.0,0.010859902065238803
ergo_adaptive,184.75,0.0,0.010856371976273309
ergo_adaptive,184.83333333333337,0.0,0.010852602614052522
ergo_adaptive,184.91666666666663,0.0,0.010843949027709424
ergo_adaptive,185.0,0.0,0.010840426428234743
ergo_adaptive,185.08333333333337,0.0,0.010835215294514583
ergo_adaptive,185.16666666666663,0.0,0.010831695847225303
ergo_adaptive,185.25,0.0,0.01082974930570746
ergo_adaptive,185.33333333333337,0.0,0.010828383225562626
ergo_adaptive,185.41666666666663,0.0,0.010827419310521138
ergo_adaptive,185.5,0.0,0.010826711421348976
ergo_adaptive,185.58333333333337,0.0,0.010826145053284296
ergo_adaptive,185.66666666666663,0.0,0.010820665887789554
ergo_adaptive,185.75,0.0,0.010820451574930496
ergo_adaptive,185.83333333333337,0.0,0.010817370122641924
ergo_adaptive,185.91666666666663,0.0,0.010815484759408424
ergo_adaptive,186.0,0.0,0.010814477385357015
ergo_adaptive,186.08333333333337,0.0,0.010814090061441952
ergo_adaptive,186.16666666666663,0.0,0.01081409269527633
ergo_adaptive,186.25,0.0,0.01081433495988344
ergo_adaptive,186.33333333333337,0.0,0.010814574468786947
ergo_adaptive,186.41666666666663,0.0,0.01081431345605773
ergo_adaptive,186.5,0.0,0.010812860043127228
ergo_adaptive,186.58333333333337,0.0,0.01081164782953438
ergo_adaptive,186.66666666666663,0.0,0.01080945213582208
ergo_adaptive,186.75,0.0,0.01080831296998481
ergo_adaptive,186.83333333333337,0.0,0.010805403194508805
ergo_adaptive,186.91666666666663,0.0,0.010802225890483432
ergo_adaptive,187.0,0.0,0.010798289259343197
ergo_adaptive,187.08333333333337,0.0,0.0107947355666253
ergo_adaptive,187.16666666666663,0.0,0.010790539475102227
ergo_adaptive,187.25,0.0,0.010787475339311695
ergo_adaptive,187.33333333333337,0.0,0.010782785868449041
ergo_adaptive,187.41666666666663,0.0,0.01077836407922943
ergo_adaptive,187.5,0.0,0.01077325321464238
ergo_adaptive,187.58333333333337,0.0,0.010767643441187965
ergo_adaptive,187.66666666666663,0.0,0.0107604396669335
ergo_adaptive,187.75,0.0,0.010755346763032579
ergo_adaptive,187.83333333333337,0.0,0.010748974373222222
ergo_adaptive,187.91666666666663,0.0,0.010740849674760558
ergo_adaptive,188.0,0.0,0.01073237592092335
ergo_adaptive,188.08333333333337,0.0,0.010724459851279546
ergo_adaptive,188.16666666666663,0.0,0.0107162398632102
ergo_adaptive,188.25,0.0,0.01070762957855898
ergo_adaptive,188.33333333333337,0.0,0.010698607298061113
ergo_adaptive,188.41666666666663,0.0,0.010688241361637738
ergo_adaptive,188.5,0.0,0.010680006158423594
ergo_adaptive,188.58333333333337,0.0,0.010674289969869967
ergo_adaptive,188.66666666666663,0.0,0.010666964398321932
ergo_adaptive,188.75,0.0,0.010657819036936368
ergo_adaptive,188.83333333333337,0.0,0.010646878833884037
ergo_adaptive,188.91666666666663,0.0,0.010636202124491352
ergo_adaptive,189.0,0.0,0.010621097487793505
ergo_adaptive,189.08333333333337,0.0,0.010612145246963377
ergo_adaptive,189.16666666666663,0.0,0.010605040563164385
ergo_adaptive,189.25,0.0,0.01059859213038872
ergo_adaptive,189.33333333333337,0.0,0.01059209305730828
ergo_adaptive,189.41666666666663,0.0,0.010585069933118998
ergo_adaptive,189.5,0.0,0.010577387117790386
ergo_adaptive,189.58333333333337,0.0,0.010569261859661207
ergo_adaptive,189.66666666666663,0.0,0.010560793122523296
ergo_adaptive,189.75,0.0,0.010552484947815747
ergo_adaptive,189.83333333333337,0.0,0.010544413244707443
ergo_adaptive,189.91666666666663,0.0,0.010540751438335145
ergo_adaptive,190.0,0.0,0.010537561981383618
ergo_adaptive,190.08333333333337,0.0,0.010531903522701716
ergo_adaptive,190.16666666666663,0.0,0.010525678706175637
ergo_adaptive,190.25,0.0,0.010520234643717387
ergo_adaptive,190.33333333333337,0.0,0.010515869290467566
ergo_adaptive,190.41666666666663,0.0,0.01051228232421929
ergo_adaptive,190.5,0.0,0.010509230318334173
ergo_adaptive,190.58333333333337,0.0,0.010506523849712306
ergo_adaptive,190.66666666666663,0.0,0.010504010372207368
ergo_adaptive,190.75,0.0,0.01050156244402936
ergo_adaptive,190.83333333333337,0.0,0.010499513917351253
ergo_adaptive,190.91666666666663,0.0,0.010497393643152681
ergo_adaptive,191.0,0.0,0.010495030404451157
ergo_adaptive,191.08333333333337,0.0,0.010492328158368858
ergo_adaptive,191.16666666666663,0.0,0.010489188175317216
ergo_adaptive,191.25,0.0,0.010486093310123706
ergo_adaptive,191.33333333333337,0.0,0.010482665966891664
ergo_adaptive,191.41666666666663,0.0,0.010478517966154738
ergo_adaptive,191.5,0.0,0.010473152196472262
ergo_adaptive,191.58333333333337,0.0,0.01046849881836954
ergo_adaptive,191.66666666666663,0.0,0.010466710650802243
ergo_adaptive,191.75,0.0,0.010462177610406062
ergo_adaptive,191.83333333333337,0.0,0.010456367421555077
ergo_adaptive,191.91666666666663,0.0,0.010449662251037094
ergo_adaptive,192.0,0.0,0.010442204543177763
ergo_adaptive,192.08333333333337,0.0,0.010434035471176013
ergo_adaptive,192.16666666666663,0.0,0.010425159818746836
ergo_adaptive,192.25,0.0,0.010415583234347325
ergo_adaptive,192.33333333333337,0.0,0.010405337426937781
ergo_adaptive,192.41666666666663,0.0,0.01039449623654494
ergo_adaptive,192.5,0.0,0.010383179019867262
ergo_adaptive,192.58333333333337,0.0,0.010371772091451242
ergo_adaptive,192.66666666666663,0.0,0.01036086961390557
ergo_adaptive,192.75,0.0,0.01034995479631095
ergo_adaptive,192.83333333333337,0.0,0.010339147899728108
ergo_adaptive,192.91666666666663,0.0,0.010328536754789239
ergo_adaptive,193.0,0.0,0.0103181784120143
ergo_adaptive,193.08333333333337,0.0,0.010308103189589683
ergo_adaptive,193.16666666666663,0.0,0.010298319331538335
ergo_adaptive,193.25,0.0,0.01028881755174525
ergo_adaptive,193.33333333333337,0.0,0.010279575172640465
ergo_adaptive,193.41666666666663,0.0,0.010270559754984624
ergo_adaptive,193.5,0.0,0.010261732206512832
ergo_adaptive,193.58333333333337,0.0,0.010253049400299937
ergo_adaptive,193.66666666666663,0.0,0.010244466350932867
ergo_adaptive,193.75,0.0,0.01023593800027326
ergo_adaptive,193.83333333333337,0.0,0.010227420661867291
ergo_adaptive,193.91666666666663,0.0,0.010218873167898507
ergo_adaptive,194.0,0.0,0.010210257757041617
ergo_adaptive,194.08333333333337,0.0,0.010201654450079693
ergo_adaptive,194.16666666666663,0.0,0.010193014492346747
ergo_adaptive,194.25,0.0,0.010184218464428251
ergo_adaptive,194.33333333333337,0.0,0.010176091584570396
ergo_adaptive,194.41666666666663,0.0,0.010168724533233092
ergo_adaptive,194.5,0.0,0.010162507808584303
ergo_adaptive,194.58333333333337,0.0,0.010157205151623761
ergo_adaptive,194.66666666666663,0.0,0.010152594249651732
ergo_adaptive,194.75,0.0,0.01014849794396035
ergo_adaptive,194.83333333333337,0.0,0.01014477535893557
ergo_adaptive,194.91666666666663,0.0,0.010141312949990055
ergo_adaptive,195.0,0.0,0.01013801779386765
ergo_adaptive,195.08333333333337,0.0,0.01013556847299593
ergo_adaptive,195.16666666666663,0.0,0.010133170077137954
ergo_adaptive,195.25,0.0,0.010130740975170555
ergo_adaptive,195.33333333333337,0.0,0.010128233357943923
ergo_adaptive,195.41666666666663,0.0,0.01012560476378828
ergo_adaptive,195.5,0.0,0.010122816829880551
ergo_adaptive,195.58333333333337,0.0,0.01011983431433693
ergo_adaptive,195.66666666666663,0.0,0.010116624330091131
ergo_adaptive,195.75,0.0,0.010113155749014273
ergo_adaptive,195.83333333333337,0.0,0.010109398747373058
ergo_adaptive,195.91666666666663,0.0,0.010105613192720795
ergo_adaptive,196.0,0.0,0.010101946595561528
ergo_adaptive,196.08333333333337,0.0,0.010097910007672838
ergo_adaptive,196.16666666666663,0.0,0.010093686986168622
ergo_adaptive,196.25,0.0,0.010089443163093369
ergo_adaptive,196.33333333333337,0.0,0.010084756825135304
ergo_adaptive,196.41666666666663,0.0,0.010079604167598085
ergo_adaptive,196.5,0.0,0.010073962833665356
ergo_adaptive,196.58333333333337,0.0,0.010067812366293036
ergo_adaptive,196.66666666666663,0.0,0.010061134748774018
ergo_adaptive,196.75,0.0,0.010053915025125797
ergo_adaptive,196.83333333333337,0.0,0.010046141986787814
ergo_adaptive,196.91666666666663,0.0,0.010037808906936655
ergo_adaptive,197.0,0.0,0.01002891429837465
ergo_adaptive,197.08333333333337,0.0,0.010019462665796211
ergo_adaptive,197.16666666666663,0.0,0.010009465218626916
ergo_adaptive,197.25,0.0,0.009998940506762456
ergo_adaptive,197.33333333333337,0.0,0.009987914938305765
ergo_adaptive,197.41666666666663,0.0,0.009976423135158364
ergo_adaptive,197.5,0.0,0.009964508077454175
ergo_adaptive,197.58333333333337,0.0,0.009952220977971568
ergo_adaptive,197.66666666666663,0.0,0.00994011094100281
ergo_adaptive,197.75,0.0,0.009927902288379769
ergo_adaptive,197.83333333333337,0.0,0.009915519929775147
ergo_adaptive,197.91666666666663,0.0,0.00990303580692131
ergo_adaptive,198.0,0.0,0.009894712352971853
ergo_adaptive,198.08333333333337,0.0,0.009882856758762394
ergo_adaptive,198.16666666666663,0.0,0.009875228654568725
ergo_adaptive,198.25,0.0,0.009866285386028253
ergo_adaptive,198.33333333333337,0.0,0.00985845141160793
ergo_adaptive,198.41666666666663,0.0,0.009850583030137474
ergo_adaptive,198.5,0.0,0.009842391200816944
ergo_adaptive,198.58333333333337,0.0,0.00983378348164335
ergo_adaptive,198.66666666666663,0.0,0.00982472702069311
ergo_adaptive,198.75,0.0,0.009815204544439595
ergo_adaptive,198.83333333333337,0.0,0.009805206379759436
ergo_adaptive,198.91666666666663,0.0,0.009801957265563686
ergo_adaptive,199.0,0.0,0.009791182193490565
ergo_adaptive,199.08333333333337,0.0,0.00978607341955531
ergo_adaptive,199.16666666666663,0.0,0.009780966363802426
ergo_adaptive,199.25,0.0,0.009775420663072605
ergo_adaptive,199.33333333333337,0.0,0.00976959600711487
ergo_adaptive,199.41666666666663,0.0,0.009763077590574761
ergo_adaptive,199.5,0.0,0.009755792964675256
ergo_adaptive,199.58333333333337,0.0,0.009748691757970706
ergo_adaptive,199.66666666666663,0.0,0.009742437261735265
ergo_adaptive,199.75,0.0,0.009736855684544486
ergo_adaptive,199.83333333333337,0.0,0.00973176963686203
ergo_adaptive,199.91666666666663,0.0,0.009727039782741661
ergo_adaptive,200.0,0.0,0.009722555584034794
ergo_adaptive,200.08333333333337,0.0,0.009718227932066196
ergo_adaptive,200.16666666666663,0.0,0.009713983811876126
ergo_adaptive,200.25,0.0,0.009709762358254971
ergo_adaptive,200.33333333333337,0.0,0.009705511879776023
ergo_adaptive,200.41666666666663,0.0,0.009701187557363924
ergo_adaptive,200.5,0.0,0.009696994243531681
ergo_adaptive,200.58333333333337,0.0,0.009693010480459738
ergo_adaptive,200.66666666666663,0.0,0.00968884099208126
ergo_adaptive,200.75,0.0,0.009684451953882619
ergo_adaptive,200.83333333333337,0.0,0.009679807436720048
ergo_adaptive,200.91666666666663,0.0,0.009679204450907869
ergo_adaptive,201.0,0.0,0.009671323476843876
ergo_adaptive,201.08333333333337,0.0,0.00966899237619992
ergo_adaptive,201.16666666666663,0.0,0.009666476417515564
ergo_adaptive,201.25,0.0,0.00966329335022485
ergo_adaptive,201.33333333333337,0.0,0.009659470266038427
ergo_adaptive,201.41666666666663,0.0,0.00965503261126277
ergo_adaptive,201.5,0.0,0.009650007723253971
ergo_adaptive,201.58333333333337,0.0,0.00964446246158347
ergo_adaptive,201.66666666666663,0.0,0.009639077833070147
ergo_adaptive,201.75,0.0,0.009633189655065294
ergo_adaptive,201.83333333333337,0.0,0.009626818938634424
ergo_adaptive,201.91666666666663,0.0,0.009619983761422484
ergo_adaptive,202.0,0.0,0.009612699034938981
ergo_adaptive,202.08333333333337,0.0,0.009604976282566284
ergo_adaptive,202.16666666666663,0.0,0.009596823334903025
ergo_adaptive,202.25,0.0,0.00958824381906495
ergo_adaptive,202.33333333333337,0.0,0.009579236234667917
ergo_adaptive,202.41666666666663,0.0,0.00956979218331821
ergo_adaptive,202.5,0.0,0.00955989261152186
ergo_adaptive,202.58333333333337,0.0,0.00955060469971174
ergo_adaptive,202.66666666666663,0.0,0.009540855260564689
ergo_adaptive,202.75,0.0,0.009531339898748421
ergo_adaptive,202.83333333333337,0.0,0.009516470275613975
ergo_adaptive,202.91666666666663,0.0,0.009507486725381877
ergo_adaptive,203.0,0.0,0.009499280895732645
ergo_adaptive,203.08333333333337,0.0,0.00949112093820372
ergo_adaptive,203.16666666666663,0.0,0.009482814277732668
ergo_adaptive,203.25,0.0,0.009474305182750333
ergo_adaptive,203.33333333333337,0.0,0.009465574779609198
ergo_adaptive,203.41666666666663,0.0,0.009456613271890249
ergo_adaptive,203.5,0.0,0.009447409239677051
ergo_adaptive,203.58333333333337,0.0,0.009437941527479638
ergo_adaptive,203.66666666666663,0.0,0.009428164026806001
ergo_adaptive,203.75,0.0,0.009417931221714991
ergo_adaptive,203.83333333333337,0.0,0.009407972474197978
ergo_adaptive,203.91666666666663,0.0,0.009394453240136151
ergo_adaptive,204.0,0.0,0.009382907110573636
ergo_adaptive,204.08333333333337,0.0,0.009374110496393827
ergo_adaptive,204.16666666666663,0.0,0.009365981791259706
ergo_adaptive,204.25,0.0,0.009358069714424518
ergo_adaptive,204.33333333333337,0.0,0.009350236198277333
ergo_adaptive,204.41666666666663,0.0,0.009342414223290853
ergo_adaptive,204.5,0.0,0.009334553293968968
ergo_adaptive,204.58333333333337,0.0,0.009326596810844955
ergo_adaptive,204.66666666666663,0.0,0.009318432612481551
ergo_adaptive,204.75,0.0,0.009309006472728688
ergo_adaptive,204.83333333333337,0.0,0.009298786203832291
ergo_adaptive,204.91666666666663,0.0,0.009291241937188159
ergo_adaptive,205.0,0.0,0.009284510162593523
ergo_adaptive,205.08333333333337,0.0,0.009277985779982461
ergo_adaptive,205.16666666666663,0.0,0.009271773232839042
ergo_adaptive,205.25,0.0,0.009265859141116113
ergo_adaptive,205.33333333333337,0.0,0.00926002098459345
ergo_adaptive,205.41666666666663,0.0,0.009254292460995087
ergo_adaptive,205.5,0.0,0.009249712567497384
ergo_adaptive,205.58333333333337,0.0,0.009244753414559364
ergo_adaptive,205.66666666666663,0.0,0.009239773747745695
ergo_adaptive,205.75,0.0,0.009237135647629425
ergo_adaptive,205.83333333333337,0.0,0.009234877709408583
ergo_adaptive,205.91666666666663,0.0,0.00923274893590751
ergo_adaptive,206.0,0.0,0.009230582335391608
ergo_adaptive,206.08333333333337,0.0,0.009228144341048622
ergo_adaptive,206.16666666666663,0.0,0.0092218264473058
ergo_adaptive,206.25,0.0,0.009208586320864822
ergo_adaptive,206.33333333333337,0.0,0.009199014012037168
ergo_adaptive,206.41666666666663,0.0,0.009193760176685944
ergo_adaptive,206.5,0.0,0.009185266886759278
ergo_adaptive,206.58333333333337,0.0,0.009182413144196721
ergo_adaptive,206.66666666666663,0.0,0.009181144666094146
ergo_adaptive,206.75,0.0,0.00917995806456947
ergo_adaptive,206.83333333333337,0.0,0.009178727516563793
ergo_adaptive,206.91666666666663,0.0,0.009177402468173076
ergo_adaptive,207.0,0.0,0.009175952477842721
ergo_adaptive,207.08333333333337,0.0,0.009174433625973408
ergo_adaptive,207.16666666666663,0.0,0.009173039025340238
ergo_adaptive,207.25,0.0,0.009171481769414628
ergo_adaptive,207.33333333333337,0.0,0.00916975080056769
ergo_adaptive,207.41666666666663,0.0,0.009167835441021168
ergo_adaptive,207.5,0.0,0.009166047497119056
ergo_adaptive,207.58333333333337,0.0,0.009164189441485799
ergo_adaptive,207.66666666666663,0.0,0.009162108527577768
ergo_adaptive,207.75,0.0,0.009159787557772347
ergo_adaptive,207.83333333333337,0.0,0.009157206191614534
ergo_adaptive,207.91666666666663,0.0,0.009154340019048912
ergo_adaptive,208.0,0.0,0.009151159293485726
ergo_adaptive,208.08333333333337,0.0,0.009147627068894484
ergo_adaptive,208.16666666666663,0.0,0.00914369625884753
ergo_adaptive,208.25,0.0,0.009139304601258669
ergo_adaptive,208.33333333333337,0.0,0.009134365073680522
ergo_adaptive,208.41666666666663,0.0,0.009128744568558046
ergo_adaptive,208.5,0.0,0.009122201912697202
ergo_adaptive,208.58333333333337,0.0,0.00911405109440611
ergo_adaptive,208.66666666666663,0.0,0.009090591535087124
ergo_adaptive,208.75,0.0,0.009069307558870952
ergo_adaptive,208.83333333333337,0.0,0.009050186657188503
ergo_adaptive,208.91666666666663,0.0,0.009032130457448762
ergo_adaptive,209.0,0.0,0.009014392317840212
ergo_adaptive,209.08333333333337,0.0,0.00899619508497194
ergo_adaptive,209.16666666666663,0.0,0.008976330001729323
ergo_adaptive,209.25,0.0,0.008951075207332185
ergo_adaptive,209.33333333333337,0.0,0.008894336355199373
ergo_adaptive,209.41666666666663,0.0,0.008822960309839478
ergo_adaptive,209.5,0.0,0.008764055350864634
ergo_adaptive,209.58333333333337,0.0,0.008706127418182802
ergo_adaptive,209.66666666666663,0.0,0.008649493607852474
ergo_adaptive,209.75,0.0,0.008608856965224366
ergo_adaptive,209.83333333333337,0.0,0.008564760846698976
ergo_adaptive,209.91666666666663,0.0,0.008523990458974999
ergo_adaptive,210.0,0.0,0.008492828733332949
ergo_adaptive,210.08333333333337,0.0,0.008471411319425123
ergo_adaptive,210.16666666666663,0.0,0.008442572759554172
ergo_adaptive,210.25,0.0,0.00842474845673169
ergo_adaptive,210.33333333333337,0.0,0.008409860390182947
ergo_adaptive,210.41666666666663,0.0,0.008397077338618206
ergo_adaptive,210.5,3.188008108081841e-6,0.00838646002260005
ergo_adaptive,210.58333333333337,0.0,0.008346834294692499
ergo_adaptive,210.66666666666663,0.0,0.008316131372190262
ergo_adaptive,210.75,0.0,0.008312859655267993
ergo_adaptive,210.83333333333337,0.0,0.008317809995275711
ergo_adaptive,210.91666666666663,0.0,0.008312277489881791
ergo_adaptive,211.0,0.0,0.008309745773350209
ergo_adaptive,211.08333333333337,0.0,0.008302830652233367
ergo_adaptive,211.16666666666663,0.0,0.00830764938202789
ergo_adaptive,211.25,0.0,0.008310034518683887
ergo_adaptive,211.33333333333337,0.0,0.008306978663527361
ergo_adaptive,211.41666666666663,0.0,0.00830863798348116
ergo_adaptive,211.5,0.0,0.008302926012268638
ergo_adaptive,211.58333333333337,0.0,0.008286926730762733
ergo_adaptive,211.66666666666663,3.0953284242837045e-5,0.00828987623144148
ergo_adaptive,211.75,2.838842889933012e-5,0.008281661212384973
ergo_adaptive,211.83333333333337,0.0001445137370099309,0.008231016756695773
ergo_adaptive,211.91666666666663,6.765845488561709e-6,0.008144014726861172
ergo_adaptive,212.0,4.620213958581616e-5,0.00804589979988903
ergo_adaptive,212.08333333333337,0.00014044698881251715,0.007950975293230309
ergo_adaptive,212.16666666666663,0.00015402710790947828,0.007822784039661022
ergo_adaptive,212.25,0.00021579199904981811,0.00767404658692516
ergo_adaptive,212.33333333333337,0.0012524840351941621,0.007533848649510126
ergo_adaptive,212.41666666666663,0.0006959738580048426,0.0074211256626039055
ergo_adaptive,212.5,0.002234816275079925,0.007318815594985987
ergo_adaptive,212.58333333333337,0.0013533293471638275,0.007212414598887403
ergo_adaptive,212.66666666666663,0.002410960411493046,0.007110969544077616
ergo_adaptive,212.75,0.0027219217857566125,0.007024444937165759
ergo_adaptive,212.83333333333337,0.0013588016318289782,0.0069572608925980136
ergo_adaptive,212.91666666666663,0.000960530233599807,0.006915440786547842
ergo_adaptive,213.0,0.000635158924839634,0.006899249867032076
ergo_adaptive,213.08333333333337,0.0007072772541076102,0.006896531103552426
ergo_adaptive,213.16666666666663,0.00028975031446023646,0.006895456881058117
ergo_adaptive,213.25,0.00015627805763648894,0.0069074135333988766
ergo_adaptive,213.33333333333337,0.00018678131183014538,0.006910014746225401
ergo_adaptive,213.41666666666663,1.4311391750811531e-5,0.006897564357475443
ergo_adaptive,213.5,0.00013232254895874224,0.006893305858769822
ergo_adaptive,213.58333333333337,3.156645257619612e-5,0.006893086972300638
ergo_adaptive,213.66666666666663,2.944636303655602e-6,0.0068913057781712075
ergo_adaptive,213.75,0.0,0.006886910815216506
ergo_adaptive,213.83333333333337,6.022383477749453e-6,0.006883602956251875
ergo_adaptive,213.91666666666663,0.00023423108358596847,0.00687504662312738
ergo_adaptive,214.0,0.00043621117083813594,0.006871501300529828
ergo_adaptive,214.08333333333337,0.000395102382782311,0.006871926044006297
ergo_adaptive,214.16666666666663,0.0008129189632215634,0.0068776433734144
ergo_adaptive,214.25,0.0007569910755257942,0.00688563048377521
ergo_adaptive,214.33333333333337,0.0007721013563873931,0.006894637935578585
ergo_adaptive,214.41666666666663,0.00024866616626200984,0.006903811821221454
ergo_adaptive,214.5,0.00018406515536467492,0.006910574494953732
ergo_adaptive,214.58333333333337,0.0002676321510293519,0.006920360034126532
ergo_adaptive,214.66666666666663,0.00010048625847109538,0.006928384719071761
ergo_adaptive,214.75,0.000118411138724129,0.006937713313388885
ergo_adaptive,214.83333333333337,0.0002972200210157639,0.006946804884350397
ergo_adaptive,214.91666666666663,1.779005860721017e-5,0.006954415530504194
ergo_adaptive,215.0,0.000127935953906653,0.006960907191447137
ergo_adaptive,215.08333333333337,0.00012020682015410053,0.006970195784813685
ergo_adaptive,215.16666666666663,7.390181413986403e-5,0.006978753890685072
ergo_adaptive,215.25,0.0001219614938958762,0.006983109618192444
ergo_adaptive,215.33333333333337,1.1292441184922757e-5,0.006988414504181941
ergo_adaptive,215.41666666666663,8.742516318216863e-6,0.006988222092754189
ergo_adaptive,215.5,0.0,0.006988143563782755
ergo_adaptive,215.58333333333337,2.049470818506857e-6,0.006984677854797744
ergo_adaptive,215.66666666666663,7.726988885115821e-6,0.006983952057670415
ergo_adaptive,215.75,6.49656597812646e-6,0.0069851887270330785
ergo_adaptive,215.83333333333337,1.528283858663456e-5,0.0069864390075797395
ergo_adaptive,215.91666666666663,1.848689147434805e-5,0.006989660272098115
ergo_adaptive,216.0,1.1912459037767227e-6,0.006992119758292606
ergo_adaptive,216.08333333333337,0.0,0.00699561202147947
ergo_adaptive,216.16666666666663,0.0,0.006991202918941131
ergo_adaptive,216.25,4.258583230599846e-6,0.006987495287984773
ergo_adaptive,216.33333333333337,7.233482327783064e-5,0.006984799481211525
ergo_adaptive,216.41666666666663,5.616734184671799e-6,0.00698160357015358
ergo_adaptive,216.5,0.0,0.006981011289782501
ergo_adaptive,216.58333333333337,0.0,0.006981567931055719
ergo_adaptive,216.66666666666663,0.0,0.006982570755507009
ergo_adaptive,216.75,0.0,0.006984274810393978
ergo_adaptive,216.83333333333337,2.8609575699520167e-5,0.006985232075777625
ergo_adaptive,216.91666666666663,6.197132853005966e-5,0.006986096063802915
ergo_adaptive,217.0,8.32858088092373e-5,0.006986553920325991
ergo_adaptive,217.08333333333337,0.0002523336082118571,0.0069858466873526604
ergo_adaptive,217.16666666666663,0.00026895232700797396,0.006980467051155725
ergo_adaptive,217.25,0.00043318960384432687,0.006977427611233407
ergo_adaptive,217.33333333333337,5.450055208637694e-5,0.006972193886893163
ergo_adaptive,217.41666666666663,4.833508924257217e-6,0.0069715197988802465
ergo_adaptive,217.5,3.2081611128010495e-5,0.006973616618999052
ergo_adaptive,217.58333333333337,0.00016548606757661881,0.006977269157748494
ergo_adaptive,217.66666666666663,0.00015194359887137041,0.006977839328011397
ergo_adaptive,217.75,5.124011242863172e-5,0.006980789269026277
ergo_adaptive,217.83333333333337,1.1030417675710147e-5,0.006982490590862766
ergo_adaptive,217.91666666666663,1.5661368244563065e-5,0.006985646400657539
ergo_adaptive,218.0,0.0,0.006986743420225985
ergo_adaptive,218.08333333333337,0.0,0.006988894723038445
ergo_adaptive,218.16666666666663,0.0,0.006987563286753625
ergo_adaptive,218.25,0.0,0.006983506495812345
ergo_adaptive,218.33333333333337,0.0,0.006980691284668767
ergo_adaptive,218.41666666666663,0.0,0.0069795933850426055
ergo_adaptive,218.5,0.0,0.006980339141520416
ergo_adaptive,218.58333333333337,0.0,0.006982430068067931
ergo_adaptive,218.66666666666663,0.0,0.006986392031320644
ergo_adaptive,218.75,0.0,0.006993186175925249
ergo_adaptive,218.83333333333337,0.0,0.006999732116414917
ergo_adaptive,218.91666666666663,0.0,0.007003425579125336
ergo_adaptive,219.0,0.0,0.007008486872403759
ergo_adaptive,219.08333333333337,0.0,0.0070162075825588805
ergo_adaptive,219.16666666666663,0.0,0.007025650961272638
ergo_adaptive,219.25,0.0,0.0070358389402030135
ergo_adaptive,219.33333333333337,0.0,0.007044766689170614
ergo_adaptive,219.41666666666663,0.0,0.007054287815832309
ergo_adaptive,219.5,0.0,0.00706543887541256
ergo_adaptive,219.58333333333337,0.0,0.0070766132186522715
ergo_adaptive,219.66666666666663,0.0,0.007086433485945987
ergo_adaptive,219.75,0.0,0.007094448539514926
ergo_adaptive,219.83333333333337,0.0,0.007102635911154364
ergo_adaptive,219.91666666666663,0.0,0.007112586219513769
ergo_adaptive,220.0,0.0,0.007120074662313116
ergo_adaptive,220.08333333333337,0.0,0.007123439968585434
ergo_adaptive,220.16666666666663,0.0,0.007125744673120651
ergo_adaptive,220.25,0.0,0.007127614263415366
ergo_adaptive,220.33333333333337,0.0,0.007129786007911751
ergo_adaptive,220.41666666666663,0.0,0.007130837913266038
ergo_adaptive,220.5,0.0,0.007127539761486108
ergo_adaptive,220.58333333333337,0.0,0.007121339764312506
ergo_adaptive,220.66666666666663,0.0,0.007117121481570488
ergo_adaptive,220.75,0.0,0.007113768295715486
ergo_adaptive,220.83333333333337,0.0,0.007102993303534221
ergo_adaptive,220.91666666666663,0.0,0.007086896185281529
ergo_adaptive,221.0,0.0,0.007071068843393617
ergo_adaptive,221.08333333333337,0.0,0.007057069302746178
ergo_adaptive,221.16666666666663,0.0,0.007041069890348747
ergo_adaptive,221.25,0.0,0.007021543253182384
ergo_adaptive,221.33333333333337,0.0,0.007000561410197059
ergo_adaptive,221.41666666666663,0.0,0.006980324669923636
ergo_adaptive,221.5,0.0,0.006960173658968558
ergo_adaptive,221.58333333333337,0.0,0.00693725256593916
ergo_adaptive,221.66666666666663,0.0,0.006912336775707599
ergo_adaptive,221.75,0.0,0.00688837229271116
ergo_adaptive,221.83333333333337,0.0,0.006867198043523744
ergo_adaptive,221.91666666666663,0.0,0.006842970635855644
ergo_adaptive,222.0,0.0,0.0068114630220788815
ergo_adaptive,222.08333333333337,0.0,0.006778778414967316
ergo_adaptive,222.16666666666663,0.0,0.006753747983672636
ergo_adaptive,222.25,0.0,0.0067305913988967405
ergo_adaptive,222.33333333333337,0.0,0.006698233982329349
ergo_adaptive,222.41666666666663,0.0,0.006661142661108982
ergo_adaptive,222.5,0.0,0.006630665645925266
ergo_adaptive,222.58333333333337,0.0,0.006607967650609338
ergo_adaptive,222.66666666666663,0.0,0.006575331592154819
ergo_adaptive,222.75,0.0,0.006535169435215176
ergo_adaptive,222.83333333333337,0.0,0.006499090100398012
ergo_adaptive,222.91666666666663,0.0,0.006473019607283503
ergo_adaptive,223.0,0.0,0.006446109256832768
ergo_adaptive,223.08333333333337,0.0,0.0064178760356594575
ergo_adaptive,223.16666666666663,0.0,0.006393270504675862
ergo_adaptive,223.25,0.0,0.006376879565063174
ergo_adaptive,223.33333333333337,0.0,0.006362850713706432
ergo_adaptive,223.41666666666663,0.0,0.006343177197724201
ergo_adaptive,223.5,0.0,0.006322924943299852
ergo_adaptive,223.58333333333337,0.0,0.006310360511455693
ergo_adaptive,223.66666666666663,0.0,0.006305117922113569
ergo_adaptive,223.75,0.0,0.006297903814982993
ergo_adaptive,223.83333333333337,0.0,0.006293931993360107
ergo_adaptive,223.91666666666663,0.0,0.006294982178032656
ergo_adaptive,224.0,0.0,0.006304529469921142
ergo_adaptive,224.08333333333337,0.0,0.006315559239978999
ergo_adaptive,224.16666666666663,0.0,0.006325041060965673
ergo_adaptive,224.25,0.0,0.006336885644094314
ergo_adaptive,224.33333333333337,0.0,0.006353191589957694
ergo_adaptive,224.41666666666663,0.0,0.006371444892177513
ergo_adaptive,224.5,0.0,0.006389572847669762
ergo_adaptive,224.58333333333337,0.0,0.006409166261820516
ergo_adaptive,224.66666666666663,0.0,0.006431136871514608
ergo_adaptive,224.75,0.0,0.006454543774241204
ergo_adaptive,224.83333333333337,0.0,0.006478789681215185
ergo_adaptive,224.91666666666663,0.0,0.006502190949287275
ergo_adaptive,225.0,0.0,0.006523662652377412
ergo_adaptive,225.08333333333337,0.0,0.006543538656862989
ergo_adaptive,225.16666666666663,0.0,0.006562357913699738
ergo_adaptive,225.25,0.0,0.006581728485658619
ergo_adaptive,225.33333333333337,0.0,0.006601721377107994
ergo_adaptive,225.41666666666663,0.0,0.006619853996257255
ergo_adaptive,225.5,0.0,0.006634413056980691
ergo_adaptive,225.58333333333337,0.0,0.0066474295289119505
ergo_adaptive,225.66666666666663,0.0,0.006662096498285976
ergo_adaptive,225.75,0.0,0.006676070707560124
ergo_adaptive,225.83333333333337,0.0,0.006684782284769311
ergo_adaptive,225.91666666666663,0.0,0.006690800524283761
ergo_adaptive,226.0,0.0,0.0066984672975649055
ergo_adaptive,226.08333333333337,0.0,0.006708733687616591
ergo_adaptive,226.16666666666663,0.0,0.006714069930358259
ergo_adaptive,226.25,0.0,0.00671497201978721
ergo_adaptive,226.33333333333337,0.0,0.0067162976311885975
ergo_adaptive,226.41666666666663,0.0,0.006720518876720531
ergo_adaptive,226.5,0.0,0.00672183536164447
ergo_adaptive,226.58333333333337,0.0,0.00671902398737113
ergo_adaptive,226.66666666666663,0.0,0.006714752769851569
ergo_adaptive,226.75,0.0,0.006712693801423185
ergo_adaptive,226.83333333333337,0.0,0.006710782070263123
ergo_adaptive,226.91666666666663,0.0,0.006707072730738756
ergo_adaptive,227.0,0.0,0.006700893950081469
ergo_adaptive,227.08333333333337,0.0,0.006695467987220554
ergo_adaptive,227.16666666666663,0.0,0.006690629238990495
ergo_adaptive,227.25,0.0,0.006682835661478874
ergo_adaptive,227.33333333333337,0.0,0.006671601572905384
ergo_adaptive,227.41666666666663,0.0,0.006659810020412405
ergo_adaptive,227.5,0.0,0.0066488502442941565
ergo_adaptive,227.58333333333337,0.0,0.00663630398267166
ergo_adaptive,227.66666666666663,0.0,0.006620327328369396
ergo_adaptive,227.75,0.0,0.006602748147181921
ergo_adaptive,227.83333333333337,0.0,0.00658709190226159
ergo_adaptive,227.91666666666663,0.0,0.0065724240560438695
ergo_adaptive,228.0,0.0,0.006554763692368514
ergo_adaptive,228.08333333333337,0.0,0.006535164575808323
ergo_adaptive,228.16666666666663,0.0,0.006517574045697731
ergo_adaptive,228.25,0.0,0.006500726256280609
ergo_adaptive,228.33333333333337,0.0,0.006483676880769449
ergo_adaptive,228.41666666666663,0.0,0.0064636908027193695
ergo_adaptive,228.5,0.0,0.006443846770642578
ergo_adaptive,228.58333333333337,0.0,0.006426417282513633
ergo_adaptive,228.66666666666663,0.0,0.006408588999591791
ergo_adaptive,228.75,0.0,0.006387773557944094
ergo_adaptive,228.83333333333337,0.0,0.00636787046786586
ergo_adaptive,228.91666666666663,0.0,0.006353815056670586
ergo_adaptive,229.0,0.0,0.006341898022677255
ergo_adaptive,229.08333333333337,0.0,0.006328335712590163
ergo_adaptive,229.16666666666663,0.0,0.006316607937433705
ergo_adaptive,229.25,0.0,0.006308297943314025
ergo_adaptive,229.33333333333337,0.0,0.006303573189485312
ergo_adaptive,229.41666666666663,0.0,0.0062983707028242695
ergo_adaptive,229.5,0.0,0.00629232587985726
ergo_adaptive,229.58333333333337,0.0,0.006288895098402397
ergo_adaptive,229.66666666666663,0.0,0.006289676284548329
ergo_adaptive,229.75,0.0,0.0062917584390029535
ergo_adaptive,229.83333333333337,0.0,0.006293388160817952
ergo_adaptive,229.91666666666663,0.0,0.006296635337154603
ergo_adaptive,230.0,0.0,0.00630355559201681
ergo_adaptive,230.08333333333337,0.0,0.006312710930049068
ergo_adaptive,230.16666666666663,0.0,0.006321805594706507
ergo_adaptive,230.25,0.0,0.006331498496255035
ergo_adaptive,230.33333333333337,0.0,0.006343692341622422
ergo_adaptive,230.41666666666663,0.0,0.00635821999730147
ergo_adaptive,230.5,0.0,0.006377157826714545
ergo_adaptive,230.58333333333337,0.0,0.00640085345230471
ergo_adaptive,230.66666666666663,0.0,0.006426908428740953
ergo_adaptive,230.75,0.0,0.006454012112134344
ergo_adaptive,230.83333333333337,0.0,0.006481350978071047
ergo_adaptive,230.91666666666663,0.0,0.006508444098480787
ergo_adaptive,231.0,0.0,0.006535018718965348
ergo_adaptive,231.08333333333337,0.0,0.006560924616810538
ergo_adaptive,231.16666666666663,0.0,0.006586123556612624
ergo_adaptive,231.25,0.0,0.00661175876921734
ergo_adaptive,231.33333333333337,0.0,0.006637417229215768
ergo_adaptive,231.41666666666663,0.0,0.006662269493798061
ergo_adaptive,231.5,0.0,0.006686351481869086
ergo_adaptive,231.58333333333337,0.0,0.0067097066774837195
ergo_adaptive,231.66666666666663,0.0,0.006732382296723487
ergo_adaptive,231.75,0.0,0.00675442657400775
ergo_adaptive,231.83333333333337,0.0,0.006775886880618791
ergo_adaptive,231.91666666666663,0.0,0.006796808469274474
ergo_adaptive,232.0,0.0,0.006817233688917972
ergo_adaptive,232.08333333333337,0.0,0.006837201548526473
ergo_adaptive,232.16666666666663,0.0,0.006856747534752019
ergo_adaptive,232.25,0.0,0.006875903608887806
ergo_adaptive,232.33333333333337,0.0,0.006894698325525657
ergo_adaptive,232.41666666666663,0.0,0.006913157029084921
ergo_adaptive,232.5,0.0,0.0069313020955990845
ergo_adaptive,232.58333333333337,0.0,0.0069491531960923945
ergo_adaptive,232.66666666666663,0.0,0.006966727564886894
ergo_adaptive,232.75,0.0,0.006984220983534516
ergo_adaptive,232.83333333333337,0.0,0.007001792993997637
ergo_adaptive,232.91666666666663,0.0,0.00701912565659866
ergo_adaptive,233.0,0.0,0.007036228996080178
ergo_adaptive,233.08333333333337,0.0,0.0070531117327275105
ergo_adaptive,233.16666666666663,0.0,0.007069781453098856
ergo_adaptive,233.25,0.0,0.007086244761279027
ergo_adaptive,233.33333333333337,0.0,0.007103759566742712
ergo_adaptive,233.41666666666663,0.0,0.007121151533865576
ergo_adaptive,233.5,0.0,0.007138349856332731
ergo_adaptive,233.58333333333337,0.0,0.0071553583949508955
ergo_adaptive,233.66666666666663,0.0,0.007172180541517759
ergo_adaptive,233.75,0.0,0.007188903571728555
ergo_adaptive,233.83333333333337,0.0,0.007205494828358626
ergo_adaptive,233.91666666666663,0.0,0.0072219078328767524
ergo_adaptive,234.0,0.0,0.0072381446397131325
ergo_adaptive,234.08333333333337,0.0,0.0072542070913936
ergo_adaptive,234.16666666666663,0.0,0.007270096848803407
ergo_adaptive,234.25,0.0,0.007285815417102721
ergo_adaptive,234.33333333333337,0.0,0.00730136416790233
ergo_adaptive,234.41666666666663,0.0,0.0073167443582277175
ergo_adaptive,234.5,0.0,0.007331957146728456
ergo_adaptive,234.58333333333337,0.0,0.007347003607527637
ergo_adaptive,234.66666666666663,0.0,0.007362393764728124
ergo_adaptive,234.75,0.0,0.007378523000448823
ergo_adaptive,234.83333333333337,0.0,0.007394484093332737
ergo_adaptive,234.91666666666663,0.0,0.0074102778999043705
ergo_adaptive,235.0,0.0,0.007425905235833987
ergo_adaptive,235.08333333333337,0.0,0.0074413668813549305
ergo_adaptive,235.16666666666663,0.0,0.007456663585888493
ergo_adaptive,235.25,0.0,0.007471796071992926
ergo_adaptive,235.33333333333337,0.0,0.007486765038735877
ergo_adaptive,235.41666666666663,0.0,0.007501571164575205
ergo_adaptive,235.5,0.0,0.007516215109820636
ergo_adaptive,235.58333333333337,0.0,0.00753069751873807
ergo_adaptive,235.66666666666663,0.0,0.007545019021349254
ergo_adaptive,235.75,0.0,0.007559180234971748
ergo_adaptive,235.83333333333337,0.0,0.007573181765537665
ergo_adaptive,235.91666666666663,0.0,0.0075870242087236126
ergo_adaptive,236.0,0.0,0.007600708150919935
ergo_adaptive,236.08333333333337,0.0,0.0076142341700628086
ergo_adaptive,236.16666666666663,0.0,0.00762760283634953
ergo_adaptive,236.25,0.0,0.007640814712854113
ergo_adaptive,236.33333333333337,0.0,0.007653870356057999
ergo_adaptive,236.41666666666663,0.0,0.0076667703163082945
ergo_adaptive,236.5,0.0,0.007679515138214175
ergo_adaptive,236.58333333333337,0.0,0.007692898293656169
ergo_adaptive,236.66666666666663,0.0,0.007706235412924534
ergo_adaptive,236.75,0.0,0.007719417730651293
ergo_adaptive,236.83333333333337,0.0,0.007732445772857044
ergo_adaptive,236.91666666666663,0.0,0.007745320061092688
ergo_adaptive,237.0,0.0,0.007758041112616384
ergo_adaptive,237.08333333333337,0.0,0.007770609440549869
ergo_adaptive,237.16666666666663,0.0,0.0077836196533202385
ergo_adaptive,237.25,0.0,0.007796835145995273
ergo_adaptive,237.33333333333337,0.0,0.007809895401577905
ergo_adaptive,237.41666666666663,0.0,0.00782301411869182
ergo_adaptive,237.5,0.0,0.007836451248974242
ergo_adaptive,237.58333333333337,0.0,0.00784973805394055
ergo_adaptive,237.66666666666663,0.0,0.00786287500486343
ergo_adaptive,237.75,0.0,0.007875862569624234
ergo_adaptive,237.83333333333337,0.0,0.007888701212776674
ergo_adaptive,237.91666666666663,0.0,0.00790139139560584
ergo_adaptive,238.0,0.0,0.00791393357618327
ergo_adaptive,238.08333333333337,0.0,0.007926358850315172
ergo_adaptive,238.16666666666663,0.0,0.007940059826386969
ergo_adaptive,238.25,0.0,0.007953609735977533
ergo_adaptive,238.33333333333337,0.0,0.007967009014985418
ergo_adaptive,238.41666666666663,0.0,0.007980258096439825
ergo_adaptive,238.5,0.0,0.007993357410541871
ergo_adaptive,238.58333333333337,0.0,0.008006897507796757
ergo_adaptive,238.66666666666663,0.0,0.008020294077758788
ergo_adaptive,238.75,0.0,0.008033537607303473
ergo_adaptive,238.83333333333337,0.0,0.008046628526819793
ergo_adaptive,238.91666666666663,0.0,0.008059567263480678
ergo_adaptive,239.0,0.0,0.008072354254113531
ergo_adaptive,239.08333333333337,0.0,0.008082696637641155
ergo_adaptive,239.16666666666663,0.0,0.008086343735713996
ergo_adaptive,239.25,0.0,0.00808391871186317
ergo_adaptive,239.33333333333337,0.0,0.00807232323049387
ergo_adaptive,239.41666666666663,0.0,0.008054169272972088
ergo_adaptive,239.5,0.0,0.008036558178568864
ergo_adaptive,239.58333333333337,0.0,0.008024185871300209
ergo_adaptive,239.66666666666663,0.0,0.008017718049557445
ergo_adaptive,239.75,0.0,0.008015810108654611
ergo_adaptive,239.83333333333337,0.0,0.00801681059905991
ergo_adaptive,239.91666666666663,0.0,0.008013260808719936
ergo_adaptive,240.0,0.0,0.008017542168204012
ergo_adaptive,240.08333333333337,0.0,0.008020612758661299
ergo_adaptive,240.16666666666663,0.0,0.008026435401380786
ergo_adaptive,240.25,0.0,0.00803349552839877
ergo_adaptive,240.33333333333337,0.0,0.008041252109225325
ergo_adaptive,240.41666666666663,0.0,0.008049930195599483
ergo_adaptive,240.5,0.0,0.0080591357944083
ergo_adaptive,240.58333333333337,0.0,0.008068496911180941
ergo_adaptive,240.66666666666663,0.0,0.008077933417412166
ergo_adaptive,240.75,0.0,0.008087383681052432
ergo_adaptive,240.83333333333337,0.0,0.008096798279213004
ergo_adaptive,240.91666666666663,0.0,0.008106135828444466
ergo_adaptive,241.0,0.0,0.008116503948426543
ergo_adaptive,241.08333333333337,0.0,0.008126826160778028
ergo_adaptive,241.16666666666663,0.0,0.00813091625188595
ergo_adaptive,241.25,0.0,0.008140175870161448
ergo_adaptive,241.33333333333337,0.0,0.008147133735510192
ergo_adaptive,241.41666666666663,0.0,0.00815547714882501
ergo_adaptive,241.5,0.0,0.008164448849979846
ergo_adaptive,241.58333333333337,0.0,0.00817378859424577
ergo_adaptive,241.66666666666663,0.0,0.008184201417006718
ergo_adaptive,241.75,0.0,0.008194959048029691
ergo_adaptive,241.83333333333337,0.0,0.008205829937181218
ergo_adaptive,241.91666666666663,0.0,0.008216770824288351
ergo_adaptive,242.0,0.0,0.008227745901781812
ergo_adaptive,242.08333333333337,0.0,0.00823872359923682
ergo_adaptive,242.16666666666663,0.0,0.008249673588857746
ergo_adaptive,242.25,0.0,0.0082605632793014
ergo_adaptive,242.33333333333337,0.0,0.008271353495448618
ergo_adaptive,242.41666666666663,0.0,0.008275412199300338
ergo_adaptive,242.5,0.0,0.008283485637501802
ergo_adaptive,242.58333333333337,0.0,0.008293678391011902
ergo_adaptive,242.66666666666663,0.0,0.008303683413087765
ergo_adaptive,242.75,0.0,0.008314127390585813
ergo_adaptive,242.83333333333337,0.0,0.008324311354883
ergo_adaptive,242.91666666666663,0.0,0.008334047549700702
ergo_adaptive,243.0,0.0,0.008338873540915656
ergo_adaptive,243.08333333333337,0.0,0.008346052966083614
ergo_adaptive,243.16666666666663,0.0,0.0083540345633148
ergo_adaptive,243.25,0.0,0.008362429557970714
ergo_adaptive,243.33333333333337,0.0,0.008371064067640375
ergo_adaptive,243.41666666666663,0.0,0.008379831414214159
ergo_adaptive,243.5,0.0,0.008388654440840488
ergo_adaptive,243.58333333333337,0.0,0.008397471632543802
ergo_adaptive,243.66666666666663,0.0,0.008406230683942324
ergo_adaptive,243.75,0.0,0.008414884775796879
ergo_adaptive,243.83333333333337,0.0,0.008423611009337726
ergo_adaptive,243.91666666666663,0.0,0.00843355749452356
ergo_adaptive,244.0,0.0,0.008443267043998936
ergo_adaptive,244.08333333333337,0.0,0.008452689099999413
ergo_adaptive,244.16666666666663,0.0,0.00846176232452526
ergo_adaptive,244.25,0.0,0.008470398922651277
ergo_adaptive,244.33333333333337,0.0,0.008467712806536905
ergo_adaptive,244.41666666666663,0.0,0.008474581553403929
ergo_adaptive,244.5,0.0,0.008478607927253834
ergo_adaptive,244.58333333333337,0.0,0.008484446572658552
ergo_adaptive,244.66666666666663,0.0,0.008490888159706292
ergo_adaptive,244.75,0.0,0.008497520544713368
ergo_adaptive,244.83333333333337,0.0,0.008504118032455703
ergo_adaptive,244.91666666666663,0.0,0.008510534104763677
ergo_adaptive,245.0,0.0,0.008516657541930065
ergo_adaptive,245.08333333333337,0.0,0.00852238921170607
ergo_adaptive,245.16666666666663,0.0,0.008527662952733606
ergo_adaptive,245.25,0.0,0.008533155057894998
ergo_adaptive,245.33333333333337,0.0,0.008537851892939324
ergo_adaptive,245.41666666666663,0.0,0.008541479471157019
ergo_adaptive,245.5,0.0,0.008537496347461523
ergo_adaptive,245.58333333333337,0.0,0.008538765963531309
ergo_adaptive,245.66666666666663,0.0,0.008542517837969884
ergo_adaptive,245.75,0.0,0.008546259381325238
ergo_adaptive,245.83333333333337,0.0,0.008550065994682478
ergo_adaptive,245.91666666666663,0.0,0.00855394228590594
ergo_adaptive,246.0,0.0,0.008557865395457439
ergo_adaptive,246.08333333333337,0.0,0.008561803163374572
ergo_adaptive,246.16666666666663,0.0,0.008565724017557529
ergo_adaptive,246.25,0.0,0.008569605228905182
ergo_adaptive,246.33333333333337,0.0,0.008573444652092891
ergo_adaptive,246.41666666666663,0.0,0.008577281222469035
ergo_adaptive,246.5,0.0,0.008581222760240538
ergo_adaptive,246.58333333333337,0.0,0.0085854482428978
ergo_adaptive,246.66666666666663,0.0,0.008590125566238239
ergo_adaptive,246.75,0.0,0.00859530643643827
ergo_adaptive,246.83333333333337,0.0,0.008601202287399294
ergo_adaptive,246.91666666666663,0.0,0.008598685138618027
ergo_adaptive,247.0,0.0,0.00859863494358932
ergo_adaptive,247.08333333333337,0.0,0.00860041229926344
ergo_adaptive,247.16666666666663,0.0,0.00860354853493482
ergo_adaptive,247.25,0.0,0.008607695933633988
ergo_adaptive,247.33333333333337,0.0,0.008612574997586312
ergo_adaptive,247.41666666666663,0.0,0.008617946768073663
ergo_adaptive,247.5,0.0,0.008623595247154572
ergo_adaptive,247.58333333333337,0.0,0.008629369682468357
ergo_adaptive,247.66666666666663,0.0,0.008635114200580211
ergo_adaptive,247.75,0.0,0.008640669676329744
ergo_adaptive,247.83333333333337,0.0,0.008645992764634784
ergo_adaptive,247.91666666666663,0.0,0.0086510837412277
ergo_adaptive,248.0,0.0,0.008655922466001621
ergo_adaptive,248.08333333333337,0.0,0.008660482497292454
ergo_adaptive,248.16666666666663,0.0,0.008664738794716376
ergo_adaptive,248.25,0.0,0.008668670996544852
ergo_adaptive,248.33333333333337,0.0,0.008672264257338132
ergo_adaptive,248.41666666666663,0.0,0.008675508911547137
ergo_adaptive,248.5,0.0,0.008678399680008188
ergo_adaptive,248.58333333333337,0.0,0.008680934794249093
ergo_adaptive,248.66666666666663,0.0,0.008683115213445057
ergo_adaptive,248.75,0.0,0.008684943998385809
ergo_adaptive,248.83333333333337,0.0,0.008686425850636429
ergo_adaptive,248.91666666666663,0.0,0.008687962875249295
ergo_adaptive,249.0,0.0,0.008690168209104593
ergo_adaptive,249.08333333333337,0.0,0.008692045223070691
ergo_adaptive,249.16666666666663,0.0,0.008693603253181394
ergo_adaptive,249.25,0.0,0.008694852719208699
ergo_adaptive,249.33333333333337,0.0,0.008695905674540629
ergo_adaptive,249.41666666666663,0.0,0.008696857264893257
ergo_adaptive,249.5,0.0,0.00869771658499362
ergo_adaptive,249.58333333333337,0.0,0.0086984616680628
ergo_adaptive,249.66666666666663,0.0,0.008699062314608883
ergo_adaptive,249.75,0.0,0.008699488693302405
ergo_adaptive,249.83333333333337,0.0,0.008699714357289275
ergo_adaptive,249.91666666666663,0.0,0.008699717389758629
ergo_adaptive,250.0,0.0,0.008699481234193038
ergo_adaptive,250.08333333333337,0.0,0.008698995917143185
ergo_adaptive,250.16666666666663,0.0,0.008698260041045274
ergo_adaptive,250.25,0.0,0.00869728359077863
ergo_adaptive,250.33333333333337,0.0,0.008696090190534684
ergo_adaptive,250.41666666666663,0.0,0.00868471081957387
ergo_adaptive,250.5,0.0,0.008681309825546608
ergo_adaptive,250.58333333333337,0.0,0.008673876081094068
ergo_adaptive,250.66666666666663,0.0,0.008669389325193294
ergo_adaptive,250.75,0.0,0.00866647174539965
ergo_adaptive,250.83333333333337,0.0,0.008664509773901154
ergo_adaptive,250.91666666666663,0.0,0.008663204229633169
ergo_adaptive,251.0,0.0,0.008662394386626204
ergo_adaptive,251.08333333333337,0.0,0.008661983937116724
ergo_adaptive,251.16666666666663,0.0,0.008661910993067368
ergo_adaptive,251.25,0.0,0.008662135495369984
ergo_adaptive,251.33333333333337,0.0,0.008662632596892143
ergo_adaptive,251.41666666666663,0.0,0.008663388785885415
ergo_adaptive,251.5,0.0,0.008664399339591422
ergo_adaptive,251.58333333333337,0.0,0.00866566641995483
ergo_adaptive,251.66666666666663,0.0,0.00866719742029902
ergo_adaptive,251.75,0.0,0.008669003291833349
ergo_adaptive,251.83333333333337,0.0,0.008671096619250515
ergo_adaptive,251.91666666666663,0.0,0.00867348921707316
ergo_adaptive,252.0,0.0,0.008676189001608563
ergo_adaptive,252.08333333333337,0.0,0.008679195863221358
ergo_adaptive,252.16666666666663,0.0,0.008682496220330366
ergo_adaptive,252.25,0.0,0.008686055909722287
ergo_adaptive,252.33333333333337,0.0,0.008690355491308593
ergo_adaptive,252.41666666666663,0.0,0.008695198378655398
ergo_adaptive,252.5,0.0,0.008699923581386418
ergo_adaptive,252.58333333333337,0.0,0.008704383334271223
ergo_adaptive,252.66666666666663,0.0,0.008708031428413457
ergo_adaptive,252.75,0.0,0.00871056997270398
ergo_adaptive,252.83333333333337,0.0,0.008712808909715779
ergo_adaptive,252.91666666666663,0.0,0.008715406018511288
ergo_adaptive,253.0,0.0,0.008717742542209977
ergo_adaptive,253.08333333333337,0.0,0.008720103098941518
ergo_adaptive,253.16666666666663,0.0,0.00872228392886884
ergo_adaptive,253.25,0.0,0.008724339853062518
ergo_adaptive,253.33333333333337,0.0,0.00872621473847434
ergo_adaptive,253.41666666666663,0.0,0.008727909945835556
ergo_adaptive,253.5,0.0,0.008729406560651841
ergo_adaptive,253.58333333333337,0.0,0.008730695317893025
ergo_adaptive,253.66666666666663,0.0,0.008731762104366995
ergo_adaptive,253.75,0.0,0.008732591164871186
ergo_adaptive,253.83333333333337,0.0,0.008733161109291107
ergo_adaptive,253.91666666666663,0.0,0.008733442449995762
ergo_adaptive,254.0,0.0,0.008733597783997245
ergo_adaptive,254.08333333333337,0.0,0.008733512397767138
ergo_adaptive,254.16666666666663,0.0,0.008732901110931437
ergo_adaptive,254.25,0.0,0.008731436296325312
ergo_adaptive,254.33333333333337,0.0,0.008718726445325592
ergo_adaptive,254.41666666666663,0.0,0.008714504849616438
ergo_adaptive,254.5,0.0,0.008703306860469263
ergo_adaptive,254.58333333333337,0.0,0.008694714231944713
ergo_adaptive,254.66666666666663,0.0,0.008687749706749784
ergo_adaptive,254.75,0.0,0.00868175665692365
ergo_adaptive,254.83333333333337,0.0,0.008676259523134774
ergo_adaptive,254.91666666666663,0.0,0.008670886858225639
ergo_adaptive,255.0,0.0,0.008665323783705606
ergo_adaptive,255.08333333333337,0.0,0.008659278170450284
ergo_adaptive,255.16666666666663,0.0,0.008652452000432893
ergo_adaptive,255.25,0.0,0.008645469496871953
ergo_adaptive,255.33333333333337,0.0,0.008637209839310931
ergo_adaptive,255.41666666666663,0.0,0.008627154728254928
ergo_adaptive,255.5,0.0,0.008615045474033283
ergo_adaptive,255.58333333333337,0.0,0.008601128503897219
ergo_adaptive,255.66666666666663,0.0,0.008587862660794709
ergo_adaptive,255.75,0.0,0.008575692545833291
ergo_adaptive,255.83333333333337,0.0,0.008565233775342561
ergo_adaptive,255.91666666666663,0.0,0.008557079720654025
ergo_adaptive,256.0,0.0,0.008551187268203773
ergo_adaptive,256.08333333333337,0.0,0.008546983304417962
ergo_adaptive,256.16666666666663,0.0,0.00854365046153191
ergo_adaptive,256.25,0.0,0.008540651844495368
ergo_adaptive,256.33333333333337,0.0,0.0085389186117357
ergo_adaptive,256.41666666666663,0.0,0.008537830714179967
ergo_adaptive,256.5,0.0,0.008537224065976377
ergo_adaptive,256.58333333333337,0.0,0.00853692858458639
ergo_adaptive,256.66666666666663,0.0,0.008536786446419458
ergo_adaptive,256.75,0.0,0.008536673179254967
ergo_adaptive,256.83333333333337,0.0,0.008536497501815144
ergo_adaptive,256.91666666666663,0.0,0.00853619492732018
ergo_adaptive,257.0,0.0,0.00853572080051972
ergo_adaptive,257.08333333333337,0.0,0.008535044447977685
ergo_adaptive,257.16666666666663,0.0,0.008534144692433866
ergo_adaptive,257.25,0.0,0.008533006554220271
ergo_adaptive,257.33333333333337,0.0,0.008531803524904716
ergo_adaptive,257.41666666666663,0.0,0.008530788317597644
ergo_adaptive,257.5,0.0,0.008529509390966996
ergo_adaptive,257.58333333333337,0.0,0.008527959634018936
ergo_adaptive,257.66666666666663,0.0,0.008526131855261576
ergo_adaptive,257.75,0.0,0.008524474720519416
ergo_adaptive,257.83333333333337,0.0,0.008522768697842763
ergo_adaptive,257.91666666666663,0.0,0.008520764242840779
ergo_adaptive,258.0,0.0,0.008518460438661965
ergo_adaptive,258.08333333333337,0.0,0.008515859438898394
ergo_adaptive,258.16666666666663,0.0,0.008512968406389156
ergo_adaptive,258.25,0.0,0.008510178776707962
ergo_adaptive,258.33333333333337,0.0,0.008507371099303227
ergo_adaptive,258.41666666666663,0.0,0.00850438702146755
ergo_adaptive,258.5,0.0,0.008501377378052776
ergo_adaptive,258.58333333333337,0.0,0.008499197331465199
ergo_adaptive,258.66666666666663,0.0,0.008496997647271855
ergo_adaptive,258.75,0.0,0.008494839140282848
ergo_adaptive,258.83333333333337,0.0,0.00849278312350303
ergo_adaptive,258.91666666666663,0.0,0.008490888417051841
ergo_adaptive,259.0,0.0,0.008489208758746286
ergo_adaptive,259.08333333333337,0.0,0.008488124771424086
ergo_adaptive,259.16666666666663,0.0,0.008488196722504754
ergo_adaptive,259.25,0.0,0.008489066294756192
ergo_adaptive,259.33333333333337,0.0,0.008490257616779729
ergo_adaptive,259.41666666666663,0.0,0.008491772215880595
ergo_adaptive,259.5,0.0,0.00849359762610479
ergo_adaptive,259.58333333333337,0.0,0.008495705660202428
ergo_adaptive,259.66666666666663,0.0,0.00849805026820915
ergo_adaptive,259.75,0.0,0.008500565001236384
ergo_adaptive,259.83333333333337,0.0,0.008503160401683056
ergo_adaptive,259.91666666666663,0.0,0.008505722197170815
ergo_adaptive,260.0,0.0,0.008508111910080374
ergo_adaptive,260.08333333333337,0.0,0.008510677929945396
ergo_adaptive,260.16666666666663,0.0,0.008513679592833084
ergo_adaptive,260.25,0.0,0.008517000319398746
ergo_adaptive,260.33333333333337,0.0,0.008520408698174884
ergo_adaptive,260.41666666666663,0.0,0.008523905397988519
ergo_adaptive,260.5,0.0,0.008527521618360774
ergo_adaptive,260.58333333333337,0.0,0.008530741402995952
ergo_adaptive,260.66666666666663,0.0,0.008533503666636603
ergo_adaptive,260.75,0.0,0.008535727083099996
ergo_adaptive,260.83333333333337,0.0,0.008537312287320159
ergo_adaptive,260.91666666666663,0.0,0.008538164059631292
ergo_adaptive,261.0,0.0,0.00853836740135056
ergo_adaptive,261.08333333333337,0.0,0.008539033474606059
ergo_adaptive,261.16666666666663,0.0,0.00853891855652501
ergo_adaptive,261.25,0.0,0.008537432282985426
ergo_adaptive,261.33333333333337,0.0,0.008533571752629815
ergo_adaptive,261.41666666666663,0.0,0.008527849186175333
ergo_adaptive,261.5,0.0,0.008522389028722465
ergo_adaptive,261.58333333333337,0.0,0.008518042559547884
ergo_adaptive,261.66666666666663,0.0,0.00851400391461812
ergo_adaptive,261.75,0.0,0.00850987003164056
ergo_adaptive,261.83333333333337,0.0,0.00851064164602777
ergo_adaptive,261.91666666666663,0.0,0.008516597894061404
ergo_adaptive,262.0,0.0,0.008524851069949211
ergo_adaptive,262.08333333333337,0.0,0.008533428110518243
ergo_adaptive,262.16666666666663,0.0,0.008541968871190235
ergo_adaptive,262.25,0.0,0.00855123608710279
ergo_adaptive,262.33333333333337,0.0,0.008560138868407726
ergo_adaptive,262.41666666666663,0.0,0.008568507962777833
ergo_adaptive,262.5,0.0,0.008576314950553771
ergo_adaptive,262.58333333333337,0.0,0.00858356002114819
ergo_adaptive,262.66666666666663,0.0,0.008590279944156412
ergo_adaptive,262.75,0.0,0.008596944716145097
ergo_adaptive,262.83333333333337,0.0,0.008603132889078652
ergo_adaptive,262.91666666666663,0.0,0.008608882208388161
ergo_adaptive,263.0,0.0,0.008614230814142936
ergo_adaptive,263.08333333333337,0.0,0.008619215800933925
ergo_adaptive,263.16666666666663,0.0,0.008623872312840442
ergo_adaptive,263.25,0.0,0.008628233019008702
ergo_adaptive,263.33333333333337,0.0,0.008632327856272742
ergo_adaptive,263.41666666666663,0.0,0.008636183954939543
ergo_adaptive,263.5,0.0,0.008639825685993502
ergo_adaptive,263.58333333333337,0.0,0.008643274784669003
ergo_adaptive,263.66666666666663,0.0,0.008646550517951797
ergo_adaptive,263.75,0.0,0.008649669873054976
ergo_adaptive,263.83333333333337,0.0,0.0086526477509903
ergo_adaptive,263.91666666666663,0.0,0.00865549715457873
ergo_adaptive,264.0,0.0,0.008658229364060436
ergo_adaptive,264.08333333333337,0.0,0.008660854096227988
ergo_adaptive,264.16666666666663,0.0,0.008663379645001659
ergo_adaptive,264.25,0.0,0.008665813002824903
ergo_adaptive,264.33333333333337,0.0,0.008668159963370442
ergo_adaptive,264.41666666666663,0.0,0.00867042520697498
ergo_adaptive,264.5,0.0,0.008672612371097546
ergo_adaptive,264.58333333333337,0.0,0.008674724108955287
ergo_adaptive,264.66666666666663,0.0,0.008676762138183589
ergo_adaptive,264.75,0.0,0.00868367878044493
ergo_adaptive,264.83333333333337,0.0,0.008689531066694562
ergo_adaptive,264.91666666666663,0.0,0.008694886926347102
ergo_adaptive,265.0,0.0,0.008699669530687754
ergo_adaptive,265.08333333333337,0.0,0.008703872144241814
ergo_adaptive,265.16666666666663,0.0,0.00870752360888372
ergo_adaptive,265.25,0.0,0.008710663507595131
ergo_adaptive,265.33333333333337,0.0,0.008713330624954349
ergo_adaptive,265.41666666666663,0.0,0.008715561594544292
ergo_adaptive,265.5,0.0,0.008717416173062362
ergo_adaptive,265.58333333333337,0.0,0.008718962297996782
ergo_adaptive,265.66666666666663,0.0,0.008720256499001313
ergo_adaptive,265.75,0.0,0.008721323781048685
ergo_adaptive,265.83333333333337,0.0,0.008722178846786216
ergo_adaptive,265.91666666666663,0.0,0.008722833197843978
ergo_adaptive,266.0,0.0,0.00872329731216801
ergo_adaptive,266.08333333333337,0.0,0.008723581147668778
ergo_adaptive,266.16666666666663,0.0,0.008723694141328708
ergo_adaptive,266.25,0.0,0.008723645103677822
ergo_adaptive,266.33333333333337,0.0,0.008723442131088908
ergo_adaptive,266.41666666666663,0.0,0.008723419263791122
ergo_adaptive,266.5,0.0,0.008723992142801734
ergo_adaptive,266.58333333333337,0.0,0.008724431353884487
ergo_adaptive,266.66666666666663,0.0,0.008724742155201295
ergo_adaptive,266.75,0.0,0.008724929155343421
ergo_adaptive,266.83333333333337,0.0,0.008724996377785675
ergo_adaptive,266.91666666666663,0.0,0.008724947325038713
ergo_adaptive,267.0,0.0,0.008724785039977997
ergo_adaptive,267.08333333333337,0.0,0.008724512162886002
ergo_adaptive,267.16666666666663,0.0,0.008724130983473903
ergo_adaptive,267.25,0.0,0.008723643487636885
ergo_adaptive,267.33333333333337,0.0,0.008723051399011163
ergo_adaptive,267.41666666666663,0.0,0.008723029201509948
ergo_adaptive,267.5,0.0,0.00872412203653014
ergo_adaptive,267.58333333333337,0.0,0.008725118510490279
ergo_adaptive,267.66666666666663,0.0,0.00872627791288898
ergo_adaptive,267.75,0.0,0.008727994961947582
ergo_adaptive,267.83333333333337,0.0,0.008729614918038467
ergo_adaptive,267.91666666666663,0.0,0.008731138484356539
ergo_adaptive,268.0,0.0,0.008732566285978608
ergo_adaptive,268.08333333333337,0.0,0.0087338988819759
ergo_adaptive,268.16666666666663,0.0,0.00873513677580632
ergo_adaptive,268.25,0.0,0.008736280424237656
ergo_adaptive,268.33333333333337,0.0,0.008737847053738814
ergo_adaptive,268.41666666666663,0.0,0.008740697879941365
ergo_adaptive,268.5,0.0,0.00874396346095019
ergo_adaptive,268.58333333333337,0.0,0.008747495323514862
ergo_adaptive,268.66666666666663,0.0,0.008750927582900477
ergo_adaptive,268.75,0.0,0.008754260511116298
ergo_adaptive,268.83333333333337,0.0,0.008757494370193004
ergo_adaptive,268.91666666666663,0.0,0.008760629415356982
ergo_adaptive,269.0,0.0,0.008763873978738053
ergo_adaptive,269.08333333333337,0.0,0.008767163358273006
ergo_adaptive,269.16666666666663,0.0,0.008770657535719522
ergo_adaptive,269.25,0.0,0.008774823046302274
ergo_adaptive,269.33333333333337,0.0,0.00877889548722823
ergo_adaptive,269.41666666666663,0.0,0.00878287510217258
ergo_adaptive,269.5,0.0,0.008787368924875921
ergo_adaptive,269.58333333333337,0.0,0.008792203411991726
ergo_adaptive,269.66666666666663,0.0,0.008796945629716784
ergo_adaptive,269.75,0.0,0.008801595879785731
ergo_adaptive,269.83333333333337,0.0,0.008806154494048488
ergo_adaptive,269.91666666666663,0.0,0.008810621839749446
ergo_adaptive,270.0,0.0,0.008814998325253185
ergo_adaptive,270.08333333333337,0.0,0.00881928440606909
ergo_adaptive,270.16666666666663,0.0,0.008823480590855536
ergo_adaptive,270.25,0.0,0.00882758744680164
ergo_adaptive,270.33333333333337,0.0,0.008831605603328156
ergo_adaptive,270.41666666666663,0.0,0.008835535752322337
ergo_adaptive,270.5,0.0,0.008839378641975018
ergo_adaptive,270.58333333333337,0.0,0.00884313505949746
ergo_adaptive,270.66666666666663,0.0,0.008846805795218859
ergo_adaptive,270.75,0.0,0.008850391576288908
ergo_adaptive,270.83333333333337,0.0,0.008853892951648321
ergo_adaptive,270.91666666666663,0.0,0.008857310099865534
ergo_adaptive,271.0,0.0,0.008860642515886825
ergo_adaptive,271.08333333333337,0.0,0.008863888508299823
ergo_adaptive,271.16666666666663,0.0,0.008867044399342829
ergo_adaptive,271.25,0.0,0.008870103257002803
ergo_adaptive,271.33333333333337,0.0,0.008873052913887828
ergo_adaptive,271.41666666666663,0.0,0.008875873235435374
ergo_adaptive,271.5,0.0,0.008878536569830177
ergo_adaptive,271.58333333333337,0.0,0.00888106396973643
ergo_adaptive,271.66666666666663,0.0,0.008883738506364286
ergo_adaptive,271.75,0.0,0.00888610312259886
ergo_adaptive,271.83333333333337,0.0,0.008888903774728129
ergo_adaptive,271.91666666666663,0.0,0.008892486269071844
ergo_adaptive,272.0,0.0,0.00889761104360724
ergo_adaptive,272.08333333333337,0.0,0.008903436010644214
ergo_adaptive,272.16666666666663,0.0,0.00891019510829814
ergo_adaptive,272.25,0.0,0.008917669698260642
ergo_adaptive,272.33333333333337,0.0,0.008926093900668034
ergo_adaptive,272.41666666666663,0.0,0.008939425660421928
ergo_adaptive,272.5,0.0,0.008947791891042434
ergo_adaptive,272.58333333333337,0.0,0.008960476148399005
ergo_adaptive,272.66666666666663,0.0,0.008969544364800472
ergo_adaptive,272.75,0.0,0.008978347850674353
ergo_adaptive,272.83333333333337,0.0,0.008986715919210152
ergo_adaptive,272.91666666666663,0.0,0.008994572654239093
ergo_adaptive,273.0,0.0,0.009002255672760032
ergo_adaptive,273.08333333333337,0.0,0.009009553871607697
ergo_adaptive,273.16666666666663,0.0,0.009016364495969691
ergo_adaptive,273.25,0.0,0.009022714799911055
ergo_adaptive,273.33333333333337,0.0,0.009028635717588926
ergo_adaptive,273.41666666666663,0.0,0.009034158989877196
ergo_adaptive,273.5,0.0,0.009039315425216889
ergo_adaptive,273.58333333333337,0.0,0.009044133887723082
ergo_adaptive,273.66666666666663,0.0,0.009048640755279495
ergo_adaptive,273.75,0.0,0.009052859679629878
ergo_adaptive,273.83333333333337,0.0,0.009056811536031476
ergo_adaptive,273.91666666666663,0.0,0.009060514485556939
ergo_adaptive,274.0,0.0,0.009063984095874514
ergo_adaptive,274.08333333333337,0.0,0.009067233480061767
ergo_adaptive,274.16666666666663,0.0,0.00907027341914308
ergo_adaptive,274.25,0.0,0.009073112431597663
ergo_adaptive,274.33333333333337,0.0,0.00907575673680554
ergo_adaptive,274.41666666666663,0.0,0.009078210013201604
ergo_adaptive,274.5,0.0,0.00908047272572564
ergo_adaptive,274.58333333333337,0.0,0.009082540411464687
ergo_adaptive,274.66666666666663,0.0,0.00908439885797856
ergo_adaptive,274.75,0.0,0.009086006517674716
ergo_adaptive,274.83333333333337,0.0,0.009087414264418876
ergo_adaptive,274.91666666666663,0.0,0.009089118305322092
ergo_adaptive,275.0,0.0,0.0090911675576343
ergo_adaptive,275.08333333333337,0.0,0.009093233810484191
ergo_adaptive,275.16666666666663,0.0,0.00909829821568339
ergo_adaptive,275.25,0.0,0.009103265561294926
ergo_adaptive,275.33333333333337,0.0,0.00910826466075292
ergo_adaptive,275.41666666666663,0.0,0.009113071527493842
ergo_adaptive,275.5,0.0,0.009117672501290607
ergo_adaptive,275.58333333333337,0.0,0.00912209360889917
ergo_adaptive,275.66666666666663,0.0,0.009126390445484836
ergo_adaptive,275.75,0.0,0.009130656670519818
ergo_adaptive,275.83333333333337,0.0,0.009135052083551663
ergo_adaptive,275.91666666666663,0.0,0.00914004827669975
ergo_adaptive,276.0,0.0,0.009147580731445384
ergo_adaptive,276.08333333333337,0.0,0.009155290177288436
ergo_adaptive,276.16666666666663,0.0,0.009162883639832059
ergo_adaptive,276.25,0.0,0.009169118129270102
ergo_adaptive,276.33333333333337,0.0,0.009172182088326207
ergo_adaptive,276.41666666666663,0.0,0.009174420357283759
ergo_adaptive,276.5,0.0,0.009175023527362205
ergo_adaptive,276.58333333333337,0.0,0.009173993974000155
ergo_adaptive,276.66666666666663,0.0,0.00917369753000198
ergo_adaptive,276.75,0.0,0.00917343076634811
ergo_adaptive,276.83333333333337,0.0,0.00917371592729181
ergo_adaptive,276.91666666666663,0.0,0.009174731486048493
ergo_adaptive,277.0,0.0,0.009175168056830307
ergo_adaptive,277.08333333333337,0.0,0.009171875516096172
ergo_adaptive,277.16666666666663,0.0,0.009165496888915972
ergo_adaptive,277.25,0.0,0.009158380030189253
ergo_adaptive,277.33333333333337,0.0,0.009152399599222462
ergo_adaptive,277.41666666666663,0.0,0.009146192482372433
ergo_adaptive,277.5,0.0,0.009138561851563748
ergo_adaptive,277.58333333333337,0.0,0.009131108265046251
ergo_adaptive,277.66666666666663,0.0,0.00912613821475803
ergo_adaptive,277.75,0.0,0.009121930019189588
ergo_adaptive,277.83333333333337,0.0,0.009116976810291557
ergo_adaptive,277.91666666666663,0.0,0.00911141114141569
ergo_adaptive,278.0,0.0,0.009106525030155126
ergo_adaptive,278.08333333333337,0.0,0.009102611457044475
ergo_adaptive,278.16666666666663,0.0,0.009098499399304311
ergo_adaptive,278.25,0.0,0.009093625577616268
ergo_adaptive,278.33333333333337,0.0,0.009088848710685361
ergo_adaptive,278.41666666666663,0.0,0.00908492827689384
ergo_adaptive,278.5,0.0,0.009081234709491973
ergo_adaptive,278.58333333333337,0.0,0.009076997833452744
ergo_adaptive,278.66666666666663,0.0,0.009072781883111678
ergo_adaptive,278.75,0.0,0.009069569092663581
ergo_adaptive,278.83333333333337,0.0,0.009067127656616943
ergo_adaptive,278.91666666666663,0.0,0.009064460282758466
ergo_adaptive,279.0,0.0,0.009061497916057497
ergo_adaptive,279.08333333333337,0.0,0.009059039344103249
ergo_adaptive,279.16666666666663,0.0,0.009057281309029396
ergo_adaptive,279.25,0.0,0.009057198091968656
ergo_adaptive,279.33333333333337,0.0,0.00906170188217511
ergo_adaptive,279.41666666666663,0.0,0.009068194006367533
ergo_adaptive,279.5,0.0,0.009073706909760115
ergo_adaptive,279.58333333333337,0.0,0.00907443874711605
ergo_adaptive,279.66666666666663,0.0,0.009069236188877613
ergo_adaptive,279.75,0.0,0.009058056930895036
ergo_adaptive,279.83333333333337,0.0,0.009039989970873734
ergo_adaptive,279.91666666666663,0.0,0.009014608373396907
ergo_adaptive,280.0,0.0,0.008984624260421747
ergo_adaptive,280.08333333333337,0.0,0.008953409761397038
ergo_adaptive,280.16666666666663,0.0,0.008921281156423723
ergo_adaptive,280.25,0.0,0.008885871582507518
ergo_adaptive,280.33333333333337,0.0,0.008847871049389404
ergo_adaptive,280.41666666666663,0.0,0.008808812853607654
ergo_adaptive,280.5,0.0,0.008770349823244518
ergo_adaptive,280.58333333333337,0.0,0.008729269164826196
ergo_adaptive,280.66666666666663,0.0,0.008681135213372512
ergo_adaptive,280.75,0.0,0.008629153044105144
ergo_adaptive,280.83333333333337,0.0,0.00858175838879501
ergo_adaptive,280.91666666666663,0.0,0.008538495628118106
ergo_adaptive,281.0,0.0,0.008486516415336319
ergo_adaptive,281.08333333333337,0.0,0.008428645531365877
ergo_adaptive,281.16666666666663,0.0,0.008374727463334454
ergo_adaptive,281.25,0.0,0.008323565278744343
ergo_adaptive,281.33333333333337,0.0,0.008267611857009307
ergo_adaptive,281.41666666666663,0.0,0.00820376877545817
ergo_adaptive,281.5,0.0,0.008136833471372723
ergo_adaptive,281.58333333333337,0.0,0.0080711124872807
ergo_adaptive,281.66666666666663,0.0,0.008005807623458826
ergo_adaptive,281.75,0.0,0.00794130245634317
ergo_adaptive,281.83333333333337,0.0,0.007872431251390586
ergo_adaptive,281.91666666666663,0.0,0.00780416244510501
ergo_adaptive,282.0,0.0,0.007745209030195707
ergo_adaptive,282.08333333333337,0.0,0.007681935944281234
ergo_adaptive,282.16666666666663,0.0,0.007605753987892321
ergo_adaptive,282.25,0.0,0.007522383718776764
ergo_adaptive,282.33333333333337,0.0,0.00744333302005919
ergo_adaptive,282.41666666666663,0.0,0.0073724544434794
ergo_adaptive,282.5,0.0,0.0072986481260966015
ergo_adaptive,282.58333333333337,0.0,0.007217160017793129
ergo_adaptive,282.66666666666663,0.0,0.007133917673792062
ergo_adaptive,282.75,0.0,0.0070530300520716075
ergo_adaptive,282.83333333333337,0.0,0.006971233705914512
ergo_adaptive,282.91666666666663,0.0,0.006884992826635234
ergo_adaptive,283.0,0.0,0.006798243642194481
ergo_adaptive,283.08333333333337,0.0,0.006718333021397148
ergo_adaptive,283.16666666666663,0.0,0.006646576382476835
ergo_adaptive,283.25,0.0,0.006575888953474637
ergo_adaptive,283.33333333333337,0.0,0.00651160384481052
ergo_adaptive,283.41666666666663,0.0,0.006463832037429409
ergo_adaptive,283.5,0.0,0.006429595915926168
ergo_adaptive,283.58333333333337,0.0,0.006395007781675216
ergo_adaptive,283.66666666666663,0.0,0.006362886409598513
ergo_adaptive,283.75,0.0,0.006333961298335027
ergo_adaptive,283.83333333333337,0.0,0.006313566734452608
ergo_adaptive,283.91666666666663,0.0,0.006299169167263384
ergo_adaptive,284.0,0.0,0.006287648418340245
ergo_adaptive,284.08333333333337,0.0,0.006277466104529137
ergo_adaptive,284.16666666666663,0.0,0.006270420858814235
ergo_adaptive,284.25,0.0,0.006266906283888406
ergo_adaptive,284.33333333333337,0.0,0.00626537205305351
ergo_adaptive,284.41666666666663,0.0,0.006263744860047866
ergo_adaptive,284.5,0.0,0.0062621703775205435
ergo_adaptive,284.58333333333337,0.0,0.006262959198993014
ergo_adaptive,284.66666666666663,0.0,0.006266741823910209
ergo_adaptive,284.75,0.0,0.006266870893426691
ergo_adaptive,284.83333333333337,0.0,0.006263722376983052
ergo_adaptive,284.91666666666663,0.0,0.006260805563989582
ergo_adaptive,285.0,0.0,0.006260233807930107
ergo_adaptive,285.08333333333337,0.0,0.0062602255786773815
ergo_adaptive,285.16666666666663,0.0,0.006258763437119454
ergo_adaptive,285.25,0.0,0.006256558060983054
ergo_adaptive,285.33333333333337,0.0,0.006255010815996792
ergo_adaptive,285.41666666666663,0.0,0.006254725044129535
ergo_adaptive,285.5,0.0,0.0062541188531134925
ergo_adaptive,285.58333333333337,0.0,0.006251117152944943
ergo_adaptive,285.66666666666663,0.0,0.006246951560195684
ergo_adaptive,285.75,0.0,0.006244604387073333
ergo_adaptive,285.83333333333337,0.0,0.006242240552159139
ergo_adaptive,285.91666666666663,0.0,0.006235283825800567
ergo_adaptive,286.0,0.0,0.006225134309788767
ergo_adaptive,286.08333333333337,0.0,0.006214800326899901
ergo_adaptive,286.16666666666663,0.0,0.006205809091845753
ergo_adaptive,286.25,0.0,0.006197907416290257
ergo_adaptive,286.33333333333337,0.0,0.006189038411502048
ergo_adaptive,286.41666666666663,0.0,0.006177969911730834
ergo_adaptive,286.5,0.0,0.006166996398188116
ergo_adaptive,286.58333333333337,0.0,0.006158149267965854
ergo_adaptive,286.66666666666663,0.0,0.006146531188326931
ergo_adaptive,286.75,0.0,0.006129449106436284
ergo_adaptive,286.83333333333337,0.0,0.006109617683798389
ergo_adaptive,286.91666666666663,0.0,0.006090184476007272
ergo_adaptive,287.0,0.0,0.006073559247850579
ergo_adaptive,287.08333333333337,0.0,0.006060364085553277
ergo_adaptive,287.16666666666663,0.0,0.006042331489730839
ergo_adaptive,287.25,0.0,0.006016880603416961
ergo_adaptive,287.33333333333337,0.0,0.005988834812251979
ergo_adaptive,287.41666666666663,0.0,0.005961907883912271
ergo_adaptive,287.5,0.0,0.0059376577463860995
ergo_adaptive,287.58333333333337,0.0,0.005915188465015146
ergo_adaptive,287.66666666666663,0.0,0.005891063211947748
ergo_adaptive,287.75,0.0,0.005864057653948074
ergo_adaptive,287.83333333333337,0.0,0.005839905289650344
ergo_adaptive,287.91666666666663,0.0,0.005816568360947725
ergo_adaptive,288.0,0.0,0.005792639824731393
ergo_adaptive,288.08333333333337,0.0,0.005768544315583388
ergo_adaptive,288.16666666666663,0.0,0.005745011037907166
ergo_adaptive,288.25,0.0,0.005723138111037184
ergo_adaptive,288.33333333333337,0.0,0.005705668807635724
ergo_adaptive,288.41666666666663,0.0,0.005691009700147448
ergo_adaptive,288.5,0.0,0.005676942430105113
ergo_adaptive,288.58333333333337,0.0,0.0056614336118551885
ergo_adaptive,288.66666666666663,0.0,0.005647417759173657
ergo_adaptive,288.75,0.0,0.00563740755000927
ergo_adaptive,288.83333333333337,0.0,0.005633790215624687
ergo_adaptive,288.91666666666663,0.0,0.005634480561120358
ergo_adaptive,289.0,0.0,0.005630194931343007
ergo_adaptive,289.08333333333337,0.0,0.005622883042577127
ergo_adaptive,289.16666666666663,0.0,0.005620255689251257
ergo_adaptive,289.25,0.0,0.0056210338433685045
ergo_adaptive,289.33333333333337,0.0,0.005624767180112657
ergo_adaptive,289.41666666666663,0.0,0.005630868077571208
ergo_adaptive,289.5,0.0,0.00563251435278847
ergo_adaptive,289.58333333333337,0.0,0.0056301431955983906
ergo_adaptive,289.66666666666663,0.0,0.005626933322451234
ergo_adaptive,289.75,0.0,0.005625862619939362
ergo_adaptive,289.83333333333337,0.0,0.005625433187045226
ergo_adaptive,289.91666666666663,0.0,0.005624197164003029
ergo_adaptive,290.0,0.0,0.005621646309681354
ergo_adaptive,290.08333333333337,0.0,0.005619374541384594
ergo_adaptive,290.16666666666663,0.0,0.005619324472894469
ergo_adaptive,290.25,0.0,0.005621309961497547
ergo_adaptive,290.33333333333337,0.0,0.005624252274130943
ergo_adaptive,290.41666666666663,0.0,0.005627150967688983
ergo_adaptive,290.5,0.0,0.005632190189885956
ergo_adaptive,290.58333333333337,0.0,0.005638418095287761
ergo_adaptive,290.66666666666663,0.0,0.005643611324508207
ergo_adaptive,290.75,0.0,0.005648657070472593
ergo_adaptive,290.83333333333337,0.0,0.005655695397391234
ergo_adaptive,290.91666666666663,0.0,0.005664799335332381
ergo_adaptive,291.0,0.0,0.005674085358818091
ergo_adaptive,291.08333333333337,0.0,0.005683349897696836
ergo_adaptive,291.16666666666663,0.0,0.005693913485924265
ergo_adaptive,291.25,0.0,0.005706316709157359
ergo_adaptive,291.33333333333337,0.0,0.005719576167825472
ergo_adaptive,291.41666666666663,0.0,0.005734086515421206
ergo_adaptive,291.5,0.0,0.0057495599309940635
ergo_adaptive,291.58333333333337,0.0,0.0057663275925462915
ergo_adaptive,291.66666666666663,0.0,0.0057840054839865965
ergo_adaptive,291.75,0.0,0.005801966361687057
ergo_adaptive,291.83333333333337,0.0,0.005820235541323562
ergo_adaptive,291.91666666666663,0.0,0.005839184001922522
ergo_adaptive,292.0,0.0,0.005858773984913681
ergo_adaptive,292.08333333333337,0.0,0.005878592414223243
ergo_adaptive,292.16666666666663,0.0,0.005898502747025523
ergo_adaptive,292.25,0.0,0.005918727212567255
ergo_adaptive,292.33333333333337,0.0,0.005939766834123895
ergo_adaptive,292.41666666666663,0.0,0.0059619334528276035
ergo_adaptive,292.5,0.0,0.005983816008667529
ergo_adaptive,292.58333333333337,0.0,0.006004006090451386
ergo_adaptive,292.66666666666663,0.0,0.006021487723702807
ergo_adaptive,292.75,0.0,0.006036315688198285
ergo_adaptive,292.83333333333337,0.0,0.006048092509400024
ergo_adaptive,292.91666666666663,0.0,0.006056297105382137
ergo_adaptive,293.0,0.0,0.006062609276491444
ergo_adaptive,293.08333333333337,0.0,0.006069681601097707
ergo_adaptive,293.16666666666663,0.0,0.006076789504723929
ergo_adaptive,293.25,0.0,0.006080544696219954
ergo_adaptive,293.33333333333337,0.0,0.006082346839068051
ergo_adaptive,293.41666666666663,0.0,0.0060850949695279676
ergo_adaptive,293.5,0.0,0.006088909744024935
ergo_adaptive,293.58333333333337,0.0,0.006090434552323591
ergo_adaptive,293.66666666666663,0.0,0.006089660306731694
ergo_adaptive,293.75,0.0,0.006089185600050411
ergo_adaptive,293.83333333333337,0.0,0.006090172827208388
ergo_adaptive,293.91666666666663,0.0,0.006090527855914836
ergo_adaptive,294.0,0.0,0.006089056768319459
ergo_adaptive,294.08333333333337,0.0,0.006087243835987137
ergo_adaptive,294.16666666666663,0.0,0.006088069502037422
ergo_adaptive,294.25,0.0,0.00608945169812407
ergo_adaptive,294.33333333333337,0.0,0.006090139000705976
ergo_adaptive,294.41666666666663,0.0,0.006090392300547796
ergo_adaptive,294.5,0.0,0.006091440270831265
ergo_adaptive,294.58333333333337,0.0,0.006093586156467742
ergo_adaptive,294.66666666666663,0.0,0.0060956690219375175
ergo_adaptive,294.75,0.0,0.006098233705703368
ergo_adaptive,294.83333333333337,0.0,0.006101445404611153
ergo_adaptive,294.91666666666663,0.0,0.006108949242185292
ergo_adaptive,295.0,0.0,0.0061200449278352356
ergo_adaptive,295.08333333333337,0.0,0.006132825705844881
ergo_adaptive,295.16666666666663,0.0,0.0061446220770603535
ergo_adaptive,295.25,0.0,0.00615581092778166
ergo_adaptive,295.33333333333337,0.0,0.006169843795319249
ergo_adaptive,295.41666666666663,0.0,0.0061840387757540844
ergo_adaptive,295.5,0.0,0.006198029324456822
ergo_adaptive,295.58333333333337,0.0,0.006209595147669227
ergo_adaptive,295.66666666666663,0.0,0.006221596851276396
ergo_adaptive,295.75,0.0,0.0062337367314260796
ergo_adaptive,295.83333333333337,0.0,0.0062458695301645635
ergo_adaptive,295.91666666666663,0.0,0.006257896087784676
ergo_adaptive,296.0,0.0,0.006269749754470445
ergo_adaptive,296.08333333333337,0.0,0.006281384562301345
ergo_adaptive,296.16666666666663,0.0,0.006292889899346104
ergo_adaptive,296.25,0.0,0.006305424526397497
ergo_adaptive,296.33333333333337,0.0,0.0063181546353578985
ergo_adaptive,296.41666666666663,0.0,0.006330905744243234
ergo_adaptive,296.5,0.0,0.00634319179572429
ergo_adaptive,296.58333333333337,0.0,0.006354578685772041
ergo_adaptive,296.66666666666663,0.0,0.0063635714970762345
ergo_adaptive,296.75,0.0,0.0063695276629483835
ergo_adaptive,296.83333333333337,0.0,0.006375427748267058
ergo_adaptive,296.91666666666663,0.0,0.0063806091431223965
ergo_adaptive,297.0,0.0,0.006388935544712376
ergo_adaptive,297.08333333333337,0.0,0.006397078332630564
ergo_adaptive,297.16666666666663,0.0,0.006404301361342976
ergo_adaptive,297.25,0.0,0.006414119132613903
ergo_adaptive,297.33333333333337,0.0,0.0064251683093095435
ergo_adaptive,297.41666666666663,0.0,0.006436778188425208
ergo_adaptive,297.5,0.0,0.006448569971766005
ergo_adaptive,297.58333333333337,0.0,0.006460273457371938
ergo_adaptive,297.66666666666663,0.0,0.006473030860180378
ergo_adaptive,297.75,0.0,0.006485331947184741
ergo_adaptive,297.83333333333337,0.0,0.006496747875469915
ergo_adaptive,297.91666666666663,0.0,0.0065069491868470514
ergo_adaptive,298.0,0.0,0.0065167935272673365
ergo_adaptive,298.08333333333337,0.0,0.006523420745839288
ergo_adaptive,298.16666666666663,0.0,0.006530887296723
ergo_adaptive,298.25,0.0,0.0065388782039711695
ergo_adaptive,298.33333333333337,0.0,0.006546462835032235
ergo_adaptive,298.41666666666663,0.0,0.006552455528793869
ergo_adaptive,298.5,0.0,0.006557857989364043
ergo_adaptive,298.58333333333337,0.0,0.00656280827537636
ergo_adaptive,298.66666666666663,0.0,0.006568846611528442
ergo_adaptive,298.75,0.0,0.006577682307220465
ergo_adaptive,298.83333333333337,0.0,0.006587861247099769
ergo_adaptive,298.91666666666663,0.0,0.006598872008192411
ergo_adaptive,299.0,0.0,0.00661021408682668
ergo_adaptive,299.08333333333337,0.0,0.006621553616550183
ergo_adaptive,299.16666666666663,0.0,0.006632751585907478
ergo_adaptive,299.25,0.0,0.006643725732400131
ergo_adaptive,299.33333333333337,0.0,0.006654429494903387
ergo_adaptive,299.41666666666663,0.0,0.006664839014989401
ergo_adaptive,299.5,0.0,0.0066749445154980795
ergo_adaptive,299.58333333333337,0.0,0.006684743857354729
ergo_adaptive,299.66666666666663,0.0,0.006694235511310149
ergo_adaptive,299.75,0.0,0.006703398186683424
ergo_adaptive,299.83333333333337,0.0,0.006711940180410912
ergo_adaptive,299.91666666666663,0.0,0.006718512893332252
ergo_adaptive,300.0,0.0,0.0067211618101591306
ergo_adaptive,300.08333333333337,0.0,0.00672007077103965
ergo_adaptive,300.16666666666663,0.0,0.006716857267213182
ergo_adaptive,300.25,0.0,0.006712281700336026
ergo_adaptive,300.33333333333337,0.0,0.006705480780917637
ergo_adaptive,300.41666666666663,0.0,0.006698072174570947
ergo_adaptive,300.5,0.0,0.0066914675791049875
ergo_adaptive,300.58333333333337,0.0,0.006686115932314686
ergo_adaptive,300.66666666666663,0.0,0.006680139553296503
ergo_adaptive,300.75,0.0,0.0066735693835603856
ergo_adaptive,300.83333333333337,0.0,0.006668713593555466
ergo_adaptive,300.91666666666663,0.0,0.00666703144271779
ergo_adaptive,301.0,0.0,0.006665662561041528
ergo_adaptive,301.08333333333337,0.0,0.006663248009437492
ergo_adaptive,301.16666666666663,0.0,0.006661754529716849
ergo_adaptive,301.25,0.0,0.006663163373116024
ergo_adaptive,301.33333333333337,0.0,0.006666058111868552
ergo_adaptive,301.41666666666663,0.0,0.006668620490054224
ergo_adaptive,301.5,0.0,0.006671648052672756
ergo_adaptive,301.58333333333337,0.0,0.006676441936778833
ergo_adaptive,301.66666666666663,0.0,0.00668281893185457
ergo_adaptive,301.75,0.0,0.006689795908202315
ergo_adaptive,301.83333333333337,0.0,0.006697208236263111
ergo_adaptive,301.91666666666663,0.0,0.006705252341687984
ergo_adaptive,302.0,0.0,0.006714238937749959
ergo_adaptive,302.08333333333337,0.0,0.0067240559353937
ergo_adaptive,302.16666666666663,0.0,0.006734972706533938
ergo_adaptive,302.25,0.0,0.006746823249391277
ergo_adaptive,302.33333333333337,0.0,0.006757621451236844
ergo_adaptive,302.41666666666663,0.0,0.0067678744494475244
ergo_adaptive,302.5,0.0,0.006776816427074762
ergo_adaptive,302.58333333333337,0.0,0.0067866040059074385
ergo_adaptive,302.66666666666663,0.0,0.006795806140098744
ergo_adaptive,302.75,0.0,0.006805395343722132
ergo_adaptive,302.83333333333337,0.0,0.0068153472669093985
ergo_adaptive,302.91666666666663,0.0,0.006824386339798855
ergo_adaptive,303.0,0.0,0.006831813860534896
ergo_adaptive,303.08333333333337,0.0,0.0068379881439185235
ergo_adaptive,303.16666666666663,0.0,0.006844176811958946
ergo_adaptive,303.25,0.0,0.006851094271010457
ergo_adaptive,303.33333333333337,0.0,0.006857189287231291
ergo_adaptive,303.41666666666663,0.0,0.006863670822955299
ergo_adaptive,303.5,0.0,0.006871780501780369
ergo_adaptive,303.58333333333337,0.0,0.006879716803259159
ergo_adaptive,303.66666666666663,0.0,0.006887683989091017
ergo_adaptive,303.75,0.0,0.00689576025099815
ergo_adaptive,303.83333333333337,0.0,0.006903854241074375
ergo_adaptive,303.91666666666663,0.0,0.006910649964574949
ergo_adaptive,304.0,0.0,0.00691766537585621
ergo_adaptive,304.08333333333337,0.0,0.006924244210051812
ergo_adaptive,304.16666666666663,0.0,0.006930052932194207
ergo_adaptive,304.25,0.0,0.006936212592976374
ergo_adaptive,304.33333333333337,0.0,0.006942273375027308
ergo_adaptive,304.41666666666663,0.0,0.006946976449379723
ergo_adaptive,304.5,0.0,0.006951448169532127
ergo_adaptive,304.58333333333337,0.0,0.006955408946062463
ergo_adaptive,304.66666666666663,0.0,0.006958821379197274
ergo_adaptive,304.75,0.0,0.006962212114591083
ergo_adaptive,304.83333333333337,0.0,0.006966703445083297
ergo_adaptive,304.91666666666663,0.0,0.006973660796070793
ergo_adaptive,305.0,0.0,0.006981763322579694
ergo_adaptive,305.08333333333337,0.0,0.006990031735708334
ergo_adaptive,305.16666666666663,0.0,0.006998772016997115
ergo_adaptive,305.25,0.0,0.007008520534523593
ergo_adaptive,305.33333333333337,0.0,0.007018936192156724
ergo_adaptive,305.41666666666663,0.0,0.007029352881211919
ergo_adaptive,305.5,0.0,0.007040050104747471
ergo_adaptive,305.58333333333337,0.0,0.007052290300738238
ergo_adaptive,305.66666666666663,0.0,0.007066783633268061
ergo_adaptive,305.75,0.0,0.007081515576176768
ergo_adaptive,305.83333333333337,0.0,0.007096198465501104
ergo_adaptive,305.91666666666663,0.0,0.007110630675879715
ergo_adaptive,306.0,0.0,0.007124681428666998
ergo_adaptive,306.08333333333337,0.0,0.007138270726288725
ergo_adaptive,306.16666666666663,0.0,0.007151353472504694
ergo_adaptive,306.25,0.0,0.007163909457150194
ergo_adaptive,306.33333333333337,0.0,0.007175936513006182
ergo_adaptive,306.41666666666663,0.0,0.007187445380252928
ergo_adaptive,306.5,0.0,0.007198455700192594
ergo_adaptive,306.58333333333337,0.0,0.007208992877729891
ergo_adaptive,306.66666666666663,0.0,0.007219085651044897
ergo_adaptive,306.75,0.0,0.007228764244467969
ergo_adaptive,306.83333333333337,0.0,0.0072380590014045456
ergo_adaptive,306.91666666666663,0.0,0.007246999408791472
ergo_adaptive,307.0,0.0,0.007255684055615731
ergo_adaptive,307.08333333333337,0.0,0.007264460514752024
ergo_adaptive,307.16666666666663,0.0,0.007272964371970724
ergo_adaptive,307.25,0.0,0.007281217135373662
ergo_adaptive,307.33333333333337,0.0,0.0072892381076975175
ergo_adaptive,307.41666666666663,0.0,0.007297681955360858
ergo_adaptive,307.5,0.0,0.007305966365704954
ergo_adaptive,307.58333333333337,0.0,0.007314067323744339
ergo_adaptive,307.66666666666663,0.0,0.007321996428264037
ergo_adaptive,307.75,0.0,0.007329763795385488
ergo_adaptive,307.83333333333337,0.0,0.007337378221357305
ergo_adaptive,307.91666666666663,0.0,0.00734484733611374
ergo_adaptive,308.0,0.0,0.007352177745191312
ergo_adaptive,308.08333333333337,0.0,0.007359375158854864
ergo_adaptive,308.16666666666663,0.0,0.007366444508160139
ergo_adaptive,308.25,0.0,0.0073733900482646384
ergo_adaptive,308.33333333333337,0.0,0.0073802154496673536
ergo_adaptive,308.41666666666663,0.0,0.00738692387827071
ergo_adaptive,308.5,0.0,0.007393518065260863
ergo_adaptive,308.58333333333337,0.0,0.007400000367830144
ergo_adaptive,308.66666666666663,0.0,0.007407045880777021
ergo_adaptive,308.75,0.0,0.007414144112487533
ergo_adaptive,308.83333333333337,0.0,0.0074211371805083465
ergo_adaptive,308.91666666666663,0.0,0.007428026379783991
ergo_adaptive,309.0,0.0,0.007434812831683876
ergo_adaptive,309.08333333333337,0.0,0.007441497508337292
ergo_adaptive,309.16666666666663,0.0,0.007448081253382171
ergo_adaptive,309.25,0.0,0.007454564799616016
ergo_adaptive,309.33333333333337,0.0,0.007460948783973858
ergo_adaptive,309.41666666666663,0.0,0.007467233760201027
ergo_adaptive,309.5,0.0,0.007473420209537279
ergo_adaptive,309.58333333333337,0.0,0.007479508549683632
ergo_adaptive,309.66666666666663,0.0,0.0074854991422830565
ergo_adaptive,309.75,0.0,0.007491392299110705
ergo_adaptive,309.83333333333337,0.0,0.0074971882871380565
ergo_adaptive,309.91666666666663,0.0,0.007503321887755355
ergo_adaptive,310.0,0.0,0.0075097690626448246
ergo_adaptive,310.08333333333337,0.0,0.007516468869651279
ergo_adaptive,310.16666666666663,0.0,0.007523137907864087
ergo_adaptive,310.25,0.0,0.007529709565982331
ergo_adaptive,310.33333333333337,0.0,0.007536183884327899
ergo_adaptive,310.41666666666663,0.0,0.007542560870926103
ergo_adaptive,310.5,0.0,0.00754884050055609
ergo_adaptive,310.58333333333337,0.0,0.007555022713092578
ergo_adaptive,310.66666666666663,0.0,0.007561107411057424
ergo_adaptive,310.75,0.0,0.007567094456254318
ergo_adaptive,310.83333333333337,0.0,0.007572983665295834
ergo_adaptive,310.91666666666663,0.0,0.007578774803737208
ergo_adaptive,311.0,0.0,0.007584467578374983
ergo_adaptive,311.08333333333337,0.0,0.007590811249699976
ergo_adaptive,311.16666666666663,0.0,0.007594574259203511
ergo_adaptive,311.25,0.0,0.007595870698403226
ergo_adaptive,311.33333333333337,0.0,0.007595989654705927
ergo_adaptive,311.41666666666663,0.0,0.007596459325271034
ergo_adaptive,311.5,0.0,0.007596139864401906
ergo_adaptive,311.58333333333337,0.0,0.007593671222671171
ergo_adaptive,311.66666666666663,0.0,0.007589972138053765
ergo_adaptive,311.75,0.0,0.0075870051451953895
ergo_adaptive,311.83333333333337,0.0,0.0075839488943415115
ergo_adaptive,311.91666666666663,0.0,0.007578552073364339
ergo_adaptive,312.0,0.0,0.007571078748892279
ergo_adaptive,312.08333333333337,0.0,0.007564083143580445
ergo_adaptive,312.16666666666663,0.0,0.007559049141785757
ergo_adaptive,312.25,0.0,0.007552867729511474
ergo_adaptive,312.33333333333337,0.0,0.007545214442339948
ergo_adaptive,312.41666666666663,0.0,0.007537955297389807
ergo_adaptive,312.5,0.0,0.007532541890980699
ergo_adaptive,312.58333333333337,0.0,0.0075257361614977925
ergo_adaptive,312.66666666666663,0.0,0.007516248618149245
ergo_adaptive,312.75,0.0,0.007506288178943471
ergo_adaptive,312.83333333333337,0.0,0.007498198287955399
ergo_adaptive,312.91666666666663,0.0,0.007490428828921032
ergo_adaptive,313.0,0.0,0.007480414205656693
ergo_adaptive,313.08333333333337,0.0,0.007469109576510502
ergo_adaptive,313.16666666666663,0.0,0.007458644865663663
ergo_adaptive,313.25,0.0,0.007448969969942646
ergo_adaptive,313.33333333333337,0.0,0.0074379588489638425
ergo_adaptive,313.41666666666663,0.0,0.007425316400468579
ergo_adaptive,313.5,0.0,0.007412548124747759
ergo_adaptive,313.58333333333337,0.0,0.007400525417098931
ergo_adaptive,313.66666666666663,0.0,0.007389231053779939
ergo_adaptive,313.75,0.0,0.007377628363068501
ergo_adaptive,313.83333333333337,0.0,0.007365747230855425
ergo_adaptive,313.91666666666663,0.0,0.007354561632484177
ergo_adaptive,314.0,0.0,0.007344050249247706
ergo_adaptive,314.08333333333337,0.0,0.007333246083475422
ergo_adaptive,314.16666666666663,0.0,0.007321852702517482
ergo_adaptive,314.25,0.0,0.007310808070043655
ergo_adaptive,314.33333333333337,0.0,0.007300344169710528
ergo_adaptive,314.41666666666663,0.0,0.0072869550244450895
ergo_adaptive,314.5,0.0,0.0072697293892739
ergo_adaptive,314.58333333333337,0.0,0.007252694558044476
ergo_adaptive,314.66666666666663,0.0,0.007240123832488654
ergo_adaptive,314.75,0.0,0.007227319059775092
ergo_adaptive,314.83333333333337,0.0,0.007210244669285263
ergo_adaptive,314.91666666666663,0.0,0.007192163674470305
ergo_adaptive,315.0,0.0,0.007176596062571274
ergo_adaptive,315.08333333333337,0.0,0.007162641073847773
ergo_adaptive,315.16666666666663,0.0,0.007146728410089935
ergo_adaptive,315.25,0.0,0.007128900145394564
ergo_adaptive,315.33333333333337,0.0,0.007111553994139966
ergo_adaptive,315.41666666666663,0.0,0.007096422972713132
ergo_adaptive,315.5,0.0,0.007080690121407754
ergo_adaptive,315.58333333333337,0.0,0.007063153637168648
ergo_adaptive,315.66666666666663,0.0,0.007044964613922977
ergo_adaptive,315.75,0.0,0.007027478281428601
ergo_adaptive,315.83333333333337,0.0,0.007009848481545034
ergo_adaptive,315.91666666666663,0.0,0.00699043747679148
ergo_adaptive,316.0,0.0,0.006969628873158149
ergo_adaptive,316.08333333333337,0.0,0.006949127568345061
ergo_adaptive,316.16666666666663,0.0,0.006928945500324215
ergo_adaptive,316.25,0.0,0.006907204900295465
ergo_adaptive,316.33333333333337,0.0,0.0068833824860423465
ergo_adaptive,316.41666666666663,0.0,0.006859165599510263
ergo_adaptive,316.5,0.0,0.006835455160243158
ergo_adaptive,316.58333333333337,0.0,0.006810515924675334
ergo_adaptive,316.66666666666663,0.0,0.006782966018399889
ergo_adaptive,316.75,0.0,0.006754304001480139
ergo_adaptive,316.83333333333337,0.0,0.006726449045689564
ergo_adaptive,316.91666666666663,0.0,0.006698121775237988
ergo_adaptive,317.0,0.0,0.0066666765989250604
ergo_adaptive,317.08333333333337,0.0,0.006633442302303806
ergo_adaptive,317.16666666666663,0.0,0.0066019109617653626
ergo_adaptive,317.25,0.0,0.00657007438479662
ergo_adaptive,317.33333333333337,0.0,0.006535125046748827
ergo_adaptive,317.41666666666663,0.0,0.0064979493030162825
ergo_adaptive,317.5,0.0,0.0064645070138477844
ergo_adaptive,317.58333333333337,0.0,0.0064322609502687825
ergo_adaptive,317.66666666666663,0.0,0.006400939230547565
ergo_adaptive,317.75,0.0,0.006368331996300521
ergo_adaptive,317.83333333333337,0.0,0.006335277830183345
ergo_adaptive,317.91666666666663,0.0,0.006305192663811046
ergo_adaptive,318.0,0.0,0.006276386250935405
ergo_adaptive,318.08333333333337,0.0,0.006245913668873461
ergo_adaptive,318.16666666666663,0.0,0.006215047721910194
ergo_adaptive,318.25,0.0,0.006185786405277092
ergo_adaptive,318.33333333333337,0.0,0.006179715257583627
ergo_adaptive,318.41666666666663,0.0,0.006170780943911279
ergo_adaptive,318.5,0.0,0.006170488587519205
ergo_adaptive,318.58333333333337,0.0,0.006171456195292896
ergo_adaptive,318.66666666666663,0.0,0.006172481798456574
ergo_adaptive,318.75,0.0,0.006170953482728042
ergo_adaptive,318.83333333333337,0.0,0.006173580055231137
ergo_adaptive,318.91666666666663,0.0,0.006175617614804805
ergo_adaptive,319.0,0.0,0.006177954752647564
ergo_adaptive,319.08333333333337,0.0,0.006179902841207468
ergo_adaptive,319.16666666666663,0.0,0.0061815772521137185
ergo_adaptive,319.25,0.0,0.006182814357785193
ergo_adaptive,319.33333333333337,0.0,0.006183216061154397
ergo_adaptive,319.41666666666663,0.0,0.006183879749566926
ergo_adaptive,319.5,0.0,0.00618457367611667
ergo_adaptive,319.58333333333337,0.0,0.00618494686098368
ergo_adaptive,319.66666666666663,0.0,0.00618466116082579
ergo_adaptive,319.75,0.0,0.0061830621437586894
ergo_adaptive,319.83333333333337,0.0,0.0061769875069964016
ergo_adaptive,319.91666666666663,0.0,0.006169257532178818
ergo_adaptive,320.0,0.0,0.006158052481786753
ergo_adaptive,320.08333333333337,0.0,0.006145164261235447
ergo_adaptive,320.16666666666663,0.0,0.006131649467223522
ergo_adaptive,320.25,0.0,0.0061152831329404755
ergo_adaptive,320.33333333333337,0.0,0.006103057639469565
ergo_adaptive,320.41666666666663,0.0,0.006096015039167342
ergo_adaptive,320.5,0.0,0.006091166492003856
ergo_adaptive,320.58333333333337,0.0,0.006083651873243601
ergo_adaptive,320.66666666666663,0.0,0.006081455990742856
ergo_adaptive,320.75,0.0,0.006081300633840657
ergo_adaptive,320.83333333333337,0.0,0.006081796270164773
ergo_adaptive,320.91666666666663,0.0,0.006083109306649522
ergo_adaptive,321.0,0.0,0.006084397032243431
ergo_adaptive,321.08333333333337,0.0,0.006085001029161767
ergo_adaptive,321.16666666666663,0.0,0.006080965510113393
ergo_adaptive,321.25,0.0,0.006080395787157247
ergo_adaptive,321.33333333333337,0.0,0.006080696685441602
ergo_adaptive,321.41666666666663,0.0,0.006078363001801121
ergo_adaptive,321.5,0.0,0.006076475083340716
ergo_adaptive,321.58333333333337,0.0,0.006074529480265819
ergo_adaptive,321.66666666666663,0.0,0.006071907784449308
ergo_adaptive,321.75,0.0,0.006064096204371049
ergo_adaptive,321.83333333333337,0.0,0.006055250400152304
ergo_adaptive,321.91666666666663,0.0,0.0060485792870386725
ergo_adaptive,322.0,0.0,0.006037293486666276
ergo_adaptive,322.08333333333337,0.0,0.006022063370717449
ergo_adaptive,322.16666666666663,0.0,0.005993418150091064
ergo_adaptive,322.25,0.0,0.005950494541420233
ergo_adaptive,322.33333333333337,0.0,0.005896333586671081
ergo_adaptive,322.41666666666663,0.0,0.005843092612972078
ergo_adaptive,322.5,0.0,0.005792314436774968
ergo_adaptive,322.58333333333337,0.0,0.005741762559907292
ergo_adaptive,322.66666666666663,0.0,0.005699330389540781
ergo_adaptive,322.75,0.0,0.0056540474057755535
ergo_adaptive,322.83333333333337,0.0,0.005596139545405466
ergo_adaptive,322.91666666666663,0.0,0.005519739106467236
ergo_adaptive,323.0,0.0,0.005428395110129273
ergo_adaptive,323.08333333333337,0.0,0.005346419200673954
ergo_adaptive,323.16666666666663,0.0,0.00527043116445699
ergo_adaptive,323.25,0.0,0.005184046821629756
ergo_adaptive,323.33333333333337,0.0,0.005100467008190908
ergo_adaptive,323.41666666666663,0.0,0.005019294067073011
ergo_adaptive,323.5,0.0,0.004946604928014423
ergo_adaptive,323.58333333333337,0.0,0.004869001743992282
ergo_adaptive,323.66666666666663,0.0,0.004772411337558669
ergo_adaptive,323.75,0.0,0.004669152806128936
ergo_adaptive,323.83333333333337,0.0,0.004585520200365961
ergo_adaptive,323.91666666666663,6.96899600012056e-6,0.00452471564773529
ergo_adaptive,324.0,4.254181870868538e-6,0.0044630572273529675
ergo_adaptive,324.08333333333337,1.5619139521844996e-5,0.004402220579097534
ergo_adaptive,324.16666666666663,8.321480940734148e-5,0.00434742450335242
ergo_adaptive,324.25,0.0005084412180893392,0.004314046241342642
ergo_adaptive,324.33333333333337,0.00028732264297665804,0.004303445206493394
ergo_adaptive,324.41666666666663,0.00038960277156517,0.004292956219153078
ergo_adaptive,324.5,3.1256855610384463e-5,0.00428792829567158
ergo_adaptive,324.58333333333337,7.274413102785127e-5,0.004290928140466479
ergo_adaptive,324.66666666666663,4.186070063593558e-5,0.004296196187799399
ergo_adaptive,324.75,6.375463626873816e-5,0.004298713220716337
ergo_adaptive,324.83333333333337,3.0084993862579625e-5,0.00430079564670896
ergo_adaptive,324.91666666666663,0.0,0.004301786197354976
ergo_adaptive,325.0,0.0,0.004305017279820744
ergo_adaptive,325.08333333333337,0.0,0.004307583245936468
ergo_adaptive,325.16666666666663,0.0,0.004307447051230465
ergo_adaptive,325.25,0.0,0.004305044197301605
ergo_adaptive,325.33333333333337,0.0,0.00430317161507245
ergo_adaptive,325.41666666666663,0.0,0.004303052250814086
ergo_adaptive,325.5,0.0,0.004303411528447928
ergo_adaptive,325.58333333333337,0.0,0.004303576443793923
ergo_adaptive,325.66666666666663,0.0,0.00430416406020971
ergo_adaptive,325.75,0.0,0.004305625803982526
ergo_adaptive,325.83333333333337,0.0,0.0043073598208295295
ergo_adaptive,325.91666666666663,0.0,0.004308579582833973
ergo_adaptive,326.0,0.0,0.004310893048642992
ergo_adaptive,326.08333333333337,0.0,0.004314825977648794
ergo_adaptive,326.16666666666663,0.0,0.004318974638446808
ergo_adaptive,326.25,0.0,0.0043226242957861505
ergo_adaptive,326.33333333333337,0.0,0.00432560867399257
ergo_adaptive,326.41666666666663,0.0,0.0043285335777412705
ergo_adaptive,326.5,0.0,0.004331829681041335
ergo_adaptive,326.58333333333337,0.0,0.004335058912470632
ergo_adaptive,326.66666666666663,0.0,0.004339122610103443
ergo_adaptive,326.75,0.0,0.004342835351650103
ergo_adaptive,326.83333333333337,0.0,0.0043470584864558895
ergo_adaptive,326.91666666666663,0.0,0.00435135912287724
ergo_adaptive,327.0,0.0,0.004354518615335763
ergo_adaptive,327.08333333333337,0.0,0.004356921920411612
ergo_adaptive,327.16666666666663,0.0,0.004360038523965609
ergo_adaptive,327.25,0.0,0.0043642460026256345
ergo_adaptive,327.33333333333337,0.0,0.004368521195271069
ergo_adaptive,327.41666666666663,0.0,0.0043721258878087225
ergo_adaptive,327.5,0.0,0.004376122986642854
ergo_adaptive,327.58333333333337,0.0,0.004382045953117705
ergo_adaptive,327.66666666666663,0.0,0.0043870449770459655
ergo_adaptive,327.75,0.0,0.0043900536168471555
ergo_adaptive,327.83333333333337,0.0,0.004392802673008396
ergo_adaptive,327.91666666666663,0.0,0.0043970053288003045
ergo_adaptive,328.0,0.0,0.004401606151724976
ergo_adaptive,328.08333333333337,0.0,0.004405501058246831
ergo_adaptive,328.16666666666663,0.0,0.004408674719935727
ergo_adaptive,328.25,0.0,0.00441256092072051
ergo_adaptive,328.33333333333337,0.0,0.004417302732544398
ergo_adaptive,328.41666666666663,0.0,0.004421204886879081
ergo_adaptive,328.5,0.0,0.004425478481726189
ergo_adaptive,328.58333333333337,0.0,0.004430681069694413
ergo_adaptive,328.66666666666663,0.0,0.00443753674081205
ergo_adaptive,328.75,0.0,0.0044442593972077345
ergo_adaptive,328.83333333333337,0.0,0.00445024611516954
ergo_adaptive,328.91666666666663,0.0,0.004457527363504293
ergo_adaptive,329.0,0.0,0.004465452466548412
ergo_adaptive,329.08333333333337,0.0,0.004474008847826267
ergo_adaptive,329.16666666666663,0.0,0.004482369471022774
ergo_adaptive,329.25,0.0,0.004490717761878729
ergo_adaptive,329.33333333333337,0.0,0.00450099588267496
ergo_adaptive,329.41666666666663,0.0,0.004511893738975057
ergo_adaptive,329.5,0.0,0.004522519514487698
ergo_adaptive,329.58333333333337,0.0,0.004532611643829418
ergo_adaptive,329.66666666666663,0.0,0.004542839386132046
ergo_adaptive,329.75,0.0,0.004553615966397457
ergo_adaptive,329.83333333333337,0.0,0.004565387145647789
ergo_adaptive,329.91666666666663,0.0,0.004579725634666824
ergo_adaptive,330.0,0.0,0.004595143640403396
ergo_adaptive,330.08333333333337,0.0,0.004610694494570406
ergo_adaptive,330.16666666666663,0.0,0.004623963248674587
ergo_adaptive,330.25,0.0,0.004635128851135806
ergo_adaptive,330.33333333333337,0.0,0.004643201476984057
ergo_adaptive,330.41666666666663,0.0,0.004646414507109561
ergo_adaptive,330.5,0.0,0.004645171222852665
ergo_adaptive,330.58333333333337,0.0,0.004641753808256883
ergo_adaptive,330.66666666666663,0.0,0.004637826450514819
ergo_adaptive,330.75,0.0,0.0046348052497470526
ergo_adaptive,330.83333333333337,0.0,0.004629385598863952
ergo_adaptive,330.91666666666663,0.0,0.0046219427519359115
ergo_adaptive,331.0,0.0,0.00461427897284963
ergo_adaptive,331.08333333333337,0.0,0.00460671550503097
ergo_adaptive,331.16666666666663,0.0,0.004596388821070661
ergo_adaptive,331.25,0.0,0.004585966750176202
ergo_adaptive,331.33333333333337,0.0,0.004577601253036473
ergo_adaptive,331.41666666666663,0.0,0.004572442810714916
ergo_adaptive,331.5,0.0,0.004564360758764109
ergo_adaptive,331.58333333333337,0.0,0.004549649948101335
ergo_adaptive,331.66666666666663,0.0,0.004532554693650995
ergo_adaptive,331.75,0.0,0.004517383228122129
ergo_adaptive,331.83333333333337,0.0,0.004502292375860672
ergo_adaptive,331.91666666666663,0.0,0.004483358544695542
ergo_adaptive,332.0,0.0,0.004461413457932701
ergo_adaptive,332.08333333333337,0.0,0.004440979205472616
ergo_adaptive,332.16666666666663,0.0,0.004425766020992519
ergo_adaptive,332.25,0.0,0.004410913731726499
ergo_adaptive,332.33333333333337,0.0,0.004394629221603465
ergo_adaptive,332.41666666666663,0.0,0.004377354625354115
ergo_adaptive,332.5,0.0,0.00436307789092246
ergo_adaptive,332.58333333333337,0.0,0.004357760207712928
ergo_adaptive,332.66666666666663,0.0,0.004347986079336138
ergo_adaptive,332.75,0.0,0.004333862105463405
ergo_adaptive,332.83333333333337,0.0,0.004320488903613491
ergo_adaptive,332.91666666666663,0.0,0.004310344066713292
ergo_adaptive,333.0,0.0,0.0043010598321576755
ergo_adaptive,333.08333333333337,0.0,0.004299392293713195
ergo_adaptive,333.16666666666663,0.0,0.004294542933753441
ergo_adaptive,333.25,0.0,0.004286974333254882
ergo_adaptive,333.33333333333337,0.0,0.00427865148806488
ergo_adaptive,333.41666666666663,0.0,0.004270810653166297
ergo_adaptive,333.5,0.0,0.004262758458058255
ergo_adaptive,333.58333333333337,0.0,0.0042546536018665355
ergo_adaptive,333.66666666666663,0.0,0.004248481770205253
ergo_adaptive,333.75,0.0,0.004245647207816655
ergo_adaptive,333.83333333333337,0.0,0.004244831847813979
ergo_adaptive,333.91666666666663,0.0,0.00424413545527189
ergo_adaptive,334.0,0.0,0.004244400974939437
ergo_adaptive,334.08333333333337,0.0,0.004248065610391313
ergo_adaptive,334.16666666666663,0.0,0.0042546740528710235
ergo_adaptive,334.25,0.0,0.004258841217827955
ergo_adaptive,334.33333333333337,0.0,0.004261496581202869
ergo_adaptive,334.41666666666663,0.0,0.004265391072171464
ergo_adaptive,334.5,0.0,0.004271192975552891
ergo_adaptive,334.58333333333337,0.0,0.004276935848239789
ergo_adaptive,334.66666666666663,0.0,0.004281815130657599
ergo_adaptive,334.75,0.0,0.004286673658327461
ergo_adaptive,334.83333333333337,0.0,0.0042923980495429385
ergo_adaptive,334.91666666666663,0.0,0.004299517160885296
ergo_adaptive,335.0,0.0,0.004307734521720715
ergo_adaptive,335.08333333333337,0.0,0.004315214761272694
ergo_adaptive,335.16666666666663,0.0,0.004322857914660188
ergo_adaptive,335.25,0.0,0.0043321689296096765
ergo_adaptive,335.33333333333337,0.0,0.004341811066574317
ergo_adaptive,335.41666666666663,0.0,0.004348847919239126
ergo_adaptive,335.5,0.0,0.004354725691064878
ergo_adaptive,335.58333333333337,0.0,0.004361599488061361
ergo_adaptive,335.66666666666663,0.0,0.0043691220459094885
ergo_adaptive,335.75,0.0,0.004375454436584073
ergo_adaptive,335.83333333333337,0.0,0.004380632913955441
ergo_adaptive,335.91666666666663,0.0,0.004385837709398434
ergo_adaptive,336.0,0.0,0.004391731009428106
ergo_adaptive,336.08333333333337,0.0,0.004397833126197259
ergo_adaptive,336.16666666666663,0.0,0.004404850471442582
ergo_adaptive,336.25,0.0,0.004411395741180443
ergo_adaptive,336.33333333333337,0.0,0.004418685878518323
ergo_adaptive,336.41666666666663,0.0,0.004427506214340274
ergo_adaptive,336.5,0.0,0.00443486912833085
ergo_adaptive,336.58333333333337,0.0,0.004440648631411962
ergo_adaptive,336.66666666666663,0.0,0.0044467221082572376
ergo_adaptive,336.75,0.0,0.004454377924992178
ergo_adaptive,336.83333333333337,0.0,0.004462013135581448
ergo_adaptive,336.91666666666663,0.0,0.004468686526096013
ergo_adaptive,337.0,0.0,0.00447641291054659
ergo_adaptive,337.08333333333337,0.0,0.004485159741372835
ergo_adaptive,337.16666666666663,0.0,0.0044950133543043315
ergo_adaptive,337.25,0.0,0.0045050583803271154
ergo_adaptive,337.33333333333337,0.0,0.004514816884236784
ergo_adaptive,337.41666666666663,0.0,0.0045249389358712425
ergo_adaptive,337.5,0.0,0.004536414210801341
ergo_adaptive,337.58333333333337,0.0,0.004548674039651459
ergo_adaptive,337.66666666666663,0.0,0.00455985502327437
ergo_adaptive,337.75,0.0,0.004570415039595155
ergo_adaptive,337.83333333333337,0.0,0.00458244070512062
ergo_adaptive,337.91666666666663,0.0,0.004596519563547114
ergo_adaptive,338.0,0.0,0.004610503575918001
ergo_adaptive,338.08333333333337,0.0,0.004623388900480165
ergo_adaptive,338.16666666666663,0.0,0.004637268362350567
ergo_adaptive,338.25,0.0,0.00465315229168926
ergo_adaptive,338.33333333333337,0.0,0.004670093919126186
ergo_adaptive,338.41666666666663,0.0,0.00468733645703358
ergo_adaptive,338.5,0.0,0.004706035414135278
ergo_adaptive,338.58333333333337,0.0,0.004726239391958984
ergo_adaptive,338.66666666666663,0.0,0.004747109547934421
ergo_adaptive,338.75,0.0,0.004768241309832225
ergo_adaptive,338.83333333333337,0.0,0.004789523081931357
ergo_adaptive,338.91666666666663,0.0,0.004810028423055905
ergo_adaptive,339.0,0.0,0.0048303368921225175
ergo_adaptive,339.08333333333337,0.0,0.004850390820859195
ergo_adaptive,339.16666666666663,0.0,0.004870249619694007
ergo_adaptive,339.25,0.0,0.004890042798032217
ergo_adaptive,339.33333333333337,0.0,0.004908650931900053
ergo_adaptive,339.41666666666663,0.0,0.004927310035170919
ergo_adaptive,339.5,0.0,0.004945789740304486
ergo_adaptive,339.58333333333337,0.0,0.004964181401704037
ergo_adaptive,339.66666666666663,0.0,0.004982556063270953
ergo_adaptive,339.75,0.0,0.005001337548950926
ergo_adaptive,339.83333333333337,0.0,0.005018483870188037
ergo_adaptive,339.91666666666663,0.0,0.00503605156588632
ergo_adaptive,340.0,0.0,0.0050534953038559385
ergo_adaptive,340.08333333333337,0.0,0.005071001212440987
ergo_adaptive,340.16666666666663,0.0,0.00508879733968087
ergo_adaptive,340.25,0.0,0.005105034646264549
ergo_adaptive,340.33333333333337,0.0,0.005121531883738175
ergo_adaptive,340.41666666666663,0.0,0.005137898101676198
ergo_adaptive,340.5,0.0,0.005154288023867387
ergo_adaptive,340.58333333333337,0.0,0.005170703534349656
ergo_adaptive,340.66666666666663,0.0,0.005187192125879202
ergo_adaptive,340.75,0.0,0.005204031037284491
ergo_adaptive,340.83333333333337,0.0,0.005217912663877066
ergo_adaptive,340.91666666666663,0.0,0.0052326488503975565
ergo_adaptive,341.0,0.0,0.00524714240329242
ergo_adaptive,341.08333333333337,0.0,0.005261743274819824
ergo_adaptive,341.16666666666663,0.0,0.005276430872444065
ergo_adaptive,341.25,0.0,0.005291222211399703
ergo_adaptive,341.33333333333337,0.0,0.005306150298584465
ergo_adaptive,341.41666666666663,0.0,0.0053175201898419
ergo_adaptive,341.5,0.0,0.005328679785571102
ergo_adaptive,341.58333333333337,0.0,0.005342336172456582
ergo_adaptive,341.66666666666663,0.0,0.005353781252483905
ergo_adaptive,341.75,0.0,0.0053675381714621525
ergo_adaptive,341.83333333333337,0.0,0.005380113677474812
ergo_adaptive,341.91666666666663,0.0,0.005391996576341447
ergo_adaptive,342.0,0.0,0.005405397281381182
ergo_adaptive,342.08333333333337,0.0,0.005418963825380699
ergo_adaptive,342.16666666666663,0.0,0.005429740626723959
ergo_adaptive,342.25,0.0,0.005441175638039679
ergo_adaptive,342.33333333333337,0.0,0.005453143998563654
ergo_adaptive,342.41666666666663,0.0,0.005465481671485474
ergo_adaptive,342.5,0.0,0.005478166853140066
ergo_adaptive,342.58333333333337,0.0,0.005491283890619103
ergo_adaptive,342.66666666666663,0.0,0.005502304433345131
ergo_adaptive,342.75,0.0,0.005513902129405089
ergo_adaptive,342.83333333333337,0.0,0.0055259310091280486
ergo_adaptive,342.91666666666663,0.0,0.005538344572773816
ergo_adaptive,343.0,0.0,0.005550965908185964
ergo_adaptive,343.08333333333337,0.0,0.005561718321448838
ergo_adaptive,343.16666666666663,0.0,0.005574637363901199
ergo_adaptive,343.25,0.0,0.0055862386359067946
ergo_adaptive,343.33333333333337,0.0,0.005598291950663531
ergo_adaptive,343.41666666666663,0.0,0.005610601895738977
ergo_adaptive,343.5,0.0,0.005623056371827546
ergo_adaptive,343.58333333333337,0.0,0.005635563637317351
ergo_adaptive,343.66666666666663,0.0,0.005646017682661867
ergo_adaptive,343.75,0.0,0.005656691591635302
ergo_adaptive,343.83333333333337,0.0,0.0056669877968927055
ergo_adaptive,343.91666666666663,0.0,0.005673261351643229
ergo_adaptive,344.0,0.0,0.005680630288441412
ergo_adaptive,344.08333333333337,0.0,0.0056887956055479355
ergo_adaptive,344.16666666666663,0.0,0.005697570946336404
ergo_adaptive,344.25,0.0,0.005706851904827097
ergo_adaptive,344.33333333333337,0.0,0.005714033034208551
ergo_adaptive,344.41666666666663,0.0,0.005722193792079672
ergo_adaptive,344.5,0.0,0.005728090641423367
ergo_adaptive,344.58333333333337,0.0,0.005735630606037214
ergo_adaptive,344.66666666666663,0.0,0.005744174460218444
ergo_adaptive,344.75,0.0,0.005751166477416727
ergo_adaptive,344.83333333333337,0.0,0.0057588830045309765
ergo_adaptive,344.91666666666663,0.0,0.005764026874132426
ergo_adaptive,345.0,0.0,0.005770928270790185
ergo_adaptive,345.08333333333337,0.0,0.005778866573833107
ergo_adaptive,345.16666666666663,0.0,0.005783789514965017
ergo_adaptive,345.25,0.0,0.005790075778648345
ergo_adaptive,345.33333333333337,0.0,0.005797266991791285
ergo_adaptive,345.41666666666663,0.0,0.005805094761818174
ergo_adaptive,345.5,0.0,0.005813194458322141
ergo_adaptive,345.58333333333337,0.0,0.005818637257441303
ergo_adaptive,345.66666666666663,0.0,0.0058250656821249745
ergo_adaptive,345.75,0.0,0.00583220130826883
ergo_adaptive,345.83333333333337,0.0,0.005839714022088991
ergo_adaptive,345.91666666666663,0.0,0.005844481854480008
ergo_adaptive,346.0,0.0,0.005850865019517874
ergo_adaptive,346.08333333333337,0.0,0.005858951619753301
ergo_adaptive,346.16666666666663,0.0,0.005867532409481451
ergo_adaptive,346.25,0.0,0.005874490794852191
ergo_adaptive,346.33333333333337,0.0,0.00588240259276342
ergo_adaptive,346.41666666666663,0.0,0.00589092900383111
ergo_adaptive,346.5,0.0,0.005896681349324787
ergo_adaptive,346.58333333333337,0.0,0.0059042283418446135
ergo_adaptive,346.66666666666663,0.0,0.005912855554366371
ergo_adaptive,346.75,0.0,0.005921937183504003
ergo_adaptive,346.83333333333337,0.0,0.005931318062105035
ergo_adaptive,346.91666666666663,0.0,0.0059408960589368105
ergo_adaptive,347.0,0.0,0.005950601227422161
ergo_adaptive,347.08333333333337,0.0,0.0059603602071509575
ergo_adaptive,347.16666666666663,0.0,0.005968407349988952
ergo_adaptive,347.25,0.0,0.005977046486167212
ergo_adaptive,347.33333333333337,0.0,0.005985898849162559
ergo_adaptive,347.41666666666663,0.0,0.0059949294057738255
ergo_adaptive,347.5,0.0,0.006004103683330998
ergo_adaptive,347.58333333333337,0.0,0.006013386076520807
ergo_adaptive,347.66666666666663,0.0,0.006022740242389931
ergo_adaptive,347.75,0.0,0.006032122628944227
ergo_adaptive,347.83333333333337,0.0,0.006041409010935822
ergo_adaptive,347.91666666666663,0.0,0.006046861212502457
ergo_adaptive,348.0,0.0,0.006053154597058571
ergo_adaptive,348.08333333333337,0.0,0.006060698534030954
ergo_adaptive,348.16666666666663,0.0,0.00606908645519556
ergo_adaptive,348.25,0.0,0.006077796791119419
ergo_adaptive,348.33333333333337,0.0,0.006086747309978246
ergo_adaptive,348.41666666666663,0.0,0.006095875447120925
ergo_adaptive,348.5,0.0,0.006105299615486384
ergo_adaptive,348.58333333333337,0.0,0.0061153304057190066
ergo_adaptive,348.66666666666663,0.0,0.006125409916180719
ergo_adaptive,348.75,0.0,0.006135478151409632
ergo_adaptive,348.83333333333337,0.0,0.0061449178307870405
ergo_adaptive,348.91666666666663,0.0,0.006154520455846284
ergo_adaptive,349.0,0.0,0.006163241378881621
ergo_adaptive,349.08333333333337,0.0,0.006172293578522892
ergo_adaptive,349.16666666666663,0.0,0.006181599430077174
ergo_adaptive,349.25,0.0,0.0061911097471734795
ergo_adaptive,349.33333333333337,0.0,0.006200790700078819
ergo_adaptive,349.41666666666663,0.0,0.006210621121629516
ergo_adaptive,349.5,0.0,0.006220590307977622
ergo_adaptive,349.58333333333337,0.0,0.0062305920362027995
ergo_adaptive,349.66666666666663,0.0,0.006240517340016388
ergo_adaptive,349.75,0.0,0.0062503476644265085
ergo_adaptive,349.83333333333337,0.0,0.006260335540811556
ergo_adaptive,349.91666666666663,0.0,0.006270520695562718
ergo_adaptive,350.0,0.0,0.006277970807572393
ergo_adaptive,350.08333333333337,0.0,0.006286258332325447
ergo_adaptive,350.16666666666663,0.0,0.006294738469857524
ergo_adaptive,350.25,0.0,0.0063033380854463075
ergo_adaptive,350.33333333333337,0.0,0.006311998930708078
ergo_adaptive,350.41666666666663,0.0,0.006320640764673142
ergo_adaptive,350.5,0.0,0.00632944839568058
ergo_adaptive,350.58333333333337,0.0,0.006339056850644584
ergo_adaptive,350.66666666666663,0.0,0.006348427690323717
ergo_adaptive,350.75,0.0,0.0063575495343602155
ergo_adaptive,350.83333333333337,0.0,0.006366410027589609
ergo_adaptive,350.91666666666663,0.0,0.006374985269434159
ergo_adaptive,351.0,0.0,0.006383224301713101
ergo_adaptive,351.08333333333337,0.0,0.0063910017775250395
ergo_adaptive,351.16666666666663,0.0,0.006397855662370081
ergo_adaptive,351.25,0.0,0.00639982556298511
ergo_adaptive,351.33333333333337,0.0,0.006403319352876128
ergo_adaptive,351.41666666666663,0.0,0.006407807604280266
ergo_adaptive,351.5,0.0,0.006412931031323964
ergo_adaptive,351.58333333333337,0.0,0.006418365773967089
ergo_adaptive,351.66666666666663,0.0,0.006423584767199793
ergo_adaptive,351.75,0.0,0.00642743220391989
ergo_adaptive,351.83333333333337,0.0,0.0064314636982402565
ergo_adaptive,351.91666666666663,0.0,0.00643480360006657
ergo_adaptive,352.0,0.0,0.006437133527317544
ergo_adaptive,352.08333333333337,0.0,0.006437080604059816
ergo_adaptive,352.16666666666663,0.0,0.006434727558055816
ergo_adaptive,352.25,0.0,0.006430752094929613
ergo_adaptive,352.33333333333337,0.0,0.006426221680295036
ergo_adaptive,352.41666666666663,0.0,0.006421764202516764
ergo_adaptive,352.5,0.0,0.006417147574404954
ergo_adaptive,352.58333333333337,0.0,0.006411682789692365
ergo_adaptive,352.66666666666663,0.0,0.006405117152644615
ergo_adaptive,352.75,0.0,0.006398042301073889
ergo_adaptive,352.83333333333337,0.0,0.0063916611606991075
ergo_adaptive,352.91666666666663,0.0,0.006386964203893334
ergo_adaptive,353.0,0.0,0.006384042619006101
ergo_adaptive,353.08333333333337,0.0,0.006382328801393537
ergo_adaptive,353.16666666666663,0.0,0.006381363158613118
ergo_adaptive,353.25,0.0,0.006381054265628327
ergo_adaptive,353.33333333333337,0.0,0.006381767600951652
ergo_adaptive,353.41666666666663,0.0,0.006383161633593332
ergo_adaptive,353.5,0.0,0.006385238392528631
ergo_adaptive,353.58333333333337,0.0,0.006387926329863159
ergo_adaptive,353.66666666666663,0.0,0.006391712394699015
ergo_adaptive,353.75,0.0,0.006395724108132
ergo_adaptive,353.83333333333337,0.0,0.006401509325995802
ergo_adaptive,353.91666666666663,0.0,0.006407462008533968
ergo_adaptive,354.0,0.0,0.006413492770015494
ergo_adaptive,354.08333333333337,0.0,0.0064195422002345315
ergo_adaptive,354.16666666666663,0.0,0.006425571300372615
ergo_adaptive,354.25,0.0,0.0064315550179918825
ergo_adaptive,354.33333333333337,0.0,0.0064374778301814085
ergo_adaptive,354.41666666666663,0.0,0.006443330677067215
ergo_adaptive,354.5,0.0,0.006449108780681936
ergo_adaptive,354.58333333333337,0.0,0.006454810014694166
ergo_adaptive,354.66666666666663,0.0,0.006460433527870836
ergo_adaptive,354.75,0.0,0.006465978208535986
ergo_adaptive,354.83333333333337,0.0,0.006471439965283617
ergo_adaptive,354.91666666666663,0.0,0.006476803494566993
ergo_adaptive,355.0,0.0,0.006481991580082372
ergo_adaptive,355.08333333333337,0.0,0.006487284255535467
ergo_adaptive,355.16666666666663,0.0,0.006492950344972549
ergo_adaptive,355.25,0.0,0.006498800393187605
ergo_adaptive,355.33333333333337,0.0,0.006504755352359181
ergo_adaptive,355.41666666666663,0.0,0.00651076790578862
ergo_adaptive,355.5,0.0,0.006517051340985683
ergo_adaptive,355.58333333333337,0.0,0.006523383675265549
ergo_adaptive,355.66666666666663,0.0,0.0065302248125718235
ergo_adaptive,355.75,0.0,0.006537546309002487
ergo_adaptive,355.83333333333337,0.0,0.006544711408622344
ergo_adaptive,355.91666666666663,0.0,0.006551374129079991
ergo_adaptive,356.0,0.0,0.006556872200881091
ergo_adaptive,356.08333333333337,0.0,0.0065592945719087446
ergo_adaptive,356.16666666666663,0.0,0.00656215000604401
ergo_adaptive,356.25,0.0,0.0065659476260654355
ergo_adaptive,356.33333333333337,0.0,0.006570340388403308
ergo_adaptive,356.41666666666663,0.0,0.006575103040222833
ergo_adaptive,356.5,0.0,0.006580084504291584
ergo_adaptive,356.58333333333337,0.0,0.00658517952695711
ergo_adaptive,356.66666666666663,0.0,0.006590311665601514
ergo_adaptive,356.75,0.0,0.006595422841260988
ergo_adaptive,356.83333333333337,0.0,0.006600466621632652
ergo_adaptive,356.91666666666663,0.0,0.006605403568009708
ergo_adaptive,357.0,0.0,0.006610197598369438
ergo_adaptive,357.08333333333337,0.0,0.0066148125471905735
ergo_adaptive,357.16666666666663,0.0,0.006619207950605028
ergo_adaptive,357.25,0.0,0.006623332226540834
ergo_adaptive,357.33333333333337,0.0,0.006627108351118392
ergo_adaptive,357.41666666666663,0.0,0.006630394183482136
ergo_adaptive,357.5,0.0,0.006632817634128846
ergo_adaptive,357.58333333333337,0.0,0.00663229306902072
ergo_adaptive,357.66666666666663,0.0,0.006629408991683847
ergo_adaptive,357.75,0.0,0.006628445319510004
ergo_adaptive,357.83333333333337,0.0,0.00662588965221561
ergo_adaptive,357.91666666666663,0.0,0.006627165442902803
ergo_adaptive,358.0,0.0,0.0066305884301559245
ergo_adaptive,358.08333333333337,0.0,0.006635308723092014
ergo_adaptive,358.16666666666663,0.0,0.006640687981739905
ergo_adaptive,358.25,0.0,0.006644643572721479
ergo_adaptive,358.33333333333337,0.0,0.006651464188465828
ergo_adaptive,358.41666666666663,0.0,0.006658244687409857
ergo_adaptive,358.5,0.0,0.006664769411419218
ergo_adaptive,358.58333333333337,0.0,0.006669664227076355
ergo_adaptive,358.66666666666663,0.0,0.006673853577468098
ergo_adaptive,358.75,0.0,0.006678421194190451
ergo_adaptive,358.83333333333337,0.0,0.0066835554178916205
ergo_adaptive,358.91666666666663,0.0,0.006689112574118633
ergo_adaptive,359.0,0.0,0.006694978550082321
ergo_adaptive,359.08333333333337,0.0,0.006701065044243169
ergo_adaptive,359.16666666666663,0.0,0.006707304435944444
ergo_adaptive,359.25,0.0,0.0067136450869941825
ergo_adaptive,359.33333333333337,0.0,0.006720047508529865
ergo_adaptive,359.41666666666663,0.0,0.006726481382364482
ergo_adaptive,359.5,0.0,0.00673292329858863
ergo_adaptive,359.58333333333337,0.0,0.006739355055158256
ergo_adaptive,359.66666666666663,0.0,0.006745762384813561
ergo_adaptive,359.75,0.0,0.0067521340018954976
ergo_adaptive,359.83333333333337,0.0,0.006758460886808164
ergo_adaptive,359.91666666666663,0.0,0.0067647357464221
ergo_adaptive,360.0,0.0,0.006770952604574747
