strategy,mission_minutes,estimated_target_deficit,ground_truth_target_deficit
ergo_adaptive,0.0,0.19696010944820785,0.12321541140128778
ergo_adaptive,0.08333333333337123,0.1930803416413163,0.1178748028215302
ergo_adaptive,0.16666666666662877,0.19135070660934586,0.116509347049827
ergo_adaptive,0.25,0.1900657289126946,0.11579731921812939
ergo_adaptive,0.33333333333337123,0.1907483515207722,0.11529005378434348
ergo_adaptive,0.41666666666662877,0.19154822046199435,0.11487756346999096
ergo_adaptive,0.5,0.19095971943466283,0.11452859588517836
ergo_adaptive,0.5833333333333712,0.19151663297737903,0.1142368240625702
ergo_adaptive,0.6666666666666288,0.19264210793092015,0.11400142750404299
ergo_adaptive,0.75,0.19260137430225466,0.1138232878910814
ergo_adaptive,0.8333333333333712,0.1922768512112346,0.11369220693266725
ergo_adaptive,0.9166666666666288,0.19306482246109702,0.11355480957504434
ergo_adaptive,1.0,0.19215216487467862,0.11336378282839694
ergo_adaptive,1.0833333333333712,0.19118666105837917,0.11311607803875505
ergo_adaptive,1.1666666666666288,0.1923787063298602,0.11283569950689676
ergo_adaptive,1.25,0.19232551989951013,0.112553147485378
ergo_adaptive,1.3333333333333712,0.19208494564589934,0.11229634052016885
ergo_adaptive,1.4166666666666288,0.1901052443852778,0.11208206850947841
ergo_adaptive,1.5,0.1890101199076024,0.11191065440500382
ergo_adaptive,1.5833333333333712,0.1902849611171212,0.11173806851026802
ergo_adaptive,1.6666666666666288,0.19141311771106354,0.11152185727926298
ergo_adaptive,1.75,0.19117660569510214,0.11125836553464985
ergo_adaptive,1.8333333333333712,0.19050639636436603,0.11097238233498641
ergo_adaptive,1.9166666666666288,0.1874704166185556,0.11069697557781392
ergo_adaptive,2.0,0.18653197860306134,0.11045451019839149
ergo_adaptive,2.0833333333333712,0.18723482617994178,0.11024521624902955
ergo_adaptive,2.1666666666666288,0.18745695556857989,0.11004982649261426
ergo_adaptive,2.25,0.18658579542040674,0.10983395973456277
ergo_adaptive,2.3333333333333712,0.18596985455652504,0.10958996806917387
ergo_adaptive,2.4166666666666288,0.18585244429285183,0.10933296527208541
ergo_adaptive,2.5,0.1868711324498969,0.10908879527706694
ergo_adaptive,2.5833333333333712,0.18618342499754367,0.10886749090576145
ergo_adaptive,2.6666666666666288,0.18628748171552598,0.10866905277655983
ergo_adaptive,2.75,0.1864995189021117,0.10847890517399378
ergo_adaptive,2.8333333333333712,0.18638351197714173,0.1082873471669128
ergo_adaptive,2.9166666666666288,0.18552408629788714,0.10809360659273713
ergo_adaptive,3.0,0.18631326397755438,0.10790811368059454
ergo_adaptive,3.0833333333333712,0.18798693841439632,0.10774710151256602
ergo_adaptive,3.1666666666666288,0.18682820649590878,0.10762732895567208
ergo_adaptive,3.25,0.18706923150322433,0.10755014276692501
ergo_adaptive,3.3333333333333712,0.18632910845719355,0.10745523379101012
ergo_adaptive,3.4166666666666288,0.1754963272895216,0.10731787262699836
ergo_adaptive,3.5,0.15675996455563218,0.10716313637540956
ergo_adaptive,3.5833333333333712,0.1379065914210407,0.1070246225789935
ergo_adaptive,3.6666666666666288,0.13179336494884641,0.10691501014996192
ergo_adaptive,3.75,0.12744566077774205,0.10682445350388484
ergo_adaptive,3.8333333333333712,0.12590814210740536,0.10674619430332827
ergo_adaptive,3.9166666666666288,0.12349305237147307,0.10668218710988281
ergo_adaptive,4.0,0.12468764414413928,0.10663809484238661
ergo_adaptive,4.083333333333371,0.12302120142283895,0.10661859365523398
ergo_adaptive,4.166666666666629,0.12239335511763633,0.10662842431927198
ergo_adaptive,4.25,0.12036226405667112,0.10665535588966878
ergo_adaptive,4.333333333333371,0.11956427538390929,0.10668384503229339
ergo_adaptive,4.416666666666629,0.12125962131086118,0.10671282844784426
ergo_adaptive,4.5,0.1217243956079362,0.10675445813022676
ergo_adaptive,4.583333333333371,0.12076296447562344,0.1068136066946505
ergo_adaptive,4.666666666666629,0.12224249475436032,0.10688630587581376
ergo_adaptive,4.75,0.11978341859831101,0.10696575307335672
ergo_adaptive,4.833333333333371,0.11944125059196913,0.10705122973110405
ergo_adaptive,4.916666666666629,0.11720207087444746,0.1071455839211205
ergo_adaptive,5.0,0.11576399891702402,0.10725386135833372
ergo_adaptive,5.083333333333371,0.11461364862059008,0.10737599817739023
ergo_adaptive,5.166666666666629,0.11316046864009978,0.10749498033329213
ergo_adaptive,5.25,0.11431103925471534,0.10760883615451329
ergo_adaptive,5.333333333333371,0.11288823398586864,0.10772556082785455
ergo_adaptive,5.416666666666629,0.11506761070290752,0.10785202344106717
ergo_adaptive,5.5,0.11444381401378977,0.10798560720063773
ergo_adaptive,5.583333333333371,0.11226760862826661,0.10811860302861163
ergo_adaptive,5.666666666666629,0.1125478920259643,0.10825153989572013
ergo_adaptive,5.75,0.11377480918458785,0.10838887539783452
ergo_adaptive,5.833333333333371,0.11202266748645698,0.108531405297177
ergo_adaptive,5.916666666666629,0.11027652953540584,0.10867525692522677
ergo_adaptive,6.0,0.1085823017176149,0.10881823262425853
ergo_adaptive,6.083333333333371,0.10805524624867044,0.10896258361439934
ergo_adaptive,6.166666666666629,0.10852621215005369,0.10911072600571409
ergo_adaptive,6.25,0.10903283384231577,0.10925908147192406
ergo_adaptive,6.333333333333371,0.10929015146838054,0.10940481201382588
ergo_adaptive,6.416666666666629,0.10957400796691265,0.10954799791378585
ergo_adaptive,6.5,0.10911053669217165,0.10969034006004265
ergo_adaptive,6.583333333333371,0.10828334968872017,0.10983124505830483
ergo_adaptive,6.666666666666629,0.1073058433106972,0.10996878450947702
ergo_adaptive,6.75,0.1054908943422386,0.1101035829621752
ergo_adaptive,6.833333333333371,0.10498244661278497,0.11023656547212983
ergo_adaptive,6.916666666666629,0.10408196061566757,0.11036543703650277
ergo_adaptive,7.0,0.10415910917062833,0.11048877275512611
ergo_adaptive,7.083333333333371,0.10522851788310637,0.11060767349529421
ergo_adaptive,7.166666666666629,0.10456169440336872,0.11072438488864982
ergo_adaptive,7.25,0.10420024033678521,0.11083904043465465
ergo_adaptive,7.333333333333371,0.10493386401086745,0.11094951882556472
ergo_adaptive,7.416666666666629,0.1037216501138183,0.11105448042833575
ergo_adaptive,7.5,0.10346336621810259,0.11115647545314052
ergo_adaptive,7.583333333333371,0.10384403544381819,0.11125851413500319
ergo_adaptive,7.666666666666629,0.10280045225725784,0.11135802829055647
ergo_adaptive,7.75,0.10140475688600481,0.11144862916092053
ergo_adaptive,7.833333333333371,0.09899381147939967,0.11153275579257123
ergo_adaptive,7.916666666666629,0.09868836954459649,0.11161826840390097
ergo_adaptive,8.0,0.09886179870587736,0.11170278881758387
ergo_adaptive,8.083333333333371,0.09902659972400994,0.11177358839618387
ergo_adaptive,8.166666666666629,0.09729685764999871,0.11183259422633784
ergo_adaptive,8.25,0.09576486794329163,0.11188745175781413
ergo_adaptive,8.333333333333371,0.0947322432819212,0.11194254242890239
ergo_adaptive,8.416666666666629,0.09523816496992295,0.11199883017676932
ergo_adaptive,8.5,0.09492968782013729,0.11205017026774908
ergo_adaptive,8.583333333333371,0.0952925815375554,0.112089354783127
ergo_adaptive,8.666666666666629,0.09295032237481894,0.11212102647578256
ergo_adaptive,8.75,0.0923733100702556,0.11215199174742388
ergo_adaptive,8.833333333333371,0.09169373980448528,0.11217515205582534
ergo_adaptive,8.916666666666629,0.09067271267891744,0.11218278171153155
ergo_adaptive,9.0,0.08861879567484188,0.11217923383261535
ergo_adaptive,9.083333333333371,0.08933616537282248,0.11217079832957913
ergo_adaptive,9.166666666666629,0.08776162210410417,0.11216710535114174
ergo_adaptive,9.25,0.08540213265932176,0.11217741355779079
ergo_adaptive,9.333333333333371,0.08281894104118884,0.11215970516941993
ergo_adaptive,9.416666666666629,0.08134585141531014,0.11210353927798707
ergo_adaptive,9.5,0.08157262605067657,0.11203007059468112
ergo_adaptive,9.583333333333371,0.07956057888849528,0.11195608405129487
ergo_adaptive,9.666666666666629,0.07846329579638674,0.11189033017152646
ergo_adaptive,9.75,0.07741152679685091,0.11183419476149987
ergo_adaptive,9.833333333333371,0.07522082341199303,0.11175571124318749
ergo_adaptive,9.916666666666629,0.07283358527774501,0.11163573230831768
ergo_adaptive,10.0,0.07260702815824005,0.11149254971885919
ergo_adaptive,10.083333333333371,0.07230397362604256,0.11134520606763552
ergo_adaptive,10.166666666666629,0.07220947754868853,0.11119648261954834
ergo_adaptive,10.25,0.07062742114233987,0.11104622044284176
ergo_adaptive,10.333333333333371,0.07117887306652856,0.1108777392663377
ergo_adaptive,10.416666666666629,0.06723360081273866,0.11067724758227579
ergo_adaptive,10.5,0.06479058631565,0.11045712193026998
ergo_adaptive,10.583333333333371,0.06415298507990455,0.11022480033651606
ergo_adaptive,10.666666666666629,0.06332672271069885,0.10997522829695242
ergo_adaptive,10.75,0.060487971959307725,0.10971163905635606
ergo_adaptive,10.833333333333371,0.057265665683430715,0.10943208832610284
ergo_adaptive,10.916666666666629,0.057125565527126186,0.10912754671888886
ergo_adaptive,11.0,0.05486548747488596,0.10880754843194997
ergo_adaptive,11.083333333333371,0.05202861144136931,0.10847306750114086
ergo_adaptive,11.166666666666629,0.05099236668158203,0.10811075837263928
ergo_adaptive,11.25,0.04911076195122917,0.10773375732864254
ergo_adaptive,11.333333333333371,0.046776897672450114,0.10735024245626386
ergo_adaptive,11.416666666666629,0.044531232376303076,0.10693402516120933
ergo_adaptive,11.5,0.04360824309060749,0.1064772789236657
ergo_adaptive,11.583333333333371,0.04175623495433445,0.1059941362000687
ergo_adaptive,11.666666666666629,0.04140994916786145,0.10550769159602402
ergo_adaptive,11.75,0.04159426088141429,0.10506691571802625
ergo_adaptive,11.833333333333371,0.06175296955800787,0.10469792222045256
ergo_adaptive,11.916666666666629,0.07560698348744214,0.10422417969211156
ergo_adaptive,12.0,0.08479163621128435,0.1036452119453241
ergo_adaptive,12.083333333333371,0.08718156185624742,0.10305036691394287
ergo_adaptive,12.166666666666629,0.08949251788891296,0.10249794784578016
ergo_adaptive,12.25,0.0897487506393283,0.1020116580718739
ergo_adaptive,12.333333333333371,0.08985165116678401,0.10157397722753383
ergo_adaptive,12.416666666666629,0.08985694606271376,0.10109949270899861
ergo_adaptive,12.5,0.08998524404670692,0.10056453074590622
ergo_adaptive,12.583333333333371,0.08806810358958757,0.10003225707064893
ergo_adaptive,12.666666666666629,0.08582845367112243,0.09952661059196805
ergo_adaptive,12.75,0.0857435487933022,0.09902648636443417
ergo_adaptive,12.833333333333371,0.08650265630672897,0.09852365754156578
ergo_adaptive,12.916666666666629,0.08565204348296959,0.0980227420363522
ergo_adaptive,13.0,0.08536296234424422,0.09755380962078847
ergo_adaptive,13.083333333333371,0.08594040743740815,0.09717182658364222
ergo_adaptive,13.166666666666629,0.08530054730347772,0.09681497731976048
ergo_adaptive,13.25,0.08377215320545578,0.09634609525631448
ergo_adaptive,13.333333333333371,0.08413832221064343,0.09581861915097212
ergo_adaptive,13.416666666666629,0.08378766775931938,0.0953130786734032
ergo_adaptive,13.5,0.08367885551480321,0.09486678382775786
ergo_adaptive,13.583333333333371,0.08381584486131818,0.09447758739125789
ergo_adaptive,13.666666666666629,0.0823512371569466,0.09410038074693984
ergo_adaptive,13.75,0.08257079963807015,0.09369988009286315
ergo_adaptive,13.833333333333371,0.0829201834392272,0.09330901795277056
ergo_adaptive,13.916666666666629,0.08323316205809436,0.09297418167213925
ergo_adaptive,14.0,0.08384247824174282,0.0926418811653811
ergo_adaptive,14.083333333333371,0.08383345373074713,0.09226357783373187
ergo_adaptive,14.166666666666629,0.082346584368813,0.09187067736721186
ergo_adaptive,14.25,0.08273078410758382,0.09150972521428528
ergo_adaptive,14.333333333333371,0.08204237635389945,0.09121222394031864
ergo_adaptive,14.416666666666629,0.08208643668420564,0.09097146902927614
ergo_adaptive,14.5,0.0828909238192647,0.09071691745792919
ergo_adaptive,14.583333333333371,0.08277087140228304,0.09042365264987215
ergo_adaptive,14.666666666666629,0.08285206673652416,0.09014698658484535
ergo_adaptive,14.75,0.08310229122556193,0.08991479229904123
ergo_adaptive,14.833333333333371,0.08367153319511421,0.0896872652069358
ergo_adaptive,14.916666666666629,0.08318596006995395,0.08944194236357281
ergo_adaptive,15.0,0.08306426242169453,0.08920177919189595
ergo_adaptive,15.083333333333371,0.08289203541649191,0.08899945416045947
ergo_adaptive,15.166666666666629,0.08308795591862327,0.08884540756144875
ergo_adaptive,15.25,0.08280420496508377,0.08870887981892003
ergo_adaptive,15.333333333333371,0.08300919635756533,0.08856058953220748
ergo_adaptive,15.416666666666629,0.08250180327330679,0.08843727871358005
ergo_adaptive,15.5,0.08281492015108717,0.08835933130280765
ergo_adaptive,15.583333333333371,0.08334966754212815,0.08828677219683646
ergo_adaptive,15.666666666666629,0.08288380668079648,0.08819594684905317
ergo_adaptive,15.75,0.0827330438222344,0.08807571888998178
ergo_adaptive,15.833333333333371,0.08374026841041728,0.08793308457510497
ergo_adaptive,15.916666666666629,0.08313958345759005,0.08778641701255181
ergo_adaptive,16.0,0.08349646906918544,0.0876480566381179
ergo_adaptive,16.08333333333337,0.08306561704729767,0.08749097025724954
ergo_adaptive,16.16666666666663,0.08324339575744537,0.08731200679132689
ergo_adaptive,16.25,0.0833485975613788,0.0871255603045966
ergo_adaptive,16.33333333333337,0.08373790326740438,0.08694768388978794
ergo_adaptive,16.41666666666663,0.08378280862941306,0.08676180334640621
ergo_adaptive,16.5,0.08433856461767453,0.0865511974916725
ergo_adaptive,16.58333333333337,0.08368134163271619,0.08632669802243755
ergo_adaptive,16.66666666666663,0.08342498630874631,0.08612857294055556
ergo_adaptive,16.75,0.0837457113779126,0.08603228871510193
ergo_adaptive,16.83333333333337,0.08329649274585225,0.08602095680886729
ergo_adaptive,16.91666666666663,0.08282824433750448,0.08611775704698342
ergo_adaptive,17.0,0.08302162134540425,0.08629015710952767
ergo_adaptive,17.08333333333337,0.08318971104922163,0.08646460144095598
ergo_adaptive,17.16666666666663,0.08265654405288768,0.08662487337589678
ergo_adaptive,17.25,0.08323724684294617,0.08677200258500932
ergo_adaptive,17.33333333333337,0.08343799970879195,0.08690534094359072
ergo_adaptive,17.41666666666663,0.08338444710238549,0.08700971244886369
ergo_adaptive,17.5,0.08384688172184307,0.08708868104565286
ergo_adaptive,17.58333333333337,0.08397514804885513,0.08716152028097614
ergo_adaptive,17.66666666666663,0.08344398256643247,0.08723949479587886
ergo_adaptive,17.75,0.083615772002868,0.08729875702259529
ergo_adaptive,17.83333333333337,0.08355941262505569,0.08733419665403316
ergo_adaptive,17.91666666666663,0.08395829219736081,0.08736241528683536
ergo_adaptive,18.0,0.08484385761236711,0.08739315766068297
ergo_adaptive,18.08333333333337,0.08430820070496399,0.08738114687109161
ergo_adaptive,18.16666666666663,0.08406055436831891,0.08729976714338421
ergo_adaptive,18.25,0.08438625408926528,0.0871802630413216
ergo_adaptive,18.33333333333337,0.08455407506014416,0.08707962400238911
ergo_adaptive,18.41666666666663,0.08412384614926405,0.08695548559429857
ergo_adaptive,18.5,0.08468379170276866,0.0867667226368492
ergo_adaptive,18.58333333333337,0.08570665193519278,0.08657816404482853
ergo_adaptive,18.66666666666663,0.0862427230867977,0.08646898641301386
ergo_adaptive,18.75,0.08493112406435674,0.08641117711412234
ergo_adaptive,18.83333333333337,0.08516433315193617,0.0862946638738153
ergo_adaptive,18.91666666666663,0.08564618443127063,0.08615559015420267
ergo_adaptive,19.0,0.08632835840732928,0.08609856085679948
ergo_adaptive,19.08333333333337,0.08576163501935903,0.08608945663841297
ergo_adaptive,19.16666666666663,0.08580676200420145,0.08611726826020222
ergo_adaptive,19.25,0.08618872773861685,0.08618645448306822
ergo_adaptive,19.33333333333337,0.08700817146733282,0.08629120189375232
ergo_adaptive,19.41666666666663,0.0869054382633903,0.08642382274862978
ergo_adaptive,19.5,0.08742942933059578,0.08657431412523983
ergo_adaptive,19.58333333333337,0.08777920190039133,0.0867367919911183
ergo_adaptive,19.66666666666663,0.08797855806027714,0.08690414528727584
ergo_adaptive,19.75,0.08858278021306545,0.08707391458997987
ergo_adaptive,19.83333333333337,0.08903624465563723,0.0872421213449753
ergo_adaptive,19.91666666666663,0.08924741696875564,0.08740747366764177
ergo_adaptive,20.0,0.08988357668927376,0.08756961639611172
ergo_adaptive,20.08333333333337,0.08928354071213819,0.08772776546234395
ergo_adaptive,20.16666666666663,0.09026133510121917,0.0878820034057358
ergo_adaptive,20.25,0.0910093289851913,0.08803218677598937
ergo_adaptive,20.33333333333337,0.09185570720926559,0.08817844151597934
ergo_adaptive,20.41666666666663,0.09311366150344925,0.08832097999190623
ergo_adaptive,20.5,0.09243631438991377,0.08846000086357561
ergo_adaptive,20.58333333333337,0.09221848074113609,0.08859588188124876
ergo_adaptive,20.66666666666663,0.09252077747604018,0.08872894444108505
ergo_adaptive,20.75,0.09283754403167778,0.08885944604040778
ergo_adaptive,20.83333333333337,0.09305904981312262,0.08898737256757853
ergo_adaptive,20.91666666666663,0.09318013174060819,0.08911294619365802
ergo_adaptive,21.0,0.0934765207837765,0.08923634508705669
ergo_adaptive,21.08333333333337,0.0942707066918815,0.08937217965067168
ergo_adaptive,21.16666666666663,0.0939518172156728,0.08946631416824839
ergo_adaptive,21.25,0.09424849449579424,0.08951078346497121
ergo_adaptive,21.33333333333337,0.09377503984175763,0.089539716889622
ergo_adaptive,21.41666666666663,0.09466088969488633,0.08959732608923567
ergo_adaptive,21.5,0.09477239525777002,0.08963718121297491
ergo_adaptive,21.58333333333337,0.09456110693498587,0.08960973445030695
ergo_adaptive,21.66666666666663,0.09558075724610993,0.08954287707413439
ergo_adaptive,21.75,0.09593767971652094,0.0894975079761409
ergo_adaptive,21.83333333333337,0.09500866487106535,0.08947649083484963
ergo_adaptive,21.91666666666663,0.09718289128351244,0.08939819437576628
ergo_adaptive,22.0,0.09678494536994289,0.08927863737145407
ergo_adaptive,22.08333333333337,0.09739688124082405,0.08917461472416034
ergo_adaptive,22.16666666666663,0.0959070921216376,0.089134798199715
ergo_adaptive,22.25,0.09709067487503999,0.08907948549436007
ergo_adaptive,22.33333333333337,0.0971581052863533,0.08899217258400396
ergo_adaptive,22.41666666666663,0.09820923621751074,0.08891024850347912
ergo_adaptive,22.5,0.0981274902274956,0.08887269536859924
ergo_adaptive,22.58333333333337,0.09895917939199307,0.08883894664777814
ergo_adaptive,22.66666666666663,0.09930409261625772,0.08877304568151524
ergo_adaptive,22.75,0.09884671837535103,0.08869057514986059
ergo_adaptive,22.83333333333337,0.09766214334072162,0.0886130016225127
ergo_adaptive,22.91666666666663,0.09858318824344829,0.08853346741461333
ergo_adaptive,23.0,0.09907410905774226,0.0884314768793211
ergo_adaptive,23.08333333333337,0.10044013806689908,0.08830211727824434
ergo_adaptive,23.16666666666663,0.09894502142767085,0.0881551497576406
ergo_adaptive,23.25,0.09823512339370803,0.08800737683491076
ergo_adaptive,23.33333333333337,0.09867874879297153,0.08784106390640535
ergo_adaptive,23.41666666666663,0.0973056090853762,0.0875835093414135
ergo_adaptive,23.5,0.09562954682173737,0.0872680995325622
ergo_adaptive,23.58333333333337,0.09773494469689922,0.08698416722786187
ergo_adaptive,23.66666666666663,0.09776533282064706,0.08674430678313802
ergo_adaptive,23.75,0.09768639076243348,0.08645663429243575
ergo_adaptive,23.83333333333337,0.09837890454492859,0.0861120723665921
ergo_adaptive,23.91666666666663,0.0984416509538603,0.08577038403440991
ergo_adaptive,24.0,0.0971535871076051,0.08546730477860152
ergo_adaptive,24.08333333333337,0.09790453685224158,0.08517603508462286
ergo_adaptive,24.16666666666663,0.09701942784077223,0.08486309098445907
ergo_adaptive,24.25,0.09846603611421345,0.0845389574208922
ergo_adaptive,24.33333333333337,0.09979746031590593,0.08423742497045612
ergo_adaptive,24.41666666666663,0.09953812714705351,0.0839571036664747
ergo_adaptive,24.5,0.10014536017284315,0.0836638779976057
ergo_adaptive,24.58333333333337,0.0995253095721189,0.08334969554176178
ergo_adaptive,24.66666666666663,0.09924752677633032,0.08304646327655868
ergo_adaptive,24.75,0.09996605989051359,0.08277082790787615
ergo_adaptive,24.83333333333337,0.10151463919648666,0.08249236277416337
ergo_adaptive,24.91666666666663,0.10089387649033256,0.08218857461187229
ergo_adaptive,25.0,0.09972308345070231,0.08188418856775556
ergo_adaptive,25.08333333333337,0.10042747935785797,0.08160894048711843
ergo_adaptive,25.16666666666663,0.09979500734103101,0.08134409726329205
ergo_adaptive,25.25,0.10269757113132488,0.08105828735459732
ergo_adaptive,25.33333333333337,0.10227332151481636,0.08076117304342817
ergo_adaptive,25.41666666666663,0.10236622000448027,0.08048570883962856
ergo_adaptive,25.5,0.10397741364505667,0.08023132372627997
ergo_adaptive,25.58333333333337,0.10387873483193445,0.07996317776676058
ergo_adaptive,25.66666666666663,0.1022093384943601,0.07967450842373243
ergo_adaptive,25.75,0.10162918751818224,0.0794000928853234
ergo_adaptive,25.83333333333337,0.10087607397897429,0.07915512734999926
ergo_adaptive,25.91666666666663,0.1024869236491174,0.0789098440053492
ergo_adaptive,26.0,0.1054311117430332,0.07864216250229837
ergo_adaptive,26.08333333333337,0.10616938322588747,0.0783743635279395
ergo_adaptive,26.16666666666663,0.10472769460058322,0.07813274441161983
ergo_adaptive,26.25,0.10581947017517852,0.07790190931924315
ergo_adaptive,26.33333333333337,0.10602105270946853,0.07764840365535398
ergo_adaptive,26.41666666666663,0.10468133991939135,0.0773822124097613
ergo_adaptive,26.5,0.10677399131771258,0.07714307025420257
ergo_adaptive,26.58333333333337,0.10791566171947507,0.07693075037618723
ergo_adaptive,26.66666666666663,0.10786627357607992,0.07670175420480344
ergo_adaptive,26.75,0.10890532699834206,0.07644744859649008
ergo_adaptive,26.83333333333337,0.10914880669534227,0.07621087954748339
ergo_adaptive,26.91666666666663,0.1085419478133975,0.07602538090077757
ergo_adaptive,27.0,0.10877942444503372,0.07583559589839255
ergo_adaptive,27.08333333333337,0.10824493771048334,0.07559182545917688
ergo_adaptive,27.16666666666663,0.10851405349101413,0.07534631387074896
ergo_adaptive,27.25,0.11127185584365802,0.0751673422892881
ergo_adaptive,27.33333333333337,0.11154742465018425,0.07501698103494867
ergo_adaptive,27.41666666666663,0.11177355460832979,0.07479506032630259
ergo_adaptive,27.5,0.11197267517770733,0.074541407903797
ergo_adaptive,27.58333333333337,0.11457901747410844,0.07435108546210716
ergo_adaptive,27.66666666666663,0.115474988464661,0.07423854469337873
ergo_adaptive,27.75,0.11582011216801501,0.07404464833981733
ergo_adaptive,27.83333333333337,0.11463358309765535,0.07378846485948444
ergo_adaptive,27.91666666666663,0.11597829831152977,0.07356068157759309
ergo_adaptive,28.0,0.115731598078539,0.07340082814732674
ergo_adaptive,28.08333333333337,0.11460992771104937,0.07324549809032048
ergo_adaptive,28.16666666666663,0.11627919899785402,0.0730513726906081
ergo_adaptive,28.25,0.11576768586402512,0.07285484075165417
ergo_adaptive,28.33333333333337,0.11475591295681746,0.07270278990094055
ergo_adaptive,28.41666666666663,0.1165589756557596,0.0725812888927648
ergo_adaptive,28.5,0.11606649324835253,0.07244097324330985
ergo_adaptive,28.58333333333337,0.11649269568663029,0.07228692489124747
ergo_adaptive,28.66666666666663,0.1174722142257204,0.07216245143864713
ergo_adaptive,28.75,0.11902132949718072,0.07207035248351097
ergo_adaptive,28.83333333333337,0.11881410057306699,0.07197005034427942
ergo_adaptive,28.91666666666663,0.12001782786386088,0.07185644705831859
ergo_adaptive,29.0,0.12150018824064926,0.07175462527061774
ergo_adaptive,29.08333333333337,0.12142802203440449,0.07168249297172308
ergo_adaptive,29.16666666666663,0.12072202768328992,0.07162248735552873
ergo_adaptive,29.25,0.12297717816119802,0.07155648155485482
ergo_adaptive,29.33333333333337,0.12320444853327513,0.07149969766703405
ergo_adaptive,29.41666666666663,0.12232670845374724,0.07147905959856718
ergo_adaptive,29.5,0.12268230945774045,0.0714861475425537
ergo_adaptive,29.58333333333337,0.12329929179894984,0.07149433606416707
ergo_adaptive,29.66666666666663,0.12285031249490347,0.07149817749390129
ergo_adaptive,29.75,0.12367379455429653,0.07153058149538725
ergo_adaptive,29.83333333333337,0.12482816905876426,0.07159708075736633
ergo_adaptive,29.91666666666663,0.1250682370066359,0.07166727232494854
ergo_adaptive,30.0,0.12429212612111322,0.07170534780594767
ergo_adaptive,30.08333333333337,0.12591780339187406,0.0716968678314284
ergo_adaptive,30.16666666666663,0.12780690934599495,0.07168550171585858
ergo_adaptive,30.25,0.1275984514274852,0.07172349569000284
ergo_adaptive,30.33333333333337,0.1283448072115079,0.07176500123439503
ergo_adaptive,30.41666666666663,0.12838432825713075,0.07174778828460121
ergo_adaptive,30.5,0.13008907218704735,0.0717206226775966
ergo_adaptive,30.58333333333337,0.12976982352471705,0.07174884214646386
ergo_adaptive,30.66666666666663,0.13009265928182687,0.07182079447662847
ergo_adaptive,30.75,0.1315676461765514,0.07200978494958105
ergo_adaptive,30.83333333333337,0.13085441037203044,0.07212650769092795
ergo_adaptive,30.91666666666663,0.1306712735517632,0.07234406509207016
ergo_adaptive,31.0,0.13068189790469542,0.07263125282643182
ergo_adaptive,31.08333333333337,0.13036190998901837,0.07292192712898841
ergo_adaptive,31.16666666666663,0.130463572186556,0.07317266892260724
ergo_adaptive,31.25,0.13126726296698643,0.07339233389339607
ergo_adaptive,31.33333333333337,0.13228659005322316,0.0736170326262799
ergo_adaptive,31.41666666666663,0.13281145179181877,0.07385804346180419
ergo_adaptive,31.5,0.13276484935666227,0.07411065192426214
ergo_adaptive,31.58333333333337,0.1337173697503448,0.07433250692926469
ergo_adaptive,31.66666666666663,0.1327700878629439,0.07443260106072382
ergo_adaptive,31.75,0.13422354987592441,0.07455335289093727
ergo_adaptive,31.83333333333337,0.13467866158363137,0.07463193796789915
ergo_adaptive,31.91666666666663,0.13439442153729433,0.07468372683688414
ergo_adaptive,32.0,0.1355600176473474,0.07475628710517462
ergo_adaptive,32.08333333333337,0.13665801499409025,0.07482007704479325
ergo_adaptive,32.16666666666663,0.13692692656081218,0.07485156020483366
ergo_adaptive,32.25,0.13614371776665718,0.0748879862683805
ergo_adaptive,32.33333333333337,0.13641436251463435,0.07503740150782227
ergo_adaptive,32.41666666666663,0.13736753114229638,0.07522911437735835
ergo_adaptive,32.5,0.13965479847452725,0.07541339728681683
ergo_adaptive,32.58333333333337,0.13998498437598578,0.07557679601718095
ergo_adaptive,32.66666666666663,0.1409341093242507,0.07570570075917765
ergo_adaptive,32.75,0.1417938980471368,0.07581765884186248
ergo_adaptive,32.83333333333337,0.1408847510643596,0.07594407209306535
ergo_adaptive,32.91666666666663,0.14107127754177243,0.07609475154473631
ergo_adaptive,33.0,0.14236059526328543,0.07625996085861947
ergo_adaptive,33.08333333333337,0.1425495167759668,0.07643539092364351
ergo_adaptive,33.16666666666663,0.14350056682688975,0.0766268531027387
ergo_adaptive,33.25,0.1428840969549753,0.07684126996208464
ergo_adaptive,33.33333333333337,0.12782081032799672,0.07707455198861028
ergo_adaptive,33.41666666666663,0.12370790159570064,0.07734158356869965
ergo_adaptive,33.5,0.12682614494365638,0.07760976577707544
ergo_adaptive,33.58333333333337,0.12851971871534165,0.07785676207129323
ergo_adaptive,33.66666666666663,0.1299614250870041,0.07807437985505648
ergo_adaptive,33.75,0.1300956182346359,0.07826913257009081
ergo_adaptive,33.83333333333337,0.13027527432991629,0.07845114553903787
ergo_adaptive,33.91666666666663,0.13076803017946023,0.07859783082433279
ergo_adaptive,34.0,0.13094250748989927,0.07869809354742137
ergo_adaptive,34.08333333333337,0.13055304540727208,0.07877299206848369
ergo_adaptive,34.16666666666663,0.13071619120508324,0.07885292073770335
ergo_adaptive,34.25,0.1312718398363098,0.07890909940230742
ergo_adaptive,34.33333333333337,0.13043610416637225,0.07892224336762288
ergo_adaptive,34.41666666666663,0.1311370960459583,0.07891173160310268
ergo_adaptive,34.5,0.13086551919303818,0.07890443259535104
ergo_adaptive,34.58333333333337,0.13110529630262052,0.07891096302515992
ergo_adaptive,34.66666666666663,0.13164638040585275,0.07891928855105451
ergo_adaptive,34.75,0.13145535784176568,0.0789200063046746
ergo_adaptive,34.83333333333337,0.13128920537010624,0.07892533769277513
ergo_adaptive,34.91666666666663,0.1314187551088134,0.07896880154119304
ergo_adaptive,35.0,0.13215187720290603,0.07905312958023605
ergo_adaptive,35.08333333333337,0.13230386406748743,0.07908419750328402
ergo_adaptive,35.16666666666663,0.13241480996820518,0.07906762252324777
ergo_adaptive,35.25,0.13221502084472223,0.07904408431034356
ergo_adaptive,35.33333333333337,0.1329058934549957,0.07903068341027372
ergo_adaptive,35.41666666666663,0.13316698684449363,0.0790126513003212
ergo_adaptive,35.5,0.13294787666019328,0.07897240240983334
ergo_adaptive,35.58333333333337,0.1322277729369635,0.07890244089807487
ergo_adaptive,35.66666666666663,0.13202126981974416,0.07882013959768656
ergo_adaptive,35.75,0.13146306498053248,0.07876527651197064
ergo_adaptive,35.83333333333337,0.13213568978327786,0.0786933390717709
ergo_adaptive,35.91666666666663,0.1322874673433774,0.07853473830776211
ergo_adaptive,36.0,0.1316757659780935,0.07833445568547348
ergo_adaptive,36.08333333333337,0.1325130570645849,0.07815576336054471
ergo_adaptive,36.16666666666663,0.1321121930502704,0.07801546646095772
ergo_adaptive,36.25,0.1319289156841139,0.07791400024938822
ergo_adaptive,36.33333333333337,0.131931288906165,0.07785586648736953
ergo_adaptive,36.41666666666663,0.1322607533518858,0.07781957383931626
ergo_adaptive,36.5,0.13212306954185657,0.07778008712622132
ergo_adaptive,36.58333333333337,0.1330102178087996,0.07773803651483699
ergo_adaptive,36.66666666666663,0.13278928547721114,0.07770417708360608
ergo_adaptive,36.75,0.13260492110032043,0.07769449380453107
ergo_adaptive,36.83333333333337,0.13230638395234845,0.07769669901008691
ergo_adaptive,36.91666666666663,0.1328368517450149,0.0776743129836644
ergo_adaptive,37.0,0.13234677676384493,0.07762504054402602
ergo_adaptive,37.08333333333337,0.13424393894487194,0.07758882780404101
ergo_adaptive,37.16666666666663,0.1343613382742498,0.07757693517396484
ergo_adaptive,37.25,0.1342948682889166,0.07752570763100569
ergo_adaptive,37.33333333333337,0.13349830065157114,0.07741913233140327
ergo_adaptive,37.41666666666663,0.13335190159463053,0.07731134314515313
ergo_adaptive,37.5,0.1329912816018219,0.07724217923838672
ergo_adaptive,37.58333333333337,0.13260757768880685,0.07715598078890296
ergo_adaptive,37.66666666666663,0.13330963845964025,0.0770058502065534
ergo_adaptive,37.75,0.13273165370367387,0.07683623630490659
ergo_adaptive,37.83333333333337,0.13292442136206375,0.07670163121566495
ergo_adaptive,37.91666666666663,0.1326377838081953,0.07657526390503352
ergo_adaptive,38.0,0.1323599188644308,0.07640247381281598
ergo_adaptive,38.08333333333337,0.1318474692887728,0.07619705740637185
ergo_adaptive,38.16666666666663,0.13207985179463577,0.07600372236266517
ergo_adaptive,38.25,0.13089886260529301,0.07582489816065156
ergo_adaptive,38.33333333333337,0.1310467151439226,0.07563087071655747
ergo_adaptive,38.41666666666663,0.13169362883112148,0.0754151268124259
ergo_adaptive,38.5,0.13214054213506893,0.07520063663153911
ergo_adaptive,38.58333333333337,0.13110774495444177,0.07501305242180677
ergo_adaptive,38.66666666666663,0.13126949568298318,0.07485121372619974
ergo_adaptive,38.75,0.13102784093747613,0.07468041300497483
ergo_adaptive,38.83333333333337,0.1295659563479891,0.07448856997334212
ergo_adaptive,38.91666666666663,0.12951608613762036,0.07432116017935168
ergo_adaptive,39.0,0.12697705346499513,0.07419563077153932
ergo_adaptive,39.08333333333337,0.12920525662282523,0.07405164973160634
ergo_adaptive,39.16666666666663,0.13098216302927146,0.07387127210611509
ergo_adaptive,39.25,0.13186035416903208,0.07368914286596151
ergo_adaptive,39.33333333333337,0.13258008998623957,0.07354323655058696
ergo_adaptive,39.41666666666663,0.1309279088136705,0.07346503468171206
ergo_adaptive,39.5,0.1314620828966718,0.07342922616216598
ergo_adaptive,39.58333333333337,0.13012515068192002,0.07331573866230891
ergo_adaptive,39.66666666666663,0.13089908916515908,0.07314074584702177
ergo_adaptive,39.75,0.13091765769243255,0.07296558358716003
ergo_adaptive,39.83333333333337,0.1311332062736129,0.0728158911956366
ergo_adaptive,39.91666666666663,0.13148484686562753,0.07268377565174558
ergo_adaptive,40.0,0.13183136047054128,0.0725528664968728
ergo_adaptive,40.08333333333337,0.13065384576981964,0.07241423787634207
ergo_adaptive,40.16666666666663,0.1290922632606998,0.07229379450606153
ergo_adaptive,40.25,0.12883175444097658,0.07224120663248225
ergo_adaptive,40.33333333333337,0.12920121659781414,0.07218259412121897
ergo_adaptive,40.41666666666663,0.13108482961819223,0.07203164217974191
ergo_adaptive,40.5,0.13053040374004368,0.07184211418835428
ergo_adaptive,40.58333333333337,0.1297222203110152,0.0716745860107718
ergo_adaptive,40.66666666666663,0.1293253511598327,0.07153987079960723
ergo_adaptive,40.75,0.12974103649057334,0.07141370019467848
ergo_adaptive,40.83333333333337,0.12957076567676676,0.07127748998363663
ergo_adaptive,40.91666666666663,0.12866328562944648,0.07114457517676716
ergo_adaptive,41.0,0.13036808051368654,0.07105010592303818
ergo_adaptive,41.08333333333337,0.12916307204468003,0.07100052786697549
ergo_adaptive,41.16666666666663,0.12910087766548833,0.07091919719339443
ergo_adaptive,41.25,0.12958021355260363,0.07078457801414131
ergo_adaptive,41.33333333333337,0.12938630355786443,0.07066265208628149
ergo_adaptive,41.41666666666663,0.12914874632874132,0.07058969117765798
ergo_adaptive,41.5,0.129726256260895,0.0705052504349071
ergo_adaptive,41.58333333333337,0.12990963532169814,0.07036923220821402
ergo_adaptive,41.66666666666663,0.12931262198403787,0.07021937292913875
ergo_adaptive,41.75,0.13031875668078333,0.07009542955480708
ergo_adaptive,41.83333333333337,0.13039911874055599,0.07000389228539536
ergo_adaptive,41.91666666666663,0.1297351537864779,0.06992150126558805
ergo_adaptive,42.0,0.12739103286553868,0.06982234318045505
ergo_adaptive,42.08333333333337,0.1282955625382206,0.06972344968616111
ergo_adaptive,42.16666666666663,0.12845114783476097,0.06967722655342844
ergo_adaptive,42.25,0.12902558442284146,0.06966925244215397
ergo_adaptive,42.33333333333337,0.1277462739752019,0.06957157783483478
ergo_adaptive,42.41666666666663,0.12730095580198156,0.06941853963361576
ergo_adaptive,42.5,0.12813337288446314,0.06927965084487597
ergo_adaptive,42.58333333333337,0.12761830753828649,0.06918696257367836
ergo_adaptive,42.66666666666663,0.12942114124672002,0.06912737846902475
ergo_adaptive,42.75,0.128553294567456,0.06908572083318996
ergo_adaptive,42.83333333333337,0.1294311427400376,0.06906062827139663
ergo_adaptive,42.91666666666663,0.12910171007214047,0.06907516361112837
ergo_adaptive,43.0,0.12951118151391966,0.06916073094762419
ergo_adaptive,43.08333333333337,0.12993202521639743,0.06924233215655189
ergo_adaptive,43.16666666666663,0.12968866264738435,0.06926158054005484
ergo_adaptive,43.25,0.13012029674602898,0.06926498108995313
ergo_adaptive,43.33333333333337,0.12955719374757527,0.06929417953649884
ergo_adaptive,43.41666666666663,0.1292482283848959,0.0693491994106564
ergo_adaptive,43.5,0.1289325835184318,0.0694153186991012
ergo_adaptive,43.58333333333337,0.13016528981190295,0.0694874785143914
ergo_adaptive,43.66666666666663,0.13020660699003608,0.06957593737916895
ergo_adaptive,43.75,0.13004794259917307,0.06970418306928237
ergo_adaptive,43.83333333333337,0.13000997667944367,0.06988544214434476
ergo_adaptive,43.91666666666663,0.1308413342143174,0.07004406608297734
ergo_adaptive,44.0,0.13108676453655901,0.0701757284302993
ergo_adaptive,44.08333333333337,0.13022753881668483,0.07031655274174109
ergo_adaptive,44.16666666666663,0.1301142579386095,0.070487807204895
ergo_adaptive,44.25,0.13130508240236743,0.07069982459949589
ergo_adaptive,44.33333333333337,0.1316145095750915,0.07095907311977398
ergo_adaptive,44.41666666666663,0.1206617737043031,0.07122557859918138
ergo_adaptive,44.5,0.112218119729153,0.07145367280596511
ergo_adaptive,44.58333333333337,0.10961917185344523,0.07164487005788683
ergo_adaptive,44.66666666666663,0.1144677125420661,0.07181136867388381
ergo_adaptive,44.75,0.11749420894914567,0.071929888430126
ergo_adaptive,44.83333333333337,0.1184821025111004,0.07199906269678495
ergo_adaptive,44.91666666666663,0.1191122741751081,0.07205391356072689
ergo_adaptive,45.0,0.11924018979197375,0.07214209506636095
ergo_adaptive,45.08333333333337,0.1195212768371967,0.07220510670923491
ergo_adaptive,45.16666666666663,0.1195036705427446,0.07220037387606616
ergo_adaptive,45.25,0.119412755086373,0.0721802066259199
ergo_adaptive,45.33333333333337,0.11927829069458207,0.07221017150355351
ergo_adaptive,45.41666666666663,0.11928312327975372,0.07226860286537923
ergo_adaptive,45.5,0.11984982359951467,0.07225659639637069
ergo_adaptive,45.58333333333337,0.11979004081427665,0.07220573449484533
ergo_adaptive,45.66666666666663,0.12000895432411463,0.07218460358856106
ergo_adaptive,45.75,0.1200256747485606,0.07221353261792088
ergo_adaptive,45.83333333333337,0.12006318089054684,0.0721946069682808
ergo_adaptive,45.91666666666663,0.11987267915163287,0.07212144809838981
ergo_adaptive,46.0,0.12015670538105465,0.07205678657115035
ergo_adaptive,46.08333333333337,0.11996069431994284,0.07203862810837561
ergo_adaptive,46.16666666666663,0.12031706274852814,0.07201877434469127
ergo_adaptive,46.25,0.12058734552886219,0.07194935974688092
ergo_adaptive,46.33333333333337,0.1205031262980779,0.07186957389681872
ergo_adaptive,46.41666666666663,0.1204670828508265,0.07182832479035861
ergo_adaptive,46.5,0.12030305766981016,0.07181167628779446
ergo_adaptive,46.58333333333337,0.11980774573222479,0.07176200867290822
ergo_adaptive,46.66666666666663,0.11998947900959896,0.07169074176574661
ergo_adaptive,46.75,0.11972237843081815,0.07165811234541988
ergo_adaptive,46.83333333333337,0.12029530106444117,0.07170310480574911
ergo_adaptive,46.91666666666663,0.12082951877105363,0.07170706638962884
ergo_adaptive,47.0,0.120529462704716,0.07164748086027477
ergo_adaptive,47.08333333333337,0.12127083327542941,0.07159469575680251
ergo_adaptive,47.16666666666663,0.12119902273208735,0.07159428355693549
ergo_adaptive,47.25,0.1214155772005879,0.07161133151603556
ergo_adaptive,47.33333333333337,0.12147060190382979,0.07157132946807204
ergo_adaptive,47.41666666666663,0.1215303847541169,0.07150493359699792
ergo_adaptive,47.5,0.12152436685228346,0.0714776664309334
ergo_adaptive,47.58333333333337,0.12158616095594339,0.07149925005803329
ergo_adaptive,47.66666666666663,0.12201553849817974,0.0714845939003336
ergo_adaptive,47.75,0.12151368611690998,0.0714382713724165
ergo_adaptive,47.83333333333337,0.12137337834312599,0.07140199592056512
ergo_adaptive,47.91666666666663,0.12161279892396279,0.07139523938774109
ergo_adaptive,48.0,0.12223221619156649,0.07140972561048096
ergo_adaptive,48.08333333333337,0.12218172358203741,0.0714188747688776
ergo_adaptive,48.16666666666663,0.12174455048580778,0.07141410131023299
ergo_adaptive,48.25,0.12184925194875158,0.07141416253284023
ergo_adaptive,48.33333333333337,0.12259585981650742,0.07143117981766989
ergo_adaptive,48.41666666666663,0.12351110865109154,0.07144073928812393
ergo_adaptive,48.5,0.12337801568577547,0.07142853632126382
ergo_adaptive,48.58333333333337,0.12369971166702953,0.07140953495122658
ergo_adaptive,48.66666666666663,0.12315372210803491,0.07140254065467116
ergo_adaptive,48.75,0.12259913087716151,0.0713989269300155
ergo_adaptive,48.83333333333337,0.12369840619663448,0.07138452921101611
ergo_adaptive,48.91666666666663,0.12416540502849585,0.07136227419310195
ergo_adaptive,49.0,0.12393170788177862,0.07135586029593942
ergo_adaptive,49.08333333333337,0.1239092501007997,0.07138007603011808
ergo_adaptive,49.16666666666663,0.12399960724475778,0.0714030381734987
ergo_adaptive,49.25,0.12334144624011333,0.07138284589723456
ergo_adaptive,49.33333333333337,0.12436390931601597,0.07134966653862923
ergo_adaptive,49.41666666666663,0.12466511527943183,0.07134013807208907
ergo_adaptive,49.5,0.12527371437686988,0.07133267798173812
ergo_adaptive,49.58333333333337,0.12430294541314968,0.07128825309464586
ergo_adaptive,49.66666666666663,0.12424806971925129,0.07121998733027621
ergo_adaptive,49.75,0.12432446158821711,0.07115823421920714
ergo_adaptive,49.83333333333337,0.12560210424981574,0.07112948807067325
ergo_adaptive,49.91666666666663,0.12577391763118703,0.07112884314750992
ergo_adaptive,50.0,0.12618336463065333,0.07110502086266905
ergo_adaptive,50.08333333333337,0.12561707249272938,0.07103692121172524
ergo_adaptive,50.16666666666663,0.12629291179708835,0.0709708910214812
ergo_adaptive,50.25,0.12545528923711552,0.0709297616060198
ergo_adaptive,50.33333333333337,0.12468632278148875,0.07086904050847537
ergo_adaptive,50.41666666666663,0.1244266054880027,0.0707615824318041
ergo_adaptive,50.5,0.12312602127340715,0.07063752534225853
ergo_adaptive,50.58333333333337,0.12386276046606269,0.07053156683042881
ergo_adaptive,50.66666666666663,0.12509950814980103,0.07045539794545348
ergo_adaptive,50.75,0.125034262543796,0.07038147720249699
ergo_adaptive,50.83333333333337,0.12551641676468261,0.0702774532680319
ergo_adaptive,50.91666666666663,0.12581294203978102,0.07016249389475401
ergo_adaptive,51.0,0.12523396871475015,0.0701014876833237
ergo_adaptive,51.08333333333337,0.12688923179468367,0.0700651863974813
ergo_adaptive,51.16666666666663,0.1248431056508401,0.0699216716015744
ergo_adaptive,51.25,0.12475215729660348,0.06971212103296288
ergo_adaptive,51.33333333333337,0.12516321484565127,0.06951468885357907
ergo_adaptive,51.41666666666663,0.1244343094103449,0.06934802470465763
ergo_adaptive,51.5,0.12356181612686536,0.06916777985567293
ergo_adaptive,51.58333333333337,0.12392587554302677,0.06895113610599769
ergo_adaptive,51.66666666666663,0.12126663013117166,0.06871963581766959
ergo_adaptive,51.75,0.12233179018102594,0.06850711463212224
ergo_adaptive,51.83333333333337,0.12381800183623827,0.06831690373601697
ergo_adaptive,51.91666666666663,0.12456892187476916,0.06812531537920496
ergo_adaptive,52.0,0.12505701527922,0.06793034303672538
ergo_adaptive,52.08333333333337,0.12291316999405552,0.06776926751056078
ergo_adaptive,52.16666666666663,0.12193106741060883,0.06769353609464307
ergo_adaptive,52.25,0.12123151900751546,0.06762348101700555
ergo_adaptive,52.33333333333337,0.12270493257442705,0.06749779834369808
ergo_adaptive,52.41666666666663,0.12533056920584504,0.06737546069095415
ergo_adaptive,52.5,0.12595166223368964,0.06731240119467068
ergo_adaptive,52.58333333333337,0.12475460335650025,0.06727693950797778
ergo_adaptive,52.66666666666663,0.12474237570311662,0.06720840942299852
ergo_adaptive,52.75,0.1224799322329047,0.06711823388894961
ergo_adaptive,52.83333333333337,0.12243408267607943,0.06704504733817898
ergo_adaptive,52.91666666666663,0.122460662344989,0.066999004687065
ergo_adaptive,53.0,0.12231629222369589,0.06695764223521465
ergo_adaptive,53.08333333333337,0.12358201148690592,0.06690036890214733
ergo_adaptive,53.16666666666663,0.12406998488390072,0.06684347116546473
ergo_adaptive,53.25,0.12399445165983354,0.06681178530504404
ergo_adaptive,53.33333333333337,0.12447002293045517,0.06679571929124149
ergo_adaptive,53.41666666666663,0.12475814091119673,0.06675912792772568
ergo_adaptive,53.5,0.1241429809938388,0.06670434452592386
ergo_adaptive,53.58333333333337,0.1261052142286985,0.06667456820888916
ergo_adaptive,53.66666666666663,0.12744618702325317,0.06669357530531216
ergo_adaptive,53.75,0.12699518103592614,0.06668598766026886
ergo_adaptive,53.83333333333337,0.12681302867622776,0.06662107967460776
ergo_adaptive,53.91666666666663,0.1262751299984544,0.06656416938382469
ergo_adaptive,54.0,0.12723798949700052,0.06657338407953778
ergo_adaptive,54.08333333333337,0.12725540194911825,0.06658070788753444
ergo_adaptive,54.16666666666663,0.12701036800620746,0.06652075553590293
ergo_adaptive,54.25,0.12556509040935854,0.06644380096885177
ergo_adaptive,54.33333333333337,0.12515551902404884,0.06640392823694255
ergo_adaptive,54.41666666666663,0.12608953651030455,0.06639121745268149
ergo_adaptive,54.5,0.12862060339157347,0.06636401620113967
ergo_adaptive,54.58333333333337,0.12983051288472505,0.06631842456346239
ergo_adaptive,54.66666666666663,0.1292990140218728,0.06628592048937693
ergo_adaptive,54.75,0.12973984908046776,0.06628119290808404
ergo_adaptive,54.83333333333337,0.12848285939016152,0.06628847333143793
ergo_adaptive,54.91666666666663,0.12874168654688614,0.06628772159940433
ergo_adaptive,55.0,0.12946720360012937,0.06628721158854925
ergo_adaptive,55.08333333333337,0.12879444617418892,0.06632215778714831
ergo_adaptive,55.16666666666663,0.1289221308720427,0.06639838221751215
ergo_adaptive,55.25,0.1294920720975086,0.06644319614761171
ergo_adaptive,55.33333333333337,0.12979503262348527,0.06644475874765447
ergo_adaptive,55.41666666666663,0.13039658825600187,0.06645671988099879
ergo_adaptive,55.5,0.1305618500358879,0.06650325319591997
ergo_adaptive,55.58333333333337,0.13077236357270114,0.06655145292416935
ergo_adaptive,55.66666666666663,0.13185097083195008,0.06658390889191854
ergo_adaptive,55.75,0.1307690369812733,0.0666208220882544
ergo_adaptive,55.83333333333337,0.13034679493695012,0.06668693891485786
ergo_adaptive,55.91666666666663,0.13171461186208,0.06680733024834067
ergo_adaptive,56.0,0.13140858945900089,0.0669817469319648
ergo_adaptive,56.08333333333337,0.1307800629307814,0.0671085021096548
ergo_adaptive,56.16666666666663,0.13185178749836016,0.0672012442954949
ergo_adaptive,56.25,0.1308059280279643,0.0673035026522227
ergo_adaptive,56.33333333333337,0.1309442895456983,0.06743983508653542
ergo_adaptive,56.41666666666663,0.1320993176172235,0.06762359239144669
ergo_adaptive,56.5,0.1325761369404181,0.06784818880018155
ergo_adaptive,56.58333333333337,0.1332211332924655,0.06806276083794843
ergo_adaptive,56.66666666666663,0.1321812060166506,0.06826824460262397
ergo_adaptive,56.75,0.13267852279135156,0.06849123138886766
ergo_adaptive,56.83333333333337,0.13353210374527716,0.0687401526839633
ergo_adaptive,56.91666666666663,0.11981478253092177,0.06900540363592379
ergo_adaptive,57.0,0.10501747199634676,0.06926091191250736
ergo_adaptive,57.08333333333337,0.09919704475195638,0.06950478753048972
ergo_adaptive,57.16666666666663,0.10063489252428975,0.06974095794392458
ergo_adaptive,57.25,0.1043913276341919,0.06995351937706873
ergo_adaptive,57.33333333333337,0.10684206040882739,0.07010774262379267
ergo_adaptive,57.41666666666663,0.1077722935113917,0.07022059652588214
ergo_adaptive,57.5,0.10791757245088525,0.07034450155563164
ergo_adaptive,57.58333333333337,0.10821483935859626,0.07047504608055985
ergo_adaptive,57.66666666666663,0.10809486938275539,0.07055159319497488
ergo_adaptive,57.75,0.1077531520909581,0.07059644876024379
ergo_adaptive,57.83333333333337,0.10749236256375783,0.07065866157840761
ergo_adaptive,57.91666666666663,0.10853748766127323,0.07075945877997879
ergo_adaptive,58.0,0.10864023416022503,0.07082159105219127
ergo_adaptive,58.08333333333337,0.10881328916450503,0.07084123574564913
ergo_adaptive,58.16666666666663,0.10881587398884435,0.07085527729716105
ergo_adaptive,58.25,0.10869046662662954,0.0708852729775253
ergo_adaptive,58.33333333333337,0.10888288348760476,0.07091328898788235
ergo_adaptive,58.41666666666663,0.10878708518291996,0.07092183163975983
ergo_adaptive,58.5,0.10886537511336507,0.07091681271468125
ergo_adaptive,58.58333333333337,0.10905432916049106,0.07091888470178721
ergo_adaptive,58.66666666666663,0.10952879540193422,0.07093597819933962
ergo_adaptive,58.75,0.1094904477241064,0.07095584804699905
ergo_adaptive,58.83333333333337,0.10959480651289072,0.07096281498992564
ergo_adaptive,58.91666666666663,0.1092305846935432,0.07097223161364762
ergo_adaptive,59.0,0.10922109863336618,0.07103089485416367
ergo_adaptive,59.08333333333337,0.11017712520422542,0.07109440099770586
ergo_adaptive,59.16666666666663,0.11052421201200541,0.07109206680400929
ergo_adaptive,59.25,0.11092936903865801,0.07106027071068444
ergo_adaptive,59.33333333333337,0.11024888433939956,0.07104473332076794
ergo_adaptive,59.41666666666663,0.11063288575456566,0.07104722267010116
ergo_adaptive,59.5,0.11146142030567865,0.07104095919061885
ergo_adaptive,59.58333333333337,0.11141434857406525,0.07101811761036884
ergo_adaptive,59.66666666666663,0.11108751455017479,0.0710000703077418
ergo_adaptive,59.75,0.11133484888562065,0.07100395998867792
ergo_adaptive,59.83333333333337,0.11113531209935781,0.07102958617082801
ergo_adaptive,59.91666666666663,0.11135613468502514,0.07106481113191587
ergo_adaptive,60.0,0.11103985700239699,0.07109172361413754
ergo_adaptive,60.08333333333337,0.11089419049795755,0.07111073194932689
ergo_adaptive,60.16666666666663,0.11161622531596907,0.0711220188315959
ergo_adaptive,60.25,0.11211326302736754,0.07112951462868201
ergo_adaptive,60.33333333333337,0.11277162227015983,0.0711601134705399
ergo_adaptive,60.41666666666663,0.1130732805749799,0.0712249270085393
ergo_adaptive,60.5,0.1124766051916646,0.07124932918472746
ergo_adaptive,60.58333333333337,0.11236500167849786,0.07122266753263455
ergo_adaptive,60.66666666666663,0.11303984736138697,0.07120009346626943
ergo_adaptive,60.75,0.11350410877947774,0.07123733343919676
ergo_adaptive,60.83333333333337,0.11346155601470347,0.0712540953258796
ergo_adaptive,60.91666666666663,0.11417788502282543,0.07120945686038695
ergo_adaptive,61.0,0.11387514510894817,0.07115285194395571
ergo_adaptive,61.08333333333337,0.11407900071265498,0.0711457758516285
ergo_adaptive,61.16666666666663,0.11434509112084756,0.07116528697050174
ergo_adaptive,61.25,0.11528301438558987,0.07112378591626035
ergo_adaptive,61.33333333333337,0.11480522232178302,0.07105119498211537
ergo_adaptive,61.41666666666663,0.11433505882793535,0.07101168256773485
ergo_adaptive,61.5,0.11376848565629301,0.0710281350922247
ergo_adaptive,61.58333333333337,0.1144530929540618,0.07099141591579221
ergo_adaptive,61.66666666666663,0.11377962391230745,0.07090456363511621
ergo_adaptive,61.75,0.11423919300468544,0.07083197749810406
ergo_adaptive,61.83333333333337,0.11474301074906462,0.07083134617818823
ergo_adaptive,61.91666666666663,0.11409963678194031,0.07080310055838064
ergo_adaptive,62.0,0.11506426629153568,0.07070862810873127
ergo_adaptive,62.08333333333337,0.11528695590351858,0.07060670940021059
ergo_adaptive,62.16666666666663,0.11486910530234595,0.07056663495549721
ergo_adaptive,62.25,0.11521076680486483,0.07054632952210749
ergo_adaptive,62.33333333333337,0.11397325759876512,0.07045574795323799
ergo_adaptive,62.41666666666663,0.11391233206137927,0.07033581700962475
ergo_adaptive,62.5,0.11499721660055963,0.07025937725145802
ergo_adaptive,62.58333333333337,0.11540549061026971,0.07023177717381562
ergo_adaptive,62.66666666666663,0.11576587031701058,0.07015629341373268
ergo_adaptive,62.75,0.11534631336968296,0.0700331773024114
ergo_adaptive,62.83333333333337,0.11565193980664827,0.06992730746038234
ergo_adaptive,62.91666666666663,0.11469843666740435,0.06986931898080638
ergo_adaptive,63.0,0.11376351973623425,0.06980677784598123
ergo_adaptive,63.08333333333337,0.11435278457282208,0.06969953356914795
ergo_adaptive,63.16666666666663,0.11445473686462064,0.06958899963060419
ergo_adaptive,63.25,0.11688005936557874,0.06952323906358111
ergo_adaptive,63.33333333333337,0.1178384457442522,0.06946878279719486
ergo_adaptive,63.41666666666663,0.11786491750267489,0.06936676375266497
ergo_adaptive,63.5,0.11736099504564265,0.06923761814236663
ergo_adaptive,63.58333333333337,0.11729577964983734,0.06913107065310241
ergo_adaptive,63.66666666666663,0.11539355783184742,0.06904635416671398
ergo_adaptive,63.75,0.11588390999109979,0.06895188626740499
ergo_adaptive,63.83333333333337,0.11602198831870149,0.06883654151910736
ergo_adaptive,63.91666666666663,0.11663622392424117,0.06873126324775237
ergo_adaptive,64.0,0.11676736735235557,0.0686507353782149
ergo_adaptive,64.08333333333337,0.11675281986760094,0.06856446113534817
ergo_adaptive,64.16666666666663,0.11629703305881264,0.06845179483430423
ergo_adaptive,64.25,0.1168629999386086,0.0683364132625499
ergo_adaptive,64.33333333333337,0.11580924224504162,0.06824543712802941
ergo_adaptive,64.41666666666663,0.11708606122653968,0.06817382256704338
ergo_adaptive,64.5,0.11792442233621914,0.06807669224078326
ergo_adaptive,64.58333333333337,0.11614913440703653,0.06795421851239403
ergo_adaptive,64.66666666666663,0.11594222694659352,0.06786069025619933
ergo_adaptive,64.75,0.1165783134486002,0.06781612389565876
ergo_adaptive,64.83333333333337,0.11741760889134566,0.06776686471969529
ergo_adaptive,64.91666666666663,0.11715234734426357,0.06767394990624057
ergo_adaptive,65.0,0.11675671155872298,0.06759322293137106
ergo_adaptive,65.08333333333337,0.11701871035833779,0.06761350286880681
ergo_adaptive,65.16666666666663,0.117269535582865,0.06764233744285338
ergo_adaptive,65.25,0.11716578316433994,0.06766281629405653
ergo_adaptive,65.33333333333337,0.11784224712228138,0.06786314525864054
ergo_adaptive,65.41666666666663,0.11861378335851464,0.06813862693993454
ergo_adaptive,65.5,0.11865187442730987,0.06842061691424582
ergo_adaptive,65.58333333333337,0.11914441808698985,0.06868981756689058
ergo_adaptive,65.66666666666663,0.11958612828422958,0.06894939002258274
ergo_adaptive,65.75,0.11951501177347588,0.06919684820402121
ergo_adaptive,65.83333333333337,0.11947773088633416,0.06941685131373695
ergo_adaptive,65.91666666666663,0.11970298800631583,0.06960515673363432
ergo_adaptive,66.0,0.12018098154546891,0.06977848254929894
ergo_adaptive,66.08333333333337,0.12025501656091649,0.06995337827537067
ergo_adaptive,66.16666666666663,0.1204896581691964,0.0701068709901924
ergo_adaptive,66.25,0.12049984228135145,0.07022529130871466
ergo_adaptive,66.33333333333337,0.12080304379874084,0.07032465362895828
ergo_adaptive,66.41666666666663,0.12196860324905909,0.07043866225668152
ergo_adaptive,66.5,0.12191712879453344,0.07054865657824634
ergo_adaptive,66.58333333333337,0.12382968974427401,0.07062010903843335
ergo_adaptive,66.66666666666663,0.1233162260892655,0.0706626898657537
ergo_adaptive,66.75,0.1234004711794816,0.07072085062544321
ergo_adaptive,66.83333333333337,0.12229243060147234,0.07080238205209873
ergo_adaptive,66.91666666666663,0.12240746052409958,0.07084170324143338
ergo_adaptive,67.0,0.1231445741028234,0.0708383384863676
ergo_adaptive,67.08333333333337,0.12050179820835967,0.07083498128719201
ergo_adaptive,67.16666666666663,0.12034816069902675,0.070889438295404
ergo_adaptive,67.25,0.12097322790533975,0.07092516877244642
ergo_adaptive,67.33333333333337,0.12199131141599528,0.07091597280486983
ergo_adaptive,67.41666666666663,0.12302017320520463,0.07089224588369963
ergo_adaptive,67.5,0.12336772926313383,0.07089939323010418
ergo_adaptive,67.58333333333337,0.1230582991361049,0.07090252709590067
ergo_adaptive,67.66666666666663,0.12481760543459253,0.07086209418123669
ergo_adaptive,67.75,0.1255202158856793,0.07079150562986189
ergo_adaptive,67.83333333333337,0.1240816908034683,0.07071914419816973
ergo_adaptive,67.91666666666663,0.12298930574464104,0.07066733901987825
ergo_adaptive,68.0,0.12429974650019435,0.0706506762890912
ergo_adaptive,68.08333333333337,0.12436841296814763,0.07065869802560502
ergo_adaptive,68.16666666666663,0.12447015758478613,0.07065097020293233
ergo_adaptive,68.25,0.12540165430824315,0.0706197885489124
ergo_adaptive,68.33333333333337,0.12485280085431338,0.07058824912921323
ergo_adaptive,68.41666666666663,0.12525111378366352,0.07057796898583459
ergo_adaptive,68.5,0.12485856746430439,0.07059838516065796
ergo_adaptive,68.58333333333337,0.1244035331058325,0.07061737459462568
ergo_adaptive,68.66666666666663,0.1251245087887477,0.07058898047094006
ergo_adaptive,68.75,0.12604049418189855,0.07053377766761088
ergo_adaptive,68.83333333333337,0.12664279138666348,0.0705015114845517
ergo_adaptive,68.91666666666663,0.12400739554898779,0.07047261917714026
ergo_adaptive,69.0,0.12412300034381082,0.07037974705590833
ergo_adaptive,69.08333333333337,0.12306560088725435,0.07024066919125142
ergo_adaptive,69.16666666666663,0.12028220518212127,0.07010708029560991
ergo_adaptive,69.25,0.12154824378753731,0.07001059783061109
ergo_adaptive,69.33333333333337,0.125132461946716,0.06995292753492593
ergo_adaptive,69.41666666666663,0.1265514535763508,0.06991698899743758
ergo_adaptive,69.5,0.1248522227169685,0.06990207841060658
ergo_adaptive,69.58333333333337,0.12503681967359728,0.06993978590211543
ergo_adaptive,69.66666666666663,0.12520301544262144,0.07005204455926764
ergo_adaptive,69.75,0.12545622190118189,0.0701467719114963
ergo_adaptive,69.83333333333337,0.12628738206787357,0.07020019051645869
ergo_adaptive,69.91666666666663,0.12657955256215286,0.07026165546433763
ergo_adaptive,70.0,0.12821096803252638,0.0703627964125039
ergo_adaptive,70.08333333333337,0.1271648232277654,0.07048322080910116
ergo_adaptive,70.16666666666663,0.1278037674011752,0.07059859352534975
ergo_adaptive,70.25,0.12936483306147026,0.07071508289690893
ergo_adaptive,70.33333333333337,0.13238620072688453,0.07085214702110407
ergo_adaptive,70.41666666666663,0.13329542074591785,0.07101782086094147
ergo_adaptive,70.5,0.13504677689192499,0.07120201154767
ergo_adaptive,70.58333333333337,0.13492938907528157,0.07139280054606287
ergo_adaptive,70.66666666666663,0.1369414146441837,0.07159646582086449
ergo_adaptive,70.75,0.13892640558839844,0.07183051880542518
ergo_adaptive,70.83333333333337,0.12814042249792656,0.07209648889737423
ergo_adaptive,70.91666666666663,0.11138554958762945,0.07235092061835614
ergo_adaptive,71.0,0.09963605231806519,0.07259189982921505
ergo_adaptive,71.08333333333337,0.09429772862307992,0.07285677686202797
ergo_adaptive,71.16666666666663,0.09410791521067872,0.0731392601216091
ergo_adaptive,71.25,0.09806203055937462,0.07341334926740974
ergo_adaptive,71.33333333333337,0.10028226603246491,0.07363979406086596
ergo_adaptive,71.41666666666663,0.10174460521135599,0.07381288415172577
ergo_adaptive,71.5,0.10270698789789791,0.0739592024457705
ergo_adaptive,71.58333333333337,0.10262996924272845,0.07408588063775658
ergo_adaptive,71.66666666666663,0.10263788623135686,0.07417299308693347
ergo_adaptive,71.75,0.10276194892866893,0.07422399449386388
ergo_adaptive,71.83333333333337,0.10251574353532858,0.07426316082078503
ergo_adaptive,71.91666666666663,0.1022968349165625,0.07430691598023084
ergo_adaptive,72.0,0.10296698207398294,0.07434474796197771
ergo_adaptive,72.08333333333337,0.10349333464515624,0.07435480612922037
ergo_adaptive,72.16666666666663,0.10249867613043057,0.07434031598650796
ergo_adaptive,72.25,0.10349090610153273,0.07432302187497851
ergo_adaptive,72.33333333333337,0.10404410216836667,0.07430911592100116
ergo_adaptive,72.41666666666663,0.1033672315469885,0.07428176765945446
ergo_adaptive,72.5,0.10390361640526409,0.07424018231877715
ergo_adaptive,72.58333333333337,0.1033018301979922,0.07421502502299666
ergo_adaptive,72.66666666666663,0.10312430031189794,0.07423614072649186
ergo_adaptive,72.75,0.10266805999536192,0.07427776954218626
ergo_adaptive,72.83333333333337,0.10375116482808248,0.07429960421214407
ergo_adaptive,72.91666666666663,0.10401832182139638,0.07432930855733379
ergo_adaptive,73.0,0.10412516948859309,0.0744102242616094
ergo_adaptive,73.08333333333337,0.10405588612741826,0.07451058625422104
ergo_adaptive,73.16666666666663,0.10411959649060212,0.07454854063136025
ergo_adaptive,73.25,0.10451542634706772,0.07455444182251075
ergo_adaptive,73.33333333333337,0.10455174811518458,0.07458869848366612
ergo_adaptive,73.41666666666663,0.10468961867710912,0.07466673709509167
ergo_adaptive,73.5,0.10437265302081203,0.07468515599979209
ergo_adaptive,73.58333333333337,0.10427962628338236,0.07464993267001999
ergo_adaptive,73.66666666666663,0.10413375111440665,0.07462106108413177
ergo_adaptive,73.75,0.10484148321523337,0.07463450853664848
ergo_adaptive,73.83333333333337,0.1035089177970025,0.07462461269463226
ergo_adaptive,73.91666666666663,0.10376890846228788,0.07456362187482606
ergo_adaptive,74.0,0.10332033513058578,0.0744882719052007
ergo_adaptive,74.08333333333337,0.10353700999455696,0.07443265385666457
ergo_adaptive,74.16666666666663,0.10472128787277601,0.07441171682199474
ergo_adaptive,74.25,0.1056698492099167,0.07441221110919294
ergo_adaptive,74.33333333333337,0.10627614301354965,0.0744041249854459
ergo_adaptive,74.41666666666663,0.10598799858938951,0.07438711026987621
ergo_adaptive,74.5,0.1059378598197828,0.07439415537263794
ergo_adaptive,74.58333333333337,0.10561388605590045,0.07442033763827956
ergo_adaptive,74.66666666666663,0.10563910777647732,0.0744049632291935
ergo_adaptive,74.75,0.10618096533442296,0.074354000726212
ergo_adaptive,74.83333333333337,0.10590226372025338,0.07431229808360633
ergo_adaptive,74.91666666666663,0.10663005164277072,0.074302124701199
ergo_adaptive,75.0,0.10664762435655967,0.07425452227492386
ergo_adaptive,75.08333333333337,0.10702141653977289,0.07415622555797753
ergo_adaptive,75.16666666666663,0.10677116721060757,0.07404731406580095
ergo_adaptive,75.25,0.10646230997573701,0.07396575866599661
ergo_adaptive,75.33333333333337,0.10649781999690944,0.07388610469798586
ergo_adaptive,75.41666666666663,0.10728112329756713,0.07378251273712845
ergo_adaptive,75.5,0.10832975768886709,0.07367223028826153
ergo_adaptive,75.58333333333337,0.1078545911333864,0.07358250862660272
ergo_adaptive,75.66666666666663,0.10811212976944569,0.07351647700321559
ergo_adaptive,75.75,0.10775949285061451,0.0734582600936465
ergo_adaptive,75.83333333333337,0.10741734227854148,0.07339922689259454
ergo_adaptive,75.91666666666663,0.10797953661372942,0.07335589782642528
ergo_adaptive,76.0,0.10785565441692796,0.07335277718073821
ergo_adaptive,76.08333333333337,0.10837868408495956,0.07336650114376869
ergo_adaptive,76.16666666666663,0.107869825211245,0.07333501920887268
ergo_adaptive,76.25,0.10729221222712226,0.07327084749196218
ergo_adaptive,76.33333333333337,0.10752795083462954,0.073222250554353
ergo_adaptive,76.41666666666663,0.10817273297797075,0.07318677050742352
ergo_adaptive,76.5,0.10861883515350655,0.07311159464433412
ergo_adaptive,76.58333333333337,0.10857100383362282,0.07299803686432056
ergo_adaptive,76.66666666666663,0.1091986682412298,0.07287781474860033
ergo_adaptive,76.75,0.10845744843195167,0.0727826746274106
ergo_adaptive,76.83333333333337,0.10878354701063171,0.07271815752385302
ergo_adaptive,76.91666666666663,0.10953117576354494,0.07264133630551306
ergo_adaptive,77.0,0.11041854323761574,0.07251313564884754
ergo_adaptive,77.08333333333337,0.10981353721243832,0.07237081988266322
ergo_adaptive,77.16666666666663,0.11014822533495337,0.07225429136605563
ergo_adaptive,77.25,0.1092393682503986,0.07213178195978578
ergo_adaptive,77.33333333333337,0.10768572769878686,0.07196427542789612
ergo_adaptive,77.41666666666663,0.10863242204141844,0.07177747014847512
ergo_adaptive,77.5,0.10833464405708154,0.07161158946730864
ergo_adaptive,77.58333333333337,0.1078333895300398,0.07149394835195005
ergo_adaptive,77.66666666666663,0.1071572712082594,0.07141053273768745
ergo_adaptive,77.75,0.10792181707621659,0.07130326132048344
ergo_adaptive,77.83333333333337,0.10837271465503279,0.07116055229021327
ergo_adaptive,77.91666666666663,0.10701101674220696,0.07103869270157243
ergo_adaptive,78.0,0.10749043671191108,0.07095460942505241
ergo_adaptive,78.08333333333337,0.10934750160078119,0.07083814186703444
ergo_adaptive,78.16666666666663,0.10980705569769364,0.07067070900107324
ergo_adaptive,78.25,0.1106560612591061,0.07049965211694004
ergo_adaptive,78.33333333333337,0.10908439061228264,0.07036077606585261
ergo_adaptive,78.41666666666663,0.10810556237151916,0.07025515614665076
ergo_adaptive,78.5,0.10713636476449725,0.07015410829529913
ergo_adaptive,78.58333333333337,0.10658008323759123,0.0700374147571633
ergo_adaptive,78.66666666666663,0.10782928637451226,0.06993747066896201
ergo_adaptive,78.75,0.10975153630380238,0.06990772260265184
ergo_adaptive,78.83333333333337,0.10884142807418043,0.06989283373068232
ergo_adaptive,78.91666666666663,0.11000202562684425,0.06978825838860461
ergo_adaptive,79.0,0.10936731521448231,0.06964858841937219
ergo_adaptive,79.08333333333337,0.10922348875149895,0.06954014386432134
ergo_adaptive,79.16666666666663,0.10975589520851033,0.06946500741716982
ergo_adaptive,79.25,0.10991198867463722,0.06938717992125319
ergo_adaptive,79.33333333333337,0.11002247269717572,0.06929933746348588
ergo_adaptive,79.41666666666663,0.11079757355743236,0.0692238885996664
ergo_adaptive,79.5,0.11122041955437947,0.06918781251368009
ergo_adaptive,79.58333333333337,0.11033605648640385,0.06919512691365923
ergo_adaptive,79.66666666666663,0.10952928866489767,0.06919983508450411
ergo_adaptive,79.75,0.11002755960867487,0.06917910070488957
ergo_adaptive,79.83333333333337,0.11037482267612236,0.06917410161787459
ergo_adaptive,79.91666666666663,0.11079491842398104,0.06921729550070545
ergo_adaptive,80.0,0.1115199886916506,0.06925393331459523
ergo_adaptive,80.08333333333337,0.11187960279094634,0.06924798944203031
ergo_adaptive,80.16666666666663,0.11237008240617423,0.06923822599317564
ergo_adaptive,80.25,0.11055888865856353,0.06925783308008404
ergo_adaptive,80.33333333333337,0.11141509582674583,0.06931836095443768
ergo_adaptive,80.41666666666663,0.11184006273409074,0.06941069188167924
ergo_adaptive,80.5,0.11227793496004118,0.06950692365516196
ergo_adaptive,80.58333333333337,0.1139538374474109,0.06959708273395523
ergo_adaptive,80.66666666666663,0.11338258047119319,0.0697036649395027
ergo_adaptive,80.75,0.11442344150763806,0.06982926669783289
ergo_adaptive,80.83333333333337,0.11396144375453908,0.06996915027670118
ergo_adaptive,80.91666666666663,0.11439906141766028,0.07013113038428187
ergo_adaptive,81.0,0.11527982671711738,0.07031692735669898
ergo_adaptive,81.08333333333337,0.11368506351446547,0.07051875103047585
ergo_adaptive,81.16666666666663,0.11499280246224146,0.07072633728679638
ergo_adaptive,81.25,0.1153437485079578,0.07094898693305585
ergo_adaptive,81.33333333333337,0.11571624064659365,0.07119669242364757
ergo_adaptive,81.41666666666663,0.11626390233490488,0.07147590783034619
ergo_adaptive,81.5,0.10647199053891164,0.07178125962965616
ergo_adaptive,81.58333333333337,0.09760420789398326,0.07207934709949047
ergo_adaptive,81.66666666666663,0.09321582803944495,0.07236996480630539
ergo_adaptive,81.75,0.09756807927151902,0.07264389434357188
ergo_adaptive,81.83333333333337,0.1000340343355158,0.07286917325861464
ergo_adaptive,81.91666666666663,0.10132499009656012,0.07303992271500251
ergo_adaptive,82.0,0.10166331854500708,0.07317810429251793
ergo_adaptive,82.08333333333337,0.10170830432416615,0.07330901791318696
ergo_adaptive,82.16666666666663,0.10137221026244833,0.07341224749254825
ergo_adaptive,82.25,0.10122107740621918,0.07347814719814669
ergo_adaptive,82.33333333333337,0.10187287466535375,0.07352999271054224
ergo_adaptive,82.41666666666663,0.10165735428396402,0.07360311439560496
ergo_adaptive,82.5,0.10223492858230351,0.07368067324818406
ergo_adaptive,82.58333333333337,0.10190134770898801,0.07370407652770744
ergo_adaptive,82.66666666666663,0.10163877077699322,0.07369454167436688
ergo_adaptive,82.75,0.10240830189854126,0.07370945362165418
ergo_adaptive,82.83333333333337,0.10245728408245128,0.0737634186788521
ergo_adaptive,82.91666666666663,0.10275724115298085,0.07375585295723665
ergo_adaptive,83.0,0.10294636764918065,0.0736981164861344
ergo_adaptive,83.08333333333337,0.10281868871805769,0.07364903898298591
ergo_adaptive,83.16666666666663,0.10337015671479248,0.07363982985782488
ergo_adaptive,83.25,0.1032539225968658,0.07362322583300489
ergo_adaptive,83.33333333333337,0.10391434635838691,0.07356255527108375
ergo_adaptive,83.41666666666663,0.10396244474329217,0.07349556425924651
ergo_adaptive,83.5,0.1037177638653727,0.0734611355388298
ergo_adaptive,83.58333333333337,0.10347376666403965,0.07344204086885413
ergo_adaptive,83.66666666666663,0.10355283026626161,0.07339916112589379
ergo_adaptive,83.75,0.10364009072774295,0.0733411734838216
ergo_adaptive,83.83333333333337,0.10407757428995658,0.07330692349653141
ergo_adaptive,83.91666666666663,0.1037194931321688,0.07329965898896625
ergo_adaptive,84.0,0.10413678968084174,0.07328567508652643
ergo_adaptive,84.08333333333337,0.10479228666644731,0.07325413260192745
ergo_adaptive,84.16666666666663,0.10443855768586408,0.07323682174201841
ergo_adaptive,84.25,0.10440270760479776,0.07324857467638807
ergo_adaptive,84.33333333333337,0.10455301367402886,0.07326230398131271
ergo_adaptive,84.41666666666663,0.10492019166705037,0.07325676319542117
ergo_adaptive,84.5,0.10515214015027784,0.07325079471985456
ergo_adaptive,84.58333333333337,0.10552912891089963,0.0732655807659634
ergo_adaptive,84.66666666666663,0.10591847088428218,0.07328700111377827
ergo_adaptive,84.75,0.10619133252709412,0.07329928212541383
ergo_adaptive,84.83333333333337,0.10627237997275803,0.07331280026235189
ergo_adaptive,84.91666666666663,0.10664872748173765,0.07334769889595105
ergo_adaptive,85.0,0.10679560736477527,0.07341236730095957
ergo_adaptive,85.08333333333337,0.10727479203453807,0.0734774162961057
ergo_adaptive,85.16666666666663,0.10796855437812633,0.07350166164638498
ergo_adaptive,85.25,0.10715656064882428,0.07350560902294485
ergo_adaptive,85.33333333333337,0.10721899641014046,0.07354307774794737
ergo_adaptive,85.41666666666663,0.10751899055501588,0.07360330230793914
ergo_adaptive,85.5,0.10780456660128823,0.07359922035596184
ergo_adaptive,85.58333333333337,0.10749908735080063,0.07355956271180522
ergo_adaptive,85.66666666666663,0.10767988172429108,0.07354982544953068
ergo_adaptive,85.75,0.10861499434362784,0.0735951774668236
ergo_adaptive,85.83333333333337,0.1082210116768064,0.073588572540897
ergo_adaptive,85.91666666666663,0.10803296385999824,0.07352832061363675
ergo_adaptive,86.0,0.10807031669317076,0.07347856880189714
ergo_adaptive,86.08333333333337,0.10717005660259517,0.07348773985569508
ergo_adaptive,86.16666666666663,0.10741788373851005,0.07348393628722998
ergo_adaptive,86.25,0.10798294159668985,0.07341563599873054
ergo_adaptive,86.33333333333337,0.10866017004462854,0.07333380791871255
ergo_adaptive,86.41666666666663,0.10932031926708366,0.07329401647056721
ergo_adaptive,86.5,0.10907183147738501,0.07327172755119195
ergo_adaptive,86.58333333333337,0.10855129024964284,0.07319904966686266
ergo_adaptive,86.66666666666663,0.10947935738115915,0.07309225065508308
ergo_adaptive,86.75,0.11001299874511024,0.07300275353430748
ergo_adaptive,86.83333333333337,0.10998952022326669,0.0729348898813574
ergo_adaptive,86.91666666666663,0.10996045104945053,0.07284227043960212
ergo_adaptive,87.0,0.10988744971965218,0.07270842538555781
ergo_adaptive,87.08333333333337,0.10984737837090962,0.07256865591261666
ergo_adaptive,87.16666666666663,0.11006122572177304,0.07244676684716124
ergo_adaptive,87.25,0.10873919703357098,0.07231657185067966
ergo_adaptive,87.33333333333337,0.10856637462475566,0.07215555730417891
ergo_adaptive,87.41666666666663,0.10838782133710359,0.0719815588938342
ergo_adaptive,87.5,0.10912593152227773,0.07182872669294009
ergo_adaptive,87.58333333333337,0.10800895100355358,0.07170306138536946
ergo_adaptive,87.66666666666663,0.1066842264563189,0.07158006455076225
ergo_adaptive,87.75,0.10663792294826162,0.07145307095180334
ergo_adaptive,87.83333333333337,0.10979073878255169,0.07139516673688079
ergo_adaptive,87.91666666666663,0.10953230524254408,0.07138685190414099
ergo_adaptive,88.0,0.10933092950940596,0.07136151810074823
ergo_adaptive,88.08333333333337,0.11013235991091634,0.07129537258296578
ergo_adaptive,88.16666666666663,0.11037672604744277,0.07118852077853102
ergo_adaptive,88.25,0.11038299267868257,0.07108270714542343
ergo_adaptive,88.33333333333337,0.11070273918670566,0.07100271218300605
ergo_adaptive,88.41666666666663,0.11047970601850499,0.07091448087171014
ergo_adaptive,88.5,0.11069916059640503,0.07078477515187079
ergo_adaptive,88.58333333333337,0.11108872630110662,0.07065179424843196
ergo_adaptive,88.66666666666663,0.11010031159534912,0.07056036173979455
ergo_adaptive,88.75,0.10947560237508928,0.07048157023555861
ergo_adaptive,88.83333333333337,0.11049702929195108,0.07034816114268709
ergo_adaptive,88.91666666666663,0.11165956649576628,0.0701918330239383
ergo_adaptive,89.0,0.11043217264497673,0.07007868585167079
ergo_adaptive,89.08333333333337,0.11068391308229149,0.07001592503114618
ergo_adaptive,89.16666666666663,0.11140296683344005,0.06989219421530866
ergo_adaptive,89.25,0.11268546056549437,0.06971751455915581
ergo_adaptive,89.33333333333337,0.11287707343687123,0.06956219876794216
ergo_adaptive,89.41666666666663,0.11264636338812428,0.06948136517422414
ergo_adaptive,89.5,0.11287130678923436,0.06935961209478912
ergo_adaptive,89.58333333333337,0.11211122025574978,0.06917118163324226
ergo_adaptive,89.66666666666663,0.11201554659811974,0.06898038470374172
ergo_adaptive,89.75,0.11311519494392884,0.06883519917996873
ergo_adaptive,89.83333333333337,0.1121671115455931,0.0687079829114403
ergo_adaptive,89.91666666666663,0.11168149768714497,0.06856162931615553
ergo_adaptive,90.0,0.11256548653312554,0.06840883969895767
ergo_adaptive,90.08333333333337,0.11434522797910952,0.0682786946327021
ergo_adaptive,90.16666666666663,0.11456078890453399,0.06820073955132094
ergo_adaptive,90.25,0.11434862617313987,0.06818716390427482
ergo_adaptive,90.33333333333337,0.11388637428488493,0.06814857810984178
ergo_adaptive,90.41666666666663,0.11243776561297075,0.06805482968328005
ergo_adaptive,90.5,0.11173900321820146,0.06794249275752957
ergo_adaptive,90.58333333333337,0.11162132656272027,0.06784674546211075
ergo_adaptive,90.66666666666663,0.11036456560893836,0.06779436298713404
ergo_adaptive,90.75,0.11027986252211823,0.06779819812815344
ergo_adaptive,90.83333333333337,0.10850206556583562,0.06777931842400109
ergo_adaptive,90.91666666666663,0.1100934731314284,0.06770323401539105
ergo_adaptive,91.0,0.11101867674469754,0.0676126190799471
ergo_adaptive,91.08333333333337,0.11106814920331937,0.06754250038975973
ergo_adaptive,91.16666666666663,0.11196849791040912,0.06749405121919508
ergo_adaptive,91.25,0.11558300038957137,0.06746161446508375
ergo_adaptive,91.33333333333337,0.11483813191703954,0.06742909986055699
ergo_adaptive,91.41666666666663,0.11399668986365287,0.06739014714396872
ergo_adaptive,91.5,0.1153187631415339,0.0673638634820469
ergo_adaptive,91.58333333333337,0.11668208010690052,0.06735277706410477
ergo_adaptive,91.66666666666663,0.11479919832481662,0.06732842961791627
ergo_adaptive,91.75,0.11357008794196291,0.06729072563827015
ergo_adaptive,91.83333333333337,0.11341904559580059,0.06725640707894891
ergo_adaptive,91.91666666666663,0.11380127719012528,0.06723705247781944
ergo_adaptive,92.0,0.11378107076801021,0.06724692735807208
ergo_adaptive,92.08333333333337,0.11474258789184578,0.06727272599016816
ergo_adaptive,92.16666666666663,0.11465435597149536,0.06727119642817865
ergo_adaptive,92.25,0.11583026831526289,0.06724799564148701
ergo_adaptive,92.33333333333337,0.11430412181344558,0.06723459981632142
ergo_adaptive,92.41666666666663,0.11491819443142552,0.06724420072603796
ergo_adaptive,92.5,0.11746600365292761,0.06728434975156695
ergo_adaptive,92.58333333333337,0.11824111001205306,0.06734404822629682
ergo_adaptive,92.66666666666663,0.11773062632312484,0.06740548440791974
ergo_adaptive,92.75,0.11658422947075714,0.06746972222093213
ergo_adaptive,92.83333333333337,0.11686941969786695,0.06754974063162912
ergo_adaptive,92.91666666666663,0.11863945599617065,0.06763415899093128
ergo_adaptive,93.0,0.11874464996403276,0.06772154127597119
ergo_adaptive,93.08333333333337,0.12079045578254342,0.06781565387181597
ergo_adaptive,93.16666666666663,0.12139571473285563,0.0679192472408003
ergo_adaptive,93.25,0.12090829506984797,0.06804913469812296
ergo_adaptive,93.33333333333337,0.1228669671694002,0.06820707600072841
ergo_adaptive,93.41666666666663,0.12438148738705421,0.06836501172824645
ergo_adaptive,93.5,0.1254888191959526,0.06850919724709156
ergo_adaptive,93.58333333333337,0.12754484111864287,0.0686612877537107
ergo_adaptive,93.66666666666663,0.1280289556152338,0.0688362388948489
ergo_adaptive,93.75,0.12812068780618815,0.0690406927880341
ergo_adaptive,93.83333333333337,0.11311576652763099,0.0692703634378906
ergo_adaptive,93.91666666666663,0.1018684193010767,0.06950690387477565
ergo_adaptive,94.0,0.09629229570398559,0.06973989144731146
ergo_adaptive,94.08333333333337,0.09278042073342412,0.0699808244129213
ergo_adaptive,94.16666666666663,0.09145480489399083,0.07024123602965339
ergo_adaptive,94.25,0.0913943093959462,0.07051719563117002
ergo_adaptive,94.33333333333337,0.09303923323254097,0.07080270079790354
ergo_adaptive,94.41666666666663,0.09520426729300775,0.07109481689165509
ergo_adaptive,94.5,0.09418600841517696,0.07139368253934082
ergo_adaptive,94.58333333333337,0.09484101758084149,0.07170385060070097
ergo_adaptive,94.66666666666663,0.09451592596589847,0.07201843209276133
ergo_adaptive,94.75,0.09587473463381882,0.0723301490344903
ergo_adaptive,94.83333333333337,0.0950620576169849,0.07264169643063612
ergo_adaptive,94.91666666666663,0.0937806323892784,0.07295789375373238
ergo_adaptive,95.0,0.0952812233617059,0.07328140389719302
ergo_adaptive,95.08333333333337,0.09457671744204375,0.0736149190675365
ergo_adaptive,95.16666666666663,0.09414546723117154,0.0739494169732081
ergo_adaptive,95.25,0.09556573977768973,0.07427835696420201
ergo_adaptive,95.33333333333337,0.09529375782712518,0.07460775608881019
ergo_adaptive,95.41666666666663,0.09601623742570015,0.07494179680721182
ergo_adaptive,95.5,0.09508375188601698,0.07527889905091627
ergo_adaptive,95.58333333333337,0.09397053103330114,0.0756156064893432
ergo_adaptive,95.66666666666663,0.0941914816777187,0.07595142542997628
ergo_adaptive,95.75,0.0942079416888013,0.07628658543142698
ergo_adaptive,95.83333333333337,0.09474175270808104,0.07662135161238164
ergo_adaptive,95.91666666666663,0.09363591681861491,0.07695487965048531
ergo_adaptive,96.0,0.09421799088134221,0.07728696279848529
ergo_adaptive,96.08333333333337,0.09515869941596804,0.07761713861962356
ergo_adaptive,96.16666666666663,0.09571388084716409,0.07794589478780929
ergo_adaptive,96.25,0.0954816545100124,0.078272978859818
ergo_adaptive,96.33333333333337,0.0953294049171585,0.07859737066434604
ergo_adaptive,96.41666666666663,0.09613803262805726,0.07891909456842824
ergo_adaptive,96.5,0.09555796515009929,0.0792389998115188
ergo_adaptive,96.58333333333337,0.09655891642150825,0.07955744194749757
ergo_adaptive,96.66666666666663,0.09639041796077266,0.07987363722793732
ergo_adaptive,96.75,0.09602031484374057,0.08018726587476424
ergo_adaptive,96.83333333333337,0.0966252262903424,0.08049895672415042
ergo_adaptive,96.91666666666663,0.09655630373424792,0.08080922036927947
ergo_adaptive,97.0,0.0972199822573102,0.08111774238584145
ergo_adaptive,97.08333333333337,0.09726086893718826,0.08142389122152016
ergo_adaptive,97.16666666666663,0.09689699592569137,0.0817278344591491
ergo_adaptive,97.25,0.09693311807378034,0.08203043224638173
ergo_adaptive,97.33333333333337,0.0968628275616947,0.0823321336225602
ergo_adaptive,97.41666666666663,0.097546953668972,0.08263133209219041
ergo_adaptive,97.5,0.09820732870767498,0.08292688408488627
ergo_adaptive,97.58333333333337,0.09803695439928176,0.08321883720429589
ergo_adaptive,97.66666666666663,0.09815672490650258,0.08350688542276714
ergo_adaptive,97.75,0.09846493295520642,0.08378959534650797
ergo_adaptive,97.83333333333337,0.09917577781001771,0.08406739687040637
ergo_adaptive,97.91666666666663,0.0996651460091115,0.08434297831112873
ergo_adaptive,98.0,0.09903831812416153,0.08461412008908427
ergo_adaptive,98.08333333333337,0.09845038365219755,0.0848760045207546
ergo_adaptive,98.16666666666663,0.09811168070016103,0.08513185721665663
ergo_adaptive,98.25,0.09890024576150969,0.08538741983891196
ergo_adaptive,98.33333333333337,0.09844779233626162,0.08564352196967236
ergo_adaptive,98.41666666666663,0.0987916551218392,0.08588966939557
ergo_adaptive,98.5,0.09856412658633384,0.08612709738842175
ergo_adaptive,98.58333333333337,0.09931180931442277,0.08636192091890703
ergo_adaptive,98.66666666666663,0.09934486777932695,0.08659635549747959
ergo_adaptive,98.75,0.09983230943343109,0.08682603649269122
ergo_adaptive,98.83333333333337,0.09952645932889055,0.0870485685951547
ergo_adaptive,98.91666666666663,0.09870582348928322,0.08726628934683345
ergo_adaptive,99.0,0.0976767906906739,0.08748251967798133
ergo_adaptive,99.08333333333337,0.09731882543742662,0.08769812292819694
ergo_adaptive,99.16666666666663,0.09787876083301073,0.08790933847214058
ergo_adaptive,99.25,0.09960108439849569,0.08811237374276927
ergo_adaptive,99.33333333333337,0.09827547272880466,0.08831101852455796
ergo_adaptive,99.41666666666663,0.09805047197991004,0.08851257707797205
ergo_adaptive,99.5,0.09906326326562871,0.08870957324868065
ergo_adaptive,99.58333333333337,0.0980593411412458,0.08889054388696815
ergo_adaptive,99.66666666666663,0.09566147991441704,0.08906078688779655
ergo_adaptive,99.75,0.09568576190492614,0.08922868946626547
ergo_adaptive,99.83333333333337,0.0957584611526972,0.08939813748265839
ergo_adaptive,99.91666666666663,0.09595847380324664,0.08956815507289949
ergo_adaptive,100.0,0.09676964763579768,0.0897318604966687
ergo_adaptive,100.08333333333337,0.09633343975129674,0.0898852006980758
ergo_adaptive,100.16666666666663,0.09536419758101942,0.09003530274382224
ergo_adaptive,100.25,0.09594999798474864,0.09018728561288616
ergo_adaptive,100.33333333333337,0.09471779131262519,0.09032913184603192
ergo_adaptive,100.41666666666663,0.09441401444603592,0.09045510281065233
ergo_adaptive,100.5,0.0934853285804077,0.09057224236722473
ergo_adaptive,100.58333333333337,0.09376922094791881,0.09068915006431942
ergo_adaptive,100.66666666666663,0.09433145903343257,0.09081410193685774
ergo_adaptive,100.75,0.09524877231963844,0.09094792919463347
ergo_adaptive,100.83333333333337,0.09437604424321347,0.09105854701157816
ergo_adaptive,100.91666666666663,0.0939034724426163,0.091141932245011
ergo_adaptive,101.0,0.09063918152558781,0.09121517843947853
ergo_adaptive,101.08333333333337,0.08916410716091369,0.09128917915826484
ergo_adaptive,101.16666666666663,0.08945410206376177,0.09136723053422106
ergo_adaptive,101.25,0.08823080497718647,0.09144807110831167
ergo_adaptive,101.33333333333337,0.08884478836286175,0.09151549252069913
ergo_adaptive,101.41666666666663,0.08810775739943275,0.09156196373603735
ergo_adaptive,101.5,0.08750780015587606,0.09159816330073207
ergo_adaptive,101.58333333333337,0.08855410295709518,0.09163002677102426
ergo_adaptive,101.66666666666663,0.08719793056842755,0.09165861247946253
ergo_adaptive,101.75,0.08591009355231224,0.091686802428127
ergo_adaptive,101.83333333333337,0.0844086396445204,0.09170528986797283
ergo_adaptive,101.91666666666663,0.0808631464948845,0.09170456131057837
ergo_adaptive,102.0,0.0803817648163207,0.091690934195886
ergo_adaptive,102.08333333333337,0.07938523277337767,0.09166880655061818
ergo_adaptive,102.16666666666663,0.07824860440937591,0.09164117945735697
ergo_adaptive,102.25,0.07977001968680848,0.09161834701728457
ergo_adaptive,102.33333333333337,0.07973772096995282,0.09158902727167795
ergo_adaptive,102.41666666666663,0.08025153489641476,0.09152862568028257
ergo_adaptive,102.5,0.08141634303151969,0.09144470287006073
ergo_adaptive,102.58333333333337,0.07877160060294598,0.09135467765310164
ergo_adaptive,102.66666666666663,0.07686343917877458,0.09126958461486803
ergo_adaptive,102.75,0.07588626173525209,0.09120405459058908
ergo_adaptive,102.83333333333337,0.07363598680879127,0.09113693963005877
ergo_adaptive,102.91666666666663,0.07269011030151658,0.09101507461530058
ergo_adaptive,103.0,0.07210803900738375,0.0908478693591376
ergo_adaptive,103.08333333333337,0.0715788040356649,0.09066830320304325
ergo_adaptive,103.16666666666663,0.07121607685577834,0.09050310875376044
ergo_adaptive,103.25,0.07109126826033962,0.09037984456802349
ergo_adaptive,103.33333333333337,0.0700529789907948,0.090272317133024
ergo_adaptive,103.41666666666663,0.0683691104292437,0.09007167493487532
ergo_adaptive,103.5,0.06590733804140803,0.0898035383196192
ergo_adaptive,103.58333333333337,0.06330933530166025,0.08952451174795428
ergo_adaptive,103.66666666666663,0.062118876765279205,0.08925941617264758
ergo_adaptive,103.75,0.06140424941271905,0.08899874225908537
ergo_adaptive,103.83333333333337,0.061988493058229815,0.0887189715338444
ergo_adaptive,103.91666666666663,0.059607472055021156,0.08841308987258646
ergo_adaptive,104.0,0.0573319842011051,0.08811734585147098
ergo_adaptive,104.08333333333337,0.06476849474309032,0.08789047405345225
ergo_adaptive,104.16666666666663,0.07526606708229486,0.08764902831088366
ergo_adaptive,104.25,0.08170190048855835,0.087303425154787
ergo_adaptive,104.33333333333337,0.08619707547500277,0.08691742598851328
ergo_adaptive,104.41666666666663,0.0881371274359271,0.08655194955792048
ergo_adaptive,104.5,0.0893593028978764,0.08623021067293286
ergo_adaptive,104.58333333333337,0.08863737152416656,0.08596870277583057
ergo_adaptive,104.66666666666663,0.08828118943820987,0.0857297574866591
ergo_adaptive,104.75,0.08768140409116203,0.08542417988218218
ergo_adaptive,104.83333333333337,0.08711386139828742,0.08506340846799985
ergo_adaptive,104.91666666666663,0.08477531303296165,0.08470084201530165
ergo_adaptive,105.0,0.08472004487101883,0.084365051283985
ergo_adaptive,105.08333333333337,0.08427521826255464,0.08407721399001651
ergo_adaptive,105.16666666666663,0.08312979400919411,0.08380870488890245
ergo_adaptive,105.25,0.08476889922259528,0.0834791751239875
ergo_adaptive,105.33333333333337,0.08588704676804902,0.08310096489025816
ergo_adaptive,105.41666666666663,0.08533857618230985,0.0827214853194855
ergo_adaptive,105.5,0.0850502990113861,0.08236168114536173
ergo_adaptive,105.58333333333337,0.08433520177875613,0.08204238050559673
ergo_adaptive,105.66666666666663,0.08343089105903864,0.08175476762135926
ergo_adaptive,105.75,0.08378291017939997,0.0814268921079038
ergo_adaptive,105.83333333333337,0.08276693341357538,0.08104696933206339
ergo_adaptive,105.91666666666663,0.08173532059357377,0.08066266229810445
ergo_adaptive,106.0,0.08144116882144692,0.08030660773970785
ergo_adaptive,106.08333333333337,0.08195036272357505,0.08000117644544297
ergo_adaptive,106.16666666666663,0.082179139767944,0.07974992003209098
ergo_adaptive,106.25,0.08146908449696484,0.07950901248861135
ergo_adaptive,106.33333333333337,0.08182456401795066,0.0792572157229408
ergo_adaptive,106.41666666666663,0.08214609601939075,0.07902418682056818
ergo_adaptive,106.5,0.08248951525682947,0.07882394253856972
ergo_adaptive,106.58333333333337,0.08176322175949947,0.07866799366335381
ergo_adaptive,106.66666666666663,0.0820120694130581,0.07855952875509534
ergo_adaptive,106.75,0.08136323711922204,0.07844406314336867
ergo_adaptive,106.83333333333337,0.08056206023457683,0.07828333914438051
ergo_adaptive,106.91666666666663,0.08071604789190225,0.07810680532366582
ergo_adaptive,107.0,0.0806210612502375,0.07794676677036225
ergo_adaptive,107.08333333333337,0.08085716184653875,0.07782867651547841
ergo_adaptive,107.16666666666663,0.0811393001672775,0.07777244506205964
ergo_adaptive,107.25,0.0804403682875679,0.07770251228504789
ergo_adaptive,107.33333333333337,0.07976245137992953,0.07756278280480733
ergo_adaptive,107.41666666666663,0.08076409129236532,0.07739536566305635
ergo_adaptive,107.5,0.080195513531216,0.07724734774314655
ergo_adaptive,107.58333333333337,0.08024661477128862,0.07714866131907473
ergo_adaptive,107.66666666666663,0.08033606810263154,0.0771198026122974
ergo_adaptive,107.75,0.08071874369686616,0.07708305791307052
ergo_adaptive,107.83333333333337,0.08051620474880711,0.07697618347153828
ergo_adaptive,107.91666666666663,0.08031337109813942,0.07684822302876897
ergo_adaptive,108.0,0.08073718289927614,0.07674312434472998
ergo_adaptive,108.08333333333337,0.08045923539318231,0.07666525891495997
ergo_adaptive,108.16666666666663,0.08070512775175846,0.07659895675446211
ergo_adaptive,108.25,0.08125851745714142,0.0765313969372206
ergo_adaptive,108.33333333333337,0.08128460881822064,0.07646904111936138
ergo_adaptive,108.41666666666663,0.08186880545201672,0.07644529387659713
ergo_adaptive,108.5,0.0816797645953572,0.07647235529559294
ergo_adaptive,108.58333333333337,0.0814184084938418,0.07644704665432032
ergo_adaptive,108.66666666666663,0.08158687017433665,0.07637076706313671
ergo_adaptive,108.75,0.08160312669121157,0.07630041589123193
ergo_adaptive,108.83333333333337,0.08225266943586995,0.07628341417194262
ergo_adaptive,108.91666666666663,0.08182494430202147,0.07630207321848467
ergo_adaptive,109.0,0.08195349771366549,0.07639509642832007
ergo_adaptive,109.08333333333337,0.08274155619519373,0.07655851050820058
ergo_adaptive,109.16666666666663,0.08307461259643945,0.07673066447927104
ergo_adaptive,109.25,0.08315720984054882,0.07688903846255464
ergo_adaptive,109.33333333333337,0.0834073534845809,0.07703685397755722
ergo_adaptive,109.41666666666663,0.0837529565374894,0.077168058227877
ergo_adaptive,109.5,0.0836214525065444,0.07726161999265156
ergo_adaptive,109.58333333333337,0.0833615906602442,0.07732658898129467
ergo_adaptive,109.66666666666663,0.08334503825764474,0.07738606160076049
ergo_adaptive,109.75,0.08321513135251907,0.07744002045121935
ergo_adaptive,109.83333333333337,0.08276388413393308,0.07747349419563324
ergo_adaptive,109.91666666666663,0.08327440334991688,0.07749197538989888
ergo_adaptive,110.0,0.08322288193547521,0.07752218281374483
ergo_adaptive,110.08333333333337,0.08400874527338419,0.0775501858966102
ergo_adaptive,110.16666666666663,0.08387997457993862,0.0775604152644219
ergo_adaptive,110.25,0.08392102931131508,0.07754475800721043
ergo_adaptive,110.33333333333337,0.08414652949324737,0.0775104423534539
ergo_adaptive,110.41666666666663,0.08495992756649756,0.07747447339340914
ergo_adaptive,110.5,0.08513637561627951,0.07743601707478974
ergo_adaptive,110.58333333333337,0.08589599568097647,0.0773798611348112
ergo_adaptive,110.66666666666663,0.08600745026598869,0.07730083612262163
ergo_adaptive,110.75,0.08582147627059954,0.07721936137425593
ergo_adaptive,110.83333333333337,0.08527465830923928,0.07714780768273855
ergo_adaptive,110.91666666666663,0.08569301098854047,0.07707792856952725
ergo_adaptive,111.0,0.08503069784642536,0.07698477415775591
ergo_adaptive,111.08333333333337,0.08581662194353212,0.07701167506676529
ergo_adaptive,111.16666666666663,0.08621994628060344,0.0771831578511438
ergo_adaptive,111.25,0.08655479909066803,0.07740437372358007
ergo_adaptive,111.33333333333337,0.08669267367336422,0.07762378728871627
ergo_adaptive,111.41666666666663,0.08699059259464463,0.07781363147825703
ergo_adaptive,111.5,0.08727636644627026,0.07797123161725782
ergo_adaptive,111.58333333333337,0.08785562910900871,0.07811297609077372
ergo_adaptive,111.66666666666663,0.088239164515296,0.07824651929852727
ergo_adaptive,111.75,0.08879751606513908,0.0783429988974071
ergo_adaptive,111.83333333333337,0.08921219353160567,0.0784017881043471
ergo_adaptive,111.91666666666663,0.08948662422455134,0.07845518819188425
ergo_adaptive,112.0,0.0891329494360225,0.07853487744479237
ergo_adaptive,112.08333333333337,0.08905725042927508,0.07857465165286459
ergo_adaptive,112.16666666666663,0.08965360088080451,0.07856392390178643
ergo_adaptive,112.25,0.08939755240978335,0.07853448796115438
ergo_adaptive,112.33333333333337,0.08944628837381705,0.07851945470435075
ergo_adaptive,112.41666666666663,0.0896008738607843,0.07852089652681893
ergo_adaptive,112.5,0.08971349811273878,0.07852242467963491
ergo_adaptive,112.58333333333337,0.08981778250832025,0.07852474555948133
ergo_adaptive,112.66666666666663,0.089243179923424,0.07854101101568572
ergo_adaptive,112.75,0.08980455876930685,0.07858659253148975
ergo_adaptive,112.83333333333337,0.09034546816771855,0.07864130081744329
ergo_adaptive,112.91666666666663,0.09044596743665272,0.07866975995392801
ergo_adaptive,113.0,0.09086257208598297,0.07867417689059951
ergo_adaptive,113.08333333333337,0.09048358277638374,0.07869163997925321
ergo_adaptive,113.16666666666663,0.09063194545762994,0.07871621010582854
ergo_adaptive,113.25,0.09138152548745422,0.07869531906282874
ergo_adaptive,113.33333333333337,0.09114268883067282,0.0786575469952182
ergo_adaptive,113.41666666666663,0.0920037596880948,0.07864144084035433
ergo_adaptive,113.5,0.09207061881096482,0.07864874300049156
ergo_adaptive,113.58333333333337,0.09153640194217835,0.07865367044706456
ergo_adaptive,113.66666666666663,0.09102139250762162,0.0786434591274658
ergo_adaptive,113.75,0.09083074460508932,0.07863826510523211
ergo_adaptive,113.83333333333337,0.09139779772913219,0.07865380471040465
ergo_adaptive,113.91666666666663,0.09223147481184295,0.07867421136377646
ergo_adaptive,114.0,0.09301299001684503,0.07868493298940585
ergo_adaptive,114.08333333333337,0.09257678260702207,0.07869708824348072
ergo_adaptive,114.16666666666663,0.09330675276986852,0.07872568172205717
ergo_adaptive,114.25,0.09302621673065821,0.07876764633546969
ergo_adaptive,114.33333333333337,0.09325727112431462,0.07890847322211013
ergo_adaptive,114.41666666666663,0.0940796905011188,0.07910104921978352
ergo_adaptive,114.5,0.09342667655629308,0.07927789135618131
ergo_adaptive,114.58333333333337,0.09444751359360122,0.0794865037392233
ergo_adaptive,114.66666666666663,0.09499038088919383,0.07970351160748101
ergo_adaptive,114.75,0.09525308951996712,0.07991378397040781
ergo_adaptive,114.83333333333337,0.09567147538523069,0.08011655095520655
ergo_adaptive,114.91666666666663,0.09537246422489758,0.08031106666738819
ergo_adaptive,115.0,0.09667749851970231,0.08049939461747586
ergo_adaptive,115.08333333333337,0.09634859712937396,0.08068358718409911
ergo_adaptive,115.16666666666663,0.09582423919047316,0.08085976793799769
ergo_adaptive,115.25,0.09674866997422531,0.08101716510154017
ergo_adaptive,115.33333333333337,0.09692330436489863,0.08114174945836623
ergo_adaptive,115.41666666666663,0.09753737753829257,0.0812491163144738
ergo_adaptive,115.5,0.09752441973790693,0.08135759582984706
ergo_adaptive,115.58333333333337,0.09750084877401936,0.08146558160961592
ergo_adaptive,115.66666666666663,0.09677199497351074,0.08155540511275776
ergo_adaptive,115.75,0.09752361784922427,0.08162569282374019
ergo_adaptive,115.83333333333337,0.0970309996065677,0.08171210631423231
ergo_adaptive,115.91666666666663,0.09815043046819823,0.0818274302819829
ergo_adaptive,116.0,0.09833553050744226,0.08197853034535882
ergo_adaptive,116.08333333333337,0.09844743398509251,0.08215526266756468
ergo_adaptive,116.16666666666663,0.09931807812943622,0.08233420693060697
ergo_adaptive,116.25,0.10016266347224999,0.08249408035428489
ergo_adaptive,116.33333333333337,0.10002480373246564,0.08262420644090582
ergo_adaptive,116.41666666666663,0.10052725958005929,0.0827231952653915
ergo_adaptive,116.5,0.1009449810818655,0.08278919836097784
ergo_adaptive,116.58333333333337,0.10267291723144638,0.08281523880666725
ergo_adaptive,116.66666666666663,0.10202605101083578,0.08280733731927373
ergo_adaptive,116.75,0.10332042961660523,0.08279582053694587
ergo_adaptive,116.83333333333337,0.10338382752200463,0.08280682555648483
ergo_adaptive,116.91666666666663,0.10390095931075716,0.08283600373926271
ergo_adaptive,117.0,0.1029972546991687,0.0828703994477594
ergo_adaptive,117.08333333333337,0.10378829149326166,0.08291600458378771
ergo_adaptive,117.16666666666663,0.10401100951009233,0.08298455847467945
ergo_adaptive,117.25,0.10494509168390834,0.08307443860898073
ergo_adaptive,117.33333333333337,0.10402215772512131,0.08317065534263737
ergo_adaptive,117.41666666666663,0.10393659344054972,0.0833487468821257
ergo_adaptive,117.5,0.10431595421738282,0.08356143904181779
ergo_adaptive,117.58333333333337,0.10413351634873542,0.08376656640344524
ergo_adaptive,117.66666666666663,0.10466384992147813,0.08394225380161965
ergo_adaptive,117.75,0.10464106796803238,0.08408675398054359
ergo_adaptive,117.83333333333337,0.10572461457828135,0.08420392791554565
ergo_adaptive,117.91666666666663,0.10589975326921298,0.08429447120868032
ergo_adaptive,118.0,0.10593172057424098,0.08438034405807988
ergo_adaptive,118.08333333333337,0.10629094339545198,0.08450075032181374
ergo_adaptive,118.16666666666663,0.10645269635368151,0.08465604068916754
ergo_adaptive,118.25,0.10599791666994071,0.08482935393423695
ergo_adaptive,118.33333333333337,0.10660939778933706,0.08498429304041275
ergo_adaptive,118.41666666666663,0.10663252851865748,0.08512853159691444
ergo_adaptive,118.5,0.1068412705943303,0.08527036533486487
ergo_adaptive,118.58333333333337,0.10825913474695797,0.0854225509686239
ergo_adaptive,118.66666666666663,0.10862281145007432,0.08558509325846447
ergo_adaptive,118.75,0.10866398696207073,0.08573955397611599
ergo_adaptive,118.83333333333337,0.10911819556727947,0.08587338744985998
ergo_adaptive,118.91666666666663,0.10840809747316685,0.0859893648162944
ergo_adaptive,119.0,0.10951070620955677,0.08609029794684263
ergo_adaptive,119.08333333333337,0.1099290424575207,0.08617081112318697
ergo_adaptive,119.16666666666663,0.10997147630216746,0.08623582664300054
ergo_adaptive,119.25,0.11029324412561116,0.08630708211883681
ergo_adaptive,119.33333333333337,0.10966146289858474,0.08640438883115929
ergo_adaptive,119.41666666666663,0.1115147109661954,0.08652807272121271
ergo_adaptive,119.5,0.11289558006442665,0.08665683242036519
ergo_adaptive,119.58333333333337,0.11335865419399091,0.08679390451275754
ergo_adaptive,119.66666666666663,0.1143116762368499,0.0869487775446314
ergo_adaptive,119.75,0.10700888876657046,0.08712495289514208
ergo_adaptive,119.83333333333337,0.10975940614572735,0.08732666616885561
ergo_adaptive,119.91666666666663,0.11094885287325641,0.08753080524424216
ergo_adaptive,120.0,0.1121926939359437,0.08771911582383361
ergo_adaptive,120.08333333333337,0.11283258466482811,0.08788397838650436
ergo_adaptive,120.16666666666663,0.11222654836097666,0.08802317917164587
ergo_adaptive,120.25,0.11249432951603197,0.0881261403188016
ergo_adaptive,120.33333333333337,0.1128099213333527,0.08818564480616334
ergo_adaptive,120.41666666666663,0.11311920348587352,0.08821032986043656
ergo_adaptive,120.5,0.11352768178046259,0.08822116440622553
ergo_adaptive,120.58333333333337,0.1135768982982445,0.0882327836832508
ergo_adaptive,120.66666666666663,0.1128732248923131,0.08824334704374175
ergo_adaptive,120.75,0.1126217022473409,0.08824530372479139
ergo_adaptive,120.83333333333337,0.1137101449718077,0.08823663084500796
ergo_adaptive,120.91666666666663,0.11240315306525435,0.08821605021186152
ergo_adaptive,121.0,0.11284131181179827,0.08816896631416758
ergo_adaptive,121.08333333333337,0.11322734779537927,0.08808220575380485
ergo_adaptive,121.16666666666663,0.11420694312920032,0.08797640076515331
ergo_adaptive,121.25,0.11366143308854043,0.0878997394136698
ergo_adaptive,121.33333333333337,0.11393296810490271,0.08785769378326906
ergo_adaptive,121.41666666666663,0.11406900520806533,0.08780267827705102
ergo_adaptive,121.5,0.11457589010742973,0.08773852387541238
ergo_adaptive,121.58333333333337,0.1133903286474862,0.0876942660285755
ergo_adaptive,121.66666666666663,0.11357015917088786,0.08766279924066586
ergo_adaptive,121.75,0.11494587038938474,0.08759669415911599
ergo_adaptive,121.83333333333337,0.1148505911111473,0.08749633722478158
ergo_adaptive,121.91666666666663,0.11552105321519256,0.08738960935226299
ergo_adaptive,122.0,0.1163999476133004,0.08729492677990815
ergo_adaptive,122.08333333333337,0.11572106163700885,0.08720265563180256
ergo_adaptive,122.16666666666663,0.11619114982696256,0.08709183125648838
ergo_adaptive,122.25,0.11637428402481145,0.08696436347096627
ergo_adaptive,122.33333333333337,0.11607040813726603,0.08683982951528064
ergo_adaptive,122.41666666666663,0.1157594017711757,0.08672683015855752
ergo_adaptive,122.5,0.11633091193160042,0.08661700852387814
ergo_adaptive,122.58333333333337,0.11623761439182015,0.08651123402628602
ergo_adaptive,122.66666666666663,0.11615604465953443,0.08642458168276089
ergo_adaptive,122.75,0.11550351260801217,0.0863652183527494
ergo_adaptive,122.83333333333337,0.11568755722037571,0.08631847037399312
ergo_adaptive,122.91666666666663,0.11687682061096677,0.08627089619890964
ergo_adaptive,123.0,0.11687373452486442,0.08622939207921158
ergo_adaptive,123.08333333333337,0.11759962602994561,0.08619858377414832
ergo_adaptive,123.16666666666663,0.11818490325436314,0.0861612711757356
ergo_adaptive,123.25,0.117768834369032,0.08609931722851301
ergo_adaptive,123.33333333333337,0.11728153714957193,0.0860289362019501
ergo_adaptive,123.41666666666663,0.11727680883018206,0.08599109936139335
ergo_adaptive,123.5,0.1173022215474291,0.08594658080123352
ergo_adaptive,123.58333333333337,0.11783253268758505,0.08584533089652038
ergo_adaptive,123.66666666666663,0.11855735151573048,0.08572207645889954
ergo_adaptive,123.75,0.11924820701229964,0.0856356948358603
ergo_adaptive,123.83333333333337,0.11902323442388543,0.08557810728072371
ergo_adaptive,123.91666666666663,0.11797218417747833,0.08545844723156112
ergo_adaptive,124.0,0.11717203915445053,0.08529788937726465
ergo_adaptive,124.08333333333337,0.11647557491115089,0.08515701778402324
ergo_adaptive,124.16666666666663,0.11758562707994966,0.08506387368316799
ergo_adaptive,124.25,0.11765547396040112,0.08493361180880114
ergo_adaptive,124.33333333333337,0.11832228248620642,0.08475087618492089
ergo_adaptive,124.41666666666663,0.11764760930208519,0.08456069461323125
ergo_adaptive,124.5,0.11730425770396628,0.08439135305705099
ergo_adaptive,124.58333333333337,0.1179823587487679,0.08419897754761996
ergo_adaptive,124.66666666666663,0.11789438094588776,0.08394213415233957
ergo_adaptive,124.75,0.11824802873720318,0.08365505765546535
ergo_adaptive,124.83333333333337,0.11820139653174774,0.08338208049650647
ergo_adaptive,124.91666666666663,0.1183736720313551,0.08311733898320012
ergo_adaptive,125.0,0.11857676428921775,0.08283166079198408
ergo_adaptive,125.08333333333337,0.11841410005862033,0.08252863348022964
ergo_adaptive,125.16666666666663,0.11882330313191407,0.08224280153125917
ergo_adaptive,125.25,0.11745237059591535,0.08198432813797567
ergo_adaptive,125.33333333333337,0.11778342430491733,0.08172351536145085
ergo_adaptive,125.41666666666663,0.11719895981872328,0.0814374020167549
ergo_adaptive,125.5,0.11671989790869228,0.08115011072209145
ergo_adaptive,125.58333333333337,0.11748588266284725,0.08089222298869213
ergo_adaptive,125.66666666666663,0.11664067113333877,0.08064242279973739
ergo_adaptive,125.75,0.11711278398598506,0.08036449838463786
ergo_adaptive,125.83333333333337,0.11695284482778294,0.08007195954806262
ergo_adaptive,125.91666666666663,0.1182775801388042,0.07980698963207382
ergo_adaptive,126.0,0.11687537000364359,0.0795696642784272
ergo_adaptive,126.08333333333337,0.1165549013342834,0.07931113288607057
ergo_adaptive,126.16666666666663,0.11670807777746983,0.07902162970490245
ergo_adaptive,126.25,0.11685777614288465,0.0787518551920995
ergo_adaptive,126.33333333333337,0.11854979550266657,0.07852604760272257
ergo_adaptive,126.41666666666663,0.11897449169706124,0.0782918773188065
ergo_adaptive,126.5,0.1183887098776266,0.07800950204951564
ergo_adaptive,126.58333333333337,0.11719264315821297,0.07772860943743015
ergo_adaptive,126.66666666666663,0.11733836685956521,0.07751767409192939
ergo_adaptive,126.75,0.11607558557950674,0.07732152489888373
ergo_adaptive,126.83333333333337,0.11750638307952692,0.07705837539299476
ergo_adaptive,126.91666666666663,0.11674809542960662,0.07676808825245178
ergo_adaptive,127.0,0.11743890971843171,0.07653763898191045
ergo_adaptive,127.08333333333337,0.11732277557357554,0.07636859278800336
ergo_adaptive,127.16666666666663,0.11719151462987334,0.07613058171103142
ergo_adaptive,127.25,0.11814142154113008,0.07583918761584224
ergo_adaptive,127.33333333333337,0.11748281627969102,0.07558384666969742
ergo_adaptive,127.41666666666663,0.11601794466760913,0.07542756373255084
ergo_adaptive,127.5,0.11561728401333386,0.07537692418958786
ergo_adaptive,127.58333333333337,0.11736709946993747,0.07554726971149854
ergo_adaptive,127.66666666666663,0.11750296602417547,0.0756706886603068
ergo_adaptive,127.75,0.11792555436517668,0.07559668794905355
ergo_adaptive,127.83333333333337,0.11568093659703357,0.07538975307667373
ergo_adaptive,127.91666666666663,0.11731112268458202,0.07544268349394716
ergo_adaptive,128.0,0.11786193389402462,0.07562274461765084
ergo_adaptive,128.08333333333337,0.11834093803705807,0.07583938462335814
ergo_adaptive,128.16666666666663,0.11864335981151082,0.07608488176590214
ergo_adaptive,128.25,0.11909483530376888,0.07629859218080545
ergo_adaptive,128.33333333333337,0.11957463536373594,0.07645463358384946
ergo_adaptive,128.41666666666663,0.1192070434631062,0.07657118902607127
ergo_adaptive,128.5,0.11897874216944809,0.07667893943337976
ergo_adaptive,128.58333333333337,0.11942477876634457,0.07678444263234178
ergo_adaptive,128.66666666666663,0.11894429477394275,0.07685250041065994
ergo_adaptive,128.75,0.12082206780112,0.0768849601789157
ergo_adaptive,128.83333333333337,0.12078119020585108,0.07691682315583284
ergo_adaptive,128.91666666666663,0.12165991318296977,0.07696874435175012
ergo_adaptive,129.0,0.12008971646539968,0.07699279705825626
ergo_adaptive,129.08333333333337,0.11851967083547882,0.07697624494092241
ergo_adaptive,129.16666666666663,0.11958295663879041,0.07694603260511222
ergo_adaptive,129.25,0.12002500536944215,0.07692412245053039
ergo_adaptive,129.33333333333337,0.11979100786924049,0.07690193656138425
ergo_adaptive,129.41666666666663,0.12006833840995368,0.07688314546000088
ergo_adaptive,129.5,0.12150531641852012,0.07686800933547937
ergo_adaptive,129.58333333333337,0.1218746087821703,0.07684623485731873
ergo_adaptive,129.66666666666663,0.12200712065640962,0.07680289019764823
ergo_adaptive,129.75,0.1206362732304542,0.0767405724841836
ergo_adaptive,129.83333333333337,0.12079358023647753,0.07668451683059636
ergo_adaptive,129.91666666666663,0.120982444337214,0.07665701572793858
ergo_adaptive,130.0,0.12063550753340721,0.07663896020857323
ergo_adaptive,130.08333333333337,0.12121776480919316,0.07657762462859187
ergo_adaptive,130.16666666666663,0.12202464104619606,0.07649168911332842
ergo_adaptive,130.25,0.12126142371323985,0.07643997322106835
ergo_adaptive,130.33333333333337,0.12093540813860154,0.07641963182549054
ergo_adaptive,130.41666666666663,0.11947078126809973,0.076352975955651
ergo_adaptive,130.5,0.11933756295640004,0.07625009654502167
ergo_adaptive,130.58333333333337,0.12143211326016792,0.07615783200095105
ergo_adaptive,130.66666666666663,0.12082602501777291,0.07609550778806078
ergo_adaptive,130.75,0.12044657113914543,0.07604874742792553
ergo_adaptive,130.83333333333337,0.1200858614606569,0.0759978018613908
ergo_adaptive,130.91666666666663,0.11813901160498867,0.0759438452651052
ergo_adaptive,131.0,0.11964274110712443,0.07591610602792592
ergo_adaptive,131.08333333333337,0.11790503220630875,0.07594523026106396
ergo_adaptive,131.16666666666663,0.1188444673949145,0.07597073567908115
ergo_adaptive,131.25,0.11901535427110517,0.07594589683011813
ergo_adaptive,131.33333333333337,0.12096539182135126,0.07591545325641322
ergo_adaptive,131.41666666666663,0.11945250242735121,0.07592018545648048
ergo_adaptive,131.5,0.11737913353651437,0.07596051189555478
ergo_adaptive,131.58333333333337,0.11846854805651186,0.07602454519551488
ergo_adaptive,131.66666666666663,0.12089481108614723,0.07610686337268285
ergo_adaptive,131.75,0.12170680080380403,0.07620730493794105
ergo_adaptive,131.83333333333337,0.12264382682265335,0.07633975561780598
ergo_adaptive,131.91666666666663,0.12208211373913494,0.07650951918903637
ergo_adaptive,132.0,0.12314572394386232,0.07666991528706978
ergo_adaptive,132.08333333333337,0.12313883636650963,0.07681095528470545
ergo_adaptive,132.16666666666663,0.12462465826314226,0.07695585897667756
ergo_adaptive,132.25,0.12561266920524944,0.07712298703190733
ergo_adaptive,132.33333333333337,0.12550082109861996,0.07732228053499207
ergo_adaptive,132.41666666666663,0.10965099300499842,0.07755173248432046
ergo_adaptive,132.5,0.10011272872750762,0.07776837454962632
ergo_adaptive,132.58333333333337,0.0997417478264114,0.07800386564268326
ergo_adaptive,132.66666666666663,0.10358709584398962,0.07822776880930961
ergo_adaptive,132.75,0.10560340366190274,0.07838189160100954
ergo_adaptive,132.83333333333337,0.1072693633562482,0.07846847057928102
ergo_adaptive,132.91666666666663,0.10807790602089092,0.07851745770440607
ergo_adaptive,133.0,0.108743248822379,0.07856113144269321
ergo_adaptive,133.08333333333337,0.10886310288148023,0.07863637203428406
ergo_adaptive,133.16666666666663,0.1090866445047111,0.07871834399609061
ergo_adaptive,133.25,0.10899538210519537,0.07873553545517062
ergo_adaptive,133.33333333333337,0.11011927636599535,0.07871887458392089
ergo_adaptive,133.41666666666663,0.11034475224086475,0.07872499575325669
ergo_adaptive,133.5,0.11056744882914776,0.0787615079490724
ergo_adaptive,133.58333333333337,0.11102543726715168,0.07878225165294679
ergo_adaptive,133.66666666666663,0.11113429295115337,0.07877688484107669
ergo_adaptive,133.75,0.11122250889065512,0.07877919948917349
ergo_adaptive,133.83333333333337,0.11028596396997757,0.07881033941571104
ergo_adaptive,133.91666666666663,0.11047087054177958,0.0788385172406883
ergo_adaptive,134.0,0.11071648475777225,0.07883631428600156
ergo_adaptive,134.08333333333337,0.1103745926173928,0.07882217359688405
ergo_adaptive,134.16666666666663,0.11131139289974186,0.07881935594996599
ergo_adaptive,134.25,0.11057489566455922,0.07882734113349872
ergo_adaptive,134.33333333333337,0.10908417753903006,0.07881808429892169
ergo_adaptive,134.41666666666663,0.10975516895690647,0.07878699982109304
ergo_adaptive,134.5,0.10925025022158584,0.0787507705499065
ergo_adaptive,134.58333333333337,0.11045043532578858,0.07874608531954835
ergo_adaptive,134.66666666666663,0.11075129112134106,0.07877824910811113
ergo_adaptive,134.75,0.11125947308607632,0.07874125516568306
ergo_adaptive,134.83333333333337,0.11108724000539362,0.07863388639548874
ergo_adaptive,134.91666666666663,0.11036249873633704,0.07850588209287657
ergo_adaptive,135.0,0.11037762871343217,0.07840848550377778
ergo_adaptive,135.08333333333337,0.11061814480952188,0.07834970002836548
ergo_adaptive,135.16666666666663,0.11108975706468008,0.07830241800102407
ergo_adaptive,135.25,0.11178146017573873,0.07824706683448497
ergo_adaptive,135.33333333333337,0.11162166994181519,0.0781921956829523
ergo_adaptive,135.41666666666663,0.11080617394494113,0.078157450988362
ergo_adaptive,135.5,0.11106047471908509,0.07814666838840896
ergo_adaptive,135.58333333333337,0.11137591731424923,0.07813895125118402
ergo_adaptive,135.66666666666663,0.1111534690700524,0.07813168881706084
ergo_adaptive,135.75,0.11116791842535617,0.07815308578141776
ergo_adaptive,135.83333333333337,0.11242813544885877,0.07823276931099857
ergo_adaptive,135.91666666666663,0.11269068018506355,0.0782762794855307
ergo_adaptive,136.0,0.11224372393599626,0.07825333750443172
ergo_adaptive,136.08333333333337,0.11196178148656225,0.0782099692362029
ergo_adaptive,136.16666666666663,0.11244326782738645,0.07818329651487307
ergo_adaptive,136.25,0.11262905806235214,0.07816978236112639
ergo_adaptive,136.33333333333337,0.11286450517777627,0.07815402664176542
ergo_adaptive,136.41666666666663,0.1126839483122114,0.07812831744377065
ergo_adaptive,136.5,0.11314140810203516,0.07810561958207154
ergo_adaptive,136.58333333333337,0.11376041610951507,0.07811795935337569
ergo_adaptive,136.66666666666663,0.11373050888937193,0.07817137281299784
ergo_adaptive,136.75,0.11364706344458114,0.07817521450173318
ergo_adaptive,136.83333333333337,0.11416145684908703,0.07813384107891613
ergo_adaptive,136.91666666666663,0.11356610112162173,0.07808362145027539
ergo_adaptive,137.0,0.11295243270399236,0.07805016458420133
ergo_adaptive,137.08333333333337,0.11355124780798477,0.07805287697925574
ergo_adaptive,137.16666666666663,0.11361056291105515,0.07809306368197041
ergo_adaptive,137.25,0.11459850692177197,0.07810709289125191
ergo_adaptive,137.33333333333337,0.1139659384867214,0.07808254559360724
ergo_adaptive,137.41666666666663,0.11383710638414135,0.07806712685367027
ergo_adaptive,137.5,0.11356115246733911,0.07811262082631217
ergo_adaptive,137.58333333333337,0.11434074474037968,0.07812912031729902
ergo_adaptive,137.66666666666663,0.11406051853773658,0.07808780776928904
ergo_adaptive,137.75,0.11513970524718255,0.0780399964890887
ergo_adaptive,137.83333333333337,0.11474384243998649,0.07804811100525617
ergo_adaptive,137.91666666666663,0.11497327691390018,0.07806592948082017
ergo_adaptive,138.0,0.11454737696589333,0.07801475627981722
ergo_adaptive,138.08333333333337,0.11509294832181036,0.07793156308289938
ergo_adaptive,138.16666666666663,0.11599088215581253,0.07787636123887544
ergo_adaptive,138.25,0.11599088076438842,0.07785471424997625
ergo_adaptive,138.33333333333337,0.11674018865249226,0.0778010917559104
ergo_adaptive,138.41666666666663,0.11507308206825338,0.07771026878337489
ergo_adaptive,138.5,0.11420897975181649,0.07762077528834391
ergo_adaptive,138.58333333333337,0.11263255169183926,0.07755376457949063
ergo_adaptive,138.66666666666663,0.11336571257260038,0.0774867381674246
ergo_adaptive,138.75,0.1123361974614181,0.07739244786459006
ergo_adaptive,138.83333333333337,0.11245402377318779,0.07728340312779737
ergo_adaptive,138.91666666666663,0.1134638521684232,0.07718688014684309
ergo_adaptive,139.0,0.1142804377652069,0.07709588271213941
ergo_adaptive,139.08333333333337,0.11468691267393724,0.07698201384294485
ergo_adaptive,139.16666666666663,0.11582286392829398,0.0768430279302557
ergo_adaptive,139.25,0.11521342245755938,0.07670288609589582
ergo_adaptive,139.33333333333337,0.11624198356210202,0.07656882343563386
ergo_adaptive,139.41666666666663,0.11652949925979567,0.07642308774541977
ergo_adaptive,139.5,0.11802565251098025,0.0762550545485597
ergo_adaptive,139.58333333333337,0.11822130380184787,0.07608920199682617
ergo_adaptive,139.66666666666663,0.11888238046055973,0.0759735220771293
ergo_adaptive,139.75,0.11709478979181047,0.07591611158683421
ergo_adaptive,139.83333333333337,0.11830438227691624,0.07583459818802615
ergo_adaptive,139.91666666666663,0.11779881272457712,0.07573248949207095
ergo_adaptive,140.0,0.1168213166590651,0.07565004242457232
ergo_adaptive,140.08333333333337,0.11935930369618995,0.07558828533092526
ergo_adaptive,140.16666666666663,0.11861262152955826,0.07552047029947467
ergo_adaptive,140.25,0.11798844330345745,0.07543407107871594
ergo_adaptive,140.33333333333337,0.11955393486033596,0.07533524310595732
ergo_adaptive,140.41666666666663,0.11958172871964196,0.07524832080280826
ergo_adaptive,140.5,0.11897075703233484,0.07521086484571016
ergo_adaptive,140.58333333333337,0.12018555156020104,0.07515581100846576
ergo_adaptive,140.66666666666663,0.12007666680943288,0.07500216162210163
ergo_adaptive,140.75,0.11961695244454813,0.07479439783141859
ergo_adaptive,140.83333333333337,0.11866827508087065,0.0745887165754735
ergo_adaptive,140.91666666666663,0.11960719072995663,0.07442227031872296
ergo_adaptive,141.0,0.12019986138907986,0.07431681400766459
ergo_adaptive,141.08333333333337,0.11942173224620065,0.07420551435813162
ergo_adaptive,141.16666666666663,0.11862737109726021,0.07400781025205634
ergo_adaptive,141.25,0.12000746194140496,0.07377119630370445
ergo_adaptive,141.33333333333337,0.1214082795895502,0.07355007872139574
ergo_adaptive,141.41666666666663,0.11943113403479158,0.07335320443019139
ergo_adaptive,141.5,0.11913059183743434,0.07317233898961407
ergo_adaptive,141.58333333333337,0.1192666644894903,0.07298923934620356
ergo_adaptive,141.66666666666663,0.12079215351898785,0.07279911452025631
ergo_adaptive,141.75,0.12312879297614077,0.07264196754506813
ergo_adaptive,141.83333333333337,0.12211288953082428,0.07254241445430591
ergo_adaptive,141.91666666666663,0.12267644286420504,0.07239978694276934
ergo_adaptive,142.0,0.12297629390066238,0.07218186307392176
ergo_adaptive,142.08333333333337,0.12408069696792813,0.07194890021608162
ergo_adaptive,142.16666666666663,0.1237225571110285,0.07174941172381408
ergo_adaptive,142.25,0.1227368505605233,0.07159263845286244
ergo_adaptive,142.33333333333337,0.12232321763320733,0.07145361652606669
ergo_adaptive,142.41666666666663,0.12067245235924233,0.07129990397396145
ergo_adaptive,142.5,0.12267843547920572,0.07114821180108621
ergo_adaptive,142.58333333333337,0.12179247277337485,0.07105685103623047
ergo_adaptive,142.66666666666663,0.12224035599619505,0.07102008698398818
ergo_adaptive,142.75,0.12306157792033887,0.07089367960936412
ergo_adaptive,142.83333333333337,0.12311513598443309,0.0707120251078756
ergo_adaptive,142.91666666666663,0.12287290328718689,0.07054951049784922
ergo_adaptive,143.0,0.12336297171191088,0.07043026867197803
ergo_adaptive,143.08333333333337,0.1225505333815102,0.07032177512807543
ergo_adaptive,143.16666666666663,0.1243038414738817,0.07020334605530511
ergo_adaptive,143.25,0.12493533202229129,0.07008626839225375
ergo_adaptive,143.33333333333337,0.12395050183860926,0.06999720620347244
ergo_adaptive,143.41666666666663,0.1242904379889735,0.0699419620641794
ergo_adaptive,143.5,0.12184959463936815,0.06988714373592066
ergo_adaptive,143.58333333333337,0.12352047332119968,0.06981690091853848
ergo_adaptive,143.66666666666663,0.12526522502265094,0.06976322766209828
ergo_adaptive,143.75,0.12476172608434528,0.06976725052506891
ergo_adaptive,143.83333333333337,0.12352388835153173,0.069780857101959
ergo_adaptive,143.91666666666663,0.12344976232019526,0.06973523055003696
ergo_adaptive,144.0,0.12341058739156777,0.06967874575715197
ergo_adaptive,144.08333333333337,0.12529555881999294,0.06967463522613088
ergo_adaptive,144.16666666666663,0.12478699104936168,0.06970540675714572
ergo_adaptive,144.25,0.12460587856457202,0.06969954765321446
ergo_adaptive,144.33333333333337,0.12319743221508082,0.06967216368508325
ergo_adaptive,144.41666666666663,0.12350987064076399,0.06966608294550607
ergo_adaptive,144.5,0.12520956477828293,0.06969468933420814
ergo_adaptive,144.58333333333337,0.126337119793818,0.06974098127166554
ergo_adaptive,144.66666666666663,0.12642063891646502,0.06979549244046024
ergo_adaptive,144.75,0.12661733618899523,0.06986809163685645
ergo_adaptive,144.83333333333337,0.12613834867090304,0.06998118784512157
ergo_adaptive,144.91666666666663,0.12597772641427094,0.07014856687300028
ergo_adaptive,145.0,0.12731187520957313,0.07031593822221795
ergo_adaptive,145.08333333333337,0.12903458141971416,0.07045781797636869
ergo_adaptive,145.16666666666663,0.13059713832927214,0.0706110427121219
ergo_adaptive,145.25,0.1329871174974761,0.07079925122819748
ergo_adaptive,145.33333333333337,0.13358008104237576,0.0710308111027221
ergo_adaptive,145.41666666666663,0.1348262978804661,0.0713052651316264
ergo_adaptive,145.5,0.12141736283419459,0.07160606846248452
ergo_adaptive,145.58333333333337,0.10957999356102471,0.07188599616805674
ergo_adaptive,145.66666666666663,0.10932733808638877,0.07215662739901671
ergo_adaptive,145.75,0.11313239086763749,0.07239461965415499
ergo_adaptive,145.83333333333337,0.11548844114781319,0.07256893892982814
ergo_adaptive,145.91666666666663,0.11605351016424399,0.07268603181935585
ergo_adaptive,146.0,0.11610373821583983,0.07277816490933997
ergo_adaptive,146.08333333333337,0.11589790024523608,0.07285974436514214
ergo_adaptive,146.16666666666663,0.1164784908167089,0.07289956051352708
ergo_adaptive,146.25,0.11657101351908944,0.07290274508610027
ergo_adaptive,146.33333333333337,0.11636019693431066,0.07291184405370127
ergo_adaptive,146.41666666666663,0.11697892466753826,0.07295675093793853
ergo_adaptive,146.5,0.11704236371398655,0.07297219010206855
ergo_adaptive,146.58333333333337,0.11713869533386835,0.07292658873105987
ergo_adaptive,146.66666666666663,0.11719104367340943,0.0728730991503298
ergo_adaptive,146.75,0.11729719932402731,0.07287337095834677
ergo_adaptive,146.83333333333337,0.11758793245347343,0.07287074970066955
ergo_adaptive,146.91666666666663,0.11757463826811575,0.07279442899484673
ergo_adaptive,147.0,0.11730918838130026,0.07269240390116812
ergo_adaptive,147.08333333333337,0.11761985698690015,0.07262187586045116
ergo_adaptive,147.16666666666663,0.11778357833785971,0.0725764651023002
ergo_adaptive,147.25,0.11781611607167577,0.07250957439276041
ergo_adaptive,147.33333333333337,0.11767886024624556,0.07241587875229444
ergo_adaptive,147.41666666666663,0.11793818006358874,0.0723317318702813
ergo_adaptive,147.5,0.1173768224624782,0.07227251836608475
ergo_adaptive,147.58333333333337,0.11756088462774285,0.07221773221131365
ergo_adaptive,147.66666666666663,0.11789411515357275,0.07215077606294652
ergo_adaptive,147.75,0.11752659738996979,0.07208729046202036
ergo_adaptive,147.83333333333337,0.11794762506524507,0.072047384043618
ergo_adaptive,147.91666666666663,0.11850172246435159,0.07202393629750982
ergo_adaptive,148.0,0.1187729446155559,0.0719930570560794
ergo_adaptive,148.08333333333337,0.1185194815788873,0.07195698793873985
ergo_adaptive,148.16666666666663,0.11876204294343244,0.07194328123668038
ergo_adaptive,148.25,0.11883395846035631,0.07195967327804434
ergo_adaptive,148.33333333333337,0.11869815579284894,0.07197529688626803
ergo_adaptive,148.41666666666663,0.11898833811678458,0.07201843616538689
ergo_adaptive,148.5,0.11957419085677136,0.07211296253133079
ergo_adaptive,148.58333333333337,0.11938425941845088,0.07226986757464476
ergo_adaptive,148.66666666666663,0.12027242668252346,0.07247158963306563
ergo_adaptive,148.75,0.12146709719036382,0.07270021809274003
ergo_adaptive,148.83333333333337,0.12227847672566537,0.07293625432250676
ergo_adaptive,148.91666666666663,0.12303125587739132,0.07317549385229606
ergo_adaptive,149.0,0.12325047804670056,0.07341469449687307
ergo_adaptive,149.08333333333337,0.12364105185813203,0.07365164656545307
ergo_adaptive,149.16666666666663,0.124122940130017,0.07388504892609135
ergo_adaptive,149.25,0.12423906365335413,0.07411415270620214
ergo_adaptive,149.33333333333337,0.12407106814422791,0.07433856295889453
ergo_adaptive,149.41666666666663,0.12415844322939246,0.07455827594662576
ergo_adaptive,149.5,0.12389932716894433,0.07477342203598253
ergo_adaptive,149.58333333333337,0.12442851251298569,0.0749841377883113
ergo_adaptive,149.66666666666663,0.1250626598833962,0.07519067068216875
ergo_adaptive,149.75,0.12560741648014057,0.07539334921230986
ergo_adaptive,149.83333333333337,0.12594294318751498,0.07559228858459001
ergo_adaptive,149.91666666666663,0.12624701966132376,0.07578780325318513
ergo_adaptive,150.0,0.12627868130383874,0.0759803517332149
ergo_adaptive,150.08333333333337,0.12648548801399295,0.07617004927692009
ergo_adaptive,150.16666666666663,0.1270212745378293,0.07635713377561952
ergo_adaptive,150.25,0.1274922333582484,0.07654170804138317
ergo_adaptive,150.33333333333337,0.12718691781079666,0.07672387470169412
ergo_adaptive,150.41666666666663,0.12745133761457694,0.07690409770404902
ergo_adaptive,150.5,0.1286481548667165,0.077082515448271
ergo_adaptive,150.58333333333337,0.12855431279455387,0.07725897823407095
ergo_adaptive,150.66666666666663,0.12868755883627922,0.0774337904176094
ergo_adaptive,150.75,0.1291974567757497,0.07760712346616887
ergo_adaptive,150.83333333333337,0.12944873908611437,0.07777906930476394
ergo_adaptive,150.91666666666663,0.13069565713168024,0.07794944228548145
ergo_adaptive,151.0,0.13071985474927003,0.07811735531514258
ergo_adaptive,151.08333333333337,0.13032752040357667,0.07828382454030283
ergo_adaptive,151.16666666666663,0.13060765635464877,0.07844988044776445
ergo_adaptive,151.25,0.1315390021130408,0.07861516695768957
ergo_adaptive,151.33333333333337,0.13065329688253763,0.0787780369460843
ergo_adaptive,151.41666666666663,0.13122907509471732,0.0789421210210954
ergo_adaptive,151.5,0.13047283785409927,0.079103685843859
ergo_adaptive,151.58333333333337,0.13064681223192068,0.0792678275885967
ergo_adaptive,151.66666666666663,0.1307152542473409,0.07942923722879262
ergo_adaptive,151.75,0.13228120947346286,0.07959787095464776
ergo_adaptive,151.83333333333337,0.13348818971564366,0.07975870792151304
ergo_adaptive,151.91666666666663,0.13390294852227075,0.0799153988725856
ergo_adaptive,152.0,0.1341311237405526,0.0800566985496573
ergo_adaptive,152.08333333333337,0.13467472450680143,0.08017829881757664
ergo_adaptive,152.16666666666663,0.13540937731645183,0.08027025921990362
ergo_adaptive,152.25,0.13487926285548082,0.08032918633611301
ergo_adaptive,152.33333333333337,0.13568968316644256,0.0803797879755243
ergo_adaptive,152.41666666666663,0.13572743558732087,0.08044446636230243
ergo_adaptive,152.5,0.13509689019842847,0.0804934580933859
ergo_adaptive,152.58333333333337,0.13521924682147973,0.08050942806866733
ergo_adaptive,152.66666666666663,0.134853236550286,0.08051998316971995
ergo_adaptive,152.75,0.13528090573836393,0.08057017389160895
ergo_adaptive,152.83333333333337,0.13522083497352633,0.08062203176931673
ergo_adaptive,152.91666666666663,0.13531382049236787,0.0806329746889038
ergo_adaptive,153.0,0.13314641017400303,0.08062740488168198
ergo_adaptive,153.08333333333337,0.1323890132467687,0.08065531872981023
ergo_adaptive,153.16666666666663,0.13341531029531056,0.08071636207662103
ergo_adaptive,153.25,0.13437131156648247,0.08074809550806755
ergo_adaptive,153.33333333333337,0.13321967178663507,0.08075898866717444
ergo_adaptive,153.41666666666663,0.13284442464401952,0.08078344892358967
ergo_adaptive,153.5,0.133444482490461,0.08084538987626942
ergo_adaptive,153.58333333333337,0.13289936551484732,0.08090672038826378
ergo_adaptive,153.66666666666663,0.13480888262700053,0.08095853888944045
ergo_adaptive,153.75,0.13478703069062417,0.08101488048142237
ergo_adaptive,153.83333333333337,0.13473102781343615,0.08109365570632628
ergo_adaptive,153.91666666666663,0.13577565653037849,0.08118884071359639
ergo_adaptive,154.0,0.13488886750000723,0.08127948572144365
ergo_adaptive,154.08333333333337,0.13471653017613372,0.0813740346267019
ergo_adaptive,154.16666666666663,0.1346635149246163,0.08148478644677079
ergo_adaptive,154.25,0.13480683780793049,0.08161208337517875
ergo_adaptive,154.33333333333337,0.1373814554104611,0.08174801797384915
ergo_adaptive,154.41666666666663,0.13819500671166354,0.0818849016266164
ergo_adaptive,154.5,0.14160981649561358,0.08202968642797612
ergo_adaptive,154.58333333333337,0.13472342590190045,0.0821880397995158
ergo_adaptive,154.66666666666663,0.1194296114406082,0.08236514068080125
ergo_adaptive,154.75,0.11087285998428664,0.08258295904789403
ergo_adaptive,154.83333333333337,0.11729159946813972,0.0828051527683914
ergo_adaptive,154.91666666666663,0.11958217981063494,0.08301059234505886
ergo_adaptive,155.0,0.12163555214147931,0.08319125793540448
ergo_adaptive,155.08333333333337,0.12207704405158358,0.08335254503480495
ergo_adaptive,155.16666666666663,0.12355775638219535,0.0834989905711381
ergo_adaptive,155.25,0.12265952073815274,0.0836259616899808
ergo_adaptive,155.33333333333337,0.12212275389103094,0.08372450147229808
ergo_adaptive,155.41666666666663,0.12353394663857249,0.08380465521096486
ergo_adaptive,155.5,0.12371193140037903,0.0838884950081152
ergo_adaptive,155.58333333333337,0.12275231955364109,0.08397171032876938
ergo_adaptive,155.66666666666663,0.12292811700836166,0.08402340734675054
ergo_adaptive,155.75,0.12371428507901693,0.0840489157965413
ergo_adaptive,155.83333333333337,0.12399175594460078,0.08407728794080158
ergo_adaptive,155.91666666666663,0.12355662386190297,0.0841148409429451
ergo_adaptive,156.0,0.12390848084281471,0.08414139155305529
ergo_adaptive,156.08333333333337,0.12362264290974108,0.08415096957003759
ergo_adaptive,156.16666666666663,0.12412762605919399,0.08415482686138956
ergo_adaptive,156.25,0.12522072972590573,0.08416819100619412
ergo_adaptive,156.33333333333337,0.1256084976465118,0.08418674102246625
ergo_adaptive,156.41666666666663,0.12501302791432625,0.08420007001401199
ergo_adaptive,156.5,0.12470060537936853,0.08420801687973128
ergo_adaptive,156.58333333333337,0.12445770329105624,0.08422457346413208
ergo_adaptive,156.66666666666663,0.12498690983835649,0.08425714121998243
ergo_adaptive,156.75,0.12582806845793165,0.08428855286650988
ergo_adaptive,156.83333333333337,0.1255158509330853,0.08430446202778329
ergo_adaptive,156.91666666666663,0.12562772312407489,0.08432214413104785
ergo_adaptive,157.0,0.12543610445133938,0.08437777742099438
ergo_adaptive,157.08333333333337,0.12568029647076107,0.08443866393093255
ergo_adaptive,157.16666666666663,0.12636292988528527,0.0844673374174125
ergo_adaptive,157.25,0.1268159343366007,0.08448339861935858
ergo_adaptive,157.33333333333337,0.12661276604119084,0.08452621966366301
ergo_adaptive,157.41666666666663,0.12629453086012613,0.08457426575203902
ergo_adaptive,157.5,0.12698978420402515,0.08456263707823079
ergo_adaptive,157.58333333333337,0.12720928722268623,0.08448638243116577
ergo_adaptive,157.66666666666663,0.12732927568486227,0.0843731259065965
ergo_adaptive,157.75,0.12781049115507312,0.08424883451083519
ergo_adaptive,157.83333333333337,0.12834636289383033,0.08415417667287435
ergo_adaptive,157.91666666666663,0.12798978028219035,0.0840985932984498
ergo_adaptive,158.0,0.12775396749435503,0.08398462411529972
ergo_adaptive,158.08333333333337,0.12739935479279393,0.08381120709262933
ergo_adaptive,158.16666666666663,0.1275995841197247,0.08365358877406076
ergo_adaptive,158.25,0.12773265182733298,0.08356423410069934
ergo_adaptive,158.33333333333337,0.1283298521298258,0.08344189451435267
ergo_adaptive,158.41666666666663,0.1284244922228045,0.08324435142735391
ergo_adaptive,158.5,0.12843653910686403,0.0830400646019263
ergo_adaptive,158.58333333333337,0.1286752762789161,0.0828995310772699
ergo_adaptive,158.66666666666663,0.1276470776617016,0.08277943137891007
ergo_adaptive,158.75,0.12663084232718969,0.08258371430250541
ergo_adaptive,158.83333333333337,0.12676125047437092,0.08235560960534948
ergo_adaptive,158.91666666666663,0.12702614460549674,0.08217773072672477
ergo_adaptive,159.0,0.12834162886918696,0.08207142396632909
ergo_adaptive,159.08333333333337,0.1266263358313869,0.08187860320485978
ergo_adaptive,159.16666666666663,0.1262093954549957,0.08162959570763628
ergo_adaptive,159.25,0.12676294653717293,0.08156344938432308
ergo_adaptive,159.33333333333337,0.12671502209227023,0.08171114066617097
ergo_adaptive,159.41666666666663,0.12688124471072312,0.08192195701229193
ergo_adaptive,159.5,0.1266954546701997,0.08213067736333798
ergo_adaptive,159.58333333333337,0.12663681921444928,0.08234176989197116
ergo_adaptive,159.66666666666663,0.12740685640207752,0.08254258463616475
ergo_adaptive,159.75,0.12900104413918126,0.08271394200110439
ergo_adaptive,159.83333333333337,0.1285840405980565,0.08286085459778524
ergo_adaptive,159.91666666666663,0.12918794986669682,0.08299938360021078
ergo_adaptive,160.0,0.12891313932899595,0.08314884142156093
ergo_adaptive,160.08333333333337,0.1296819661439103,0.08330629191258677
ergo_adaptive,160.16666666666663,0.13025650250405987,0.08345493274047332
ergo_adaptive,160.25,0.1299201972137185,0.08357496671410689
ergo_adaptive,160.33333333333337,0.13046168078469436,0.08370340173538054
ergo_adaptive,160.41666666666663,0.13075129783196596,0.08385394355381043
ergo_adaptive,160.5,0.1311612419904538,0.08396709117905843
ergo_adaptive,160.58333333333337,0.1319923498075134,0.08405281904874416
ergo_adaptive,160.66666666666663,0.1324507732664153,0.08413476864990677
ergo_adaptive,160.75,0.132407743830391,0.08420989547480004
ergo_adaptive,160.83333333333337,0.1320124065902735,0.08429866030487329
ergo_adaptive,160.91666666666663,0.13300842303708937,0.08445185986804762
ergo_adaptive,161.0,0.13234459620463057,0.08460888509808333
ergo_adaptive,161.08333333333337,0.1325100407267605,0.08473647553454125
ergo_adaptive,161.16666666666663,0.13166570097775435,0.08489158543532621
ergo_adaptive,161.25,0.131624154347044,0.08505486750201821
ergo_adaptive,161.33333333333337,0.13171575468685315,0.08521020249360645
ergo_adaptive,161.41666666666663,0.13129734421881592,0.08536226190908006
ergo_adaptive,161.5,0.13212785588598172,0.08550672589157408
ergo_adaptive,161.58333333333337,0.13144819804174177,0.08561554464258965
ergo_adaptive,161.66666666666663,0.13192495847927388,0.08571182229464828
ergo_adaptive,161.75,0.1325242700561785,0.08584086428215064
ergo_adaptive,161.83333333333337,0.13271636574783036,0.08592826471766937
ergo_adaptive,161.91666666666663,0.13366218586332076,0.08597962336778774
ergo_adaptive,162.0,0.13360053435807093,0.08601871137610151
ergo_adaptive,162.08333333333337,0.13347099058587902,0.08604449865810128
ergo_adaptive,162.16666666666663,0.13410138056992432,0.0860446181131708
ergo_adaptive,162.25,0.133819400785132,0.086022580088692
ergo_adaptive,162.33333333333337,0.13420260045408935,0.08599171815813852
ergo_adaptive,162.41666666666663,0.13450128315498203,0.08597666478609546
ergo_adaptive,162.5,0.13493305863463284,0.0859659424796254
ergo_adaptive,162.58333333333337,0.13455534376420314,0.085937306303807
ergo_adaptive,162.66666666666663,0.13446945453625062,0.08592917690633366
ergo_adaptive,162.75,0.13432003894200725,0.08595626451369157
ergo_adaptive,162.83333333333337,0.1349116802995533,0.08599532119667821
ergo_adaptive,162.91666666666663,0.13538606909826856,0.08604375331997839
ergo_adaptive,163.0,0.13573626023730567,0.08611345208039325
ergo_adaptive,163.08333333333337,0.1356837400973337,0.08618400053671811
ergo_adaptive,163.16666666666663,0.13510440745625288,0.08622777340961206
ergo_adaptive,163.25,0.13502798152146742,0.08625871564717322
ergo_adaptive,163.33333333333337,0.13549283752070318,0.08631373149615017
ergo_adaptive,163.41666666666663,0.13549666054701046,0.08638509833162823
ergo_adaptive,163.5,0.13550647079421008,0.08642567559682474
ergo_adaptive,163.58333333333337,0.13769384140339552,0.08644578386147264
ergo_adaptive,163.66666666666663,0.13668259351926043,0.08648172942792179
ergo_adaptive,163.75,0.13571191829603124,0.08655391959164006
ergo_adaptive,163.83333333333337,0.1353550670539849,0.0866063838357856
ergo_adaptive,163.91666666666663,0.13652724014128237,0.08663708169150462
ergo_adaptive,164.0,0.13770191436535034,0.086671752079707
ergo_adaptive,164.08333333333337,0.13818605022277805,0.0867405713442572
ergo_adaptive,164.16666666666663,0.1379725883574356,0.0868117188490988
ergo_adaptive,164.25,0.13665988307651034,0.08686758770994019
ergo_adaptive,164.33333333333337,0.13486872895437335,0.08692599975989915
ergo_adaptive,164.41666666666663,0.13511734492025623,0.08700972673965233
ergo_adaptive,164.5,0.13471348419912713,0.0871124230105752
ergo_adaptive,164.58333333333337,0.1353803343002271,0.08721177944106666
ergo_adaptive,164.66666666666663,0.13480198171586477,0.08731006662475685
ergo_adaptive,164.75,0.13600071803865704,0.08742109298390892
ergo_adaptive,164.83333333333337,0.13568775356547202,0.08754713844617466
ergo_adaptive,164.91666666666663,0.13672103817476025,0.08767893337415557
ergo_adaptive,165.0,0.13956949237579994,0.08780759341238369
ergo_adaptive,165.08333333333337,0.14413055659551585,0.08793955532992251
ergo_adaptive,165.16666666666663,0.14725300246593254,0.08807837544461797
ergo_adaptive,165.25,0.13072435227949636,0.08822223138810648
ergo_adaptive,165.33333333333337,0.1194153589441896,0.0883795886520905
ergo_adaptive,165.41666666666663,0.11426877083301969,0.08857948961553651
ergo_adaptive,165.5,0.11504777934986843,0.08879271548313696
ergo_adaptive,165.58333333333337,0.11749041596319958,0.08899428868211486
ergo_adaptive,165.66666666666663,0.1200459673862758,0.08917087650803107
ergo_adaptive,165.75,0.12166741394909707,0.08931909230548507
ergo_adaptive,165.83333333333337,0.12195023785281374,0.0894458167508508
ergo_adaptive,165.91666666666663,0.12133195590084439,0.08955443135845809
ergo_adaptive,166.0,0.12173049755886524,0.08963966562919612
ergo_adaptive,166.08333333333337,0.12102713905601971,0.08969767724981788
ergo_adaptive,166.16666666666663,0.12098587578803316,0.08974319120579127
ergo_adaptive,166.25,0.1207058247805543,0.08979283141340032
ergo_adaptive,166.33333333333337,0.12128883457960163,0.08983327537937212
ergo_adaptive,166.41666666666663,0.1216238633374935,0.08984228788993767
ergo_adaptive,166.5,0.1224253479737707,0.08983417698242709
ergo_adaptive,166.58333333333337,0.12201953029536047,0.08983198237222131
ergo_adaptive,166.66666666666663,0.12249218994078817,0.08983510046609801
ergo_adaptive,166.75,0.12304251552046959,0.08982656331241191
ergo_adaptive,166.83333333333337,0.12241599711215437,0.08980639265016609
ergo_adaptive,166.91666666666663,0.1232753132554299,0.08978723413458198
ergo_adaptive,167.0,0.12353084214478222,0.08978105557452709
ergo_adaptive,167.08333333333337,0.12401425827764027,0.08978054840653993
ergo_adaptive,167.16666666666663,0.12344465233722927,0.0897759656000933
ergo_adaptive,167.25,0.12318699143949334,0.08976900400440922
ergo_adaptive,167.33333333333337,0.12234985896758498,0.08977563302889684
ergo_adaptive,167.41666666666663,0.12245108074422364,0.08980303911854298
ergo_adaptive,167.5,0.12248047050703072,0.08982192739637067
ergo_adaptive,167.58333333333337,0.12346785271871977,0.08982259853268725
ergo_adaptive,167.66666666666663,0.12319751151215992,0.08982864598320531
ergo_adaptive,167.75,0.12387296928187208,0.0898755086841713
ergo_adaptive,167.83333333333337,0.12525394939744566,0.08990807446580097
ergo_adaptive,167.91666666666663,0.12487909354432339,0.0899054417488376
ergo_adaptive,168.0,0.12571141033224031,0.08988778341237025
ergo_adaptive,168.08333333333337,0.12547970287758617,0.08988991488386136
ergo_adaptive,168.16666666666663,0.12503202457730037,0.08989276928661781
ergo_adaptive,168.25,0.12489411155268157,0.08986674826594575
ergo_adaptive,168.33333333333337,0.12438476332236453,0.08982919083711735
ergo_adaptive,168.41666666666663,0.12442168921929063,0.08979690389558233
ergo_adaptive,168.5,0.12434446621154965,0.08977601272113195
ergo_adaptive,168.58333333333337,0.12539029307943064,0.08978186677497917
ergo_adaptive,168.66666666666663,0.1245308505085765,0.08978193908365704
ergo_adaptive,168.75,0.12510481779814955,0.08974124455103188
ergo_adaptive,168.83333333333337,0.12515010304561147,0.08967371228357428
ergo_adaptive,168.91666666666663,0.12456455091257532,0.0896260359365117
ergo_adaptive,169.0,0.12582064562546982,0.08959080136091474
ergo_adaptive,169.08333333333337,0.12591749949797076,0.08951796692483165
ergo_adaptive,169.16666666666663,0.12439253976055133,0.08941786456631032
ergo_adaptive,169.25,0.12466187535000488,0.08933082486155869
ergo_adaptive,169.33333333333337,0.12550129218601405,0.08927806110444504
ergo_adaptive,169.41666666666663,0.1253872947565729,0.08920106810135688
ergo_adaptive,169.5,0.12705410457492264,0.08909105719612555
ergo_adaptive,169.58333333333337,0.12747223170079128,0.08897696635311501
ergo_adaptive,169.66666666666663,0.12815487948610538,0.08888551607803634
ergo_adaptive,169.75,0.12668573515335138,0.08872503130142313
ergo_adaptive,169.83333333333337,0.12819485276312362,0.08846115655026378
ergo_adaptive,169.91666666666663,0.12938018967176204,0.08816532212632897
ergo_adaptive,170.0,0.12858622981743267,0.08792517232198559
ergo_adaptive,170.08333333333337,0.1290871724835792,0.08769138668738094
ergo_adaptive,170.16666666666663,0.12895538854498062,0.08734697779804881
ergo_adaptive,170.25,0.13011000388325586,0.08696140875424495
ergo_adaptive,170.33333333333337,0.1290872634324685,0.08664447155551405
ergo_adaptive,170.41666666666663,0.12934053069801238,0.08642105138070395
ergo_adaptive,170.5,0.12727969218394644,0.08609428597277521
ergo_adaptive,170.58333333333337,0.12905018835346888,0.0856936271156233
ergo_adaptive,170.66666666666663,0.12843994608920395,0.08532932035325666
ergo_adaptive,170.75,0.1283555341370079,0.08507792801132065
ergo_adaptive,170.83333333333337,0.1277721070971267,0.08478016578546446
ergo_adaptive,170.91666666666663,0.12832854278820946,0.08438098566176237
ergo_adaptive,171.0,0.12771915382758636,0.083979512832536
ergo_adaptive,171.08333333333337,0.1275233339236709,0.08368404902062969
ergo_adaptive,171.16666666666663,0.126573856611057,0.08341326286978211
ergo_adaptive,171.25,0.12535418548474547,0.08302796851505165
ergo_adaptive,171.33333333333337,0.12523698027387742,0.08260490241375619
ergo_adaptive,171.41666666666663,0.12695228745854978,0.08225865357505234
ergo_adaptive,171.5,0.12570458813354662,0.0820079107437601
ergo_adaptive,171.58333333333337,0.12649279194704222,0.08166083751864324
ergo_adaptive,171.66666666666663,0.12459411912512743,0.0812403658552009
ergo_adaptive,171.75,0.12511801775882225,0.08119855135711904
ergo_adaptive,171.83333333333337,0.12446052057478249,0.0811580445749138
ergo_adaptive,171.91666666666663,0.12539186835220936,0.08126377712591915
ergo_adaptive,172.0,0.1254040665652994,0.08148670091382776
ergo_adaptive,172.08333333333337,0.12589590413089927,0.08173732575989871
ergo_adaptive,172.16666666666663,0.1263778548881249,0.08193661355063779
ergo_adaptive,172.25,0.1266119165903803,0.08208634196855594
ergo_adaptive,172.33333333333337,0.12755298167163837,0.08220830682367272
ergo_adaptive,172.41666666666663,0.12763165584865238,0.08232467657383327
ergo_adaptive,172.5,0.1266663878585393,0.08242048707666434
ergo_adaptive,172.58333333333337,0.12740478190557825,0.08248149374933471
ergo_adaptive,172.66666666666663,0.12574294847085327,0.08252374142704176
ergo_adaptive,172.75,0.12661334337818098,0.0825825937327002
ergo_adaptive,172.83333333333337,0.12780350416313604,0.0826444201858796
ergo_adaptive,172.91666666666663,0.12701500116112352,0.08267872063529562
ergo_adaptive,173.0,0.1258442984021348,0.08269403418484629
ergo_adaptive,173.08333333333337,0.1258821327976069,0.08273724200401301
ergo_adaptive,173.16666666666663,0.12578379980429674,0.08286288590800656
ergo_adaptive,173.25,0.12699096479620794,0.08302526852391841
ergo_adaptive,173.33333333333337,0.12673944981500654,0.08319324600207229
ergo_adaptive,173.41666666666663,0.12626484981419278,0.0833550270923271
ergo_adaptive,173.5,0.1257761565213472,0.08348994991776748
ergo_adaptive,173.58333333333337,0.1264585444169152,0.08360839033936876
ergo_adaptive,173.66666666666663,0.12657559490461898,0.08370217590668833
ergo_adaptive,173.75,0.12511757665026874,0.0837514607460137
ergo_adaptive,173.83333333333337,0.1263823567557568,0.08388271657687064
ergo_adaptive,173.91666666666663,0.12668721724884124,0.08406470340365205
ergo_adaptive,174.0,0.12745344050154933,0.08422272503085351
ergo_adaptive,174.08333333333337,0.12793256909645437,0.08434743203135268
ergo_adaptive,174.16666666666663,0.12702741249493774,0.084452232935253
ergo_adaptive,174.25,0.12680390064468397,0.08455692406211691
ergo_adaptive,174.33333333333337,0.12631343775484843,0.08464783632498982
ergo_adaptive,174.41666666666663,0.12751607001536866,0.08472949309337548
ergo_adaptive,174.5,0.1280214594549673,0.08480738983497421
ergo_adaptive,174.58333333333337,0.12765005721103373,0.08487206116187292
ergo_adaptive,174.66666666666663,0.12877664336665248,0.08494861044249738
ergo_adaptive,174.75,0.12945100441317092,0.0850244932362102
ergo_adaptive,174.83333333333337,0.12907246412511097,0.08507706910767367
ergo_adaptive,174.91666666666663,0.129590130822843,0.08511963943618413
ergo_adaptive,175.0,0.1305076353323674,0.08517148754761614
ergo_adaptive,175.08333333333337,0.13027336377322504,0.08516297020931297
ergo_adaptive,175.16666666666663,0.13048556317954554,0.08501834420635776
ergo_adaptive,175.25,0.13266818376541636,0.08478025937297698
ergo_adaptive,175.33333333333337,0.13196680080047166,0.0845360662076985
ergo_adaptive,175.41666666666663,0.13209430242648776,0.08432235372070201
ergo_adaptive,175.5,0.13220474870787063,0.0839694816013006
ergo_adaptive,175.58333333333337,0.13194816718861266,0.08352160150535276
ergo_adaptive,175.66666666666663,0.1297483081247023,0.08309005377468255
ergo_adaptive,175.75,0.13040728531357654,0.08275073300989344
ergo_adaptive,175.83333333333337,0.131566944883364,0.08240925978853425
ergo_adaptive,175.91666666666663,0.13047630777556815,0.08199883799253327
ergo_adaptive,176.0,0.1297467983255444,0.08156509518474063
ergo_adaptive,176.08333333333337,0.1316353125355534,0.08116294679369543
ergo_adaptive,176.16666666666663,0.13129279041389263,0.0808353540767539
ergo_adaptive,176.25,0.1330815487918067,0.0806128556431217
ergo_adaptive,176.33333333333337,0.13208711393159978,0.08032865397632763
ergo_adaptive,176.41666666666663,0.1298877091934769,0.07995360431175627
ergo_adaptive,176.5,0.12871529666139805,0.07957732804279848
ergo_adaptive,176.58333333333337,0.12722035064623685,0.07926365796213788
ergo_adaptive,176.66666666666663,0.13072274886279012,0.07901003989097562
ergo_adaptive,176.75,0.1303321303401344,0.07876742100845849
ergo_adaptive,176.83333333333337,0.13190842994702964,0.07852219924991881
ergo_adaptive,176.91666666666663,0.13131425492546195,0.07829968246208684
ergo_adaptive,177.0,0.13071383123303165,0.07812794321684145
ergo_adaptive,177.08333333333337,0.13129148688410816,0.0779845304280062
ergo_adaptive,177.16666666666663,0.13021164944973634,0.07781199945021597
ergo_adaptive,177.25,0.132232574242436,0.07762239489630436
ergo_adaptive,177.33333333333337,0.13102675177504122,0.07748587111856398
ergo_adaptive,177.41666666666663,0.1296400803853055,0.07741801434505327
ergo_adaptive,177.5,0.12930508418040232,0.07728730455890936
ergo_adaptive,177.58333333333337,0.1289291902472882,0.07711053981254952
ergo_adaptive,177.66666666666663,0.12771463968732846,0.07696027342715789
ergo_adaptive,177.75,0.1287815871515867,0.07686538633279202
ergo_adaptive,177.83333333333337,0.12906057713860553,0.0767906578240076
ergo_adaptive,177.91666666666663,0.12979103088527458,0.07671523328230415
ergo_adaptive,178.0,0.13115015377372005,0.07664992870305705
ergo_adaptive,178.08333333333337,0.13123868486392348,0.07661785011624797
ergo_adaptive,178.16666666666663,0.13041983368014476,0.0766271995116431
ergo_adaptive,178.25,0.12892304253984727,0.07665297587918261
ergo_adaptive,178.33333333333337,0.12772695651926355,0.07667791199647732
ergo_adaptive,178.41666666666663,0.12772334390231926,0.07672092161320702
ergo_adaptive,178.5,0.12797043368695504,0.07681932500071183
ergo_adaptive,178.58333333333337,0.12925259368009256,0.07694557307809774
ergo_adaptive,178.66666666666663,0.1305626038230749,0.07703548655521178
ergo_adaptive,178.75,0.13260033413916192,0.07711941451818356
ergo_adaptive,178.83333333333337,0.13358493149752507,0.07723091827392708
ergo_adaptive,178.91666666666663,0.13335515641728693,0.07737416131559124
ergo_adaptive,179.0,0.1141826604760017,0.07753727457740227
ergo_adaptive,179.08333333333337,0.0991396532928774,0.07773408353425922
ergo_adaptive,179.16666666666663,0.09080997492933725,0.07798659580304311
ergo_adaptive,179.25,0.08518222249899406,0.07825426882918465
ergo_adaptive,179.33333333333337,0.08545504225920939,0.07852047840465637
ergo_adaptive,179.41666666666663,0.09001724582861052,0.0787606376682302
ergo_adaptive,179.5,0.09474831985288736,0.0789440035015839
ergo_adaptive,179.58333333333337,0.09861099417068625,0.07907264359163418
ergo_adaptive,179.66666666666663,0.09965149578377894,0.07916636029690303
ergo_adaptive,179.75,0.09965169848816609,0.07925154648212396
ergo_adaptive,179.83333333333337,0.09900491065934879,0.07934396737965509
ergo_adaptive,179.91666666666663,0.10046625976044275,0.07943287344421374
ergo_adaptive,180.0,0.1008505896408487,0.07949024776918949
ergo_adaptive,180.08333333333337,0.10050904364684321,0.0795319631137282
ergo_adaptive,180.16666666666663,0.1001764276030795,0.07959056192884997
ergo_adaptive,180.25,0.10054986685263223,0.0796463283824321
ergo_adaptive,180.33333333333337,0.10143196481195624,0.0796539182802333
ergo_adaptive,180.41666666666663,0.10166713195323637,0.0796304243722569
ergo_adaptive,180.5,0.10162367954556979,0.07960737202096152
ergo_adaptive,180.58333333333337,0.10220034785245635,0.07960119452240648
ergo_adaptive,180.66666666666663,0.10327078736791438,0.07960769861138456
ergo_adaptive,180.75,0.10446060343427702,0.07959972073935118
ergo_adaptive,180.83333333333337,0.10367266957439283,0.07956875119371074
ergo_adaptive,180.91666666666663,0.102411080313465,0.07955109640783249
ergo_adaptive,181.0,0.10230854830609777,0.07957433639320087
ergo_adaptive,181.08333333333337,0.10296695314818013,0.07955759969197575
ergo_adaptive,181.16666666666663,0.10358995697160277,0.0794791799628964
ergo_adaptive,181.25,0.10362048596365638,0.07938281625556555
ergo_adaptive,181.33333333333337,0.10399487287831342,0.07930291655779118
ergo_adaptive,181.41666666666663,0.10422313871173178,0.07924000405301534
ergo_adaptive,181.5,0.1030809823275885,0.0791744074482564
ergo_adaptive,181.58333333333337,0.10406649223664732,0.07909370034280937
ergo_adaptive,181.66666666666663,0.10358818920156798,0.0790145165987987
ergo_adaptive,181.75,0.10459046525709574,0.07897750355651237
ergo_adaptive,181.83333333333337,0.1034201084763825,0.07896815745605507
ergo_adaptive,181.91666666666663,0.10345725636541825,0.078886803526376
ergo_adaptive,182.0,0.10367873829402516,0.07875603402273106
ergo_adaptive,182.08333333333337,0.10377969565867255,0.07863572412745498
ergo_adaptive,182.16666666666663,0.10355732930532244,0.07854150621897625
ergo_adaptive,182.25,0.10216965670167398,0.07844671610921718
ergo_adaptive,182.33333333333337,0.10369399049393203,0.07834147789717619
ergo_adaptive,182.41666666666663,0.10336782799714216,0.07823927505686473
ergo_adaptive,182.5,0.10261404575346755,0.07816741465260992
ergo_adaptive,182.58333333333337,0.10390305358489177,0.07816110915740185
ergo_adaptive,182.66666666666663,0.10436006135452083,0.0781561464534938
ergo_adaptive,182.75,0.10328967275707873,0.07807384152602483
ergo_adaptive,182.83333333333337,0.10369502983420877,0.07795720668284976
ergo_adaptive,182.91666666666663,0.10407274255757441,0.0778524179242478
ergo_adaptive,183.0,0.10465039904216743,0.07776843199328598
ergo_adaptive,183.08333333333337,0.1050252782897766,0.07769406328524368
ergo_adaptive,183.16666666666663,0.10450894571309517,0.07761412065949508
ergo_adaptive,183.25,0.10531535926300203,0.07753009262282134
ergo_adaptive,183.33333333333337,0.10439742240018125,0.07747649672190293
ergo_adaptive,183.41666666666663,0.1042847292389381,0.07748730019722361
ergo_adaptive,183.5,0.10514380306106104,0.07744756805365775
ergo_adaptive,183.58333333333337,0.1055371294077916,0.07733553725272707
ergo_adaptive,183.66666666666663,0.10378975069757286,0.07720838399446997
ergo_adaptive,183.75,0.10406035567673258,0.07710509760246254
ergo_adaptive,183.83333333333337,0.10431090219442267,0.07702916245451374
ergo_adaptive,183.91666666666663,0.10491101810281409,0.07696975723156395
ergo_adaptive,184.0,0.1041578058905607,0.0769021824787724
ergo_adaptive,184.08333333333337,0.10460381034801951,0.07682918627202473
ergo_adaptive,184.16666666666663,0.10535465916905364,0.07677793081526918
ergo_adaptive,184.25,0.10507423306335534,0.07674989567132677
ergo_adaptive,184.33333333333337,0.1053236501517493,0.0766906754767201
ergo_adaptive,184.41666666666663,0.10537957491227806,0.07659467111455004
ergo_adaptive,184.5,0.10517395714633741,0.07649613689954109
ergo_adaptive,184.58333333333337,0.10681230928776803,0.0764266138237808
ergo_adaptive,184.66666666666663,0.10633335806656262,0.07640888125381261
ergo_adaptive,184.75,0.10648685278371525,0.07641235038695769
ergo_adaptive,184.83333333333337,0.10631345426689524,0.07637424190009767
ergo_adaptive,184.91666666666663,0.10812329676740018,0.07631646208348086
ergo_adaptive,185.0,0.10738119546665502,0.07630112734603046
ergo_adaptive,185.08333333333337,0.10829493454272436,0.0763476163223587
ergo_adaptive,185.16666666666663,0.10821846093554639,0.07637273265113215
ergo_adaptive,185.25,0.10814186877193326,0.07640201016556152
ergo_adaptive,185.33333333333337,0.10846470457068075,0.07646689086065937
ergo_adaptive,185.41666666666663,0.10920855072079025,0.07658776737384627
ergo_adaptive,185.5,0.10970044693747609,0.07674796099072381
ergo_adaptive,185.58333333333337,0.1100568891899447,0.0769385440508702
ergo_adaptive,185.66666666666663,0.10991957078449159,0.077145261105918
ergo_adaptive,185.75,0.11018960689514289,0.07735990369041704
ergo_adaptive,185.83333333333337,0.11019058967834049,0.07757742258377144
ergo_adaptive,185.91666666666663,0.11053012471881594,0.07779480004091623
ergo_adaptive,186.0,0.11047270546861383,0.07801019773364966
ergo_adaptive,186.08333333333337,0.1103131857815828,0.07822247155499897
ergo_adaptive,186.16666666666663,0.11111775172280985,0.07843101430728097
ergo_adaptive,186.25,0.11078204331232686,0.0786356614598265
ergo_adaptive,186.33333333333337,0.11200272296200754,0.07883628373562646
ergo_adaptive,186.41666666666663,0.1127951946602322,0.07903332255034816
ergo_adaptive,186.5,0.11310130881257013,0.0792270579088853
ergo_adaptive,186.58333333333337,0.11374459256815424,0.07941737531051
ergo_adaptive,186.66666666666663,0.11411777987904335,0.0796043930480686
ergo_adaptive,186.75,0.11551689034010311,0.07978833932677788
ergo_adaptive,186.83333333333337,0.11578347926546177,0.07996957876755693
ergo_adaptive,186.91666666666663,0.11556268668799537,0.08014821169025806
ergo_adaptive,187.0,0.11524498444407205,0.08032429809358559
ergo_adaptive,187.08333333333337,0.1148796461372875,0.08049803514830015
ergo_adaptive,187.16666666666663,0.11523549207535458,0.08066961817834971
ergo_adaptive,187.25,0.11538750814013593,0.08083947421764263
ergo_adaptive,187.33333333333337,0.11648315756479054,0.08100757446590744
ergo_adaptive,187.41666666666663,0.11730290865341916,0.08117414174564022
ergo_adaptive,187.5,0.11802489860480626,0.08133933284305936
ergo_adaptive,187.58333333333337,0.11810519752783843,0.08150298670672129
ergo_adaptive,187.66666666666663,0.11804069563813584,0.08166540458407626
ergo_adaptive,187.75,0.11775607265219185,0.08182625342867972
ergo_adaptive,187.83333333333337,0.11799630297157433,0.08198638695950874
ergo_adaptive,187.91666666666663,0.11837888145438567,0.08214437948312538
ergo_adaptive,188.0,0.1181837694508966,0.0823033657191466
ergo_adaptive,188.08333333333337,0.11892714927280233,0.08245550331531153
ergo_adaptive,188.16666666666663,0.11881478536083748,0.08258763864472213
ergo_adaptive,188.25,0.11849930281558255,0.08267661331859207
ergo_adaptive,188.33333333333337,0.11778627718801621,0.08273054548999509
ergo_adaptive,188.41666666666663,0.11772856281014653,0.08275588083675826
ergo_adaptive,188.5,0.1184486557162799,0.08274729522342904
ergo_adaptive,188.58333333333337,0.11930457774475534,0.08272525894819831
ergo_adaptive,188.66666666666663,0.11807430032627587,0.08272482728013125
ergo_adaptive,188.75,0.11936603082688045,0.08274388817931523
ergo_adaptive,188.83333333333337,0.12105585225507079,0.08273552573367214
ergo_adaptive,188.91666666666663,0.1194004735516067,0.08270636837680062
ergo_adaptive,189.0,0.11965574768103981,0.0826997168592771
ergo_adaptive,189.08333333333337,0.11990809872433829,0.08273680540973444
ergo_adaptive,189.16666666666663,0.11969635143660712,0.08274451617747022
ergo_adaptive,189.25,0.12055151136774903,0.08271785126916717
ergo_adaptive,189.33333333333337,0.12166820737309193,0.08270269106666323
ergo_adaptive,189.41666666666663,0.1203121184325162,0.08274581752914345
ergo_adaptive,189.5,0.12240627784612677,0.0827829710719923
ergo_adaptive,189.58333333333337,0.12210382297419671,0.08278117244902938
ergo_adaptive,189.66666666666663,0.12298203422659683,0.08277765423211576
ergo_adaptive,189.75,0.12148910973408096,0.08281729131753301
ergo_adaptive,189.83333333333337,0.12249969554422048,0.08288666658175062
ergo_adaptive,189.91666666666663,0.12081489189888771,0.08292940093792506
ergo_adaptive,190.0,0.12032789374760613,0.08296336686575775
ergo_adaptive,190.08333333333337,0.1195678780482903,0.08302402435514565
ergo_adaptive,190.16666666666663,0.11908521207227808,0.0831205637107376
ergo_adaptive,190.25,0.11784409828235454,0.0832174965323669
ergo_adaptive,190.33333333333337,0.11878460496443549,0.0833101461674824
ergo_adaptive,190.41666666666663,0.12179587119023101,0.08341737709278606
ergo_adaptive,190.5,0.12224043909845789,0.0835486522399259
ergo_adaptive,190.58333333333337,0.12056873909871159,0.083695891571174
ergo_adaptive,190.66666666666663,0.12227125346494422,0.08384686027627264
ergo_adaptive,190.75,0.12588963955545213,0.08400335005350192
ergo_adaptive,190.83333333333337,0.1296472306488967,0.0841764063565846
ergo_adaptive,190.91666666666663,0.1124504477069042,0.0843676875460048
ergo_adaptive,191.0,0.10367207115432989,0.08457867716205719
ergo_adaptive,191.08333333333337,0.10282325795975121,0.08481382584646371
ergo_adaptive,191.16666666666663,0.10736653641561866,0.08505010573629797
ergo_adaptive,191.25,0.11007726356766195,0.08526546571730882
ergo_adaptive,191.33333333333337,0.11052186362325128,0.08545248701516761
ergo_adaptive,191.41666666666663,0.11077244482253586,0.08561464337348647
ergo_adaptive,191.5,0.11102990530916258,0.08575523878109194
ergo_adaptive,191.58333333333337,0.11129978570566246,0.08586942727639689
ergo_adaptive,191.66666666666663,0.11260180302300923,0.08595394819637332
ergo_adaptive,191.75,0.11271582232269625,0.0860189655095025
ergo_adaptive,191.83333333333337,0.11256721543077887,0.08608091541293583
ergo_adaptive,191.91666666666663,0.1121707377248169,0.08613378154702454
ergo_adaptive,192.0,0.1127170047425615,0.08615980865017826
ergo_adaptive,192.08333333333337,0.11206990802457845,0.08616535890786704
ergo_adaptive,192.16666666666663,0.11225506191855227,0.08618180815076042
ergo_adaptive,192.25,0.1114877869380741,0.08621158952259944
ergo_adaptive,192.33333333333337,0.11114288311243502,0.08621212505466458
ergo_adaptive,192.41666666666663,0.11122938466764894,0.08618490537939781
ergo_adaptive,192.5,0.11097753097828665,0.08615724900649717
ergo_adaptive,192.58333333333337,0.11215541727260925,0.08614456610943443
ergo_adaptive,192.66666666666663,0.11219886011787408,0.08613165611464953
ergo_adaptive,192.75,0.11294723975422394,0.08610788662286809
ergo_adaptive,192.83333333333337,0.11356423608458477,0.08608198077997752
ergo_adaptive,192.91666666666663,0.11334257621966973,0.08606602926859479
ergo_adaptive,193.0,0.11341372340555879,0.08606080341330691
ergo_adaptive,193.08333333333337,0.11323173659510158,0.08605259222372999
ergo_adaptive,193.16666666666663,0.11237493646125252,0.08603652942701738
ergo_adaptive,193.25,0.11326688797874455,0.08602414839686114
ergo_adaptive,193.33333333333337,0.11339321089569528,0.08602436114517832
ergo_adaptive,193.41666666666663,0.11406252904624316,0.086025492422798
ergo_adaptive,193.5,0.11413053628820899,0.08601100216565333
ergo_adaptive,193.58333333333337,0.1146867987413686,0.08598663234145945
ergo_adaptive,193.66666666666663,0.11433983475264212,0.08597509591957016
ergo_adaptive,193.75,0.11527263979299579,0.08596902293926793
ergo_adaptive,193.83333333333337,0.11458132940497234,0.08595583610077087
ergo_adaptive,193.91666666666663,0.11411942653498353,0.08592681730944933
ergo_adaptive,194.0,0.11468302960082655,0.08589886448875586
ergo_adaptive,194.08333333333337,0.11478283133824467,0.08585578137078935
ergo_adaptive,194.16666666666663,0.1152840711650984,0.08577160433010818
ergo_adaptive,194.25,0.11532977307728182,0.08567630040916939
ergo_adaptive,194.33333333333337,0.11599400354320095,0.08563140424480305
ergo_adaptive,194.41666666666663,0.11479145116273565,0.08556910208513352
ergo_adaptive,194.5,0.11468279324087563,0.08543341165080752
ergo_adaptive,194.58333333333337,0.11556553641848082,0.08527084392965485
ergo_adaptive,194.66666666666663,0.11542964455515191,0.08514636384499784
ergo_adaptive,194.75,0.11520795721725134,0.0850568639552444
ergo_adaptive,194.83333333333337,0.11469880597089664,0.0849115481324328
ergo_adaptive,194.91666666666663,0.11624956358999315,0.08472581112751289
ergo_adaptive,195.0,0.11598432119310266,0.08455971038711706
ergo_adaptive,195.08333333333337,0.11521027941768416,0.08444463960965734
ergo_adaptive,195.16666666666663,0.11632887287777523,0.08429896220270344
ergo_adaptive,195.25,0.11678013849716104,0.08410081469014276
ergo_adaptive,195.33333333333337,0.11664946902896323,0.0839029071815455
ergo_adaptive,195.41666666666663,0.11463399507145208,0.08376286181524042
ergo_adaptive,195.5,0.11566313433106289,0.08361900310175842
ergo_adaptive,195.58333333333337,0.11471541531258987,0.0834055160692783
ergo_adaptive,195.66666666666663,0.11573366671345066,0.08316899301692118
ergo_adaptive,195.75,0.11538856149624646,0.08298381123254961
ergo_adaptive,195.83333333333337,0.11540889311693964,0.08283841169965711
ergo_adaptive,195.91666666666663,0.11428739347348134,0.08261558520821731
ergo_adaptive,196.0,0.11519137591986578,0.08234101112543078
ergo_adaptive,196.08333333333337,0.11657591053201241,0.08209624249414388
ergo_adaptive,196.16666666666663,0.11657228558660478,0.08193246172737408
ergo_adaptive,196.25,0.11505629692300426,0.08173951557273877
ergo_adaptive,196.33333333333337,0.11432005287751318,0.0814967762662981
ergo_adaptive,196.41666666666663,0.11473220312277883,0.08126593851014706
ergo_adaptive,196.5,0.11457366107649207,0.08111370867403932
ergo_adaptive,196.58333333333337,0.11459298932816825,0.0809575589483297
ergo_adaptive,196.66666666666663,0.11413479454384906,0.08073580890967481
ergo_adaptive,196.75,0.11606480211692079,0.08049835869857751
ergo_adaptive,196.83333333333337,0.11442032872609822,0.08032104843099043
ergo_adaptive,196.91666666666663,0.11469767606547525,0.08018817973172297
ergo_adaptive,197.0,0.11608017581067703,0.07998977627920553
ergo_adaptive,197.08333333333337,0.11585652735890421,0.07975691930394399
ergo_adaptive,197.16666666666663,0.11564146095677971,0.07956135946561706
ergo_adaptive,197.25,0.11638260575532595,0.07943796605159854
ergo_adaptive,197.33333333333337,0.1168643080935357,0.07925628474302608
ergo_adaptive,197.41666666666663,0.11690727261913582,0.07901644655264561
ergo_adaptive,197.5,0.11639349518311941,0.07878976775463868
ergo_adaptive,197.58333333333337,0.11578115247007485,0.0786444820855423
ergo_adaptive,197.66666666666663,0.11663553597811865,0.07870640595504358
ergo_adaptive,197.75,0.11577484599037234,0.07873673817387969
ergo_adaptive,197.83333333333337,0.11634827726706576,0.07890652258325609
ergo_adaptive,197.91666666666663,0.11680644510953167,0.0791053536436841
ergo_adaptive,198.0,0.11720121790123735,0.07928781260037612
ergo_adaptive,198.08333333333337,0.1168005071871618,0.07945622022920236
ergo_adaptive,198.16666666666663,0.11710522430819471,0.07962504675431474
ergo_adaptive,198.25,0.11663894101438739,0.0797749221491043
ergo_adaptive,198.33333333333337,0.11557506696731855,0.07988459075643915
ergo_adaptive,198.41666666666663,0.11604418121349334,0.07997035508992476
ergo_adaptive,198.5,0.11671985690536234,0.08005247015267906
ergo_adaptive,198.58333333333337,0.11734087152610971,0.08013566098827574
ergo_adaptive,198.66666666666663,0.1179719419999734,0.08019396954502893
ergo_adaptive,198.75,0.11679950492252378,0.08022524903524704
ergo_adaptive,198.83333333333337,0.11745503107202207,0.08025446111423187
ergo_adaptive,198.91666666666663,0.1188096074785242,0.08029003349184076
ergo_adaptive,199.0,0.11960332577421452,0.08031911848797453
ergo_adaptive,199.08333333333337,0.11847519133367912,0.08033636455554814
ergo_adaptive,199.16666666666663,0.11847793965554937,0.0803525186116251
ergo_adaptive,199.25,0.11956782875964696,0.08038914079996326
ergo_adaptive,199.33333333333337,0.11951735313458982,0.08046053292817024
ergo_adaptive,199.41666666666663,0.11909024465023112,0.0805108945197356
ergo_adaptive,199.5,0.11792704023128651,0.08051188280563407
ergo_adaptive,199.58333333333337,0.11885964757084186,0.0804999523382723
ergo_adaptive,199.66666666666663,0.11953787534166253,0.08050510191147063
ergo_adaptive,199.75,0.12100139285268256,0.08049659145250931
ergo_adaptive,199.83333333333337,0.12107295974420153,0.08043282358109197
ergo_adaptive,199.91666666666663,0.12144852308785621,0.08033493218924317
ergo_adaptive,200.0,0.1204538805908636,0.08023876817257682
ergo_adaptive,200.08333333333337,0.11786341222400291,0.08014873732983147
ergo_adaptive,200.16666666666663,0.11895061354219147,0.08004301015341485
ergo_adaptive,200.25,0.1195494505849646,0.0799206897272108
ergo_adaptive,200.33333333333337,0.11927154705376541,0.0798119323472156
ergo_adaptive,200.41666666666663,0.11607861771478889,0.07974060210193788
ergo_adaptive,200.5,0.1198806273920148,0.07969715133236424
ergo_adaptive,200.58333333333337,0.11916446229560336,0.0796630892984375
ergo_adaptive,200.66666666666663,0.121157737214948,0.07964793784257199
ergo_adaptive,200.75,0.12142260778208362,0.07967071729040276
ergo_adaptive,200.83333333333337,0.12330642593292665,0.07972088568251616
ergo_adaptive,200.91666666666663,0.12232682378920084,0.07976374224726933
ergo_adaptive,201.0,0.1230428746084599,0.07979536353404332
ergo_adaptive,201.08333333333337,0.12395806674038404,0.07985227362516606
ergo_adaptive,201.16666666666663,0.12513420981382342,0.07994604582251467
ergo_adaptive,201.25,0.1259490653277714,0.08003933653206163
ergo_adaptive,201.33333333333337,0.12461511040644296,0.08011701507911645
ergo_adaptive,201.41666666666663,0.12527510880373505,0.08021334236157927
ergo_adaptive,201.5,0.12585506906618915,0.08035116369056024
ergo_adaptive,201.58333333333337,0.12768653924923237,0.08050515557402228
ergo_adaptive,201.66666666666663,0.12596156281461546,0.08064223118403674
ergo_adaptive,201.75,0.12818497287905165,0.08078698262020541
ergo_adaptive,201.83333333333337,0.1314933085160688,0.08096988867643078
ergo_adaptive,201.91666666666663,0.11203340723156621,0.08118535063104952
ergo_adaptive,202.0,0.0972967047979281,0.08139102290732911
ergo_adaptive,202.08333333333337,0.08993179039237842,0.08164170631891027
ergo_adaptive,202.16666666666663,0.09141875433671307,0.08191018573352685
ergo_adaptive,202.25,0.09567415746255586,0.08214760018664774
ergo_adaptive,202.33333333333337,0.09822622469318591,0.08233879680112133
ergo_adaptive,202.41666666666663,0.099513338709095,0.08249207133301327
ergo_adaptive,202.5,0.09901333157624408,0.08263186674135815
ergo_adaptive,202.58333333333337,0.09860872935372302,0.08274820868628906
ergo_adaptive,202.66666666666663,0.09859765931017625,0.08281198288064227
ergo_adaptive,202.75,0.09929510607674201,0.08283713923757367
ergo_adaptive,202.83333333333337,0.09897050766528538,0.08286631168640478
ergo_adaptive,202.91666666666663,0.09960637322016999,0.08290797911066076
ergo_adaptive,203.0,0.0995761284208728,0.08291612541222784
ergo_adaptive,203.08333333333337,0.09915479744511661,0.08289002150924775
ergo_adaptive,203.16666666666663,0.09897571027551688,0.08286329667962045
ergo_adaptive,203.25,0.09988432138258495,0.08286341196012392
ergo_adaptive,203.33333333333337,0.10053333899972226,0.08285286155750274
ergo_adaptive,203.41666666666663,0.10076707019586667,0.08281397298682187
ergo_adaptive,203.5,0.1012565670505452,0.08276608255706688
ergo_adaptive,203.58333333333337,0.10219738798866287,0.08273276350737878
ergo_adaptive,203.66666666666663,0.10245724655036245,0.08271255727771844
ergo_adaptive,203.75,0.10274180256904523,0.08268536162125874
ergo_adaptive,203.83333333333337,0.10234012153286724,0.08264885280917073
ergo_adaptive,203.91666666666663,0.10234645062320831,0.08261918776940393
ergo_adaptive,204.0,0.10283781680960045,0.08261877812753848
ergo_adaptive,204.08333333333337,0.10261849762134803,0.0826384747575439
ergo_adaptive,204.16666666666663,0.10294908648672702,0.08263263151644296
ergo_adaptive,204.25,0.10258059007330973,0.08262317010886602
ergo_adaptive,204.33333333333337,0.10273925931051409,0.08265538749224866
ergo_adaptive,204.41666666666663,0.10264814290302551,0.08271643512384633
ergo_adaptive,204.5,0.10342828629373334,0.0827240063476226
ergo_adaptive,204.58333333333337,0.10375040269089632,0.08269332967565232
ergo_adaptive,204.66666666666663,0.10421992203555627,0.08267671210641848
ergo_adaptive,204.75,0.1046825755746694,0.08270922536084101
ergo_adaptive,204.83333333333337,0.10411603729662197,0.08269894615765133
ergo_adaptive,204.91666666666663,0.10428854925514656,0.08261852152000845
ergo_adaptive,205.0,0.10475530684126147,0.08251236896856122
ergo_adaptive,205.08333333333337,0.10410262892986683,0.082418726964494
ergo_adaptive,205.16666666666663,0.10469680626596124,0.08235523620951492
ergo_adaptive,205.25,0.10603537443340526,0.08234364936921777
ergo_adaptive,205.33333333333337,0.10496000978953779,0.0823581006657199
ergo_adaptive,205.41666666666663,0.10530560301346872,0.0823364552119353
ergo_adaptive,205.5,0.10465015038820633,0.0822885902342065
ergo_adaptive,205.58333333333337,0.10602598615448444,0.08226168970928063
ergo_adaptive,205.66666666666663,0.10498297890131551,0.08227514752507374
ergo_adaptive,205.75,0.1058603662879423,0.08224905248841322
ergo_adaptive,205.83333333333337,0.10608983132846708,0.0821838685000347
ergo_adaptive,205.91666666666663,0.10741281578710996,0.08211995885205403
ergo_adaptive,206.0,0.10763168394102138,0.08210446384574963
ergo_adaptive,206.08333333333337,0.10732065829552985,0.08207937378526996
ergo_adaptive,206.16666666666663,0.10710783862586262,0.08201893675697691
ergo_adaptive,206.25,0.10661715804935377,0.08195077943561495
ergo_adaptive,206.33333333333337,0.10735820364839328,0.08192459360829761
ergo_adaptive,206.41666666666663,0.10897059102884045,0.08191418987105809
ergo_adaptive,206.5,0.10980969744829507,0.0818683382555117
ergo_adaptive,206.58333333333337,0.10902032888788091,0.08180223772600524
ergo_adaptive,206.66666666666663,0.10846184438297217,0.08175911044290257
ergo_adaptive,206.75,0.10983374115648573,0.08174155001529845
ergo_adaptive,206.83333333333337,0.1084851194959148,0.08167891498711446
ergo_adaptive,206.91666666666663,0.10824109005327728,0.08157283858209897
ergo_adaptive,207.0,0.1075717107817501,0.08146239784215137
ergo_adaptive,207.08333333333337,0.10607766049605392,0.08137314146059615
ergo_adaptive,207.16666666666663,0.10710281953069498,0.08120842065303668
ergo_adaptive,207.25,0.10629981954571686,0.08093122296570622
ergo_adaptive,207.33333333333337,0.10591938334589561,0.08063545830278042
ergo_adaptive,207.41666666666663,0.10700703885432795,0.080415084616263
ergo_adaptive,207.5,0.1056582963687826,0.08022273790751458
ergo_adaptive,207.58333333333337,0.10582194535480753,0.0803112313799094
ergo_adaptive,207.66666666666663,0.10611805086108804,0.08050279920037559
ergo_adaptive,207.75,0.10627871245249117,0.08069402270424555
ergo_adaptive,207.83333333333337,0.10751025602033856,0.08087040467157243
ergo_adaptive,207.91666666666663,0.10816178809340068,0.08104120467530582
ergo_adaptive,208.0,0.10833877859629427,0.0812001855070015
ergo_adaptive,208.08333333333337,0.10618572568266847,0.08132472168874064
ergo_adaptive,208.16666666666663,0.10699204394779643,0.08141972584511008
ergo_adaptive,208.25,0.10668310323250595,0.08150370190289567
ergo_adaptive,208.33333333333337,0.1063122436319111,0.08159148821474574
ergo_adaptive,208.41666666666663,0.10503079731840417,0.08165882207402118
ergo_adaptive,208.5,0.10603889224172766,0.08170298366458702
ergo_adaptive,208.58333333333337,0.10480935919090278,0.08174215588328682
ergo_adaptive,208.66666666666663,0.10544915146285748,0.08179120934365743
ergo_adaptive,208.75,0.10564263887155323,0.0818387236508761
ergo_adaptive,208.83333333333337,0.10685857601973442,0.08186988671217155
ergo_adaptive,208.91666666666663,0.1076148240652903,0.08189319897165848
ergo_adaptive,209.0,0.1079552132329326,0.08192406695151644
ergo_adaptive,209.08333333333337,0.11025073200390678,0.0819608454599949
ergo_adaptive,209.16666666666663,0.10995759990145425,0.0819977167213818
ergo_adaptive,209.25,0.1097144477993113,0.08203046867327354
ergo_adaptive,209.33333333333337,0.10823256351744712,0.08206707849363847
ergo_adaptive,209.41666666666663,0.10978186905527619,0.08213421423907101
ergo_adaptive,209.5,0.10917238514233393,0.08222608029128192
ergo_adaptive,209.58333333333337,0.10957567193688048,0.08228624142889242
ergo_adaptive,209.66666666666663,0.11036743386574747,0.08232229120696156
ergo_adaptive,209.75,0.11143490073727096,0.08235863366325755
ergo_adaptive,209.83333333333337,0.11015189194202671,0.08239892980713871
ergo_adaptive,209.91666666666663,0.11105919150959279,0.08243494530476218
ergo_adaptive,210.0,0.11103387830824357,0.08245254080818631
ergo_adaptive,210.08333333333337,0.11163601708715018,0.08243615080698033
ergo_adaptive,210.16666666666663,0.11216052344632804,0.08238974173052807
ergo_adaptive,210.25,0.11218962630420298,0.08234495976165464
ergo_adaptive,210.33333333333337,0.11163165299005126,0.08228109019819248
ergo_adaptive,210.41666666666663,0.11395247358404582,0.08217500714220037
ergo_adaptive,210.5,0.11442309558513149,0.08205508848516824
ergo_adaptive,210.58333333333337,0.11346454608909914,0.08196084149500775
ergo_adaptive,210.66666666666663,0.11252143070992528,0.08191966602940332
ergo_adaptive,210.75,0.11278435099264993,0.0819382293244593
ergo_adaptive,210.83333333333337,0.11285397486189577,0.08195942052815533
ergo_adaptive,210.91666666666663,0.11341770740529826,0.08194273872518903
ergo_adaptive,211.0,0.11333023019133069,0.08192096939917787
ergo_adaptive,211.08333333333337,0.11352308126327036,0.08192046109668007
ergo_adaptive,211.16666666666663,0.11387813707249564,0.0819256507969244
ergo_adaptive,211.25,0.11406773999296115,0.08191935131171549
ergo_adaptive,211.33333333333337,0.1141432150869803,0.08190192571558376
ergo_adaptive,211.41666666666663,0.11341019150801657,0.08189251929409902
ergo_adaptive,211.5,0.1144177626321816,0.08191939072271008
ergo_adaptive,211.58333333333337,0.1152859357317435,0.08198087540331239
ergo_adaptive,211.66666666666663,0.11627898074040185,0.08199388981412924
ergo_adaptive,211.75,0.11603091711594968,0.08195802346487728
ergo_adaptive,211.83333333333337,0.11641159418195024,0.08191621159571941
ergo_adaptive,211.91666666666663,0.11517751809090893,0.0818933100073873
ergo_adaptive,212.0,0.11524394111851488,0.08189286802019576
ergo_adaptive,212.08333333333337,0.11541813132202672,0.08190955146302004
ergo_adaptive,212.16666666666663,0.11532443998579514,0.08192603748049523
ergo_adaptive,212.25,0.11538269648449934,0.08193729672482583
ergo_adaptive,212.33333333333337,0.11688282430649095,0.08196089879564891
ergo_adaptive,212.41666666666663,0.11637439682171077,0.08200613903140189
ergo_adaptive,212.5,0.11820171252811763,0.08207688870025286
ergo_adaptive,212.58333333333337,0.1176865176468209,0.0821958296222164
ergo_adaptive,212.66666666666663,0.11884479776457574,0.08234876315033209
ergo_adaptive,212.75,0.11917759512372048,0.08248105390351748
ergo_adaptive,212.83333333333337,0.11778397222123112,0.0826049916836637
ergo_adaptive,212.91666666666663,0.11722926887477587,0.08274588560448821
ergo_adaptive,213.0,0.11701593136377743,0.08291076697855883
ergo_adaptive,213.08333333333337,0.11820603185870789,0.0830856015499737
ergo_adaptive,213.16666666666663,0.11867159051737604,0.08325759164141727
ergo_adaptive,213.25,0.12056339928035495,0.08343650698763334
ergo_adaptive,213.33333333333337,0.12397846415106557,0.08363130309197968
ergo_adaptive,213.41666666666663,0.10664762440431907,0.0838388102260661
ergo_adaptive,213.5,0.09914502148287291,0.08406492633763553
ergo_adaptive,213.58333333333337,0.10404118189965933,0.08430688879391404
ergo_adaptive,213.66666666666663,0.10651438739568234,0.08454243879303891
ergo_adaptive,213.75,0.107476937103279,0.08475407265192075
ergo_adaptive,213.83333333333337,0.10856822137038002,0.08493806116415897
ergo_adaptive,213.91666666666663,0.10947207665437553,0.08510006131708187
ergo_adaptive,214.0,0.10978659945813138,0.08523802388621073
ergo_adaptive,214.08333333333337,0.10954711762208436,0.08534741642868199
ergo_adaptive,214.16666666666663,0.1103819356451898,0.08542954112723133
ergo_adaptive,214.25,0.1103448805322464,0.08549790731494704
ergo_adaptive,214.33333333333337,0.11053960846933579,0.08555708982567016
ergo_adaptive,214.41666666666663,0.10928960935817088,0.0855984720376457
ergo_adaptive,214.5,0.10930972482592678,0.0856191451986467
ergo_adaptive,214.58333333333337,0.10986487755572696,0.08563680354273924
ergo_adaptive,214.66666666666663,0.10936835246635918,0.08568333185812643
ergo_adaptive,214.75,0.10970882944726758,0.0857188968305945
ergo_adaptive,214.83333333333337,0.11047029736933597,0.08571707975327164
ergo_adaptive,214.91666666666663,0.1092952842127345,0.08570562290004309
ergo_adaptive,215.0,0.1100985287872222,0.08572658883788704
ergo_adaptive,215.08333333333337,0.11020305632082267,0.08576721333973814
ergo_adaptive,215.16666666666663,0.11010248948382956,0.08577221097478042
ergo_adaptive,215.25,0.11045568263715932,0.08575452223804837
ergo_adaptive,215.33333333333337,0.11000041334444678,0.08574875779867618
ergo_adaptive,215.41666666666663,0.11020963117897498,0.085763259823469
ergo_adaptive,215.5,0.1100822045627372,0.08577395265719617
ergo_adaptive,215.58333333333337,0.11037427185781748,0.08576742150872907
ergo_adaptive,215.66666666666663,0.11071510347808707,0.0857619726361484
ergo_adaptive,215.75,0.11077511775256259,0.08577150944032048
ergo_adaptive,215.83333333333337,0.11113826990300411,0.08578723444335452
ergo_adaptive,215.91666666666663,0.11126901438419311,0.0857967491775344
ergo_adaptive,216.0,0.11103728265160473,0.08580525729434234
ergo_adaptive,216.08333333333337,0.11078161862850495,0.08582642212055004
ergo_adaptive,216.16666666666663,0.11102429050457739,0.08585723836317276
ergo_adaptive,216.25,0.11179266232106577,0.0858833770046863
ergo_adaptive,216.33333333333337,0.11245576254605871,0.08592856212020591
ergo_adaptive,216.41666666666663,0.11218920459637141,0.08602779990788308
ergo_adaptive,216.5,0.11207096186873572,0.08616867006207421
ergo_adaptive,216.58333333333337,0.11218115121418377,0.08633053984353284
ergo_adaptive,216.66666666666663,0.11241527531900739,0.08650284842129838
ergo_adaptive,216.75,0.11331584588504676,0.08667961024536408
ergo_adaptive,216.83333333333337,0.11436803871128791,0.08685735533054541
ergo_adaptive,216.91666666666663,0.11504521045151864,0.08703401033184624
ergo_adaptive,217.0,0.11549729003409251,0.08720849038136218
ergo_adaptive,217.08333333333337,0.11626524474007562,0.08738001360994702
ergo_adaptive,217.16666666666663,0.11649716323068858,0.08754822690297856
ergo_adaptive,217.25,0.11697191771238605,0.08771282546631401
ergo_adaptive,217.33333333333337,0.11617132643414678,0.08787371053910002
ergo_adaptive,217.41666666666663,0.11557011577583877,0.08803092492320537
ergo_adaptive,217.5,0.11648096327060578,0.08818466688260648
ergo_adaptive,217.58333333333337,0.11751398560997313,0.08833523838577273
ergo_adaptive,217.66666666666663,0.11791697057422533,0.08848285433018734
ergo_adaptive,217.75,0.11784150284955502,0.08862787789034984
ergo_adaptive,217.83333333333337,0.1175421236421784,0.08877043161508087
ergo_adaptive,217.91666666666663,0.11804512066006069,0.08891070059033887
ergo_adaptive,218.0,0.11714791357498378,0.08904896791430418
ergo_adaptive,218.08333333333337,0.11801052359412437,0.08918551219185533
ergo_adaptive,218.16666666666663,0.11806716599974187,0.08932025586352368
ergo_adaptive,218.25,0.11877966003714908,0.08945344876590755
ergo_adaptive,218.33333333333337,0.11941943394994857,0.08958517454382513
ergo_adaptive,218.41666666666663,0.1197246035793641,0.08971550350710711
ergo_adaptive,218.5,0.11953214114301691,0.08984446049734346
ergo_adaptive,218.58333333333337,0.11876236009399416,0.08997234531894682
ergo_adaptive,218.66666666666663,0.11961521724285551,0.0900993883916031
ergo_adaptive,218.75,0.12086273603889043,0.09022528029834263
ergo_adaptive,218.83333333333337,0.11976205032135896,0.0903499086156937
ergo_adaptive,218.91666666666663,0.121307103016878,0.09047386340404978
ergo_adaptive,219.0,0.12117151644596734,0.09059647655290007
ergo_adaptive,219.08333333333337,0.12240074071071869,0.09071838433904841
ergo_adaptive,219.16666666666663,0.12290634262319992,0.0908389502873419
ergo_adaptive,219.25,0.12322529156811217,0.09095905196779536
ergo_adaptive,219.33333333333337,0.1231223327553203,0.09107778448522945
ergo_adaptive,219.41666666666663,0.12318301953602265,0.09119767685211314
ergo_adaptive,219.5,0.1233847274694144,0.09131327165586958
ergo_adaptive,219.58333333333337,0.12321057042914829,0.09143762302324511
ergo_adaptive,219.66666666666663,0.12323713897413796,0.09154531255544722
ergo_adaptive,219.75,0.12427774131578713,0.09165302340173488
ergo_adaptive,219.83333333333337,0.12384333265675943,0.09173616699031785
ergo_adaptive,219.91666666666663,0.12387585497822572,0.09180287291510827
ergo_adaptive,220.0,0.12420520707787724,0.09184234249493585
ergo_adaptive,220.08333333333337,0.12503860935382763,0.09184880782907492
ergo_adaptive,220.16666666666663,0.12727778460839712,0.09184329355194668
ergo_adaptive,220.25,0.12856001010155904,0.0918529753653235
ergo_adaptive,220.33333333333337,0.12827921799838382,0.09185315626875289
ergo_adaptive,220.41666666666663,0.1280256826486464,0.09182414020788196
ergo_adaptive,220.5,0.12578129660913223,0.09178778490440047
ergo_adaptive,220.58333333333337,0.12627868047989527,0.09178463096134147
ergo_adaptive,220.66666666666663,0.12648502889507657,0.09179163325169848
ergo_adaptive,220.75,0.1257824685385462,0.09176633305034627
ergo_adaptive,220.83333333333337,0.12450528249674563,0.09172393928864737
ergo_adaptive,220.91666666666663,0.12396956609025404,0.09170863660458808
ergo_adaptive,221.0,0.125836047562957,0.09172775065356971
ergo_adaptive,221.08333333333337,0.12504414988675824,0.09171678710877815
ergo_adaptive,221.16666666666663,0.12471557297087656,0.09168113121328748
ergo_adaptive,221.25,0.1251222109469415,0.09165614694742827
ergo_adaptive,221.33333333333337,0.1240989459941593,0.09167257538971973
ergo_adaptive,221.41666666666663,0.12451782097884272,0.09168942978105372
ergo_adaptive,221.5,0.12563174761541546,0.09169252753414002
ergo_adaptive,221.58333333333337,0.1266309998721937,0.09170135218327803
ergo_adaptive,221.66666666666663,0.12657988415115626,0.09174151572702832
ergo_adaptive,221.75,0.12597742413489998,0.09180447293105985
ergo_adaptive,221.83333333333337,0.125326256697784,0.091865533461034
ergo_adaptive,221.91666666666663,0.12705772154852668,0.09193130539588665
ergo_adaptive,222.0,0.12703270951541537,0.09201847499387072
ergo_adaptive,222.08333333333337,0.1279088744275904,0.09213200380345737
ergo_adaptive,222.16666666666663,0.1279236786106307,0.0922383593725425
ergo_adaptive,222.25,0.1303345989113034,0.09233657786703017
ergo_adaptive,222.33333333333337,0.13502291121414303,0.09244465504009752
ergo_adaptive,222.41666666666663,0.12935220403080094,0.09257811495289017
ergo_adaptive,222.5,0.11162121563671615,0.09270151337461843
ergo_adaptive,222.58333333333337,0.10405437359376671,0.09284049409716941
ergo_adaptive,222.66666666666663,0.09866565414584706,0.09301439409963166
ergo_adaptive,222.75,0.0997038763459222,0.09320171404164979
ergo_adaptive,222.83333333333337,0.10315300547018869,0.09338200934191256
ergo_adaptive,222.91666666666663,0.10521281223422506,0.09354251924033972
ergo_adaptive,223.0,0.10679501276806071,0.09367868384906225
ergo_adaptive,223.08333333333337,0.10641019352746366,0.0937937449679466
ergo_adaptive,223.16666666666663,0.10623343644265403,0.093890484518135
ergo_adaptive,223.25,0.10646481506807588,0.0939642165264142
ergo_adaptive,223.33333333333337,0.10584824899032726,0.09401132791140113
ergo_adaptive,223.41666666666663,0.10552377405030938,0.0940430040993361
ergo_adaptive,223.5,0.10691880117644498,0.09407163577128962
ergo_adaptive,223.58333333333337,0.10749470609359475,0.09409223540891949
ergo_adaptive,223.66666666666663,0.10766611254677298,0.09408668112081216
ergo_adaptive,223.75,0.10913176381313058,0.09406609799182453
ergo_adaptive,223.83333333333337,0.10935305634335159,0.0940535106472469
ergo_adaptive,223.91666666666663,0.10850266895392582,0.09404950436896606
ergo_adaptive,224.0,0.10870736787858287,0.09402688180911734
ergo_adaptive,224.08333333333337,0.10861658376965777,0.09398745164550931
ergo_adaptive,224.16666666666663,0.10867157020776798,0.09395060313905199
ergo_adaptive,224.25,0.10974300362404013,0.09392530426768993
ergo_adaptive,224.33333333333337,0.10969376870954843,0.0939031310488074
ergo_adaptive,224.41666666666663,0.10891201721961781,0.09387687580928468
ergo_adaptive,224.5,0.10932214662730073,0.09385142690995654
ergo_adaptive,224.58333333333337,0.10959527516175231,0.09383906880574866
ergo_adaptive,224.66666666666663,0.11005929123144569,0.0938400404626403
ergo_adaptive,224.75,0.10926937065923732,0.09383795809543628
ergo_adaptive,224.83333333333337,0.10943287697155016,0.0938284848213133
ergo_adaptive,224.91666666666663,0.10989036751618896,0.09382869550668636
ergo_adaptive,225.0,0.10979070119964875,0.09385529928679907
ergo_adaptive,225.08333333333337,0.10976778048109502,0.09388485689822836
ergo_adaptive,225.16666666666663,0.10991167234073676,0.09389507243672245
ergo_adaptive,225.25,0.10985437189799276,0.09390378961645528
ergo_adaptive,225.33333333333337,0.11004347095272249,0.09394156461713063
ergo_adaptive,225.41666666666663,0.10991819073858637,0.09397066872697767
ergo_adaptive,225.5,0.10969260680527591,0.09395728915787055
ergo_adaptive,225.58333333333337,0.10980581310990757,0.09391027001561882
ergo_adaptive,225.66666666666663,0.10908265652636115,0.09384848639347944
ergo_adaptive,225.75,0.1089367052584186,0.09375529888139907
ergo_adaptive,225.83333333333337,0.1096751321527809,0.09363010401363045
ergo_adaptive,225.91666666666663,0.11033838248295562,0.09351830819702947
ergo_adaptive,226.0,0.11036058384613019,0.09344895925397301
ergo_adaptive,226.08333333333337,0.11051833706699375,0.09331148008967545
ergo_adaptive,226.16666666666663,0.11222089644449383,0.09311241418389303
ergo_adaptive,226.25,0.11327493379293178,0.0929184977768273
ergo_adaptive,226.33333333333337,0.11347936425437732,0.09278343757014505
ergo_adaptive,226.41666666666663,0.11238819494501166,0.0926228174390827
ergo_adaptive,226.5,0.11012433044559373,0.09238759841270429
ergo_adaptive,226.58333333333337,0.10973301314281068,0.09213417694042027
ergo_adaptive,226.66666666666663,0.11006009194984108,0.09193197635273984
ergo_adaptive,226.75,0.11090340080623334,0.09174992664403943
ergo_adaptive,226.83333333333337,0.11112146729695001,0.09149013719815739
ergo_adaptive,226.91666666666663,0.11088095327897418,0.09118562265834358
ergo_adaptive,227.0,0.10989015835085164,0.09091828107076169
ergo_adaptive,227.08333333333337,0.10897322206728353,0.09071539033951712
ergo_adaptive,227.16666666666663,0.10917728499017151,0.0904571092204001
ergo_adaptive,227.25,0.10831756926348382,0.09013947229329655
ergo_adaptive,227.33333333333337,0.10982570270231304,0.08983901132093355
ergo_adaptive,227.41666666666663,0.10939355535667687,0.08962124848970048
ergo_adaptive,227.5,0.10846399645216159,0.08939260025091934
ergo_adaptive,227.58333333333337,0.10990233994798745,0.08909775420933462
ergo_adaptive,227.66666666666663,0.11107598942032322,0.08879393089447145
ergo_adaptive,227.75,0.11028512242724127,0.0885624879510623
ergo_adaptive,227.83333333333337,0.11101861204299747,0.08835879700104914
ergo_adaptive,227.91666666666663,0.11171231322792231,0.08807583249776417
ergo_adaptive,228.0,0.10988538408777386,0.08775412496982421
ergo_adaptive,228.08333333333337,0.11110114832154924,0.08747753516162741
ergo_adaptive,228.16666666666663,0.11084752209819457,0.08726570083608776
ergo_adaptive,228.25,0.11092258021509119,0.08700638630857589
ergo_adaptive,228.33333333333337,0.1117075017942821,0.08669959762559376
ergo_adaptive,228.41666666666663,0.11030698643741683,0.08640414357710305
ergo_adaptive,228.5,0.10959840657270534,0.08615675085437995
ergo_adaptive,228.58333333333337,0.10955359893764227,0.08591537429092834
ergo_adaptive,228.66666666666663,0.11140065454955704,0.08564235779923961
ergo_adaptive,228.75,0.11180059675006407,0.0853594273603254
ergo_adaptive,228.83333333333337,0.11351945308028148,0.08509667545221289
ergo_adaptive,228.91666666666663,0.11449892361896523,0.08484760847192442
ergo_adaptive,229.0,0.11086183581446694,0.08459528501836475
ergo_adaptive,229.08333333333337,0.11127436406024818,0.0843321371209414
ergo_adaptive,229.16666666666663,0.11263261724157485,0.08408343092606332
ergo_adaptive,229.25,0.11225005050987141,0.08390506261482128
ergo_adaptive,229.33333333333337,0.11082503907097331,0.08373525407224983
ergo_adaptive,229.41666666666663,0.11331055072151787,0.08343298970785362
ergo_adaptive,229.5,0.11506921913134614,0.08305248385302562
ergo_adaptive,229.58333333333337,0.1147389214435473,0.08266950448690447
ergo_adaptive,229.66666666666663,0.11390106611227586,0.08232862900114317
ergo_adaptive,229.75,0.11245867185510229,0.08205470095550706
ergo_adaptive,229.83333333333337,0.11177992226507359,0.08180256049341929
ergo_adaptive,229.91666666666663,0.11016793565557055,0.08147112346577558
ergo_adaptive,230.0,0.1136890196142834,0.08108461605653541
ergo_adaptive,230.08333333333337,0.11585529123228681,0.08070411564373915
ergo_adaptive,230.16666666666663,0.11374497402941987,0.08035884152323158
ergo_adaptive,230.25,0.11601413463403244,0.08006744260541282
ergo_adaptive,230.33333333333337,0.1156551666348637,0.07980285418021724
ergo_adaptive,230.41666666666663,0.1145580709552427,0.07950271404326271
ergo_adaptive,230.5,0.11252862028682456,0.07917106707451725
ergo_adaptive,230.58333333333337,0.11174957983394768,0.07885435603883666
ergo_adaptive,230.66666666666663,0.11409939470783798,0.07856431422378761
ergo_adaptive,230.75,0.11682909647655142,0.07830365278944651
ergo_adaptive,230.83333333333337,0.11477116821067275,0.07806334457751683
ergo_adaptive,230.91666666666663,0.11490208392454887,0.07781868825829233
ergo_adaptive,231.0,0.11448492581259882,0.07757666883756403
ergo_adaptive,231.08333333333337,0.11485897418251098,0.07736024060415125
ergo_adaptive,231.16666666666663,0.11664380410933857,0.07715279490296056
ergo_adaptive,231.25,0.1172693553359864,0.07694485527721863
ergo_adaptive,231.33333333333337,0.11737229280725658,0.07674059898714554
ergo_adaptive,231.41666666666663,0.11602370660730747,0.07655098727122597
ergo_adaptive,231.5,0.1157915851524096,0.07639714187973831
ergo_adaptive,231.58333333333337,0.11714704237286344,0.07629605355619347
ergo_adaptive,231.66666666666663,0.11580322151264826,0.07619437616026119
ergo_adaptive,231.75,0.11579840234748333,0.0760509988068883
ergo_adaptive,231.83333333333337,0.11478256045750031,0.07590286142108396
ergo_adaptive,231.91666666666663,0.11636424002741408,0.07578382667530363
ergo_adaptive,232.0,0.11711808278084947,0.07571522794564971
ergo_adaptive,232.08333333333337,0.11801119044659959,0.07571189553600952
ergo_adaptive,232.16666666666663,0.1184660510421622,0.07570887551937416
ergo_adaptive,232.25,0.1190335507980328,0.07565108672281502
ergo_adaptive,232.33333333333337,0.11916372004865326,0.07557933169608295
ergo_adaptive,232.41666666666663,0.11836495017288681,0.07553532245836983
ergo_adaptive,232.5,0.1189592263295822,0.07554308936584998
ergo_adaptive,232.58333333333337,0.12004887647718808,0.07562305650887965
ergo_adaptive,232.66666666666663,0.12144446215517296,0.07570998581849162
ergo_adaptive,232.75,0.12244160801242272,0.0757454283513215
ergo_adaptive,232.83333333333337,0.12191992966752332,0.07576902195349698
ergo_adaptive,232.91666666666663,0.1218096673432792,0.07581756424991025
ergo_adaptive,233.0,0.12361126454356107,0.07590896175228867
ergo_adaptive,233.08333333333337,0.1244281325368487,0.0760542791927423
ergo_adaptive,233.16666666666663,0.1167268251412468,0.07622223559449978
ergo_adaptive,233.25,0.10110414965874745,0.07636310099910959
ergo_adaptive,233.33333333333337,0.09089378884136501,0.07659387653512705
ergo_adaptive,233.41666666666663,0.08543784424566132,0.07688449592825367
ergo_adaptive,233.5,0.07940129262175145,0.07717570310292424
ergo_adaptive,233.58333333333337,0.07598932341432478,0.07744779751928037
ergo_adaptive,233.66666666666663,0.07679895709015362,0.07769701325932682
ergo_adaptive,233.75,0.0818810230692676,0.07792160713308487
ergo_adaptive,233.83333333333337,0.08508975389701752,0.07811890589916083
ergo_adaptive,233.91666666666663,0.08732263089933226,0.07828260043585174
ergo_adaptive,234.0,0.08881468254338139,0.0784109912168731
ergo_adaptive,234.08333333333337,0.08976832982668566,0.07851098779125822
ergo_adaptive,234.16666666666663,0.08858067581639388,0.0785883938096016
ergo_adaptive,234.25,0.08937246434130501,0.0786520349088231
ergo_adaptive,234.33333333333337,0.0897766176717003,0.07870231708659263
ergo_adaptive,234.41666666666663,0.09082448027210928,0.07872820942161886
ergo_adaptive,234.5,0.09222676858227574,0.07872782117073762
ergo_adaptive,234.58333333333337,0.09236047500616283,0.07872158296374415
ergo_adaptive,234.66666666666663,0.09320536420044243,0.07869961900123688
ergo_adaptive,234.75,0.09360913100491094,0.07865038173770905
ergo_adaptive,234.83333333333337,0.0927424626115582,0.07857981780438089
ergo_adaptive,234.91666666666663,0.09252774665844193,0.07850312955044207
ergo_adaptive,235.0,0.09306602155587183,0.07844201247892055
ergo_adaptive,235.08333333333337,0.09292467785928088,0.07842152877976327
ergo_adaptive,235.16666666666663,0.09261682547455849,0.0783801170810567
ergo_adaptive,235.25,0.0926897671476406,0.07829690391228522
ergo_adaptive,235.33333333333337,0.09278102520634993,0.07820458975599061
ergo_adaptive,235.41666666666663,0.09218099423795519,0.07812681882715748
ergo_adaptive,235.5,0.09167907642426619,0.07806087323456343
ergo_adaptive,235.58333333333337,0.09155007767616821,0.0779986732630059
ergo_adaptive,235.66666666666663,0.09100616669583478,0.07794033598648792
ergo_adaptive,235.75,0.0921116248248073,0.07789375357918389
ergo_adaptive,235.83333333333337,0.0925040054023995,0.0778782783422972
ergo_adaptive,235.91666666666663,0.09286592287081179,0.07788694626578652
ergo_adaptive,236.0,0.09277572586089375,0.07785673216954807
ergo_adaptive,236.08333333333337,0.09204182990244995,0.07777831557765186
ergo_adaptive,236.16666666666663,0.09302758006203413,0.07768865219026884
ergo_adaptive,236.25,0.09326135252357426,0.07762051201355041
ergo_adaptive,236.33333333333337,0.09257110914290127,0.07758210902122252
ergo_adaptive,236.41666666666663,0.0923215379934304,0.07755087010181616
ergo_adaptive,236.5,0.09309871544544783,0.07750291338949304
ergo_adaptive,236.58333333333337,0.09378544929898501,0.07744803036991553
ergo_adaptive,236.66666666666663,0.09341860360264345,0.07743960795638423
ergo_adaptive,236.75,0.09339555603732365,0.07745342907867116
ergo_adaptive,236.83333333333337,0.09378384320645958,0.07739146680815781
ergo_adaptive,236.91666666666663,0.09369700271717685,0.07729299169326882
ergo_adaptive,237.0,0.09403382959176824,0.07722006039607585
ergo_adaptive,237.08333333333337,0.09427369816159578,0.07717827688834872
ergo_adaptive,237.16666666666663,0.09426061451630656,0.07714583748987815
ergo_adaptive,237.25,0.09470906412296039,0.07715391005076278
ergo_adaptive,237.33333333333337,0.09419798042280127,0.07719551704423994
ergo_adaptive,237.41666666666663,0.09489564411559308,0.07735101961329983
ergo_adaptive,237.5,0.09458948077176485,0.07753633226444603
ergo_adaptive,237.58333333333337,0.09545347598254152,0.0777424845571641
ergo_adaptive,237.66666666666663,0.09572431399784141,0.07794115596984172
ergo_adaptive,237.75,0.09629095402618947,0.0781041801518654
ergo_adaptive,237.83333333333337,0.09710917810135025,0.07823078850474832
ergo_adaptive,237.91666666666663,0.09719703410252203,0.0783311762615921
ergo_adaptive,238.0,0.09726823464252358,0.07836878027764209
ergo_adaptive,238.08333333333337,0.09797050553832157,0.07844644343158837
ergo_adaptive,238.16666666666663,0.0983669219620552,0.07851983121219396
ergo_adaptive,238.25,0.0986296404330808,0.07850890766410873
ergo_adaptive,238.33333333333337,0.09864069201307223,0.07847267346347366
ergo_adaptive,238.41666666666663,0.09901270665028673,0.07849878473740468
ergo_adaptive,238.5,0.09964773938741034,0.07854528915243275
ergo_adaptive,238.58333333333337,0.09985810569653364,0.0785135760636581
ergo_adaptive,238.66666666666663,0.0994628852969291,0.07841284075943365
ergo_adaptive,238.75,0.10041204694535233,0.07846972689174177
ergo_adaptive,238.83333333333337,0.10030362626508105,0.07855167585583733
ergo_adaptive,238.91666666666663,0.10038551451914472,0.07858582029231827
ergo_adaptive,239.0,0.10040063093521295,0.07870997758756736
ergo_adaptive,239.08333333333337,0.1005972946842755,0.07890510925595133
ergo_adaptive,239.16666666666663,0.10083362201641893,0.07910811755147151
ergo_adaptive,239.25,0.10110140277328061,0.07929445022906706
ergo_adaptive,239.33333333333337,0.10015142417218634,0.07944180964129333
ergo_adaptive,239.41666666666663,0.09914645072045923,0.07956755877281953
ergo_adaptive,239.5,0.09869159722969474,0.07971817302108439
ergo_adaptive,239.58333333333337,0.09839410609559662,0.07990038381965381
ergo_adaptive,239.66666666666663,0.09916692349010836,0.08008216453625068
ergo_adaptive,239.75,0.10064341677879028,0.08027330601542478
ergo_adaptive,239.83333333333337,0.1010401838325216,0.0804403634891873
ergo_adaptive,239.91666666666663,0.10094038955784236,0.08054030500836197
ergo_adaptive,240.0,0.10077238591105701,0.08064619858943506
ergo_adaptive,240.08333333333337,0.10150714400062591,0.08080767418409279
ergo_adaptive,240.16666666666663,0.10215568518585276,0.08097666114946019
ergo_adaptive,240.25,0.10345641099666504,0.08113211287082349
ergo_adaptive,240.33333333333337,0.10363577997554557,0.08123690520681784
ergo_adaptive,240.41666666666663,0.10429143705863445,0.0812844833526725
ergo_adaptive,240.5,0.10532199861147054,0.08129536658673162
ergo_adaptive,240.58333333333337,0.10542861691361438,0.08125100186500893
ergo_adaptive,240.66666666666663,0.10579925609976497,0.08110978847002648
ergo_adaptive,240.75,0.10630299681523193,0.08091794641090055
ergo_adaptive,240.83333333333337,0.10590159446457975,0.08075798881748476
ergo_adaptive,240.91666666666663,0.10601458523749319,0.08063104097258252
ergo_adaptive,241.0,0.10690808027223125,0.08068351511406303
ergo_adaptive,241.08333333333337,0.10654766492851951,0.08076273536792436
ergo_adaptive,241.16666666666663,0.10620051099686585,0.08080176271246803
ergo_adaptive,241.25,0.10563971618057962,0.08096719968783403
ergo_adaptive,241.33333333333337,0.10636557716898927,0.0811555515619636
ergo_adaptive,241.41666666666663,0.1056707115124761,0.08131674738874872
ergo_adaptive,241.5,0.10531859357940844,0.08143831357489785
ergo_adaptive,241.58333333333337,0.1049063804717842,0.08152774335301882
ergo_adaptive,241.66666666666663,0.10395890865102571,0.08161935418990186
ergo_adaptive,241.75,0.10426563825594837,0.08173896911408436
ergo_adaptive,241.83333333333337,0.10430060084514052,0.08188193802466857
ergo_adaptive,241.91666666666663,0.10372683215337396,0.08204113618471365
ergo_adaptive,242.0,0.1023902314924993,0.0821868548398042
ergo_adaptive,242.08333333333337,0.10350878106365567,0.08229236955272184
ergo_adaptive,242.16666666666663,0.10443511926668043,0.08233944939012222
ergo_adaptive,242.25,0.10475344427759646,0.08235725931768693
ergo_adaptive,242.33333333333337,0.10641100779701068,0.0823691498899644
ergo_adaptive,242.41666666666663,0.10678156613136988,0.082425219667086
ergo_adaptive,242.5,0.10789905223766699,0.08251206299624929
ergo_adaptive,242.58333333333337,0.1090502844703626,0.0826333869944345
ergo_adaptive,242.66666666666663,0.10899425582852142,0.08277438975799538
ergo_adaptive,242.75,0.10897501445238056,0.08292433265574609
ergo_adaptive,242.83333333333337,0.10982935618927478,0.08307059899221941
ergo_adaptive,242.91666666666663,0.11090922736878697,0.08319113008781519
ergo_adaptive,243.0,0.11110728276482891,0.08327867676813289
ergo_adaptive,243.08333333333337,0.11097510041767063,0.08334763629921516
ergo_adaptive,243.16666666666663,0.11065851048175455,0.08338792578372749
ergo_adaptive,243.25,0.1112489985093219,0.08342157255941558
ergo_adaptive,243.33333333333337,0.11081120873798274,0.08353490025511916
ergo_adaptive,243.41666666666663,0.11136896820945696,0.08366810054335913
ergo_adaptive,243.5,0.11181891792737984,0.0838287587542417
ergo_adaptive,243.58333333333337,0.11130902940296927,0.08398800269946992
ergo_adaptive,243.66666666666663,0.1110645565972159,0.08413440844068319
ergo_adaptive,243.75,0.11178606174124035,0.08426710559595674
ergo_adaptive,243.83333333333337,0.11264451055018301,0.08437752906661194
ergo_adaptive,243.91666666666663,0.11329522283346562,0.08446387209850742
ergo_adaptive,244.0,0.11181305675833882,0.08451875021412449
ergo_adaptive,244.08333333333337,0.11155205736637581,0.08453567028319574
ergo_adaptive,244.16666666666663,0.11103480118388144,0.08452252883385211
ergo_adaptive,244.25,0.11168161318808582,0.08448642893084679
ergo_adaptive,244.33333333333337,0.11214218314427131,0.08441593557642967
ergo_adaptive,244.41666666666663,0.1129866485044022,0.08429722227991154
ergo_adaptive,244.5,0.11564216518056,0.08414971996942244
ergo_adaptive,244.58333333333337,0.11800833964730073,0.08400946371770723
ergo_adaptive,244.66666666666663,0.11761877018866894,0.08388322945140678
ergo_adaptive,244.75,0.1158098197184523,0.08372610043020488
ergo_adaptive,244.83333333333337,0.11389611236650915,0.08353386929563465
ergo_adaptive,244.91666666666663,0.1138966222169226,0.08352818372818129
ergo_adaptive,245.0,0.1126001465904276,0.08365338361811783
ergo_adaptive,245.08333333333337,0.11192373512252397,0.08383431435405095
ergo_adaptive,245.16666666666663,0.11190516739932234,0.08400718813318002
ergo_adaptive,245.25,0.1125316969489661,0.08415028069796951
ergo_adaptive,245.33333333333337,0.11492486361393808,0.08426698939542163
ergo_adaptive,245.41666666666663,0.11495690846010562,0.08437246454334142
ergo_adaptive,245.5,0.11364448885651551,0.08447610965007467
ergo_adaptive,245.58333333333337,0.11348535309881234,0.08456496958800142
ergo_adaptive,245.66666666666663,0.11438372399201492,0.08464425496557511
ergo_adaptive,245.75,0.11418913227800903,0.08472418823605521
ergo_adaptive,245.83333333333337,0.1141295228357233,0.08481258506079516
ergo_adaptive,245.91666666666663,0.11557897264183899,0.08488027136923032
ergo_adaptive,246.0,0.11481088746732716,0.08491302735525966
ergo_adaptive,246.08333333333337,0.11586919160876444,0.08491467080813601
ergo_adaptive,246.16666666666663,0.1161395448590506,0.0848713937630096
ergo_adaptive,246.25,0.11693232816112863,0.08478160493308583
ergo_adaptive,246.33333333333337,0.11560411969649241,0.08466195889747567
ergo_adaptive,246.41666666666663,0.11577408928640574,0.0845260430189087
ergo_adaptive,246.5,0.11664989096145773,0.08438982619257643
ergo_adaptive,246.58333333333337,0.11588689558218417,0.08425611884059048
ergo_adaptive,246.66666666666663,0.11653391903718976,0.0841224602065643
ergo_adaptive,246.75,0.11726307338766256,0.08400554324796101
ergo_adaptive,246.83333333333337,0.11814141577492056,0.08393280320760418
ergo_adaptive,246.91666666666663,0.11850432937448092,0.08385736436337503
ergo_adaptive,247.0,0.11775124235709682,0.08371803234865552
ergo_adaptive,247.08333333333337,0.11803587256872468,0.08354961755611108
ergo_adaptive,247.16666666666663,0.1189546661978194,0.08339375464251035
ergo_adaptive,247.25,0.11774440308681348,0.08327885431877213
ergo_adaptive,247.33333333333337,0.11849252537297635,0.0832304813047471
ergo_adaptive,247.41666666666663,0.11908751188975386,0.08318283097521159
ergo_adaptive,247.5,0.119187654512259,0.08306411992757766
ergo_adaptive,247.58333333333337,0.1200942058628477,0.08291698840202863
ergo_adaptive,247.66666666666663,0.12154394138379006,0.0827821223340439
ergo_adaptive,247.75,0.12133568508870726,0.08267623183867127
ergo_adaptive,247.83333333333337,0.12052375209522118,0.08261544850939838
ergo_adaptive,247.91666666666663,0.12206580115982818,0.08257401951430965
ergo_adaptive,248.0,0.12156436157742474,0.08249229368885519
ergo_adaptive,248.08333333333337,0.12178904062064419,0.08238425998255713
ergo_adaptive,248.16666666666663,0.12190434543514321,0.08228719505811236
ergo_adaptive,248.25,0.12234891294289751,0.08221899279257613
ergo_adaptive,248.33333333333337,0.12369720620985293,0.08219093549599121
ergo_adaptive,248.41666666666663,0.12556915276588806,0.08218394101616815
ergo_adaptive,248.5,0.1257011665577936,0.08215602011074578
ergo_adaptive,248.58333333333337,0.1277693958294713,0.0821090424620455
ergo_adaptive,248.66666666666663,0.12956456734364397,0.08206910636097059
ergo_adaptive,248.75,0.12928876102104037,0.0820512881654106
ergo_adaptive,248.83333333333337,0.12928033364927174,0.08206956882871076
ergo_adaptive,248.91666666666663,0.1307571944299863,0.08211507919022183
ergo_adaptive,249.0,0.13163594477073953,0.08215790010472163
ergo_adaptive,249.08333333333337,0.13107767769152168,0.08219496763802521
ergo_adaptive,249.16666666666663,0.13174114091493547,0.08225144918580855
ergo_adaptive,249.25,0.13394167226613982,0.0823329956003287
ergo_adaptive,249.33333333333337,0.13538579532069592,0.08243473114008772
ergo_adaptive,249.41666666666663,0.13577594355229014,0.08255390848604885
ergo_adaptive,249.5,0.13682756175962477,0.08269260749386706
ergo_adaptive,249.58333333333337,0.13742598076079085,0.08285990186321107
ergo_adaptive,249.66666666666663,0.13780402016568968,0.08307126771559616
ergo_adaptive,249.75,0.12533272927444647,0.08329272087190148
ergo_adaptive,249.83333333333337,0.11499096739444253,0.08349530940986676
ergo_adaptive,249.91666666666663,0.1108777403215909,0.08368289529238707
ergo_adaptive,250.0,0.10819025206051254,0.08385181581327578
ergo_adaptive,250.08333333333337,0.10696600607814448,0.08408981530216317
ergo_adaptive,250.16666666666663,0.10557567026304689,0.0843495598774035
ergo_adaptive,250.25,0.10383749604693597,0.08459256193931473
ergo_adaptive,250.33333333333337,0.1021141606233997,0.08480388790136018
ergo_adaptive,250.41666666666663,0.09991186610160825,0.08498141481722549
ergo_adaptive,250.5,0.09728015712225198,0.08513602918852801
ergo_adaptive,250.58333333333337,0.09456378006797453,0.08528183412184946
ergo_adaptive,250.66666666666663,0.10052363547999985,0.08542369703694433
ergo_adaptive,250.75,0.10525542486756047,0.0855477184459586
ergo_adaptive,250.83333333333337,0.10860871686547612,0.08563973554340874
ergo_adaptive,250.91666666666663,0.10968975859075496,0.08571119088366495
ergo_adaptive,251.0,0.11014478968135938,0.08579605096327887
ergo_adaptive,251.08333333333337,0.11019733661539048,0.08584689743699336
ergo_adaptive,251.16666666666663,0.10991325233829967,0.08583492818970165
ergo_adaptive,251.25,0.10940372501779252,0.08577959092459479
ergo_adaptive,251.33333333333337,0.11014941489306988,0.08571887202544048
ergo_adaptive,251.41666666666663,0.11071846345705634,0.08566253176078414
ergo_adaptive,251.5,0.10994274110030819,0.08558319106878924
ergo_adaptive,251.58333333333337,0.11098313598099506,0.08548827231331686
ergo_adaptive,251.66666666666663,0.10961198559405588,0.08540065348082708
ergo_adaptive,251.75,0.10942612044411794,0.08533604873764683
ergo_adaptive,251.83333333333337,0.10932876642290436,0.08527262465153321
ergo_adaptive,251.91666666666663,0.10956208199828919,0.08520252629709182
ergo_adaptive,252.0,0.10982173662724358,0.08513898221980165
ergo_adaptive,252.08333333333337,0.11025918512325274,0.08509624151795069
ergo_adaptive,252.16666666666663,0.11014887833527366,0.08506052932386621
ergo_adaptive,252.25,0.1100162614886992,0.08500506927247684
ergo_adaptive,252.33333333333337,0.11004211354508106,0.08493510901914389
ergo_adaptive,252.41666666666663,0.11008793239217855,0.08487343891068372
ergo_adaptive,252.5,0.10990823770116229,0.08482201174264666
ergo_adaptive,252.58333333333337,0.11047144330952359,0.0847552240811572
ergo_adaptive,252.66666666666663,0.11058438479171834,0.08466529153152365
ergo_adaptive,252.75,0.11067849669449861,0.08457299213210082
ergo_adaptive,252.83333333333337,0.11043895613634143,0.08449277038246608
ergo_adaptive,252.91666666666663,0.10999273859364277,0.08441073526559616
ergo_adaptive,253.0,0.11029534262964326,0.08431630160168412
ergo_adaptive,253.08333333333337,0.11031022441337512,0.08422105770135094
ergo_adaptive,253.16666666666663,0.11058321471052178,0.0841495125311923
ergo_adaptive,253.25,0.11044325699847166,0.08409565424771454
ergo_adaptive,253.33333333333337,0.11100895576543388,0.08402772997839511
ergo_adaptive,253.41666666666663,0.11111382167530191,0.08394792232382149
ergo_adaptive,253.5,0.11135062849219063,0.08389434100284734
ergo_adaptive,253.58333333333337,0.11142921826773834,0.08387763994645567
ergo_adaptive,253.66666666666663,0.11121431410676677,0.08385437761671802
ergo_adaptive,253.75,0.11081177705806307,0.08381863664227589
ergo_adaptive,253.83333333333337,0.11084316103636409,0.08379767956481339
ergo_adaptive,253.91666666666663,0.11139078223271143,0.08380209122192088
ergo_adaptive,254.0,0.1108669268859764,0.08382562950656532
ergo_adaptive,254.08333333333337,0.11124134736009555,0.08383649438991146
ergo_adaptive,254.16666666666663,0.1113922402677021,0.0838196809684651
ergo_adaptive,254.25,0.11055867336034278,0.08379502380295657
ergo_adaptive,254.33333333333337,0.11173355647313624,0.0837853874460065
ergo_adaptive,254.41666666666663,0.1116001898575339,0.08376156132243606
ergo_adaptive,254.5,0.11272768727203596,0.0836891048122034
ergo_adaptive,254.58333333333337,0.11280526894545632,0.08358924100285868
ergo_adaptive,254.66666666666663,0.11170984233660446,0.08349585161846865
ergo_adaptive,254.75,0.11173118785072043,0.0833906145087104
ergo_adaptive,254.83333333333337,0.11170776627725351,0.08323681838565467
ergo_adaptive,254.91666666666663,0.11084197673369553,0.08303719302150363
ergo_adaptive,255.0,0.11073619194621549,0.0828324669145289
ergo_adaptive,255.08333333333337,0.10982558909340172,0.08282058826732043
ergo_adaptive,255.16666666666663,0.11062175027029068,0.08296341424319702
ergo_adaptive,255.25,0.11121253509905728,0.0831716100074061
ergo_adaptive,255.33333333333337,0.11191275838220383,0.08340576780722399
ergo_adaptive,255.41666666666663,0.11142478907803464,0.08363118434324365
ergo_adaptive,255.5,0.11181048637915429,0.08382875864674252
ergo_adaptive,255.58333333333337,0.11218799565157325,0.08401776678068971
ergo_adaptive,255.66666666666663,0.11270532226045946,0.08422608341168185
ergo_adaptive,255.75,0.11285900052895538,0.08442327350513444
ergo_adaptive,255.83333333333337,0.11297705597054704,0.08459130207595532
ergo_adaptive,255.91666666666663,0.11321285259195513,0.08473112778419807
ergo_adaptive,256.0,0.11348077553987188,0.08489659631252368
ergo_adaptive,256.08333333333337,0.11370783523428085,0.08505697717429614
ergo_adaptive,256.16666666666663,0.11373906091036447,0.08520611615209397
ergo_adaptive,256.25,0.11443264080850453,0.08537084237330694
ergo_adaptive,256.33333333333337,0.11395204781035698,0.0855431808581122
ergo_adaptive,256.41666666666663,0.1136420411274264,0.08569869715635647
ergo_adaptive,256.5,0.1141649188398274,0.08582833942849127
ergo_adaptive,256.58333333333337,0.11448860766582264,0.08597262861862187
ergo_adaptive,256.66666666666663,0.11362873075815286,0.08610031227294315
ergo_adaptive,256.75,0.1147475796886386,0.08619419765094062
ergo_adaptive,256.83333333333337,0.11467958969281541,0.08625584342000699
ergo_adaptive,256.91666666666663,0.11582433644882442,0.08627582813285396
ergo_adaptive,257.0,0.11549097325330292,0.08638478897517579
ergo_adaptive,257.08333333333337,0.11664681457376164,0.08654170304343332
ergo_adaptive,257.16666666666663,0.11729883558583507,0.08669752694810016
ergo_adaptive,257.25,0.11714562496822208,0.08683547762424319
ergo_adaptive,257.33333333333337,0.11796049580002796,0.0869624320716962
ergo_adaptive,257.41666666666663,0.11951551923627786,0.08707544144269176
ergo_adaptive,257.5,0.11911315133225873,0.08715180718303059
ergo_adaptive,257.58333333333337,0.11949752872584277,0.08719024665552746
ergo_adaptive,257.66666666666663,0.11868467973432023,0.08722553204458032
ergo_adaptive,257.75,0.11832228393489151,0.0872886936139612
ergo_adaptive,257.83333333333337,0.1189044828647903,0.08729251822776159
ergo_adaptive,257.91666666666663,0.1191771091094373,0.08721116664139943
ergo_adaptive,258.0,0.11893951224283277,0.0870884677499776
ergo_adaptive,258.08333333333337,0.11936344557721017,0.08697590520643089
ergo_adaptive,258.16666666666663,0.11952485787229576,0.08686725357013673
ergo_adaptive,258.25,0.11985168546543129,0.08673897406957749
ergo_adaptive,258.33333333333337,0.11906288085004553,0.08662158589777966
ergo_adaptive,258.41666666666663,0.119025691998021,0.08655677941257514
ergo_adaptive,258.5,0.11926512900204767,0.08661431184815375
ergo_adaptive,258.58333333333337,0.11944988166685166,0.08676390385197427
ergo_adaptive,258.66666666666663,0.12043086224776678,0.08693990756118357
ergo_adaptive,258.75,0.12014683283008964,0.08711984726479292
ergo_adaptive,258.83333333333337,0.12100472356958737,0.08728439803325984
ergo_adaptive,258.91666666666663,0.12072795705504653,0.08741012719701745
ergo_adaptive,259.0,0.1202346371456977,0.08750084762248717
ergo_adaptive,259.08333333333337,0.11987950485841825,0.08757680053184454
ergo_adaptive,259.16666666666663,0.12043222204446648,0.08765326180156602
ergo_adaptive,259.25,0.11984212061716941,0.08771010584456984
ergo_adaptive,259.33333333333337,0.12027627683639339,0.0877444116699869
ergo_adaptive,259.41666666666663,0.12090522119685627,0.08777066775921727
ergo_adaptive,259.5,0.12049235950255978,0.08780477415350257
ergo_adaptive,259.58333333333337,0.12124909778606667,0.08783898846877436
ergo_adaptive,259.66666666666663,0.12250485094602129,0.08786213844955736
ergo_adaptive,259.75,0.12277456128877999,0.08787331418555948
ergo_adaptive,259.83333333333337,0.12106871829073546,0.08786819782825103
ergo_adaptive,259.91666666666663,0.12037380572834534,0.08781979740183221
ergo_adaptive,260.0,0.12103728506910867,0.08770265774490973
ergo_adaptive,260.08333333333337,0.1211844362078042,0.08752226915569912
ergo_adaptive,260.16666666666663,0.12041460784408439,0.08744479966362223
ergo_adaptive,260.25,0.12096198363094482,0.08751288524830507
ergo_adaptive,260.33333333333337,0.12012246009745058,0.08764851767149802
ergo_adaptive,260.41666666666663,0.12084535822265663,0.08781673549315461
ergo_adaptive,260.5,0.1208873655143711,0.0879581077053083
ergo_adaptive,260.58333333333337,0.12023459980772543,0.0880519439782554
ergo_adaptive,260.66666666666663,0.12068229020509853,0.08811382540737388
ergo_adaptive,260.75,0.1202474127568414,0.08816231775767482
ergo_adaptive,260.83333333333337,0.12020513441874194,0.08821381993293569
ergo_adaptive,260.91666666666663,0.12077774764063902,0.08828763525460256
ergo_adaptive,261.0,0.12134386201686297,0.08836264198465824
ergo_adaptive,261.08333333333337,0.12166509834217334,0.08838198012757176
ergo_adaptive,261.16666666666663,0.12144790419674716,0.08835384396268284
ergo_adaptive,261.25,0.12221037621037137,0.08830449652628881
ergo_adaptive,261.33333333333337,0.12249964131721376,0.088259381491663
ergo_adaptive,261.41666666666663,0.12271856200197462,0.08824363282135138
ergo_adaptive,261.5,0.12288988359970184,0.08823027275149799
ergo_adaptive,261.58333333333337,0.12120390873025502,0.08816284402868099
ergo_adaptive,261.66666666666663,0.12131111804853736,0.08806260554761011
ergo_adaptive,261.75,0.1218674630090097,0.08796918805990205
ergo_adaptive,261.83333333333337,0.12229865374982109,0.0878994724593931
ergo_adaptive,261.91666666666663,0.12315658342345022,0.087859099966335
ergo_adaptive,262.0,0.12319885554574965,0.08784083198092603
ergo_adaptive,262.08333333333337,0.12406773546812562,0.08783035505607134
ergo_adaptive,262.16666666666663,0.12428299523527678,0.08783320579295367
ergo_adaptive,262.25,0.12438541269874658,0.08785989322947371
ergo_adaptive,262.33333333333337,0.12499661323818424,0.08789266740257716
ergo_adaptive,262.41666666666663,0.12468070234600082,0.0879119304478177
ergo_adaptive,262.5,0.12507881801181156,0.08792721217472399
ergo_adaptive,262.58333333333337,0.12402078577583908,0.08795398638114602
ergo_adaptive,262.66666666666663,0.12644712153171106,0.08801335807146528
ergo_adaptive,262.75,0.1262984907622972,0.08811375238314305
ergo_adaptive,262.83333333333337,0.125615466114944,0.08819467923091888
ergo_adaptive,262.91666666666663,0.12637037145606841,0.0882418954366303
ergo_adaptive,263.0,0.127675182565941,0.08829217805885012
ergo_adaptive,263.08333333333337,0.1279622211577314,0.08837129345709727
ergo_adaptive,263.16666666666663,0.12705657531976525,0.08846272412752028
ergo_adaptive,263.25,0.12610842613970766,0.088537732531793
ergo_adaptive,263.33333333333337,0.12653300144516724,0.08860830482658616
ergo_adaptive,263.41666666666663,0.12770917851252933,0.08869521164216955
ergo_adaptive,263.5,0.13061430706522797,0.08880288454739699
ergo_adaptive,263.58333333333337,0.13148834976496218,0.08891597297990282
ergo_adaptive,263.66666666666663,0.13306392299859227,0.08902299859062662
ergo_adaptive,263.75,0.1364791848287437,0.08913601937208712
ergo_adaptive,263.83333333333337,0.13939365407749044,0.08927000277510454
ergo_adaptive,263.91666666666663,0.12575009985698452,0.0894149745404609
ergo_adaptive,264.0,0.11889427080464757,0.08955834519886537
ergo_adaptive,264.08333333333337,0.11628125962785406,0.08973843076771407
ergo_adaptive,264.16666666666663,0.11586311122059743,0.08994325059098002
ergo_adaptive,264.25,0.1154293637767425,0.09015034088188417
ergo_adaptive,264.33333333333337,0.11460398175005057,0.09034986458803156
ergo_adaptive,264.41666666666663,0.11446951409898641,0.0905363586495328
ergo_adaptive,264.5,0.11365600583990532,0.09071286389959193
ergo_adaptive,264.58333333333337,0.11390267049792861,0.09092697796902781
ergo_adaptive,264.66666666666663,0.11502333971911528,0.09116645469322532
ergo_adaptive,264.75,0.11654967724819794,0.09140958923549324
ergo_adaptive,264.83333333333337,0.11710475687545088,0.09165006722505116
ergo_adaptive,264.91666666666663,0.11809862387652985,0.09188920075407318
ergo_adaptive,265.0,0.11818438625406166,0.09212703914369709
ergo_adaptive,265.08333333333337,0.1180598597479524,0.09236009353524915
ergo_adaptive,265.16666666666663,0.11917157378391804,0.09258720472491597
ergo_adaptive,265.25,0.12144313276405204,0.09281239671207474
ergo_adaptive,265.33333333333337,0.12209603642087824,0.09304089750542802
ergo_adaptive,265.41666666666663,0.12182972534003242,0.09326480986010581
ergo_adaptive,265.5,0.12241470625689586,0.09346699757953146
ergo_adaptive,265.58333333333337,0.1211691078712609,0.09365277759718126
ergo_adaptive,265.66666666666663,0.1207319365046605,0.09383251416025352
ergo_adaptive,265.75,0.12239602869713737,0.0940104550001731
ergo_adaptive,265.83333333333337,0.12117571179621757,0.09418925522696185
ergo_adaptive,265.91666666666663,0.11961234622216031,0.09437073151066923
ergo_adaptive,266.0,0.12242603348019708,0.0945316914254281
ergo_adaptive,266.08333333333337,0.1222837704784029,0.09466763604415072
ergo_adaptive,266.16666666666663,0.11975154996684481,0.09479250076148436
ergo_adaptive,266.25,0.11868867282497528,0.09491972607850863
ergo_adaptive,266.33333333333337,0.11993370700944327,0.09504992193818418
ergo_adaptive,266.41666666666663,0.1186739516267667,0.09517625969880456
ergo_adaptive,266.5,0.11769961727647,0.09528797523230148
ergo_adaptive,266.58333333333337,0.11849644553991215,0.0953941571696308
ergo_adaptive,266.66666666666663,0.11920571327832039,0.09549894967181091
ergo_adaptive,266.75,0.1192663284665959,0.09561365942985701
ergo_adaptive,266.83333333333337,0.11923940243447835,0.09572168233171229
ergo_adaptive,266.91666666666663,0.11999370107819847,0.09580555069640413
ergo_adaptive,267.0,0.12024192098566854,0.09589085436819789
ergo_adaptive,267.08333333333337,0.11718666528278966,0.09600035748422069
ergo_adaptive,267.16666666666663,0.11779175045399924,0.09614889003251877
ergo_adaptive,267.25,0.1167032809608704,0.09629636263846561
ergo_adaptive,267.33333333333337,0.117032700658582,0.09643114423158416
ergo_adaptive,267.41666666666663,0.11676709374942149,0.09655590998462484
ergo_adaptive,267.5,0.11681767065785914,0.09667687364110976
ergo_adaptive,267.58333333333337,0.11693292540299835,0.09679776720223592
ergo_adaptive,267.66666666666663,0.1163964054862901,0.09690553698186928
ergo_adaptive,267.75,0.11566648469808526,0.09699380119465392
ergo_adaptive,267.83333333333337,0.11635137073521887,0.09707732619061167
ergo_adaptive,267.91666666666663,0.11683224099806462,0.0971631668229164
ergo_adaptive,268.0,0.11731910742870373,0.0972314175225573
ergo_adaptive,268.08333333333337,0.1171033751422342,0.0972678987753648
ergo_adaptive,268.16666666666663,0.1165402116736179,0.09728111883293555
ergo_adaptive,268.25,0.11625654199773287,0.09728526744761781
ergo_adaptive,268.33333333333337,0.1160625691999335,0.09728051913994484
ergo_adaptive,268.41666666666663,0.11622569112713407,0.09725035132903469
ergo_adaptive,268.5,0.11418348362380314,0.09718465945817605
ergo_adaptive,268.58333333333337,0.11192523940560387,0.09709349268896648
ergo_adaptive,268.66666666666663,0.11125510624140358,0.0969967784035284
ergo_adaptive,268.75,0.10911633653066159,0.0968949054058586
ergo_adaptive,268.83333333333337,0.10631748300811637,0.0968061166390439
ergo_adaptive,268.91666666666663,0.10335633182312855,0.09673309346900388
ergo_adaptive,269.0,0.10235402114432998,0.09665235874355847
ergo_adaptive,269.08333333333337,0.10014617770688436,0.09655744179862412
ergo_adaptive,269.16666666666663,0.09981247603035551,0.09647012814289108
ergo_adaptive,269.25,0.09887320332123954,0.09641095753517129
ergo_adaptive,269.33333333333337,0.0984853179536823,0.09636103336105671
ergo_adaptive,269.41666666666663,0.09888059107892185,0.09629684798921272
ergo_adaptive,269.5,0.09928348302384822,0.09623750190134203
ergo_adaptive,269.58333333333337,0.09730898747471806,0.0962213069308503
ergo_adaptive,269.66666666666663,0.09779572794019811,0.09623591010408292
ergo_adaptive,269.75,0.0986016959854279,0.0962255253365672
ergo_adaptive,269.83333333333337,0.09692857221299904,0.09619909390845041
ergo_adaptive,269.91666666666663,0.09601933548536869,0.09618491978504173
ergo_adaptive,270.0,0.0923645962152509,0.09620222725882176
ergo_adaptive,270.08333333333337,0.09345825694432794,0.0962775211117059
ergo_adaptive,270.16666666666663,0.09322306818965925,0.09638595216607951
ergo_adaptive,270.25,0.09450529984173789,0.09646333683026127
ergo_adaptive,270.33333333333337,0.09492946881065538,0.09651709302970006
ergo_adaptive,270.41666666666663,0.09433099008422549,0.09656862797302854
ergo_adaptive,270.5,0.0939370913216833,0.0966335077107399
ergo_adaptive,270.58333333333337,0.09282932814164492,0.09672069607870964
ergo_adaptive,270.66666666666663,0.09248279775972774,0.0968216848899374
ergo_adaptive,270.75,0.0944732698916144,0.09691074705967179
ergo_adaptive,270.83333333333337,0.0952050872903636,0.09698327763987281
ergo_adaptive,270.91666666666663,0.09530395026892319,0.09705106233079501
ergo_adaptive,271.0,0.09438730784953232,0.09711986829170179
ergo_adaptive,271.08333333333337,0.09145782285614315,0.09719680148235402
ergo_adaptive,271.16666666666663,0.08997287870474492,0.09728957746723325
ergo_adaptive,271.25,0.09029511886784697,0.0973890966772278
ergo_adaptive,271.33333333333337,0.08959400968522153,0.09749120073233854
ergo_adaptive,271.41666666666663,0.09037422853701288,0.0976062738732181
ergo_adaptive,271.5,0.0893499932414325,0.09771959332766306
ergo_adaptive,271.58333333333337,0.09067089167736735,0.0978234372002809
ergo_adaptive,271.66666666666663,0.08950651706784313,0.09791707004642673
ergo_adaptive,271.75,0.0897366592873138,0.09800914935030522
ergo_adaptive,271.83333333333337,0.08897491345741643,0.09809939787012796
ergo_adaptive,271.91666666666663,0.08879480794621408,0.09819194050437006
ergo_adaptive,272.0,0.087355276481808,0.09827866232598842
ergo_adaptive,272.08333333333337,0.08566033880230862,0.09836572155121677
ergo_adaptive,272.16666666666663,0.08514286102930631,0.09847568922423858
ergo_adaptive,272.25,0.08548176492967792,0.09859712738313271
ergo_adaptive,272.33333333333337,0.086148922593521,0.09870299442060196
ergo_adaptive,272.41666666666663,0.08679879190426316,0.09878557259134872
ergo_adaptive,272.5,0.08480090248459961,0.09884775291645477
ergo_adaptive,272.58333333333337,0.08563252886849469,0.09891687207564105
ergo_adaptive,272.66666666666663,0.08466218144044393,0.09898449679459392
ergo_adaptive,272.75,0.08749781500618645,0.09906250140448432
ergo_adaptive,272.83333333333337,0.08667659329955797,0.09911632619738439
ergo_adaptive,272.91666666666663,0.08550108405651032,0.09915568959770693
ergo_adaptive,273.0,0.08495886247693524,0.09921052900777606
ergo_adaptive,273.08333333333337,0.08233629187678007,0.0992997837553772
ergo_adaptive,273.16666666666663,0.08247724071439223,0.099456167808806
ergo_adaptive,273.25,0.08125877454154766,0.09963017786438216
ergo_adaptive,273.33333333333337,0.08089468070515334,0.09980299733918227
ergo_adaptive,273.41666666666663,0.08238792692234169,0.09996964027846433
ergo_adaptive,273.5,0.08139213710159211,0.1001262352720528
ergo_adaptive,273.58333333333337,0.0799265491186684,0.10026874273308747
ergo_adaptive,273.66666666666663,0.08026792206226527,0.10039738692613971
ergo_adaptive,273.75,0.08149300131899538,0.10051445770078904
ergo_adaptive,273.83333333333337,0.0813532937497443,0.10062353601461589
ergo_adaptive,273.91666666666663,0.08169562761319098,0.10072926105770323
ergo_adaptive,274.0,0.08214089792366033,0.10082902148440553
ergo_adaptive,274.08333333333337,0.08150265301685325,0.10091872093774257
ergo_adaptive,274.16666666666663,0.08092174418989792,0.1010051029795121
ergo_adaptive,274.25,0.08003696985542164,0.10109775621318078
ergo_adaptive,274.33333333333337,0.07990101589166498,0.10119097434385074
ergo_adaptive,274.41666666666663,0.0803663294425235,0.10127692232461397
ergo_adaptive,274.5,0.08068805060334322,0.10135766951672018
ergo_adaptive,274.58333333333337,0.08073320321235389,0.10143779978165578
ergo_adaptive,274.66666666666663,0.08108726925760962,0.10152100324676037
ergo_adaptive,274.75,0.08187512448049988,0.10160730944661468
ergo_adaptive,274.83333333333337,0.08243178275280509,0.1016874378706882
ergo_adaptive,274.91666666666663,0.08288228746834282,0.10175759857015136
ergo_adaptive,275.0,0.08349717405728635,0.10182322256381719
ergo_adaptive,275.08333333333337,0.08419994363814903,0.10188354395075515
ergo_adaptive,275.16666666666663,0.0842958129698405,0.10193401557869644
ergo_adaptive,275.25,0.08319703454502479,0.10197679969781435
ergo_adaptive,275.33333333333337,0.08260830463363834,0.1020117084652367
ergo_adaptive,275.41666666666663,0.0822235174946064,0.1020376823736088
ergo_adaptive,275.5,0.08208710833367286,0.10206034343614463
ergo_adaptive,275.58333333333337,0.08165112399531986,0.10207720772767065
ergo_adaptive,275.66666666666663,0.08270338614989399,0.10208297956724974
ergo_adaptive,275.75,0.0822918250299014,0.10208328553602809
ergo_adaptive,275.83333333333337,0.08270487119345846,0.10207887783776337
ergo_adaptive,275.91666666666663,0.08301634843371293,0.10206113353134011
ergo_adaptive,276.0,0.08323819147324191,0.10202980586369532
ergo_adaptive,276.08333333333337,0.08347738516010608,0.10198740384657348
ergo_adaptive,276.16666666666663,0.08475108250598742,0.10194031825176308
ergo_adaptive,276.25,0.08575456786124748,0.10190703185518095
ergo_adaptive,276.33333333333337,0.08698797481312913,0.10187302587894517
ergo_adaptive,276.41666666666663,0.08610780114124897,0.10178493231840044
ergo_adaptive,276.5,0.08583645122803343,0.1016415635733361
ergo_adaptive,276.58333333333337,0.08588137456470496,0.1014662584557707
ergo_adaptive,276.66666666666663,0.0871503816513132,0.10128343921984834
ergo_adaptive,276.75,0.0851059169645989,0.10112107444653863
ergo_adaptive,276.83333333333337,0.08274246184247384,0.10095607883201749
ergo_adaptive,276.91666666666663,0.08066658524466336,0.10070058501195824
ergo_adaptive,277.0,0.07935784459037981,0.10036978595036493
ergo_adaptive,277.08333333333337,0.0767795055469626,0.10002681055373212
ergo_adaptive,277.16666666666663,0.08533917346754316,0.09970546042643871
ergo_adaptive,277.25,0.09559443699911672,0.0993914176186367
ergo_adaptive,277.33333333333337,0.09885248234795266,0.09907853767765704
ergo_adaptive,277.41666666666663,0.10109745397337577,0.09877950335037942
ergo_adaptive,277.5,0.10222450982508781,0.09851975758098075
ergo_adaptive,277.58333333333337,0.1029032018499409,0.09833927420335066
ergo_adaptive,277.66666666666663,0.10256397737730519,0.09815076638959956
ergo_adaptive,277.75,0.10201484173691856,0.09785852866582073
ergo_adaptive,277.83333333333337,0.10092461632606786,0.09751203738117929
ergo_adaptive,277.91666666666663,0.10015974383868019,0.09717248010736405
ergo_adaptive,278.0,0.09907821582942483,0.09686777725061523
ergo_adaptive,278.08333333333337,0.09899904767943889,0.0965933101983954
ergo_adaptive,278.16666666666663,0.09876567174634956,0.09632022381238886
ergo_adaptive,278.25,0.09821207672734229,0.09603954515673481
ergo_adaptive,278.33333333333337,0.09935160460700672,0.0957845003391418
ergo_adaptive,278.41666666666663,0.09961826893905715,0.0956069114991529
ergo_adaptive,278.5,0.09879037347817123,0.09538484715219915
ergo_adaptive,278.58333333333337,0.0990723815142851,0.09507730913373917
ergo_adaptive,278.66666666666663,0.09812385756393263,0.09474951325367548
ergo_adaptive,278.75,0.0978167722288069,0.0944605679783384
ergo_adaptive,278.83333333333337,0.09809936616882231,0.09420363288635276
ergo_adaptive,278.91666666666663,0.09838544240675179,0.09394356698921971
ergo_adaptive,279.0,0.09833745646080748,0.09368663054917249
ergo_adaptive,279.08333333333337,0.09745776859911866,0.09346203772485911
ergo_adaptive,279.16666666666663,0.0974252786454113,0.09327980998341821
ergo_adaptive,279.25,0.09748160626365537,0.09311940436758315
ergo_adaptive,279.33333333333337,0.09834336375862077,0.0929576654733969
ergo_adaptive,279.41666666666663,0.09798788886894738,0.09280574827713531
ergo_adaptive,279.5,0.0974286389371761,0.09269534345482278
ergo_adaptive,279.58333333333337,0.09809761695636611,0.09261711319431001
ergo_adaptive,279.66666666666663,0.09788514273089098,0.092505153837515
ergo_adaptive,279.75,0.0981271212797052,0.09236068541122741
ergo_adaptive,279.83333333333337,0.09810017539973462,0.09224340303074394
ergo_adaptive,279.91666666666663,0.09859762619386957,0.09218088431293243
ergo_adaptive,280.0,0.09870142390626689,0.09208392055284413
ergo_adaptive,280.08333333333337,0.0984464348254834,0.09193577521712243
ergo_adaptive,280.16666666666663,0.09849378023021786,0.09178591360542958
ergo_adaptive,280.25,0.09781275828045716,0.09167931982636904
ergo_adaptive,280.33333333333337,0.098672712490837,0.09159658163217095
ergo_adaptive,280.41666666666663,0.09847911781918985,0.09152719972243828
ergo_adaptive,280.5,0.09933229069087544,0.09145984996537496
ergo_adaptive,280.58333333333337,0.09933504639426488,0.09140979221338848
ergo_adaptive,280.66666666666663,0.09935837208250972,0.09139987571564259
ergo_adaptive,280.75,0.09896068115558082,0.09139408191233066
ergo_adaptive,280.83333333333337,0.09875291378064413,0.09138662573487528
ergo_adaptive,280.91666666666663,0.0985630660231656,0.09143835719831189
ergo_adaptive,281.0,0.09904180646606489,0.09158557958191223
ergo_adaptive,281.08333333333337,0.09940663425173209,0.09173719425653899
ergo_adaptive,281.16666666666663,0.09953266727129186,0.09186165750984629
ergo_adaptive,281.25,0.09973367007617637,0.09197937455888434
ergo_adaptive,281.33333333333337,0.10037649374761391,0.09210264155685847
ergo_adaptive,281.41666666666663,0.10010607286439294,0.09225059513226384
ergo_adaptive,281.5,0.10024039723408168,0.09238783445402393
ergo_adaptive,281.58333333333337,0.10073913687725818,0.09253708564036466
ergo_adaptive,281.66666666666663,0.10101019636613989,0.0926798256759596
ergo_adaptive,281.75,0.1005864715341336,0.09281075034564082
ergo_adaptive,281.83333333333337,0.10060681193076128,0.0929548101249445
ergo_adaptive,281.91666666666663,0.10153309479080215,0.09305310194940979
ergo_adaptive,282.0,0.10226383294743378,0.09312455605339975
ergo_adaptive,282.08333333333337,0.10285030164837375,0.0932057372099968
ergo_adaptive,282.16666666666663,0.10359992217352432,0.09329510471876515
ergo_adaptive,282.25,0.10304204156801565,0.09338987335946308
ergo_adaptive,282.33333333333337,0.10292483312629215,0.09348885527521039
ergo_adaptive,282.41666666666663,0.10327097627929852,0.09360383454520012
ergo_adaptive,282.5,0.10344736052017547,0.09372242940933895
ergo_adaptive,282.58333333333337,0.10379185680775521,0.09384080427647794
ergo_adaptive,282.66666666666663,0.10388775259213796,0.09395872183279508
ergo_adaptive,282.75,0.10436918991808998,0.094062541475663
ergo_adaptive,282.83333333333337,0.1050349088324701,0.09417881171255266
ergo_adaptive,282.91666666666663,0.10533149901222481,0.09429932716864359
ergo_adaptive,283.0,0.10561122130681116,0.09442254960451758
ergo_adaptive,283.08333333333337,0.10590371277377651,0.09454424767172634
ergo_adaptive,283.16666666666663,0.10583995720858584,0.09466406975285141
ergo_adaptive,283.25,0.10642005780879253,0.09478179868332826
ergo_adaptive,283.33333333333337,0.1065570403024315,0.09489736961161264
ergo_adaptive,283.41666666666663,0.10621786560072426,0.09501118690974147
ergo_adaptive,283.5,0.10705646433995512,0.09512279655118615
ergo_adaptive,283.58333333333337,0.10659232814986877,0.09523245829792543
ergo_adaptive,283.66666666666663,0.1070151317906753,0.09534010363419597
ergo_adaptive,283.75,0.10725818603563962,0.09544582051876355
ergo_adaptive,283.83333333333337,0.10662588820038968,0.09555011255935549
ergo_adaptive,283.91666666666663,0.10709584345132267,0.09565250353948246
ergo_adaptive,284.0,0.10779512178195001,0.0957537299309195
ergo_adaptive,284.08333333333337,0.10793228456349332,0.09585451132881395
ergo_adaptive,284.16666666666663,0.10789576424107118,0.09595443649878453
ergo_adaptive,284.25,0.10836028828704533,0.09605321901705868
ergo_adaptive,284.33333333333337,0.10833855467508817,0.09615134801048994
ergo_adaptive,284.41666666666663,0.10905044797609804,0.09624878054662951
ergo_adaptive,284.5,0.1087623644278291,0.09634561722261645
ergo_adaptive,284.58333333333337,0.10924127908951241,0.0964419836481653
ergo_adaptive,284.66666666666663,0.10935303016049527,0.09653771826943468
ergo_adaptive,284.75,0.10916289885668043,0.09663289493203996
ergo_adaptive,284.83333333333337,0.10998663754731536,0.09672745722019996
ergo_adaptive,284.91666666666663,0.10977110622574456,0.0968214295585985
ergo_adaptive,285.0,0.11067297417769457,0.09691472484249752
ergo_adaptive,285.08333333333337,0.11084706661604528,0.09700747285013654
ergo_adaptive,285.16666666666663,0.11067250531054351,0.09709981859901624
ergo_adaptive,285.25,0.10973349080842458,0.09719180391226395
ergo_adaptive,285.33333333333337,0.110928266286765,0.09728305332747644
ergo_adaptive,285.41666666666663,0.10991351034640148,0.09737361738798313
ergo_adaptive,285.5,0.1103200383851767,0.09746352770599014
ergo_adaptive,285.58333333333337,0.1106340245136972,0.09755265327601231
ergo_adaptive,285.66666666666663,0.11106033677264762,0.09764103795996265
ergo_adaptive,285.75,0.11198179010817975,0.09772879835449595
ergo_adaptive,285.83333333333337,0.1118640729598901,0.09781619875079577
ergo_adaptive,285.91666666666663,0.11242655848563674,0.09790347803633086
ergo_adaptive,286.0,0.11297306734209278,0.09799073590835353
ergo_adaptive,286.08333333333337,0.11262050037225942,0.09807795519035291
ergo_adaptive,286.16666666666663,0.11323094536551385,0.09816477344084336
ergo_adaptive,286.25,0.11256433640592853,0.09825117908694045
ergo_adaptive,286.33333333333337,0.11299676171012214,0.09833695814637834
ergo_adaptive,286.41666666666663,0.11330884111576747,0.09842212270374041
ergo_adaptive,286.5,0.11365006685844332,0.09850679915647961
ergo_adaptive,286.58333333333337,0.11396833291491776,0.09859112371177921
ergo_adaptive,286.66666666666663,0.11390411913413083,0.09867507014404171
ergo_adaptive,286.75,0.11443048687585208,0.09875849400104358
ergo_adaptive,286.83333333333337,0.1145044795105204,0.09884155947240218
ergo_adaptive,286.91666666666663,0.11467836830387351,0.0989244176186345
ergo_adaptive,287.0,0.11494487683706964,0.09900701278788542
ergo_adaptive,287.08333333333337,0.11465142648106412,0.09908933685964852
ergo_adaptive,287.16666666666663,0.1141639565226779,0.09917134743286768
ergo_adaptive,287.25,0.11466301586206058,0.09925284363634115
ergo_adaptive,287.33333333333337,0.11551770633689612,0.09933410724705793
ergo_adaptive,287.41666666666663,0.11587769837000401,0.0994153879001955
ergo_adaptive,287.5,0.11622046927720855,0.09949645107076538
ergo_adaptive,287.58333333333337,0.11577772214071816,0.09957729845487179
ergo_adaptive,287.66666666666663,0.11641285381630383,0.09965780649949382
ergo_adaptive,287.75,0.11703906873555008,0.099738053948064
ergo_adaptive,287.83333333333337,0.11751301902215659,0.09981806735097516
ergo_adaptive,287.91666666666663,0.11729278953027424,0.09989791136004425
ergo_adaptive,288.0,0.11685471669724846,0.09997731316674623
ergo_adaptive,288.08333333333337,0.11624703294182408,0.10005615244492595
ergo_adaptive,288.16666666666663,0.11537970485515049,0.10013423709004439
ergo_adaptive,288.25,0.11582483018643153,0.10021147632467815
ergo_adaptive,288.33333333333337,0.11586002246895988,0.1002881790133798
ergo_adaptive,288.41666666666663,0.11637143047095055,0.10036424822974412
ergo_adaptive,288.5,0.11642015568011865,0.10043988175861349
ergo_adaptive,288.58333333333337,0.11787839797078294,0.10051528643723578
ergo_adaptive,288.66666666666663,0.11825816199430086,0.10059083049132911
ergo_adaptive,288.75,0.11851863276929589,0.10066667748724092
ergo_adaptive,288.83333333333337,0.1178918506831425,0.10074225443628367
ergo_adaptive,288.91666666666663,0.1185206230652651,0.10081732340857992
ergo_adaptive,289.0,0.11881829207592927,0.10089218848570085
ergo_adaptive,289.08333333333337,0.11911948275575208,0.10096702424189331
ergo_adaptive,289.16666666666663,0.12010935204963692,0.10104158267589222
ergo_adaptive,289.25,0.1204901021204441,0.10111597711161069
ergo_adaptive,289.33333333333337,0.12004084934078975,0.10119028804145967
ergo_adaptive,289.41666666666663,0.11955625422916329,0.10126436001455107
ergo_adaptive,289.5,0.12012306303146489,0.10133768673351176
ergo_adaptive,289.58333333333337,0.12124174558731926,0.10141033004509721
ergo_adaptive,289.66666666666663,0.1217712857849375,0.10148283475830719
ergo_adaptive,289.75,0.12164444024829736,0.10155540211038203
ergo_adaptive,289.83333333333337,0.12237795598176955,0.10162769325414536
ergo_adaptive,289.91666666666663,0.12274229322907616,0.101699746132051
ergo_adaptive,290.0,0.12221499334982042,0.10177166551651934
ergo_adaptive,290.08333333333337,0.12343065234634616,0.10184323319353562
ergo_adaptive,290.16666666666663,0.12327546060548189,0.10191448526852889
ergo_adaptive,290.25,0.12340852096901099,0.10198536394042142
ergo_adaptive,290.33333333333337,0.12329511784145636,0.1020558853835707
ergo_adaptive,290.41666666666663,0.12355493747064919,0.10212591301527937
ergo_adaptive,290.5,0.12418241552008448,0.10219559532479794
ergo_adaptive,290.58333333333337,0.12432654601396004,0.10226510050246028
ergo_adaptive,290.66666666666663,0.1239567231210772,0.10233450981547648
ergo_adaptive,290.75,0.12466914190302242,0.10240354057903743
ergo_adaptive,290.83333333333337,0.12410063138813247,0.1024723086831123
ergo_adaptive,290.91666666666663,0.12421946100863332,0.10254103495459532
ergo_adaptive,291.0,0.12420746656331591,0.10260956689148837
ergo_adaptive,291.08333333333337,0.12589177015966985,0.10267785218811343
ergo_adaptive,291.16666666666663,0.12565326373091695,0.10274642698826479
ergo_adaptive,291.25,0.12560804956059776,0.10281486426145064
ergo_adaptive,291.33333333333337,0.12663597887385147,0.1028829211772515
ergo_adaptive,291.41666666666663,0.12716848524596602,0.10295081855328365
ergo_adaptive,291.5,0.12724530153231628,0.10301862966040697
ergo_adaptive,291.58333333333337,0.12763338263752821,0.10308611228271201
ergo_adaptive,291.66666666666663,0.12666291873694685,0.10315316412115054
ergo_adaptive,291.75,0.12632727002326832,0.10321961672305002
ergo_adaptive,291.83333333333337,0.12652375232441618,0.10328541316192279
ergo_adaptive,291.91666666666663,0.12680122620820197,0.10335088192404406
ergo_adaptive,292.0,0.126385011940445,0.10341649807379084
ergo_adaptive,292.08333333333337,0.12642850885872609,0.10348195597706956
ergo_adaptive,292.16666666666663,0.12613462694073083,0.10354686113157409
ergo_adaptive,292.25,0.1262655647220741,0.1036112936658808
ergo_adaptive,292.33333333333337,0.1266923193238785,0.1036755612618858
ergo_adaptive,292.41666666666663,0.1265766466499687,0.10373966778548267
ergo_adaptive,292.5,0.12682733558649809,0.10380334505377277
ergo_adaptive,292.58333333333337,0.12735194570834593,0.10386648321462721
ergo_adaptive,292.66666666666663,0.12753034186451778,0.10392950903818039
ergo_adaptive,292.75,0.12749711733327118,0.1039924744841769
ergo_adaptive,292.83333333333337,0.1282054949710398,0.10405537325378676
ergo_adaptive,292.91666666666663,0.12904150022797095,0.10411813247517103
ergo_adaptive,293.0,0.1299424879534296,0.10418101148678283
ergo_adaptive,293.08333333333337,0.1294659855314969,0.10424413903044391
ergo_adaptive,293.16666666666663,0.12953571588781118,0.10430734605458669
ergo_adaptive,293.25,0.12980838183502272,0.10437021105129667
ergo_adaptive,293.33333333333337,0.12872151109860003,0.10443306286191466
ergo_adaptive,293.41666666666663,0.12892252929596007,0.10449544789295971
ergo_adaptive,293.5,0.12963188386067198,0.10455741207746726
ergo_adaptive,293.58333333333337,0.1300881296067364,0.1046190787182718
ergo_adaptive,293.66666666666663,0.13141268595234556,0.10468058556276978
ergo_adaptive,293.75,0.13199497314880132,0.1047419979474383
ergo_adaptive,293.83333333333337,0.13155888318694695,0.10480333482627482
ergo_adaptive,293.91666666666663,0.13228982015309187,0.10486440177096994
ergo_adaptive,294.0,0.13278614256538168,0.1049252853961717
ergo_adaptive,294.08333333333337,0.133261189963963,0.1049861557369786
ergo_adaptive,294.16666666666663,0.13324237305758937,0.10504696354669232
ergo_adaptive,294.25,0.1328339620006312,0.10510752118208253
ergo_adaptive,294.33333333333337,0.13385641062189088,0.10516775569993947
ergo_adaptive,294.41666666666663,0.13443756889445946,0.10522783059482343
ergo_adaptive,294.5,0.13428322759960953,0.10528781065681021
ergo_adaptive,294.58333333333337,0.13439668665840565,0.10534764409530012
ergo_adaptive,294.66666666666663,0.13397093970929339,0.10540712642907538
ergo_adaptive,294.75,0.1343092395499372,0.1054661875114038
ergo_adaptive,294.83333333333337,0.1345785009155416,0.10552490244835598
ergo_adaptive,294.91666666666663,0.13420172348937504,0.10558313978528192
ergo_adaptive,295.0,0.13397262288608902,0.1056412178392313
ergo_adaptive,295.08333333333337,0.1345579286982018,0.10569902378637597
ergo_adaptive,295.16666666666663,0.1346104217259901,0.10575655898159445
ergo_adaptive,295.25,0.13539028838575473,0.10581386526752426
ergo_adaptive,295.33333333333337,0.13553988757816915,0.10587089205727626
ergo_adaptive,295.41666666666663,0.13586724390637878,0.10592759622155863
ergo_adaptive,295.5,0.13507563403423495,0.1059840538648212
ergo_adaptive,295.58333333333337,0.13553065909950598,0.10604041849768506
ergo_adaptive,295.66666666666663,0.13507054175091698,0.1060966360929177
ergo_adaptive,295.75,0.1353313213633896,0.10615257922808638
ergo_adaptive,295.83333333333337,0.13579770552688564,0.10620813700140612
ergo_adaptive,295.91666666666663,0.13648659408650038,0.10626338291041917
ergo_adaptive,296.0,0.13652110722280966,0.10631845639154938
ergo_adaptive,296.08333333333337,0.1361827068156297,0.10637344985169084
ergo_adaptive,296.16666666666663,0.13677520253300401,0.10642820212107373
ergo_adaptive,296.25,0.13712168372255157,0.10648273557514287
ergo_adaptive,296.33333333333337,0.13691381893356677,0.10653708229957012
ergo_adaptive,296.41666666666663,0.13662408732716158,0.10659115500924632
ergo_adaptive,296.5,0.13658196810716638,0.10664496498198485
ergo_adaptive,296.58333333333337,0.1361453288627091,0.10669847782354153
ergo_adaptive,296.66666666666663,0.13749076229411009,0.10675164551953811
ergo_adaptive,296.75,0.13693439797849483,0.10680490583613585
ergo_adaptive,296.83333333333337,0.13507560602317567,0.10685819830049027
ergo_adaptive,296.91666666666663,0.13577492332781607,0.10691113475228739
ergo_adaptive,297.0,0.13681989907172687,0.10696378646722869
ergo_adaptive,297.08333333333337,0.13593509738942727,0.1070162435371161
ergo_adaptive,297.16666666666663,0.13752980497982997,0.10706853704623345
ergo_adaptive,297.25,0.138551316007812,0.10712061668981099
ergo_adaptive,297.33333333333337,0.13830124285825582,0.10717243791953761
ergo_adaptive,297.41666666666663,0.1397500452662496,0.10722396757077594
ergo_adaptive,297.5,0.1403050386588087,0.1072752841023743
ergo_adaptive,297.58333333333337,0.14133528120468675,0.10732634618312165
ergo_adaptive,297.66666666666663,0.1414468198075099,0.10737719561133226
ergo_adaptive,297.75,0.14081262419015675,0.10742788362632413
ergo_adaptive,297.83333333333337,0.14082639246044065,0.10747832838110839
ergo_adaptive,297.91666666666663,0.1412062220703542,0.10752857604979388
ergo_adaptive,298.0,0.14103353858736523,0.10757876688034834
ergo_adaptive,298.08333333333337,0.14110336182398592,0.10762877697588362
ergo_adaptive,298.16666666666663,0.14000241833467256,0.10767853417172463
ergo_adaptive,298.25,0.1395695251944252,0.10772807223564504
ergo_adaptive,298.33333333333337,0.13985296133126668,0.10777758754281688
ergo_adaptive,298.41666666666663,0.13990286280301145,0.10782687625022126
ergo_adaptive,298.5,0.14074017618742737,0.10787574214193471
ergo_adaptive,298.58333333333337,0.14106051418948437,0.10792427352383163
ergo_adaptive,298.66666666666663,0.14113892725089305,0.10797244132687292
ergo_adaptive,298.75,0.14133333634549344,0.10802105181518903
ergo_adaptive,298.83333333333337,0.14096507293639496,0.10806888489425732
ergo_adaptive,298.91666666666663,0.14085665228542937,0.10811703610340709
ergo_adaptive,299.0,0.14124124130351434,0.1081628178050598
ergo_adaptive,299.08333333333337,0.14117281235961757,0.10820879902269327
ergo_adaptive,299.16666666666663,0.14220368389527643,0.10827199312435817
ergo_adaptive,299.25,0.14275024165012298,0.10831748503797303
ergo_adaptive,299.33333333333337,0.14233169135436943,0.10834190695460859
ergo_adaptive,299.41666666666663,0.1424099358161767,0.10831342890426615
ergo_adaptive,299.5,0.14225694026686875,0.10823654642469861
ergo_adaptive,299.58333333333337,0.14112202497248094,0.10809054748648678
ergo_adaptive,299.66666666666663,0.14110809603407848,0.10786657316131393
ergo_adaptive,299.75,0.14123139465657716,0.10760787815701611
ergo_adaptive,299.83333333333337,0.14231791625688986,0.1073744001987133
ergo_adaptive,299.91666666666663,0.14095987161973716,0.10716808809130612
ergo_adaptive,300.0,0.14010350989912096,0.10693601949993115
ergo_adaptive,300.08333333333337,0.14242006185491052,0.10667508223871998
ergo_adaptive,300.16666666666663,0.14237683656438183,0.10643540941023227
ergo_adaptive,300.25,0.14360268732831766,0.10624249914432989
ergo_adaptive,300.33333333333337,0.1440339175003843,0.10604024549874483
ergo_adaptive,300.41666666666663,0.1435817868070125,0.10579393239786725
ergo_adaptive,300.5,0.14221223211803882,0.1055569318708717
ergo_adaptive,300.58333333333337,0.14279623653012088,0.1053826005596386
ergo_adaptive,300.66666666666663,0.14317282866390668,0.10522465843647845
ergo_adaptive,300.75,0.1416172414961432,0.10501568918912169
ergo_adaptive,300.83333333333337,0.1405734050273657,0.104798980540658
ergo_adaptive,300.91666666666663,0.14112007547004704,0.10463987114001497
ergo_adaptive,301.0,0.1410097012625993,0.10452602657241004
ergo_adaptive,301.08333333333337,0.14334632740454634,0.10437712539890752
ergo_adaptive,301.16666666666663,0.14376749867411528,0.10420356956003272
ergo_adaptive,301.25,0.1425660686665052,0.10406276750959194
ergo_adaptive,301.33333333333337,0.143500617763281,0.10398391385692995
ergo_adaptive,301.41666666666663,0.14371758284522096,0.10389561941845848
ergo_adaptive,301.5,0.1432673990294633,0.10377773504439829
ergo_adaptive,301.58333333333337,0.1441266319533884,0.10367856552781655
ergo_adaptive,301.66666666666663,0.1435136830564589,0.10363629260859322
ergo_adaptive,301.75,0.1427268056372331,0.10361766511482648
ergo_adaptive,301.83333333333337,0.14567265140791225,0.10357682821801624
ergo_adaptive,301.91666666666663,0.14528985324783364,0.10353893287266032
ergo_adaptive,302.0,0.14462355441155256,0.10354205656197879
ergo_adaptive,302.08333333333337,0.1452190463938823,0.10358615551753922
ergo_adaptive,302.16666666666663,0.1465808775806079,0.10362140064609134
ergo_adaptive,302.25,0.14888808719415852,0.10365217861549493
ergo_adaptive,302.33333333333337,0.15077022061979412,0.10370518256595393
ergo_adaptive,302.41666666666663,0.1428947794394374,0.10379763978820086
ergo_adaptive,302.5,0.12919434641760627,0.10390429812337951
ergo_adaptive,302.58333333333337,0.12244697831603434,0.10405924874775345
ergo_adaptive,302.66666666666663,0.12630132392567703,0.10422622726647587
ergo_adaptive,302.75,0.12877778050114433,0.10437381240330948
ergo_adaptive,302.83333333333337,0.1310582527187189,0.10449451431548572
ergo_adaptive,302.91666666666663,0.13139125930545986,0.10459421391528811
ergo_adaptive,303.0,0.13094284887682764,0.10467818002967175
ergo_adaptive,303.08333333333337,0.13048507507695936,0.10473808111647843
ergo_adaptive,303.16666666666663,0.130088487040305,0.10476695918846864
ergo_adaptive,303.25,0.13068541107620055,0.10477377456103361
ergo_adaptive,303.33333333333337,0.13029208091480748,0.10477879083959202
ergo_adaptive,303.41666666666663,0.1308125479885765,0.1047751298616948
ergo_adaptive,303.5,0.1300855336061689,0.10474751577140669
ergo_adaptive,303.58333333333337,0.1298814100870333,0.10470131280794968
ergo_adaptive,303.66666666666663,0.12996270226811862,0.10466090776787984
ergo_adaptive,303.75,0.12923876995334918,0.10463190945079956
ergo_adaptive,303.83333333333337,0.13016588022296205,0.10458554397234024
ergo_adaptive,303.91666666666663,0.13036504354955958,0.1045207350333485
ergo_adaptive,304.0,0.1300700182526119,0.10446207979220633
ergo_adaptive,304.08333333333337,0.13112192123347066,0.10443039719171726
ergo_adaptive,304.16666666666663,0.13123126093149504,0.1043940979124827
ergo_adaptive,304.25,0.13233535861518894,0.10433988156308618
ergo_adaptive,304.33333333333337,0.13162182693088476,0.10428265073676854
ergo_adaptive,304.41666666666663,0.13171761290408382,0.10424718457439447
ergo_adaptive,304.5,0.1313148577614286,0.10422161245022533
ergo_adaptive,304.58333333333337,0.1320766294953869,0.10419271812560918
ergo_adaptive,304.66666666666663,0.13206278754545317,0.10420121345698398
ergo_adaptive,304.75,0.133032635191765,0.1042715841433373
ergo_adaptive,304.83333333333337,0.1327360382690309,0.10436154588593267
ergo_adaptive,304.91666666666663,0.13245346256401763,0.1044660599720037
ergo_adaptive,305.0,0.13366556490157983,0.10457598812395753
ergo_adaptive,305.08333333333337,0.1335972294237823,0.1046882583753365
ergo_adaptive,305.16666666666663,0.13311080668805403,0.10479482894973853
ergo_adaptive,305.25,0.13364379169766316,0.10489149600190753
ergo_adaptive,305.33333333333337,0.13321257068272307,0.10498716519153298
ergo_adaptive,305.41666666666663,0.13385865179098647,0.10507786259089492
ergo_adaptive,305.5,0.13464627868729406,0.1051669822935382
ergo_adaptive,305.58333333333337,0.13473204730712313,0.10524987277644518
ergo_adaptive,305.66666666666663,0.1356793598513931,0.10531862868075478
ergo_adaptive,305.75,0.13568981890192253,0.10538171347577767
ergo_adaptive,305.83333333333337,0.13607547095723807,0.10544157641378439
ergo_adaptive,305.91666666666663,0.13575963942322886,0.1054949353397961
ergo_adaptive,306.0,0.13627723196489505,0.10553910664885725
ergo_adaptive,306.08333333333337,0.1350545120063099,0.10558292273671946
ergo_adaptive,306.16666666666663,0.13656562730849936,0.10565486493729424
ergo_adaptive,306.25,0.1365585923756307,0.10573754825844485
ergo_adaptive,306.33333333333337,0.13723870064158022,0.10582423192071799
ergo_adaptive,306.41666666666663,0.13780209919800335,0.10591088850013407
ergo_adaptive,306.5,0.13837078490027002,0.10599359224035136
ergo_adaptive,306.58333333333337,0.13874683561755727,0.1060620446260076
ergo_adaptive,306.66666666666663,0.13858946437143171,0.10611464668562198
ergo_adaptive,306.75,0.1380282744071598,0.10616119702854643
ergo_adaptive,306.83333333333337,0.13821102597035131,0.10624018804297043
ergo_adaptive,306.91666666666663,0.13772527416363456,0.1063306228172371
ergo_adaptive,307.0,0.13697824393526228,0.10641535671306705
ergo_adaptive,307.08333333333337,0.13727753079802005,0.10648120510431888
ergo_adaptive,307.16666666666663,0.13856962584636268,0.10652252621097888
ergo_adaptive,307.25,0.13741326019180602,0.10654447991692571
ergo_adaptive,307.33333333333337,0.13868688773162258,0.10654500613351561
ergo_adaptive,307.41666666666663,0.13831462714384332,0.106541958209834
ergo_adaptive,307.5,0.13920776023387843,0.10653020234573135
ergo_adaptive,307.58333333333337,0.13994086684738308,0.10650396730959587
ergo_adaptive,307.66666666666663,0.13879411199085318,0.10646251995817116
ergo_adaptive,307.75,0.13826391620565154,0.106413208550774
ergo_adaptive,307.83333333333337,0.13774341561756295,0.10640913421555669
ergo_adaptive,307.91666666666663,0.13745950167931092,0.10645968558282828
ergo_adaptive,308.0,0.13820213522866817,0.10653524107917503
ergo_adaptive,308.08333333333337,0.13859894052275976,0.10661967033289423
ergo_adaptive,308.16666666666663,0.13886405955377876,0.1067071503273419
ergo_adaptive,308.25,0.13955743503960744,0.10679141398023909
ergo_adaptive,308.33333333333337,0.13910960770886432,0.1068647843626395
ergo_adaptive,308.41666666666663,0.13838387589437057,0.10692638938719645
ergo_adaptive,308.5,0.13835386660623514,0.10697977082411016
ergo_adaptive,308.58333333333337,0.13801347992751314,0.10702757696114941
ergo_adaptive,308.66666666666663,0.13926370272537128,0.10706652547359648
ergo_adaptive,308.75,0.1405438701860306,0.1070953844248621
ergo_adaptive,308.83333333333337,0.13967856751787688,0.10712091782070682
ergo_adaptive,308.91666666666663,0.13943785633214453,0.10715324767215291
ergo_adaptive,309.0,0.1392151057023701,0.10719112315528398
ergo_adaptive,309.08333333333337,0.14159977835448967,0.10723106995597005
ergo_adaptive,309.16666666666663,0.1417212384701551,0.10727371539896627
ergo_adaptive,309.25,0.14154455832463975,0.10732765841104314
ergo_adaptive,309.33333333333337,0.14227187684201534,0.10739199268273043
ergo_adaptive,309.41666666666663,0.14526662115770947,0.10745643183320755
ergo_adaptive,309.5,0.14647172892557478,0.1075149991717716
ergo_adaptive,309.58333333333337,0.14917681281576123,0.10757207497446654
ergo_adaptive,309.66666666666663,0.1444677806749696,0.10762530798916381
ergo_adaptive,309.75,0.13202645244865885,0.1076843223341236
ergo_adaptive,309.83333333333337,0.12415987667640654,0.10779555414118722
ergo_adaptive,309.91666666666663,0.12935601688023962,0.10791565201157345
ergo_adaptive,310.0,0.13246760135469313,0.10801937739507625
ergo_adaptive,310.08333333333337,0.13305818567461855,0.1080970544886706
ergo_adaptive,310.16666666666663,0.1337896378338973,0.10814659728952894
ergo_adaptive,310.25,0.1345555242069905,0.10817299966599486
ergo_adaptive,310.33333333333337,0.13366906864409542,0.10817864012195888
ergo_adaptive,310.41666666666663,0.1324325296486006,0.10815912657579836
ergo_adaptive,310.5,0.13186500349813654,0.10811556210971351
ergo_adaptive,310.58333333333337,0.1318485965501663,0.10806403663207542
ergo_adaptive,310.66666666666663,0.13076791948599847,0.1080152649926024
ergo_adaptive,310.75,0.13150956659486837,0.10795124161739353
ergo_adaptive,310.83333333333337,0.13254435716758936,0.10786836133566523
ergo_adaptive,310.91666666666663,0.13197248347539275,0.10778976651448595
ergo_adaptive,311.0,0.13310874805936776,0.10773543501770425
ergo_adaptive,311.08333333333337,0.1316826325688253,0.1076734274414062
ergo_adaptive,311.16666666666663,0.13195607827967673,0.10758739677735969
ergo_adaptive,311.25,0.13234871184822444,0.10749922469654162
ergo_adaptive,311.33333333333337,0.1333930397299632,0.10744033532129685
ergo_adaptive,311.41666666666663,0.13338913914633127,0.10737675602258664
ergo_adaptive,311.5,0.1341633040667429,0.10727586378709106
ergo_adaptive,311.58333333333337,0.13388238654731827,0.107151818782768
ergo_adaptive,311.66666666666663,0.1342571438857411,0.10704364348389556
ergo_adaptive,311.75,0.13443978672986648,0.10693321377541347
ergo_adaptive,311.83333333333337,0.13468626485550222,0.10677500669422157
ergo_adaptive,311.91666666666663,0.1342678763315183,0.10658857931594726
ergo_adaptive,312.0,0.13312157524385074,0.10643013355376497
ergo_adaptive,312.08333333333337,0.1330346031402294,0.10635113509555157
ergo_adaptive,312.16666666666663,0.13404396283433745,0.10627129862622572
ergo_adaptive,312.25,0.13356205182460207,0.10615198817046033
ergo_adaptive,312.33333333333337,0.13429765463742094,0.10603646799315551
ergo_adaptive,312.41666666666663,0.13399635564501716,0.10595326932780331
ergo_adaptive,312.5,0.13367312807616893,0.10594419742832888
ergo_adaptive,312.58333333333337,0.13268869412456097,0.10601666877654323
ergo_adaptive,312.66666666666663,0.13281079564899936,0.1061138582742891
ergo_adaptive,312.75,0.13171438119416987,0.10621435125182471
ergo_adaptive,312.83333333333337,0.13196974055635768,0.10631334849915007
ergo_adaptive,312.91666666666663,0.13227683958724007,0.1064048298781096
ergo_adaptive,313.0,0.1329600381881018,0.10648021368477015
ergo_adaptive,313.08333333333337,0.1334308154260083,0.10653965717664607
ergo_adaptive,313.16666666666663,0.13384025509529424,0.10659125265173111
ergo_adaptive,313.25,0.1338645653979624,0.10664133389736036
ergo_adaptive,313.33333333333337,0.13476931094176478,0.10668821241674807
ergo_adaptive,313.41666666666663,0.13503349403227408,0.10672872385762881
ergo_adaptive,313.5,0.13478309797479068,0.10676647090811782
ergo_adaptive,313.58333333333337,0.13497994037934014,0.10680714490640464
ergo_adaptive,313.66666666666663,0.13417296596287395,0.10684717945215294
ergo_adaptive,313.75,0.13435081164895527,0.10688263809775528
ergo_adaptive,313.83333333333337,0.13527733478827456,0.10691411772638684
ergo_adaptive,313.91666666666663,0.13429911517025855,0.10694590088063431
ergo_adaptive,314.0,0.1332358588021588,0.1069816921969785
ergo_adaptive,314.08333333333337,0.13430348711983733,0.10701943851716364
ergo_adaptive,314.16666666666663,0.1344690792130039,0.1070542885102404
ergo_adaptive,314.25,0.13496967504990254,0.10709109114862245
ergo_adaptive,314.33333333333337,0.13493870479118455,0.10713454575931813
ergo_adaptive,314.41666666666663,0.13559692876811322,0.10718151417747901
ergo_adaptive,314.5,0.13490505550455575,0.10722853674185857
ergo_adaptive,314.58333333333337,0.13437196472259505,0.10728150584823588
ergo_adaptive,314.66666666666663,0.1346242685607861,0.10734784695903711
ergo_adaptive,314.75,0.13650057541466334,0.10742330613205475
ergo_adaptive,314.83333333333337,0.13842751174950121,0.1074967320139161
ergo_adaptive,314.91666666666663,0.1421281426828547,0.10756434746362042
ergo_adaptive,315.0,0.14438013989867593,0.10762422483526962
ergo_adaptive,315.08333333333337,0.1374524176594279,0.10767226637674789
ergo_adaptive,315.16666666666663,0.12612084148669503,0.1077245201433505
ergo_adaptive,315.25,0.1203764366015258,0.10783663924830604
ergo_adaptive,315.33333333333337,0.11955162590920704,0.10796503863814687
ergo_adaptive,315.41666666666663,0.12322670388675686,0.10808073738518646
ergo_adaptive,315.5,0.12589021534558323,0.10816889355261737
ergo_adaptive,315.58333333333337,0.12739486438013117,0.10822495719200041
ergo_adaptive,315.66666666666663,0.12601809584960016,0.10825365860352358
ergo_adaptive,315.75,0.12532499970783886,0.10826130338006643
ergo_adaptive,315.83333333333337,0.1265310831297858,0.10824618371803645
ergo_adaptive,315.91666666666663,0.12723870945846114,0.10820586011229619
ergo_adaptive,316.0,0.12770985293732073,0.10815750105457034
ergo_adaptive,316.08333333333337,0.1289433310806111,0.1081193306677305
ergo_adaptive,316.16666666666663,0.12860767284386773,0.10806683278179843
ergo_adaptive,316.25,0.12748243492467415,0.10798182080261806
ergo_adaptive,316.33333333333337,0.12736390207145595,0.10788510560211925
ergo_adaptive,316.41666666666663,0.12698318459253072,0.1078055813102221
ergo_adaptive,316.5,0.1275529987464067,0.10772666611410864
ergo_adaptive,316.58333333333337,0.1281841652698128,0.10762150662245869
ergo_adaptive,316.66666666666663,0.12788413714050065,0.10749829731557241
ergo_adaptive,316.75,0.12813545257352357,0.10738261469726872
ergo_adaptive,316.83333333333337,0.12883709584386827,0.1072758239643883
ergo_adaptive,316.91666666666663,0.12876561969899575,0.10716524029751637
ergo_adaptive,317.0,0.12811029570913912,0.10704462300323334
ergo_adaptive,317.08333333333337,0.12868884312529005,0.10692591072286396
ergo_adaptive,317.16666666666663,0.1279778526933358,0.10682017483352954
ergo_adaptive,317.25,0.1274140229723069,0.1067232389570964
ergo_adaptive,317.33333333333337,0.12736664657441035,0.10662120270009416
ergo_adaptive,317.41666666666663,0.12749401065617083,0.10651705640991851
ergo_adaptive,317.5,0.12824998805260512,0.10642756237642613
ergo_adaptive,317.58333333333337,0.1280001199650627,0.10634692164110021
ergo_adaptive,317.66666666666663,0.12862907230940665,0.10625624738280709
ergo_adaptive,317.75,0.12883452918668922,0.10615075910759618
ergo_adaptive,317.83333333333337,0.12884134596081767,0.10604503854600182
ergo_adaptive,317.91666666666663,0.12922012704729088,0.10594539729489452
ergo_adaptive,318.0,0.12927469947425796,0.10583634889012655
ergo_adaptive,318.08333333333337,0.12908743282062612,0.10571164470514689
ergo_adaptive,318.16666666666663,0.1294541194759623,0.10558602388279144
ergo_adaptive,318.25,0.12957823323383766,0.10546688288933756
ergo_adaptive,318.33333333333337,0.12933725035669014,0.10534556081872824
ergo_adaptive,318.41666666666663,0.12961747213165242,0.10519328574529052
ergo_adaptive,318.5,0.13018912123014148,0.1050078051099641
ergo_adaptive,318.58333333333337,0.1298649514917517,0.10480084851292923
ergo_adaptive,318.66666666666663,0.12977150758727193,0.10456596506934444
ergo_adaptive,318.75,0.13032601462067891,0.10427942249621806
ergo_adaptive,318.83333333333337,0.13155718871528022,0.10396612865140224
ergo_adaptive,318.91666666666663,0.1293788044612995,0.10369106599577765
ergo_adaptive,319.0,0.13001113735960956,0.10344205244927923
ergo_adaptive,319.08333333333337,0.13062313601347805,0.1031034677699171
ergo_adaptive,319.16666666666663,0.13041510039314172,0.1027064441590823
ergo_adaptive,319.25,0.12977086977120764,0.10234781143224272
ergo_adaptive,319.33333333333337,0.13004741208621395,0.10206316088511563
ergo_adaptive,319.41666666666663,0.1309155255311456,0.10170578548775346
ergo_adaptive,319.5,0.131192934050977,0.1012659825147649
ergo_adaptive,319.58333333333337,0.12955761789712714,0.10083928960451305
ergo_adaptive,319.66666666666663,0.13019802710333045,0.10048833003165239
ergo_adaptive,319.75,0.1293507367752162,0.10012669851385085
ergo_adaptive,319.83333333333337,0.1308536969904956,0.09968139791808338
ergo_adaptive,319.91666666666663,0.131448098977455,0.09921789541763483
ergo_adaptive,320.0,0.13238045932188544,0.09880767648454584
ergo_adaptive,320.08333333333337,0.13136514892027978,0.09842565789617308
ergo_adaptive,320.16666666666663,0.13118921842136866,0.09799337735214546
ergo_adaptive,320.25,0.13174267288484498,0.09751931768529139
ergo_adaptive,320.33333333333337,0.12959683838308084,0.09706856242869326
ergo_adaptive,320.41666666666663,0.12843229956090726,0.09664846508751086
ergo_adaptive,320.5,0.1268530526671081,0.09642475663336682
ergo_adaptive,320.58333333333337,0.12883404015392977,0.09639742419647752
ergo_adaptive,320.66666666666663,0.12877518234566043,0.0964455167956026
ergo_adaptive,320.75,0.12947201709450012,0.0965186526624206
ergo_adaptive,320.83333333333337,0.13056125089265375,0.0966221287455881
ergo_adaptive,320.91666666666663,0.1304292534885918,0.09673321893739797
ergo_adaptive,321.0,0.13012164336968596,0.09679088588369837
ergo_adaptive,321.08333333333337,0.1314712179368418,0.09680563827924255
ergo_adaptive,321.16666666666663,0.13208436958317255,0.09680082264673952
ergo_adaptive,321.25,0.13118750726725234,0.0967965129310028
ergo_adaptive,321.33333333333337,0.1314411139766739,0.09682036613192717
ergo_adaptive,321.41666666666663,0.13108179469267509,0.09687187507429759
ergo_adaptive,321.5,0.13056651187486526,0.09686472375456232
ergo_adaptive,321.58333333333337,0.12881087095477095,0.09681632459046276
ergo_adaptive,321.66666666666663,0.12701692592270983,0.0967720552467365
ergo_adaptive,321.75,0.1295102953527404,0.09676055406842297
ergo_adaptive,321.83333333333337,0.13014178317875352,0.09678213896493926
ergo_adaptive,321.91666666666663,0.12931896252085467,0.09683711977210807
ergo_adaptive,322.0,0.12955821594414343,0.09685109280004894
ergo_adaptive,322.08333333333337,0.12988510624763447,0.09681572116918313
ergo_adaptive,322.16666666666663,0.12933482468958252,0.09676141710240417
ergo_adaptive,322.25,0.1302381826590982,0.09671599811034433
ergo_adaptive,322.33333333333337,0.13102297513702557,0.09669858618643015
ergo_adaptive,322.41666666666663,0.13245730302080758,0.0967220379733326
ergo_adaptive,322.5,0.13204592139537133,0.09670519466266023
ergo_adaptive,322.58333333333337,0.1313971636199472,0.0966362684829644
ergo_adaptive,322.66666666666663,0.13051887522051794,0.09655862238474322
ergo_adaptive,322.75,0.130669935267242,0.0965010162368034
ergo_adaptive,322.83333333333337,0.1297991190798874,0.09645985338616064
ergo_adaptive,322.91666666666663,0.12892398921743997,0.09642630090780566
ergo_adaptive,323.0,0.12932746315021276,0.09639913137881628
ergo_adaptive,323.08333333333337,0.1303461277071208,0.09639012429193335
ergo_adaptive,323.16666666666663,0.13040380005093227,0.09642978798509709
ergo_adaptive,323.25,0.13114917032153325,0.09650679516333058
ergo_adaptive,323.33333333333337,0.13216226690322708,0.09654010630167748
ergo_adaptive,323.41666666666663,0.13212643946728356,0.09655167755340016
ergo_adaptive,323.5,0.1317407864870593,0.09658431004111698
ergo_adaptive,323.58333333333337,0.13065911121735732,0.09665777447628657
ergo_adaptive,323.66666666666663,0.12972596772953884,0.09672495794080574
ergo_adaptive,323.75,0.12975386406443257,0.09677279850752468
ergo_adaptive,323.83333333333337,0.13090520128835126,0.09682613537623196
ergo_adaptive,323.91666666666663,0.13135195877700295,0.09690239354344801
ergo_adaptive,324.0,0.13192713270279424,0.09699392217336057
ergo_adaptive,324.08333333333337,0.13368449486406409,0.09708921109815866
ergo_adaptive,324.16666666666663,0.13696526650340854,0.0971818154538249
ergo_adaptive,324.25,0.14251160866958845,0.09728284123690846
ergo_adaptive,324.33333333333337,0.13518154000859944,0.09740143134180025
ergo_adaptive,324.41666666666663,0.12398511012449462,0.09752210762622328
ergo_adaptive,324.5,0.11626012895287258,0.09767736891658081
ergo_adaptive,324.58333333333337,0.11309907664123288,0.09785090453851375
ergo_adaptive,324.66666666666663,0.1133553261887636,0.0980190995590313
ergo_adaptive,324.75,0.11632181783854607,0.09816937687099687
ergo_adaptive,324.83333333333337,0.11763110379227182,0.09829170872539614
ergo_adaptive,324.91666666666663,0.1177551739367906,0.0983864622767952
ergo_adaptive,325.0,0.11763672387215016,0.09846197420390415
ergo_adaptive,325.08333333333337,0.11712056556583243,0.09852064504369132
ergo_adaptive,325.16666666666663,0.11732388113953608,0.09855795288768818
ergo_adaptive,325.25,0.11659218186274826,0.09857355412796662
ergo_adaptive,325.33333333333337,0.11715264920664514,0.09857864320447096
ergo_adaptive,325.41666666666663,0.1178045861512524,0.09857976761684079
ergo_adaptive,325.5,0.11835377463114602,0.09857435201997863
ergo_adaptive,325.58333333333337,0.11749901113624511,0.09855426658024627
ergo_adaptive,325.66666666666663,0.11771466546660128,0.09852746521101494
ergo_adaptive,325.75,0.11730082165176726,0.09851156191309615
ergo_adaptive,325.83333333333337,0.11700603560321075,0.09849504564394035
ergo_adaptive,325.91666666666663,0.11868116414273247,0.09846289593310327
ergo_adaptive,326.0,0.11971147523150714,0.09842365609513168
ergo_adaptive,326.08333333333337,0.11883611992629338,0.09841554160475224
ergo_adaptive,326.16666666666663,0.11819176701186887,0.09843214038287318
ergo_adaptive,326.25,0.11868782512776226,0.09840692454401016
ergo_adaptive,326.33333333333337,0.11810912130030622,0.09834939709730996
ergo_adaptive,326.41666666666663,0.11765254651344473,0.09830270973429085
ergo_adaptive,326.5,0.11740850595945303,0.09829653712417473
ergo_adaptive,326.58333333333337,0.11710288100250314,0.09828065448006029
ergo_adaptive,326.66666666666663,0.11711274843256166,0.09823828481805519
ergo_adaptive,326.75,0.11705931301479545,0.09819734215254143
ergo_adaptive,326.83333333333337,0.11634787322397187,0.09818421916611371
ergo_adaptive,326.91666666666663,0.11704967718362164,0.09819030313550622
ergo_adaptive,327.0,0.11750733078702283,0.09818582425647367
ergo_adaptive,327.08333333333337,0.11792696674345349,0.09817831334743003
ergo_adaptive,327.16666666666663,0.11785677641961054,0.09818524429215679
ergo_adaptive,327.25,0.11853746407066143,0.09820770694560366
ergo_adaptive,327.33333333333337,0.11846957030265659,0.09822625159817393
ergo_adaptive,327.41666666666663,0.11747212070335367,0.09822753294501518
ergo_adaptive,327.5,0.11764837500228131,0.09822543269781538
ergo_adaptive,327.58333333333337,0.11871557178681205,0.09822511784957184
ergo_adaptive,327.66666666666663,0.11893724925599546,0.0982130547458728
ergo_adaptive,327.75,0.1190507518640543,0.09818566041186902
ergo_adaptive,327.83333333333337,0.11988667768632674,0.09814959106053307
ergo_adaptive,327.91666666666663,0.1198848904919692,0.0981093503133721
ergo_adaptive,328.0,0.11995522233708059,0.09806001552451656
ergo_adaptive,328.08333333333337,0.12040065704299303,0.0979965867773432
ergo_adaptive,328.16666666666663,0.12152816358897166,0.09793320680524074
ergo_adaptive,328.25,0.12085367350182587,0.09788984542367171
ergo_adaptive,328.33333333333337,0.11999586273749291,0.09784648177117841
ergo_adaptive,328.41666666666663,0.11823914249509034,0.09777126884842355
ergo_adaptive,328.5,0.11938652485567261,0.09768150962624905
ergo_adaptive,328.58333333333337,0.11943142018197755,0.09761108463059452
ergo_adaptive,328.66666666666663,0.11995474286072365,0.09755488087225024
ergo_adaptive,328.75,0.11938542847975128,0.09746993495327222
ergo_adaptive,328.83333333333337,0.1203364602389055,0.09736136458161818
ergo_adaptive,328.91666666666663,0.12162914766730742,0.09725543646005383
ergo_adaptive,329.0,0.12152249036485273,0.09715437253163745
ergo_adaptive,329.08333333333337,0.12389447930994962,0.09701218553858158
ergo_adaptive,329.16666666666663,0.12257814836597108,0.09681293967183618
ergo_adaptive,329.25,0.12389052374583555,0.09657779326196315
ergo_adaptive,329.33333333333337,0.12425480787459078,0.09631162687875489
ergo_adaptive,329.41666666666663,0.1223073719053642,0.09597571801141043
ergo_adaptive,329.5,0.122423837148058,0.09555268991570214
ergo_adaptive,329.58333333333337,0.12293711985846666,0.09509351679026345
ergo_adaptive,329.66666666666663,0.12038801823174362,0.09465515647992327
ergo_adaptive,329.75,0.12212459714742956,0.09448405954728818
ergo_adaptive,329.83333333333337,0.12143699418237817,0.09453211765226376
ergo_adaptive,329.91666666666663,0.12136445445464915,0.09461921326255064
ergo_adaptive,330.0,0.12314506497141989,0.09474361665797695
ergo_adaptive,330.08333333333337,0.12410763008922264,0.09489073793541158
ergo_adaptive,330.16666666666663,0.12370359639140736,0.09500186607623964
ergo_adaptive,330.25,0.12303528182300676,0.09511325591855194
ergo_adaptive,330.33333333333337,0.12297577481679914,0.09524659727552315
ergo_adaptive,330.41666666666663,0.12338989429851638,0.09538080113145878
ergo_adaptive,330.5,0.12256549762109172,0.09549295554796634
ergo_adaptive,330.58333333333337,0.12332685515511209,0.09562581648648534
ergo_adaptive,330.66666666666663,0.12424535156697321,0.09575759117743912
ergo_adaptive,330.75,0.12462307655332662,0.09586745907270683
ergo_adaptive,330.83333333333337,0.12526309299219823,0.0959908314203914
ergo_adaptive,330.91666666666663,0.12542823799646918,0.09607592891950008
ergo_adaptive,331.0,0.1241972953001968,0.09614539074806262
ergo_adaptive,331.08333333333337,0.124944679761527,0.09626564952303393
ergo_adaptive,331.16666666666663,0.12538806362982965,0.09638325746082632
ergo_adaptive,331.25,0.12575271254808737,0.0964566255892635
ergo_adaptive,331.33333333333337,0.12554899442397163,0.09651548988782602
ergo_adaptive,331.41666666666663,0.12534771049098345,0.09662140050142552
ergo_adaptive,331.5,0.12531801395183184,0.09673831406386638
ergo_adaptive,331.58333333333337,0.12461379027750372,0.09681890402313563
ergo_adaptive,331.66666666666663,0.12392173477758524,0.09688384584345351
ergo_adaptive,331.75,0.12433895830500684,0.09698293330225215
ergo_adaptive,331.83333333333337,0.1258768237417713,0.09708694075529549
ergo_adaptive,331.91666666666663,0.12454228451331441,0.09717652309361079
ergo_adaptive,332.0,0.1260862721363944,0.09727322864066783
ergo_adaptive,332.08333333333337,0.12618570782128652,0.09736209044544909
ergo_adaptive,332.16666666666663,0.12724239756278355,0.09743655194426741
ergo_adaptive,332.25,0.12614655053492532,0.09745179180019836
ergo_adaptive,332.33333333333337,0.1264905827033468,0.09751532053501552
ergo_adaptive,332.41666666666663,0.12727622497190544,0.09761945027009129
ergo_adaptive,332.5,0.12741216079156373,0.09769447933770038
ergo_adaptive,332.58333333333337,0.1253241260451718,0.09771995767741948
ergo_adaptive,332.66666666666663,0.12513256791779367,0.0977341142333753
ergo_adaptive,332.75,0.12605590428457242,0.09779815009568009
ergo_adaptive,332.83333333333337,0.12570541716435504,0.09788219689551632
ergo_adaptive,332.91666666666663,0.1265024692721376,0.09795235621173905
ergo_adaptive,333.0,0.12662878971539293,0.09796779271675686
ergo_adaptive,333.08333333333337,0.12795431375719996,0.09790164994470846
ergo_adaptive,333.16666666666663,0.12988068010313697,0.09775442148152941
ergo_adaptive,333.25,0.13006643895055015,0.09753517483538164
ergo_adaptive,333.33333333333337,0.12758673613013938,0.09723094792356703
ergo_adaptive,333.41666666666663,0.12989629138401992,0.09712692024674992
ergo_adaptive,333.5,0.12982432675074015,0.09701783413140688
ergo_adaptive,333.58333333333337,0.13258329512050493,0.096752062482605
ergo_adaptive,333.66666666666663,0.13293099886015247,0.09638185307649491
ergo_adaptive,333.75,0.13266513926367654,0.09598492803473786
ergo_adaptive,333.83333333333337,0.132276610070731,0.09558029470728295
ergo_adaptive,333.91666666666663,0.13168224407177645,0.0951364435697339
ergo_adaptive,334.0,0.13218311372723549,0.0946638042168597
ergo_adaptive,334.08333333333337,0.1316569477746676,0.09421168688432004
ergo_adaptive,334.16666666666663,0.13287574631406607,0.09379672438404964
ergo_adaptive,334.25,0.13454289782034543,0.09336694320243775
ergo_adaptive,334.33333333333337,0.13580575851597082,0.0928980855460181
ergo_adaptive,334.41666666666663,0.1363443074501836,0.09243552893216848
ergo_adaptive,334.5,0.13463944920015625,0.0920521516779509
ergo_adaptive,334.58333333333337,0.13469113145974934,0.0916876864013671
ergo_adaptive,334.66666666666663,0.13570128946682153,0.09121072510006092
ergo_adaptive,334.75,0.13704561722043224,0.09068511544397055
ergo_adaptive,334.83333333333337,0.13789992012168198,0.0902097540509455
ergo_adaptive,334.91666666666663,0.13541863769668908,0.08976122852415971
ergo_adaptive,335.0,0.13634007365066678,0.08927451723231909
ergo_adaptive,335.08333333333337,0.13279250849044802,0.08875914635083523
ergo_adaptive,335.16666666666663,0.1304157296323702,0.08826663925644453
ergo_adaptive,335.25,0.13362156962413055,0.08796046260240091
ergo_adaptive,335.33333333333337,0.13421651987690175,0.0876555820450446
ergo_adaptive,335.41666666666663,0.13751967010024835,0.0873071218650142
ergo_adaptive,335.5,0.13710455275361602,0.08693367931069772
ergo_adaptive,335.58333333333337,0.1365999095355542,0.08659550862657724
ergo_adaptive,335.66666666666663,0.1360073272356082,0.08635044920823817
ergo_adaptive,335.75,0.13521238683443856,0.08605100939195902
ergo_adaptive,335.83333333333337,0.13449546977818672,0.08564996521481669
ergo_adaptive,335.91666666666663,0.13454848908804182,0.08524480118985905
ergo_adaptive,336.0,0.13509548791305734,0.08490383534593672
ergo_adaptive,336.08333333333337,0.13696792399957097,0.08459233579758647
ergo_adaptive,336.16666666666663,0.13808811865061277,0.08426157191773577
ergo_adaptive,336.25,0.1389207044659601,0.08391763374986722
ergo_adaptive,336.33333333333337,0.13824706227864103,0.08360087222365632
ergo_adaptive,336.41666666666663,0.13897506132519752,0.08334804355120572
ergo_adaptive,336.5,0.13884151404717474,0.08314317822039059
ergo_adaptive,336.58333333333337,0.13731749243632396,0.0829074915879226
ergo_adaptive,336.66666666666663,0.13792930109120874,0.08263606402552284
ergo_adaptive,336.75,0.13860620091366438,0.08240151803958527
ergo_adaptive,336.83333333333337,0.13832611890683563,0.08221194817294962
ergo_adaptive,336.91666666666663,0.1407415675277379,0.08201332827304327
ergo_adaptive,337.0,0.13869233376702128,0.08179168864466352
ergo_adaptive,337.08333333333337,0.14126817250963267,0.08158449069205251
ergo_adaptive,337.16666666666663,0.14049653719922925,0.0814253888688715
ergo_adaptive,337.25,0.14127351998670518,0.08132758892959363
ergo_adaptive,337.33333333333337,0.14277365412415613,0.08125882497943754
ergo_adaptive,337.41666666666663,0.14140295417969562,0.08116352917310622
ergo_adaptive,337.5,0.14358880205048682,0.0810589311504157
ergo_adaptive,337.58333333333337,0.1437824644438689,0.08099275925415858
ergo_adaptive,337.66666666666663,0.14258133913295395,0.08095177309343672
ergo_adaptive,337.75,0.14176763116974958,0.08091637237964343
ergo_adaptive,337.83333333333337,0.14308237012902875,0.08088672648779603
ergo_adaptive,337.91666666666663,0.1431802553780578,0.08088394621688397
ergo_adaptive,338.0,0.1439750456072234,0.08092593868094176
ergo_adaptive,338.08333333333337,0.13267961020319063,0.08102262826002113
ergo_adaptive,338.16666666666663,0.11282899182415645,0.08113635768677561
ergo_adaptive,338.25,0.09945508367451493,0.08132202761043751
ergo_adaptive,338.33333333333337,0.0896148518152036,0.08155189564507076
ergo_adaptive,338.41666666666663,0.08640499564982647,0.08178162978279548
ergo_adaptive,338.5,0.09398547228815096,0.0819995833894832
ergo_adaptive,338.58333333333337,0.0982566642875054,0.08220123400986828
ergo_adaptive,338.66666666666663,0.09956188858847627,0.08237552871027976
ergo_adaptive,338.75,0.10070877799299578,0.08250226606971399
ergo_adaptive,338.83333333333337,0.10177551664647827,0.08259226159767721
ergo_adaptive,338.91666666666663,0.10179040485440881,0.08266988135934246
ergo_adaptive,339.0,0.10244748925011476,0.08275016825016593
ergo_adaptive,339.08333333333337,0.10151089811109301,0.08283037765955846
ergo_adaptive,339.16666666666663,0.10251285837850489,0.08289592891044792
ergo_adaptive,339.25,0.10281161761316786,0.08293830887733869
ergo_adaptive,339.33333333333337,0.10370282236812284,0.08298512833338367
ergo_adaptive,339.41666666666663,0.10436074130521097,0.08305675033271981
ergo_adaptive,339.5,0.10381061534603332,0.0830900845048705
ergo_adaptive,339.58333333333337,0.10435859655603247,0.08306946483464957
ergo_adaptive,339.66666666666663,0.10502631867175931,0.08302970046007009
ergo_adaptive,339.75,0.10356583168964015,0.08299960811448237
ergo_adaptive,339.83333333333337,0.10408725668746752,0.08298184210712989
ergo_adaptive,339.91666666666663,0.10413530109231098,0.08296500712385875
ergo_adaptive,340.0,0.10426635852778039,0.08293375347750725
ergo_adaptive,340.08333333333337,0.10337880502427309,0.08289605234841368
ergo_adaptive,340.16666666666663,0.10372909151223135,0.08287848990668191
ergo_adaptive,340.25,0.1046314784216527,0.08286700714289282
ergo_adaptive,340.33333333333337,0.1037945847466151,0.08281717664368861
ergo_adaptive,340.41666666666663,0.10469469423894334,0.08273529137392331
ergo_adaptive,340.5,0.10496898566507902,0.08265086062076944
ergo_adaptive,340.58333333333337,0.10494042418303862,0.08258897022201654
ergo_adaptive,340.66666666666663,0.10560526117920085,0.08257998865844193
ergo_adaptive,340.75,0.10591781696422109,0.08258882370768017
ergo_adaptive,340.83333333333337,0.10554470315794705,0.08251677699039783
ergo_adaptive,340.91666666666663,0.10495706471673286,0.08239821050485731
ergo_adaptive,341.0,0.10360804342905333,0.082282350058636
ergo_adaptive,341.08333333333337,0.10388408874854935,0.08219838781757824
ergo_adaptive,341.16666666666663,0.10430228834946025,0.0821663672604268
ergo_adaptive,341.25,0.10491627197624516,0.0821741753095029
ergo_adaptive,341.33333333333337,0.1042887716264475,0.08211101472408851
ergo_adaptive,341.41666666666663,0.10415586898019509,0.08198978164005168
ergo_adaptive,341.5,0.10410935718996013,0.08186161192593841
ergo_adaptive,341.58333333333337,0.10442012552156446,0.08175941927173108
ergo_adaptive,341.66666666666663,0.10409748983988504,0.0816968162044659
ergo_adaptive,341.75,0.10425769172208245,0.08165135610824205
ergo_adaptive,341.83333333333337,0.10425120338876319,0.08156944811072694
ergo_adaptive,341.91666666666663,0.1049539042348034,0.08145796679752686
ergo_adaptive,342.0,0.10498817457132628,0.08137155516423313
ergo_adaptive,342.08333333333337,0.10499325983988503,0.08130848025766364
ergo_adaptive,342.16666666666663,0.10551220297101874,0.08119530247171991
ergo_adaptive,342.25,0.10467591814922884,0.0810302707409621
ergo_adaptive,342.33333333333337,0.10560876565307521,0.08088205935922983
ergo_adaptive,342.41666666666663,0.10545368742370197,0.08078911986247678
ergo_adaptive,342.5,0.10502603824090019,0.08071548379241086
ergo_adaptive,342.58333333333337,0.10638701159547365,0.08057341162421404
ergo_adaptive,342.66666666666663,0.10745500554169099,0.08038464545720363
ergo_adaptive,342.75,0.10685142636328653,0.08020477551224743
ergo_adaptive,342.83333333333337,0.1047581384036131,0.08005603168319625
ergo_adaptive,342.91666666666663,0.1035710515773881,0.07993979621476727
ergo_adaptive,343.0,0.10390738689460431,0.07985990484083291
ergo_adaptive,343.08333333333337,0.1053274286271923,0.07980706266900643
ergo_adaptive,343.16666666666663,0.10560385556710399,0.07975870556555317
ergo_adaptive,343.25,0.10669396449367373,0.07971228622361927
ergo_adaptive,343.33333333333337,0.10624840764564705,0.07968404633061164
ergo_adaptive,343.41666666666663,0.1061631534852222,0.07968211628476914
ergo_adaptive,343.5,0.10635014566028562,0.07968869471997359
ergo_adaptive,343.58333333333337,0.10622074542860946,0.07967609001381606
ergo_adaptive,343.66666666666663,0.10449972190566979,0.0796622582394579
ergo_adaptive,343.75,0.10569129347219582,0.07978837738769248
ergo_adaptive,343.83333333333337,0.10691777200743433,0.07999392861470708
ergo_adaptive,343.91666666666663,0.10767072029115558,0.08023017192583613
ergo_adaptive,344.0,0.10859493166309121,0.08044674148501264
ergo_adaptive,344.08333333333337,0.10963891824079061,0.08065536062524496
ergo_adaptive,344.16666666666663,0.1085380531116659,0.08082752639104018
ergo_adaptive,344.25,0.10747156161659584,0.08103317526279462
ergo_adaptive,344.33333333333337,0.10706513417428504,0.08124089404535179
ergo_adaptive,344.41666666666663,0.10774278962603222,0.08139935547235219
ergo_adaptive,344.5,0.10722554529476971,0.08150445366527224
ergo_adaptive,344.58333333333337,0.1073285480485426,0.08157902425778125
ergo_adaptive,344.66666666666663,0.10755257771963408,0.08163392984407092
ergo_adaptive,344.75,0.10741550097422635,0.08163341965291203
ergo_adaptive,344.83333333333337,0.10865113319774562,0.08156653137796513
ergo_adaptive,344.91666666666663,0.10908176656295819,0.08159096902190519
ergo_adaptive,345.0,0.10952478528668579,0.08156967984854836
ergo_adaptive,345.08333333333337,0.10973760466660205,0.08165003585879797
ergo_adaptive,345.16666666666663,0.11024572712801299,0.08172253626111439
ergo_adaptive,345.25,0.11037916922441202,0.08183431167222223
ergo_adaptive,345.33333333333337,0.11140164360243139,0.08198231972606665
ergo_adaptive,345.41666666666663,0.11118227011188464,0.08213545577936382
ergo_adaptive,345.5,0.11254879998814496,0.08228905349797838
ergo_adaptive,345.58333333333337,0.1130425256104208,0.08242465598980765
ergo_adaptive,345.66666666666663,0.11408005178273987,0.08253716580876545
ergo_adaptive,345.75,0.11322786895345856,0.08262642448181255
ergo_adaptive,345.83333333333337,0.11290523656980493,0.08269619552335775
ergo_adaptive,345.91666666666663,0.11210312033393285,0.08279824351689548
ergo_adaptive,346.0,0.11257561835745597,0.08296121829339129
ergo_adaptive,346.08333333333337,0.11296305361904439,0.08312944221134415
ergo_adaptive,346.16666666666663,0.11375323486530309,0.08328812579287498
ergo_adaptive,346.25,0.11356913065511375,0.08344090165401487
ergo_adaptive,346.33333333333337,0.11399279787694973,0.08358382914080267
ergo_adaptive,346.41666666666663,0.11370400218677368,0.08367798055422274
ergo_adaptive,346.5,0.11459015041885133,0.08372208654080496
ergo_adaptive,346.58333333333337,0.1138546164503988,0.08374066246708428
ergo_adaptive,346.66666666666663,0.11338766285450494,0.0837506550994549
ergo_adaptive,346.75,0.11465862052218566,0.0837656109542834
ergo_adaptive,346.83333333333337,0.11508005336663442,0.08382238608204277
ergo_adaptive,346.91666666666663,0.11429963249582725,0.08388021441806441
ergo_adaptive,347.0,0.11368366818411056,0.08389028386946086
ergo_adaptive,347.08333333333337,0.11274519687355329,0.08386946255989637
ergo_adaptive,347.16666666666663,0.11127060407104548,0.08385552238302027
ergo_adaptive,347.25,0.11215421532340335,0.08385387651934686
ergo_adaptive,347.33333333333337,0.11312469441229588,0.08381144253467895
ergo_adaptive,347.41666666666663,0.11218987391947688,0.08373009025186942
ergo_adaptive,347.5,0.11247601163333967,0.0836493935968207
ergo_adaptive,347.58333333333337,0.1133426170279651,0.08359617444808783
ergo_adaptive,347.66666666666663,0.11406286083270364,0.08354352229510069
ergo_adaptive,347.75,0.11423997888808105,0.08347674183995238
ergo_adaptive,347.83333333333337,0.11507912871443675,0.08342034594871738
ergo_adaptive,347.91666666666663,0.11644749189945254,0.08339328373663438
ergo_adaptive,348.0,0.11778665452796681,0.08338259719146046
ergo_adaptive,348.08333333333337,0.11710829963488513,0.08336924289031124
ergo_adaptive,348.16666666666663,0.11765511304596553,0.08335385359551473
ergo_adaptive,348.25,0.11897125237699004,0.08335723010332405
ergo_adaptive,348.33333333333337,0.11767537213068795,0.08338243374132905
ergo_adaptive,348.41666666666663,0.11825565188170495,0.08341072228886028
ergo_adaptive,348.5,0.11905750834801458,0.08343610638881852
ergo_adaptive,348.58333333333337,0.12068460187025222,0.08347464274135286
ergo_adaptive,348.66666666666663,0.12140530541728893,0.08353724956558725
ergo_adaptive,348.75,0.12042974167310065,0.08361126772127353
ergo_adaptive,348.83333333333337,0.12171626027454165,0.08368542312804989
ergo_adaptive,348.91666666666663,0.12237200989559698,0.08376993210741175
ergo_adaptive,349.0,0.12294119526884605,0.08387846972532348
ergo_adaptive,349.08333333333337,0.12558304165725293,0.08400598566434737
ergo_adaptive,349.16666666666663,0.1262562062112764,0.08414053718534549
ergo_adaptive,349.25,0.12644744384167755,0.08428453465816917
ergo_adaptive,349.33333333333337,0.1266254760023916,0.08444889919095765
ergo_adaptive,349.41666666666663,0.11644044706099604,0.08463446856915333
ergo_adaptive,349.5,0.09997258865191497,0.08483203413528874
ergo_adaptive,349.58333333333337,0.09138753903855189,0.08506499474809852
ergo_adaptive,349.66666666666663,0.0961328758682267,0.0853031626087943
ergo_adaptive,349.75,0.10013666640598129,0.08552008467920652
ergo_adaptive,349.83333333333337,0.10268257618222804,0.0857014093957702
ergo_adaptive,349.91666666666663,0.10384626096104217,0.08584645278389808
ergo_adaptive,350.0,0.10330733303747934,0.08596355366945883
ergo_adaptive,350.08333333333337,0.10396777847646418,0.08605433558660944
ergo_adaptive,350.16666666666663,0.10392172587579743,0.08611214280545164
ergo_adaptive,350.25,0.10283738165119577,0.08614218048011528
ergo_adaptive,350.33333333333337,0.10386385891585861,0.08617209301901871
ergo_adaptive,350.41666666666663,0.10344513981066404,0.08621170749368524
ergo_adaptive,350.5,0.10447484841200184,0.08621415338917414
ergo_adaptive,350.58333333333337,0.1034797756149101,0.08617759175993456
ergo_adaptive,350.66666666666663,0.10316576948201955,0.0861445210383481
ergo_adaptive,350.75,0.10377260131280278,0.08615143813588334
ergo_adaptive,350.83333333333337,0.10364618786746774,0.08611881852215549
ergo_adaptive,350.91666666666663,0.1015256119043015,0.08603135914676831
ergo_adaptive,351.0,0.1009720608544247,0.08593510450460348
ergo_adaptive,351.08333333333337,0.10147452833750151,0.08588558994304323
ergo_adaptive,351.16666666666663,0.10241069134983688,0.0858351465166431
ergo_adaptive,351.25,0.10262837872547509,0.08574213115803239
ergo_adaptive,351.33333333333337,0.10435285776088668,0.08563056403479019
ergo_adaptive,351.41666666666663,0.10440450457073994,0.08554242698222882
ergo_adaptive,351.5,0.10484221057615684,0.08548249416238611
ergo_adaptive,351.58333333333337,0.10508301686078111,0.08542132782611575
ergo_adaptive,351.66666666666663,0.10404097339130353,0.08535438409097296
ergo_adaptive,351.75,0.10469474796393276,0.08529651611300251
ergo_adaptive,351.83333333333337,0.1052303813779105,0.08525843241161331
ergo_adaptive,351.91666666666663,0.10475685679330608,0.08522720390695147
ergo_adaptive,352.0,0.10536337344650495,0.08519171022663469
ergo_adaptive,352.08333333333337,0.10537858685621841,0.08515520293428927
ergo_adaptive,352.16666666666663,0.10514263678238514,0.08512787681162597
ergo_adaptive,352.25,0.10498360908004345,0.08510529060345617
ergo_adaptive,352.33333333333337,0.10447640446732519,0.08507464794732181
ergo_adaptive,352.41666666666663,0.10397658191226,0.08504258523545986
ergo_adaptive,352.5,0.10464909384427827,0.08502869628149141
ergo_adaptive,352.58333333333337,0.10493048188652175,0.08506513142688249
ergo_adaptive,352.66666666666663,0.10591770122774498,0.0851092350454778
ergo_adaptive,352.75,0.10699401431332646,0.08511304527095497
ergo_adaptive,352.83333333333337,0.106785786338694,0.08509230428712328
ergo_adaptive,352.91666666666663,0.10759755272224365,0.08507646690056644
ergo_adaptive,353.0,0.10716721661948149,0.08508436441153741
ergo_adaptive,353.08333333333337,0.10803728797503226,0.08509235862176379
ergo_adaptive,353.16666666666663,0.10840842464696789,0.08508617490695466
ergo_adaptive,353.25,0.1078624173795134,0.0850712926727071
ergo_adaptive,353.33333333333337,0.10667973456641,0.08505762962776656
ergo_adaptive,353.41666666666663,0.10690269025768517,0.08500651681823138
ergo_adaptive,353.5,0.10732309932696371,0.08489375810694832
ergo_adaptive,353.58333333333337,0.1081007256284425,0.08474779070757066
ergo_adaptive,353.66666666666663,0.10728028268831043,0.08461408792927178
ergo_adaptive,353.75,0.10782199121054048,0.08448770119617154
ergo_adaptive,353.83333333333337,0.10577198081743708,0.08431416063359087
ergo_adaptive,353.91666666666663,0.1059250863575347,0.08436955086825225
ergo_adaptive,354.0,0.1055170068716268,0.08456398851790983
ergo_adaptive,354.08333333333337,0.10604717977710709,0.08476702391225917
ergo_adaptive,354.16666666666663,0.10572540073746259,0.08493884639149973
ergo_adaptive,354.25,0.10584521275808147,0.08508211924949796
ergo_adaptive,354.33333333333337,0.10622766195303597,0.08521732029664517
ergo_adaptive,354.41666666666663,0.1076597278243403,0.08534887100090804
ergo_adaptive,354.5,0.10806553275628687,0.08545430822340959
ergo_adaptive,354.58333333333337,0.10788393068223502,0.08554212352234097
ergo_adaptive,354.66666666666663,0.10767105455084323,0.08562789972161677
ergo_adaptive,354.75,0.10833232792507207,0.085717708398086
ergo_adaptive,354.83333333333337,0.10748354151849177,0.08578935675106987
ergo_adaptive,354.91666666666663,0.10845191004974962,0.08583563804879264
ergo_adaptive,355.0,0.10803387151042972,0.08586483411393964
ergo_adaptive,355.08333333333337,0.10813311560401942,0.0858873797876452
ergo_adaptive,355.16666666666663,0.10811617471024426,0.08591468057274801
ergo_adaptive,355.25,0.10919125567262535,0.08594322547912786
ergo_adaptive,355.33333333333337,0.10875145241590477,0.08594065401453019
ergo_adaptive,355.41666666666663,0.10950528321865399,0.08589920501411927
ergo_adaptive,355.5,0.10796508030483565,0.08583637448380874
ergo_adaptive,355.58333333333337,0.10748782268821809,0.08578225779222931
ergo_adaptive,355.66666666666663,0.10942049419157884,0.08575448716017052
ergo_adaptive,355.75,0.11107768817662628,0.08574201847714462
ergo_adaptive,355.83333333333337,0.11109913704469598,0.08572679012750721
ergo_adaptive,355.91666666666663,0.10984042878138554,0.08570966631974919
ergo_adaptive,356.0,0.11041633795828575,0.08572968823164023
ergo_adaptive,356.08333333333337,0.1102435388229514,0.085781236814826
ergo_adaptive,356.16666666666663,0.11048217768271372,0.08579020896520372
ergo_adaptive,356.25,0.10994322336317928,0.0857667212443057
ergo_adaptive,356.33333333333337,0.109884299484079,0.08574742208610062
ergo_adaptive,356.41666666666663,0.1107205002799233,0.0857534396082745
ergo_adaptive,356.5,0.11219133818049078,0.08577595039462423
ergo_adaptive,356.58333333333337,0.11228964624577867,0.08579765428958612
ergo_adaptive,356.66666666666663,0.11222450121617143,0.08581747509983047
ergo_adaptive,356.75,0.1122682046832917,0.08585718006834543
ergo_adaptive,356.83333333333337,0.11188422758338608,0.08594028475708648
ergo_adaptive,356.91666666666663,0.1111708663307907,0.08602376580510857
ergo_adaptive,357.0,0.11240905707436158,0.08607403706749729
ergo_adaptive,357.08333333333337,0.11071242371864455,0.08612451761107377
ergo_adaptive,357.16666666666663,0.11180347942055566,0.08622388895860257
ergo_adaptive,357.25,0.11140098288436677,0.08634184961251119
ergo_adaptive,357.33333333333337,0.11172628167905892,0.08642567206717157
ergo_adaptive,357.41666666666663,0.11146864707324142,0.08648577257588048
ergo_adaptive,357.5,0.11070615455888107,0.08653581174020505
ergo_adaptive,357.58333333333337,0.11170439508189463,0.08658209350318657
ergo_adaptive,357.66666666666663,0.11255445470434315,0.08662220015471386
ergo_adaptive,357.75,0.11288186397928691,0.08663959549548214
ergo_adaptive,357.83333333333337,0.11384514338013663,0.0866114609159783
ergo_adaptive,357.91666666666663,0.114477615148003,0.08657178086767849
ergo_adaptive,358.0,0.11385702573168885,0.08656917759781395
ergo_adaptive,358.08333333333337,0.11385209033891322,0.08658646503952251
ergo_adaptive,358.16666666666663,0.11449864596136294,0.08657134727425514
ergo_adaptive,358.25,0.11533020712088952,0.08654684844375068
ergo_adaptive,358.33333333333337,0.11730124834795805,0.08654637120445297
ergo_adaptive,358.41666666666663,0.12095040354829173,0.0865656661289262
ergo_adaptive,358.5,0.12344940504376935,0.08658741772938816
ergo_adaptive,358.58333333333337,0.12413254230789078,0.08661019052803014
ergo_adaptive,358.66666666666663,0.12534545867248476,0.08664384626341765
ergo_adaptive,358.75,0.12461495596932451,0.08670731806478077
ergo_adaptive,358.83333333333337,0.11560801315583746,0.08681575060607971
ergo_adaptive,358.91666666666663,0.09816452134815834,0.08688550694850573
ergo_adaptive,359.0,0.10429633702188816,0.08704637080389842
ergo_adaptive,359.08333333333337,0.10825873876831162,0.08720770310766812
ergo_adaptive,359.16666666666663,0.10894396468983712,0.08729034271285685
ergo_adaptive,359.25,0.11096230116438811,0.08731322660682132
ergo_adaptive,359.33333333333337,0.11225304812813684,0.08730701813817089
ergo_adaptive,359.41666666666663,0.11249629886647328,0.08725354450758636
ergo_adaptive,359.5,0.11150660891594569,0.08713930540072608
ergo_adaptive,359.58333333333337,0.1115332806154904,0.08699311090139347
ergo_adaptive,359.66666666666663,0.11106441537797929,0.08683589682425326
ergo_adaptive,359.75,0.11081098268077223,0.08670876224389776
ergo_adaptive,359.83333333333337,0.11202512048438283,0.08663956297332531
ergo_adaptive,359.91666666666663,0.11260829690937035,0.08654529897925486
ergo_adaptive,360.0,0.11238912098802258,0.08640565195358586
