strategy,mission_minutes,estimated_target_deficit,ground_truth_target_deficit
ergo_adaptive,0.0,0.0,0.01247956700701016
ergo_adaptive,0.08333333333337123,0.0,0.012009217367865128
ergo_adaptive,0.16666666666662877,0.0,0.011894198133719325
ergo_adaptive,0.25,0.0,0.01183466281888372
ergo_adaptive,0.33333333333337123,0.0,0.01179371400234343
ergo_adaptive,0.41666666666662877,0.0,0.011761577203266729
ergo_adaptive,0.5,0.0,0.011734837017833842
ergo_adaptive,0.5833333333333712,0.0,0.011712028663067628
ergo_adaptive,0.6666666666666288,0.0,0.011692276341900653
ergo_adaptive,0.75,0.0,0.011674881669988906
ergo_adaptive,0.8333333333333712,0.0,0.011659298690014318
ergo_adaptive,0.9166666666666288,0.0,0.01164523580881313
ergo_adaptive,1.0,0.0,0.011632826354098158
ergo_adaptive,1.0833333333333712,0.0,0.011621339343900038
ergo_adaptive,1.1666666666666288,0.0,0.011609519556985913
ergo_adaptive,1.25,0.0,0.011595232743025399
ergo_adaptive,1.3333333333333712,0.0,0.011577170475200583
ergo_adaptive,1.4166666666666288,0.0,0.011555632321607834
ergo_adaptive,1.5,0.0,0.011532063451010236
ergo_adaptive,1.5833333333333712,0.0,0.011507934979529916
ergo_adaptive,1.6666666666666288,0.0,0.011484038077844873
ergo_adaptive,1.75,0.0,0.011460563309195137
ergo_adaptive,1.8333333333333712,0.0,0.01143760508616114
ergo_adaptive,1.9166666666666288,0.0,0.011415315259454906
ergo_adaptive,2.0,0.0,0.011393684515175945
ergo_adaptive,2.0833333333333712,0.0,0.011370577950837485
ergo_adaptive,2.1666666666666288,0.0,0.011344158576152494
ergo_adaptive,2.25,0.0,0.011314606753186705
ergo_adaptive,2.3333333333333712,0.0,0.01128405930466821
ergo_adaptive,2.4166666666666288,0.0,0.011253593903039878
ergo_adaptive,2.5,0.0,0.011223249770834071
ergo_adaptive,2.5833333333333712,0.0,0.011191818106760124
ergo_adaptive,2.6666666666666288,0.0,0.011158558566381269
ergo_adaptive,2.75,0.0,0.011123577951785752
ergo_adaptive,2.8333333333333712,0.0,0.011087137366175701
ergo_adaptive,2.9166666666666288,0.0,0.011049722060629166
ergo_adaptive,3.0,0.0,0.011012999028009698
ergo_adaptive,3.0833333333333712,0.0,0.010979743829400592
ergo_adaptive,3.1666666666666288,0.0,0.010950836413366836
ergo_adaptive,3.25,0.0,0.010919709789758779
ergo_adaptive,3.3333333333333712,0.0,0.010879118050301555
ergo_adaptive,3.4166666666666288,0.0,0.010832081615038283
ergo_adaptive,3.5,0.0,0.010784699859940574
ergo_adaptive,3.5833333333333712,0.0,0.010739723855050905
ergo_adaptive,3.6666666666666288,0.0,0.010698729824129699
ergo_adaptive,3.75,0.0,0.010662024882911562
ergo_adaptive,3.8333333333333712,0.0,0.010627682244750294
ergo_adaptive,3.9166666666666288,0.0,0.010591504532111468
ergo_adaptive,4.0,0.0,0.010552162777580717
ergo_adaptive,4.083333333333371,0.0,0.01051455928180764
ergo_adaptive,4.166666666666629,0.0,0.010482401022845303
ergo_adaptive,4.25,0.0,0.01045012659070216
ergo_adaptive,4.333333333333371,0.0,0.010411547155061015
ergo_adaptive,4.416666666666629,0.0,0.01036911986484107
ergo_adaptive,4.5,0.0,0.010328060595663827
ergo_adaptive,4.583333333333371,0.0,0.01029151714488447
ergo_adaptive,4.666666666666629,0.0,0.01025923627493925
ergo_adaptive,4.75,0.0,0.01022852880015816
ergo_adaptive,4.833333333333371,0.0,0.010197125064869113
ergo_adaptive,4.916666666666629,0.0,0.010166618344677263
ergo_adaptive,5.0,0.0,0.010141750420551324
ergo_adaptive,5.083333333333371,0.0,0.010124150146366126
ergo_adaptive,5.166666666666629,0.0,0.010101232423059797
ergo_adaptive,5.25,0.0,0.010072544356259077
ergo_adaptive,5.333333333333371,0.0,0.01004525557749098
ergo_adaptive,5.416666666666629,0.0,0.010025092600984853
ergo_adaptive,5.5,0.0,0.010007775102781237
ergo_adaptive,5.583333333333371,0.0,0.009989487231701866
ergo_adaptive,5.666666666666629,0.0,0.00997135751357923
ergo_adaptive,5.75,0.0,0.009955959924615017
ergo_adaptive,5.833333333333371,0.0,0.009944051732087568
ergo_adaptive,5.916666666666629,0.0,0.009934016959479229
ergo_adaptive,6.0,0.0,0.009924166497720587
ergo_adaptive,6.083333333333371,0.0,0.009915503542920277
ergo_adaptive,6.166666666666629,0.0,0.009911294917079903
ergo_adaptive,6.25,0.0,0.009910492584513998
ergo_adaptive,6.333333333333371,0.0,0.009906988258003966
ergo_adaptive,6.416666666666629,0.0,0.009901789797753026
ergo_adaptive,6.5,0.0,0.00989847148316294
ergo_adaptive,6.583333333333371,0.0,0.009897974133860746
ergo_adaptive,6.666666666666629,0.0,0.009897843662309702
ergo_adaptive,6.75,0.0,0.009897265861439792
ergo_adaptive,6.833333333333371,0.0,0.009897506738098773
ergo_adaptive,6.916666666666629,0.0,0.009899692666731017
ergo_adaptive,7.0,0.0,0.009903725446171744
ergo_adaptive,7.083333333333371,0.0,0.0099095598557194
ergo_adaptive,7.166666666666629,0.0,0.009918312647144613
ergo_adaptive,7.25,0.0,0.00992844589428505
ergo_adaptive,7.333333333333371,0.0,0.009939722864030326
ergo_adaptive,7.416666666666629,0.0,0.009951463495500157
ergo_adaptive,7.5,0.0,0.009963461103929322
ergo_adaptive,7.583333333333371,0.0,0.009976157114077793
ergo_adaptive,7.666666666666629,0.0,0.009990248763225703
ergo_adaptive,7.75,0.0,0.010004418949420012
ergo_adaptive,7.833333333333371,0.0,0.010018731090104037
ergo_adaptive,7.916666666666629,0.0,0.010033430696542382
ergo_adaptive,8.0,0.0,0.010048594413515091
ergo_adaptive,8.083333333333371,0.0,0.010064315549694081
ergo_adaptive,8.166666666666629,0.0,0.010080648044293978
ergo_adaptive,8.25,0.0,0.010097428120878132
ergo_adaptive,8.333333333333371,0.0,0.010114336305069237
ergo_adaptive,8.416666666666629,0.0,0.01013108758753056
ergo_adaptive,8.5,0.0,0.010147482419687947
ergo_adaptive,8.583333333333371,0.0,0.010163489098754565
ergo_adaptive,8.666666666666629,0.0,0.010178915104676337
ergo_adaptive,8.75,0.0,0.010192051496154823
ergo_adaptive,8.833333333333371,0.0,0.010199886370354532
ergo_adaptive,8.916666666666629,0.0,0.010203428437800572
ergo_adaptive,9.0,0.0,0.01020598133666766
ergo_adaptive,9.083333333333371,0.0,0.010208337527399221
ergo_adaptive,9.166666666666629,0.0,0.010207004916682007
ergo_adaptive,9.25,0.0,0.010202517459075685
ergo_adaptive,9.333333333333371,0.0,0.01019815417364902
ergo_adaptive,9.416666666666629,0.0,0.010195361087471197
ergo_adaptive,9.5,0.0,0.010189533537432674
ergo_adaptive,9.583333333333371,0.0,0.010179070876684996
ergo_adaptive,9.666666666666629,0.0,0.010166749614588574
ergo_adaptive,9.75,0.0,0.010155035424938863
ergo_adaptive,9.833333333333371,0.0,0.010142133441120107
ergo_adaptive,9.916666666666629,0.0,0.010127907676176655
ergo_adaptive,10.0,0.0,0.010110834072007009
ergo_adaptive,10.083333333333371,0.0,0.010093016338402516
ergo_adaptive,10.166666666666629,0.0,0.010074408752809875
ergo_adaptive,10.25,0.0,0.01005300317548902
ergo_adaptive,10.333333333333371,0.0,0.010028166505205433
ergo_adaptive,10.416666666666629,0.0,0.010002231539790582
ergo_adaptive,10.5,0.0,0.009977975875890206
ergo_adaptive,10.583333333333371,0.0,0.009952898509100359
ergo_adaptive,10.666666666666629,0.0,0.00992185760744339
ergo_adaptive,10.75,0.0,0.00988738277151837
ergo_adaptive,10.833333333333371,0.0,0.00985742734285598
ergo_adaptive,10.916666666666629,0.0,0.00983086577461266
ergo_adaptive,11.0,0.0,0.009800591918025158
ergo_adaptive,11.083333333333371,0.0,0.009765528294369245
ergo_adaptive,11.166666666666629,0.0,0.009735683927870031
ergo_adaptive,11.25,0.0,0.00971079189090707
ergo_adaptive,11.333333333333371,0.0,0.009688865941523598
ergo_adaptive,11.416666666666629,0.0,0.009668260322976869
ergo_adaptive,11.5,0.0,0.009649124760308077
ergo_adaptive,11.583333333333371,0.0,0.009634297410063919
ergo_adaptive,11.666666666666629,0.0,0.009627147686255407
ergo_adaptive,11.75,0.0,0.009620063738680082
ergo_adaptive,11.833333333333371,0.0,0.009608798042421447
ergo_adaptive,11.916666666666629,0.0,0.009597326703361247
ergo_adaptive,12.0,0.0,0.009588974950153293
ergo_adaptive,12.083333333333371,0.0,0.009583736137299034
ergo_adaptive,12.166666666666629,0.0,0.00958039254791681
ergo_adaptive,12.25,0.0,0.009578086190911751
ergo_adaptive,12.333333333333371,0.0,0.009576974127045725
ergo_adaptive,12.416666666666629,0.0,0.009578625892243803
ergo_adaptive,12.5,0.0,0.009584136740809998
ergo_adaptive,12.583333333333371,0.0,0.00958836968035076
ergo_adaptive,12.666666666666629,0.0,0.009589750181549426
ergo_adaptive,12.75,0.0,0.009590642811086443
ergo_adaptive,12.833333333333371,0.0,0.009592809077648678
ergo_adaptive,12.916666666666629,0.0,0.009596844921612025
ergo_adaptive,13.0,0.0,0.009602024118560589
ergo_adaptive,13.083333333333371,0.0,0.009605928727687245
ergo_adaptive,13.166666666666629,0.0,0.009608126751156116
ergo_adaptive,13.25,0.0,0.009610193032192349
ergo_adaptive,13.333333333333371,0.0,0.009612368340124562
ergo_adaptive,13.416666666666629,0.0,0.009613636776634826
ergo_adaptive,13.5,0.0,0.009613916162534996
ergo_adaptive,13.583333333333371,0.0,0.00961356659153338
ergo_adaptive,13.666666666666629,0.0,0.009613472334144396
ergo_adaptive,13.75,0.0,0.0096151594545416
ergo_adaptive,13.833333333333371,0.0,0.009616359535902671
ergo_adaptive,13.916666666666629,0.0,0.009613134223191766
ergo_adaptive,14.0,0.0,0.009606714501401416
ergo_adaptive,14.083333333333371,0.0,0.009599633799130756
ergo_adaptive,14.166666666666629,0.0,0.009593846033740456
ergo_adaptive,14.25,0.0,0.0095911811121977
ergo_adaptive,14.333333333333371,0.0,0.009588185833992454
ergo_adaptive,14.416666666666629,0.0,0.009578300263894331
ergo_adaptive,14.5,0.0,0.009563547466022936
ergo_adaptive,14.583333333333371,0.0,0.009547469636711712
ergo_adaptive,14.666666666666629,0.0,0.00953186286049138
ergo_adaptive,14.75,0.0,0.009517309971414607
ergo_adaptive,14.833333333333371,0.0,0.009501289096471563
ergo_adaptive,14.916666666666629,0.0,0.00947904633601994
ergo_adaptive,15.0,0.0,0.009451250890023466
ergo_adaptive,15.083333333333371,0.0,0.009421792397808984
ergo_adaptive,15.166666666666629,0.0,0.009389415800366166
ergo_adaptive,15.25,0.0,0.009353553627982344
ergo_adaptive,15.333333333333371,0.0,0.00931554476796699
ergo_adaptive,15.416666666666629,0.0,0.009274386501921424
ergo_adaptive,15.5,0.0,0.009232229629042556
ergo_adaptive,15.583333333333371,0.0,0.009189434076987342
ergo_adaptive,15.666666666666629,0.0,0.009140752396402965
ergo_adaptive,15.75,0.0,0.009083417117682388
ergo_adaptive,15.833333333333371,0.0,0.00902085567551688
ergo_adaptive,15.916666666666629,0.0,0.008959696309905589
ergo_adaptive,16.0,0.0,0.008904203823243686
ergo_adaptive,16.08333333333337,0.0,0.008855216176347457
ergo_adaptive,16.16666666666663,0.0,0.008798806271261646
ergo_adaptive,16.25,0.0,0.008727813419663803
ergo_adaptive,16.33333333333337,0.0,0.008649284045741862
ergo_adaptive,16.41666666666663,0.0,0.008570687429777974
ergo_adaptive,16.5,0.0,0.008502098139947222
ergo_adaptive,16.58333333333337,0.0,0.008444500099057808
ergo_adaptive,16.66666666666663,0.0,0.008377157072690515
ergo_adaptive,16.75,0.0,0.008289401237842185
ergo_adaptive,16.83333333333337,0.0,0.008191342674228155
ergo_adaptive,16.91666666666663,0.0,0.00809303430045119
ergo_adaptive,17.0,0.0,0.008008533752304231
ergo_adaptive,17.08333333333337,0.0,0.00793626270919351
ergo_adaptive,17.16666666666663,0.0,0.007859954286993251
ergo_adaptive,17.25,0.0,0.0077766174473387515
ergo_adaptive,17.33333333333337,0.0,0.007686009282083409
ergo_adaptive,17.41666666666663,0.0,0.007599146989472843
ergo_adaptive,17.5,0.0,0.007519243577537342
ergo_adaptive,17.58333333333337,0.0,0.007445791084042929
ergo_adaptive,17.66666666666663,0.0,0.007371842443439107
ergo_adaptive,17.75,0.0,0.007298115229870921
ergo_adaptive,17.83333333333337,0.0,0.00723914676641697
ergo_adaptive,17.91666666666663,0.0,0.007194552092818969
ergo_adaptive,18.0,2.4574884820268628e-5,0.007160610180979943
ergo_adaptive,18.08333333333337,0.0,0.007135126271841192
ergo_adaptive,18.16666666666663,0.0,0.00712968381539171
ergo_adaptive,18.25,0.0,0.007129636681203057
ergo_adaptive,18.33333333333337,0.0,0.007137122260841176
ergo_adaptive,18.41666666666663,0.0,0.0071509779493563064
ergo_adaptive,18.5,0.0,0.007163977457028386
ergo_adaptive,18.58333333333337,0.0,0.007177221533837975
ergo_adaptive,18.66666666666663,0.0,0.007193680067525497
ergo_adaptive,18.75,0.0,0.0072178393738757075
ergo_adaptive,18.83333333333337,0.0,0.007244789884549072
ergo_adaptive,18.91666666666663,0.0,0.007273334199371467
ergo_adaptive,19.0,0.0,0.00730245795689724
ergo_adaptive,19.08333333333337,0.0,0.00733223740948219
ergo_adaptive,19.16666666666663,0.0,0.0073631616358161775
ergo_adaptive,19.25,0.0,0.007394500739516044
ergo_adaptive,19.33333333333337,0.0,0.0074253181377860415
ergo_adaptive,19.41666666666663,0.0,0.007456166706689762
ergo_adaptive,19.5,0.0,0.007487404367482004
ergo_adaptive,19.58333333333337,0.0,0.007519100169443517
ergo_adaptive,19.66666666666663,0.0,0.0075509431314945506
ergo_adaptive,19.75,0.0,0.007582674246825577
ergo_adaptive,19.83333333333337,0.0,0.007614274508590206
ergo_adaptive,19.91666666666663,0.0,0.007645919832106977
ergo_adaptive,20.0,0.0,0.0076775910117840174
ergo_adaptive,20.08333333333337,0.0,0.007708798305338082
ergo_adaptive,20.16666666666663,0.0,0.007739374833124434
ergo_adaptive,20.25,0.0,0.007769604967111588
ergo_adaptive,20.33333333333337,0.0,0.007799515534690318
ergo_adaptive,20.41666666666663,0.0,0.007828319845958248
ergo_adaptive,20.5,0.0,0.007855464406195818
ergo_adaptive,20.58333333333337,0.0,0.007881033736220643
ergo_adaptive,20.66666666666663,0.0,0.007905372197647129
ergo_adaptive,20.75,0.0,0.007928656475408606
ergo_adaptive,20.83333333333337,0.0,0.007950480061169243
ergo_adaptive,20.91666666666663,0.0,0.007970749029711701
ergo_adaptive,21.0,0.0,0.007990440785961965
ergo_adaptive,21.08333333333337,0.0,0.008010290285105148
ergo_adaptive,21.16666666666663,0.0,0.008029072071972378
ergo_adaptive,21.25,0.0,0.008045949907389905
ergo_adaptive,21.33333333333337,0.0,0.008062110539676981
ergo_adaptive,21.41666666666663,0.0,0.008078841875141154
ergo_adaptive,21.5,0.0,0.008095235385783174
ergo_adaptive,21.58333333333337,0.0,0.008109895235418637
ergo_adaptive,21.66666666666663,0.0,0.008123499406711272
ergo_adaptive,21.75,0.0,0.008137425398606016
ergo_adaptive,21.83333333333337,0.0,0.008151809752140094
ergo_adaptive,21.91666666666663,0.0,0.008165960854133104
ergo_adaptive,22.0,0.0,0.008179057879109997
ergo_adaptive,22.08333333333337,0.0,0.008192136158760773
ergo_adaptive,22.16666666666663,0.0,0.008205777579738043
ergo_adaptive,22.25,0.0,0.008219279696509638
ergo_adaptive,22.33333333333337,0.0,0.008231815102838403
ergo_adaptive,22.41666666666663,0.0,0.00824397008754425
ergo_adaptive,22.5,0.0,0.008257221098591982
ergo_adaptive,22.58333333333337,0.0,0.008271398672343966
ergo_adaptive,22.66666666666663,0.0,0.008283767022664042
ergo_adaptive,22.75,0.0,0.008294811933558075
ergo_adaptive,22.83333333333337,0.0,0.008307285666964296
ergo_adaptive,22.91666666666663,0.0,0.008322150122915406
ergo_adaptive,23.0,0.0,0.008334922133410827
ergo_adaptive,23.08333333333337,0.0,0.008344691892486062
ergo_adaptive,23.16666666666663,0.0,0.008354039882715701
ergo_adaptive,23.25,0.0,0.008364659466741763
ergo_adaptive,23.33333333333337,0.0,0.008375488674283388
ergo_adaptive,23.41666666666663,0.0,0.008385039699307725
ergo_adaptive,23.5,0.0,0.008393540530359392
ergo_adaptive,23.58333333333337,0.0,0.008402179697518136
ergo_adaptive,23.66666666666663,0.0,0.008411426783765098
ergo_adaptive,23.75,0.0,0.008420111060143632
ergo_adaptive,23.83333333333337,0.0,0.008427562858746605
ergo_adaptive,23.91666666666663,0.0,0.008434235464406973
ergo_adaptive,24.0,0.0,0.008442586530975132
ergo_adaptive,24.08333333333337,0.0,0.00845153493195434
ergo_adaptive,24.16666666666663,0.0,0.008455706863323805
ergo_adaptive,24.25,0.0,0.008456588080990597
ergo_adaptive,24.33333333333337,0.0,0.008458454161382859
ergo_adaptive,24.41666666666663,0.0,0.008462111354744435
ergo_adaptive,24.5,0.0,0.008464367291133305
ergo_adaptive,24.58333333333337,0.0,0.008463440060940046
ergo_adaptive,24.66666666666663,0.0,0.008462522905794061
ergo_adaptive,24.75,0.0,0.008462521745287752
ergo_adaptive,24.83333333333337,0.0,0.0084619191299738
ergo_adaptive,24.91666666666663,0.0,0.008459348385756543
ergo_adaptive,25.0,0.0,0.008454770825767179
ergo_adaptive,25.08333333333337,0.0,0.008450109938049108
ergo_adaptive,25.16666666666663,0.0,0.008445645900595237
ergo_adaptive,25.25,0.0,0.00844010166544313
ergo_adaptive,25.33333333333337,0.0,0.008431627727995526
ergo_adaptive,25.41666666666663,0.0,0.00842231912609997
ergo_adaptive,25.5,0.0,0.00841491194180245
ergo_adaptive,25.58333333333337,0.0,0.0084061007316145
ergo_adaptive,25.66666666666663,0.0,0.008391075806572687
ergo_adaptive,25.75,0.0,0.00837406972490155
ergo_adaptive,25.83333333333337,0.0,0.0083613410851171
ergo_adaptive,25.91666666666663,0.0,0.008352307942392586
ergo_adaptive,26.0,0.0,0.008332728165861437
ergo_adaptive,26.08333333333337,0.0,0.008306185831644566
ergo_adaptive,26.16666666666663,0.0,0.00828185207707669
ergo_adaptive,26.25,0.0,0.008262418351466978
ergo_adaptive,26.33333333333337,0.0,0.00823703396116334
ergo_adaptive,26.41666666666663,0.0,0.008203198993580385
ergo_adaptive,26.5,0.0,0.008170666825163788
ergo_adaptive,26.58333333333337,0.0,0.008141436247269906
ergo_adaptive,26.66666666666663,0.0,0.00811321905760255
ergo_adaptive,26.75,0.0,0.008080019091613983
ergo_adaptive,26.83333333333337,0.0,0.008042874197059876
ergo_adaptive,26.91666666666663,0.0,0.008006671095223194
ergo_adaptive,27.0,0.0,0.007970724718344945
ergo_adaptive,27.08333333333337,0.0,0.007930193122210856
ergo_adaptive,27.16666666666663,0.0,0.007884461877314987
ergo_adaptive,27.25,0.0,0.00783774224061765
ergo_adaptive,27.33333333333337,0.0,0.007792014851511505
ergo_adaptive,27.41666666666663,0.0,0.007743494928503721
ergo_adaptive,27.5,0.0,0.007693972628552379
ergo_adaptive,27.58333333333337,0.0,0.007644351268378313
ergo_adaptive,27.66666666666663,0.0,0.0076022259403069
ergo_adaptive,27.75,0.0,0.007562987026337999
ergo_adaptive,27.83333333333337,0.0,0.007522585307682904
ergo_adaptive,27.91666666666663,0.0,0.0074774333911432405
ergo_adaptive,28.0,0.0,0.007432189527895762
ergo_adaptive,28.08333333333337,0.0,0.007387777156665221
ergo_adaptive,28.16666666666663,0.0,0.007334494499615223
ergo_adaptive,28.25,0.0,0.007265490708937672
ergo_adaptive,28.33333333333337,0.0,0.007184892554752694
ergo_adaptive,28.41666666666663,0.0,0.007096179841659367
ergo_adaptive,28.5,0.0,0.007000676962196349
ergo_adaptive,28.58333333333337,0.0,0.006908520410538213
ergo_adaptive,28.66666666666663,0.0,0.006831763123217677
ergo_adaptive,28.75,0.0,0.006734810941158774
ergo_adaptive,28.83333333333337,0.0,0.006611161566421561
ergo_adaptive,28.91666666666663,0.0,0.006490947039875068
ergo_adaptive,29.0,0.0,0.006393299126885252
ergo_adaptive,29.08333333333337,0.0,0.00630936450386259
ergo_adaptive,29.16666666666663,0.0,0.00620889228542023
ergo_adaptive,29.25,0.0,0.006101621523597372
ergo_adaptive,29.33333333333337,0.0,0.006008037331181978
ergo_adaptive,29.41666666666663,0.0,0.005932032590921867
ergo_adaptive,29.5,0.0,0.00586687632562472
ergo_adaptive,29.58333333333337,0.0,0.005805321086517701
ergo_adaptive,29.66666666666663,0.0,0.0057514240302866115
ergo_adaptive,29.75,0.0,0.005709325823660041
ergo_adaptive,29.83333333333337,3.1135875834828445e-6,0.005679803326079719
ergo_adaptive,29.91666666666663,4.145984594707059e-6,0.005678803748213847
ergo_adaptive,30.0,0.0,0.005687741778481888
ergo_adaptive,30.08333333333337,1.1663412617902646e-5,0.0056963527799128826
ergo_adaptive,30.16666666666663,0.00022407036767565426,0.005697477438046949
ergo_adaptive,30.25,0.00012554440208268163,0.005699872894814112
ergo_adaptive,30.33333333333337,0.0001543726064532624,0.005704157807470918
ergo_adaptive,30.41666666666663,8.5903711110185e-5,0.005720483784138034
ergo_adaptive,30.5,0.00023760464536799387,0.0057430933896125205
ergo_adaptive,30.58333333333337,0.00013360833247639829,0.005764938317446561
ergo_adaptive,30.66666666666663,0.00012395622059411932,0.005787987265174754
ergo_adaptive,30.75,0.000293549525118534,0.0058119719208818395
ergo_adaptive,30.83333333333337,0.00014210267425474198,0.005834740434092624
ergo_adaptive,30.91666666666663,8.369854355500633e-5,0.005857866820379595
ergo_adaptive,31.0,3.6889160197074565e-5,0.005879923111148443
ergo_adaptive,31.08333333333337,0.0,0.00590083238591388
ergo_adaptive,31.16666666666663,0.0,0.00592528609456938
ergo_adaptive,31.25,0.0,0.005948157561009724
ergo_adaptive,31.33333333333337,4.368739578462813e-5,0.005967750418098683
ergo_adaptive,31.41666666666663,5.3297452738101974e-5,0.005989698491829681
ergo_adaptive,31.5,0.0,0.006011295184619585
ergo_adaptive,31.58333333333337,1.506859743902972e-6,0.0060341675902899315
ergo_adaptive,31.66666666666663,0.0,0.006055436700167507
ergo_adaptive,31.75,0.0,0.0060772112017464085
ergo_adaptive,31.83333333333337,0.0,0.006096485739858815
ergo_adaptive,31.91666666666663,0.0,0.006112971757624928
ergo_adaptive,32.0,0.0,0.0061306648547661945
ergo_adaptive,32.08333333333337,0.0,0.006149256263664526
ergo_adaptive,32.16666666666663,0.0,0.00616741152785602
ergo_adaptive,32.25,0.0,0.006184756857878131
ergo_adaptive,32.33333333333337,0.0,0.006202784366788298
ergo_adaptive,32.41666666666663,0.0,0.006222368449386653
ergo_adaptive,32.5,0.0,0.0062417722457674095
ergo_adaptive,32.58333333333337,0.0,0.006259525624392997
ergo_adaptive,32.66666666666663,0.0,0.006277010059546165
ergo_adaptive,32.75,0.0,0.006296368498547032
ergo_adaptive,32.83333333333337,0.0,0.006316192323178089
ergo_adaptive,32.91666666666663,0.0,0.006333147896656051
ergo_adaptive,33.0,0.0,0.006348403741418923
ergo_adaptive,33.08333333333337,0.0,0.00636713358374563
ergo_adaptive,33.16666666666663,0.0,0.0063893854217634055
ergo_adaptive,33.25,0.0,0.006408977085746824
ergo_adaptive,33.33333333333337,0.0,0.0064251033575334435
ergo_adaptive,33.41666666666663,0.0,0.006442001351008256
ergo_adaptive,33.5,0.0,0.006463765819315199
ergo_adaptive,33.58333333333337,0.0,0.006483625161422209
ergo_adaptive,33.66666666666663,0.0,0.00649890678603591
ergo_adaptive,33.75,0.0,0.006513290281055608
ergo_adaptive,33.83333333333337,0.0,0.006530330281766555
ergo_adaptive,33.91666666666663,0.0,0.006547650940766741
ergo_adaptive,34.0,0.0,0.006561066774261253
ergo_adaptive,34.08333333333337,0.0,0.006572321643056509
ergo_adaptive,34.16666666666663,0.0,0.00658501423242837
ergo_adaptive,34.25,0.0,0.0065991399689396425
ergo_adaptive,34.33333333333337,0.0,0.006610910789537171
ergo_adaptive,34.41666666666663,0.0,0.00661987189382242
ergo_adaptive,34.5,0.0,0.006628928781920491
ergo_adaptive,34.58333333333337,0.0,0.006639692866582855
ergo_adaptive,34.66666666666663,0.0,0.006649827445131227
ergo_adaptive,34.75,0.0,0.006657599215556753
ergo_adaptive,34.83333333333337,0.0,0.006664891479740691
ergo_adaptive,34.91666666666663,0.0,0.0066740989057458705
ergo_adaptive,35.0,0.0,0.006684482310496264
ergo_adaptive,35.08333333333337,0.0,0.00669376140054448
ergo_adaptive,35.16666666666663,0.0,0.006702015537810364
ergo_adaptive,35.25,0.0,0.006711213657801961
ergo_adaptive,35.33333333333337,0.0,0.006723666548306916
ergo_adaptive,35.41666666666663,0.0,0.006740503067890596
ergo_adaptive,35.5,0.0,0.006756871682687492
ergo_adaptive,35.58333333333337,0.0,0.00676902992130089
ergo_adaptive,35.66666666666663,0.0,0.0067764303540100886
ergo_adaptive,35.75,0.0,0.006779944070660541
ergo_adaptive,35.83333333333337,0.0,0.006775026474411744
ergo_adaptive,35.91666666666663,0.0,0.0067625548812718424
ergo_adaptive,36.0,0.0,0.006747256723904435
ergo_adaptive,36.08333333333337,0.0,0.006734053615994335
ergo_adaptive,36.16666666666663,0.0,0.006716294125389744
ergo_adaptive,36.25,0.0,0.00669023005335288
ergo_adaptive,36.33333333333337,0.0,0.006660065175669038
ergo_adaptive,36.41666666666663,0.0,0.006630494390420583
ergo_adaptive,36.5,0.0,0.006599309323967817
ergo_adaptive,36.58333333333337,0.0,0.006566198975114453
ergo_adaptive,36.66666666666663,0.0,0.006529862205320642
ergo_adaptive,36.75,0.0,0.006492827104403495
ergo_adaptive,36.83333333333337,0.0,0.006456331436317224
ergo_adaptive,36.91666666666663,0.0,0.006416873996690225
ergo_adaptive,37.0,0.0,0.006376228146780949
ergo_adaptive,37.08333333333337,0.0,0.00633642202828547
ergo_adaptive,37.16666666666663,0.0,0.006301361976492361
ergo_adaptive,37.25,0.0,0.0062676417338107795
ergo_adaptive,37.33333333333337,0.0,0.006225241808161732
ergo_adaptive,37.41666666666663,0.0,0.006177942619793035
ergo_adaptive,37.5,0.0,0.006137513526493114
ergo_adaptive,37.58333333333337,0.0,0.00610460874949619
ergo_adaptive,37.66666666666663,0.0,0.006062362983801608
ergo_adaptive,37.75,0.0,0.006012515830801932
ergo_adaptive,37.83333333333337,0.0,0.005965015329519224
ergo_adaptive,37.91666666666663,0.0,0.005925892574845962
ergo_adaptive,38.0,0.0,0.005897913192653994
ergo_adaptive,38.08333333333337,0.0,0.0058717096370268715
ergo_adaptive,38.16666666666663,0.0,0.005852024166141312
ergo_adaptive,38.25,0.0,0.005837609908566855
ergo_adaptive,38.33333333333337,0.0,0.00583079292335536
ergo_adaptive,38.41666666666663,0.0,0.005833384384477211
ergo_adaptive,38.5,0.0,0.005840461562116256
ergo_adaptive,38.58333333333337,0.0,0.005849381321493333
ergo_adaptive,38.66666666666663,0.0,0.005863523167335258
ergo_adaptive,38.75,0.0,0.0058795073113822195
ergo_adaptive,38.83333333333337,0.0,0.005893386175378963
ergo_adaptive,38.91666666666663,0.0,0.005906836341962895
ergo_adaptive,39.0,0.0,0.005922203232333156
ergo_adaptive,39.08333333333337,0.0,0.005939909740210049
ergo_adaptive,39.16666666666663,0.0,0.005958904247631012
ergo_adaptive,39.25,0.0,0.005978080518674912
ergo_adaptive,39.33333333333337,0.0,0.005997598810968988
ergo_adaptive,39.41666666666663,0.0,0.0060193292521224994
ergo_adaptive,39.5,0.0,0.006044334773040876
ergo_adaptive,39.58333333333337,0.0,0.0060665292135892125
ergo_adaptive,39.66666666666663,0.0,0.006085475485444073
ergo_adaptive,39.75,0.0,0.006103982143162265
ergo_adaptive,39.83333333333337,0.0,0.006123741682869506
ergo_adaptive,39.91666666666663,0.0,0.0061436836397886895
ergo_adaptive,40.0,0.0,0.006162583168180456
ergo_adaptive,40.08333333333337,0.0,0.006180810079809824
ergo_adaptive,40.16666666666663,0.0,0.006199588300083358
ergo_adaptive,40.25,0.0,0.006220656770767363
ergo_adaptive,40.33333333333337,0.0,0.006244782196974625
ergo_adaptive,40.41666666666663,0.0,0.006266311016103668
ergo_adaptive,40.5,0.0,0.006285775117759772
ergo_adaptive,40.58333333333337,0.0,0.006306924946913866
ergo_adaptive,40.66666666666663,0.0,0.006329186690049059
ergo_adaptive,40.75,0.0,0.006349389849738418
ergo_adaptive,40.83333333333337,0.0,0.006367610177576592
ergo_adaptive,40.91666666666663,0.0,0.006385546686995427
ergo_adaptive,41.0,0.0,0.006404555395648165
ergo_adaptive,41.08333333333337,0.0,0.006424706982304607
ergo_adaptive,41.16666666666663,0.0,0.006444704830856966
ergo_adaptive,41.25,0.0,0.006464486716583181
ergo_adaptive,41.33333333333337,0.0,0.0064844129333278
ergo_adaptive,41.41666666666663,0.0,0.006506835438193578
ergo_adaptive,41.5,0.0,0.006528023910022161
ergo_adaptive,41.58333333333337,0.0,0.006545001797448277
ergo_adaptive,41.66666666666663,0.0,0.006560263530987397
ergo_adaptive,41.75,0.0,0.006577522396856207
ergo_adaptive,41.83333333333337,0.0,0.0065963791079466936
ergo_adaptive,41.91666666666663,0.0,0.006617352976416611
ergo_adaptive,42.0,0.0,0.006637825175799315
ergo_adaptive,42.08333333333337,0.0,0.006658298795669019
ergo_adaptive,42.16666666666663,0.0,0.006680845105072733
ergo_adaptive,42.25,0.0,0.006706806936420858
ergo_adaptive,42.33333333333337,0.0,0.00673001026289576
ergo_adaptive,42.41666666666663,0.0,0.006750277080346635
ergo_adaptive,42.5,0.0,0.006771305264448897
ergo_adaptive,42.58333333333337,0.0,0.006794493136839256
ergo_adaptive,42.66666666666663,0.0,0.006817241446182038
ergo_adaptive,42.75,0.0,0.006838541852215918
ergo_adaptive,42.83333333333337,0.0,0.006859920226936227
ergo_adaptive,42.91666666666663,0.0,0.006882884547922214
ergo_adaptive,43.0,0.0,0.0069074066343320925
ergo_adaptive,43.08333333333337,0.0,0.006932215864338948
ergo_adaptive,43.16666666666663,0.0,0.006956661261354812
ergo_adaptive,43.25,0.0,0.006981947214022156
ergo_adaptive,43.33333333333337,0.0,0.0070108027379589075
ergo_adaptive,43.41666666666663,0.0,0.007041896562913971
ergo_adaptive,43.5,0.0,0.007070548816598875
ergo_adaptive,43.58333333333337,0.0,0.007098551517939238
ergo_adaptive,43.66666666666663,0.0,0.007128652558991274
ergo_adaptive,43.75,0.0,0.0071604711270843975
ergo_adaptive,43.83333333333337,0.0,0.007191381108612558
ergo_adaptive,43.91666666666663,0.0,0.007221764406946194
ergo_adaptive,44.0,0.0,0.007253204385745891
ergo_adaptive,44.08333333333337,0.0,0.007286505435583263
ergo_adaptive,44.16666666666663,0.0,0.007321174496135756
ergo_adaptive,44.25,0.0,0.007355923029421316
ergo_adaptive,44.33333333333337,0.0,0.007391456014605299
ergo_adaptive,44.41666666666663,0.0,0.007428265021148319
ergo_adaptive,44.5,0.0,0.007465747667061218
ergo_adaptive,44.58333333333337,0.0,0.007503250684676798
ergo_adaptive,44.66666666666663,0.0,0.007540667353316212
ergo_adaptive,44.75,0.0,0.00757844045208182
ergo_adaptive,44.83333333333337,0.0,0.0076167913156862015
ergo_adaptive,44.91666666666663,0.0,0.0076550811964987584
ergo_adaptive,45.0,0.0,0.007693965848070504
ergo_adaptive,45.08333333333337,0.0,0.007734057127806701
ergo_adaptive,45.16666666666663,0.0,0.007774768839730453
ergo_adaptive,45.25,0.0,0.007815578676392352
ergo_adaptive,45.33333333333337,0.0,0.00785582191220641
ergo_adaptive,45.41666666666663,0.0,0.007896987692585535
ergo_adaptive,45.5,0.0,0.007938825342112196
ergo_adaptive,45.58333333333337,0.0,0.00798089986524678
ergo_adaptive,45.66666666666663,0.0,0.00802273569687088
ergo_adaptive,45.75,0.0,0.00806422888254313
ergo_adaptive,45.83333333333337,0.0,0.008105189582092774
ergo_adaptive,45.91666666666663,0.0,0.008145536077043693
ergo_adaptive,46.0,0.0,0.008185318173279154
ergo_adaptive,46.08333333333337,0.0,0.00822372946416198
ergo_adaptive,46.16666666666663,0.0,0.008260662791277136
ergo_adaptive,46.25,0.0,0.008296534529508473
ergo_adaptive,46.33333333333337,0.0,0.008331674957175225
ergo_adaptive,46.41666666666663,0.0,0.008365644630407551
ergo_adaptive,46.5,0.0,0.008398005666119226
ergo_adaptive,46.58333333333337,0.0,0.00842900426448848
ergo_adaptive,46.66666666666663,0.0,0.00845918810459768
ergo_adaptive,46.75,0.0,0.008488620798695137
ergo_adaptive,46.83333333333337,0.0,0.008518007958362621
ergo_adaptive,46.91666666666663,0.0,0.008546079710634797
ergo_adaptive,47.0,0.0,0.008573356184692994
ergo_adaptive,47.08333333333337,0.0,0.008600589230908194
ergo_adaptive,47.16666666666663,0.0,0.008626862862200876
ergo_adaptive,47.25,0.0,0.008650890859937524
ergo_adaptive,47.33333333333337,0.0,0.008673568156694605
ergo_adaptive,47.41666666666663,0.0,0.00869730948007795
ergo_adaptive,47.5,0.0,0.008721221835563633
ergo_adaptive,47.58333333333337,0.0,0.008740983113482457
ergo_adaptive,47.66666666666663,0.0,0.00875767232846419
ergo_adaptive,47.75,0.0,0.008774708894323503
ergo_adaptive,47.83333333333337,0.0,0.008793128876122682
ergo_adaptive,47.91666666666663,0.0,0.008809477837187022
ergo_adaptive,48.0,0.0,0.008822524291824146
ergo_adaptive,48.08333333333337,0.0,0.008834972082689936
ergo_adaptive,48.16666666666663,0.0,0.008848487330083947
ergo_adaptive,48.25,0.0,0.008861752598328367
ergo_adaptive,48.33333333333337,0.0,0.008872920564453218
ergo_adaptive,48.41666666666663,0.0,0.008882606457529458
ergo_adaptive,48.5,0.0,0.00890064582960468
ergo_adaptive,48.58333333333337,0.0,0.008922322791933697
ergo_adaptive,48.66666666666663,0.0,0.00893942749872192
ergo_adaptive,48.75,0.0,0.008960793035760316
ergo_adaptive,48.83333333333337,0.0,0.008975047822262673
ergo_adaptive,48.91666666666663,0.0,0.008995144337106785
ergo_adaptive,49.0,0.0,0.009017366350858532
ergo_adaptive,49.08333333333337,0.0,0.0090345787067906
ergo_adaptive,49.16666666666663,0.0,0.009052808791511402
ergo_adaptive,49.25,0.0,0.009066799782082378
ergo_adaptive,49.33333333333337,0.0,0.009085786041458212
ergo_adaptive,49.41666666666663,0.0,0.00910541959312991
ergo_adaptive,49.5,0.0,0.009127101060656487
ergo_adaptive,49.58333333333337,0.0,0.009144163685862348
ergo_adaptive,49.66666666666663,0.0,0.0091606976634428
ergo_adaptive,49.75,0.0,0.009174866975591217
ergo_adaptive,49.83333333333337,0.0,0.009187795781844406
ergo_adaptive,49.91666666666663,0.0,0.009199079025642288
ergo_adaptive,50.0,0.0,0.00921011152237984
ergo_adaptive,50.08333333333337,0.0,0.00922118611344032
ergo_adaptive,50.16666666666663,0.0,0.00923313485430917
ergo_adaptive,50.25,0.0,0.009244568762271846
ergo_adaptive,50.33333333333337,0.0,0.009254729093703108
ergo_adaptive,50.41666666666663,0.0,0.009265283293939415
ergo_adaptive,50.5,0.0,0.009276460225965833
ergo_adaptive,50.58333333333337,0.0,0.009286994706940652
ergo_adaptive,50.66666666666663,0.0,0.0092963666872878
ergo_adaptive,50.75,0.0,0.009304456733042527
ergo_adaptive,50.83333333333337,0.0,0.009311975082298442
ergo_adaptive,50.91666666666663,0.0,0.009318769028901556
ergo_adaptive,51.0,0.0,0.009324444249679768
ergo_adaptive,51.08333333333337,0.0,0.009328182054124062
ergo_adaptive,51.16666666666663,0.0,0.00933127355281402
ergo_adaptive,51.25,0.0,0.009333856048896005
ergo_adaptive,51.33333333333337,0.0,0.009335161289517235
ergo_adaptive,51.41666666666663,0.0,0.00933505122926601
ergo_adaptive,51.5,0.0,0.009334136452718368
ergo_adaptive,51.58333333333337,0.0,0.009333064919854668
ergo_adaptive,51.66666666666663,0.0,0.009330655947425371
ergo_adaptive,51.75,0.0,0.0093264634021472
ergo_adaptive,51.83333333333337,0.0,0.009320891835464647
ergo_adaptive,51.91666666666663,0.0,0.00931489642583397
ergo_adaptive,52.0,0.0,0.009309916405472789
ergo_adaptive,52.08333333333337,0.0,0.009307517911346092
ergo_adaptive,52.16666666666663,0.0,0.009308991620723503
ergo_adaptive,52.25,0.0,0.009310304176271884
ergo_adaptive,52.33333333333337,0.0,0.009305506429958608
ergo_adaptive,52.41666666666663,0.0,0.009293521779862382
ergo_adaptive,52.5,0.0,0.009274417854202209
ergo_adaptive,52.58333333333337,0.0,0.009250819577481252
ergo_adaptive,52.66666666666663,0.0,0.009225380319120034
ergo_adaptive,52.75,0.0,0.009197041369348551
ergo_adaptive,52.83333333333337,0.0,0.00916312415867499
ergo_adaptive,52.91666666666663,0.0,0.009125200758935983
ergo_adaptive,53.0,0.0,0.009087175942771636
ergo_adaptive,53.08333333333337,0.0,0.009052350466052373
ergo_adaptive,53.16666666666663,0.0,0.009016365208685808
ergo_adaptive,53.25,0.0,0.008976604063087583
ergo_adaptive,53.33333333333337,0.0,0.008936726222107479
ergo_adaptive,53.41666666666663,0.0,0.008902678990796532
ergo_adaptive,53.5,0.0,0.008869719662284035
ergo_adaptive,53.58333333333337,0.0,0.008830567941406473
ergo_adaptive,53.66666666666663,0.0,0.008787953017643811
ergo_adaptive,53.75,0.0,0.008751443459191988
ergo_adaptive,53.83333333333337,0.0,0.008721732479714927
ergo_adaptive,53.91666666666663,0.0,0.008681792961464358
ergo_adaptive,54.0,0.0,0.008634955393149873
ergo_adaptive,54.08333333333337,0.0,0.008591517170531686
ergo_adaptive,54.16666666666663,0.0,0.008556618867888966
ergo_adaptive,54.25,0.0,0.008520985275325113
ergo_adaptive,54.33333333333337,0.0,0.008480865362725961
ergo_adaptive,54.41666666666663,0.0,0.008444498211672197
ergo_adaptive,54.5,0.0,0.00841395268293004
ergo_adaptive,54.58333333333337,0.0,0.008387181118188468
ergo_adaptive,54.66666666666663,0.0,0.008360946658997498
ergo_adaptive,54.75,0.0,0.008335697666888846
ergo_adaptive,54.83333333333337,0.0,0.008315132345841606
ergo_adaptive,54.91666666666663,0.0,0.008300822860500988
ergo_adaptive,55.0,0.0,0.008288598320339237
ergo_adaptive,55.08333333333337,0.0,0.00827546725666713
ergo_adaptive,55.16666666666663,0.0,0.008265039567272387
ergo_adaptive,55.25,0.0,0.008263422776232423
ergo_adaptive,55.33333333333337,0.0,0.008265358333357285
ergo_adaptive,55.41666666666663,0.0,0.008262329561878152
ergo_adaptive,55.5,0.0,0.008258200614993596
ergo_adaptive,55.58333333333337,0.0,0.008259624920619229
ergo_adaptive,55.66666666666663,0.0,0.008266255293790345
ergo_adaptive,55.75,0.0,0.008270878752166014
ergo_adaptive,55.83333333333337,0.0,0.00827378269658476
ergo_adaptive,55.91666666666663,0.0,0.008278761416532726
ergo_adaptive,56.0,0.0,0.00828728531994576
ergo_adaptive,56.08333333333337,0.0,0.008297598268011356
ergo_adaptive,56.16666666666663,0.0,0.008308286652266168
ergo_adaptive,56.25,0.0,0.008320736615145973
ergo_adaptive,56.33333333333337,0.0,0.008336054822637664
ergo_adaptive,56.41666666666663,0.0,0.008353973731053425
ergo_adaptive,56.5,0.0,0.008372427939856814
ergo_adaptive,56.58333333333337,0.0,0.008390211737462143
ergo_adaptive,56.66666666666663,0.0,0.008409059615490115
ergo_adaptive,56.75,0.0,0.008431496839327481
ergo_adaptive,56.83333333333337,0.0,0.008454279226639756
ergo_adaptive,56.91666666666663,0.0,0.00847425561005268
ergo_adaptive,57.0,0.0,0.008493314552289591
ergo_adaptive,57.08333333333337,0.0,0.008513863554690072
ergo_adaptive,57.16666666666663,0.0,0.008535882422089955
ergo_adaptive,57.25,0.0,0.00855861174761984
ergo_adaptive,57.33333333333337,0.0,0.008582043430365078
ergo_adaptive,57.41666666666663,0.0,0.008607890111402753
ergo_adaptive,57.5,0.0,0.0086365299321828
ergo_adaptive,57.58333333333337,0.0,0.008667870477917457
ergo_adaptive,57.66666666666663,0.0,0.008700268512672521
ergo_adaptive,57.75,0.0,0.008733099981297374
ergo_adaptive,57.83333333333337,0.0,0.00876591751915884
ergo_adaptive,57.91666666666663,0.0,0.008798370468112758
ergo_adaptive,58.0,0.0,0.008830220610732173
ergo_adaptive,58.08333333333337,0.0,0.00886131894017371
ergo_adaptive,58.16666666666663,0.0,0.008891579840891038
ergo_adaptive,58.25,0.0,0.00892096309449944
ergo_adaptive,58.33333333333337,0.0,0.008949461650550602
ergo_adaptive,58.41666666666663,0.0,0.008977092569048791
ergo_adaptive,58.5,0.0,0.009003889829724481
ergo_adaptive,58.58333333333337,0.0,0.00902989849972703
ergo_adaptive,58.66666666666663,0.0,0.009055828938770502
ergo_adaptive,58.75,0.0,0.00908185023396575
ergo_adaptive,58.83333333333337,0.0,0.00910817400196026
ergo_adaptive,58.91666666666663,0.0,0.009133876918938166
ergo_adaptive,59.0,0.0,0.009159013024826692
ergo_adaptive,59.08333333333337,0.0,0.009183632221999681
ergo_adaptive,59.16666666666663,0.0,0.00920777988807613
ergo_adaptive,59.25,0.0,0.009232072539241
ergo_adaptive,59.33333333333337,0.0,0.009256835941008236
ergo_adaptive,59.41666666666663,0.0,0.009281220153907581
ergo_adaptive,59.5,0.0,0.009305254555994373
ergo_adaptive,59.58333333333337,0.0,0.009328964756889577
ergo_adaptive,59.66666666666663,0.0,0.009352372981279534
ergo_adaptive,59.75,0.0,0.009375498444226431
ergo_adaptive,59.83333333333337,0.0,0.009398357706385045
ergo_adaptive,59.91666666666663,0.0,0.009420965002249647
ergo_adaptive,60.0,0.0,0.009443332538087528
ergo_adaptive,60.08333333333337,0.0,0.00946547075861793
ergo_adaptive,60.16666666666663,0.0,0.00948738858306294
ergo_adaptive,60.25,0.0,0.009509093612159899
ergo_adaptive,60.33333333333337,0.0,0.009530592308258767
ergo_adaptive,60.41666666666663,0.0,0.00955189015086291
ergo_adaptive,60.5,0.0,0.009572991770001829
ergo_adaptive,60.58333333333337,0.0,0.009593901059715564
ergo_adaptive,60.66666666666663,0.0,0.009615643487819485
ergo_adaptive,60.75,0.0,0.00963739745466258
ergo_adaptive,60.83333333333337,0.0,0.009658960395001307
ergo_adaptive,60.91666666666663,0.0,0.009680334147539878
ergo_adaptive,61.0,0.0,0.009701520129874953
ergo_adaptive,61.08333333333337,0.0,0.009722605752809301
ergo_adaptive,61.16666666666663,0.0,0.009743904470168797
ergo_adaptive,61.25,0.0,0.009752577947865652
ergo_adaptive,61.33333333333337,0.0,0.00975216349700593
ergo_adaptive,61.41666666666663,0.0,0.009749214147303807
ergo_adaptive,61.5,0.0,0.009748015875745137
ergo_adaptive,61.58333333333337,0.0,0.009744122785290067
ergo_adaptive,61.66666666666663,0.0,0.009734047239234827
ergo_adaptive,61.75,0.0,0.009720577386802447
ergo_adaptive,61.83333333333337,0.0,0.009707471529220971
ergo_adaptive,61.91666666666663,0.0,0.009692659021249678
ergo_adaptive,62.0,0.0,0.009673085205671252
ergo_adaptive,62.08333333333337,0.0,0.009649953061733154
ergo_adaptive,62.16666666666663,0.0,0.009625631189999977
ergo_adaptive,62.25,0.0,0.009600412298386965
ergo_adaptive,62.33333333333337,0.0,0.009571177606634774
ergo_adaptive,62.41666666666663,0.0,0.009536814058554862
ergo_adaptive,62.5,0.0,0.009500088310971358
ergo_adaptive,62.58333333333337,0.0,0.009463827551672088
ergo_adaptive,62.66666666666663,0.0,0.0094275073739276
ergo_adaptive,62.75,0.0,0.009387897841199524
ergo_adaptive,62.83333333333337,0.0,0.009345543687753238
ergo_adaptive,62.91666666666663,0.0,0.009307461300675569
ergo_adaptive,63.0,0.0,0.009274380875373642
ergo_adaptive,63.08333333333337,0.0,0.009230889827575623
ergo_adaptive,63.16666666666663,0.0,0.009177533878533449
ergo_adaptive,63.25,0.0,0.009126221178306578
ergo_adaptive,63.33333333333337,0.0,0.00908461153160146
ergo_adaptive,63.41666666666663,0.0,0.00904125608939597
ergo_adaptive,63.5,0.0,0.008990312119229384
ergo_adaptive,63.58333333333337,0.0,0.008939088998942838
ergo_adaptive,63.66666666666663,0.0,0.008897406594021514
ergo_adaptive,63.75,0.0,0.008865077352577654
ergo_adaptive,63.83333333333337,0.0,0.008833838984608672
ergo_adaptive,63.91666666666663,0.0,0.008803887706995278
ergo_adaptive,64.0,0.0,0.008779170728579934
ergo_adaptive,64.08333333333337,0.0,0.008764472864434478
ergo_adaptive,64.16666666666663,0.0,0.008757909259146495
ergo_adaptive,64.25,0.0,0.008750664857775328
ergo_adaptive,64.33333333333337,0.0,0.00874523251686032
ergo_adaptive,64.41666666666663,0.0,0.00874846637366073
ergo_adaptive,64.5,0.0,0.00875735690822615
ergo_adaptive,64.58333333333337,0.0,0.008765248300142902
ergo_adaptive,64.66666666666663,0.0,0.008772704629295778
ergo_adaptive,64.75,0.0,0.008782127794299441
ergo_adaptive,64.83333333333337,0.0,0.008794251901257199
ergo_adaptive,64.91666666666663,0.0,0.008808080100129413
ergo_adaptive,65.0,0.0,0.00882246907812143
ergo_adaptive,65.08333333333337,0.0,0.008837192510565034
ergo_adaptive,65.16666666666663,0.0,0.008853233272785067
ergo_adaptive,65.25,0.0,0.008871697552973202
ergo_adaptive,65.33333333333337,0.0,0.008889543621001701
ergo_adaptive,65.41666666666663,0.0,0.008904917903640659
ergo_adaptive,65.5,0.0,0.0089195081559476
ergo_adaptive,65.58333333333337,0.0,0.008934930748038113
ergo_adaptive,65.66666666666663,0.0,0.008950508560114067
ergo_adaptive,65.75,0.0,0.00896506971803803
ergo_adaptive,65.83333333333337,0.0,0.008979269831126962
ergo_adaptive,65.91666666666663,0.0,0.008993692826180245
ergo_adaptive,66.0,0.0,0.009008962841736513
ergo_adaptive,66.08333333333337,0.0,0.009024887570495141
ergo_adaptive,66.16666666666663,0.0,0.009039129355802592
ergo_adaptive,66.25,0.0,0.009051098863691423
ergo_adaptive,66.33333333333337,0.0,0.009064097046667635
ergo_adaptive,66.41666666666663,0.0,0.009077840500055603
ergo_adaptive,66.5,0.0,0.009090286366116817
ergo_adaptive,66.58333333333337,0.0,0.009100936432048833
ergo_adaptive,66.66666666666663,0.0,0.009110647313015308
ergo_adaptive,66.75,0.0,0.00912071045138628
ergo_adaptive,66.83333333333337,0.0,0.009132536327360297
ergo_adaptive,66.91666666666663,0.0,0.009144665078063965
ergo_adaptive,67.0,0.0,0.009153062664800597
ergo_adaptive,67.08333333333337,0.0,0.009159387071735001
ergo_adaptive,67.16666666666663,0.0,0.00916572834731158
ergo_adaptive,67.25,0.0,0.009173694410636712
ergo_adaptive,67.33333333333337,0.0,0.00918175314988291
ergo_adaptive,67.41666666666663,0.0,0.009189420679325122
ergo_adaptive,67.5,0.0,0.009193839904389151
ergo_adaptive,67.58333333333337,0.0,0.009194106668173488
ergo_adaptive,67.66666666666663,0.0,0.009191658879677106
ergo_adaptive,67.75,0.0,0.00918772015032711
ergo_adaptive,67.83333333333337,0.0,0.009184506012258039
ergo_adaptive,67.91666666666663,0.0,0.009183601746061419
ergo_adaptive,68.0,0.0,0.009177613363356313
ergo_adaptive,68.08333333333337,0.0,0.009162658275982154
ergo_adaptive,68.16666666666663,0.0,0.009143148913020963
ergo_adaptive,68.25,0.0,0.009123506099935935
ergo_adaptive,68.33333333333337,0.0,0.009110455769699466
ergo_adaptive,68.41666666666663,0.0,0.009103414519681186
ergo_adaptive,68.5,0.0,0.00909404159361892
ergo_adaptive,68.58333333333337,0.0,0.00907574599292961
ergo_adaptive,68.66666666666663,0.0,0.009054646222311329
ergo_adaptive,68.75,0.0,0.009033938144583973
ergo_adaptive,68.83333333333337,0.0,0.009014827910190105
ergo_adaptive,68.91666666666663,0.0,0.008996894728862637
ergo_adaptive,69.0,0.0,0.008978447132268133
ergo_adaptive,69.08333333333337,0.0,0.008959424672329278
ergo_adaptive,69.16666666666663,0.0,0.008943950832421357
ergo_adaptive,69.25,0.0,0.00893043126869021
ergo_adaptive,69.33333333333337,0.0,0.008907094024417878
ergo_adaptive,69.41666666666663,0.0,0.008874072756172373
ergo_adaptive,69.5,0.0,0.008837721741971774
ergo_adaptive,69.58333333333337,0.0,0.008803357993427753
ergo_adaptive,69.66666666666663,0.0,0.008774240212269843
ergo_adaptive,69.75,0.0,0.008745791815593242
ergo_adaptive,69.83333333333337,0.0,0.00870668170070453
ergo_adaptive,69.91666666666663,0.0,0.008667643077175937
ergo_adaptive,70.0,0.0,0.008630616707525145
ergo_adaptive,70.08333333333337,0.0,0.008594573158986636
ergo_adaptive,70.16666666666663,0.0,0.008554306125268508
ergo_adaptive,70.25,0.0,0.008509884062436234
ergo_adaptive,70.33333333333337,0.0,0.008465451642133335
ergo_adaptive,70.41666666666663,0.0,0.00842738188726279
ergo_adaptive,70.5,0.0,0.008400912644241096
ergo_adaptive,70.58333333333337,0.0,0.008372404748509525
ergo_adaptive,70.66666666666663,0.0,0.008337987903818105
ergo_adaptive,70.75,0.0,0.0083029011658845
ergo_adaptive,70.83333333333337,0.0,0.008275163959391265
ergo_adaptive,70.91666666666663,0.0,0.008253409614171127
ergo_adaptive,71.0,0.0,0.008243945310613284
ergo_adaptive,71.08333333333337,0.0,0.008238905097792286
ergo_adaptive,71.16666666666663,0.0,0.008239206917846633
ergo_adaptive,71.25,0.0,0.008248263068643777
ergo_adaptive,71.33333333333337,0.0,0.008265950169745065
ergo_adaptive,71.41666666666663,0.0,0.008282693604824818
ergo_adaptive,71.5,0.0,0.00830191008012127
ergo_adaptive,71.58333333333337,0.0,0.008325802248326002
ergo_adaptive,71.66666666666663,0.0,0.00835448898484066
ergo_adaptive,71.75,0.0,0.00838622821819169
ergo_adaptive,71.83333333333337,0.0,0.008420971070426251
ergo_adaptive,71.91666666666663,0.0,0.008458556576482753
ergo_adaptive,72.0,0.0,0.008498297299987594
ergo_adaptive,72.08333333333337,0.0,0.008540415007154273
ergo_adaptive,72.16666666666663,0.0,0.008583679095514678
ergo_adaptive,72.25,0.0,0.008625826271039777
ergo_adaptive,72.33333333333337,0.0,0.008667544893704639
ergo_adaptive,72.41666666666663,0.0,0.008709737954616575
ergo_adaptive,72.5,0.0,0.008752516447372023
ergo_adaptive,72.58333333333337,0.0,0.00879552741244961
ergo_adaptive,72.66666666666663,0.0,0.008840110918273763
ergo_adaptive,72.75,0.0,0.008884801501862095
ergo_adaptive,72.83333333333337,0.0,0.008929749232693613
ergo_adaptive,72.91666666666663,0.0,0.00897507027920961
ergo_adaptive,73.0,0.0,0.009019730946956106
ergo_adaptive,73.08333333333337,0.0,0.009062674084384808
ergo_adaptive,73.16666666666663,0.0,0.009102347185658841
ergo_adaptive,73.25,0.0,0.009137405698579591
ergo_adaptive,73.33333333333337,0.0,0.00916765322187404
ergo_adaptive,73.41666666666663,0.0,0.009194487001472988
ergo_adaptive,73.5,0.0,0.00921887863203544
ergo_adaptive,73.58333333333337,0.0,0.00923969665840212
ergo_adaptive,73.66666666666663,0.0,0.009257509504061812
ergo_adaptive,73.75,0.0,0.009274066143560298
ergo_adaptive,73.83333333333337,0.0,0.00929080034842813
ergo_adaptive,73.91666666666663,0.0,0.009305155660616068
ergo_adaptive,74.0,0.0,0.009315520956323119
ergo_adaptive,74.08333333333337,0.0,0.009324427394213124
ergo_adaptive,74.16666666666663,0.0,0.009335640514079566
ergo_adaptive,74.25,0.0,0.009346358246202564
ergo_adaptive,74.33333333333337,0.0,0.009354518653880237
ergo_adaptive,74.41666666666663,0.0,0.009361013777702706
ergo_adaptive,74.5,0.0,0.00936901379906527
ergo_adaptive,74.58333333333337,0.0,0.009378372756907127
ergo_adaptive,74.66666666666663,0.0,0.009386221474665207
ergo_adaptive,74.75,0.0,0.00939262680562034
ergo_adaptive,74.83333333333337,0.0,0.009400430386185325
ergo_adaptive,74.91666666666663,0.0,0.00941191625235736
ergo_adaptive,75.0,0.0,0.00942563432082586
ergo_adaptive,75.08333333333337,0.0,0.00944103913234063
ergo_adaptive,75.16666666666663,0.0,0.009457049944594526
ergo_adaptive,75.25,0.0,0.009474913646525637
ergo_adaptive,75.33333333333337,0.0,0.009495068812774652
ergo_adaptive,75.41666666666663,0.0,0.009514763596228286
ergo_adaptive,75.5,0.0,0.00953428639278861
ergo_adaptive,75.58333333333337,0.0,0.009555681329688152
ergo_adaptive,75.66666666666663,0.0,0.009579147663035685
ergo_adaptive,75.75,0.0,0.009601849370013422
ergo_adaptive,75.83333333333337,0.0,0.009623175421384201
ergo_adaptive,75.91666666666663,0.0,0.009645187996946577
ergo_adaptive,76.0,0.0,0.009669499608874733
ergo_adaptive,76.08333333333337,0.0,0.009692869681596814
ergo_adaptive,76.16666666666663,0.0,0.009713174481130871
ergo_adaptive,76.25,0.0,0.009732887763807914
ergo_adaptive,76.33333333333337,0.0,0.009755879609430189
ergo_adaptive,76.41666666666663,0.0,0.009779274582850576
ergo_adaptive,76.5,0.0,0.009797090676609065
ergo_adaptive,76.58333333333337,0.0,0.009812245929795866
ergo_adaptive,76.66666666666663,0.0,0.009829156071869278
ergo_adaptive,76.75,0.0,0.009847856266613799
ergo_adaptive,76.83333333333337,0.0,0.00986350077636638
ergo_adaptive,76.91666666666663,0.0,0.009877194152994838
ergo_adaptive,77.0,0.0,0.009890782615995944
ergo_adaptive,77.08333333333337,0.0,0.009905654239956718
ergo_adaptive,77.16666666666663,0.0,0.00991957714659025
ergo_adaptive,77.25,0.0,0.009930729459677117
ergo_adaptive,77.33333333333337,0.0,0.009940365742267827
ergo_adaptive,77.41666666666663,0.0,0.009950400287030944
ergo_adaptive,77.5,0.0,0.009960298342425873
ergo_adaptive,77.58333333333337,0.0,0.009968022840264896
ergo_adaptive,77.66666666666663,0.0,0.009973461884906146
ergo_adaptive,77.75,0.0,0.009978665970557273
ergo_adaptive,77.83333333333337,0.0,0.009984421471997185
ergo_adaptive,77.91666666666663,0.0,0.009988445224732889
ergo_adaptive,78.0,0.0,0.009989209318812814
ergo_adaptive,78.08333333333337,0.0,0.009988933171678658
ergo_adaptive,78.16666666666663,0.0,0.009990271311206464
ergo_adaptive,78.25,0.0,0.009990898856793376
ergo_adaptive,78.33333333333337,0.0,0.00998880304010723
ergo_adaptive,78.41666666666663,0.0,0.009985848975066637
ergo_adaptive,78.5,0.0,0.00998541969126517
ergo_adaptive,78.58333333333337,0.0,0.009986888872430823
ergo_adaptive,78.66666666666663,0.0,0.009982701036170933
ergo_adaptive,78.75,0.0,0.009974157151861507
ergo_adaptive,78.83333333333337,0.0,0.00996924873403051
ergo_adaptive,78.91666666666663,0.0,0.00996999115975978
ergo_adaptive,79.0,0.0,0.009965773955443867
ergo_adaptive,79.08333333333337,0.0,0.009955331150369815
ergo_adaptive,79.16666666666663,0.0,0.009945314314316285
ergo_adaptive,79.25,0.0,0.009943346248009313
ergo_adaptive,79.33333333333337,0.0,0.009940114682997816
ergo_adaptive,79.41666666666663,0.0,0.009928108628072896
ergo_adaptive,79.5,0.0,0.009913930107017539
ergo_adaptive,79.58333333333337,0.0,0.009907064394852335
ergo_adaptive,79.66666666666663,0.0,0.009905550849063327
ergo_adaptive,79.75,0.0,0.009893832503777844
ergo_adaptive,79.83333333333337,0.0,0.009876979971910983
ergo_adaptive,79.91666666666663,0.0,0.009865437755892353
ergo_adaptive,80.0,0.0,0.009863642162374679
ergo_adaptive,80.08333333333337,0.0,0.009855288732578987
ergo_adaptive,80.16666666666663,0.0,0.009839775094727339
ergo_adaptive,80.25,0.0,0.00982668252053684
ergo_adaptive,80.33333333333337,0.0,0.009824103263551945
ergo_adaptive,80.41666666666663,0.0,0.009822964768255211
ergo_adaptive,80.5,0.0,0.009814548501840669
ergo_adaptive,80.58333333333337,0.0,0.00980561021208334
ergo_adaptive,80.66666666666663,0.0,0.009806364325115146
ergo_adaptive,80.75,0.0,0.009818485402048174
ergo_adaptive,80.83333333333337,0.0,0.00984087109830601
ergo_adaptive,80.91666666666663,0.0,0.009868868857969408
ergo_adaptive,81.0,0.0,0.009904011520767997
ergo_adaptive,81.08333333333337,0.0,0.009943138050538638
ergo_adaptive,81.16666666666663,0.0,0.009982063692794203
ergo_adaptive,81.25,0.0,0.01001932202434281
ergo_adaptive,81.33333333333337,0.0,0.01005352385439254
ergo_adaptive,81.41666666666663,0.0,0.010090603996868563
ergo_adaptive,81.5,0.0,0.010123291535984506
ergo_adaptive,81.58333333333337,0.0,0.010154130212306042
ergo_adaptive,81.66666666666663,0.0,0.010180342488956452
ergo_adaptive,81.75,0.0,0.010198352296749416
ergo_adaptive,81.83333333333337,0.0,0.01020426637575418
ergo_adaptive,81.91666666666663,0.0,0.01019635404903372
ergo_adaptive,82.0,0.0,0.010175846842914654
ergo_adaptive,82.08333333333337,0.0,0.01014898307960615
ergo_adaptive,82.16666666666663,0.0,0.010120735774104977
ergo_adaptive,82.25,0.0,0.010095517709952024
ergo_adaptive,82.33333333333337,0.0,0.010075534028755672
ergo_adaptive,82.41666666666663,0.0,0.01006117984079571
ergo_adaptive,82.5,0.0,0.010048824688959726
ergo_adaptive,82.58333333333337,0.0,0.010037164858054767
ergo_adaptive,82.66666666666663,0.0,0.010024993892231882
ergo_adaptive,82.75,0.0,0.010011022352338583
ergo_adaptive,82.83333333333337,0.0,0.009996740865233153
ergo_adaptive,82.91666666666663,0.0,0.009983090641305467
ergo_adaptive,83.0,0.0,0.009969663568952663
ergo_adaptive,83.08333333333337,0.0,0.009957901861963554
ergo_adaptive,83.16666666666663,0.0,0.009949110064511919
ergo_adaptive,83.25,0.0,0.009944222788928436
ergo_adaptive,83.33333333333337,0.0,0.009943579288141234
ergo_adaptive,83.41666666666663,0.0,0.009946293572179181
ergo_adaptive,83.5,0.0,0.009948049943832952
ergo_adaptive,83.58333333333337,0.0,0.009948865081122039
ergo_adaptive,83.66666666666663,0.0,0.00995006778662387
ergo_adaptive,83.75,0.0,0.009951610843684644
ergo_adaptive,83.83333333333337,0.0,0.009952907987877268
ergo_adaptive,83.91666666666663,0.0,0.009953919508872927
ergo_adaptive,84.0,0.0,0.009953938507632197
ergo_adaptive,84.08333333333337,0.0,0.00995230541636632
ergo_adaptive,84.16666666666663,0.0,0.00994865500884299
ergo_adaptive,84.25,0.0,0.009942991465465552
ergo_adaptive,84.33333333333337,0.0,0.009935641807112334
ergo_adaptive,84.41666666666663,0.0,0.009927358147730455
ergo_adaptive,84.5,0.0,0.009919134902778631
ergo_adaptive,84.58333333333337,0.0,0.009911273115765415
ergo_adaptive,84.66666666666663,0.0,0.009904592933224515
ergo_adaptive,84.75,0.0,0.009899869883637091
ergo_adaptive,84.83333333333337,0.0,0.009897697417046866
ergo_adaptive,84.91666666666663,0.0,0.009898100296977769
ergo_adaptive,85.0,0.0,0.009899454826856995
ergo_adaptive,85.08333333333337,0.0,0.009899088692366824
ergo_adaptive,85.16666666666663,0.0,0.009898900486663037
ergo_adaptive,85.25,0.0,0.009899813567402082
ergo_adaptive,85.33333333333337,0.0,0.009902208631053575
ergo_adaptive,85.41666666666663,0.0,0.009905449325501017
ergo_adaptive,85.5,0.0,0.009908579173172305
ergo_adaptive,85.58333333333337,0.0,0.009910497831294251
ergo_adaptive,85.66666666666663,0.0,0.00991094751158724
ergo_adaptive,85.75,0.0,0.009908337222857666
ergo_adaptive,85.83333333333337,0.0,0.009900444519607402
ergo_adaptive,85.91666666666663,0.0,0.009885907839207477
ergo_adaptive,86.0,0.0,0.009864066623716248
ergo_adaptive,86.08333333333337,0.0,0.009835354670510377
ergo_adaptive,86.16666666666663,0.0,0.009801396339007307
ergo_adaptive,86.25,0.0,0.00976489359499492
ergo_adaptive,86.33333333333337,0.0,0.009728868607468463
ergo_adaptive,86.41666666666663,0.0,0.009694543610074487
ergo_adaptive,86.5,0.0,0.009660902569856984
ergo_adaptive,86.58333333333337,0.0,0.009633901909264133
ergo_adaptive,86.66666666666663,0.0,0.009615312398918234
ergo_adaptive,86.75,2.0539909405254013e-6,0.009604731071108834
ergo_adaptive,86.83333333333337,7.224776883211706e-6,0.009567403423434706
ergo_adaptive,86.91666666666663,1.6622793098673738e-5,0.009487248852820498
ergo_adaptive,87.0,3.8486185243275794e-5,0.009387903206693464
ergo_adaptive,87.08333333333337,0.0001005701210231604,0.009292635579704984
ergo_adaptive,87.16666666666663,0.00024199266669314116,0.009193896239449011
ergo_adaptive,87.25,0.00011946867417003641,0.009080263106376841
ergo_adaptive,87.33333333333337,0.00019271656237548066,0.008956765390495542
ergo_adaptive,87.41666666666663,0.0002633126655256104,0.008835871465872957
ergo_adaptive,87.5,0.0006419254496918156,0.00873179395079468
ergo_adaptive,87.58333333333337,0.0003502885918987561,0.008636968053690446
ergo_adaptive,87.66666666666663,0.00017331105174776901,0.008535130933803826
ergo_adaptive,87.75,0.0001940097178143704,0.00844987538182061
ergo_adaptive,87.83333333333337,0.0012288192472720057,0.008380413495960783
ergo_adaptive,87.91666666666663,0.0008855319829208494,0.008326576940745267
ergo_adaptive,88.0,0.000683930301379122,0.008269101314292543
ergo_adaptive,88.08333333333337,0.0009499069354102235,0.008213823304482074
ergo_adaptive,88.16666666666663,0.0009476660844202813,0.008163515475939773
ergo_adaptive,88.25,0.0008614791075979345,0.008132216859199987
ergo_adaptive,88.33333333333337,0.0008836566902846274,0.008121527189790655
ergo_adaptive,88.41666666666663,0.0007209522219522327,0.008112000398623986
ergo_adaptive,88.5,0.0006986435350854663,0.008096862684575134
ergo_adaptive,88.58333333333337,0.000729907212367892,0.008080092141535537
ergo_adaptive,88.66666666666663,0.00038553571006016594,0.008070359336847147
ergo_adaptive,88.75,0.0002080536026142468,0.00806589670983629
ergo_adaptive,88.83333333333337,0.0002764399457252679,0.00806032346849361
ergo_adaptive,88.91666666666663,0.00036409964341558497,0.00805350134670463
ergo_adaptive,89.0,0.00010869482632120856,0.008053164294551178
ergo_adaptive,89.08333333333337,5.709589551938287e-5,0.008055385942470857
ergo_adaptive,89.16666666666663,5.6216186360149384e-5,0.008053502906319197
ergo_adaptive,89.25,0.00011256111333868159,0.008044303611743504
ergo_adaptive,89.33333333333337,6.038386613268827e-5,0.008026852774346113
ergo_adaptive,89.41666666666663,1.634250924691695e-5,0.008040552526278836
ergo_adaptive,89.5,1.9949188315577523e-5,0.008070252305356023
ergo_adaptive,89.58333333333337,6.587568095010051e-6,0.008102046016591416
ergo_adaptive,89.66666666666663,4.925124675051651e-6,0.008132604544164021
ergo_adaptive,89.75,2.5192703419303557e-5,0.008153783711406539
ergo_adaptive,89.83333333333337,2.3900405794955214e-6,0.008182848288426602
ergo_adaptive,89.91666666666663,0.0,0.008211093025451555
ergo_adaptive,90.0,2.0100558166362367e-5,0.008231222492181162
ergo_adaptive,90.08333333333337,0.00012269868644965075,0.008245300248344592
ergo_adaptive,90.16666666666663,0.00019031642496038806,0.008254717241517839
ergo_adaptive,90.25,0.00022086778168208142,0.008262150507129284
ergo_adaptive,90.33333333333337,0.00020498161563910368,0.008267546021775611
ergo_adaptive,90.41666666666663,9.193178210833168e-5,0.00826725571279227
ergo_adaptive,90.5,5.533769100314867e-5,0.008262963218248936
ergo_adaptive,90.58333333333337,4.9161559456842045e-5,0.008259496537932376
ergo_adaptive,90.66666666666663,5.2325487467056884e-6,0.008257388019434467
ergo_adaptive,90.75,2.803496626734971e-6,0.008269677698680061
ergo_adaptive,90.83333333333337,0.0,0.008285971920470666
ergo_adaptive,90.91666666666663,0.0,0.008305798058699758
ergo_adaptive,91.0,0.0,0.008323293823901765
ergo_adaptive,91.08333333333337,0.0,0.008321478986525127
ergo_adaptive,91.16666666666663,2.5983581900693167e-5,0.008307142478131992
ergo_adaptive,91.25,0.0004356013272427282,0.008289082897768744
ergo_adaptive,91.33333333333337,0.0003404032054848864,0.008273771757023594
ergo_adaptive,91.41666666666663,0.00024940818731783345,0.0082686057818387
ergo_adaptive,91.5,0.0004517171526899218,0.008261829196744317
ergo_adaptive,91.58333333333337,0.0007032554857353926,0.00825111901709812
ergo_adaptive,91.66666666666663,0.00042482381688426526,0.008246247638084916
ergo_adaptive,91.75,0.0002528994459245844,0.008257279772510841
ergo_adaptive,91.83333333333337,0.00020451222015155975,0.008277348313015926
ergo_adaptive,91.91666666666663,0.00021123358525837487,0.008300660053556043
ergo_adaptive,92.0,0.00017437769878603392,0.008324192333908065
ergo_adaptive,92.08333333333337,0.00023978975686619953,0.008350483160402008
ergo_adaptive,92.16666666666663,0.00022816276553708158,0.008375520887137389
ergo_adaptive,92.25,0.0003276797151721063,0.008401329083515862
ergo_adaptive,92.33333333333337,0.00019902450993646627,0.008422861339031402
ergo_adaptive,92.41666666666663,0.00022040615254778005,0.008444463350175287
ergo_adaptive,92.5,0.00042791021216495026,0.008467949217066994
ergo_adaptive,92.58333333333337,0.0005094927538682756,0.0084911355039449
ergo_adaptive,92.66666666666663,0.0004126809666304807,0.00851234247069633
ergo_adaptive,92.75,0.00022911608070055,0.008533888609144072
ergo_adaptive,92.83333333333337,0.00014690482560437553,0.008553927877659616
ergo_adaptive,92.91666666666663,0.00016129222604958495,0.008576170056647696
ergo_adaptive,93.0,5.525955569867833e-5,0.008602516110211839
ergo_adaptive,93.08333333333337,8.961429669594094e-5,0.008626430790863815
ergo_adaptive,93.16666666666663,5.41930414005928e-5,0.008647719460874335
ergo_adaptive,93.25,1.3554436941625215e-5,0.008667676638575114
ergo_adaptive,93.33333333333337,2.5683071937883078e-5,0.008690132945803404
ergo_adaptive,93.41666666666663,3.673345775753231e-5,0.008709136515549935
ergo_adaptive,93.5,3.764868564784221e-5,0.008727156072123887
ergo_adaptive,93.58333333333337,8.23967465214646e-5,0.00874535923312897
ergo_adaptive,93.66666666666663,6.051291549925687e-5,0.008763730722537813
ergo_adaptive,93.75,3.583274428317911e-5,0.008781783550847208
ergo_adaptive,93.83333333333337,0.00010544898035526848,0.008798622787366548
ergo_adaptive,93.91666666666663,0.00015175556682649205,0.008813339194997513
ergo_adaptive,94.0,0.0002914331193256819,0.008823774419055604
ergo_adaptive,94.08333333333337,0.00030435587107358086,0.008833589275814992
ergo_adaptive,94.16666666666663,0.00031236648080618665,0.008838794644465665
ergo_adaptive,94.25,0.0003203934584932328,0.008850655021655354
ergo_adaptive,94.33333333333337,0.0005103229122281164,0.008867512648008799
ergo_adaptive,94.41666666666663,0.0008560606245094429,0.008880234523319003
ergo_adaptive,94.5,0.0005863426999366858,0.008890245668618903
ergo_adaptive,94.58333333333337,0.0006468400525168587,0.008905360582505469
ergo_adaptive,94.66666666666663,0.0005026880002479805,0.008924819445609723
ergo_adaptive,94.75,0.0007150970299267569,0.008942703831422911
ergo_adaptive,94.83333333333337,0.0005278182915740147,0.008961813850657863
ergo_adaptive,94.91666666666663,0.0002528443143494413,0.008975732114958656
ergo_adaptive,95.0,0.00040169057941394945,0.008985365580389025
ergo_adaptive,95.08333333333337,0.00021850647793021159,0.009001492721845604
ergo_adaptive,95.16666666666663,9.022258802468867e-5,0.009015309886924257
ergo_adaptive,95.25,0.00021863910254934618,0.009032659882247654
ergo_adaptive,95.33333333333337,0.0001696166403803445,0.009047909757670189
ergo_adaptive,95.41666666666663,0.00023816763779539575,0.009064315044042842
ergo_adaptive,95.5,0.00011895086058058422,0.00908068610568219
ergo_adaptive,95.58333333333337,2.294216880443631e-5,0.009095320331741258
ergo_adaptive,95.66666666666663,1.2581830043154412e-5,0.009112978478001976
ergo_adaptive,95.75,1.2710587951992665e-6,0.009129565281846918
ergo_adaptive,95.83333333333337,2.5998955356429263e-6,0.009131512710723785
ergo_adaptive,95.91666666666663,0.0,0.009121229905642451
ergo_adaptive,96.0,0.0,0.009127260976605055
ergo_adaptive,96.08333333333337,5.602757880853993e-6,0.009144588868513147
ergo_adaptive,96.16666666666663,1.710440154443875e-5,0.00916610348079433
ergo_adaptive,96.25,4.642567464179472e-6,0.009184255973333453
ergo_adaptive,96.33333333333337,0.0,0.00920246730742774
ergo_adaptive,96.41666666666663,1.6634552764446453e-5,0.009221495566089533
ergo_adaptive,96.5,2.0347260538852114e-6,0.009238651602076863
ergo_adaptive,96.58333333333337,2.616588211273453e-5,0.009256533391887846
ergo_adaptive,96.66666666666663,1.9497642261494808e-5,0.009273564881390221
ergo_adaptive,96.75,6.698476360874739e-6,0.009286407857967204
ergo_adaptive,96.83333333333337,2.13989261294219e-5,0.00930217435786858
ergo_adaptive,96.91666666666663,1.612292602398214e-5,0.009317642756724502
ergo_adaptive,97.0,3.994263780482287e-5,0.00933082049489685
ergo_adaptive,97.08333333333337,4.0866498414003427e-5,0.00934276310172649
ergo_adaptive,97.16666666666663,1.980257939958706e-5,0.009357850710362728
ergo_adaptive,97.25,1.158840165193057e-5,0.009372305813025124
ergo_adaptive,97.33333333333337,2.8459324615629437e-6,0.009386816685671514
ergo_adaptive,97.41666666666663,1.4122885699637685e-5,0.009400491977456118
ergo_adaptive,97.5,3.9563354426411804e-5,0.00941546379150549
ergo_adaptive,97.58333333333337,2.5872154565990495e-5,0.00943056405068033
ergo_adaptive,97.66666666666663,3.248309521303806e-5,0.009442175793490985
ergo_adaptive,97.75,5.543369354996106e-5,0.009455767127510319
ergo_adaptive,97.83333333333337,0.00015641901749677807,0.009469469940745349
ergo_adaptive,97.91666666666663,0.0002809149134069927,0.009483157830910154
ergo_adaptive,98.0,0.00018893466429732942,0.009492552683398079
ergo_adaptive,98.08333333333337,0.0001074889880248279,0.0095048373071612
ergo_adaptive,98.16666666666663,6.0156780160102514e-5,0.009517506980689993
ergo_adaptive,98.25,0.00011847194056713194,0.009531634962264671
ergo_adaptive,98.33333333333337,3.6555537663134655e-5,0.00954538587393029
ergo_adaptive,98.41666666666663,3.738211119401086e-5,0.009564249110195605
ergo_adaptive,98.5,2.6030972262634504e-5,0.009580114692421069
ergo_adaptive,98.58333333333337,8.59376367617215e-5,0.009592174033899723
ergo_adaptive,98.66666666666663,0.00011523105251277792,0.009604696177657492
ergo_adaptive,98.75,0.00023035971653147382,0.009613116865759998
ergo_adaptive,98.83333333333337,0.00024443012275605756,0.009616219362073936
ergo_adaptive,98.91666666666663,0.00016726394357740023,0.009618790254154515
ergo_adaptive,99.0,6.639675465750271e-5,0.009628920099131225
ergo_adaptive,99.08333333333337,3.606586549923983e-5,0.009641971101584535
ergo_adaptive,99.16666666666663,6.371693405600372e-5,0.009655604433145235
ergo_adaptive,99.25,0.00023721923172220189,0.009667491832163748
ergo_adaptive,99.33333333333337,7.669691433124909e-5,0.009678329283501763
ergo_adaptive,99.41666666666663,5.099626988224449e-5,0.009696450516305511
ergo_adaptive,99.5,0.0001733057735586636,0.00971613935077668
ergo_adaptive,99.58333333333337,0.00011040588437727752,0.00973291197938393
ergo_adaptive,99.66666666666663,7.27649835994438e-6,0.00974973257321949
ergo_adaptive,99.75,7.270415128328195e-6,0.00976713515886076
ergo_adaptive,99.83333333333337,7.186257758592507e-6,0.00978412611537818
ergo_adaptive,99.91666666666663,1.0907389212061784e-5,0.009800573110614897
ergo_adaptive,100.0,3.478548453814552e-5,0.009817219691272588
ergo_adaptive,100.08333333333337,3.977554446587266e-5,0.009829618090512462
ergo_adaptive,100.16666666666663,2.5107181932543143e-5,0.009842894660863931
ergo_adaptive,100.25,8.003693208292002e-5,0.009858124887309866
ergo_adaptive,100.33333333333337,4.049725496008399e-5,0.009871713167718522
ergo_adaptive,100.41666666666663,5.2717073551519554e-5,0.009886658435648824
ergo_adaptive,100.5,3.724050035113912e-5,0.009902728747389514
ergo_adaptive,100.58333333333337,8.108363584606259e-5,0.00992156482090076
ergo_adaptive,100.66666666666663,0.00020040922629309177,0.009937615282220945
ergo_adaptive,100.75,0.0004937263616703659,0.009953330693776333
ergo_adaptive,100.83333333333337,0.000558941485869015,0.009964210529481994
ergo_adaptive,100.91666666666663,0.0007419793939433104,0.009970118766792376
ergo_adaptive,101.0,0.0002775896476759779,0.009968659094010663
ergo_adaptive,101.08333333333337,0.00019618507090880656,0.00997537827699678
ergo_adaptive,101.16666666666663,0.0002513308093227137,0.00998477799335126
ergo_adaptive,101.25,0.00016905245565709503,0.009992135705430049
ergo_adaptive,101.33333333333337,0.00023852923021731867,0.009998737677691601
ergo_adaptive,101.41666666666663,0.00019046952202608953,0.010005747459532477
ergo_adaptive,101.5,0.00016482681668671383,0.010018812472759762
ergo_adaptive,101.58333333333337,0.00034453035449956963,0.01003565240635989
ergo_adaptive,101.66666666666663,0.00027101043044632986,0.010054117633129266
ergo_adaptive,101.75,0.00020248858172647116,0.01007183266432528
ergo_adaptive,101.83333333333337,0.00012131494460471725,0.01008921218031865
ergo_adaptive,101.91666666666663,4.986801162102268e-6,0.010106723181116523
ergo_adaptive,102.0,6.606876262764667e-7,0.010124016824527756
ergo_adaptive,102.08333333333337,0.0,0.010137624615352945
ergo_adaptive,102.16666666666663,0.0,0.01014811873513251
ergo_adaptive,102.25,3.8520151262996275e-6,0.010148219548065471
ergo_adaptive,102.33333333333337,1.1156817013751647e-5,0.010158388926659807
ergo_adaptive,102.41666666666663,6.33591403872157e-5,0.010176063217928244
ergo_adaptive,102.5,0.0003063199187574629,0.010192945566030003
ergo_adaptive,102.58333333333337,0.00021174942188351514,0.01020536188374119
ergo_adaptive,102.66666666666663,0.0001603522158274947,0.010220266228168393
ergo_adaptive,102.75,0.0001665159905491421,0.01023691976588874
ergo_adaptive,102.83333333333337,6.682953320697686e-5,0.0102525468593795
ergo_adaptive,102.91666666666663,5.596619642088941e-5,0.010269077455956035
ergo_adaptive,103.0,6.894708407136204e-5,0.01028478508677638
ergo_adaptive,103.08333333333337,9.560762882578171e-5,0.010299653993060121
ergo_adaptive,103.16666666666663,0.00014078244567827293,0.010316483288591357
ergo_adaptive,103.25,0.0002335574807983305,0.01032880436830662
ergo_adaptive,103.33333333333337,0.00023937130621958254,0.010342685242726446
ergo_adaptive,103.41666666666663,0.00018832922937382844,0.010356584163220642
ergo_adaptive,103.5,7.973270286343513e-5,0.010368647234284548
ergo_adaptive,103.58333333333337,1.3010720196641506e-5,0.010383218982753949
ergo_adaptive,103.66666666666663,5.133454987655636e-6,0.01039590822894895
ergo_adaptive,103.75,1.9645525308329097e-6,0.010406290951389568
ergo_adaptive,103.83333333333337,2.06120256569769e-5,0.010415012611212679
ergo_adaptive,103.91666666666663,2.3408531637705835e-6,0.010430481578398453
ergo_adaptive,104.0,0.0,0.010444056510866934
ergo_adaptive,104.08333333333337,0.0,0.01044954017906263
ergo_adaptive,104.16666666666663,0.0,0.010444108340981174
ergo_adaptive,104.25,0.0,0.010431919176916039
ergo_adaptive,104.33333333333337,0.0,0.010416683891165724
ergo_adaptive,104.41666666666663,7.001657880187912e-6,0.010399946824153896
ergo_adaptive,104.5,5.290250184021392e-5,0.010403738171104291
ergo_adaptive,104.58333333333337,2.0698800074446684e-5,0.010419442614967437
ergo_adaptive,104.66666666666663,2.812488785609185e-5,0.010438512800012215
ergo_adaptive,104.75,2.0768343584107276e-5,0.010457524205806135
ergo_adaptive,104.83333333333337,1.9889524189246218e-5,0.010473603012348589
ergo_adaptive,104.91666666666663,0.0,0.010494015619714395
ergo_adaptive,105.0,0.0,0.010515122455839816
ergo_adaptive,105.08333333333337,0.0,0.010532815999016466
ergo_adaptive,105.16666666666663,0.0,0.010545991426769225
ergo_adaptive,105.25,0.0,0.010553088866059957
ergo_adaptive,105.33333333333337,5.968804127913036e-6,0.010551111595820051
ergo_adaptive,105.41666666666663,1.4832538748349932e-6,0.01052952044352584
ergo_adaptive,105.5,6.167005378056787e-6,0.0104889775403744
ergo_adaptive,105.58333333333337,0.0,0.010439797055589452
ergo_adaptive,105.66666666666663,0.0,0.01040812493549426
ergo_adaptive,105.75,0.0,0.010387298630779996
ergo_adaptive,105.83333333333337,0.0,0.010363306608839152
ergo_adaptive,105.91666666666663,0.0,0.010338225551173759
ergo_adaptive,106.0,0.0,0.010317482016257295
ergo_adaptive,106.08333333333337,0.0,0.01029669851564865
ergo_adaptive,106.16666666666663,0.0,0.010264254376026207
ergo_adaptive,106.25,0.0,0.010223293608049085
ergo_adaptive,106.33333333333337,0.0,0.010184352045613574
ergo_adaptive,106.41666666666663,0.0,0.010150765976654989
ergo_adaptive,106.5,0.0,0.010113199925704194
ergo_adaptive,106.58333333333337,0.0,0.010069068440961169
ergo_adaptive,106.66666666666663,0.0,0.010027713043635448
ergo_adaptive,106.75,0.0,0.009992876253786727
ergo_adaptive,106.83333333333337,0.0,0.009961592363382472
ergo_adaptive,106.91666666666663,0.0,0.009928188122167924
ergo_adaptive,107.0,0.0,0.009893945167663796
ergo_adaptive,107.08333333333337,0.0,0.00986377251204158
ergo_adaptive,107.16666666666663,0.0,0.00983758885490937
ergo_adaptive,107.25,0.0,0.009813601894980475
ergo_adaptive,107.33333333333337,0.0,0.009788842543827605
ergo_adaptive,107.41666666666663,0.0,0.00976735872321142
ergo_adaptive,107.5,0.0,0.009751259236088607
ergo_adaptive,107.58333333333337,0.0,0.009739616311201989
ergo_adaptive,107.66666666666663,0.0,0.009728106334314996
ergo_adaptive,107.75,0.0,0.00971786621209699
ergo_adaptive,107.83333333333337,0.0,0.009713593143288431
ergo_adaptive,107.91666666666663,0.0,0.009712832960368564
ergo_adaptive,108.0,0.0,0.00970951778675255
ergo_adaptive,108.08333333333337,0.0,0.009705476128077954
ergo_adaptive,108.16666666666663,0.0,0.00970697866777409
ergo_adaptive,108.25,0.0,0.009713257202086146
ergo_adaptive,108.33333333333337,0.0,0.009714946701732544
ergo_adaptive,108.41666666666663,0.0,0.00971449138155955
ergo_adaptive,108.5,0.0,0.009723178983862702
ergo_adaptive,108.58333333333337,0.0,0.009738039607926564
ergo_adaptive,108.66666666666663,0.0,0.009744282917618342
ergo_adaptive,108.75,0.0,0.009732536902685869
ergo_adaptive,108.83333333333337,0.0,0.009703704516726338
ergo_adaptive,108.91666666666663,0.0,0.009663043158525038
ergo_adaptive,109.0,0.0,0.00961852405818634
ergo_adaptive,109.08333333333337,0.0,0.009564843486828772
ergo_adaptive,109.16666666666663,0.0,0.009495974829562307
ergo_adaptive,109.25,0.0,0.00941634075951451
ergo_adaptive,109.33333333333337,0.0,0.009334484944425875
ergo_adaptive,109.41666666666663,4.3778234000119306e-7,0.009251252412373762
ergo_adaptive,109.5,0.0,0.009205749851644185
ergo_adaptive,109.58333333333337,0.0,0.00915184965336089
ergo_adaptive,109.66666666666663,0.0,0.009075716057149167
ergo_adaptive,109.75,0.0,0.008985977127319437
ergo_adaptive,109.83333333333337,0.0,0.008892749018232357
ergo_adaptive,109.91666666666663,2.7993790660248968e-6,0.008792373758789353
ergo_adaptive,110.0,4.1414539443602404e-6,0.008741535526894913
ergo_adaptive,110.08333333333337,2.6284302636983336e-5,0.008719950851359837
ergo_adaptive,110.16666666666663,2.5390022457729404e-5,0.008700084012873836
ergo_adaptive,110.25,3.1266309395363e-5,0.008681656843393809
ergo_adaptive,110.33333333333337,4.4630313699271134e-5,0.008675064433412896
ergo_adaptive,110.41666666666663,9.833958053358451e-5,0.008682059785184671
ergo_adaptive,110.5,0.00011421641005096358,0.008688206784239292
ergo_adaptive,110.58333333333337,0.00020567601262768182,0.008690569048014891
ergo_adaptive,110.66666666666663,0.00023175988707925093,0.00869436542551954
ergo_adaptive,110.75,0.00021186065022364096,0.008703012471936743
ergo_adaptive,110.83333333333337,0.00014299697021965567,0.008715864676709987
ergo_adaptive,110.91666666666663,0.00019946908525930924,0.008730259627589804
ergo_adaptive,111.0,0.00011921011976701207,0.008743609966413282
ergo_adaptive,111.08333333333337,0.0002079189887940507,0.008757142658015466
ergo_adaptive,111.16666666666663,0.00022642061454157026,0.008774601274226397
ergo_adaptive,111.25,0.0002142612888618941,0.008791123289360533
ergo_adaptive,111.33333333333337,0.0001493983765129273,0.008797737134792628
ergo_adaptive,111.41666666666663,0.00013329097511056458,0.008795868546932546
ergo_adaptive,111.5,0.00011483628364894738,0.008792478785199495
ergo_adaptive,111.58333333333337,0.00014106305630657624,0.008790873469212142
ergo_adaptive,111.66666666666663,0.0001303901053024968,0.008788702979238774
ergo_adaptive,111.75,0.0001419549352936255,0.008783485769080992
ergo_adaptive,111.83333333333337,0.0001258820851279242,0.00877654066728466
ergo_adaptive,111.91666666666663,8.945977129775368e-5,0.008771101523022512
ergo_adaptive,112.0,5.518182620165865e-6,0.008767606502386947
ergo_adaptive,112.08333333333337,0.0,0.008761746641201678
ergo_adaptive,112.16666666666663,0.0,0.008780581826192638
ergo_adaptive,112.25,0.0,0.008816767104363805
ergo_adaptive,112.33333333333337,0.0,0.008855416722961626
ergo_adaptive,112.41666666666663,0.0,0.008892495377475405
ergo_adaptive,112.5,0.0,0.008929024614081163
ergo_adaptive,112.58333333333337,0.0,0.008966473554117302
ergo_adaptive,112.66666666666663,0.0,0.009004302308913156
ergo_adaptive,112.75,0.0,0.009041668447844266
ergo_adaptive,112.83333333333337,0.0,0.009078861397623
ergo_adaptive,112.91666666666663,0.0,0.009116573005086448
ergo_adaptive,113.0,0.0,0.009155201777046438
ergo_adaptive,113.08333333333337,0.0,0.009194225594033104
ergo_adaptive,113.16666666666663,0.0,0.009232452838198579
ergo_adaptive,113.25,0.0,0.009269650897609467
ergo_adaptive,113.33333333333337,0.0,0.009306887512734558
ergo_adaptive,113.41666666666663,0.0,0.009344619755941554
ergo_adaptive,113.5,0.0,0.009380552166198451
ergo_adaptive,113.58333333333337,0.0,0.009414235245826496
ergo_adaptive,113.66666666666663,0.0,0.009447127495657424
ergo_adaptive,113.75,0.0,0.009481595873172871
ergo_adaptive,113.83333333333337,0.0,0.009515423217207617
ergo_adaptive,113.91666666666663,0.0,0.009546697312916174
ergo_adaptive,114.0,0.0,0.009577973689791427
ergo_adaptive,114.08333333333337,0.0,0.009611708938799566
ergo_adaptive,114.16666666666663,0.0,0.00964707395638353
ergo_adaptive,114.25,0.0,0.009679529050318707
ergo_adaptive,114.33333333333337,0.0,0.00970805472093
ergo_adaptive,114.41666666666663,0.0,0.009732266015917963
ergo_adaptive,114.5,0.0,0.009752246428505371
ergo_adaptive,114.58333333333337,0.0,0.009768670508208203
ergo_adaptive,114.66666666666663,0.0,0.009782827769794545
ergo_adaptive,114.75,0.0,0.00979247923491923
ergo_adaptive,114.83333333333337,0.0,0.009796222883127658
ergo_adaptive,114.91666666666663,0.0,0.00979595663078674
ergo_adaptive,115.0,0.0,0.009793190760117447
ergo_adaptive,115.08333333333337,0.0,0.009785468427003768
ergo_adaptive,115.16666666666663,0.0,0.00976951069469666
ergo_adaptive,115.25,0.0,0.009744005502039611
ergo_adaptive,115.33333333333337,0.0,0.009708064907140455
ergo_adaptive,115.41666666666663,0.0,0.00965623956001717
ergo_adaptive,115.5,0.0,0.009581820931372598
ergo_adaptive,115.58333333333337,0.0,0.009486589697014509
ergo_adaptive,115.66666666666663,0.0,0.009382631474130236
ergo_adaptive,115.75,0.0,0.009278166531828457
ergo_adaptive,115.83333333333337,0.0,0.00916802994058429
ergo_adaptive,115.91666666666663,0.0,0.00904240966077688
ergo_adaptive,116.0,0.0,0.008914488774165457
ergo_adaptive,116.08333333333337,0.0,0.00880408419345089
ergo_adaptive,116.16666666666663,0.0,0.008685545423582049
ergo_adaptive,116.25,8.793213920744478e-5,0.00853957321373311
ergo_adaptive,116.33333333333337,4.0045631019831e-5,0.008380530336095263
ergo_adaptive,116.41666666666663,0.00020699117719447248,0.008228272469896167
ergo_adaptive,116.5,0.0004548614213402454,0.00808945695622233
ergo_adaptive,116.58333333333337,0.0016385240840344623,0.007965351056058678
ergo_adaptive,116.66666666666663,0.001090222718261001,0.007844747718313784
ergo_adaptive,116.75,0.002029000120425491,0.007720426441010314
ergo_adaptive,116.83333333333337,0.0019167652230252592,0.007602025883081998
ergo_adaptive,116.91666666666663,0.0021268393740929916,0.0075074403875203324
ergo_adaptive,117.0,0.0012649052577770527,0.007428206001693564
ergo_adaptive,117.08333333333337,0.0016456624115146995,0.007345663114308179
ergo_adaptive,117.16666666666663,0.0015749940798687248,0.007273267089968903
ergo_adaptive,117.25,0.002014267658425931,0.00721771835434245
ergo_adaptive,117.33333333333337,0.0011486578049914817,0.007189263945662448
ergo_adaptive,117.41666666666663,0.000900652491462657,0.007193896809960182
ergo_adaptive,117.5,0.0009131941065382036,0.0071967027483496575
ergo_adaptive,117.58333333333337,0.0005979055078969053,0.007197500519579355
ergo_adaptive,117.66666666666663,0.0007375305504451678,0.007206442084670824
ergo_adaptive,117.75,0.0006074454953230139,0.007229340294678863
ergo_adaptive,117.83333333333337,0.001012327148816708,0.007249331776891822
ergo_adaptive,117.91666666666663,0.0010166208204720603,0.007275061110423895
ergo_adaptive,118.0,0.0009244951243753528,0.007297395881761009
ergo_adaptive,118.08333333333337,0.0009948356953229664,0.007320294413681494
ergo_adaptive,118.16666666666663,0.0009306698018373237,0.00734321735083403
ergo_adaptive,118.25,0.0005406937890636608,0.007364380446973071
ergo_adaptive,118.33333333333337,0.0006630393724041158,0.007385064806877188
ergo_adaptive,118.41666666666663,0.0005242635495467092,0.007408113178818122
ergo_adaptive,118.5,0.00048029870966588654,0.007424262021962551
ergo_adaptive,118.58333333333337,0.0009579852739172192,0.007448414237496582
ergo_adaptive,118.66666666666663,0.0009823385526709588,0.007470607746957847
ergo_adaptive,118.75,0.0008308321023489383,0.007485202986971417
ergo_adaptive,118.83333333333337,0.0008701699945142202,0.007503222323350775
ergo_adaptive,118.91666666666663,0.0004924644134475094,0.0075225267417833854
ergo_adaptive,119.0,0.0006950831367783443,0.007533329129758069
ergo_adaptive,119.08333333333337,0.0006681741188592839,0.007546627144892265
ergo_adaptive,119.16666666666663,0.0005632746912344127,0.0075690440140495415
ergo_adaptive,119.25,0.0005131965822305579,0.007584705382303902
ergo_adaptive,119.33333333333337,0.0002641133499339596,0.007607242537451016
ergo_adaptive,119.41666666666663,0.0004225167163145523,0.007621125348475122
ergo_adaptive,119.5,0.0004917059262947958,0.007638276501459774
ergo_adaptive,119.58333333333337,0.0003356274404782,0.007658877662201802
ergo_adaptive,119.66666666666663,0.00025145276503943826,0.007680215242477056
ergo_adaptive,119.75,0.00016250245882225707,0.007692721164075748
ergo_adaptive,119.83333333333337,0.0001514582202700252,0.00771585153315463
ergo_adaptive,119.91666666666663,0.00011029641653896336,0.00773189893790421
ergo_adaptive,120.0,0.000217603865063459,0.0077546439372979375
ergo_adaptive,120.08333333333337,0.00030948111495730037,0.007770385780088316
ergo_adaptive,120.16666666666663,9.005822424992964e-5,0.00778561936822086
ergo_adaptive,120.25,0.00013170928180195363,0.007806960738343715
ergo_adaptive,120.33333333333337,0.00022948290844228023,0.007816648718191906
ergo_adaptive,120.41666666666663,0.00034354826687586185,0.007819581049193352
ergo_adaptive,120.5,0.0005357625738126469,0.00782743013132293
ergo_adaptive,120.58333333333337,0.0005918589602308015,0.007828911543644242
ergo_adaptive,120.66666666666663,0.00035151823279606936,0.00783425470368199
ergo_adaptive,120.75,0.00028204375330085236,0.007845623976189334
ergo_adaptive,120.83333333333337,0.0006214264272554848,0.007864877830731169
ergo_adaptive,120.91666666666663,0.0002410328314251087,0.007879085822081194
ergo_adaptive,121.0,0.00033589150276719203,0.007888601068063784
ergo_adaptive,121.08333333333337,0.00045078701882299147,0.007896584644957965
ergo_adaptive,121.16666666666663,0.0008179864647324408,0.007911793079433996
ergo_adaptive,121.25,0.0006448185630923977,0.007935769679160104
ergo_adaptive,121.33333333333337,0.000734373861497291,0.007949483878514357
ergo_adaptive,121.41666666666663,0.0007312521730818498,0.007971564282476293
ergo_adaptive,121.5,0.0008566841359151777,0.007988804384196477
ergo_adaptive,121.58333333333337,0.0003266261841774466,0.008011456784569894
ergo_adaptive,121.66666666666663,0.00024629617830646114,0.00802187967559941
ergo_adaptive,121.75,0.0006001991218972509,0.008015151239431936
ergo_adaptive,121.83333333333337,0.00041385116106743523,0.0079950319460102
ergo_adaptive,121.91666666666663,0.000605215458216974,0.008002807028963027
ergo_adaptive,122.0,0.0009362507323481238,0.008015910420297725
ergo_adaptive,122.08333333333337,0.0006345763255880558,0.008041267444208664
ergo_adaptive,122.16666666666663,0.000799756631527403,0.008060260740089337
ergo_adaptive,122.25,0.0008671177447395333,0.008081748568979693
ergo_adaptive,122.33333333333337,0.000696448379819683,0.008100796807078037
ergo_adaptive,122.41666666666663,0.0004951672522550177,0.008112100086870752
ergo_adaptive,122.5,0.0006727006979541144,0.00812586888101279
ergo_adaptive,122.58333333333337,0.0005722797345686114,0.00814624074058527
ergo_adaptive,122.66666666666663,0.0005026191770449779,0.00816498727462692
ergo_adaptive,122.75,0.0001936466106506335,0.008183209820798086
ergo_adaptive,122.83333333333337,0.0001702189483789353,0.008191605529307724
ergo_adaptive,122.91666666666663,0.0006485279738320857,0.008175883958500565
ergo_adaptive,123.0,0.0005100699187468769,0.00813821716101825
ergo_adaptive,123.08333333333337,0.000800225072822085,0.008096128960268373
ergo_adaptive,123.16666666666663,0.0010362024470517168,0.00805719344574007
ergo_adaptive,123.25,0.0004841368548108975,0.008004302376947067
ergo_adaptive,123.33333333333337,0.00019102985243739943,0.00800186248560752
ergo_adaptive,123.41666666666663,9.917275109688826e-5,0.0080260401122408
ergo_adaptive,123.5,5.9937456775709744e-5,0.008051946556835887
ergo_adaptive,123.58333333333337,7.239682403077234e-5,0.008070091177232574
ergo_adaptive,123.66666666666663,0.00015191375064712938,0.0080770888132246
ergo_adaptive,123.75,0.0003287136889442408,0.008077535185049467
ergo_adaptive,123.83333333333337,0.0002969366085638368,0.008072905895962953
ergo_adaptive,123.91666666666663,0.00013597354005397553,0.008068882550572623
ergo_adaptive,124.0,7.224772756719033e-5,0.008081900444421032
ergo_adaptive,124.08333333333337,3.6796362915231014e-5,0.008105846882058508
ergo_adaptive,124.16666666666663,8.921819003851121e-5,0.00812960920166764
ergo_adaptive,124.25,7.697130799431029e-5,0.008146281341851865
ergo_adaptive,124.33333333333337,0.0001557493399605081,0.0081647328254043
ergo_adaptive,124.41666666666663,8.26885668455968e-5,0.008186380317492368
ergo_adaptive,124.5,4.875870909573093e-5,0.00820784396138379
ergo_adaptive,124.58333333333337,0.0001292455280911079,0.008231756220052082
ergo_adaptive,124.66666666666663,0.00014959416095192927,0.008253001723530646
ergo_adaptive,124.75,0.00024076539520921568,0.008274475059947519
ergo_adaptive,124.83333333333337,0.00025571796744860347,0.00829294029757409
ergo_adaptive,124.91666666666663,0.0003369961050036331,0.008313665765246121
ergo_adaptive,125.0,0.0004197781324064084,0.008332511786022831
ergo_adaptive,125.08333333333337,0.0004378318659689678,0.008350759045863078
ergo_adaptive,125.16666666666663,0.0005559039711398158,0.008369278650385208
ergo_adaptive,125.25,0.00032017648941630656,0.008386830354349405
ergo_adaptive,125.33333333333337,0.0003580585048511611,0.00839992038502372
ergo_adaptive,125.41666666666663,0.00023546078274720462,0.008415982350148454
ergo_adaptive,125.5,0.00013449418137481125,0.008431188017174667
ergo_adaptive,125.58333333333337,0.00020771627124572227,0.008449207308360617
ergo_adaptive,125.66666666666663,9.980409081890935e-5,0.008463756130553293
ergo_adaptive,125.75,0.0001500943637029327,0.008480549388072987
ergo_adaptive,125.83333333333337,0.00013403956492078406,0.008494184525646252
ergo_adaptive,125.91666666666663,0.0003504418217913165,0.008510565646341712
ergo_adaptive,126.0,0.0001423182933151741,0.0085234052422677
ergo_adaptive,126.08333333333337,0.00010394761425746634,0.008541727370857797
ergo_adaptive,126.16666666666663,0.0001385380488299589,0.008553418877599459
ergo_adaptive,126.25,0.00015460001176244726,0.008569355269910704
ergo_adaptive,126.33333333333337,0.0005012389536475386,0.008582789556591154
ergo_adaptive,126.41666666666663,0.0007314014841473794,0.008598254496382992
ergo_adaptive,126.5,0.0006932502482331339,0.008611753157365112
ergo_adaptive,126.58333333333337,0.000445524132778994,0.008622339964431604
ergo_adaptive,126.66666666666663,0.00046173383218513236,0.008632501401928727
ergo_adaptive,126.75,0.00020387798707384463,0.008647762688951581
ergo_adaptive,126.83333333333337,0.0003902705968579404,0.00865904209371212
ergo_adaptive,126.91666666666663,0.0002377668070250694,0.008673745067777822
ergo_adaptive,127.0,0.0003032589728454783,0.008686889521315301
ergo_adaptive,127.08333333333337,0.0002563881537519218,0.008701642452392376
ergo_adaptive,127.16666666666663,0.00022526251464781544,0.008714671671963457
ergo_adaptive,127.25,0.0003761064190493539,0.008727711463773859
ergo_adaptive,127.33333333333337,0.0002469995943588486,0.00873910315642661
ergo_adaptive,127.41666666666663,4.772450965677276e-5,0.00875641993902697
ergo_adaptive,127.5,1.9144854869274126e-5,0.008770859508565888
ergo_adaptive,127.58333333333337,0.0003131908417010095,0.008771432077601468
ergo_adaptive,127.66666666666663,0.00024659063332648607,0.008773903049230033
ergo_adaptive,127.75,0.00027427662296444,0.008780278007163004
ergo_adaptive,127.83333333333337,1.6026211688838725e-5,0.008787452786873724
ergo_adaptive,127.91666666666663,0.00010295778084166388,0.008802275981502336
ergo_adaptive,128.0,0.00014529169093949486,0.008818660894318502
ergo_adaptive,128.08333333333337,0.00020007411678016695,0.008823496733275786
ergo_adaptive,128.16666666666663,0.00021295370315873517,0.008822712337415757
ergo_adaptive,128.25,0.00029470418878285384,0.008835058617997528
ergo_adaptive,128.33333333333337,0.000426063652269611,0.008846813905159734
ergo_adaptive,128.41666666666663,0.00023685891096637712,0.008859818207600987
ergo_adaptive,128.5,0.00014517390006925105,0.00887177568513576
ergo_adaptive,128.58333333333337,0.0001967737729090122,0.008888496955959491
ergo_adaptive,128.66666666666663,7.831019125036975e-5,0.008902005519247863
ergo_adaptive,128.75,0.0005896529843743733,0.00891476156513046
ergo_adaptive,128.83333333333337,0.0006077371391529232,0.008915293385736604
ergo_adaptive,128.91666666666663,0.0012923076095624696,0.008901658318247473
ergo_adaptive,129.0,0.0004571243284252153,0.008883682286502551
ergo_adaptive,129.08333333333337,0.00017688974865658706,0.008880309000284328
ergo_adaptive,129.16666666666663,0.00040486001566851065,0.008886842511433839
ergo_adaptive,129.25,0.0005350868984498885,0.008895204874721615
ergo_adaptive,129.33333333333337,0.00044560054123569286,0.008904757445743164
ergo_adaptive,129.41666666666663,0.00047370033434966186,0.00891257886518904
ergo_adaptive,129.5,0.0008930215427852249,0.008920421436681803
ergo_adaptive,129.58333333333337,0.001040166908771871,0.00893980814407342
ergo_adaptive,129.66666666666663,0.0011916829659167822,0.008961422256112834
ergo_adaptive,129.75,0.0008184120705361893,0.008983193390989476
ergo_adaptive,129.83333333333337,0.0008804164855451315,0.009001332594906899
ergo_adaptive,129.91666666666663,0.0008853573101663579,0.009015792885131971
ergo_adaptive,130.0,0.0007541864690565201,0.009035579613826887
ergo_adaptive,130.08333333333337,0.0008797891078569688,0.009049440214332655
ergo_adaptive,130.16666666666663,0.00113105537875525,0.00906979288712112
ergo_adaptive,130.25,0.0009667328064949403,0.009087159264818756
ergo_adaptive,130.33333333333337,0.0009277436565496486,0.00910107965906021
ergo_adaptive,130.41666666666663,0.0005655608445509238,0.009119747672078658
ergo_adaptive,130.5,0.0004946454915045952,0.00913110525091226
ergo_adaptive,130.58333333333337,0.0009872287671417014,0.009138342266325076
ergo_adaptive,130.66666666666663,0.0008716732951429934,0.009157343175015575
ergo_adaptive,130.75,0.0008056324954770761,0.00916942355175483
ergo_adaptive,130.83333333333337,0.0007414005071407549,0.009186962712752213
ergo_adaptive,130.91666666666663,0.00033474407176385836,0.009198187455781133
ergo_adaptive,131.0,0.0005796519668062561,0.009213102208954814
ergo_adaptive,131.08333333333337,0.00021167912120753594,0.00922810109920129
ergo_adaptive,131.16666666666663,0.0002917788165117261,0.00924460773373455
ergo_adaptive,131.25,0.0002633604969870319,0.00925944865931065
ergo_adaptive,131.33333333333337,0.0005545257544228926,0.009274051016337381
ergo_adaptive,131.41666666666663,0.00025420969237546396,0.009289013401311039
ergo_adaptive,131.5,1.7402626401063754e-5,0.009299689206534876
ergo_adaptive,131.58333333333337,2.3742488723041228e-5,0.00931638329766055
ergo_adaptive,131.66666666666663,0.0001947161777085927,0.009331415522261393
ergo_adaptive,131.75,0.00033029127744454013,0.009334032791427704
ergo_adaptive,131.83333333333337,0.0006772630295883021,0.00932029593694182
ergo_adaptive,131.91666666666663,0.0004652610760651154,0.009300938632379855
ergo_adaptive,132.0,0.0007656763368436023,0.00929070343585602
ergo_adaptive,132.08333333333337,0.0006733670869657112,0.009296125644580345
ergo_adaptive,132.16666666666663,0.0010339512433208268,0.009302965497218483
ergo_adaptive,132.25,0.0013404072146313477,0.009317050599861253
ergo_adaptive,132.33333333333337,0.0011719652891241069,0.00932266436513836
ergo_adaptive,132.41666666666663,0.0007882297366804661,0.009326791032135223
ergo_adaptive,132.5,0.00091356887052597,0.009334069145696011
ergo_adaptive,132.58333333333337,0.000642586888469614,0.009348282803140692
ergo_adaptive,132.66666666666663,0.0006572469899570258,0.009367312241067067
ergo_adaptive,132.75,0.0005014054012176502,0.00938336554285546
ergo_adaptive,132.83333333333337,0.0008336917467296509,0.009402249616149713
ergo_adaptive,132.91666666666663,0.0010015728468028618,0.009416156577294752
ergo_adaptive,133.0,0.0013180706387120173,0.009421436461981089
ergo_adaptive,133.08333333333337,0.0011911383309566972,0.009423223430904102
ergo_adaptive,133.16666666666663,0.001252220261517539,0.009430050077851339
ergo_adaptive,133.25,0.0009991798164509125,0.009445541068521232
ergo_adaptive,133.33333333333337,0.001769049581956866,0.009456412240503925
ergo_adaptive,133.41666666666663,0.0018542210220401575,0.009474035586978635
ergo_adaptive,133.5,0.0019780162443943238,0.009483583623451966
ergo_adaptive,133.58333333333337,0.0023505233398814674,0.009494191193576001
ergo_adaptive,133.66666666666663,0.00238687452433971,0.009494120210195208
ergo_adaptive,133.75,0.002349039694575436,0.009503521602701456
ergo_adaptive,133.83333333333337,0.0012860404782375403,0.009513855393908059
ergo_adaptive,133.91666666666663,0.0011807492392030073,0.009525207892069227
ergo_adaptive,134.0,0.0011551599909699374,0.009527189237297715
ergo_adaptive,134.08333333333337,0.0007563419671449503,0.00952419004324656
ergo_adaptive,134.16666666666663,0.0011926909465800259,0.009529719248779735
ergo_adaptive,134.25,0.0006172468079343205,0.009542208606551021
ergo_adaptive,134.33333333333337,6.820348748246891e-5,0.009547708672892011
ergo_adaptive,134.41666666666663,0.0001323061505553255,0.009563292249826424
ergo_adaptive,134.5,2.8092353835226186e-5,0.009584526705397799
ergo_adaptive,134.58333333333337,0.00029342496916517083,0.009604820694935758
ergo_adaptive,134.66666666666663,0.000494054309498273,0.009616279610779122
ergo_adaptive,134.75,0.00104023597060986,0.00961398595961287
ergo_adaptive,134.83333333333337,0.0009134229764845327,0.009604360707564319
ergo_adaptive,134.91666666666663,0.00043370217924697355,0.009595364203605197
ergo_adaptive,135.0,0.0004452614967974773,0.009593132231922772
ergo_adaptive,135.08333333333337,0.0005636190918336495,0.009595919670723594
ergo_adaptive,135.16666666666663,0.0008639423922077255,0.009603285382548456
ergo_adaptive,135.25,0.0015286799138286996,0.009609169438870326
ergo_adaptive,135.33333333333337,0.001410149387475986,0.009607424775808903
ergo_adaptive,135.41666666666663,0.0005664661857252761,0.009604435915810143
ergo_adaptive,135.5,0.0006521871005692103,0.009617778884836075
ergo_adaptive,135.58333333333337,0.0007788523568269553,0.009631645695690914
ergo_adaptive,135.66666666666663,0.00048039875241037596,0.009648645070897768
ergo_adaptive,135.75,0.0003523182083240197,0.00965928764938916
ergo_adaptive,135.83333333333337,0.001234570152246819,0.009675291897789654
ergo_adaptive,135.91666666666663,0.0014175651917910513,0.009693886162578713
ergo_adaptive,136.0,0.0009773305222895718,0.009708590263155032
ergo_adaptive,136.08333333333337,0.000694111007597071,0.009719651133784568
ergo_adaptive,136.16666666666663,0.000947289277140494,0.00973542795570538
ergo_adaptive,136.25,0.0009636890903940815,0.009752107923381903
ergo_adaptive,136.33333333333337,0.0010252520570932842,0.009763161357585025
ergo_adaptive,136.41666666666663,0.0007512805966529394,0.009775842168304
ergo_adaptive,136.5,0.00094360198367441,0.009787874364914842
ergo_adaptive,136.58333333333337,0.0013839829955327198,0.009801189644833602
ergo_adaptive,136.66666666666663,0.0012178960961974391,0.009817078753749356
ergo_adaptive,136.75,0.0010419944475276942,0.009828177181197521
ergo_adaptive,136.83333333333337,0.00131748855359056,0.009835773083585164
ergo_adaptive,136.91666666666663,0.0007695018900255914,0.009849329762072218
ergo_adaptive,137.0,0.0003388183061784302,0.009854208560387738
ergo_adaptive,137.08333333333337,0.0004140367709257042,0.009868969171939142
ergo_adaptive,137.16666666666663,0.0003167807514291503,0.009881442534784658
ergo_adaptive,137.25,0.000639245252808436,0.009894034947793805
ergo_adaptive,137.33333333333337,0.000341887652009928,0.0099074357350828
ergo_adaptive,137.41666666666663,0.00028167828138622264,0.009917867809705539
ergo_adaptive,137.5,0.00017487261908755047,0.009928822732829539
ergo_adaptive,137.58333333333337,0.0003206757004422696,0.009942692238318502
ergo_adaptive,137.66666666666663,0.0002448897044696431,0.00995310214205878
ergo_adaptive,137.75,0.0006068708450536258,0.009962790603838442
ergo_adaptive,137.83333333333337,0.0004610058248534719,0.009975726165576982
ergo_adaptive,137.91666666666663,0.0005431726130382433,0.009986759140421275
ergo_adaptive,138.0,0.0004262614639514241,0.009997049539674665
ergo_adaptive,138.08333333333337,0.00064745731028863,0.010009279542441905
ergo_adaptive,138.16666666666663,0.0010841003512485827,0.010022514429740198
ergo_adaptive,138.25,0.0011400237621379164,0.010032492456646936
ergo_adaptive,138.33333333333337,0.0016661841266454392,0.010043223715843723
ergo_adaptive,138.41666666666663,0.0009006496775458547,0.01005487151742404
ergo_adaptive,138.5,0.0005456207914197064,0.010061019954237279
ergo_adaptive,138.58333333333337,0.0001542163015337052,0.01005910943623715
ergo_adaptive,138.66666666666663,0.000165914231702878,0.010068657122172028
ergo_adaptive,138.75,3.36754365737349e-5,0.010083017263038027
ergo_adaptive,138.83333333333337,1.842133563696712e-5,0.010092499840604976
ergo_adaptive,138.91666666666663,4.2080892267054794e-5,0.010090124351501457
ergo_adaptive,139.0,7.660462879268551e-5,0.010089933799600562
ergo_adaptive,139.08333333333337,0.00010245574924160017,0.010096774333506996
ergo_adaptive,139.16666666666663,0.00027275254640639514,0.010106279583014199
ergo_adaptive,139.25,0.0002217341834653157,0.010107765332641277
ergo_adaptive,139.33333333333337,0.0005232751747454393,0.010106898946775342
ergo_adaptive,139.41666666666663,0.0007630184150918767,0.01009389853542612
ergo_adaptive,139.5,0.001591948580924023,0.010069679300053225
ergo_adaptive,139.58333333333337,0.001929350775397413,0.010047939874948664
ergo_adaptive,139.66666666666663,0.0025066829810302853,0.010040703854210081
ergo_adaptive,139.75,0.0016204388667071124,0.010042090731727167
ergo_adaptive,139.83333333333337,0.0022057434796551134,0.010046392387267428
ergo_adaptive,139.91666666666663,0.0019298954017987467,0.01005668480177991
ergo_adaptive,140.0,0.0014536566927473662,0.01006303759333259
ergo_adaptive,140.08333333333337,0.002483845623148197,0.010077471887730416
ergo_adaptive,140.16666666666663,0.002103269765734357,0.010091846282115052
ergo_adaptive,140.25,0.0017812090456798032,0.010097801321277036
ergo_adaptive,140.33333333333337,0.002443488696863723,0.010110408311146771
ergo_adaptive,140.41666666666663,0.0024760322921701197,0.010120572509802347
ergo_adaptive,140.5,0.0020697118554900327,0.010136346258005703
ergo_adaptive,140.58333333333337,0.0026365356773181323,0.01014106327537354
ergo_adaptive,140.66666666666663,0.002518488637278846,0.010155610779661867
ergo_adaptive,140.75,0.0022111824392998295,0.01016014303645892
ergo_adaptive,140.83333333333337,0.0017175395119469906,0.01017499789879245
ergo_adaptive,140.91666666666663,0.0018582212876922253,0.01017830597410928
ergo_adaptive,141.0,0.0018614952797071066,0.010192005351475169
ergo_adaptive,141.08333333333337,0.0014042493893690914,0.010197506165176938
ergo_adaptive,141.16666666666663,0.0009892307126934928,0.01021273556172147
ergo_adaptive,141.25,0.001177835578364412,0.010215343731044003
ergo_adaptive,141.33333333333337,0.0014171892638777828,0.010228992830940026
ergo_adaptive,141.41666666666663,0.0007448264363665597,0.010236650968285889
ergo_adaptive,141.5,0.0005372377535874287,0.010239532433245853
ergo_adaptive,141.58333333333337,0.0003796653083377233,0.010256114619484958
ergo_adaptive,141.66666666666663,0.0005358524170495662,0.010264433588103678
ergo_adaptive,141.75,0.001035519197849466,0.010280225305851194
ergo_adaptive,141.83333333333337,0.0007844033003303159,0.01029371117813235
ergo_adaptive,141.91666666666663,0.00094956891684537,0.01029689843039321
ergo_adaptive,142.0,0.0010407842588523323,0.01030780769790198
ergo_adaptive,142.08333333333337,0.0014264707602629752,0.010317288673216542
ergo_adaptive,142.16666666666663,0.0013722224510254151,0.010331413466787379
ergo_adaptive,142.25,0.0010667775888931156,0.010336719694141926
ergo_adaptive,142.33333333333337,0.0008987018152079623,0.010350900650212009
ergo_adaptive,142.41666666666663,0.00041633217396991616,0.010354805118997284
ergo_adaptive,142.5,0.0007244733572863231,0.010369768076437729
ergo_adaptive,142.58333333333337,0.0004718013446124877,0.010375698681000136
ergo_adaptive,142.66666666666663,0.0004301032201864458,0.01038539477939993
ergo_adaptive,142.75,0.0005519024504760194,0.010398317325987505
ergo_adaptive,142.83333333333337,0.0005318530754636147,0.010403860236485117
ergo_adaptive,142.91666666666663,0.00047890769223326955,0.01040550491520837
ergo_adaptive,143.0,0.0005654928824732003,0.010419215464077225
ergo_adaptive,143.08333333333337,0.000393799476330923,0.010425376762874316
ergo_adaptive,143.16666666666663,0.000782398138208276,0.010440278189039478
ergo_adaptive,143.25,0.0010645058346860443,0.0104498421529337
ergo_adaptive,143.33333333333337,0.0008458534211530419,0.01045709355844079
ergo_adaptive,143.41666666666663,0.0009932528491897671,0.010457548483535653
ergo_adaptive,143.5,0.0003422029704904501,0.010464225343422194
ergo_adaptive,143.58333333333337,0.000623424080331815,0.010478693243835158
ergo_adaptive,143.66666666666663,0.001150404324883774,0.010483198545691944
ergo_adaptive,143.75,0.0009640231727856347,0.010497740395054612
ergo_adaptive,143.83333333333337,0.000522888969292965,0.01050204323413494
ergo_adaptive,143.91666666666663,0.0004025245071011213,0.010509053323949132
ergo_adaptive,144.0,0.0003127777211038139,0.010523736699526973
ergo_adaptive,144.08333333333337,0.0007407572283103534,0.010531138958482227
ergo_adaptive,144.16666666666663,0.0005738109640015002,0.010540857427695234
ergo_adaptive,144.25,0.00047033267780665754,0.010546159952407498
ergo_adaptive,144.33333333333337,0.00013040634315694135,0.01056174726784384
ergo_adaptive,144.41666666666663,8.948534568360318e-5,0.010575983460533222
ergo_adaptive,144.5,0.0002861569686464173,0.010582246534232705
ergo_adaptive,144.58333333333337,0.00045332286923640327,0.010582712650434397
ergo_adaptive,144.66666666666663,0.0003506547256004703,0.01058736201309726
ergo_adaptive,144.75,0.00026175739964149714,0.010601955293459739
ergo_adaptive,144.83333333333337,8.249481828094334e-5,0.010608782284411145
ergo_adaptive,144.91666666666663,9.002811255926236e-6,0.010623003083522776
ergo_adaptive,145.0,1.846708280223252e-5,0.01063523687793387
ergo_adaptive,145.08333333333337,6.891167739057594e-5,0.010640342298558234
ergo_adaptive,145.16666666666663,0.0001879827661387314,0.01062818722682546
ergo_adaptive,145.25,0.0007070673798198975,0.010625489037240159
ergo_adaptive,145.33333333333337,0.000817909954666616,0.010630916179825128
ergo_adaptive,145.41666666666663,0.0011975172928960953,0.010646890311488614
ergo_adaptive,145.5,0.0018071165207781486,0.010661333347545968
ergo_adaptive,145.58333333333337,0.0012517703165934948,0.010669514219985814
ergo_adaptive,145.66666666666663,0.0013926640493008044,0.010672094544342167
ergo_adaptive,145.75,0.0016244822572637346,0.010674372615071035
ergo_adaptive,145.83333333333337,0.002333507683416809,0.01067586929685377
ergo_adaptive,145.91666666666663,0.0018091726745622517,0.010686548672332487
ergo_adaptive,146.0,0.0012973043930884012,0.01069175819001352
ergo_adaptive,146.08333333333337,0.0007283525349727903,0.010698187784072286
ergo_adaptive,146.16666666666663,0.0016276425228524173,0.01069375423334409
ergo_adaptive,146.25,0.0016852019895568643,0.01069048271966753
ergo_adaptive,146.33333333333337,0.001064729847280056,0.010706210247528748
ergo_adaptive,146.41666666666663,0.0020349513908266546,0.01070756503033307
ergo_adaptive,146.5,0.0019032174066033415,0.010719799666579112
ergo_adaptive,146.58333333333337,0.001976378006336846,0.010724110166036152
ergo_adaptive,146.66666666666663,0.0019144529176924354,0.010739610400105822
ergo_adaptive,146.75,0.0017981634076055682,0.010742841367153946
ergo_adaptive,146.83333333333337,0.0020696669325694127,0.010751230493002646
ergo_adaptive,146.91666666666663,0.001870944889326452,0.010770300213769964
ergo_adaptive,147.0,0.0012336524045156053,0.010775163579009683
ergo_adaptive,147.08333333333337,0.0015837771326332475,0.01076939906241751
ergo_adaptive,147.16666666666663,0.0016418618492991313,0.010777386202380276
ergo_adaptive,147.25,0.0015208808553330187,0.010786419032008703
ergo_adaptive,147.33333333333337,0.001131436031359222,0.01079869007774305
ergo_adaptive,147.41666666666663,0.0014059150425229637,0.010800246512928938
ergo_adaptive,147.5,0.0004189628599763101,0.010813135502352125
ergo_adaptive,147.58333333333337,0.00035591906991552834,0.010810903310356838
ergo_adaptive,147.66666666666663,0.0005370767297443426,0.010778257250250417
ergo_adaptive,147.75,7.164377276693762e-5,0.010724217803306456
ergo_adaptive,147.83333333333337,0.00017592208855458883,0.010700618073950542
ergo_adaptive,147.91666666666663,0.0005055154052376627,0.0106872936977413
ergo_adaptive,148.0,0.0006746072124583874,0.010686347902190417
ergo_adaptive,148.08333333333337,0.00023087012607704053,0.010692797575792518
ergo_adaptive,148.16666666666663,0.0002617056187351094,0.010697360261329761
ergo_adaptive,148.25,0.00015842333879079746,0.010688616144947309
ergo_adaptive,148.33333333333337,1.5500395471532008e-5,0.010663491923808418
ergo_adaptive,148.41666666666663,1.44687617114748e-5,0.010664203992088648
ergo_adaptive,148.5,7.451640381895401e-5,0.010680560168459308
ergo_adaptive,148.58333333333337,0.0,0.010691671085155808
ergo_adaptive,148.66666666666663,3.0190256339847515e-5,0.010692154304226587
ergo_adaptive,148.75,0.000825930656612137,0.010684052074730081
ergo_adaptive,148.83333333333337,0.00158716966207703,0.010673327930932243
ergo_adaptive,148.91666666666663,0.0022078007037378555,0.010666882197800289
ergo_adaptive,149.0,0.0013824408394825561,0.01066492322639195
ergo_adaptive,149.08333333333337,0.0010980175579793489,0.010659887932888952
ergo_adaptive,149.16666666666663,0.001117109636601438,0.010663168420228974
ergo_adaptive,149.25,0.00080136800835118,0.010683682951738034
ergo_adaptive,149.33333333333337,0.00044301584672559567,0.010705728877556758
ergo_adaptive,149.41666666666663,0.00030948608185976087,0.010728204971178943
ergo_adaptive,149.5,0.00010368075513342494,0.01074888644275133
ergo_adaptive,149.58333333333337,0.0001490433672651774,0.010773331209686985
ergo_adaptive,149.66666666666663,0.00025688370447718786,0.010793897327478258
ergo_adaptive,149.75,0.0003622183920716876,0.010811751379179021
ergo_adaptive,149.83333333333337,0.0003800907862809051,0.01082369190456939
ergo_adaptive,149.91666666666663,0.0003831463054817561,0.010835338158903324
ergo_adaptive,150.0,0.0002507752464800178,0.010848377512752057
ergo_adaptive,150.08333333333337,0.00020613497689211003,0.010866526722429761
ergo_adaptive,150.16666666666663,0.00029457086242820477,0.010880386352924848
ergo_adaptive,150.25,0.0003818844070621271,0.010887517848330239
ergo_adaptive,150.33333333333337,0.00011543875378344578,0.010887898541171852
ergo_adaptive,150.41666666666663,0.0001063015255043987,0.010903369238575183
ergo_adaptive,150.5,0.0004443201683060243,0.010917123494206277
ergo_adaptive,150.58333333333337,0.0002647590197462982,0.01091399063768643
ergo_adaptive,150.66666666666663,0.00019956334575676923,0.010913761231283325
ergo_adaptive,150.75,0.0002946986503903433,0.01091517737515881
ergo_adaptive,150.83333333333337,0.0002859185569680543,0.010919083885388776
ergo_adaptive,150.91666666666663,0.0009966120562483998,0.010922056716433388
ergo_adaptive,151.0,0.0007634280310285272,0.010935225950200595
ergo_adaptive,151.08333333333337,0.00031450874279826194,0.010937622553942079
ergo_adaptive,151.16666666666663,0.0003175211452906099,0.010943699496023605
ergo_adaptive,151.25,0.0007406394364433098,0.010952477075086838
ergo_adaptive,151.33333333333337,0.00013949276890854918,0.010965766183941256
ergo_adaptive,151.41666666666663,0.00026607075626367205,0.010970766303669638
ergo_adaptive,151.5,5.783005966793568e-6,0.010975124720044417
ergo_adaptive,151.58333333333337,2.543864442165888e-6,0.010972004396494093
ergo_adaptive,151.66666666666663,0.0,0.010948633186379418
ergo_adaptive,151.75,0.0004096891347125118,0.010930205225923547
ergo_adaptive,151.83333333333337,0.0013800597901559907,0.010883065927592046
ergo_adaptive,151.91666666666663,0.0016561800129179162,0.010789685046975202
ergo_adaptive,152.0,0.0016331087176780924,0.010664089132812703
ergo_adaptive,152.08333333333337,0.0020892766132236877,0.010536045460143405
ergo_adaptive,152.16666666666663,0.002954130222795512,0.010415195469606208
ergo_adaptive,152.25,0.0015259742143782138,0.010290499496556527
ergo_adaptive,152.33333333333337,0.0023861767735276805,0.010163933866259097
ergo_adaptive,152.41666666666663,0.0019467824834653352,0.010039573300489131
ergo_adaptive,152.5,0.0010130004249058074,0.009959299940950466
ergo_adaptive,152.58333333333337,0.0010450745882984757,0.009941837979251715
ergo_adaptive,152.66666666666663,0.0007420325628054314,0.00995053383458161
ergo_adaptive,152.75,0.0007241464494881591,0.009970262182008072
ergo_adaptive,152.83333333333337,0.0005703071438790016,0.00999174488751587
ergo_adaptive,152.91666666666663,0.0005383416882609259,0.010011384294281188
ergo_adaptive,153.0,2.3689320112867674e-5,0.010025923084771623
ergo_adaptive,153.08333333333337,0.0,0.010045671935290022
ergo_adaptive,153.16666666666663,6.587705683750849e-6,0.01006791617128748
ergo_adaptive,153.25,9.68319544603665e-5,0.010087028564795418
ergo_adaptive,153.33333333333337,0.0,0.010098787850211304
ergo_adaptive,153.41666666666663,0.0,0.010101842524758155
ergo_adaptive,153.5,0.0,0.010101650598601785
ergo_adaptive,153.58333333333337,0.0,0.010100716294214086
ergo_adaptive,153.66666666666663,3.707379147739183e-6,0.010095628177027685
ergo_adaptive,153.75,3.5355152362396176e-6,0.01011360223345742
ergo_adaptive,153.83333333333337,5.1587185260101796e-6,0.010139210691178397
ergo_adaptive,153.91666666666663,0.00014159325349270317,0.010157165221758576
ergo_adaptive,154.0,6.62713625327913e-5,0.010155312040676868
ergo_adaptive,154.08333333333337,9.099622629193793e-5,0.01013215543184045
ergo_adaptive,154.16666666666663,7.297947114372835e-5,0.010089459898099193
ergo_adaptive,154.25,1.6032974311331282e-5,0.010029546527598712
ergo_adaptive,154.33333333333337,0.0003465382929431798,0.00997317286538603
ergo_adaptive,154.41666666666663,3.888890972982439e-5,0.00990977266033121
ergo_adaptive,154.5,0.0002906286517973637,0.009856556112373025
ergo_adaptive,154.58333333333337,0.0005119248475969766,0.009803215221025932
ergo_adaptive,154.66666666666663,0.0002104599725486138,0.009758348012243609
ergo_adaptive,154.75,0.00014674570771630002,0.00973926581323357
ergo_adaptive,154.83333333333337,0.0006683864588167683,0.009714979965493366
ergo_adaptive,154.91666666666663,0.0001699905606492762,0.009685529362163641
ergo_adaptive,155.0,0.0005252939602276139,0.009675430156364337
ergo_adaptive,155.08333333333337,0.0004599907350317846,0.009672522689709733
ergo_adaptive,155.16666666666663,0.00224924029376531,0.009681557098793087
ergo_adaptive,155.25,0.0014249291263843007,0.009697111264498815
ergo_adaptive,155.33333333333337,0.0010377450822100396,0.009707305073010005
ergo_adaptive,155.41666666666663,0.0027540212403444017,0.009721634304154209
ergo_adaptive,155.5,0.0027197248417869736,0.009737937064090355
ergo_adaptive,155.58333333333337,0.0012877883947066521,0.009754976951793342
ergo_adaptive,155.66666666666663,0.001194716646050738,0.009776570732633967
ergo_adaptive,155.75,0.001682088800293771,0.00979653196091935
ergo_adaptive,155.83333333333337,0.0016610648960607322,0.009809012989401596
ergo_adaptive,155.91666666666663,0.0007011307643274178,0.009809488213913453
ergo_adaptive,156.0,0.0007586403327037548,0.009815606671525368
ergo_adaptive,156.08333333333337,0.00044638434119454877,0.009825251541313274
ergo_adaptive,156.16666666666663,0.0006640641032381104,0.009827551144009372
ergo_adaptive,156.25,0.001702380918864106,0.009819221597747242
ergo_adaptive,156.33333333333337,0.0021293127324506986,0.00980636555788601
ergo_adaptive,156.41666666666663,0.0010798578917203532,0.00978976553040356
ergo_adaptive,156.5,0.0005603816286407503,0.009766155073312672
ergo_adaptive,156.58333333333337,0.00024297072382984194,0.00975130485654327
ergo_adaptive,156.66666666666663,0.00044463026322940475,0.009756435676198397
ergo_adaptive,156.75,0.0010140931027406105,0.00976736060160153
ergo_adaptive,156.83333333333337,0.0005822228975515077,0.009775822207161732
ergo_adaptive,156.91666666666663,0.0005778610146069521,0.009787897357442323
ergo_adaptive,157.0,0.0002981077550505907,0.009803108541293539
ergo_adaptive,157.08333333333337,0.00027691193373890365,0.00981496276704507
ergo_adaptive,157.16666666666663,0.0005813198114536259,0.009820687179817048
ergo_adaptive,157.25,0.0007766515437736212,0.009834010228256885
ergo_adaptive,157.33333333333337,0.00033411987240311076,0.009849810842602877
ergo_adaptive,157.41666666666663,9.891875381775784e-5,0.009867175315951621
ergo_adaptive,157.5,0.0002964433764796648,0.009882256276335715
ergo_adaptive,157.58333333333337,0.0003979689087038654,0.009891102765986674
ergo_adaptive,157.66666666666663,0.0005137069251433842,0.009890134822466347
ergo_adaptive,157.75,0.0012810587337438307,0.00987821374990212
ergo_adaptive,157.83333333333337,0.002660525384407489,0.00985642621226116
ergo_adaptive,157.91666666666663,0.0019963857017705395,0.009820016811333647
ergo_adaptive,158.0,0.0015843481564310551,0.009767475666650685
ergo_adaptive,158.08333333333337,0.001129799565930868,0.009701238274353706
ergo_adaptive,158.16666666666663,0.001784749217335231,0.009679740355858222
ergo_adaptive,158.25,0.00201766525133848,0.009658121234785752
ergo_adaptive,158.33333333333337,0.0032957606674184044,0.009630830825848011
ergo_adaptive,158.41666666666663,0.003520158946137098,0.009598040565242424
ergo_adaptive,158.5,0.0034815223419139315,0.009546856681340001
ergo_adaptive,158.58333333333337,0.0038475629754441557,0.009479120421970388
ergo_adaptive,158.66666666666663,0.0010456653524178983,0.009404712704652539
ergo_adaptive,158.75,0.0005470371336374493,0.009387831480452484
ergo_adaptive,158.83333333333337,0.0005618006986055414,0.009402227880635773
ergo_adaptive,158.91666666666663,0.0006096268672911519,0.009425239874624363
ergo_adaptive,159.0,0.0012349854998002848,0.009443034920308017
ergo_adaptive,159.08333333333337,0.00038985604100521447,0.009444278715669493
ergo_adaptive,159.16666666666663,0.0002516379425667474,0.00943161532012874
ergo_adaptive,159.25,0.00047865090037887796,0.009412976410079918
ergo_adaptive,159.33333333333337,0.0002698768042664762,0.009393552148607685
ergo_adaptive,159.41666666666663,0.00023816861572318828,0.009381653566407067
ergo_adaptive,159.5,8.544315779310534e-5,0.009379161165713244
ergo_adaptive,159.58333333333337,3.5055016889181855e-5,0.009388951178616142
ergo_adaptive,159.66666666666663,0.00010563749082993825,0.00940441955258222
ergo_adaptive,159.75,0.0006560248095679848,0.009420768219331665
ergo_adaptive,159.83333333333337,0.00018459943803167912,0.009434620239742965
ergo_adaptive,159.91666666666663,0.00022796883117609992,0.009448504030611576
ergo_adaptive,160.0,2.3790228947704796e-5,0.009464276215369542
ergo_adaptive,160.08333333333337,9.553251107950717e-5,0.009483990090072985
ergo_adaptive,160.16666666666663,0.00021086719727709088,0.009501225045337522
ergo_adaptive,160.25,9.221746422691632e-5,0.009511693112311707
ergo_adaptive,160.33333333333337,0.0003106824044899318,0.009514916760675328
ergo_adaptive,160.41666666666663,0.0004618863901533017,0.009511845497047972
ergo_adaptive,160.5,0.0008038847959330916,0.00950085340280377
ergo_adaptive,160.58333333333337,0.0016844825206729834,0.009483918881832434
ergo_adaptive,160.66666666666663,0.0022469850331914227,0.009471965664707213
ergo_adaptive,160.75,0.0021643389681882137,0.009463338060887075
ergo_adaptive,160.83333333333337,0.0015730166619415662,0.009449319898088906
ergo_adaptive,160.91666666666663,0.0029278447228638913,0.009431283111349786
ergo_adaptive,161.0,0.001656558035279391,0.009422720767740441
ergo_adaptive,161.08333333333337,0.0017979009503484578,0.009423804935386254
ergo_adaptive,161.16666666666663,0.0006247257312275131,0.00942712938193671
ergo_adaptive,161.25,0.000581763553933465,0.009441552246157907
ergo_adaptive,161.33333333333337,0.0005797169897538816,0.009458223531233123
ergo_adaptive,161.41666666666663,0.00036128494096167,0.009470216211300541
ergo_adaptive,161.5,0.0006297674323122046,0.009477070776733884
ergo_adaptive,161.58333333333337,0.0002768303984689723,0.009479628862980816
ergo_adaptive,161.66666666666663,0.00034842046736853916,0.009481290615663898
ergo_adaptive,161.75,0.00047358157498165776,0.009482714894333291
ergo_adaptive,161.83333333333337,0.0004160341740523508,0.009482759320772464
ergo_adaptive,161.91666666666663,0.0007397924753253999,0.009483630723731462
ergo_adaptive,162.0,0.0005378947485749522,0.00948741686616176
ergo_adaptive,162.08333333333337,0.0003266110268201754,0.009494060427507523
ergo_adaptive,162.16666666666663,0.00042232882646018265,0.009503670019068608
ergo_adaptive,162.25,0.00013961247030749402,0.009515623087854112
ergo_adaptive,162.33333333333337,0.00012375734343875983,0.009532657788335562
ergo_adaptive,162.41666666666663,0.00011053184155134752,0.009552063552121397
ergo_adaptive,162.5,0.00016654112619783411,0.009571469086618184
ergo_adaptive,162.58333333333337,6.549133056905622e-5,0.00958891926885789
ergo_adaptive,162.66666666666663,4.46276066474567e-5,0.009608250334501441
ergo_adaptive,162.75,1.9104328910875568e-5,0.009621816303314355
ergo_adaptive,162.83333333333337,6.902998281804684e-5,0.009627023470499837
ergo_adaptive,162.91666666666663,0.00013444465338276445,0.00962256777508798
ergo_adaptive,163.0,0.0001801565570230127,0.009609537487584727
ergo_adaptive,163.08333333333337,0.0001115244803244411,0.00959098070167558
ergo_adaptive,163.16666666666663,4.684190499639791e-6,0.009572843037686476
ergo_adaptive,163.25,0.0,0.009563442555964571
ergo_adaptive,163.33333333333337,3.0938987804013795e-7,0.00955425204679812
ergo_adaptive,163.41666666666663,0.0,0.009557172228606052
ergo_adaptive,163.5,0.0,0.009558194631010016
ergo_adaptive,163.58333333333337,0.00010473233216460466,0.009551034877265862
ergo_adaptive,163.66666666666663,6.804375912844781e-6,0.009554252995959689
ergo_adaptive,163.75,0.0,0.00955730822120622
ergo_adaptive,163.83333333333337,0.0,0.009551054387242274
ergo_adaptive,163.91666666666663,2.0286419405757063e-6,0.009536001139898892
ergo_adaptive,164.0,4.7538671259190334e-5,0.00953473095955731
ergo_adaptive,164.08333333333337,0.00016632940771897745,0.009537233797646325
ergo_adaptive,164.16666666666663,0.00019968991743802252,0.009537206638745629
ergo_adaptive,164.25,4.8237235932967335e-5,0.009533832495403459
ergo_adaptive,164.33333333333337,3.4372289511318042e-6,0.009536278010126034
ergo_adaptive,164.41666666666663,3.5423403379683256e-6,0.009541117410069183
ergo_adaptive,164.5,7.563562175642213e-7,0.009543865992898136
ergo_adaptive,164.58333333333337,1.2316024737603832e-5,0.00954323684254981
ergo_adaptive,164.66666666666663,6.103627688805046e-7,0.009551732626146945
ergo_adaptive,164.75,8.072375569143878e-5,0.00956552453187597
ergo_adaptive,164.83333333333337,7.452162356435078e-6,0.009580127892046585
ergo_adaptive,164.91666666666663,0.0,0.009592800439328962
ergo_adaptive,165.0,1.985938048442985e-6,0.009603910851583701
ergo_adaptive,165.08333333333337,0.00013371959972928628,0.009610772072820812
ergo_adaptive,165.16666666666663,4.547694958471545e-5,0.00961430383896605
ergo_adaptive,165.25,1.8896047015933586e-5,0.009617301210455969
ergo_adaptive,165.33333333333337,2.4095354747803207e-6,0.009628268199542397
ergo_adaptive,165.41666666666663,7.591003204651356e-5,0.009637341968612772
ergo_adaptive,165.5,0.00013566953856648673,0.009648542588643942
ergo_adaptive,165.58333333333337,0.0,0.009662790211306612
ergo_adaptive,165.66666666666663,3.295513366543335e-6,0.009674718608899874
ergo_adaptive,165.75,7.92055223729438e-5,0.009680061842288843
ergo_adaptive,165.83333333333337,0.00011838493855337794,0.009676711616872481
ergo_adaptive,165.91666666666663,3.759965656817215e-5,0.009664461308359866
ergo_adaptive,166.0,0.0003011439921531435,0.009664097200824864
ergo_adaptive,166.08333333333337,0.0001439655009078434,0.009673811179201809
ergo_adaptive,166.16666666666663,0.0001300997035265318,0.009687547861072605
ergo_adaptive,166.25,2.5524515011042474e-5,0.009699008686935524
ergo_adaptive,166.33333333333337,6.313990522620464e-5,0.009712162120087072
ergo_adaptive,166.41666666666663,0.00010087797823300436,0.009725683625992047
ergo_adaptive,166.5,0.0003374938161070273,0.00973029108227596
ergo_adaptive,166.58333333333337,0.00015024598660676243,0.009723231351341616
ergo_adaptive,166.66666666666663,0.0002949892137414743,0.00972420488772705
ergo_adaptive,166.75,0.0005299336328226727,0.009727779417520926
ergo_adaptive,166.83333333333337,0.00014743225375148236,0.009729770455826237
ergo_adaptive,166.91666666666663,0.00043859026411130855,0.00973603734281273
ergo_adaptive,167.0,0.0005170019014915738,0.00974544636372925
ergo_adaptive,167.08333333333337,0.0008209171049381178,0.009755671530322
ergo_adaptive,167.16666666666663,0.000416434931955872,0.009765847146105245
ergo_adaptive,167.25,0.0002565820605888733,0.009777265678571635
ergo_adaptive,167.33333333333337,1.4641789431188718e-5,0.009785906247036654
ergo_adaptive,167.41666666666663,8.072051153962912e-6,0.009794645433423217
ergo_adaptive,167.5,1.7889464785965454e-6,0.009797561475540862
ergo_adaptive,167.58333333333337,0.0001262038353601825,0.009789823119512866
ergo_adaptive,167.66666666666663,3.2024580449171553e-5,0.009789687838742013
ergo_adaptive,167.75,0.00020525402526718592,0.00979888971864256
ergo_adaptive,167.83333333333337,0.0012233538981484663,0.00981397102623061
ergo_adaptive,167.91666666666663,0.000919339094896779,0.00982096721757393
ergo_adaptive,168.0,0.001990453859673951,0.009817621106006705
ergo_adaptive,168.08333333333337,0.0015869766115430804,0.0098059854728316
ergo_adaptive,168.16666666666663,0.0008509641929861694,0.009798571038415835
ergo_adaptive,168.25,0.000650927449661389,0.009802707589689718
ergo_adaptive,168.33333333333337,0.0003312632120810772,0.009812921002321898
ergo_adaptive,168.41666666666663,0.0003460324512801938,0.009824777568861562
ergo_adaptive,168.5,0.000280135567603261,0.009836949273755152
ergo_adaptive,168.58333333333337,0.0009379256162877583,0.009839214664646599
ergo_adaptive,168.66666666666663,0.000336713848808644,0.009824727514188423
ergo_adaptive,168.75,0.0005905447973592042,0.009825413290393508
ergo_adaptive,168.83333333333337,0.000640907223502491,0.00983674449544198
ergo_adaptive,168.91666666666663,0.0003339166215831204,0.00984714770841247
ergo_adaptive,169.0,0.0009570847499234121,0.009859570959561583
ergo_adaptive,169.08333333333337,0.0010085362648355597,0.00986758697826018
ergo_adaptive,169.16666666666663,0.0001821660899333858,0.009872353097016411
ergo_adaptive,169.25,0.0001563267420351378,0.009879732928832333
ergo_adaptive,169.33333333333337,0.0003126379184879107,0.009885231552513198
ergo_adaptive,169.41666666666663,0.0001961894235521265,0.00988426595077928
ergo_adaptive,169.5,0.0009918368477557053,0.009872696181567641
ergo_adaptive,169.58333333333337,0.0013783414115772388,0.009844756727029386
ergo_adaptive,169.66666666666663,0.0022314266349829116,0.009806977668096366
ergo_adaptive,169.75,0.0008453944293288818,0.009764517708368038
ergo_adaptive,169.83333333333337,0.002097256074331537,0.00975236189612812
ergo_adaptive,169.91666666666663,0.003576069218655187,0.009741844774525946
ergo_adaptive,170.0,0.002764176250032345,0.009729463702429981
ergo_adaptive,170.08333333333337,0.0034426208964593906,0.00971797128396748
ergo_adaptive,170.16666666666663,0.003227978038917019,0.009702950098747535
ergo_adaptive,170.25,0.004859277792920201,0.00969489255308102
ergo_adaptive,170.33333333333337,0.0031471013315135894,0.009699667160979057
ergo_adaptive,170.41666666666663,0.0033615364491565284,0.009717135152914846
ergo_adaptive,170.5,0.0018578718857027836,0.00973497664303516
ergo_adaptive,170.58333333333337,0.0031482737629950773,0.009751137577921778
ergo_adaptive,170.66666666666663,0.002841227837061869,0.009761299945065988
ergo_adaptive,170.75,0.0028888922917529713,0.009765594699688646
ergo_adaptive,170.83333333333337,0.0025407517736162075,0.009762277344705481
ergo_adaptive,170.91666666666663,0.003092820581003158,0.009756693932232212
ergo_adaptive,171.0,0.0029342144267265158,0.009759027366422628
ergo_adaptive,171.08333333333337,0.002890699203579775,0.009766779844549836
ergo_adaptive,171.16666666666663,0.002262768998597892,0.009773669585947229
ergo_adaptive,171.25,0.0015821341414553089,0.009792859723948425
ergo_adaptive,171.33333333333337,0.0014232717936583012,0.009810584459594414
ergo_adaptive,171.41666666666663,0.002481784155997916,0.009817220082977168
ergo_adaptive,171.5,0.0012744015770657284,0.009812092639830922
ergo_adaptive,171.58333333333337,0.0016930379141026379,0.009795899586950176
ergo_adaptive,171.66666666666663,0.00033259006376337404,0.009767614597662358
ergo_adaptive,171.75,0.0004040976205070562,0.009755320491879561
ergo_adaptive,171.83333333333337,0.00010612162293931149,0.009752339977529705
ergo_adaptive,171.91666666666663,0.0003250507637966707,0.009750916959589335
ergo_adaptive,172.0,0.0001801890242134754,0.009747103386806032
ergo_adaptive,172.08333333333337,0.0003296799331442627,0.00974084656674036
ergo_adaptive,172.16666666666663,0.0005558490839210153,0.009734409914028014
ergo_adaptive,172.25,0.0005849049271233831,0.00972515731511895
ergo_adaptive,172.33333333333337,0.0014417017523529851,0.009710476128851012
ergo_adaptive,172.41666666666663,0.0013470866778444914,0.009696160844077087
ergo_adaptive,172.5,0.0003993940890986513,0.009687327387211911
ergo_adaptive,172.58333333333337,0.0008764732132946933,0.009691847620048462
ergo_adaptive,172.66666666666663,0.00010043080573697227,0.009701886219773085
ergo_adaptive,172.75,0.00033263356617964075,0.009714268754034439
ergo_adaptive,172.83333333333337,0.0011306836882976805,0.0097254389344778
ergo_adaptive,172.91666666666663,0.0005705694983657593,0.00973220699088032
ergo_adaptive,173.0,8.327721335976037e-5,0.00973590253261953
ergo_adaptive,173.08333333333337,7.634825268265618e-5,0.00973575514263647
ergo_adaptive,173.16666666666663,2.474359593098991e-5,0.00973117545567918
ergo_adaptive,173.25,0.0005147754851152835,0.009728419542295393
ergo_adaptive,173.33333333333337,0.0002029501329905585,0.009722939252426309
ergo_adaptive,173.41666666666663,1.6493360117736083e-5,0.009718731078977126
ergo_adaptive,173.5,0.0,0.009723558310809644
ergo_adaptive,173.58333333333337,4.689614569862546e-6,0.009728682123773707
ergo_adaptive,173.66666666666663,3.571047914378563e-6,0.009737432804964467
ergo_adaptive,173.75,0.0,0.009747569467851143
ergo_adaptive,173.83333333333337,0.0,0.009757540957724837
ergo_adaptive,173.91666666666663,0.0,0.00976518712346914
ergo_adaptive,174.0,4.738673826236977e-5,0.009767950015812332
ergo_adaptive,174.08333333333337,9.942227454349505e-5,0.009767577719269208
ergo_adaptive,174.16666666666663,0.0,0.009766991629858697
ergo_adaptive,174.25,0.0,0.009766943192817873
ergo_adaptive,174.33333333333337,0.0,0.009763919146894461
ergo_adaptive,174.41666666666663,2.906620128294315e-7,0.009752185261770754
ergo_adaptive,174.5,2.30104797047438e-6,0.009758117442504849
ergo_adaptive,174.58333333333337,6.218010493952629e-7,0.009774199564311534
ergo_adaptive,174.66666666666663,1.5050429307807431e-5,0.009786949343983406
ergo_adaptive,174.75,8.252072576876567e-5,0.009792883253312262
ergo_adaptive,174.83333333333337,3.0877935301218964e-5,0.009796706121133612
ergo_adaptive,174.91666666666663,8.686685396076432e-5,0.00979909267248888
ergo_adaptive,175.0,0.0003470285505365788,0.009798454323206831
ergo_adaptive,175.08333333333337,0.00022917743382228723,0.009793787384794951
ergo_adaptive,175.16666666666663,0.0002444088451023058,0.0097851268837269
ergo_adaptive,175.25,0.001279038261901127,0.009776901870885533
ergo_adaptive,175.33333333333337,0.0007156365860008894,0.00977258933341448
ergo_adaptive,175.41666666666663,0.0006549521580384084,0.009768453574038263
ergo_adaptive,175.5,0.0006173788969013816,0.009762353392992482
ergo_adaptive,175.58333333333337,0.00046343069175664944,0.009764281842965832
ergo_adaptive,175.66666666666663,1.2345909116906879e-5,0.009774068067156824
ergo_adaptive,175.75,2.3202199092762637e-5,0.009787161438632995
ergo_adaptive,175.83333333333337,0.00010938517925347889,0.009802327721148403
ergo_adaptive,175.91666666666663,2.0563403728535744e-5,0.00981457481210047
ergo_adaptive,176.0,7.137095700674677e-6,0.009820263493760565
ergo_adaptive,176.08333333333337,0.0001967036585092985,0.009820068383135374
ergo_adaptive,176.16666666666663,0.0002022682970198611,0.009817182074506593
ergo_adaptive,176.25,0.0011463110772983198,0.009815465330618806
ergo_adaptive,176.33333333333337,0.000947348262983101,0.009815311705923585
ergo_adaptive,176.41666666666663,0.00031333557700711004,0.009817009081439997
ergo_adaptive,176.5,0.00011694007229173534,0.009816994136502909
ergo_adaptive,176.58333333333337,1.931553350060899e-5,0.009819508672240164
ergo_adaptive,176.66666666666663,0.0005671788674774214,0.009821696522588175
ergo_adaptive,176.75,0.0004449815095529678,0.009817502168673704
ergo_adaptive,176.83333333333337,0.0012939733928192996,0.009803957996841306
ergo_adaptive,176.91666666666663,0.0009875636351431116,0.009780090279602407
ergo_adaptive,177.0,0.0006115618499258035,0.009748651264018908
ergo_adaptive,177.08333333333337,0.0008639644627306637,0.00974040870191633
ergo_adaptive,177.16666666666663,0.0004504464591218663,0.009747060993257058
ergo_adaptive,177.25,0.0012330480360787826,0.009756447186770153
ergo_adaptive,177.33333333333337,0.0007202638030301351,0.00976189156586331
ergo_adaptive,177.41666666666663,0.00021051138934290617,0.009768560117603664
ergo_adaptive,177.5,0.00011051188700795215,0.009778449884549066
ergo_adaptive,177.58333333333337,4.164398426068741e-5,0.009788135283653217
ergo_adaptive,177.66666666666663,0.0,0.00979509269938767
ergo_adaptive,177.75,5.352623566974706e-6,0.009800992507220035
ergo_adaptive,177.83333333333337,4.869869942332733e-6,0.00980805534105243
ergo_adaptive,177.91666666666663,2.0562089184913727e-5,0.009816754947814978
ergo_adaptive,178.0,0.00013761965855244298,0.009824628057686548
ergo_adaptive,178.08333333333337,0.00017461323700891423,0.00983157683949473
ergo_adaptive,178.16666666666663,5.542128132111182e-5,0.009836121700742615
ergo_adaptive,178.25,1.6046735046427965e-6,0.009842983284500999
ergo_adaptive,178.33333333333337,0.0,0.009851441379646043
ergo_adaptive,178.41666666666663,0.0,0.009860570176091274
ergo_adaptive,178.5,0.0,0.009867850064272252
ergo_adaptive,178.58333333333337,0.0,0.009871150481720367
ergo_adaptive,178.66666666666663,0.0,0.009869326818262653
ergo_adaptive,178.75,3.064296735265861e-6,0.009859998960640366
ergo_adaptive,178.83333333333337,2.118812437041107e-5,0.009850779038374136
ergo_adaptive,178.91666666666663,0.0,0.009837337476478258
ergo_adaptive,179.0,3.7100978956663946e-6,0.009819173009691543
ergo_adaptive,179.08333333333337,4.764344627649194e-6,0.009820859699280607
ergo_adaptive,179.16666666666663,1.1679298002767114e-5,0.009830486733325613
ergo_adaptive,179.25,1.5809552350872557e-5,0.009838813365165651
ergo_adaptive,179.33333333333337,6.250960943618655e-6,0.009841591296727417
ergo_adaptive,179.41666666666663,8.466550509885788e-6,0.009840617922043502
ergo_adaptive,179.5,0.0002088518985351008,0.00983655726121026
ergo_adaptive,179.58333333333337,0.0011796160157766125,0.00982905068761862
ergo_adaptive,179.66666666666663,0.0007965909364097594,0.00981860397830389
ergo_adaptive,179.75,0.00029504585519594365,0.00980974622860333
ergo_adaptive,179.83333333333337,8.061090427980695e-5,0.009810197544173343
ergo_adaptive,179.91666666666663,0.00028743200888206247,0.009813818803289933
ergo_adaptive,180.0,0.0002783623489393504,0.009815689781051427
ergo_adaptive,180.08333333333337,7.85981321047886e-5,0.009814707023928884
ergo_adaptive,180.16666666666663,5.1226144037571565e-6,0.009808866553028324
ergo_adaptive,180.25,0.0,0.009802984308985829
ergo_adaptive,180.33333333333337,9.035657011902042e-6,0.009806204666253426
ergo_adaptive,180.41666666666663,6.137656713603154e-6,0.009808147980731874
ergo_adaptive,180.5,0.0,0.00980670826650637
ergo_adaptive,180.58333333333337,6.539246270380159e-6,0.009810380866425876
ergo_adaptive,180.66666666666663,0.00016700910898369625,0.00981076800891522
ergo_adaptive,180.75,0.0009542656666704286,0.009805227302365516
ergo_adaptive,180.83333333333337,0.0003985186042403524,0.009794626263134524
ergo_adaptive,180.91666666666663,7.263656293061372e-6,0.009776722876978842
ergo_adaptive,181.0,5.8818974778601726e-6,0.00977618723379751
ergo_adaptive,181.08333333333337,1.140924910674494e-5,0.009784549605781451
ergo_adaptive,181.16666666666663,6.183916755990141e-5,0.00979454865001551
ergo_adaptive,181.25,6.15413129556808e-5,0.009804143665876579
ergo_adaptive,181.33333333333337,0.0001584944861221852,0.009810509625835583
ergo_adaptive,181.41666666666663,0.00026885606847644943,0.009812402493464068
ergo_adaptive,181.5,6.886606607058937e-6,0.00981071764383506
ergo_adaptive,181.58333333333337,0.00020592036801587288,0.009811146388832617
ergo_adaptive,181.66666666666663,7.898357600527703e-5,0.009809571253484283
ergo_adaptive,181.75,0.0005522848455388218,0.00980914313019492
ergo_adaptive,181.83333333333337,5.6170333166125824e-5,0.009808436490771049
ergo_adaptive,181.91666666666663,4.9463883897084035e-5,0.009814398552454879
ergo_adaptive,182.0,7.100200648295202e-5,0.009823271559372095
ergo_adaptive,182.08333333333337,7.155175275353257e-5,0.009831718838978324
ergo_adaptive,182.16666666666663,1.6709478040292205e-5,0.00983878961810195
ergo_adaptive,182.25,0.0,0.009844949838956162
ergo_adaptive,182.33333333333337,7.969995029446315e-7,0.009854745024366583
ergo_adaptive,182.41666666666663,0.0,0.009865790133433487
ergo_adaptive,182.5,0.0,0.009875869372978872
ergo_adaptive,182.58333333333337,9.944502737420124e-7,0.009882751692573374
ergo_adaptive,182.66666666666663,4.700965517960395e-5,0.009889934259985708
ergo_adaptive,182.75,0.0,0.009895517228347766
ergo_adaptive,182.83333333333337,1.7805868428532596e-6,0.009898752027222214
ergo_adaptive,182.91666666666663,4.935330371337131e-6,0.009905000050028083
ergo_adaptive,183.0,8.009897000287989e-5,0.00991009711895378
ergo_adaptive,183.08333333333337,0.0002718366220320645,0.009911603061639105
ergo_adaptive,183.16666666666663,9.704936497383994e-5,0.00990883729467189
ergo_adaptive,183.25,0.000716582875361026,0.009894888103458585
ergo_adaptive,183.33333333333337,0.00016174827070174913,0.009874113968199828
ergo_adaptive,183.41666666666663,8.670399338962979e-5,0.009870290499245744
ergo_adaptive,183.5,0.00035856154539095627,0.009877609443567598
ergo_adaptive,183.58333333333337,0.0006140709594132421,0.009884405885026554
ergo_adaptive,183.66666666666663,3.698741557435424e-5,0.009888669571944704
ergo_adaptive,183.75,4.563303258851078e-5,0.00989772703919156
ergo_adaptive,183.83333333333337,4.192843434350658e-5,0.009905178198134097
ergo_adaptive,183.91666666666663,0.0001183683743602968,0.00990856441890873
ergo_adaptive,184.0,0.0,0.009911639028895589
ergo_adaptive,184.08333333333337,5.488936289783174e-7,0.009916383784535396
ergo_adaptive,184.16666666666663,3.265201158163401e-5,0.009924802174596438
ergo_adaptive,184.25,2.208689030988058e-6,0.009933481585367799
ergo_adaptive,184.33333333333337,2.821596272986393e-6,0.00994235493428974
ergo_adaptive,184.41666666666663,1.5233580208069857e-6,0.009947519381603577
ergo_adaptive,184.5,0.0,0.009947411129178033
ergo_adaptive,184.58333333333337,0.00022784810336080188,0.009952090120402707
ergo_adaptive,184.66666666666663,7.734831537969181e-5,0.009959420995370893
ergo_adaptive,184.75,8.760811784759321e-5,0.009965900949126267
ergo_adaptive,184.83333333333337,2.1832124035864083e-5,0.00996980992753658
ergo_adaptive,184.91666666666663,0.0009729491743297236,0.009976564924591666
ergo_adaptive,185.0,0.00036400015582257155,0.009981287503227514
ergo_adaptive,185.08333333333337,0.0011033001217753157,0.009981252164402498
ergo_adaptive,185.16666666666663,0.0009007703876770586,0.009976443898962415
ergo_adaptive,185.25,0.000618595369160906,0.009967996094410434
ergo_adaptive,185.33333333333337,0.0007972753164640312,0.009961826883293334
ergo_adaptive,185.41666666666663,0.00172086075797782,0.009954346907801795
ergo_adaptive,185.5,0.0020461203665161935,0.009948637953044452
ergo_adaptive,185.58333333333337,0.0019803463335763168,0.009945695969610221
ergo_adaptive,185.66666666666663,0.0008054623302604924,0.009941878805144633
ergo_adaptive,185.75,0.0007250143462611005,0.009956403347949144
ergo_adaptive,185.83333333333337,0.0004449578788225393,0.009977302052069658
ergo_adaptive,185.91666666666663,0.00042308390923843946,0.009990850675769295
ergo_adaptive,186.0,0.00016732690396121692,0.00999557974415121
ergo_adaptive,186.08333333333337,3.4533267014286e-5,0.009994476849698498
ergo_adaptive,186.16666666666663,0.00016120388989145158,0.009991711513126273
ergo_adaptive,186.25,1.5313961265006952e-5,0.009986048519595208
ergo_adaptive,186.33333333333337,0.0003117550791985284,0.009977998898921514
ergo_adaptive,186.41666666666663,0.0006723755938532884,0.009967833071114417
ergo_adaptive,186.5,0.0006690582066551891,0.009955541642391303
ergo_adaptive,186.58333333333337,0.0010992394769632112,0.009939640635803985
ergo_adaptive,186.66666666666663,0.0011053337248565205,0.009921183595396052
ergo_adaptive,186.75,0.00274745366400509,0.009904817083427357
ergo_adaptive,186.83333333333337,0.0022776118811555016,0.009901557383846474
ergo_adaptive,186.91666666666663,0.0011629006048563702,0.009903078025648795
ergo_adaptive,187.0,0.0004297918386217334,0.009906893555263429
ergo_adaptive,187.08333333333337,0.0001806375654107092,0.009921383244058002
ergo_adaptive,187.16666666666663,0.00016981010428191584,0.00993409595757606
ergo_adaptive,187.25,0.00013053958129470756,0.009942428093396176
ergo_adaptive,187.33333333333337,0.0005016414107952268,0.009944467175123638
ergo_adaptive,187.41666666666663,0.0008221584347764851,0.009943066809245681
ergo_adaptive,187.5,0.0010762302054247957,0.009939149785986937
ergo_adaptive,187.58333333333337,0.0007543388523408034,0.009935297085165242
ergo_adaptive,187.66666666666663,0.00039062579660148656,0.009929343725923169
ergo_adaptive,187.75,8.218903018122713e-5,0.009920659118611048
ergo_adaptive,187.83333333333337,9.019799810191513e-5,0.009922471097874298
ergo_adaptive,187.91666666666663,0.00013464505930054234,0.009928333770768452
ergo_adaptive,188.0,3.36161514663187e-5,0.009933145522139622
ergo_adaptive,188.08333333333337,0.0001284640239603622,0.009935561100754059
ergo_adaptive,188.16666666666663,4.633833757299571e-5,0.009934920586952807
ergo_adaptive,188.25,2.1764251510107012e-5,0.009932526419188438
ergo_adaptive,188.33333333333337,2.6771722150893023e-6,0.00993503416607016
ergo_adaptive,188.41666666666663,1.2906607767256924e-7,0.009942204865833932
ergo_adaptive,188.5,6.192527914337691e-6,0.009949668051351265
ergo_adaptive,188.58333333333337,2.8776230063571208e-5,0.009955243969604996
ergo_adaptive,188.66666666666663,0.0,0.009957370985057015
ergo_adaptive,188.75,1.5398381463988964e-6,0.009957966146875864
ergo_adaptive,188.83333333333337,0.00018157615097383947,0.009955116370795268
ergo_adaptive,188.91666666666663,0.0,0.009944573618110205
ergo_adaptive,189.0,0.0,0.00992833727426462
ergo_adaptive,189.08333333333337,0.0,0.009903656846548911
ergo_adaptive,189.16666666666663,0.0,0.009868381902630211
ergo_adaptive,189.25,2.635586345712196e-7,0.00982573058926378
ergo_adaptive,189.33333333333337,4.735653735373994e-6,0.009816995195331127
ergo_adaptive,189.41666666666663,0.0,0.009825533102713504
ergo_adaptive,189.5,2.5176280233343367e-5,0.00983182199376844
ergo_adaptive,189.58333333333337,2.1205108502888157e-5,0.009841172162088576
ergo_adaptive,189.66666666666663,0.00014089562700346218,0.009849423292153372
ergo_adaptive,189.75,2.260153778769866e-5,0.009853427268867121
ergo_adaptive,189.83333333333337,0.0001487225086561543,0.009854639475233212
ergo_adaptive,189.91666666666663,1.3432160600762555e-5,0.009854470127330879
ergo_adaptive,190.0,3.0412140979740997e-6,0.009852137079942359
ergo_adaptive,190.08333333333337,0.0,0.009845211378589158
ergo_adaptive,190.16666666666663,0.0,0.009839249554089036
ergo_adaptive,190.25,0.0,0.009834904260102762
ergo_adaptive,190.33333333333337,0.0,0.00983211513021936
ergo_adaptive,190.41666666666663,0.00010035070188375083,0.009832410338945215
ergo_adaptive,190.5,0.0001706447865532854,0.009837210448755932
ergo_adaptive,190.58333333333337,1.5220719128710459e-6,0.009838600806212563
ergo_adaptive,190.66666666666663,2.821683173099588e-6,0.009848847869287943
ergo_adaptive,190.75,1.5580562953364077e-5,0.009861943358878269
ergo_adaptive,190.83333333333337,0.00011582027871498238,0.009872960257523704
ergo_adaptive,190.91666666666663,9.186556599451341e-5,0.009880875708057872
ergo_adaptive,191.0,0.0004362833194871052,0.009884916559103072
ergo_adaptive,191.08333333333337,0.0001374750380568352,0.009886365441978831
ergo_adaptive,191.16666666666663,0.00015849824806517577,0.009882831704524852
ergo_adaptive,191.25,0.0002596776027596603,0.009878033230718591
ergo_adaptive,191.33333333333337,1.6544373670816484e-5,0.0098755485673034
ergo_adaptive,191.41666666666663,5.619994654317862e-6,0.00988081583862482
ergo_adaptive,191.5,1.6760130336358838e-5,0.009889309308550481
ergo_adaptive,191.58333333333337,4.808317696408474e-5,0.009897127485141901
ergo_adaptive,191.66666666666663,0.00048453989144958833,0.009900672721863474
ergo_adaptive,191.75,0.00028959179580178695,0.00989625884168032
ergo_adaptive,191.83333333333337,1.7010525994770256e-5,0.00988367173370493
ergo_adaptive,191.91666666666663,7.941098357496714e-6,0.009886505960559604
ergo_adaptive,192.0,1.2229019815842663e-5,0.00989694365006168
ergo_adaptive,192.08333333333337,0.0,0.009907830096698314
ergo_adaptive,192.16666666666663,3.874339126644549e-6,0.009918606111920619
ergo_adaptive,192.25,0.0,0.00992841740854113
ergo_adaptive,192.33333333333337,0.0,0.009938876260025572
ergo_adaptive,192.41666666666663,0.0,0.009947967624305505
ergo_adaptive,192.5,0.0,0.009952566536186412
ergo_adaptive,192.58333333333337,0.0,0.0099521551098471
ergo_adaptive,192.66666666666663,0.0,0.009945433420390419
ergo_adaptive,192.75,5.054679569137105e-6,0.009931147262011419
ergo_adaptive,192.83333333333337,1.5459830668849707e-5,0.009937923138064342
ergo_adaptive,192.91666666666663,7.083364689688421e-6,0.009952817122992468
ergo_adaptive,193.0,6.354922844781821e-6,0.009964820742847285
ergo_adaptive,193.08333333333337,2.194703232093421e-6,0.009970201867882857
ergo_adaptive,193.16666666666663,0.0,0.009969569089268347
ergo_adaptive,193.25,7.000603810029551e-8,0.009975910419588277
ergo_adaptive,193.33333333333337,2.488667902820168e-6,0.00998098640644154
ergo_adaptive,193.41666666666663,2.6991300902747936e-5,0.009980758909809163
ergo_adaptive,193.5,2.598039386645132e-5,0.009969420069535873
ergo_adaptive,193.58333333333337,5.5476961776737376e-5,0.009946427784547527
ergo_adaptive,193.66666666666663,1.6205444057347992e-5,0.009918524858131671
ergo_adaptive,193.75,0.00013678828497136822,0.009896743355761977
ergo_adaptive,193.83333333333337,2.7375998333602257e-6,0.00987483035258139
ergo_adaptive,193.91666666666663,0.0,0.009855385931596666
ergo_adaptive,194.0,0.0,0.009844084759205327
ergo_adaptive,194.08333333333337,0.0,0.00983811622274462
ergo_adaptive,194.16666666666663,0.0,0.009832201249116854
ergo_adaptive,194.25,0.0,0.009821565913831707
ergo_adaptive,194.33333333333337,9.511623157191772e-5,0.009807507011353267
ergo_adaptive,194.41666666666663,7.23015903434768e-7,0.009792267971912653
ergo_adaptive,194.5,3.5745254784527892e-6,0.009793098349149995
ergo_adaptive,194.58333333333337,5.220235330854894e-5,0.009800458491172646
ergo_adaptive,194.66666666666663,3.070531402473671e-5,0.009809417105513323
ergo_adaptive,194.75,4.868810074530906e-6,0.009817301874172936
ergo_adaptive,194.83333333333337,0.0,0.00982068517942212
ergo_adaptive,194.91666666666663,1.330680646240992e-5,0.009828856407553007
ergo_adaptive,195.0,1.6733873082072773e-6,0.009834675488445794
ergo_adaptive,195.08333333333337,0.0,0.009835998148980256
ergo_adaptive,195.16666666666663,0.0,0.009841894214984248
ergo_adaptive,195.25,3.724600210661922e-6,0.009852376976291299
ergo_adaptive,195.33333333333337,6.74484759712401e-6,0.009860338044832545
ergo_adaptive,195.41666666666663,0.0,0.009860573653475948
ergo_adaptive,195.5,0.0,0.009864807721626814
ergo_adaptive,195.58333333333337,0.0,0.00987356986585482
ergo_adaptive,195.66666666666663,0.0,0.009876923317090608
ergo_adaptive,195.75,0.0,0.009873596796480255
ergo_adaptive,195.83333333333337,0.0,0.009867116165661145
ergo_adaptive,195.91666666666663,0.0,0.009862066485242101
ergo_adaptive,196.0,0.0,0.009855616233988597
ergo_adaptive,196.08333333333337,0.00026148382006361767,0.00984671288034079
ergo_adaptive,196.16666666666663,0.00026783227869852787,0.009836755818446641
ergo_adaptive,196.25,3.7110666168563376e-6,0.009827206498199502
ergo_adaptive,196.33333333333337,1.6397732304057278e-6,0.009831559736867088
ergo_adaptive,196.41666666666663,5.7748515083495885e-6,0.009841680121257582
ergo_adaptive,196.5,3.7666864782750415e-6,0.009852424284967092
ergo_adaptive,196.58333333333337,3.22884775399002e-6,0.009860778310121904
ergo_adaptive,196.66666666666663,0.0,0.00986516135140792
ergo_adaptive,196.75,6.0184654591950006e-5,0.009873509187643128
ergo_adaptive,196.83333333333337,1.3627759883158252e-6,0.009879365574871485
ergo_adaptive,196.91666666666663,2.7682933238428645e-6,0.009880195558048505
ergo_adaptive,197.0,0.00010285447630233183,0.009877088867760992
ergo_adaptive,197.08333333333337,8.202287850326137e-5,0.009870337845489463
ergo_adaptive,197.16666666666663,5.402084295440045e-5,0.009861386432654618
ergo_adaptive,197.25,0.000300351174522292,0.009853322775301659
ergo_adaptive,197.33333333333337,0.0006152354531594004,0.009847141501200784
ergo_adaptive,197.41666666666663,0.0006570747485675521,0.009841442783848913
ergo_adaptive,197.5,0.0003022270520804725,0.009834702986019777
ergo_adaptive,197.58333333333337,7.315265470735908e-5,0.009834783294239435
ergo_adaptive,197.66666666666663,0.00017569945536984808,0.009840607058717933
ergo_adaptive,197.75,1.4771165564463907e-5,0.009845853166675815
ergo_adaptive,197.83333333333337,3.9317222945697334e-5,0.009847027161188036
ergo_adaptive,197.91666666666663,6.84583778505492e-5,0.009843191872073867
ergo_adaptive,198.0,0.00012944797363983505,0.009834970046517903
ergo_adaptive,198.08333333333337,4.809108252207956e-5,0.009821353633962127
ergo_adaptive,198.16666666666663,9.651625527803548e-5,0.009822212035143189
ergo_adaptive,198.25,2.0434020699939495e-5,0.009830261378007854
ergo_adaptive,198.33333333333337,0.0,0.009839505789360135
ergo_adaptive,198.41666666666663,0.0,0.009846801909083778
ergo_adaptive,198.5,0.0,0.009852711668287576
ergo_adaptive,198.58333333333337,1.8521596919610042e-6,0.009858403878166135
ergo_adaptive,198.66666666666663,1.0739780840868098e-5,0.009866817036589258
ergo_adaptive,198.75,0.0,0.009874344329542319
ergo_adaptive,198.83333333333337,0.0,0.009881053434084276
ergo_adaptive,198.91666666666663,1.3840956169568633e-5,0.009887829426388417
ergo_adaptive,199.0,6.263787948947683e-5,0.009894448362281994
ergo_adaptive,199.08333333333337,2.4713578924058223e-6,0.00990070680431762
ergo_adaptive,199.16666666666663,1.239007873392329e-6,0.009904195280164528
ergo_adaptive,199.25,2.7256536365459796e-5,0.00990459990833331
ergo_adaptive,199.33333333333337,1.6921144062657006e-5,0.00990140537046177
ergo_adaptive,199.41666666666663,1.3145556042012482e-7,0.009894045692595338
ergo_adaptive,199.5,0.0,0.009897526902686889
ergo_adaptive,199.58333333333337,0.0,0.009907874927767268
ergo_adaptive,199.66666666666663,0.0,0.009916519965122257
ergo_adaptive,199.75,2.1014745224461116e-5,0.009921466738335459
ergo_adaptive,199.83333333333337,3.1942335394732224e-5,0.009926798340539764
ergo_adaptive,199.91666666666663,7.131804424484577e-5,0.009932224024423312
ergo_adaptive,200.0,6.797238261105681e-7,0.009935357558025291
ergo_adaptive,200.08333333333337,0.0,0.009935180449541624
ergo_adaptive,200.16666666666663,0.0,0.009933159700672416
ergo_adaptive,200.25,0.0,0.009928792462302011
ergo_adaptive,200.33333333333337,0.0,0.009922861449920856
ergo_adaptive,200.41666666666663,0.0,0.009920162659067183
ergo_adaptive,200.5,0.0,0.009913409565126142
ergo_adaptive,200.58333333333337,0.0,0.009894333363108698
ergo_adaptive,200.66666666666663,0.0,0.009868675705702537
ergo_adaptive,200.75,0.0,0.009844596901404221
ergo_adaptive,200.83333333333337,0.0,0.00982701123942941
ergo_adaptive,200.91666666666663,0.0,0.009814793962131235
ergo_adaptive,201.0,0.0,0.009804111560260611
ergo_adaptive,201.08333333333337,0.0,0.00978874537811456
ergo_adaptive,201.16666666666663,0.0,0.009770481644065462
ergo_adaptive,201.25,0.0,0.009755338269512663
ergo_adaptive,201.33333333333337,0.0,0.009745391926163909
ergo_adaptive,201.41666666666663,0.0,0.009739819296206362
ergo_adaptive,201.5,0.0,0.009736479093860786
ergo_adaptive,201.58333333333337,0.0,0.009730471802213665
ergo_adaptive,201.66666666666663,0.0,0.00972202097889071
ergo_adaptive,201.75,0.0,0.009713664889353851
ergo_adaptive,201.83333333333337,0.0,0.009705418236441735
ergo_adaptive,201.91666666666663,0.0,0.009697639386739494
ergo_adaptive,202.0,0.0,0.009690270262609465
ergo_adaptive,202.08333333333337,0.0,0.009681760453405549
ergo_adaptive,202.16666666666663,0.0,0.009671812251550295
ergo_adaptive,202.25,0.0,0.009661664111465969
ergo_adaptive,202.33333333333337,0.0,0.009650183538643936
ergo_adaptive,202.41666666666663,0.0,0.009637099103228037
ergo_adaptive,202.5,0.0,0.009623423165623549
ergo_adaptive,202.58333333333337,0.0,0.009608968055734286
ergo_adaptive,202.66666666666663,0.0,0.009592818445548129
ergo_adaptive,202.75,0.0,0.009576288968411721
ergo_adaptive,202.83333333333337,0.0,0.009557173257766803
ergo_adaptive,202.91666666666663,0.0,0.009534415105102898
ergo_adaptive,203.0,0.0,0.009510376804717283
ergo_adaptive,203.08333333333337,0.0,0.009486479321226158
ergo_adaptive,203.16666666666663,0.0,0.009463183695587223
ergo_adaptive,203.25,0.0,0.00944213554966265
ergo_adaptive,203.33333333333337,0.0,0.009419805728795557
ergo_adaptive,203.41666666666663,0.0,0.009398275216910668
ergo_adaptive,203.5,0.0,0.009374199111163058
ergo_adaptive,203.58333333333337,0.0,0.00934790867598795
ergo_adaptive,203.66666666666663,0.0,0.009320526756957109
ergo_adaptive,203.75,0.0,0.009295116614888443
ergo_adaptive,203.83333333333337,0.0,0.009275941704588144
ergo_adaptive,203.91666666666663,0.0,0.00925105491168252
ergo_adaptive,204.0,0.0,0.009222917117452267
ergo_adaptive,204.08333333333337,0.0,0.009193228885995152
ergo_adaptive,204.16666666666663,0.0,0.009161069055296784
ergo_adaptive,204.25,0.0,0.009128807818061416
ergo_adaptive,204.33333333333337,0.0,0.009093033328645462
ergo_adaptive,204.41666666666663,0.0,0.009049189952993504
ergo_adaptive,204.5,0.0,0.009000020437706506
ergo_adaptive,204.58333333333337,2.2469753673844746e-6,0.008947550876227084
ergo_adaptive,204.66666666666663,5.512520517727398e-6,0.008952356265198266
ergo_adaptive,204.75,8.922644723420513e-6,0.008985918570355496
ergo_adaptive,204.83333333333337,5.534341004248919e-6,0.009025537544374681
ergo_adaptive,204.91666666666663,6.21242572652211e-6,0.009064936002311827
ergo_adaptive,205.0,8.789438807970776e-6,0.00910273856865302
ergo_adaptive,205.08333333333337,1.3530659082167854e-6,0.009139579296221634
ergo_adaptive,205.16666666666663,4.177673185525422e-6,0.009176449581421865
ergo_adaptive,205.25,1.3635034554899273e-5,0.009212454980235664
ergo_adaptive,205.33333333333337,0.0,0.00924523026244668
ergo_adaptive,205.41666666666663,0.0,0.009282789114710647
ergo_adaptive,205.5,0.0,0.00932284821210928
ergo_adaptive,205.58333333333337,7.168778434345846e-7,0.00936040946433787
ergo_adaptive,205.66666666666663,0.0,0.009397892856731883
ergo_adaptive,205.75,0.0,0.009433380134152278
ergo_adaptive,205.83333333333337,0.0,0.009464920531030615
ergo_adaptive,205.91666666666663,5.095787021322567e-6,0.009491085324631467
ergo_adaptive,206.0,6.461240706002005e-6,0.009524185644240783
ergo_adaptive,206.08333333333337,4.294930854930819e-6,0.009560458575416462
ergo_adaptive,206.16666666666663,1.7803370812762173e-6,0.00959476301900433
ergo_adaptive,206.25,0.0,0.009625969541104144
ergo_adaptive,206.33333333333337,0.0,0.009659579419842731
ergo_adaptive,206.41666666666663,5.741000568920602e-6,0.009693860714418643
ergo_adaptive,206.5,1.03284493011264e-5,0.009727486470723069
ergo_adaptive,206.58333333333337,5.0766812768508695e-6,0.009759465400140048
ergo_adaptive,206.66666666666663,0.0,0.00979007930629806
ergo_adaptive,206.75,7.784778753983143e-6,0.009823617734303357
ergo_adaptive,206.83333333333337,0.0,0.009857089613483437
ergo_adaptive,206.91666666666663,0.0,0.00989152456232533
ergo_adaptive,207.0,0.0,0.009923475411116675
ergo_adaptive,207.08333333333337,0.0,0.009949026277201655
ergo_adaptive,207.16666666666663,0.0,0.009965523584494958
ergo_adaptive,207.25,0.0,0.00997042299249912
ergo_adaptive,207.33333333333337,0.0,0.00996276284665437
ergo_adaptive,207.41666666666663,0.0,0.009947284561425445
ergo_adaptive,207.5,0.0,0.00992648060536711
ergo_adaptive,207.58333333333337,0.0,0.009894367797268828
ergo_adaptive,207.66666666666663,0.0,0.009850809931774979
ergo_adaptive,207.75,0.0,0.009797884229522626
ergo_adaptive,207.83333333333337,3.29638539720055e-6,0.009736955335860262
ergo_adaptive,207.91666666666663,7.363010830914535e-6,0.009731643016311553
ergo_adaptive,208.0,8.836659703023174e-6,0.009756008380593775
ergo_adaptive,208.08333333333337,0.0,0.009790797808613857
ergo_adaptive,208.16666666666663,2.8038070120953096e-6,0.00981999787646873
ergo_adaptive,208.25,2.497778733947344e-6,0.009853423801030638
ergo_adaptive,208.33333333333337,1.0068902990789758e-6,0.009891214800911529
ergo_adaptive,208.41666666666663,0.0,0.009929908741065318
ergo_adaptive,208.5,0.0,0.009966592677309033
ergo_adaptive,208.58333333333337,0.0,0.009996883016968132
ergo_adaptive,208.66666666666663,0.0,0.010016964351972123
ergo_adaptive,208.75,0.0,0.010022187350217702
ergo_adaptive,208.83333333333337,3.723956889599525e-6,0.010008369324817518
ergo_adaptive,208.91666666666663,6.980508493723984e-6,0.010020700318472691
ergo_adaptive,209.0,8.141387316633454e-6,0.010053260337041403
ergo_adaptive,209.08333333333337,1.6874789840373814e-5,0.010093111347307261
ergo_adaptive,209.16666666666663,1.3756717938209496e-5,0.010130284987716372
ergo_adaptive,209.25,9.33766540539504e-6,0.010163726681507359
ergo_adaptive,209.33333333333337,0.0,0.010195017677918618
ergo_adaptive,209.41666666666663,1.161049866640492e-6,0.010228967602964238
ergo_adaptive,209.5,0.0,0.010262669885782335
ergo_adaptive,209.58333333333337,0.0,0.010296989561437068
ergo_adaptive,209.66666666666663,0.0,0.010328185303980256
ergo_adaptive,209.75,0.0,0.010351242728185283
ergo_adaptive,209.83333333333337,0.0,0.010363351852404041
ergo_adaptive,209.91666666666663,0.0,0.01036529994288322
ergo_adaptive,210.0,0.0,0.010361991132249561
ergo_adaptive,210.08333333333337,0.0,0.010349456046524826
ergo_adaptive,210.16666666666663,1.3899774538102896e-6,0.010318021941735086
ergo_adaptive,210.25,1.1542228763201957e-6,0.01032693656314692
ergo_adaptive,210.33333333333337,0.0,0.010359553534727855
ergo_adaptive,210.41666666666663,4.44681873664936e-6,0.010383472492423608
ergo_adaptive,210.5,5.256626567499748e-6,0.010414067727781008
ergo_adaptive,210.58333333333337,0.0,0.010449340898229454
ergo_adaptive,210.66666666666663,0.0,0.010480466789115954
ergo_adaptive,210.75,0.0,0.010501462604954303
ergo_adaptive,210.83333333333337,0.0,0.010511693723378651
ergo_adaptive,210.91666666666663,0.0,0.010512828590352538
ergo_adaptive,211.0,0.0,0.010497733556215092
ergo_adaptive,211.08333333333337,0.0,0.010470450894871938
ergo_adaptive,211.16666666666663,0.0,0.010444290077618976
ergo_adaptive,211.25,0.0,0.010424027801693264
ergo_adaptive,211.33333333333337,0.0,0.010409557438297247
ergo_adaptive,211.41666666666663,0.0,0.01040114245308608
ergo_adaptive,211.5,0.0,0.010386816680809657
ergo_adaptive,211.58333333333337,1.72051093212801e-6,0.010365731185085745
ergo_adaptive,211.66666666666663,4.227849372752572e-6,0.010379278839986128
ergo_adaptive,211.75,3.147847863474917e-6,0.010413232939844128
ergo_adaptive,211.83333333333337,3.413692898690017e-6,0.010452051928579007
ergo_adaptive,211.91666666666663,0.0,0.010489346974559735
ergo_adaptive,212.0,0.0,0.010526029694300963
ergo_adaptive,212.08333333333337,0.0,0.0105601106322407
ergo_adaptive,212.16666666666663,0.0,0.010584332643509593
ergo_adaptive,212.25,0.0,0.010596521616362549
ergo_adaptive,212.33333333333337,0.0,0.010599406797458227
ergo_adaptive,212.41666666666663,0.0,0.01059800250352224
ergo_adaptive,212.5,0.0,0.01059784738792872
ergo_adaptive,212.58333333333337,0.0,0.010598353561811517
ergo_adaptive,212.66666666666663,0.0,0.010592474033459559
ergo_adaptive,212.75,0.0,0.010584304406566424
ergo_adaptive,212.83333333333337,0.0,0.010581200918022789
ergo_adaptive,212.91666666666663,0.0,0.010583989697523414
ergo_adaptive,213.0,0.0,0.010586360812944054
ergo_adaptive,213.08333333333337,0.0,0.010588106154750575
ergo_adaptive,213.16666666666663,0.0,0.010597712409678968
ergo_adaptive,213.25,0.0,0.01061456051697577
ergo_adaptive,213.33333333333337,0.0,0.010633794913935533
ergo_adaptive,213.41666666666663,0.0,0.010653775586204292
ergo_adaptive,213.5,0.0,0.010677734700570738
ergo_adaptive,213.58333333333337,0.0,0.010704943518403643
ergo_adaptive,213.66666666666663,0.0,0.01073375278340915
ergo_adaptive,213.75,0.0,0.010763429114396756
ergo_adaptive,213.83333333333337,0.0,0.010794362517168234
ergo_adaptive,213.91666666666663,0.0,0.010826281205975006
ergo_adaptive,214.0,0.0,0.010859295383293844
ergo_adaptive,214.08333333333337,0.0,0.010895779569943647
ergo_adaptive,214.16666666666663,0.0,0.010934384709779912
ergo_adaptive,214.25,0.0,0.010972477670190094
ergo_adaptive,214.33333333333337,0.0,0.011006051759734986
ergo_adaptive,214.41666666666663,0.0,0.011033113817766773
ergo_adaptive,214.5,0.0,0.011058152553215893
ergo_adaptive,214.58333333333337,0.0,0.01108528243595459
ergo_adaptive,214.66666666666663,0.0,0.011113340609623892
ergo_adaptive,214.75,0.0,0.011142374194998795
ergo_adaptive,214.83333333333337,0.0,0.011171605265970557
ergo_adaptive,214.91666666666663,0.0,0.011200586603856873
ergo_adaptive,215.0,0.0,0.011229233049018973
ergo_adaptive,215.08333333333337,0.0,0.01125753217338251
ergo_adaptive,215.16666666666663,0.0,0.011285761912065059
ergo_adaptive,215.25,0.0,0.011313603284255647
ergo_adaptive,215.33333333333337,0.0,0.01133767637790039
ergo_adaptive,215.41666666666663,0.0,0.011362044959981808
ergo_adaptive,215.5,0.0,0.011386587864744092
ergo_adaptive,215.58333333333337,0.0,0.011411204918589973
ergo_adaptive,215.66666666666663,0.0,0.01143607909904065
ergo_adaptive,215.75,0.0,0.011461470427952095
ergo_adaptive,215.83333333333337,0.0,0.01148681118178785
ergo_adaptive,215.91666666666663,0.0,0.011512108909972925
ergo_adaptive,216.0,0.0,0.011533406278399124
ergo_adaptive,216.08333333333337,0.0,0.011552843584650089
ergo_adaptive,216.16666666666663,0.0,0.011577650377963057
ergo_adaptive,216.25,0.0,0.011602842277622089
ergo_adaptive,216.33333333333337,0.0,0.011627829384076438
ergo_adaptive,216.41666666666663,0.0,0.011652631056550143
ergo_adaptive,216.5,0.0,0.011677247039276941
ergo_adaptive,216.58333333333337,0.0,0.011701677938850246
ergo_adaptive,216.66666666666663,0.0,0.011725959796904654
ergo_adaptive,216.75,0.0,0.011750387029393149
ergo_adaptive,216.83333333333337,0.0,0.011775521794181546
ergo_adaptive,216.91666666666663,0.0,0.01180055610091122
ergo_adaptive,217.0,0.0,0.011825421472714492
ergo_adaptive,217.08333333333337,0.0,0.011850122923188437
ergo_adaptive,217.16666666666663,0.0,0.011874666588469045
ergo_adaptive,217.25,0.0,0.011899667523485454
ergo_adaptive,217.33333333333337,0.0,0.01192489021837519
ergo_adaptive,217.41666666666663,0.0,0.011945661785633688
ergo_adaptive,217.5,0.0,0.011967097292121226
ergo_adaptive,217.58333333333337,0.0,0.011992539114952773
ergo_adaptive,217.66666666666663,0.0,0.012018362289634406
ergo_adaptive,217.75,0.0,0.012039981613390571
ergo_adaptive,217.83333333333337,0.0,0.012061816446160587
ergo_adaptive,217.91666666666663,0.0,0.012083654438582251
ergo_adaptive,218.0,0.0,0.012108529641330985
ergo_adaptive,218.08333333333337,0.0,0.012135647042208791
ergo_adaptive,218.16666666666663,0.0,0.012160750021259898
ergo_adaptive,218.25,0.0,0.012185881887221976
ergo_adaptive,218.33333333333337,0.0,0.012206400941234445
ergo_adaptive,218.41666666666663,0.0,0.012228065893661788
ergo_adaptive,218.5,0.0,0.012250390079956213
ergo_adaptive,218.58333333333337,0.0,0.012276488775547337
ergo_adaptive,218.66666666666663,0.0,0.012301827900228978
ergo_adaptive,218.75,0.0,0.012329961089882381
ergo_adaptive,218.83333333333337,0.0,0.012354121878690436
ergo_adaptive,218.91666666666663,0.0,0.012372906762396416
ergo_adaptive,219.0,0.0,0.012392395321004019
ergo_adaptive,219.08333333333337,0.0,0.012416605811705684
ergo_adaptive,219.16666666666663,0.0,0.01243979064551699
ergo_adaptive,219.25,0.0,0.012464624411952544
ergo_adaptive,219.33333333333337,0.0,0.012490462601013582
ergo_adaptive,219.41666666666663,0.0,0.012516571126332601
ergo_adaptive,219.5,0.0,0.012543355356411975
ergo_adaptive,219.58333333333337,0.0,0.012572312936040393
ergo_adaptive,219.66666666666663,0.0,0.012604060907338796
ergo_adaptive,219.75,0.0,0.012635358112880085
ergo_adaptive,219.83333333333337,0.0,0.012665594825748729
ergo_adaptive,219.91666666666663,0.0,0.012696077011586206
ergo_adaptive,220.0,0.0,0.012725360678334198
ergo_adaptive,220.08333333333337,0.0,0.0127539067716845
ergo_adaptive,220.16666666666663,0.0,0.012781752711478628
ergo_adaptive,220.25,0.0,0.012808908650365214
ergo_adaptive,220.33333333333337,0.0,0.012835400669167272
ergo_adaptive,220.41666666666663,0.0,0.012861265283810475
ergo_adaptive,220.5,0.0,0.012886537210932584
ergo_adaptive,220.58333333333337,0.0,0.012911260790015443
ergo_adaptive,220.66666666666663,0.0,0.012935471100061253
ergo_adaptive,220.75,0.0,0.012959211914536648
ergo_adaptive,220.83333333333337,0.0,0.012982513391616515
ergo_adaptive,220.91666666666663,0.0,0.013005415871260096
ergo_adaptive,221.0,0.0,0.013027941482559235
ergo_adaptive,221.08333333333337,0.0,0.013050127952084697
ergo_adaptive,221.16666666666663,0.0,0.013071986212868248
ergo_adaptive,221.25,0.0,0.013093556387439533
ergo_adaptive,221.33333333333337,0.0,0.01311483053630345
ergo_adaptive,221.41666666666663,0.0,0.013135866248475783
ergo_adaptive,221.5,0.0,0.013156609738346878
ergo_adaptive,221.58333333333337,0.0,0.013177187746082213
ergo_adaptive,221.66666666666663,0.0,0.013197386649409299
ergo_adaptive,221.75,0.0,0.013219748545903564
ergo_adaptive,221.83333333333337,0.0,0.013240557483704911
ergo_adaptive,221.91666666666663,0.0,0.013262464721082806
ergo_adaptive,222.0,0.0,0.013282154381444287
ergo_adaptive,222.08333333333337,0.0,0.013302456018493464
ergo_adaptive,222.16666666666663,0.0,0.013316009549737494
ergo_adaptive,222.25,0.0,0.013323940616672005
ergo_adaptive,222.33333333333337,0.0,0.013327325588882173
ergo_adaptive,222.41666666666663,0.0,0.013327901055060112
ergo_adaptive,222.5,0.0,0.013323769205498921
ergo_adaptive,222.58333333333337,0.0,0.013312965665415736
ergo_adaptive,222.66666666666663,0.0,0.013299267388453146
ergo_adaptive,222.75,0.0,0.013288350967425517
ergo_adaptive,222.83333333333337,0.0,0.013277482009058018
ergo_adaptive,222.91666666666663,0.0,0.013261071756603866
ergo_adaptive,223.0,0.0,0.013240806692711231
ergo_adaptive,223.08333333333337,0.0,0.013221658416901148
ergo_adaptive,223.16666666666663,0.0,0.013204348710063717
ergo_adaptive,223.25,0.0,0.013188595286132154
ergo_adaptive,223.33333333333337,0.0,0.013171423692978525
ergo_adaptive,223.41666666666663,0.0,0.01315412882839355
ergo_adaptive,223.5,0.0,0.013139098858793812
ergo_adaptive,223.58333333333337,0.0,0.013146560889276172
ergo_adaptive,223.66666666666663,0.0,0.013151925919600524
ergo_adaptive,223.75,0.0,0.013162436425757438
ergo_adaptive,223.83333333333337,0.0,0.013175754136392374
ergo_adaptive,223.91666666666663,0.0,0.01319197250998808
ergo_adaptive,224.0,0.0,0.013204540910560556
ergo_adaptive,224.08333333333337,0.0,0.013221979757051092
ergo_adaptive,224.16666666666663,0.0,0.013239974211572171
ergo_adaptive,224.25,0.0,0.013250456656035135
ergo_adaptive,224.33333333333337,0.0,0.013266906999295862
ergo_adaptive,224.41666666666663,0.0,0.013283314539596879
ergo_adaptive,224.5,0.0,0.01329952462061664
ergo_adaptive,224.58333333333337,0.0,0.013315528964240278
ergo_adaptive,224.66666666666663,0.0,0.01333133281769655
ergo_adaptive,224.75,0.0,0.013346950167153303
ergo_adaptive,224.83333333333337,0.0,0.0133624030619577
ergo_adaptive,224.91666666666663,0.0,0.013377724083753286
ergo_adaptive,225.0,0.0,0.013392968941694422
ergo_adaptive,225.08333333333337,0.0,0.013408343176646503
ergo_adaptive,225.16666666666663,0.0,0.013418521715631905
ergo_adaptive,225.25,0.0,0.013428768776319435
ergo_adaptive,225.33333333333337,0.0,0.01344373545502944
ergo_adaptive,225.41666666666663,0.0,0.013458283629224773
ergo_adaptive,225.5,0.0,0.013473387903513203
ergo_adaptive,225.58333333333337,0.0,0.013488428264187556
ergo_adaptive,225.66666666666663,0.0,0.01350349570208923
ergo_adaptive,225.75,0.0,0.013518702640697626
ergo_adaptive,225.83333333333337,0.0,0.013534663049051801
ergo_adaptive,225.91666666666663,0.0,0.013546755499433141
ergo_adaptive,226.0,0.0,0.013559971118458407
ergo_adaptive,226.08333333333337,0.0,0.013574029768400907
ergo_adaptive,226.16666666666663,0.0,0.01358275558659429
ergo_adaptive,226.25,0.0,0.013592841804305164
ergo_adaptive,226.33333333333337,0.0,0.013603704006473547
ergo_adaptive,226.41666666666663,0.0,0.013614739390497625
ergo_adaptive,226.5,0.0,0.013624637657449142
ergo_adaptive,226.58333333333337,0.0,0.013639000626988878
ergo_adaptive,226.66666666666663,0.0,0.013650176890513423
ergo_adaptive,226.75,0.0,0.013657190344763119
ergo_adaptive,226.83333333333337,0.0,0.013662352697888881
ergo_adaptive,226.91666666666663,0.0,0.013668232814819556
ergo_adaptive,227.0,0.0,0.013674556679827943
ergo_adaptive,227.08333333333337,0.0,0.01368070184746433
ergo_adaptive,227.16666666666663,0.0,0.013687451190032037
ergo_adaptive,227.25,0.0,0.013696072649730091
ergo_adaptive,227.33333333333337,0.0,0.013706091125679618
ergo_adaptive,227.41666666666663,0.0,0.0137160496599504
ergo_adaptive,227.5,0.0,0.013725865223488252
ergo_adaptive,227.58333333333337,0.0,0.01373674549953499
ergo_adaptive,227.66666666666663,0.0,0.013749379261835016
ergo_adaptive,227.75,0.0,0.013762893405334209
ergo_adaptive,227.83333333333337,0.0,0.013776262826849243
ergo_adaptive,227.91666666666663,0.0,0.01379199548394815
ergo_adaptive,228.0,0.0,0.013814872542565224
ergo_adaptive,228.08333333333337,0.0,0.01384169736034494
ergo_adaptive,228.16666666666663,0.0,0.013870045580337314
ergo_adaptive,228.25,0.0,0.01389796616900203
ergo_adaptive,228.33333333333337,0.0,0.013925213931352999
ergo_adaptive,228.41666666666663,0.0,0.01395166197787428
ergo_adaptive,228.5,0.0,0.013977250435026338
ergo_adaptive,228.58333333333337,0.0,0.014001962150579314
ergo_adaptive,228.66666666666663,0.0,0.014025808495175544
ergo_adaptive,228.75,0.0,0.014048819884365796
ergo_adaptive,228.83333333333337,0.0,0.014071038975780936
ergo_adaptive,228.91666666666663,0.0,0.014092589922394172
ergo_adaptive,229.0,0.0,0.014113994333957595
ergo_adaptive,229.08333333333337,0.0,0.01413476266488062
ergo_adaptive,229.16666666666663,0.0,0.014154947897241631
ergo_adaptive,229.25,0.0,0.014174600485471313
ergo_adaptive,229.33333333333337,0.0,0.01419376752391389
ergo_adaptive,229.41666666666663,0.0,0.014212492285760188
ergo_adaptive,229.5,0.0,0.014230814036779725
ergo_adaptive,229.58333333333337,0.0,0.014248768045342313
ergo_adaptive,229.66666666666663,0.0,0.014266385726424207
ergo_adaptive,229.75,0.0,0.014283694871425567
ergo_adaptive,229.83333333333337,0.0,0.014300719927566326
ergo_adaptive,229.91666666666663,0.0,0.014317482300410415
ergo_adaptive,230.0,0.0,0.014334000660857842
ergo_adaptive,230.08333333333337,0.0,0.014350291243981968
ergo_adaptive,230.16666666666663,0.0,0.014366368131650936
ergo_adaptive,230.25,0.0,0.014382243514231162
ergo_adaptive,230.33333333333337,0.0,0.014397927929077044
ergo_adaptive,230.41666666666663,0.0,0.0144134304751822
ergo_adaptive,230.5,0.0,0.014428759004483881
ergo_adaptive,230.58333333333337,0.0,0.014443920291018821
ergo_adaptive,230.66666666666663,0.0,0.01445893807371454
ergo_adaptive,230.75,0.0,0.01447429302192736
ergo_adaptive,230.83333333333337,0.0,0.014489496312605824
ergo_adaptive,230.91666666666663,0.0,0.01450455172293255
ergo_adaptive,231.0,0.0,0.01451946252548984
ergo_adaptive,231.08333333333337,0.0,0.01453423156152267
ergo_adaptive,231.16666666666663,0.0,0.014548861304016485
ergo_adaptive,231.25,0.0,0.014563353911923187
ergo_adaptive,231.33333333333337,0.0,0.014577711276723485
ergo_adaptive,231.41666666666663,0.0,0.014591935062375926
ergo_adaptive,231.5,0.0,0.014606026739575262
ergo_adaptive,231.58333333333337,0.0,0.014619987615126494
ergo_adaptive,231.66666666666663,0.0,0.014633818857136868
ergo_adaptive,231.75,0.0,0.014647521516635195
ergo_adaptive,231.83333333333337,0.0,0.01466109654614631
ergo_adaptive,231.91666666666663,0.0,0.014674544815677235
ergo_adaptive,232.0,0.0,0.014687867126509165
ergo_adaptive,232.08333333333337,0.0,0.014701064223136114
ergo_adaptive,232.16666666666663,0.0,0.014714136803644542
ergo_adaptive,232.25,0.0,0.014727085528788786
ergo_adaptive,232.33333333333337,0.0,0.014739911029983415
ergo_adaptive,232.41666666666663,0.0,0.014752613916404807
ergo_adaptive,232.5,0.0,0.014765194781370174
ergo_adaptive,232.58333333333337,0.0,0.014777654208141833
ergo_adaptive,232.66666666666663,0.0,0.014789992775287487
ergo_adaptive,232.75,0.0,0.014802211061712952
ergo_adaptive,232.83333333333337,0.0,0.014814309651472176
ergo_adaptive,232.91666666666663,0.0,0.014826289138449082
ergo_adaptive,233.0,0.0,0.014838150130997416
ergo_adaptive,233.08333333333337,0.0,0.014849893256617041
ergo_adaptive,233.16666666666663,0.0,0.01486151916673767
ergo_adaptive,233.25,0.0,0.014873028541673099
ergo_adaptive,233.33333333333337,0.0,0.014884422095799711
ergo_adaptive,233.41666666666663,0.0,0.01489570058300096
ergo_adaptive,233.5,0.0,0.01490686480240296
ergo_adaptive,233.58333333333337,0.0,0.01491803581474791
ergo_adaptive,233.66666666666663,0.0,0.014929101166657473
ergo_adaptive,233.75,0.0,0.014940054599287465
ergo_adaptive,233.83333333333337,0.0,0.014950897158762837
ergo_adaptive,233.91666666666663,0.0,0.014961629968306375
ergo_adaptive,234.0,0.0,0.014973161426630964
ergo_adaptive,234.08333333333337,0.0,0.014985556697114094
ergo_adaptive,234.16666666666663,0.0,0.014998306528656464
ergo_adaptive,234.25,0.0,0.015010946065297504
ergo_adaptive,234.33333333333337,0.0,0.015023476973897117
ergo_adaptive,234.41666666666663,0.0,0.015035901006490274
ergo_adaptive,234.5,0.0,0.015048219982051112
ergo_adaptive,234.58333333333337,0.0,0.015060435757032654
ergo_adaptive,234.66666666666663,0.0,0.015072550181329853
ergo_adaptive,234.75,0.0,0.015084565035909409
ergo_adaptive,234.83333333333337,0.0,0.015096481948221002
ergo_adaptive,234.91666666666663,0.0,0.015108302281906598
ergo_adaptive,235.0,0.0,0.015120026998643513
ergo_adaptive,235.08333333333337,0.0,0.015131656492769006
ergo_adaptive,235.16666666666663,0.0,0.015143190404507196
ergo_adaptive,235.25,0.0,0.015154627426489443
ergo_adaptive,235.33333333333337,0.0,0.015165965132933733
ergo_adaptive,235.41666666666663,0.0,0.015177199884677875
ergo_adaptive,235.5,0.0,0.015188326901466645
ergo_adaptive,235.58333333333337,0.0,0.0151993406534873
ergo_adaptive,235.66666666666663,0.0,0.015211185714813242
ergo_adaptive,235.75,0.0,0.015221829869549326
ergo_adaptive,235.83333333333337,0.0,0.015228072473426443
ergo_adaptive,235.91666666666663,0.0,0.015229716060659745
ergo_adaptive,236.0,0.0,0.015229517575221186
ergo_adaptive,236.08333333333337,0.0,0.015229770365303118
ergo_adaptive,236.16666666666663,0.0,0.015225734628627034
ergo_adaptive,236.25,0.0,0.015217388540006288
ergo_adaptive,236.33333333333337,0.0,0.01520851309817454
ergo_adaptive,236.41666666666663,0.0,0.015202887223301056
ergo_adaptive,236.5,0.0,0.015195145465979443
ergo_adaptive,236.58333333333337,0.0,0.01518317803865883
ergo_adaptive,236.66666666666663,0.0,0.0151698085614692
ergo_adaptive,236.75,0.0,0.015160385802570996
ergo_adaptive,236.83333333333337,0.0,0.015151986842776249
ergo_adaptive,236.91666666666663,0.0,0.015137742554394656
ergo_adaptive,237.0,0.0,0.015119991478567475
ergo_adaptive,237.08333333333337,0.0,0.015103979314811534
ergo_adaptive,237.16666666666663,0.0,0.01508898627553579
ergo_adaptive,237.25,0.0,0.01506455950360498
ergo_adaptive,237.33333333333337,0.0,0.015032712414887867
ergo_adaptive,237.41666666666663,0.0,0.015001788349731156
ergo_adaptive,237.5,0.0,0.014975754793449918
ergo_adaptive,237.58333333333337,0.0,0.014949794046971002
ergo_adaptive,237.66666666666663,0.0,0.014920436501520185
ergo_adaptive,237.75,0.0,0.01489198661818219
ergo_adaptive,237.83333333333337,0.0,0.014868231841590975
ergo_adaptive,237.91666666666663,0.0,0.014846248987598917
ergo_adaptive,238.0,0.0,0.014822783909792163
ergo_adaptive,238.08333333333337,0.0,0.014798501411487013
ergo_adaptive,238.16666666666663,0.0,0.014775993987580985
ergo_adaptive,238.25,0.0,0.014755242978772955
ergo_adaptive,238.33333333333337,0.0,0.014733655003535965
ergo_adaptive,238.41666666666663,0.0,0.01471043595333369
ergo_adaptive,238.5,0.0,0.0146875066185017
ergo_adaptive,238.58333333333337,0.0,0.0146665611378841
ergo_adaptive,238.66666666666663,0.0,0.01464561934916004
ergo_adaptive,238.75,0.0,0.014622078804556064
ergo_adaptive,238.83333333333337,0.0,0.014597473964305841
ergo_adaptive,238.91666666666663,0.0,0.014574975891670418
ergo_adaptive,239.0,0.0,0.014553109761944795
ergo_adaptive,239.08333333333337,0.0,0.014527949474404668
ergo_adaptive,239.16666666666663,0.0,0.014500018767276218
ergo_adaptive,239.25,0.0,0.014473455644330214
ergo_adaptive,239.33333333333337,0.0,0.014450742023222093
ergo_adaptive,239.41666666666663,0.0,0.014425409346840216
ergo_adaptive,239.5,0.0,0.014395186600899286
ergo_adaptive,239.58333333333337,0.0,0.014365315869148056
ergo_adaptive,239.66666666666663,0.0,0.014340022532539716
ergo_adaptive,239.75,0.0,0.014312795872130128
ergo_adaptive,239.83333333333337,0.0,0.014278047668254957
ergo_adaptive,239.91666666666663,0.0,0.01424147291576076
ergo_adaptive,240.0,0.0,0.014211183518198212
ergo_adaptive,240.08333333333337,0.0,0.014182535823146996
ergo_adaptive,240.16666666666663,0.0,0.0141586251620519
ergo_adaptive,240.25,0.0,0.0141572928448538
ergo_adaptive,240.33333333333337,0.0,0.014160350060856424
ergo_adaptive,240.41666666666663,0.0,0.014165798305314753
ergo_adaptive,240.5,0.0,0.014172423375605203
ergo_adaptive,240.58333333333337,0.0,0.014179422902435714
ergo_adaptive,240.66666666666663,0.0,0.014186200887320657
ergo_adaptive,240.75,0.0,0.014192224133804344
ergo_adaptive,240.83333333333337,0.0,0.01419689994728085
ergo_adaptive,240.91666666666663,0.0,0.014199605356531579
ergo_adaptive,241.0,0.0,0.014200480368331724
ergo_adaptive,241.08333333333337,0.0,0.014200404532782816
ergo_adaptive,241.16666666666663,0.0,0.0141999160945792
ergo_adaptive,241.25,0.0,0.014199925656784945
ergo_adaptive,241.33333333333337,0.0,0.014200883127353504
ergo_adaptive,241.41666666666663,0.0,0.014203296433700463
ergo_adaptive,241.5,0.0,0.014206915507603135
ergo_adaptive,241.58333333333337,0.0,0.014208758232616065
ergo_adaptive,241.66666666666663,0.0,0.014210295975298506
ergo_adaptive,241.75,0.0,0.014211320709935402
ergo_adaptive,241.83333333333337,0.0,0.014211309581390158
ergo_adaptive,241.91666666666663,0.0,0.014209537996611718
ergo_adaptive,242.0,0.0,0.01420531036773511
ergo_adaptive,242.08333333333337,0.0,0.014199365954609062
ergo_adaptive,242.16666666666663,0.0,0.014192189345343687
ergo_adaptive,242.25,0.0,0.01418320673877925
ergo_adaptive,242.33333333333337,0.0,0.014173122907881463
ergo_adaptive,242.41666666666663,0.0,0.014163167779479938
ergo_adaptive,242.5,0.0,0.014154876570403431
ergo_adaptive,242.58333333333337,0.0,0.01414982524254115
ergo_adaptive,242.66666666666663,0.0,0.014140600567753615
ergo_adaptive,242.75,0.0,0.014115179254760529
ergo_adaptive,242.83333333333337,0.0,0.014075579397224439
ergo_adaptive,242.91666666666663,0.0,0.014029098387156743
ergo_adaptive,243.0,0.0,0.01398901268565132
ergo_adaptive,243.08333333333337,0.0,0.013947837625916415
ergo_adaptive,243.16666666666663,0.0,0.0138920555482976
ergo_adaptive,243.25,0.0,0.013829976348688502
ergo_adaptive,243.33333333333337,0.0,0.013776237581749309
ergo_adaptive,243.41666666666663,0.0,0.013727259695007732
ergo_adaptive,243.5,0.0,0.013669003034709148
ergo_adaptive,243.58333333333337,0.0,0.013602169288146311
ergo_adaptive,243.66666666666663,0.0,0.013535454355373096
ergo_adaptive,243.75,0.0,0.013471921461658352
ergo_adaptive,243.83333333333337,0.0,0.013405724668811049
ergo_adaptive,243.91666666666663,0.0,0.013333402868572236
ergo_adaptive,244.0,0.0,0.013259128069354415
ergo_adaptive,244.08333333333337,0.0,0.013188451462226683
ergo_adaptive,244.16666666666663,0.0,0.013119797812348316
ergo_adaptive,244.25,0.0,0.013047704009274793
ergo_adaptive,244.33333333333337,0.0,0.012972773426424318
ergo_adaptive,244.41666666666663,0.0,0.01290825491289838
ergo_adaptive,244.5,0.0,0.012850564215839902
ergo_adaptive,244.58333333333337,0.0,0.012792050608409192
ergo_adaptive,244.66666666666663,0.0,0.012730042112316035
ergo_adaptive,244.75,0.0,0.012671603548308936
ergo_adaptive,244.83333333333337,0.0,0.01262241703464307
ergo_adaptive,244.91666666666663,0.0,0.0125761557226054
ergo_adaptive,245.0,0.0,0.012529116115906192
ergo_adaptive,245.08333333333337,0.0,0.012486225094715394
ergo_adaptive,245.16666666666663,0.0,0.012451699024172093
ergo_adaptive,245.25,0.0,0.012422972677690963
ergo_adaptive,245.33333333333337,0.0,0.012392697989317811
ergo_adaptive,245.41666666666663,0.0,0.012365902292470074
ergo_adaptive,245.5,0.0,0.01234616155197517
ergo_adaptive,245.58333333333337,0.0,0.012332744119960158
ergo_adaptive,245.66666666666663,0.0,0.012319322365983551
ergo_adaptive,245.75,0.0,0.012304888324736179
ergo_adaptive,245.83333333333337,0.0,0.01229431669358159
ergo_adaptive,245.91666666666663,0.0,0.012289817235682768
ergo_adaptive,246.0,0.0,0.01228707362156229
ergo_adaptive,246.08333333333337,0.0,0.012301151834865588
ergo_adaptive,246.16666666666663,0.0,0.01232210675692503
ergo_adaptive,246.25,0.0,0.012348735722845443
ergo_adaptive,246.33333333333337,0.0,0.012374662624487144
ergo_adaptive,246.41666666666663,0.0,0.012399813336871113
ergo_adaptive,246.5,0.0,0.012423985953528593
ergo_adaptive,246.58333333333337,0.0,0.012447066003582618
ergo_adaptive,246.66666666666663,0.0,0.012469004767572234
ergo_adaptive,246.75,0.0,0.012489796330921522
ergo_adaptive,246.83333333333337,0.0,0.01250946426600262
ergo_adaptive,246.91666666666663,0.0,0.01252805269336351
ergo_adaptive,247.0,0.0,0.012545619505203335
ergo_adaptive,247.08333333333337,0.0,0.012562231003493454
ergo_adaptive,247.16666666666663,0.0,0.012577957673530128
ergo_adaptive,247.25,0.0,0.01259302952896684
ergo_adaptive,247.33333333333337,0.0,0.012607947050596034
ergo_adaptive,247.41666666666663,0.0,0.012622602984776235
ergo_adaptive,247.5,0.0,0.012637114850405372
ergo_adaptive,247.58333333333337,0.0,0.012651376449024067
ergo_adaptive,247.66666666666663,0.0,0.012665073563082822
ergo_adaptive,247.75,0.0,0.012678260619458663
ergo_adaptive,247.83333333333337,0.0,0.01269098622521088
ergo_adaptive,247.91666666666663,0.0,0.012703293487623186
ergo_adaptive,248.0,0.0,0.012715220415223433
ergo_adaptive,248.08333333333337,0.0,0.01272680035958968
ergo_adaptive,248.16666666666663,0.0,0.012738347665379393
ergo_adaptive,248.25,0.0,0.012749840697962762
ergo_adaptive,248.33333333333337,0.0,0.012761274293625117
ergo_adaptive,248.41666666666663,0.0,0.012772466030780453
ergo_adaptive,248.5,0.0,0.012783687067840378
ergo_adaptive,248.58333333333337,0.0,0.012795406687665309
ergo_adaptive,248.66666666666663,0.0,0.012806923495407295
ergo_adaptive,248.75,0.0,0.01281824783854637
ergo_adaptive,248.83333333333337,0.0,0.012829388638688257
ergo_adaptive,248.91666666666663,0.0,0.012840353587336917
ergo_adaptive,249.0,0.0,0.012851149316748134
ergo_adaptive,249.08333333333337,0.0,0.012861781548471118
ergo_adaptive,249.16666666666663,0.0,0.012872255222083713
ergo_adaptive,249.25,0.0,0.012882574606466631
ergo_adaptive,249.33333333333337,0.0,0.012893080544748992
ergo_adaptive,249.41666666666663,0.0,0.012903478717038194
ergo_adaptive,249.5,0.0,0.012913732778617385
ergo_adaptive,249.58333333333337,0.0,0.012923845136539703
ergo_adaptive,249.66666666666663,0.0,0.01293381789152038
ergo_adaptive,249.75,0.0,0.012943652882457924
ergo_adaptive,249.83333333333337,0.0,0.012953660914522429
ergo_adaptive,249.91666666666663,0.0,0.012963786338488912
ergo_adaptive,250.0,0.0,0.012973956767589136
ergo_adaptive,250.08333333333337,0.0,0.012983995286796082
ergo_adaptive,250.16666666666663,0.0,0.012993902870095688
ergo_adaptive,250.25,0.0,0.013003680389804944
ergo_adaptive,250.33333333333337,0.0,0.013013328709017481
ergo_adaptive,250.41666666666663,0.0,0.013022840571158718
ergo_adaptive,250.5,0.0,0.013024218582156657
ergo_adaptive,250.58333333333337,0.0,0.01301758878107424
ergo_adaptive,250.66666666666663,0.0,0.013007970889520524
ergo_adaptive,250.75,0.0,0.012989354663154812
ergo_adaptive,250.83333333333337,0.0,0.012964706576987008
ergo_adaptive,250.91666666666663,0.0,0.012939391836322046
ergo_adaptive,251.0,0.0,0.012915267312476794
ergo_adaptive,251.08333333333337,0.0,0.012897885373817988
ergo_adaptive,251.16666666666663,0.0,0.012875097615398777
ergo_adaptive,251.25,0.0,0.012867130998490623
ergo_adaptive,251.33333333333337,0.0,0.012860104751289778
ergo_adaptive,251.41666666666663,0.0,0.012857977344405276
ergo_adaptive,251.5,0.0,0.012857558029722566
ergo_adaptive,251.58333333333337,0.0,0.01285827460045196
ergo_adaptive,251.66666666666663,0.0,0.012859723654156286
ergo_adaptive,251.75,0.0,0.012861598106835919
ergo_adaptive,251.83333333333337,0.0,0.012863642664255645
ergo_adaptive,251.91666666666663,0.0,0.012865617108833634
ergo_adaptive,252.0,0.0,0.012867241061665955
ergo_adaptive,252.08333333333337,0.0,0.012867872404304674
ergo_adaptive,252.16666666666663,0.0,0.012859641862034107
ergo_adaptive,252.25,0.0,0.012860211055301943
ergo_adaptive,252.33333333333337,0.0,0.012857095841236413
ergo_adaptive,252.41666666666663,0.0,0.01285713225913531
ergo_adaptive,252.5,0.0,0.012858449088433204
ergo_adaptive,252.58333333333337,0.0,0.012860348287299136
ergo_adaptive,252.66666666666663,0.0,0.012862468260864908
ergo_adaptive,252.75,0.0,0.012864584330675449
ergo_adaptive,252.83333333333337,0.0,0.012866528310805252
ergo_adaptive,252.91666666666663,0.0,0.0128681442087567
ergo_adaptive,253.0,0.0,0.01286924153320677
ergo_adaptive,253.08333333333337,0.0,0.012869421774690436
ergo_adaptive,253.16666666666663,0.0,0.012861272804804265
ergo_adaptive,253.25,0.0,0.012861116486114684
ergo_adaptive,253.33333333333337,0.0,0.012857507278617179
ergo_adaptive,253.41666666666663,0.0,0.01285660145148669
ergo_adaptive,253.5,0.0,0.01285691931909059
ergo_adaptive,253.58333333333337,0.0,0.012857892065344162
ergo_adaptive,253.66666666666663,0.0,0.012859238126944065
ergo_adaptive,253.75,0.0,0.012860790130702833
ergo_adaptive,253.83333333333337,0.0,0.012862430860314859
ergo_adaptive,253.91666666666663,0.0,0.012864063102023638
ergo_adaptive,254.0,0.0,0.012865587079563985
ergo_adaptive,254.08333333333337,0.0,0.012866855838817642
ergo_adaptive,254.16666666666663,0.0,0.012859054572265056
ergo_adaptive,254.25,0.0,0.012859552218574863
ergo_adaptive,254.33333333333337,0.0,0.012855712929293094
ergo_adaptive,254.41666666666663,0.0,0.012854193210793185
ergo_adaptive,254.5,0.0,0.0128538929405253
ergo_adaptive,254.58333333333337,0.0,0.012854405283093878
ergo_adaptive,254.66666666666663,0.0,0.012855508041258215
ergo_adaptive,254.75,0.0,0.012857042292283185
ergo_adaptive,254.83333333333337,0.0,0.012858930874419925
ergo_adaptive,254.91666666666663,0.0,0.012861740393935036
ergo_adaptive,255.0,0.0,0.01286460113106899
ergo_adaptive,255.08333333333337,0.0,0.012867366518603455
ergo_adaptive,255.16666666666663,0.0,0.012869847241783632
ergo_adaptive,255.25,0.0,0.012872471964029176
ergo_adaptive,255.33333333333337,0.0,0.012875017360739687
ergo_adaptive,255.41666666666663,0.0,0.012869700914856346
ergo_adaptive,255.5,0.0,0.012871440877404787
ergo_adaptive,255.58333333333337,0.0,0.012872178597680339
ergo_adaptive,255.66666666666663,0.0,0.012872406551324152
ergo_adaptive,255.75,0.0,0.012872789095659363
ergo_adaptive,255.83333333333337,0.0,0.012873467116614967
ergo_adaptive,255.91666666666663,0.0,0.012874350668640285
ergo_adaptive,256.0,0.0,0.012875316732444624
ergo_adaptive,256.08333333333337,0.0,0.01287625214957391
ergo_adaptive,256.16666666666663,0.0,0.012877049834263039
ergo_adaptive,256.25,0.0,0.01287759898766136
ergo_adaptive,256.33333333333337,0.0,0.01287776288770623
ergo_adaptive,256.41666666666663,0.0,0.0128627884646347
ergo_adaptive,256.5,0.0,0.012851327763422144
ergo_adaptive,256.58333333333337,0.0,0.01284571606893006
ergo_adaptive,256.66666666666663,0.0,0.012842095478177334
ergo_adaptive,256.75,0.0,0.012839497292203954
ergo_adaptive,256.83333333333337,0.0,0.012837782664336939
ergo_adaptive,256.91666666666663,0.0,0.012836224535331075
ergo_adaptive,257.0,0.0,0.01283464768653511
ergo_adaptive,257.08333333333337,0.0,0.012832923826187972
ergo_adaptive,257.16666666666663,0.0,0.012831633649814482
ergo_adaptive,257.25,0.0,0.012830349254151118
ergo_adaptive,257.33333333333337,0.0,0.012828614285523959
ergo_adaptive,257.41666666666663,0.0,0.012826318159611955
ergo_adaptive,257.5,0.0,0.012823645309650331
ergo_adaptive,257.58333333333337,0.0,0.012820888894310226
ergo_adaptive,257.66666666666663,0.0,0.012816926519183707
ergo_adaptive,257.75,0.0,0.012810314489728757
ergo_adaptive,257.83333333333337,0.0,0.012800423584396927
ergo_adaptive,257.91666666666663,0.0,0.012791126569334373
ergo_adaptive,258.0,0.0,0.012784680604690722
ergo_adaptive,258.08333333333337,0.0,0.012779738833223081
ergo_adaptive,258.16666666666663,0.0,0.01277560963015587
ergo_adaptive,258.25,0.0,0.012771892777310456
ergo_adaptive,258.33333333333337,0.0,0.012768527732667866
ergo_adaptive,258.41666666666663,0.0,0.01276571854438988
ergo_adaptive,258.5,0.0,0.01276276944155822
ergo_adaptive,258.58333333333337,0.0,0.012759597349956124
ergo_adaptive,258.66666666666663,0.0,0.012756175740296855
ergo_adaptive,258.75,0.0,0.01275260538640992
ergo_adaptive,258.83333333333337,0.0,0.012749772549707945
ergo_adaptive,258.91666666666663,0.0,0.012734992929686575
ergo_adaptive,259.0,0.0,0.012731666579889816
ergo_adaptive,259.08333333333337,0.0,0.012724460878648302
ergo_adaptive,259.16666666666663,0.0,0.012720420783018962
ergo_adaptive,259.25,0.0,0.01271820521176255
ergo_adaptive,259.33333333333337,0.0,0.012717282674570769
ergo_adaptive,259.41666666666663,0.0,0.012717374782386817
ergo_adaptive,259.5,0.0,0.01271829753791585
ergo_adaptive,259.58333333333337,0.0,0.012719911446313067
ergo_adaptive,259.66666666666663,0.0,0.012722099204626816
ergo_adaptive,259.75,0.0,0.012724750709777324
ergo_adaptive,259.83333333333337,0.0,0.012727749169244225
ergo_adaptive,259.91666666666663,0.0,0.012730955201857923
ergo_adaptive,260.0,0.0,0.012734184013609276
ergo_adaptive,260.08333333333337,0.0,0.012737175372306515
ergo_adaptive,260.16666666666663,0.0,0.012739796112781684
ergo_adaptive,260.25,0.0,0.012741591731356345
ergo_adaptive,260.33333333333337,0.0,0.012742642044643475
ergo_adaptive,260.41666666666663,0.0,0.012743171983919211
ergo_adaptive,260.5,0.0,0.012743346340977648
ergo_adaptive,260.58333333333337,0.0,0.012743317450946453
ergo_adaptive,260.66666666666663,0.0,0.012742637787250752
ergo_adaptive,260.75,0.0,0.012741308225058624
ergo_adaptive,260.83333333333337,0.0,0.012740099821849975
ergo_adaptive,260.91666666666663,0.0,0.012738302110514113
ergo_adaptive,261.0,0.0,0.01273841443358691
ergo_adaptive,261.08333333333337,0.0,0.012737189128479608
ergo_adaptive,261.16666666666663,0.0,0.012734293897352303
ergo_adaptive,261.25,0.0,0.012731578962809782
ergo_adaptive,261.33333333333337,0.0,0.01272875899629078
ergo_adaptive,261.41666666666663,0.0,0.01272603727954372
ergo_adaptive,261.5,0.0,0.012723812097852508
ergo_adaptive,261.58333333333337,0.0,0.012721537878132289
ergo_adaptive,261.66666666666663,0.0,0.012719124348903993
ergo_adaptive,261.75,0.0,0.012716010115694761
ergo_adaptive,261.83333333333337,0.0,0.012700109100313037
ergo_adaptive,261.91666666666663,0.0,0.012691020190396914
ergo_adaptive,262.0,0.0,0.01268187793706993
ergo_adaptive,262.08333333333337,0.0,0.012673606368397306
ergo_adaptive,262.16666666666663,0.0,0.012666013627405565
ergo_adaptive,262.25,0.0,0.012658945842625096
ergo_adaptive,262.33333333333337,0.0,0.012652280152490404
ergo_adaptive,262.41666666666663,0.0,0.012645919037199018
ergo_adaptive,262.5,0.0,0.012639785830593133
ergo_adaptive,262.58333333333337,0.0,0.012633821198733084
ergo_adaptive,262.66666666666663,0.0,0.012627980383710005
ergo_adaptive,262.75,0.0,0.012622231045987297
ergo_adaptive,262.83333333333337,0.0,0.01261656313907402
ergo_adaptive,262.91666666666663,0.0,0.01261102433547248
ergo_adaptive,263.0,0.0,0.012605618408228653
ergo_adaptive,263.08333333333337,0.0,0.012600329846363108
ergo_adaptive,263.16666666666663,0.0,0.01259513756581187
ergo_adaptive,263.25,0.0,0.012590022457452497
ergo_adaptive,263.33333333333337,0.0,0.012584971611136784
ergo_adaptive,263.41666666666663,0.0,0.012579980844409117
ergo_adaptive,263.5,0.0,0.012575056428782292
ergo_adaptive,263.58333333333337,0.0,0.012570216429988939
ergo_adaptive,263.66666666666663,0.0,0.01256575691194228
ergo_adaptive,263.75,0.0,0.012561918130936054
ergo_adaptive,263.83333333333337,0.0,0.012558294199759717
ergo_adaptive,263.91666666666663,0.0,0.012554948185099831
ergo_adaptive,264.0,0.0,0.012551943603875218
ergo_adaptive,264.08333333333337,0.0,0.012549337092285002
ergo_adaptive,264.16666666666663,0.0,0.012547184591672828
ergo_adaptive,264.25,0.0,0.012534726031635393
ergo_adaptive,264.33333333333337,0.0,0.012525442721176033
ergo_adaptive,264.41666666666663,0.0,0.01251976167121242
ergo_adaptive,264.5,0.0,0.012516015179703431
ergo_adaptive,264.58333333333337,0.0,0.012513870843515695
ergo_adaptive,264.66666666666663,0.0,0.012513067220340348
ergo_adaptive,264.75,0.0,0.012513396542520278
ergo_adaptive,264.83333333333337,0.0,0.012514696263078875
ergo_adaptive,264.91666666666663,0.0,0.01251683703192867
ergo_adaptive,265.0,0.0,0.01251971260561008
ergo_adaptive,265.08333333333337,0.0,0.01252323083863849
ergo_adaptive,265.16666666666663,0.0,0.012527304428325595
ergo_adaptive,265.25,0.0,0.0125318395741735
ergo_adaptive,265.33333333333337,0.0,0.012536718755680116
ergo_adaptive,265.41666666666663,0.0,0.012541757582162342
ergo_adaptive,265.5,0.0,0.012546318154451569
ergo_adaptive,265.58333333333337,0.0,0.012549191200871175
ergo_adaptive,265.66666666666663,0.0,0.012550249803429605
ergo_adaptive,265.75,0.0,0.012549740789421672
ergo_adaptive,265.83333333333337,0.0,0.01254877591790716
ergo_adaptive,265.91666666666663,0.0,0.012547729727819675
ergo_adaptive,266.0,0.0,0.012546673269459213
ergo_adaptive,266.08333333333337,0.0,0.012545588616442217
ergo_adaptive,266.16666666666663,0.0,0.01254444035515643
ergo_adaptive,266.25,0.0,0.01254319517715715
ergo_adaptive,266.33333333333337,0.0,0.01254182558372401
ergo_adaptive,266.41666666666663,0.0,0.012540309246575886
ergo_adaptive,266.5,0.0,0.01253862745547708
ergo_adaptive,266.58333333333337,0.0,0.01253676359018112
ergo_adaptive,266.66666666666663,0.0,0.012534701807807488
ergo_adaptive,266.75,0.0,0.012532425922088888
ergo_adaptive,266.83333333333337,0.0,0.012529918394850783
ergo_adaptive,266.91666666666663,0.0,0.012527159346462294
ergo_adaptive,267.0,0.0,0.01252412548288257
ergo_adaptive,267.08333333333337,0.0,0.012520888226960483
ergo_adaptive,267.16666666666663,0.0,0.012517509666499125
ergo_adaptive,267.25,0.0,0.012513772857803262
ergo_adaptive,267.33333333333337,0.0,0.01250962865995223
ergo_adaptive,267.41666666666663,0.0,0.012505012556859997
ergo_adaptive,267.5,0.0,0.01249983741180774
ergo_adaptive,267.58333333333337,0.0,0.01249398115218479
ergo_adaptive,267.66666666666663,0.0,0.012487264591973388
ergo_adaptive,267.75,0.0,0.012479409697219316
ergo_adaptive,267.83333333333337,0.0,0.012469965050444261
ergo_adaptive,267.91666666666663,0.0,0.012458254777425752
ergo_adaptive,268.0,0.0,0.012443940521891985
ergo_adaptive,268.08333333333337,0.0,0.012427870675094294
ergo_adaptive,268.16666666666663,0.0,0.012410339418526293
ergo_adaptive,268.25,0.0,0.012392401366067365
ergo_adaptive,268.33333333333337,0.0,0.012374426208052548
ergo_adaptive,268.41666666666663,0.0,0.012357279998176027
ergo_adaptive,268.5,0.0,0.012341349572855187
ergo_adaptive,268.58333333333337,0.0,0.01232708034083538
ergo_adaptive,268.66666666666663,0.0,0.012314691659709009
ergo_adaptive,268.75,0.0,0.012304272006304542
ergo_adaptive,268.83333333333337,0.0,0.012295768504641423
ergo_adaptive,268.91666666666663,0.0,0.012289016771095599
ergo_adaptive,269.0,0.0,0.012283772153975903
ergo_adaptive,269.08333333333337,0.0,0.012279741714194287
ergo_adaptive,269.16666666666663,0.0,0.01227661180062265
ergo_adaptive,269.25,0.0,0.01227406945153649
ergo_adaptive,269.33333333333337,0.0,0.012271818683800685
ergo_adaptive,269.41666666666663,0.0,0.01227059026920163
ergo_adaptive,269.5,0.0,0.012269512670255318
ergo_adaptive,269.58333333333337,0.0,0.012268019118403375
ergo_adaptive,269.66666666666663,0.0,0.01226663960571905
ergo_adaptive,269.75,0.0,0.012264898053935575
ergo_adaptive,269.83333333333337,0.0,0.012262938757258594
ergo_adaptive,269.91666666666663,0.0,0.012261119468333177
ergo_adaptive,270.0,0.0,0.01225842014298671
ergo_adaptive,270.08333333333337,0.0,0.012256133622350762
ergo_adaptive,270.16666666666663,0.0,0.012253648374140731
ergo_adaptive,270.25,0.0,0.01225144577844733
ergo_adaptive,270.33333333333337,0.0,0.012249005861160771
ergo_adaptive,270.41666666666663,0.0,0.012246405053099934
ergo_adaptive,270.5,0.0,0.012243610532216726
ergo_adaptive,270.58333333333337,0.0,0.01224063973036239
ergo_adaptive,270.66666666666663,0.0,0.012237491897208769
ergo_adaptive,270.75,0.0,0.012234174803193696
ergo_adaptive,270.83333333333337,0.0,0.012230692958319174
ergo_adaptive,270.91666666666663,0.0,0.01222705169860315
ergo_adaptive,271.0,0.0,0.012223255161648608
ergo_adaptive,271.08333333333337,0.0,0.012219306837913311
ergo_adaptive,271.16666666666663,0.0,0.012215209204382883
ergo_adaptive,271.25,0.0,0.012210963784492811
ergo_adaptive,271.33333333333337,0.0,0.01220690077362936
ergo_adaptive,271.41666666666663,0.0,0.01220332451289193
ergo_adaptive,271.5,0.0,0.012199597548346906
ergo_adaptive,271.58333333333337,0.0,0.012195717261447213
ergo_adaptive,271.66666666666663,0.0,0.01219167999057909
ergo_adaptive,271.75,0.0,0.012187481045361132
ergo_adaptive,271.83333333333337,0.0,0.012183114741518052
ergo_adaptive,271.91666666666663,0.0,0.012178574474449097
ergo_adaptive,272.0,0.0,0.012173852853202898
ergo_adaptive,272.08333333333337,0.0,0.012168941925727011
ergo_adaptive,272.16666666666663,0.0,0.01216383352918842
ergo_adaptive,272.25,0.0,0.012158519797059068
ergo_adaptive,272.33333333333337,0.0,0.012152993832235106
ergo_adaptive,272.41666666666663,0.0,0.01214725051460421
ergo_adaptive,272.5,0.0,0.012141287347048599
ergo_adaptive,272.58333333333337,0.0,0.012135105262329554
ergo_adaptive,272.66666666666663,0.0,0.012128708316784111
ergo_adaptive,272.75,0.0,0.012113263207796895
ergo_adaptive,272.83333333333337,0.0,0.01209718921059085
ergo_adaptive,272.91666666666663,0.0,0.012084706361209941
ergo_adaptive,273.0,0.0,0.012073951281542624
ergo_adaptive,273.08333333333337,0.0,0.01206493017645363
ergo_adaptive,273.16666666666663,0.0,0.01205648165526913
ergo_adaptive,273.25,0.0,0.012048425036607618
ergo_adaptive,273.33333333333337,0.0,0.012040656109319505
ergo_adaptive,273.41666666666663,0.0,0.012033113507013825
ergo_adaptive,273.5,0.0,0.012025761988082351
ergo_adaptive,273.58333333333337,0.0,0.01201858319098098
ergo_adaptive,273.66666666666663,0.0,0.012011570048465979
ergo_adaptive,273.75,0.0,0.012004723154380484
ergo_adaptive,273.83333333333337,0.0,0.011998048248574462
ergo_adaptive,273.91666666666663,0.0,0.011992237841695001
ergo_adaptive,274.0,0.0,0.01198663623896605
ergo_adaptive,274.08333333333337,0.0,0.01198123501675422
ergo_adaptive,274.16666666666663,0.0,0.011976043933140314
ergo_adaptive,274.25,0.0,0.011971071901861568
ergo_adaptive,274.33333333333337,0.0,0.011966326429977229
ergo_adaptive,274.41666666666663,0.0,0.011961813170331851
ergo_adaptive,274.5,0.0,0.011957919418644804
ergo_adaptive,274.58333333333337,0.0,0.01195470950184267
ergo_adaptive,274.66666666666663,0.0,0.01195173354395598
ergo_adaptive,274.75,0.0,0.011948987213749459
ergo_adaptive,274.83333333333337,0.0,0.011946463609566648
ergo_adaptive,274.91666666666663,0.0,0.011944153339535187
ergo_adaptive,275.0,0.0,0.011942044642514995
ergo_adaptive,275.08333333333337,0.0,0.011940123532399795
ergo_adaptive,275.16666666666663,0.0,0.011938373949832309
ergo_adaptive,275.25,0.0,0.011936777908308627
ergo_adaptive,275.33333333333337,0.0,0.011935315625666
ergo_adaptive,275.41666666666663,0.0,0.011933965636654734
ergo_adaptive,275.5,0.0,0.011932704887317161
ergo_adaptive,275.58333333333337,0.0,0.011931508816947479
ergo_adaptive,275.66666666666663,0.0,0.01193035143826026
ergo_adaptive,275.75,0.0,0.011929205430817503
ergo_adaptive,275.83333333333337,0.0,0.01192804226638912
ergo_adaptive,275.91666666666663,0.0,0.011926832387165845
ergo_adaptive,276.0,0.0,0.0119255454577696
ergo_adaptive,276.08333333333337,0.0,0.011924150708831955
ergo_adaptive,276.16666666666663,0.0,0.01192261738271127
ergo_adaptive,276.25,0.0,0.011920915280498151
ergo_adaptive,276.33333333333337,0.0,0.011919068212095645
ergo_adaptive,276.41666666666663,0.0,0.011918251620101178
ergo_adaptive,276.5,0.0,0.011917175839367588
ergo_adaptive,276.58333333333337,0.0,0.011915782712949428
ergo_adaptive,276.66666666666663,0.0,0.011914069738341143
ergo_adaptive,276.75,0.0,0.011912039423303197
ergo_adaptive,276.83333333333337,0.0,0.011909612912947528
ergo_adaptive,276.91666666666663,0.0,0.011906796037715531
ergo_adaptive,277.0,0.0,0.011904356386160539
ergo_adaptive,277.08333333333337,0.0,0.011901674416302894
ergo_adaptive,277.16666666666663,0.0,0.011898890652782428
ergo_adaptive,277.25,0.0,0.011895992018117155
ergo_adaptive,277.33333333333337,0.0,0.01189282892693057
ergo_adaptive,277.41666666666663,0.0,0.01188942852505843
ergo_adaptive,277.5,0.0,0.011885816298036367
ergo_adaptive,277.58333333333337,0.0,0.011882015916456667
ergo_adaptive,277.66666666666663,0.0,0.011878049251529223
ergo_adaptive,277.75,0.0,0.011873936507280771
ergo_adaptive,277.83333333333337,0.0,0.011869696433848751
ergo_adaptive,277.91666666666663,0.0,0.011865346599562588
ergo_adaptive,278.0,0.0,0.011860903708498972
ergo_adaptive,278.08333333333337,0.0,0.011856598911833152
ergo_adaptive,278.16666666666663,0.0,0.011852829330170738
ergo_adaptive,278.25,0.0,0.011849210309639462
ergo_adaptive,278.33333333333337,0.0,0.011845559230584413
ergo_adaptive,278.41666666666663,0.0,0.01184189020025406
ergo_adaptive,278.5,0.0,0.011838210780923489
ergo_adaptive,278.58333333333337,0.0,0.011834504678148292
ergo_adaptive,278.66666666666663,0.0,0.011830694657703417
ergo_adaptive,278.75,0.0,0.011826649156742747
ergo_adaptive,278.83333333333337,0.0,0.011822237618694923
ergo_adaptive,278.91666666666663,0.0,0.011817330368289481
ergo_adaptive,279.0,0.0,0.011811837506409571
ergo_adaptive,279.08333333333337,0.0,0.011805730577842661
ergo_adaptive,279.16666666666663,0.0,0.011799821336066035
ergo_adaptive,279.25,0.0,0.011794549884269367
ergo_adaptive,279.33333333333337,0.0,0.011786957414692082
ergo_adaptive,279.41666666666663,0.0,0.011776209338947914
ergo_adaptive,279.5,0.0,0.011762696529135074
ergo_adaptive,279.58333333333337,0.0,0.011750361551248145
ergo_adaptive,279.66666666666663,0.0,0.011739648326192904
ergo_adaptive,279.75,0.0,0.011728607410890803
ergo_adaptive,279.83333333333337,0.0,0.011716610648984192
ergo_adaptive,279.91666666666663,0.0,0.011705682998210102
ergo_adaptive,280.0,0.0,0.011697872433522577
ergo_adaptive,280.08333333333337,0.0,0.011691069657794045
ergo_adaptive,280.16666666666663,0.0,0.011683185328448475
ergo_adaptive,280.25,0.0,0.011674764877612619
ergo_adaptive,280.33333333333337,0.0,0.011668754278413154
ergo_adaptive,280.41666666666663,0.0,0.011665785754319319
ergo_adaptive,280.5,0.0,0.011660709838425602
ergo_adaptive,280.58333333333337,0.0,0.011653378367574055
ergo_adaptive,280.66666666666663,0.0,0.011647354165325318
ergo_adaptive,280.75,0.0,0.011645425692976169
ergo_adaptive,280.83333333333337,0.0,0.011645011811647312
ergo_adaptive,280.91666666666663,0.0,0.011651854629886764
ergo_adaptive,281.0,0.0,0.011661577878002387
ergo_adaptive,281.08333333333337,0.0,0.011671688997559583
ergo_adaptive,281.16666666666663,0.0,0.011681664585498063
ergo_adaptive,281.25,0.0,0.011691227489478553
ergo_adaptive,281.33333333333337,0.0,0.011700230850930282
ergo_adaptive,281.41666666666663,0.0,0.011708603343409322
ergo_adaptive,281.5,0.0,0.0117163196764532
ergo_adaptive,281.58333333333337,0.0,0.011723382980647564
ergo_adaptive,281.66666666666663,0.0,0.01172981347586586
ergo_adaptive,281.75,0.0,0.011735640818642428
ergo_adaptive,281.83333333333337,0.0,0.011740898771917495
ergo_adaptive,281.91666666666663,0.0,0.011745621391323062
ergo_adaptive,282.0,0.0,0.011749840167450669
ergo_adaptive,282.08333333333337,0.0,0.011753581643592161
ergo_adaptive,282.16666666666663,0.0,0.011756864956317649
ergo_adaptive,282.25,0.0,0.011759698386636349
ergo_adaptive,282.33333333333337,0.0,0.011762072786369855
ergo_adaptive,282.41666666666663,0.0,0.011763944959457942
ergo_adaptive,282.5,0.0,0.011765177325746414
ergo_adaptive,282.58333333333337,0.0,0.011765218029017447
ergo_adaptive,282.66666666666663,0.0,0.011763972663523562
ergo_adaptive,282.75,0.0,0.01176385558330038
ergo_adaptive,282.83333333333337,0.0,0.011763469740010935
ergo_adaptive,282.91666666666663,0.0,0.01176534227564286
ergo_adaptive,283.0,0.0,0.011768330343816366
ergo_adaptive,283.08333333333337,0.0,0.01177205775788694
ergo_adaptive,283.16666666666663,0.0,0.011777020112593494
ergo_adaptive,283.25,0.0,0.011783723694295646
ergo_adaptive,283.33333333333337,0.0,0.01179029653430148
ergo_adaptive,283.41666666666663,0.0,0.011795145763857352
ergo_adaptive,283.5,0.0,0.011798046920543013
ergo_adaptive,283.58333333333337,0.0,0.011799268578625892
ergo_adaptive,283.66666666666663,0.0,0.011799930387024517
ergo_adaptive,283.75,0.0,0.011800838407684925
ergo_adaptive,283.83333333333337,0.0,0.011802991029682222
ergo_adaptive,283.91666666666663,0.0,0.011806064797582987
ergo_adaptive,284.0,0.0,0.011809213339045433
ergo_adaptive,284.08333333333337,0.0,0.01180929740180988
ergo_adaptive,284.16666666666663,0.0,0.011806385874345375
ergo_adaptive,284.25,0.0,0.011802203575939458
ergo_adaptive,284.33333333333337,0.0,0.011799712406553402
ergo_adaptive,284.41666666666663,0.0,0.011797382132542337
ergo_adaptive,284.5,0.0,0.0117939011385321
ergo_adaptive,284.58333333333337,0.0,0.011789819139793689
ergo_adaptive,284.66666666666663,0.0,0.011786678100005582
ergo_adaptive,284.75,0.0,0.011784493729386504
ergo_adaptive,284.83333333333337,0.0,0.011781798965398193
ergo_adaptive,284.91666666666663,0.0,0.01177841530554341
ergo_adaptive,285.0,0.0,0.011775861515476584
ergo_adaptive,285.08333333333337,0.0,0.011774389473829413
ergo_adaptive,285.16666666666663,0.0,0.011773005926514025
ergo_adaptive,285.25,0.0,0.011770973516274343
ergo_adaptive,285.33333333333337,0.0,0.011769236294507728
ergo_adaptive,285.41666666666663,0.0,0.011768862185412933
ergo_adaptive,285.5,0.0,0.01176924794678255
ergo_adaptive,285.58333333333337,0.0,0.01176921461652952
ergo_adaptive,285.66666666666663,0.0,0.011768954884280373
ergo_adaptive,285.75,0.0,0.011769486969812552
ergo_adaptive,285.83333333333337,0.0,0.011771867492426424
ergo_adaptive,285.91666666666663,0.0,0.011780635187829187
ergo_adaptive,286.0,0.0,0.011793364176625503
ergo_adaptive,286.08333333333337,0.0,0.011807557498702702
ergo_adaptive,286.16666666666663,0.0,0.01181978058118274
ergo_adaptive,286.25,0.0,0.011825583979590713
ergo_adaptive,286.33333333333337,0.0,0.011823601430274151
ergo_adaptive,286.41666666666663,0.0,0.011814517784451162
ergo_adaptive,286.5,0.0,0.011797641446740895
ergo_adaptive,286.58333333333337,0.0,0.011771416410501848
ergo_adaptive,286.66666666666663,0.0,0.011738514085677398
ergo_adaptive,286.75,0.0,0.011703520746942428
ergo_adaptive,286.83333333333337,0.0,0.01166755743133422
ergo_adaptive,286.91666666666663,0.0,0.011628376370009704
ergo_adaptive,287.0,0.0,0.011584475202116931
ergo_adaptive,287.08333333333337,0.0,0.01153818386349764
ergo_adaptive,287.16666666666663,0.0,0.011492748363852907
ergo_adaptive,287.25,0.0,0.01144493657034183
ergo_adaptive,287.33333333333337,0.0,0.011389353875792176
ergo_adaptive,287.41666666666663,0.0,0.011327931636676695
ergo_adaptive,287.5,0.0,0.011269194711624853
ergo_adaptive,287.58333333333337,0.0,0.011214510723799484
ergo_adaptive,287.66666666666663,0.0,0.011145981521417015
ergo_adaptive,287.75,0.0,0.011063235912657846
ergo_adaptive,287.83333333333337,0.0,0.010982308831472823
ergo_adaptive,287.91666666666663,0.0,0.010915973722726327
ergo_adaptive,288.0,0.0,0.010842524741284722
ergo_adaptive,288.08333333333337,0.0,0.010753743857527913
ergo_adaptive,288.16666666666663,0.0,0.010658957790606575
ergo_adaptive,288.25,0.0,0.010566509098406654
ergo_adaptive,288.33333333333337,0.0,0.010474130123686146
ergo_adaptive,288.41666666666663,0.0,0.010375273902763668
ergo_adaptive,288.5,0.0,0.010269139633541122
ergo_adaptive,288.58333333333337,0.0,0.010162215772888231
ergo_adaptive,288.66666666666663,0.0,0.010060797312193958
ergo_adaptive,288.75,0.0,0.009958990310284445
ergo_adaptive,288.83333333333337,0.0,0.009851907082136612
ergo_adaptive,288.91666666666663,0.0,0.009740192908786296
ergo_adaptive,289.0,0.0,0.009639608247903744
ergo_adaptive,289.08333333333337,0.0,0.00955463710681934
ergo_adaptive,289.16666666666663,0.0,0.009444202498770472
ergo_adaptive,289.25,0.0,0.009316857358286945
ergo_adaptive,289.33333333333337,0.0,0.009202277489995053
ergo_adaptive,289.41666666666663,0.0,0.009112750419386265
ergo_adaptive,289.5,0.0,0.00902110465591655
ergo_adaptive,289.58333333333337,0.0,0.008928214670429136
ergo_adaptive,289.66666666666663,0.0,0.008838463068245667
ergo_adaptive,289.75,0.0,0.0087576648763063
ergo_adaptive,289.83333333333337,0.0,0.008686243925834537
ergo_adaptive,289.91666666666663,0.0,0.008618223667016797
ergo_adaptive,290.0,0.0,0.008552033355111411
ergo_adaptive,290.08333333333337,0.0,0.008499401650965644
ergo_adaptive,290.16666666666663,0.0,0.008465658899651436
ergo_adaptive,290.25,0.0,0.008433911941055973
ergo_adaptive,290.33333333333337,0.0,0.00839207178196621
ergo_adaptive,290.41666666666663,0.0,0.008350330688800705
ergo_adaptive,290.5,0.0,0.00831708509708877
ergo_adaptive,290.58333333333337,0.0,0.00829447495649246
ergo_adaptive,290.66666666666663,0.0,0.008278404128497127
ergo_adaptive,290.75,0.0,0.008265010366684042
ergo_adaptive,290.83333333333337,0.0,0.008255811656849127
ergo_adaptive,290.91666666666663,0.0,0.008251931914093999
ergo_adaptive,291.0,0.0,0.008254045907381566
ergo_adaptive,291.08333333333337,0.0,0.00825284175432105
ergo_adaptive,291.16666666666663,0.0,0.008247381940159238
ergo_adaptive,291.25,0.0,0.008242828515049946
ergo_adaptive,291.33333333333337,0.0,0.008240966131609639
ergo_adaptive,291.41666666666663,0.0,0.008239923808428085
ergo_adaptive,291.5,0.0,0.008237965334184387
ergo_adaptive,291.58333333333337,0.0,0.008235187294921755
ergo_adaptive,291.66666666666663,0.0,0.008233321317991711
ergo_adaptive,291.75,0.0,0.008235153480895898
ergo_adaptive,291.83333333333337,0.0,0.008238815555255515
ergo_adaptive,291.91666666666663,0.0,0.008235922486376128
ergo_adaptive,292.0,0.0,0.008228886085763753
ergo_adaptive,292.08333333333337,0.0,0.008222359699243585
ergo_adaptive,292.16666666666663,0.0,0.008217518489187753
ergo_adaptive,292.25,0.0,0.008211614912207555
ergo_adaptive,292.33333333333337,0.0,0.008203533357979131
ergo_adaptive,292.41666666666663,0.0,0.008194640293799623
ergo_adaptive,292.5,0.0,0.00818761508976681
ergo_adaptive,292.58333333333337,0.0,0.008184087181343646
ergo_adaptive,292.66666666666663,0.0,0.008179019400175123
ergo_adaptive,292.75,0.0,0.008168076056925388
ergo_adaptive,292.83333333333337,0.0,0.008155618101500584
ergo_adaptive,292.91666666666663,0.0,0.008147004111261144
ergo_adaptive,293.0,0.0,0.0081386615023634
ergo_adaptive,293.08333333333337,0.0,0.008125239197827287
ergo_adaptive,293.16666666666663,0.0,0.008109143020011249
ergo_adaptive,293.25,0.0,0.008094755620823485
ergo_adaptive,293.33333333333337,0.0,0.008083401589836982
ergo_adaptive,293.41666666666663,0.0,0.008073059212291366
ergo_adaptive,293.5,0.0,0.008061753997529158
ergo_adaptive,293.58333333333337,0.0,0.008050792192892765
ergo_adaptive,293.66666666666663,0.0,0.008043638688894485
ergo_adaptive,293.75,0.0,0.008040067837140796
ergo_adaptive,293.83333333333337,0.0,0.008034067794450947
ergo_adaptive,293.91666666666663,0.0,0.00802735622100978
ergo_adaptive,294.0,0.0,0.008024456432522248
ergo_adaptive,294.08333333333337,0.0,0.008033235156531536
ergo_adaptive,294.16666666666663,0.0,0.008039711657743365
ergo_adaptive,294.25,0.0,0.008042429953953722
ergo_adaptive,294.33333333333337,0.0,0.008047183108330814
ergo_adaptive,294.41666666666663,0.0,0.008058132826096959
ergo_adaptive,294.5,0.0,0.008071686900679801
ergo_adaptive,294.58333333333337,0.0,0.008083820021904595
ergo_adaptive,294.66666666666663,0.0,0.008096787307313611
ergo_adaptive,294.75,0.0,0.008113684037226157
ergo_adaptive,294.83333333333337,0.0,0.00813403970164563
ergo_adaptive,294.91666666666663,0.0,0.008154634032070668
ergo_adaptive,295.0,0.0,0.008175499001887692
ergo_adaptive,295.08333333333337,0.0,0.008199281147831564
ergo_adaptive,295.16666666666663,0.0,0.008226507480265583
ergo_adaptive,295.25,0.0,0.008254715070204584
ergo_adaptive,295.33333333333337,0.0,0.008283074380802563
ergo_adaptive,295.41666666666663,0.0,0.008313040389767185
ergo_adaptive,295.5,0.0,0.008346590982919648
ergo_adaptive,295.58333333333337,0.0,0.008380766587618391
ergo_adaptive,295.66666666666663,0.0,0.008414356017496046
ergo_adaptive,295.75,0.0,0.008446138231812669
ergo_adaptive,295.83333333333337,0.0,0.008476842598815143
ergo_adaptive,295.91666666666663,0.0,0.008506542650033514
ergo_adaptive,296.0,0.0,0.00853602655218097
ergo_adaptive,296.08333333333337,0.0,0.00856439123997747
ergo_adaptive,296.16666666666663,0.0,0.008593035137649545
ergo_adaptive,296.25,0.0,0.008619278653150911
ergo_adaptive,296.33333333333337,0.0,0.008644993806567289
ergo_adaptive,296.41666666666663,0.0,0.008669148646414507
ergo_adaptive,296.5,0.0,0.008695312068129006
ergo_adaptive,296.58333333333337,0.0,0.00871969345241547
ergo_adaptive,296.66666666666663,0.0,0.008744770934506573
ergo_adaptive,296.75,0.0,0.008768568148244244
ergo_adaptive,296.83333333333337,0.0,0.008792734002118472
ergo_adaptive,296.91666666666663,0.0,0.008815026008676294
ergo_adaptive,297.0,0.0,0.008838421332123151
ergo_adaptive,297.08333333333337,0.0,0.008860036644708852
ergo_adaptive,297.16666666666663,0.0,0.00888350656332222
ergo_adaptive,297.25,0.0,0.008905446819598812
ergo_adaptive,297.33333333333337,0.0,0.00892686570647135
ergo_adaptive,297.41666666666663,0.0,0.008949134596517035
ergo_adaptive,297.5,0.0,0.00897074366672099
ergo_adaptive,297.58333333333337,0.0,0.008992211009917357
ergo_adaptive,297.66666666666663,0.0,0.009012098880527607
ergo_adaptive,297.75,0.0,0.009032535838224625
ergo_adaptive,297.83333333333337,0.0,0.009054153483690456
ergo_adaptive,297.91666666666663,0.0,0.009075937507389997
ergo_adaptive,298.0,0.0,0.009096214356298163
ergo_adaptive,298.08333333333337,0.0,0.009117307250745454
ergo_adaptive,298.16666666666663,0.0,0.009137323994212817
ergo_adaptive,298.25,0.0,0.009157842965330731
ergo_adaptive,298.33333333333337,0.0,0.00917803071371015
ergo_adaptive,298.41666666666663,0.0,0.009198569284579447
ergo_adaptive,298.5,0.0,0.009218267441720926
ergo_adaptive,298.58333333333337,0.0,0.009237477924760493
ergo_adaptive,298.66666666666663,0.0,0.009257052210323411
ergo_adaptive,298.75,0.0,0.009274778822247011
ergo_adaptive,298.83333333333337,0.0,0.009294538936125547
ergo_adaptive,298.91666666666663,0.0,0.009311913149677664
ergo_adaptive,299.0,0.0,0.009331492171109058
ergo_adaptive,299.08333333333337,0.0,0.009349086826077562
ergo_adaptive,299.16666666666663,0.0,0.009366839321755775
ergo_adaptive,299.25,0.0,0.009384854432139033
ergo_adaptive,299.33333333333337,0.0,0.009400084346753393
ergo_adaptive,299.41666666666663,0.0,0.009417214611974171
ergo_adaptive,299.5,0.0,0.00943438415604306
ergo_adaptive,299.58333333333337,0.0,0.009451944706014757
ergo_adaptive,299.66666666666663,0.0,0.00946736900690683
ergo_adaptive,299.75,0.0,0.009485560943224452
ergo_adaptive,299.83333333333337,0.0,0.009500228061497112
ergo_adaptive,299.91666666666663,0.0,0.0095178318629207
ergo_adaptive,300.0,0.0,0.009530852498557814
ergo_adaptive,300.08333333333337,0.0,0.009546518017385677
ergo_adaptive,300.16666666666663,0.0,0.009561973144323707
ergo_adaptive,300.25,0.0,0.009574510953847756
ergo_adaptive,300.33333333333337,0.0,0.009590833142474926
ergo_adaptive,300.41666666666663,0.0,0.009604254527933315
ergo_adaptive,300.5,0.0,0.009615889921930713
ergo_adaptive,300.58333333333337,0.0,0.009631075204905528
ergo_adaptive,300.66666666666663,0.0,0.009645273703666532
ergo_adaptive,300.75,0.0,0.009659510994381358
ergo_adaptive,300.83333333333337,0.0,0.009674098033451121
ergo_adaptive,300.91666666666663,0.0,0.00968673336769246
ergo_adaptive,301.0,0.0,0.00969789765479655
ergo_adaptive,301.08333333333337,0.0,0.009711839519223272
ergo_adaptive,301.16666666666663,0.0,0.009725658498518017
ergo_adaptive,301.25,0.0,0.009736108135049267
ergo_adaptive,301.33333333333337,0.0,0.009750477204837384
ergo_adaptive,301.41666666666663,0.0,0.009765784756460658
ergo_adaptive,301.5,0.0,0.00977780952562318
ergo_adaptive,301.58333333333337,0.0,0.0097899818689397
ergo_adaptive,301.66666666666663,0.0,0.009803946869769832
ergo_adaptive,301.75,0.0,0.009815782653473762
ergo_adaptive,301.83333333333337,0.0,0.009830057975576012
ergo_adaptive,301.91666666666663,0.0,0.009841109032494263
ergo_adaptive,302.0,0.0,0.009854994347511614
ergo_adaptive,302.08333333333337,0.0,0.009867039572194779
ergo_adaptive,302.16666666666663,0.0,0.009883304699294847
ergo_adaptive,302.25,0.0,0.009895190495208853
ergo_adaptive,302.33333333333337,0.0,0.009911012635360235
ergo_adaptive,302.41666666666663,0.0,0.009922322924889645
ergo_adaptive,302.5,0.0,0.009937812156568273
ergo_adaptive,302.58333333333337,0.0,0.009948427152161038
ergo_adaptive,302.66666666666663,0.0,0.009963191696741421
ergo_adaptive,302.75,0.0,0.009973578732490336
ergo_adaptive,302.83333333333337,0.0,0.00998710903774321
ergo_adaptive,302.91666666666663,0.0,0.009994980395843591
ergo_adaptive,303.0,0.0,0.010009153684230339
ergo_adaptive,303.08333333333337,0.0,0.010020738277189927
ergo_adaptive,303.16666666666663,0.0,0.010030745202093586
ergo_adaptive,303.25,0.0,0.010043790648775891
ergo_adaptive,303.33333333333337,0.0,0.010054468989436153
ergo_adaptive,303.41666666666663,0.0,0.010069705194826906
ergo_adaptive,303.5,0.0,0.010079988345686275
ergo_adaptive,303.58333333333337,0.0,0.01009312354663789
ergo_adaptive,303.66666666666663,0.0,0.01010267270555861
ergo_adaptive,303.75,0.0,0.010116420953835742
ergo_adaptive,303.83333333333337,0.0,0.010126739617831452
ergo_adaptive,303.91666666666663,0.0,0.01014096745962816
ergo_adaptive,304.0,0.0,0.010149019770041678
ergo_adaptive,304.08333333333337,0.0,0.010160785826506726
ergo_adaptive,304.16666666666663,0.0,0.010168720998955416
ergo_adaptive,304.25,0.0,0.010181396927204562
ergo_adaptive,304.33333333333337,0.0,0.010190465936595951
ergo_adaptive,304.41666666666663,0.0,0.010203708473357167
ergo_adaptive,304.5,0.0,0.010210617419158297
ergo_adaptive,304.58333333333337,0.0,0.010222646520342523
ergo_adaptive,304.66666666666663,0.0,0.010231434862160067
ergo_adaptive,304.75,0.0,0.010245339309192072
ergo_adaptive,304.83333333333337,0.0,0.010254906245865614
ergo_adaptive,304.91666666666663,0.0,0.010268460717947509
ergo_adaptive,305.0,0.0,0.010274817609725373
ergo_adaptive,305.08333333333337,0.0,0.010286931938754088
ergo_adaptive,305.16666666666663,0.0,0.0102960454914919
ergo_adaptive,305.25,0.0,0.01030707623749258
ergo_adaptive,305.33333333333337,0.0,0.010313239326153257
ergo_adaptive,305.41666666666663,0.0,0.010325773724940463
ergo_adaptive,305.5,0.0,0.010333425246109286
ergo_adaptive,305.58333333333337,0.0,0.01034707428063204
ergo_adaptive,305.66666666666663,0.0,0.010354853830987006
ergo_adaptive,305.75,0.0,0.010368650792953798
ergo_adaptive,305.83333333333337,0.0,0.01037585701290434
ergo_adaptive,305.91666666666663,0.0,0.010388793966589871
ergo_adaptive,306.0,0.0,0.010396475114571532
ergo_adaptive,306.08333333333337,0.0,0.010409861235599126
ergo_adaptive,306.16666666666663,0.0,0.010416388032197268
ergo_adaptive,306.25,0.0,0.01042889408768999
ergo_adaptive,306.33333333333337,0.0,0.010436888891558499
ergo_adaptive,306.41666666666663,0.0,0.010450552958124002
ergo_adaptive,306.5,0.0,0.010458219514333766
ergo_adaptive,306.58333333333337,0.0,0.010471431871254466
ergo_adaptive,306.66666666666663,0.0,0.010479303863131265
ergo_adaptive,306.75,0.0,0.010491430878859846
ergo_adaptive,306.83333333333337,0.0,0.010497228086952842
ergo_adaptive,306.91666666666663,0.0,0.010509608847074617
ergo_adaptive,307.0,0.0,0.01051842077704656
ergo_adaptive,307.08333333333337,0.0,0.010526185148084621
ergo_adaptive,307.16666666666663,0.0,0.010537358731295885
ergo_adaptive,307.25,0.0,0.010546350456722
ergo_adaptive,307.33333333333337,0.0,0.010553908429064231
ergo_adaptive,307.41666666666663,0.0,0.010565807978914533
ergo_adaptive,307.5,0.0,0.010572734915676712
ergo_adaptive,307.58333333333337,0.0,0.010584219579840548
ergo_adaptive,307.66666666666663,0.0,0.010593837666755418
ergo_adaptive,307.75,0.0,0.010604243599994281
ergo_adaptive,307.83333333333337,0.0,0.010613272767970444
ergo_adaptive,307.91666666666663,0.0,0.010622755378116229
ergo_adaptive,308.0,0.0,0.010633715761122289
ergo_adaptive,308.08333333333337,0.0,0.010639782458295468
ergo_adaptive,308.16666666666663,0.0,0.010651869333663373
ergo_adaptive,308.25,0.0,0.01066000632517755
ergo_adaptive,308.33333333333337,0.0,0.010671968955535635
ergo_adaptive,308.41666666666663,0.0,0.010682420369547786
ergo_adaptive,308.5,0.0,0.010689838798283072
ergo_adaptive,308.58333333333337,0.0,0.0107019763381902
ergo_adaptive,308.66666666666663,0.0,0.010709068202390962
ergo_adaptive,308.75,0.0,0.010720969351732808
ergo_adaptive,308.83333333333337,0.0,0.010728413467438552
ergo_adaptive,308.91666666666663,0.0,0.01074116814325432
ergo_adaptive,309.0,0.0,0.010746937022611943
ergo_adaptive,309.08333333333337,0.0,0.010758054592031706
ergo_adaptive,309.16666666666663,0.0,0.010763617149170105
ergo_adaptive,309.25,0.0,0.010775823782879137
ergo_adaptive,309.33333333333337,0.0,0.010780290322984658
ergo_adaptive,309.41666666666663,0.0,0.010791519706509633
ergo_adaptive,309.5,0.0,0.010795492333211365
ergo_adaptive,309.58333333333337,0.0,0.010807108622491943
ergo_adaptive,309.66666666666663,0.0,0.010809581037155298
ergo_adaptive,309.75,0.0,0.010820113900159424
ergo_adaptive,309.83333333333337,0.0,0.010822425198622625
ergo_adaptive,309.91666666666663,0.0,0.010833020161071199
ergo_adaptive,310.0,0.0,0.01083368436853257
ergo_adaptive,310.08333333333337,0.0,0.010843326005042907
ergo_adaptive,310.16666666666663,0.0,0.01084425094032571
ergo_adaptive,310.25,0.0,0.010853801469598058
ergo_adaptive,310.33333333333337,0.0,0.01085378992020669
ergo_adaptive,310.41666666666663,0.0,0.010862745393825514
ergo_adaptive,310.5,0.0,0.01086286973464124
ergo_adaptive,310.58333333333337,0.0,0.01087124352747068
ergo_adaptive,310.66666666666663,0.0,0.010870359917063012
ergo_adaptive,310.75,0.0,0.010878325615183307
ergo_adaptive,310.83333333333337,0.0,0.010878109039015073
ergo_adaptive,310.91666666666663,0.0,0.010885536963896231
ergo_adaptive,311.0,0.0,0.010884224176676218
ergo_adaptive,311.08333333333337,0.0,0.010891384467243113
ergo_adaptive,311.16666666666663,0.0,0.01089117032848982
ergo_adaptive,311.25,0.0,0.010897954975975111
ergo_adaptive,311.33333333333337,0.0,0.010896744568843857
ergo_adaptive,311.41666666666663,0.0,0.010903387027185716
ergo_adaptive,311.5,0.0,0.01090351673385844
ergo_adaptive,311.58333333333337,0.0,0.010909853670488481
ergo_adaptive,311.66666666666663,0.0,0.010908897726244388
ergo_adaptive,311.75,0.0,0.01091513130985649
ergo_adaptive,311.83333333333337,0.0,0.010915720472555622
ergo_adaptive,311.91666666666663,0.0,0.01092135077676028
ergo_adaptive,312.0,0.0,0.01092134379603843
ergo_adaptive,312.08333333333337,0.0,0.01092796339325194
ergo_adaptive,312.16666666666663,0.0,0.010931292806552534
ergo_adaptive,312.25,0.0,0.010938796998843201
ergo_adaptive,312.33333333333337,0.0,0.01094121077469125
ergo_adaptive,312.41666666666663,0.0,0.010944380772349573
ergo_adaptive,312.5,0.0,0.01095214256742935
ergo_adaptive,312.58333333333337,0.0,0.010955362421618002
ergo_adaptive,312.66666666666663,0.0,0.010963160900825704
ergo_adaptive,312.75,0.0,0.01096660449277593
ergo_adaptive,312.83333333333337,0.0,0.010974207225216494
ergo_adaptive,312.91666666666663,0.0,0.010977902329991525
ergo_adaptive,313.0,0.0,0.010985383682536598
ergo_adaptive,313.08333333333337,0.0,0.010989014265378521
ergo_adaptive,313.16666666666663,0.0,0.010996186053339787
ergo_adaptive,313.25,0.0,0.011000095797976383
ergo_adaptive,313.33333333333337,0.0,0.011007291996453011
ergo_adaptive,313.41666666666663,0.0,0.011011081467423547
ergo_adaptive,313.5,0.0,0.011017805712013757
ergo_adaptive,313.58333333333337,0.0,0.011021971628089693
ergo_adaptive,313.66666666666663,0.0,0.011029455042615053
ergo_adaptive,313.75,0.0,0.011034419864506305
ergo_adaptive,313.83333333333337,0.0,0.011041745149965919
ergo_adaptive,313.91666666666663,0.0,0.011047153453586008
ergo_adaptive,314.0,0.0,0.011054867144098316
ergo_adaptive,314.08333333333337,0.0,0.01105993249898325
ergo_adaptive,314.16666666666663,0.0,0.011066841308965828
ergo_adaptive,314.25,0.0,0.011072825068064228
ergo_adaptive,314.33333333333337,0.0,0.011079863977856723
ergo_adaptive,314.41666666666663,0.0,0.011084470877841462
ergo_adaptive,314.5,0.0,0.011092023303522639
ergo_adaptive,314.58333333333337,0.0,0.011098203259313773
ergo_adaptive,314.66666666666663,0.0,0.011103899111474493
ergo_adaptive,314.75,0.0,0.011110297930477096
ergo_adaptive,314.83333333333337,0.0,0.011116436141195363
ergo_adaptive,314.91666666666663,0.0,0.011123236777923913
ergo_adaptive,315.0,0.0,0.011130220181329102
ergo_adaptive,315.08333333333337,0.0,0.011137075362961728
ergo_adaptive,315.16666666666663,0.0,0.011143788698071554
ergo_adaptive,315.25,0.0,0.011150353716339347
ergo_adaptive,315.33333333333337,0.0,0.011154587130250937
ergo_adaptive,315.41666666666663,0.0,0.011159151487002169
ergo_adaptive,315.5,0.0,0.01116392014416899
ergo_adaptive,315.58333333333337,0.0,0.011168668175210774
ergo_adaptive,315.66666666666663,0.0,0.011173421431143343
ergo_adaptive,315.75,0.0,0.011178092662192553
ergo_adaptive,315.83333333333337,0.0,0.011182667613351936
ergo_adaptive,315.91666666666663,0.0,0.01118712687533993
ergo_adaptive,316.0,0.0,0.011191460103708223
ergo_adaptive,316.08333333333337,0.0,0.011195660702270255
ergo_adaptive,316.16666666666663,0.0,0.011199724434168985
ergo_adaptive,316.25,0.0,0.011203648143362862
ergo_adaptive,316.33333333333337,0.0,0.011207428615912065
ergo_adaptive,316.41666666666663,0.0,0.011211061174749605
ergo_adaptive,316.5,0.0,0.011214925872435859
ergo_adaptive,316.58333333333337,0.0,0.011218872596159647
ergo_adaptive,316.66666666666663,0.0,0.011217190988712291
ergo_adaptive,316.75,0.0,0.01122062167126047
ergo_adaptive,316.83333333333337,0.0,0.011219641738843893
ergo_adaptive,316.91666666666663,0.0,0.01122368124960872
ergo_adaptive,317.0,0.0,0.011223016983907059
ergo_adaptive,317.08333333333337,0.0,0.011228084988210974
ergo_adaptive,317.16666666666663,0.0,0.011227766709918489
ergo_adaptive,317.25,0.0,0.011231691411621827
ergo_adaptive,317.33333333333337,0.0,0.011230642549349513
ergo_adaptive,317.41666666666663,0.0,0.011236008114951134
ergo_adaptive,317.5,0.0,0.01123603127697546
ergo_adaptive,317.58333333333337,0.0,0.011241853353389664
ergo_adaptive,317.66666666666663,0.0,0.011241826615735476
ergo_adaptive,317.75,0.0,0.011246345549431477
ergo_adaptive,317.83333333333337,0.0,0.011245355931912504
ergo_adaptive,317.91666666666663,0.0,0.011250893387154888
ergo_adaptive,318.0,0.0,0.011250391067176234
ergo_adaptive,318.08333333333337,0.0,0.011255511215297559
ergo_adaptive,318.16666666666663,0.0,0.011254759357172463
ergo_adaptive,318.25,0.0,0.011251911447279429
ergo_adaptive,318.33333333333337,0.0,0.011258569706930897
ergo_adaptive,318.41666666666663,0.0,0.011258561966833041
ergo_adaptive,318.5,0.0,0.011259142732498069
ergo_adaptive,318.58333333333337,0.0,0.011260197271410451
ergo_adaptive,318.66666666666663,0.0,0.011261623433310356
ergo_adaptive,318.75,0.0,0.011263341955693052
ergo_adaptive,318.83333333333337,0.0,0.01126528862860709
ergo_adaptive,318.91666666666663,0.0,0.011267410899097099
ergo_adaptive,319.0,0.0,0.011269664881444949
ergo_adaptive,319.08333333333337,0.0,0.0112720623817686
ergo_adaptive,319.16666666666663,0.0,0.011275368928275596
ergo_adaptive,319.25,0.0,0.011279136694059668
ergo_adaptive,319.33333333333337,0.0,0.011277020043259471
ergo_adaptive,319.41666666666663,0.0,0.011276571797126858
ergo_adaptive,319.5,0.0,0.011276933771390739
ergo_adaptive,319.58333333333337,0.0,0.011278043571476892
ergo_adaptive,319.66666666666663,0.0,0.011279742057564587
ergo_adaptive,319.75,0.0,0.011281907759514272
ergo_adaptive,319.83333333333337,0.0,0.01128444817161108
ergo_adaptive,319.91666666666663,0.0,0.011287288488847714
ergo_adaptive,320.0,0.0,0.011287216934984861
ergo_adaptive,320.08333333333337,0.0,0.011284792832059866
ergo_adaptive,320.16666666666663,0.0,0.011283304088026542
ergo_adaptive,320.25,0.0,0.011287372293461086
ergo_adaptive,320.33333333333337,0.0,0.011287590121395238
ergo_adaptive,320.41666666666663,0.0,0.01128855428694715
ergo_adaptive,320.5,0.0,0.01129017854116695
ergo_adaptive,320.58333333333337,0.0,0.011292294828455932
ergo_adaptive,320.66666666666663,0.0,0.011294796780574748
ergo_adaptive,320.75,0.0,0.011297646722245838
ergo_adaptive,320.83333333333337,0.0,0.011301200836268782
ergo_adaptive,320.91666666666663,0.0,0.011300849139479034
ergo_adaptive,321.0,0.0,0.011304665033036815
ergo_adaptive,321.08333333333337,0.0,0.011304618761873286
ergo_adaptive,321.16666666666663,0.0,0.011309458984055951
ergo_adaptive,321.25,0.0,0.011311762347012836
ergo_adaptive,321.33333333333337,0.0,0.011315015550744753
ergo_adaptive,321.41666666666663,0.0,0.011318724975361207
ergo_adaptive,321.5,0.0,0.011322757607665494
ergo_adaptive,321.58333333333337,0.0,0.011327025549768202
ergo_adaptive,321.66666666666663,0.0,0.011331466762680206
ergo_adaptive,321.75,0.0,0.011336039562991536
ergo_adaptive,321.83333333333337,0.0,0.011340607457484974
ergo_adaptive,321.91666666666663,0.0,0.01134203127272488
ergo_adaptive,322.0,0.0,0.011344552551405152
ergo_adaptive,322.08333333333337,0.0,0.011349391996780688
ergo_adaptive,322.16666666666663,0.0,0.011353388623311637
ergo_adaptive,322.25,0.0,0.011353410478251457
ergo_adaptive,322.33333333333337,0.0,0.011358215748491341
ergo_adaptive,322.41666666666663,0.0,0.011360280772520933
ergo_adaptive,322.5,0.0,0.011365185853650166
ergo_adaptive,322.58333333333337,0.0,0.011366275488209947
ergo_adaptive,322.66666666666663,0.0,0.011367878866450557
ergo_adaptive,322.75,0.0,0.011369965212969972
ergo_adaptive,322.83333333333337,0.0,0.011372398168819518
ergo_adaptive,322.91666666666663,0.0,0.011375101323392816
ergo_adaptive,323.0,0.0,0.01137801151924685
ergo_adaptive,323.08333333333337,0.0,0.011381080813173235
ergo_adaptive,323.16666666666663,0.0,0.011384272261458685
ergo_adaptive,323.25,0.0,0.011387557480671483
ergo_adaptive,323.33333333333337,0.0,0.011390915063740324
ergo_adaptive,323.41666666666663,0.0,0.011394330222413271
ergo_adaptive,323.5,0.0,0.011397808830562597
ergo_adaptive,323.58333333333337,0.0,0.01139577313348565
ergo_adaptive,323.66666666666663,0.0,0.011399702663737897
ergo_adaptive,323.75,0.0,0.011397834591424641
ergo_adaptive,323.83333333333337,0.0,0.011401950908325235
ergo_adaptive,323.91666666666663,0.0,0.011400303820273449
ergo_adaptive,324.0,0.0,0.011404488344464156
ergo_adaptive,324.08333333333337,0.0,0.011402865572045808
ergo_adaptive,324.16666666666663,0.0,0.011407040710542913
ergo_adaptive,324.25,0.0,0.011405373901093552
ergo_adaptive,324.33333333333337,0.0,0.011409492760874575
ergo_adaptive,324.41666666666663,0.0,0.011407729482492485
ergo_adaptive,324.5,0.0,0.011411757827354934
ergo_adaptive,324.58333333333337,0.0,0.011409998590650616
ergo_adaptive,324.66666666666663,0.0,0.011414152533754317
ergo_adaptive,324.75,0.0,0.011412480822820087
ergo_adaptive,324.83333333333337,0.0,0.01141650413165651
ergo_adaptive,324.91666666666663,0.0,0.011414670082459147
ergo_adaptive,325.0,0.0,0.011418550764617291
ergo_adaptive,325.08333333333337,0.0,0.011417151895165468
ergo_adaptive,325.16666666666663,0.0,0.01142156887757383
ergo_adaptive,325.25,0.0,0.011420153507640422
ergo_adaptive,325.33333333333337,0.0,0.011424414581296439
ergo_adaptive,325.41666666666663,0.0,0.011422840124957439
ergo_adaptive,325.5,0.0,0.01142700993597425
ergo_adaptive,325.58333333333337,0.0,0.011426104030376952
ergo_adaptive,325.66666666666663,0.0,0.011430890396256938
ergo_adaptive,325.75,0.0,0.011429844379681106
ergo_adaptive,325.83333333333337,0.0,0.011434468383854313
ergo_adaptive,325.91666666666663,0.0,0.011433296041866667
ergo_adaptive,326.0,0.0,0.011437759456020333
ergo_adaptive,326.08333333333337,0.0,0.011437046696307166
ergo_adaptive,326.16666666666663,0.0,0.01144208378505315
ergo_adaptive,326.25,0.0,0.01144149591534054
ergo_adaptive,326.33333333333337,0.0,0.011446704794573999
ergo_adaptive,326.41666666666663,0.0,0.011447239116436523
ergo_adaptive,326.5,0.0,0.011453289699579837
ergo_adaptive,326.58333333333337,0.0,0.011453992435033204
ergo_adaptive,326.66666666666663,0.0,0.011459905243067564
ergo_adaptive,326.75,0.0,0.011460561327196486
ergo_adaptive,326.83333333333337,0.0,0.01146634305223445
ergo_adaptive,326.91666666666663,0.0,0.011466964311742253
ergo_adaptive,327.0,0.0,0.01147262287632177
ergo_adaptive,327.08333333333337,0.0,0.01147322099177584
ergo_adaptive,327.16666666666663,0.0,0.01147876346206915
ergo_adaptive,327.25,0.0,0.011479344433939581
ergo_adaptive,327.33333333333337,0.0,0.011484779220932622
ergo_adaptive,327.41666666666663,0.0,0.011485465049287592
ergo_adaptive,327.5,0.0,0.011491501446689346
ergo_adaptive,327.58333333333337,0.0,0.01149286576664083
ergo_adaptive,327.66666666666663,0.0,0.01149881007810626
ergo_adaptive,327.75,0.0,0.011500159940336804
ergo_adaptive,327.83333333333337,0.0,0.011506017213594306
ergo_adaptive,327.91666666666663,0.0,0.011507344488786835
ergo_adaptive,328.0,0.0,0.01151311956383254
ergo_adaptive,328.08333333333337,0.0,0.011514416474456748
ergo_adaptive,328.16666666666663,0.0,0.011520112735923365
ergo_adaptive,328.25,0.0,0.011521366931700331
ergo_adaptive,328.33333333333337,0.0,0.011526986545227033
ergo_adaptive,328.41666666666663,0.0,0.011528185229715583
ergo_adaptive,328.5,0.0,0.011533728328497124
ergo_adaptive,328.58333333333337,0.0,0.011534864825042956
ergo_adaptive,328.66666666666663,0.0,0.011540326030188236
ergo_adaptive,328.75,0.0,0.011541498570365802
ergo_adaptive,328.83333333333337,0.0,0.011546752119050723
ergo_adaptive,328.91666666666663,0.0,0.011550722251141678
ergo_adaptive,329.0,0.0,0.011554752126681759
ergo_adaptive,329.08333333333337,0.0,0.011558968773324615
ergo_adaptive,329.16666666666663,0.0,0.011563324351495688
ergo_adaptive,329.25,0.0,0.011567818222634352
ergo_adaptive,329.33333333333337,0.0,0.011567651398249877
ergo_adaptive,329.41666666666663,0.0,0.011572399817707227
ergo_adaptive,329.5,0.0,0.011573377427734528
ergo_adaptive,329.58333333333337,0.0,0.011576717786860312
ergo_adaptive,329.66666666666663,0.0,0.011580859514707324
ergo_adaptive,329.75,0.0,0.011585029233214375
ergo_adaptive,329.83333333333337,0.0,0.011589474750807717
ergo_adaptive,329.91666666666663,0.0,0.011588576836559054
ergo_adaptive,330.0,0.0,0.011591834388980756
ergo_adaptive,330.08333333333337,0.0,0.011593844751549277
ergo_adaptive,330.16666666666663,0.0,0.011595995067605116
ergo_adaptive,330.25,0.0,0.011598932176676449
ergo_adaptive,330.33333333333337,0.0,0.011602110251527189
ergo_adaptive,330.41666666666663,0.0,0.01160541400236915
ergo_adaptive,330.5,0.0,0.011608817339639685
ergo_adaptive,330.58333333333337,0.0,0.011612300633325216
ergo_adaptive,330.66666666666663,0.0,0.0116158488561982
ergo_adaptive,330.75,0.0,0.011619451165492518
ergo_adaptive,330.83333333333337,0.0,0.011623101622567047
ergo_adaptive,330.91666666666663,0.0,0.011620749520104676
ergo_adaptive,331.0,0.0,0.01162469320987157
ergo_adaptive,331.08333333333337,0.0,0.011623925049053338
ergo_adaptive,331.16666666666663,0.0,0.011622389458985917
ergo_adaptive,331.25,0.0,0.011626007978418326
ergo_adaptive,331.33333333333337,0.0,0.011627067346563906
ergo_adaptive,331.41666666666663,0.0,0.011627887058071943
ergo_adaptive,331.5,0.0,0.011629017270393767
ergo_adaptive,331.58333333333337,0.0,0.011630363106406196
ergo_adaptive,331.66666666666663,0.0,0.011631882694279335
ergo_adaptive,331.75,0.0,0.011633538367094812
ergo_adaptive,331.83333333333337,0.0,0.011635299473342856
ergo_adaptive,331.91666666666663,0.0,0.011637140760128251
ergo_adaptive,332.0,0.0,0.011639041299855662
ergo_adaptive,332.08333333333337,0.0,0.011640983646198205
ergo_adaptive,332.16666666666663,0.0,0.011642953163361046
ergo_adaptive,332.25,0.0,0.011644937485896472
ergo_adaptive,332.33333333333337,0.0,0.011646926077159976
ergo_adaptive,332.41666666666663,0.0,0.0116489098620572
ergo_adaptive,332.5,0.0,0.011651013020802525
ergo_adaptive,332.58333333333337,0.0,0.011653639067214852
ergo_adaptive,332.66666666666663,0.0,0.0116562378863255
ergo_adaptive,332.75,0.0,0.011658803254286448
ergo_adaptive,332.83333333333337,0.0,0.011661329246218747
ergo_adaptive,332.91666666666663,0.0,0.01165657514422967
ergo_adaptive,333.0,0.0,0.011659174823615132
ergo_adaptive,333.08333333333337,0.0,0.011656548142453536
ergo_adaptive,333.16666666666663,0.0,0.011657670358131802
ergo_adaptive,333.25,0.0,0.011659563477460017
ergo_adaptive,333.33333333333337,0.0,0.011661527529244146
ergo_adaptive,333.41666666666663,0.0,0.01166353428123134
ergo_adaptive,333.5,0.0,0.0116655619687162
ergo_adaptive,333.58333333333337,0.0,0.01166759055099586
ergo_adaptive,333.66666666666663,0.0,0.011669600616425317
ergo_adaptive,333.75,0.0,0.01167156904505149
ergo_adaptive,333.83333333333337,0.0,0.011666929708428924
ergo_adaptive,333.91666666666663,0.0,0.011666796222028828
ergo_adaptive,334.0,0.0,0.011666419776831175
ergo_adaptive,334.08333333333337,0.0,0.01166437353759829
ergo_adaptive,334.16666666666663,0.0,0.01166481275128484
ergo_adaptive,334.25,0.0,0.011665098970117102
ergo_adaptive,334.33333333333337,0.0,0.011665590353024929
ergo_adaptive,334.41666666666663,0.0,0.01166622858765546
ergo_adaptive,334.5,0.0,0.011666973399338655
ergo_adaptive,334.58333333333337,0.0,0.011667791827646158
ergo_adaptive,334.66666666666663,0.0,0.011668764151578992
ergo_adaptive,334.75,0.0,0.011670285984303093
ergo_adaptive,334.83333333333337,0.0,0.011672101304255967
ergo_adaptive,334.91666666666663,0.0,0.011674199983654557
ergo_adaptive,335.0,0.0,0.011670105698290505
ergo_adaptive,335.08333333333337,0.0,0.011672068902530086
ergo_adaptive,335.16666666666663,0.0,0.011671479028008209
ergo_adaptive,335.25,0.0,0.01167362574901185
ergo_adaptive,335.33333333333337,0.0,0.011675479081148526
ergo_adaptive,335.41666666666663,0.0,0.011673972375765031
ergo_adaptive,335.5,0.0,0.011671054325147943
ergo_adaptive,335.58333333333337,0.0,0.011671947669036885
ergo_adaptive,335.66666666666663,0.0,0.011671012878225114
ergo_adaptive,335.75,0.0,0.011670515759289192
ergo_adaptive,335.83333333333337,0.0,0.011670490845403926
ergo_adaptive,335.91666666666663,0.0,0.011670809027992855
ergo_adaptive,336.0,0.0,0.011671632305900256
ergo_adaptive,336.08333333333337,0.0,0.01167321982056301
ergo_adaptive,336.16666666666663,0.0,0.011674975142130202
ergo_adaptive,336.25,0.0,0.011676860553702543
ergo_adaptive,336.33333333333337,0.0,0.011678845764488051
ergo_adaptive,336.41666666666663,0.0,0.01168184394355754
ergo_adaptive,336.5,0.0,0.011684932870730233
ergo_adaptive,336.58333333333337,0.0,0.01168806431178832
ergo_adaptive,336.66666666666663,0.0,0.011691225411187329
ergo_adaptive,336.75,0.0,0.011694406010998908
ergo_adaptive,336.83333333333337,0.0,0.011697598241266996
ergo_adaptive,336.91666666666663,0.0,0.01170079620674261
ergo_adaptive,337.0,0.0,0.011703995748305029
ergo_adaptive,337.08333333333337,0.0,0.011707071868250584
ergo_adaptive,337.16666666666663,0.0,0.01170600059364332
ergo_adaptive,337.25,0.0,0.011707566162213828
ergo_adaptive,337.33333333333337,0.0,0.011709687351658485
ergo_adaptive,337.41666666666663,0.0,0.01171202635961259
ergo_adaptive,337.5,0.0,0.01171452062314948
ergo_adaptive,337.58333333333337,0.0,0.011717137781628136
ergo_adaptive,337.66666666666663,0.0,0.011719855221742206
ergo_adaptive,337.75,0.0,0.011722655623211897
ergo_adaptive,337.83333333333337,0.0,0.0117255255441853
ergo_adaptive,337.91666666666663,0.0,0.011728454655435164
ergo_adaptive,338.0,0.0,0.011731435157232361
ergo_adaptive,338.08333333333337,0.0,0.011734461222805338
ergo_adaptive,338.16666666666663,0.0,0.011733053692399447
ergo_adaptive,338.25,0.0,0.011735554150725695
ergo_adaptive,338.33333333333337,0.0,0.011737011600673973
ergo_adaptive,338.41666666666663,0.0,0.011738601895918379
ergo_adaptive,338.5,0.0,0.011740420248908446
ergo_adaptive,338.58333333333337,0.0,0.011742439707332242
ergo_adaptive,338.66666666666663,0.0,0.011744625385440705
ergo_adaptive,338.75,0.0,0.011746947722908367
ergo_adaptive,338.83333333333337,0.0,0.011749382606547244
ergo_adaptive,338.91666666666663,0.0,0.011752430475826406
ergo_adaptive,339.0,0.0,0.011755778697282889
ergo_adaptive,339.08333333333337,0.0,0.011759185960470011
ergo_adaptive,339.16666666666663,0.0,0.011762640718184093
ergo_adaptive,339.25,0.0,0.011766132522654358
ergo_adaptive,339.33333333333337,0.0,0.011769651353954842
ergo_adaptive,339.41666666666663,0.0,0.011773186874961978
ergo_adaptive,339.5,0.0,0.011776727295573748
ergo_adaptive,339.58333333333337,0.0,0.01178020422393017
ergo_adaptive,339.66666666666663,0.0,0.01178032788671421
ergo_adaptive,339.75,0.0,0.0117789387214284
ergo_adaptive,339.83333333333337,0.0,0.011778460547488889
ergo_adaptive,339.91666666666663,0.0,0.011778225760225905
ergo_adaptive,340.0,0.0,0.011778465093953187
ergo_adaptive,340.08333333333337,0.0,0.011778919424628876
ergo_adaptive,340.16666666666663,0.0,0.01177958062019348
ergo_adaptive,340.25,0.0,0.011780385856657541
ergo_adaptive,340.33333333333337,0.0,0.01178145872672214
ergo_adaptive,340.41666666666663,0.0,0.01178257576396398
ergo_adaptive,340.5,0.0,0.011783692911088267
ergo_adaptive,340.58333333333337,0.0,0.01178475567034117
ergo_adaptive,340.66666666666663,0.0,0.011785739302186207
ergo_adaptive,340.75,0.0,0.011786620521037768
ergo_adaptive,340.83333333333337,0.0,0.01178737759859472
ergo_adaptive,340.91666666666663,0.0,0.011787992318795775
ergo_adaptive,341.0,0.0,0.011788451804463945
ergo_adaptive,341.08333333333337,0.0,0.011788749048752522
ergo_adaptive,341.16666666666663,0.0,0.011788882137447268
ergo_adaptive,341.25,0.0,0.011788852873763194
ergo_adaptive,341.33333333333337,0.0,0.011788723835239502
ergo_adaptive,341.41666666666663,0.0,0.011788514747157045
ergo_adaptive,341.5,0.0,0.011788228590046884
ergo_adaptive,341.58333333333337,0.0,0.011788411503146863
ergo_adaptive,341.66666666666663,0.0,0.011788775767038863
ergo_adaptive,341.75,0.0,0.011789065172377239
ergo_adaptive,341.83333333333337,0.0,0.011789279376094093
ergo_adaptive,341.91666666666663,0.0,0.011789418042148931
ergo_adaptive,342.0,0.0,0.011789480803284335
ergo_adaptive,342.08333333333337,0.0,0.011789523431217808
ergo_adaptive,342.16666666666663,0.0,0.01179020105156
ergo_adaptive,342.25,0.0,0.011790801603388483
ergo_adaptive,342.33333333333337,0.0,0.011791324449026462
ergo_adaptive,342.41666666666663,0.0,0.011791768845261482
ergo_adaptive,342.5,0.0,0.011792133942704125
ergo_adaptive,342.58333333333337,0.0,0.01179241878598084
ergo_adaptive,342.66666666666663,0.0,0.011792622314065866
ergo_adaptive,342.75,0.0,0.011792743360180954
ergo_adaptive,342.83333333333337,0.0,0.011792780650761165
ergo_adaptive,342.91666666666663,0.0,0.011792732803005822
ergo_adaptive,343.0,0.0,0.011792598320505132
ergo_adaptive,343.08333333333337,0.0,0.011792375586346694
ergo_adaptive,343.16666666666663,0.0,0.011792062852942976
ergo_adaptive,343.25,0.0,0.011791658227542785
ergo_adaptive,343.33333333333337,0.0,0.011791159651919616
ergo_adaptive,343.41666666666663,0.0,0.011790564873908213
ergo_adaptive,343.5,0.0,0.011789871406913139
ergo_adaptive,343.58333333333337,0.0,0.011789076470178074
ergo_adaptive,343.66666666666663,0.0,0.011788176892908786
ergo_adaptive,343.75,0.0,0.011780276353882851
ergo_adaptive,343.83333333333337,0.0,0.01177794387016673
ergo_adaptive,343.91666666666663,0.0,0.011774914216119701
ergo_adaptive,344.0,0.0,0.011772886568050638
ergo_adaptive,344.08333333333337,0.0,0.011771219587927175
ergo_adaptive,344.16666666666663,0.0,0.01177019705522208
ergo_adaptive,344.25,0.0,0.011769248404588607
ergo_adaptive,344.33333333333337,0.0,0.011768738495747912
ergo_adaptive,344.41666666666663,0.0,0.01176847342915996
ergo_adaptive,344.5,0.0,0.011768204146684199
ergo_adaptive,344.58333333333337,0.0,0.01176791590426422
ergo_adaptive,344.66666666666663,0.0,0.011767596414985815
ergo_adaptive,344.75,0.0,0.011768155003460186
ergo_adaptive,344.83333333333337,0.0,0.011769430775767727
ergo_adaptive,344.91666666666663,0.0,0.011770650244921644
ergo_adaptive,345.0,0.0,0.011771806625444319
ergo_adaptive,345.08333333333337,0.0,0.011772893878589843
ergo_adaptive,345.16666666666663,0.0,0.01177395367219967
ergo_adaptive,345.25,0.0,0.011775008822951192
ergo_adaptive,345.33333333333337,0.0,0.011776164874959848
ergo_adaptive,345.41666666666663,0.0,0.011777812647621663
ergo_adaptive,345.5,0.0,0.011779404412453481
ergo_adaptive,345.58333333333337,0.0,0.01178092231300055
ergo_adaptive,345.66666666666663,0.0,0.011777837633029985
ergo_adaptive,345.75,0.0,0.011778775303162079
ergo_adaptive,345.83333333333337,0.0,0.011779100669607797
ergo_adaptive,345.91666666666663,0.0,0.011780089290678055
ergo_adaptive,346.0,0.0,0.011781272061265868
ergo_adaptive,346.08333333333337,0.0,0.011782750008548074
ergo_adaptive,346.16666666666663,0.0,0.01178465182819565
ergo_adaptive,346.25,0.0,0.01178704037100873
ergo_adaptive,346.33333333333337,0.0,0.011789847540240936
ergo_adaptive,346.41666666666663,0.0,0.011792615530124598
ergo_adaptive,346.5,0.0,0.011795332067575371
ergo_adaptive,346.58333333333337,0.0,0.011797986627276678
ergo_adaptive,346.66666666666663,0.0,0.011800569368679048
ergo_adaptive,346.75,0.0,0.011803070332250662
ergo_adaptive,346.83333333333337,0.0,0.011805478872457097
ergo_adaptive,346.91666666666663,0.0,0.011807786974216167
ergo_adaptive,347.0,0.0,0.011807169567371455
ergo_adaptive,347.08333333333337,0.0,0.011808934531273475
ergo_adaptive,347.16666666666663,0.0,0.011810410284831518
ergo_adaptive,347.25,0.0,0.011813126087943536
ergo_adaptive,347.33333333333337,0.0,0.011816183661754003
ergo_adaptive,347.41666666666663,0.0,0.0118194345186924
ergo_adaptive,347.5,0.0,0.0118228079151934
ergo_adaptive,347.58333333333337,0.0,0.011826261191764085
ergo_adaptive,347.66666666666663,0.0,0.011829764773053655
ergo_adaptive,347.75,0.0,0.011833296347810128
ergo_adaptive,347.83333333333337,0.0,0.011836838037251449
ergo_adaptive,347.91666666666663,0.0,0.011840374778561697
ergo_adaptive,348.0,0.0,0.011843893306405819
ergo_adaptive,348.08333333333337,0.0,0.011847381483708461
ergo_adaptive,348.16666666666663,0.0,0.01185082787526853
ergo_adaptive,348.25,0.0,0.011854221519893626
ergo_adaptive,348.33333333333337,0.0,0.011857551878279396
ergo_adaptive,348.41666666666663,0.0,0.011860808918383956
ergo_adaptive,348.5,0.0,0.011863983232788275
ergo_adaptive,348.58333333333337,0.0,0.01186706593844679
ergo_adaptive,348.66666666666663,0.0,0.011870047871874682
ergo_adaptive,348.75,0.0,0.011872771688495577
ergo_adaptive,348.83333333333337,0.0,0.011874946488769097
ergo_adaptive,348.91666666666663,0.0,0.011877522270623792
ergo_adaptive,349.0,0.0,0.011880739903877354
ergo_adaptive,349.08333333333337,0.0,0.011883975243981066
ergo_adaptive,349.16666666666663,0.0,0.011887083028519109
ergo_adaptive,349.25,0.0,0.011890009738619478
ergo_adaptive,349.33333333333337,0.0,0.011892730151568304
ergo_adaptive,349.41666666666663,0.0,0.011895231275804639
ergo_adaptive,349.5,0.0,0.011897507146258405
ergo_adaptive,349.58333333333337,0.0,0.011899556731886037
ergo_adaptive,349.66666666666663,0.0,0.011901382861332785
ergo_adaptive,349.75,0.0,0.011903060011114434
ergo_adaptive,349.83333333333337,0.0,0.01190469654998873
ergo_adaptive,349.91666666666663,0.0,0.011906303377681692
ergo_adaptive,350.0,0.0,0.011907871760819198
ergo_adaptive,350.08333333333337,0.0,0.011909391726192148
ergo_adaptive,350.16666666666663,0.0,0.01191085507393251
ergo_adaptive,350.25,0.0,0.011912255446606783
ergo_adaptive,350.33333333333337,0.0,0.011913587999087032
ergo_adaptive,350.41666666666663,0.0,0.01191540381290296
ergo_adaptive,350.5,0.0,0.011917145385179635
ergo_adaptive,350.58333333333337,0.0,0.01191894976430334
ergo_adaptive,350.66666666666663,0.0,0.011920853424079348
ergo_adaptive,350.75,0.0,0.011922812439692404
ergo_adaptive,350.83333333333337,0.0,0.01192480991853392
ergo_adaptive,350.91666666666663,0.0,0.011926826667509731
ergo_adaptive,351.0,0.0,0.011928848593416235
ergo_adaptive,351.08333333333337,0.0,0.01193086352625238
ergo_adaptive,351.16666666666663,0.0,0.011932861522063352
ergo_adaptive,351.25,0.0,0.011934834182231261
ergo_adaptive,351.33333333333337,0.0,0.011936774440081004
ergo_adaptive,351.41666666666663,0.0,0.01193867627033782
ergo_adaptive,351.5,0.0,0.01194053450462443
ergo_adaptive,351.58333333333337,0.0,0.011942344662298866
ergo_adaptive,351.66666666666663,0.0,0.011944102821950638
ergo_adaptive,351.75,0.0,0.011945805512081966
ergo_adaptive,351.83333333333337,0.0,0.011947449622754774
ergo_adaptive,351.91666666666663,0.0,0.011949032331554593
ergo_adaptive,352.0,0.0,0.011950551041420034
ergo_adaptive,352.08333333333337,0.0,0.011952003329053384
ergo_adaptive,352.16666666666663,0.0,0.011953386898987351
ergo_adaptive,352.25,0.0,0.011954699548274246
ergo_adaptive,352.33333333333337,0.0,0.011955939125870457
ergo_adaptive,352.41666666666663,0.0,0.01195710352593475
ergo_adaptive,352.5,0.0,0.011958190567499825
ergo_adaptive,352.58333333333337,0.0,0.01195919860502767
ergo_adaptive,352.66666666666663,0.0,0.011960115938537077
ergo_adaptive,352.75,0.0,0.011958928062901653
ergo_adaptive,352.83333333333337,0.0,0.011958888874429306
ergo_adaptive,352.91666666666663,0.0,0.011957835422923028
ergo_adaptive,353.0,0.0,0.011958030725895958
ergo_adaptive,353.08333333333337,0.0,0.011958571666597908
ergo_adaptive,353.16666666666663,0.0,0.011959764488585828
ergo_adaptive,353.25,0.0,0.011960970289987976
ergo_adaptive,353.33333333333337,0.0,0.011962107645393731
ergo_adaptive,353.41666666666663,0.0,0.011963154858959222
ergo_adaptive,353.5,0.0,0.011964102045419076
ergo_adaptive,353.58333333333337,0.0,0.011964944893745376
ergo_adaptive,353.66666666666663,0.0,0.01196568173186889
ergo_adaptive,353.75,0.0,0.011966312103033548
ergo_adaptive,353.83333333333337,0.0,0.011966836062053045
ergo_adaptive,353.91666666666663,0.0,0.011967253825529123
ergo_adaptive,354.0,0.0,0.01196756560146675
ergo_adaptive,354.08333333333337,0.0,0.011967771512783254
ergo_adaptive,354.16666666666663,0.0,0.011968034682740455
ergo_adaptive,354.25,0.0,0.01196873586443809
ergo_adaptive,354.33333333333337,0.0,0.011969329878689735
ergo_adaptive,354.41666666666663,0.0,0.011969816479454254
ergo_adaptive,354.5,0.0,0.01197019541202904
ergo_adaptive,354.58333333333337,0.0,0.011970466464989683
ergo_adaptive,354.66666666666663,0.0,0.011970629530869187
ergo_adaptive,354.75,0.0,0.011970684676178902
ergo_adaptive,354.83333333333337,0.0,0.01197063222145312
ergo_adaptive,354.91666666666663,0.0,0.011970472831590284
ergo_adaptive,355.0,0.0,0.011970207615706899
ergo_adaptive,355.08333333333337,0.0,0.01196983823377784
ergo_adaptive,355.16666666666663,0.0,0.011969515445532816
ergo_adaptive,355.25,0.0,0.011969936184667514
ergo_adaptive,355.33333333333337,0.0,0.011970262045086902
ergo_adaptive,355.41666666666663,0.0,0.011970497790115726
ergo_adaptive,355.5,0.0,0.011970649000765244
ergo_adaptive,355.58333333333337,0.0,0.011970721957128666
ergo_adaptive,355.66666666666663,0.0,0.011971047626064478
ergo_adaptive,355.75,0.0,0.011971996790952287
ergo_adaptive,355.83333333333337,0.0,0.011970259664459897
ergo_adaptive,355.91666666666663,0.0,0.011969990564823993
ergo_adaptive,356.0,0.0,0.011969026661899581
ergo_adaptive,356.08333333333337,0.0,0.011969559977603492
ergo_adaptive,356.16666666666663,0.0,0.011971062015395788
ergo_adaptive,356.25,0.0,0.01197298695867447
ergo_adaptive,356.33333333333337,0.0,0.011975019831105705
ergo_adaptive,356.41666666666663,0.0,0.011977111227153848
ergo_adaptive,356.5,0.0,0.011979233535247626
ergo_adaptive,356.58333333333337,0.0,0.011981369046256438
ergo_adaptive,356.66666666666663,0.0,0.011983505478238704
ergo_adaptive,356.75,0.0,0.011985633967398312
ergo_adaptive,356.83333333333337,0.0,0.01198774799961789
ergo_adaptive,356.91666666666663,0.0,0.011989842758670068
ergo_adaptive,357.0,0.0,0.011991914687824082
ergo_adaptive,357.08333333333337,0.0,0.011993961175053636
ergo_adaptive,357.16666666666663,0.0,0.011995980316820063
ergo_adaptive,357.25,0.0,0.011997970735249443
ergo_adaptive,357.33333333333337,0.0,0.01199993143343313
ergo_adaptive,357.41666666666663,0.0,0.012001861679101689
ergo_adaptive,357.5,0.0,0.012003760910267594
ergo_adaptive,357.58333333333337,0.0,0.012005959536257839
ergo_adaptive,357.66666666666663,0.0,0.012008422563105739
ergo_adaptive,357.75,0.0,0.012011368960143032
ergo_adaptive,357.83333333333337,0.0,0.012014281419776134
ergo_adaptive,357.91666666666663,0.0,0.01201715947180067
ergo_adaptive,358.0,0.0,0.01202000253781756
ergo_adaptive,358.08333333333337,0.0,0.01202280992140307
ergo_adaptive,358.16666666666663,0.0,0.012025580805092468
ergo_adaptive,358.25,0.0,0.012028314253109912
ergo_adaptive,358.33333333333337,0.0,0.012031009218756298
ergo_adaptive,358.41666666666663,0.0,0.012033664555381034
ergo_adaptive,358.5,0.0,0.012036279029918336
ergo_adaptive,358.58333333333337,0.0,0.012038851338057868
ergo_adaptive,358.66666666666663,0.0,0.012041380120235886
ergo_adaptive,358.75,0.0,0.012043863977763648
ergo_adaptive,358.83333333333337,0.0,0.012046301488545675
ergo_adaptive,358.91666666666663,0.0,0.012048691221971301
ergo_adaptive,359.0,0.0,0.012051031752683072
ergo_adaptive,359.08333333333337,0.0,0.012053321673030918
ergo_adaptive,359.16666666666663,0.0,0.012055559604109771
ergo_adaptive,359.25,0.0,0.012057744205350078
ergo_adaptive,359.33333333333337,0.0,0.01205987418268692
ergo_adaptive,359.41666666666663,0.0,0.012061948295375123
ergo_adaptive,359.5,0.0,0.012063965361547331
ergo_adaptive,359.58333333333337,0.0,0.012065924262630595
ergo_adaptive,359.66666666666663,0.0,0.012067823946747675
ergo_adaptive,359.75,0.0,0.0120696634312323
ergo_adaptive,359.83333333333337,0.0,0.012071441804385486
ergo_adaptive,359.91666666666663,0.0,0.012073158226593973
ergo_adaptive,360.0,0.0,0.012074811930922346
