strategy,mission_minutes,estimated_target_deficit,ground_truth_target_deficit
ergo_adaptive,0.0,0.0,0.033236016758624615
ergo_adaptive,0.08333333333337123,0.0,0.031760833128521175
ergo_adaptive,0.16666666666662877,0.0,0.03140346182102055
ergo_adaptive,0.25,0.0,0.03121575886243625
ergo_adaptive,0.33333333333337123,0.0,0.031082528136128915
ergo_adaptive,0.41666666666662877,0.0,0.03097613543822748
ergo_adaptive,0.5,0.0,0.03088524628165318
ergo_adaptive,0.5833333333333712,0.0,0.030806363324243247
ergo_adaptive,0.6666666666666288,0.0,0.03073841501986153
ergo_adaptive,0.75,0.0,0.030677599798149754
ergo_adaptive,0.8333333333333712,0.0,0.030622355942211882
ergo_adaptive,0.9166666666666288,0.0,0.030571782014131386
ergo_adaptive,1.0,0.0,0.030525468318046443
ergo_adaptive,1.0833333333333712,0.0,0.03048220896752664
ergo_adaptive,1.1666666666666288,0.0,0.030437908780200165
ergo_adaptive,1.25,0.0,0.030385567967827022
ergo_adaptive,1.3333333333333712,0.0,0.03032092091727841
ergo_adaptive,1.4166666666666288,0.0,0.03024552484046344
ergo_adaptive,1.5,0.0,0.030164285926128128
ergo_adaptive,1.5833333333333712,0.0,0.030084300552828284
ergo_adaptive,1.6666666666666288,0.0,0.030005794944975107
ergo_adaptive,1.75,0.0,0.029928705517337697
ergo_adaptive,1.8333333333333712,0.0,0.029853801730649752
ergo_adaptive,1.9166666666666288,0.0,0.02978106898867134
ergo_adaptive,2.0,0.0,0.029709142553814318
ergo_adaptive,2.0833333333333712,0.0,0.029632583707506873
ergo_adaptive,2.1666666666666288,0.0,0.029545562296829163
ergo_adaptive,2.25,0.0,0.029449623292213508
ergo_adaptive,2.3333333333333712,0.0,0.02934907750119759
ergo_adaptive,2.4166666666666288,0.0,0.029249527614548573
ergo_adaptive,2.5,0.0,0.029151156667601538
ergo_adaptive,2.5833333333333712,0.0,0.029049720050752723
ergo_adaptive,2.6666666666666288,0.0,0.028945735445162123
ergo_adaptive,2.75,0.0,0.02883815885893544
ergo_adaptive,2.8333333333333712,0.0,0.028726158501226486
ergo_adaptive,2.9166666666666288,0.0,0.028611190829449594
ergo_adaptive,3.0,0.0,0.02849827339172222
ergo_adaptive,3.0833333333333712,0.0,0.028396232101970797
ergo_adaptive,3.1666666666666288,0.0,0.028308992708247393
ergo_adaptive,3.25,0.0,0.02821191084381708
ergo_adaptive,3.3333333333333712,0.0,0.028090066012361626
ergo_adaptive,3.4166666666666288,0.0,0.027949844361682012
ergo_adaptive,3.5,0.0,0.02780889046195112
ergo_adaptive,3.5833333333333712,0.0,0.027684351633021576
ergo_adaptive,3.6666666666666288,0.0,0.027571257524793488
ergo_adaptive,3.75,0.0,0.027469036455201015
ergo_adaptive,3.8333333333333712,0.0,0.02736891276398813
ergo_adaptive,3.9166666666666288,0.0,0.027257744723144718
ergo_adaptive,4.0,1.5227932864327513e-5,0.02713633863642659
ergo_adaptive,4.083333333333371,4.501340834405738e-6,0.02701848371496734
ergo_adaptive,4.166666666666629,5.290366812806128e-6,0.026913093371109142
ergo_adaptive,4.25,0.0,0.02680416996232925
ergo_adaptive,4.333333333333371,0.0,0.026678080538861695
ergo_adaptive,4.416666666666629,3.205374509127788e-5,0.026547881967242944
ergo_adaptive,4.5,0.0001260804220875446,0.02642223421382244
ergo_adaptive,4.583333333333371,0.00011602153852537934,0.026307578441699023
ergo_adaptive,4.666666666666629,0.0004920144577464458,0.026206501263882437
ergo_adaptive,4.75,0.00018175951450070957,0.02611175700852839
ergo_adaptive,4.833333333333371,0.0002420481015847082,0.02601996900165995
ergo_adaptive,4.916666666666629,6.260955883911593e-5,0.02592785945354324
ergo_adaptive,5.0,2.0395486077390327e-5,0.025846733352767277
ergo_adaptive,5.083333333333371,5.100516297765962e-6,0.025781805811817934
ergo_adaptive,5.166666666666629,0.0,0.02570708434088115
ergo_adaptive,5.25,2.0636473160876897e-5,0.025619513833853007
ergo_adaptive,5.333333333333371,2.6061639156257488e-6,0.02553312585060822
ergo_adaptive,5.416666666666629,0.00017682962122623022,0.02545932134380386
ergo_adaptive,5.5,0.00013787904357143166,0.025398358629278386
ergo_adaptive,5.583333333333371,8.925737593144204e-6,0.025344903340608953
ergo_adaptive,5.666666666666629,2.5264935757087266e-5,0.025295738765459
ergo_adaptive,5.75,0.00016119588107825855,0.025254101708891554
ergo_adaptive,5.833333333333371,1.671874617650313e-5,0.025226780856416126
ergo_adaptive,5.916666666666629,0.0,0.02521456596642256
ergo_adaptive,6.0,0.0,0.02519738621435565
ergo_adaptive,6.083333333333371,0.0,0.025174081146305788
ergo_adaptive,6.166666666666629,0.0,0.025155990915032202
ergo_adaptive,6.25,0.0,0.025147419039933807
ergo_adaptive,6.333333333333371,0.0,0.0251416193694802
ergo_adaptive,6.416666666666629,0.0,0.025135304351804694
ergo_adaptive,6.5,0.0,0.025130953987256004
ergo_adaptive,6.583333333333371,0.0,0.025132267521271096
ergo_adaptive,6.666666666666629,0.0,0.025138508291090347
ergo_adaptive,6.75,0.0,0.02514668304095925
ergo_adaptive,6.833333333333371,0.0,0.02515611909676277
ergo_adaptive,6.916666666666629,0.0,0.025169451332545098
ergo_adaptive,7.0,0.0,0.025188880417132322
ergo_adaptive,7.083333333333371,0.0,0.025211267718573214
ergo_adaptive,7.166666666666629,0.0,0.02523219528942602
ergo_adaptive,7.25,0.0,0.02525848210259416
ergo_adaptive,7.333333333333371,0.0,0.025290695298105494
ergo_adaptive,7.416666666666629,0.0,0.025325748253439827
ergo_adaptive,7.5,0.0,0.025362181453239506
ergo_adaptive,7.583333333333371,0.0,0.025400645357050722
ergo_adaptive,7.666666666666629,0.0,0.025440799829851774
ergo_adaptive,7.75,0.0,0.02548185351240482
ergo_adaptive,7.833333333333371,0.0,0.025522896740776287
ergo_adaptive,7.916666666666629,0.0,0.02556537987054417
ergo_adaptive,8.0,0.0,0.025609255691543462
ergo_adaptive,8.083333333333371,0.0,0.02565452617216587
ergo_adaptive,8.166666666666629,0.0,0.02570108525018357
ergo_adaptive,8.25,0.0,0.025748489909876927
ergo_adaptive,8.333333333333371,0.0,0.025796094351408807
ergo_adaptive,8.416666666666629,0.0,0.02584329299646254
ergo_adaptive,8.5,0.0,0.025889620464589265
ergo_adaptive,8.583333333333371,0.0,0.02593474893660514
ergo_adaptive,8.666666666666629,0.0,0.025978433504809648
ergo_adaptive,8.75,0.0,0.026020347164180054
ergo_adaptive,8.833333333333371,0.0,0.026059115685947664
ergo_adaptive,8.916666666666629,0.0,0.026085276370705512
ergo_adaptive,9.0,0.0,0.026098891344367346
ergo_adaptive,9.083333333333371,0.0,0.026107839530471043
ergo_adaptive,9.166666666666629,0.0,0.026119051889298663
ergo_adaptive,9.25,0.0,0.026123990145476367
ergo_adaptive,9.333333333333371,0.0,0.02611902679398139
ergo_adaptive,9.416666666666629,0.0,0.02611129269491435
ergo_adaptive,9.5,0.0,0.026107997025842367
ergo_adaptive,9.583333333333371,0.0,0.026101571153297205
ergo_adaptive,9.666666666666629,0.0,0.02608230857857417
ergo_adaptive,9.75,0.0,0.026054606747261712
ergo_adaptive,9.833333333333371,0.0,0.02602689807126775
ergo_adaptive,9.916666666666629,0.0,0.025999518890753675
ergo_adaptive,10.0,0.0,0.025966851625569158
ergo_adaptive,10.083333333333371,0.0,0.0259263131235781
ergo_adaptive,10.166666666666629,0.0,0.02588179187072231
ergo_adaptive,10.25,0.0,0.025836794799521945
ergo_adaptive,10.333333333333371,0.0,0.02578702106654623
ergo_adaptive,10.416666666666629,0.0,0.025727758809750905
ergo_adaptive,10.5,0.0,0.025662444552962897
ergo_adaptive,10.583333333333371,0.0,0.025599597222860912
ergo_adaptive,10.666666666666629,0.0,0.02554311571375925
ergo_adaptive,10.75,0.0,0.025479116525771436
ergo_adaptive,10.833333333333371,0.0,0.02540215832655472
ergo_adaptive,10.916666666666629,0.0,0.025327169185407367
ergo_adaptive,11.0,0.0,0.025267371943720873
ergo_adaptive,11.083333333333371,0.0,0.025201835867184656
ergo_adaptive,11.166666666666629,0.0,0.02511963895226881
ergo_adaptive,11.25,0.0,0.025036712872978366
ergo_adaptive,11.333333333333371,0.0,0.024959810368970728
ergo_adaptive,11.416666666666629,0.0,0.024888790361253556
ergo_adaptive,11.5,0.0,0.02481823097997768
ergo_adaptive,11.583333333333371,0.0,0.024745547365442645
ergo_adaptive,11.666666666666629,0.0,0.02467975681545055
ergo_adaptive,11.75,8.786808722577496e-6,0.024636768709815998
ergo_adaptive,11.833333333333371,1.699449352466204e-5,0.024602411215111263
ergo_adaptive,11.916666666666629,4.7452001287098994e-5,0.024545894850255982
ergo_adaptive,12.0,0.00018193985078762912,0.024475712665551038
ergo_adaptive,12.083333333333371,4.718387231275396e-5,0.024418220289202385
ergo_adaptive,12.166666666666629,0.0001315454594101454,0.024377209247445943
ergo_adaptive,12.25,0.0001381734576735853,0.024340537017228926
ergo_adaptive,12.333333333333371,0.00021497578815460263,0.02430831773242518
ergo_adaptive,12.416666666666629,0.00031867897398609764,0.02427949087966053
ergo_adaptive,12.5,0.0004963414808795931,0.02425871888534927
ergo_adaptive,12.583333333333371,0.00013595312857944862,0.024246870909648343
ergo_adaptive,12.666666666666629,1.0058042666055963e-5,0.02423616254257162
ergo_adaptive,12.75,1.1591374633857947e-5,0.024221399321256915
ergo_adaptive,12.833333333333371,5.243743424038428e-5,0.024210050944748214
ergo_adaptive,12.916666666666629,1.821402647675232e-5,0.024214857926740316
ergo_adaptive,13.0,1.1753171660038723e-5,0.02422150520100719
ergo_adaptive,13.083333333333371,3.6264948042778576e-5,0.02421860330400979
ergo_adaptive,13.166666666666629,6.867682763389612e-6,0.02421369284933496
ergo_adaptive,13.25,0.0,0.024214783382700597
ergo_adaptive,13.333333333333371,0.0,0.02422016410024696
ergo_adaptive,13.416666666666629,0.0,0.02422297178814417
ergo_adaptive,13.5,0.0,0.024223356752466077
ergo_adaptive,13.583333333333371,0.0,0.02422237481903423
ergo_adaptive,13.666666666666629,0.0,0.024221959729955476
ergo_adaptive,13.75,0.0,0.024223160051101287
ergo_adaptive,13.833333333333371,0.0,0.024218540213009048
ergo_adaptive,13.916666666666629,0.0,0.02420503756759033
ergo_adaptive,14.0,0.0,0.024187141069219015
ergo_adaptive,14.083333333333371,0.0,0.024170228055996158
ergo_adaptive,14.166666666666629,0.0,0.024156292760429715
ergo_adaptive,14.25,0.0,0.024146983723902508
ergo_adaptive,14.333333333333371,0.0,0.0241293545313758
ergo_adaptive,14.416666666666629,0.0,0.024097004659648476
ergo_adaptive,14.5,0.0,0.024056818658177603
ergo_adaptive,14.583333333333371,0.0,0.024016019318695653
ergo_adaptive,14.666666666666629,0.0,0.023979625420127687
ergo_adaptive,14.75,0.0,0.02395195789066465
ergo_adaptive,14.833333333333371,0.0,0.023912353886533746
ergo_adaptive,14.916666666666629,0.0,0.023848094266030514
ergo_adaptive,15.0,0.0,0.023770669984256282
ergo_adaptive,15.083333333333371,0.0,0.023694224458563107
ergo_adaptive,15.166666666666629,0.0,0.02362319270045957
ergo_adaptive,15.25,0.0,0.023566207813293057
ergo_adaptive,15.333333333333371,0.0,0.02349255758495085
ergo_adaptive,15.416666666666629,0.0,0.02337984149080552
ergo_adaptive,15.5,0.0,0.02324459630272229
ergo_adaptive,15.583333333333371,0.0,0.023105466840513452
ergo_adaptive,15.666666666666629,0.0,0.022976194442378108
ergo_adaptive,15.75,0.0,0.022870188294999476
ergo_adaptive,15.833333333333371,6.7151974823169645e-6,0.02275919174513673
ergo_adaptive,15.916666666666629,5.527712039797485e-6,0.022713245958889218
ergo_adaptive,16.0,1.0969806386371574e-5,0.022709704262180733
ergo_adaptive,16.08333333333337,7.6017980037246175e-6,0.02272831539010162
ergo_adaptive,16.16666666666663,9.805906122450707e-6,0.0227630161528743
ergo_adaptive,16.25,1.0490612892627449e-5,0.02280843782787233
ergo_adaptive,16.33333333333337,1.3960607946674688e-5,0.02285990505105092
ergo_adaptive,16.41666666666663,1.2584715143522727e-5,0.022915280135764687
ergo_adaptive,16.5,1.7912231522742368e-5,0.022973054850335677
ergo_adaptive,16.58333333333337,6.649051630224513e-6,0.02303170285256212
ergo_adaptive,16.66666666666663,1.4683155950648676e-6,0.02309057006942015
ergo_adaptive,16.75,3.6182094129953368e-6,0.023148330318702667
ergo_adaptive,16.83333333333337,0.0,0.02320420751833855
ergo_adaptive,16.91666666666663,0.0,0.023263991462421085
ergo_adaptive,17.0,0.0,0.02332398610539731
ergo_adaptive,17.08333333333337,0.0,0.02337841966652174
ergo_adaptive,17.16666666666663,0.0,0.023424156033771976
ergo_adaptive,17.25,0.0,0.023458401625479672
ergo_adaptive,17.33333333333337,0.0,0.023477181449414422
ergo_adaptive,17.41666666666663,0.0,0.023479952932898947
ergo_adaptive,17.5,0.0,0.023466131549015737
ergo_adaptive,17.58333333333337,0.0,0.023436313312793878
ergo_adaptive,17.66666666666663,0.0,0.0233958383523229
ergo_adaptive,17.75,0.0,0.023344284980506173
ergo_adaptive,17.83333333333337,0.0,0.023276209083356224
ergo_adaptive,17.91666666666663,0.0,0.0231952358911732
ergo_adaptive,18.0,0.0,0.02310549253330539
ergo_adaptive,18.08333333333337,0.0,0.02300183029577298
ergo_adaptive,18.16666666666663,0.0,0.02288208867737374
ergo_adaptive,18.25,8.976984652041809e-7,0.022751279910956265
ergo_adaptive,18.33333333333337,1.8717708668862135e-6,0.02272693213594958
ergo_adaptive,18.41666666666663,1.4942315308428986e-6,0.02277093756712914
ergo_adaptive,18.5,2.6673285758547425e-6,0.022830827996528903
ergo_adaptive,18.58333333333337,9.028297274839057e-6,0.022893534082958734
ergo_adaptive,18.66666666666663,1.5246321813767437e-5,0.022959173209140628
ergo_adaptive,18.75,4.6016212751060845e-7,0.02302856425922509
ergo_adaptive,18.83333333333337,5.050472511309121e-7,0.02309796547240736
ergo_adaptive,18.91666666666663,1.630811569682544e-6,0.023164602342291545
ergo_adaptive,19.0,6.22263211860791e-6,0.023229590554957515
ergo_adaptive,19.08333333333337,0.0,0.023295227193446347
ergo_adaptive,19.16666666666663,0.0,0.023362466584396377
ergo_adaptive,19.25,0.0,0.023427859289807076
ergo_adaptive,19.33333333333337,0.0,0.02348772937332152
ergo_adaptive,19.41666666666663,0.0,0.023538944033768595
ergo_adaptive,19.5,0.0,0.02357638314869672
ergo_adaptive,19.58333333333337,0.0,0.023595778418094085
ergo_adaptive,19.66666666666663,0.0,0.02359640522023009
ergo_adaptive,19.75,1.4029670392281972e-6,0.023580607325479102
ergo_adaptive,19.83333333333337,2.2157403305437035e-6,0.023607716007058945
ergo_adaptive,19.91666666666663,1.971756025546784e-6,0.023662613414572146
ergo_adaptive,20.0,4.0979740760054515e-6,0.023728212270710553
ergo_adaptive,20.08333333333337,0.0,0.023794033123072225
ergo_adaptive,20.16666666666663,1.8805974072716175e-6,0.023858485631139584
ergo_adaptive,20.25,5.878460520847301e-6,0.02392154640933505
ergo_adaptive,20.33333333333337,1.8980252947546838e-5,0.023981961530676586
ergo_adaptive,20.41666666666663,5.728538806547683e-5,0.024037744920528303
ergo_adaptive,20.5,1.147003029890053e-5,0.024089643717832215
ergo_adaptive,20.58333333333337,2.3650344563452132e-6,0.024139209392536363
ergo_adaptive,20.66666666666663,5.9536894094556295e-6,0.024182749612075304
ergo_adaptive,20.75,1.0507026816932223e-5,0.02421659514313762
ergo_adaptive,20.83333333333337,9.373110735351427e-6,0.024244455353575604
ergo_adaptive,20.91666666666663,3.7970105259470533e-6,0.024271025010038905
ergo_adaptive,21.0,4.955206304186981e-6,0.024296309205712192
ergo_adaptive,21.08333333333337,3.441473835048471e-5,0.024316776082397077
ergo_adaptive,21.16666666666663,5.783968033531679e-6,0.024330348420535726
ergo_adaptive,21.25,1.0378251226172603e-5,0.024338805152643268
ergo_adaptive,21.33333333333337,0.0,0.024345712624095323
ergo_adaptive,21.41666666666663,4.65596626112736e-6,0.02437371100239299
ergo_adaptive,21.5,3.272092434126517e-6,0.024399671238417308
ergo_adaptive,21.58333333333337,0.0,0.02441413252102852
ergo_adaptive,21.66666666666663,1.3110108896110103e-5,0.024444312832745282
ergo_adaptive,21.75,2.1055165737702107e-5,0.024468891534534857
ergo_adaptive,21.83333333333337,0.0,0.024477114762078638
ergo_adaptive,21.91666666666663,4.2593801545727e-5,0.024504548343883492
ergo_adaptive,22.0,2.7840518197229743e-5,0.024526382833445177
ergo_adaptive,22.08333333333337,5.300919635402848e-5,0.024535253904472552
ergo_adaptive,22.16666666666663,0.0,0.024539373953771853
ergo_adaptive,22.25,1.8821402289917424e-5,0.02456905913707474
ergo_adaptive,22.33333333333337,2.0937766490342133e-5,0.024599320415195466
ergo_adaptive,22.41666666666663,7.089538383584748e-5,0.024621467458718668
ergo_adaptive,22.5,6.589499806790622e-5,0.024630047453678444
ergo_adaptive,22.58333333333337,0.00013434818325188104,0.024628592970535667
ergo_adaptive,22.66666666666663,0.00015508063273061477,0.02462969642592149
ergo_adaptive,22.75,0.00010892643456275248,0.02463939858566304
ergo_adaptive,22.83333333333337,2.3902931582780158e-5,0.024634628906294802
ergo_adaptive,22.91666666666663,7.15475274844564e-5,0.02461116483845277
ergo_adaptive,23.0,0.00010193562873631031,0.024581932448998794
ergo_adaptive,23.08333333333337,0.00021449605508352352,0.024559669562357743
ergo_adaptive,23.16666666666663,6.112820346012305e-5,0.02453006481846412
ergo_adaptive,23.25,1.8068978847904594e-5,0.024480225472474037
ergo_adaptive,23.33333333333337,2.949670969968049e-5,0.02441725337485599
ergo_adaptive,23.41666666666663,0.0,0.024354914173062854
ergo_adaptive,23.5,0.0,0.024317716213573703
ergo_adaptive,23.58333333333337,3.879618554254128e-6,0.024298014117236505
ergo_adaptive,23.66666666666663,6.0969148029102175e-6,0.024271014472161137
ergo_adaptive,23.75,6.088853708610333e-6,0.024224895135963764
ergo_adaptive,23.83333333333337,2.485078785582783e-5,0.024169573050220314
ergo_adaptive,23.91666666666663,3.124977161456552e-5,0.024116469196727882
ergo_adaptive,24.0,8.391954925481152e-7,0.02406343263954066
ergo_adaptive,24.08333333333337,1.2542011605270187e-5,0.024005043964552778
ergo_adaptive,24.16666666666663,0.0,0.02394815384173675
ergo_adaptive,24.25,1.8887292763963013e-5,0.02390676558004022
ergo_adaptive,24.33333333333337,7.31106975057072e-5,0.02387577946170792
ergo_adaptive,24.41666666666663,4.797046582958961e-5,0.023830221130179588
ergo_adaptive,24.5,6.89079367843675e-5,0.023775114129155252
ergo_adaptive,24.58333333333337,2.691675831386347e-5,0.023728525673611004
ergo_adaptive,24.66666666666663,1.4091906725552303e-5,0.02369325294361012
ergo_adaptive,24.75,2.477780305918666e-5,0.02364297150214054
ergo_adaptive,24.83333333333337,9.370678472516568e-5,0.023575330188937572
ergo_adaptive,24.91666666666663,3.794795602324513e-5,0.023508031247188532
ergo_adaptive,25.0,2.4785252383613594e-6,0.023446570247747867
ergo_adaptive,25.08333333333337,4.804557074589569e-6,0.023387807513666734
ergo_adaptive,25.16666666666663,0.0,0.023325066131045544
ergo_adaptive,25.25,4.4517181064498004e-5,0.023272873122829333
ergo_adaptive,25.33333333333337,1.3457094260901791e-5,0.02322732288307226
ergo_adaptive,25.41666666666663,7.401205872120602e-6,0.02319491014217513
ergo_adaptive,25.5,5.855768312889624e-5,0.023165989633012384
ergo_adaptive,25.58333333333337,4.4132196530935416e-5,0.0231266346537166
ergo_adaptive,25.66666666666663,1.4632954142543146e-6,0.023079998620955198
ergo_adaptive,25.75,0.0,0.02306389737443358
ergo_adaptive,25.83333333333337,0.0,0.02305525283152804
ergo_adaptive,25.91666666666663,0.0,0.02303548535306294
ergo_adaptive,26.0,2.4877936544502773e-5,0.02299781475055607
ergo_adaptive,26.08333333333337,2.5701086421830806e-5,0.022950460580167965
ergo_adaptive,26.16666666666663,0.0,0.022902747564044777
ergo_adaptive,26.25,0.0,0.02285896170995484
ergo_adaptive,26.33333333333337,0.0,0.02281601800745672
ergo_adaptive,26.41666666666663,0.0,0.022768475490796563
ergo_adaptive,26.5,0.0,0.022719358445987558
ergo_adaptive,26.58333333333337,0.0,0.022682628016154595
ergo_adaptive,26.66666666666663,0.0,0.022653592028657576
ergo_adaptive,26.75,0.0,0.022605262544758038
ergo_adaptive,26.83333333333337,0.0,0.02253989182519575
ergo_adaptive,26.91666666666663,0.0,0.0224723097184419
ergo_adaptive,27.0,0.0,0.022412459324070093
ergo_adaptive,27.08333333333337,0.0,0.022358276073777154
ergo_adaptive,27.16666666666663,0.0,0.022301233802739472
ergo_adaptive,27.25,0.0,0.022231482809834148
ergo_adaptive,27.33333333333337,0.0,0.022154216028188494
ergo_adaptive,27.41666666666663,0.0,0.022081589787369852
ergo_adaptive,27.5,0.0,0.02201016341242533
ergo_adaptive,27.58333333333337,0.0,0.021922649357758266
ergo_adaptive,27.66666666666663,0.0,0.021822575867717114
ergo_adaptive,27.75,0.0,0.02171814001331446
ergo_adaptive,27.83333333333337,0.0,0.02162784735759693
ergo_adaptive,27.91666666666663,0.0,0.021548113335943357
ergo_adaptive,28.0,0.0,0.021446651943107686
ergo_adaptive,28.08333333333337,0.0,0.021306862974922344
ergo_adaptive,28.16666666666663,0.0,0.021148775677640317
ergo_adaptive,28.25,0.0,0.02098971139490345
ergo_adaptive,28.33333333333337,0.0,0.020837219869142626
ergo_adaptive,28.41666666666663,0.0,0.02067245547636828
ergo_adaptive,28.5,0.0,0.020491328121362964
ergo_adaptive,28.58333333333337,0.0,0.02030559947821627
ergo_adaptive,28.66666666666663,0.0,0.020128570958824362
ergo_adaptive,28.75,7.107184322332523e-5,0.019951174997794276
ergo_adaptive,28.83333333333337,0.00011540277960177234,0.019764996741249145
ergo_adaptive,28.91666666666663,0.0008192032013004844,0.0195705956605375
ergo_adaptive,29.0,0.0027363659446068022,0.019391398019656763
ergo_adaptive,29.08333333333337,0.003124481564084176,0.01921826020805257
ergo_adaptive,29.16666666666663,0.0026079774738307663,0.019038826770116847
ergo_adaptive,29.25,0.00744063797963452,0.0188544034917345
ergo_adaptive,29.33333333333337,0.008601358008059567,0.018675937902582724
ergo_adaptive,29.41666666666663,0.0067813986294758734,0.01850782163888997
ergo_adaptive,29.5,0.007991850564646975,0.01835558076682949
ergo_adaptive,29.58333333333337,0.010083538723311884,0.018200458342962602
ergo_adaptive,29.66666666666663,0.00880715398936589,0.0180500138508121
ergo_adaptive,29.75,0.010760165713234803,0.017928624077481175
ergo_adaptive,29.83333333333337,0.013223854767235196,0.017828198948308477
ergo_adaptive,29.91666666666663,0.013477379247414212,0.01772453819160512
ergo_adaptive,30.0,0.011545886666384576,0.017626735492940224
ergo_adaptive,30.08333333333337,0.014183338558505867,0.017548789143352398
ergo_adaptive,30.16666666666663,0.016901612374705943,0.017497540309026643
ergo_adaptive,30.25,0.015391637002020678,0.017431291907098065
ergo_adaptive,30.33333333333337,0.015742757116878156,0.01736153359717674
ergo_adaptive,30.41666666666663,0.014446996791099086,0.017311235316391647
ergo_adaptive,30.5,0.016241263643677638,0.01729615274987441
ergo_adaptive,30.58333333333337,0.013877621411321097,0.01729037081912482
ergo_adaptive,30.66666666666663,0.012465257564909536,0.01727826513973673
ergo_adaptive,30.75,0.013983159391748472,0.0172696066710117
ergo_adaptive,30.83333333333337,0.009984980927500288,0.017274608476747742
ergo_adaptive,30.91666666666663,0.007498754225392929,0.017289694212956525
ergo_adaptive,31.0,0.004967964440115933,0.017306023106270062
ergo_adaptive,31.08333333333337,0.0021221186155004615,0.017328333413976726
ergo_adaptive,31.16666666666663,0.0015303649244911815,0.017354958166528725
ergo_adaptive,31.25,0.0024290232117523233,0.01738924427655835
ergo_adaptive,31.33333333333337,0.0036246553677176533,0.017428537196804966
ergo_adaptive,31.41666666666663,0.0028343071249795275,0.017470647295451384
ergo_adaptive,31.5,0.001090446286175038,0.01751733442772236
ergo_adaptive,31.58333333333337,0.0009930299497831585,0.0175668317703843
ergo_adaptive,31.66666666666663,0.0004319983201106838,0.01761578856850798
ergo_adaptive,31.75,0.0006075788614014658,0.01764443037524363
ergo_adaptive,31.83333333333337,0.0005903583120788402,0.017649726204912373
ergo_adaptive,31.91666666666663,0.0004802579311713717,0.017647039926714094
ergo_adaptive,32.0,0.0005889194620220555,0.017663402242069987
ergo_adaptive,32.08333333333337,0.0007191682635583448,0.017696398299493037
ergo_adaptive,32.16666666666663,0.0007722593994699472,0.017718513382352735
ergo_adaptive,32.25,0.0007013199372752914,0.017719776718833118
ergo_adaptive,32.33333333333337,0.0008030005137194108,0.017713118092650762
ergo_adaptive,32.41666666666663,0.0010761336996785583,0.017721167774614546
ergo_adaptive,32.5,0.0018683926237531517,0.0177239787508064
ergo_adaptive,32.58333333333337,0.0020903914169538326,0.01770958489702999
ergo_adaptive,32.66666666666663,0.002605995102329762,0.0176849081327218
ergo_adaptive,32.75,0.0030848779807913494,0.01766636184883722
ergo_adaptive,32.83333333333337,0.0028147418940995296,0.01765265769407855
ergo_adaptive,32.91666666666663,0.0030154802597964466,0.01762084022020424
ergo_adaptive,33.0,0.0038071988950361133,0.017572395620381914
ergo_adaptive,33.08333333333337,0.004051615257565967,0.017528066450170673
ergo_adaptive,33.16666666666663,0.0046515423962345806,0.01751669576218186
ergo_adaptive,33.25,0.0043075426185203835,0.017534275130339217
ergo_adaptive,33.33333333333337,0.005110269893897907,0.017567827600620676
ergo_adaptive,33.41666666666663,0.004806088952453005,0.01761149048717729
ergo_adaptive,33.5,0.004768091779525922,0.017656707201906322
ergo_adaptive,33.58333333333337,0.004617786054647603,0.017702973316564712
ergo_adaptive,33.66666666666663,0.005072717697381008,0.01775082580871222
ergo_adaptive,33.75,0.004723113860055396,0.01780354700987555
ergo_adaptive,33.83333333333337,0.004788031803332469,0.01785398837698206
ergo_adaptive,33.91666666666663,0.005375684214598914,0.017904058258520168
ergo_adaptive,34.0,0.005689042595000472,0.017956455072690274
ergo_adaptive,34.08333333333337,0.005416414329138819,0.018008792754995857
ergo_adaptive,34.16666666666663,0.0056016471232239635,0.018059165686787452
ergo_adaptive,34.25,0.006204257629179883,0.01810858070933813
ergo_adaptive,34.33333333333337,0.0053421015005693075,0.01815854850503907
ergo_adaptive,34.41666666666663,0.006084229607292452,0.018202612564593927
ergo_adaptive,34.5,0.0058047655080305915,0.01824940182763411
ergo_adaptive,34.58333333333337,0.006057682201174617,0.018295228415967608
ergo_adaptive,34.66666666666663,0.006754458637545165,0.018341089458311255
ergo_adaptive,34.75,0.00653236131479801,0.018389198524307895
ergo_adaptive,34.83333333333337,0.0063260157066829725,0.01843539748923614
ergo_adaptive,34.91666666666663,0.0064583956678861765,0.018478276481393212
ergo_adaptive,35.0,0.007713262397846764,0.018520320430694136
ergo_adaptive,35.08333333333337,0.00815874193078852,0.01856673580906982
ergo_adaptive,35.16666666666663,0.008586955946085306,0.018611123338087985
ergo_adaptive,35.25,0.008482287078730314,0.01865566677603476
ergo_adaptive,35.33333333333337,0.009928166446355403,0.01870001097065666
ergo_adaptive,35.41666666666663,0.010669970402300517,0.018746113680903665
ergo_adaptive,35.5,0.01037459657983048,0.018791055509497098
ergo_adaptive,35.58333333333337,0.009153985699534102,0.018837322546435137
ergo_adaptive,35.66666666666663,0.008899634759959146,0.018878846155393106
ergo_adaptive,35.75,0.007898570323324965,0.018915931450289667
ergo_adaptive,35.83333333333337,0.008942321170695064,0.018944453954291732
ergo_adaptive,35.91666666666663,0.009286524504450668,0.01898342062423235
ergo_adaptive,36.0,0.008444069709545593,0.01902534735231804
ergo_adaptive,36.08333333333337,0.010123132520364397,0.01906100136023219
ergo_adaptive,36.16666666666663,0.009521024882679795,0.01910480785393438
ergo_adaptive,36.25,0.009103755349133442,0.019146594890168667
ergo_adaptive,36.33333333333337,0.008903420331436072,0.01918311225653762
ergo_adaptive,36.41666666666663,0.009321486820589147,0.019219991826713367
ergo_adaptive,36.5,0.008763799500987185,0.019260353490489664
ergo_adaptive,36.58333333333337,0.010426029505991499,0.01929660787274827
ergo_adaptive,36.66666666666663,0.009792505260936096,0.01934009160341229
ergo_adaptive,36.75,0.009208078768628978,0.019379537063820076
ergo_adaptive,36.83333333333337,0.008374388784298404,0.01941504196195455
ergo_adaptive,36.91666666666663,0.009235463419719914,0.019445746069336644
ergo_adaptive,37.0,0.008347124912167313,0.019484923123493647
ergo_adaptive,37.08333333333337,0.012085494217942848,0.019515179156080927
ergo_adaptive,37.16666666666663,0.012939950613229615,0.01955644090080082
ergo_adaptive,37.25,0.013295335703901782,0.019600638875351212
ergo_adaptive,37.33333333333337,0.01228793049136661,0.01964712606514698
ergo_adaptive,37.41666666666663,0.012377204358645907,0.01968259612213387
ergo_adaptive,37.5,0.011982626113174254,0.01971606108989986
ergo_adaptive,37.58333333333337,0.011345096610530259,0.019748779488641073
ergo_adaptive,37.66666666666663,0.012632688732099363,0.01977868289908195
ergo_adaptive,37.75,0.012095065808911563,0.019814011140251934
ergo_adaptive,37.83333333333337,0.012472998743947177,0.019847078119831482
ergo_adaptive,37.91666666666663,0.012215195424324428,0.019881735458638517
ergo_adaptive,38.0,0.011879030163957291,0.019915784285720765
ergo_adaptive,38.08333333333337,0.011283642385331626,0.01994784828326462
ergo_adaptive,38.16666666666663,0.011714946090229699,0.019976608381226234
ergo_adaptive,38.25,0.010188985013339657,0.02000863910286031
ergo_adaptive,38.33333333333337,0.010229475168424453,0.020030951943112878
ergo_adaptive,38.41666666666663,0.011133599400395343,0.02005253258911712
ergo_adaptive,38.5,0.012170883744538294,0.02008114412613522
ergo_adaptive,38.58333333333337,0.011481057113814015,0.020117069916936924
ergo_adaptive,38.66666666666663,0.012014311064443261,0.020149056606734782
ergo_adaptive,38.75,0.012104151205937299,0.020182088416917782
ergo_adaptive,38.83333333333337,0.01051307426185265,0.020216857620646626
ergo_adaptive,38.91666666666663,0.010412672784073972,0.020240112538124154
ergo_adaptive,39.0,0.007501339397061004,0.02026021404911766
ergo_adaptive,39.08333333333337,0.009533981457228917,0.02027479628707961
ergo_adaptive,39.16666666666663,0.01184757295084426,0.02029847938150604
ergo_adaptive,39.25,0.01353646505594537,0.020332623795735173
ergo_adaptive,39.33333333333337,0.015419168993164378,0.02037856998972122
ergo_adaptive,39.41666666666663,0.013641605915025412,0.020431706375863036
ergo_adaptive,39.5,0.014758790550707659,0.020481505511784563
ergo_adaptive,39.58333333333337,0.013548348992731774,0.0205066752714778
ergo_adaptive,39.66666666666663,0.01490133416770807,0.020532430261843496
ergo_adaptive,39.75,0.015513939298744759,0.020565080007603577
ergo_adaptive,39.83333333333337,0.0162066975896442,0.02060314879199544
ergo_adaptive,39.91666666666663,0.017301200582322533,0.020647850858744935
ergo_adaptive,40.0,0.018460812884123975,0.020699928384611065
ergo_adaptive,40.08333333333337,0.016995202238264957,0.020749632953391165
ergo_adaptive,40.16666666666663,0.01506779166633212,0.020803348279188845
ergo_adaptive,40.25,0.014395067337401413,0.02084563573145422
ergo_adaptive,40.33333333333337,0.014513916490813973,0.020854557403911057
ergo_adaptive,40.41666666666663,0.017341873384157495,0.020824922497331765
ergo_adaptive,40.5,0.01668277534598482,0.02077460939986223
ergo_adaptive,40.58333333333337,0.01579592620197165,0.020778986912937805
ergo_adaptive,40.66666666666663,0.01545893260459537,0.020800605011721877
ergo_adaptive,40.75,0.01622093503002204,0.02083113352169646
ergo_adaptive,40.83333333333337,0.016256387001237032,0.02086541178005048
ergo_adaptive,40.91666666666663,0.015192463328437262,0.020900999652622973
ergo_adaptive,41.0,0.017961942865048028,0.020935306770883975
ergo_adaptive,41.08333333333337,0.016402065758374537,0.02097522237531259
ergo_adaptive,41.16666666666663,0.01643783639466049,0.021011472192521516
ergo_adaptive,41.25,0.017422176567333893,0.0210451018663842
ergo_adaptive,41.33333333333337,0.017510859012726882,0.02108081169856025
ergo_adaptive,41.41666666666663,0.017425965353392265,0.02111764398342868
ergo_adaptive,41.5,0.01867645121580756,0.021154845310413155
ergo_adaptive,41.58333333333337,0.019589384936392024,0.02119355703340079
ergo_adaptive,41.66666666666663,0.019353878177032522,0.0212337688925278
ergo_adaptive,41.75,0.02170829222282306,0.02127330313574131
ergo_adaptive,41.83333333333337,0.022787748638299223,0.021316787233900302
ergo_adaptive,41.91666666666663,0.02240668129375653,0.02136334396115478
ergo_adaptive,42.0,0.018625837440504108,0.02140726861516571
ergo_adaptive,42.08333333333337,0.020204360028541743,0.02146018882935071
ergo_adaptive,42.16666666666663,0.02060757872486426,0.021506081260674517
ergo_adaptive,42.25,0.02171074586103181,0.021531988334651017
ergo_adaptive,42.33333333333337,0.0197614259111319,0.021534967262530555
ergo_adaptive,42.41666666666663,0.01909859848992972,0.021512869643280936
ergo_adaptive,42.5,0.020437376040536012,0.02152952117518933
ergo_adaptive,42.58333333333337,0.01955206637219166,0.02154820895404244
ergo_adaptive,42.66666666666663,0.022683733901053035,0.02157598989509071
ergo_adaptive,42.75,0.02129944296057292,0.02160521083088764
ergo_adaptive,42.83333333333337,0.02299520483249071,0.021638072493070877
ergo_adaptive,42.91666666666663,0.022429599537392656,0.021672755049373823
ergo_adaptive,43.0,0.023110516163347018,0.021708054163268316
ergo_adaptive,43.08333333333337,0.023905288679431345,0.021743746968831593
ergo_adaptive,43.16666666666663,0.023378011477793368,0.021780846542284644
ergo_adaptive,43.25,0.024156952224305944,0.02181765416816123
ergo_adaptive,43.33333333333337,0.022621491508928896,0.021854633312846063
ergo_adaptive,43.41666666666663,0.02123783387580785,0.02189073231452851
ergo_adaptive,43.5,0.019585221546813053,0.021925534721475
ergo_adaptive,43.58333333333337,0.021514040861774292,0.021958819651162358
ergo_adaptive,43.66666666666663,0.02116945579578934,0.021991350718371445
ergo_adaptive,43.75,0.020066166034213597,0.022015319265706323
ergo_adaptive,43.83333333333337,0.01916931459530798,0.022042638538696892
ergo_adaptive,43.91666666666663,0.020439159638471226,0.022072385341686977
ergo_adaptive,44.0,0.020653226994719543,0.02210435776182864
ergo_adaptive,44.08333333333337,0.01795300469839284,0.02213820792038373
ergo_adaptive,44.16666666666663,0.016744196603849862,0.022170584162734267
ergo_adaptive,44.25,0.018602482191972372,0.02220141512926421
ergo_adaptive,44.33333333333337,0.018515353354993217,0.022232862510121097
ergo_adaptive,44.41666666666663,0.018568157487726063,0.02226597865127041
ergo_adaptive,44.5,0.01946426843011196,0.022299685591117602
ergo_adaptive,44.58333333333337,0.024689132852749866,0.022334204691101475
ergo_adaptive,44.66666666666663,0.02465141208298654,0.0223736605359185
ergo_adaptive,44.75,0.027424158872198883,0.022412671648224622
ergo_adaptive,44.83333333333337,0.026472420303075606,0.022451418100558923
ergo_adaptive,44.91666666666663,0.027756096711102938,0.022491250146861392
ergo_adaptive,45.0,0.02614548642146135,0.02252945052993183
ergo_adaptive,45.08333333333337,0.02744531321715739,0.022558823490610027
ergo_adaptive,45.16666666666663,0.026654440134545317,0.022586837227822263
ergo_adaptive,45.25,0.025427192853570726,0.02261551716956316
ergo_adaptive,45.33333333333337,0.023121768121348512,0.022644901301818784
ergo_adaptive,45.41666666666663,0.021562141581583132,0.022675579999998915
ergo_adaptive,45.5,0.02475650549702157,0.022704960905290474
ergo_adaptive,45.58333333333337,0.0242902499494071,0.022738445288660453
ergo_adaptive,45.66666666666663,0.025716124827741323,0.02277059035836236
ergo_adaptive,45.75,0.0255057551172567,0.02280383816394244
ergo_adaptive,45.83333333333337,0.025646276547529837,0.022835135116777434
ergo_adaptive,45.91666666666663,0.024511180916304245,0.022865317476296623
ergo_adaptive,46.0,0.026228835494856346,0.02289038217026522
ergo_adaptive,46.08333333333337,0.024692328966493766,0.022915636749213184
ergo_adaptive,46.16666666666663,0.026221062406413736,0.022944238977401225
ergo_adaptive,46.25,0.028123782618601215,0.022975226261818114
ergo_adaptive,46.33333333333337,0.028074899095896774,0.023007587806642187
ergo_adaptive,46.41666666666663,0.027835641429423023,0.023040677315998362
ergo_adaptive,46.5,0.026213928612767577,0.023073618736395737
ergo_adaptive,46.58333333333337,0.022891208731613565,0.023102149063275235
ergo_adaptive,46.66666666666663,0.02326971110247348,0.02312998067628129
ergo_adaptive,46.75,0.021190712767226647,0.023161780562155225
ergo_adaptive,46.83333333333337,0.022828962318946273,0.023191687219598436
ergo_adaptive,46.91666666666663,0.02478986738107481,0.02322581225030391
ergo_adaptive,47.0,0.022830085784701606,0.023262841015699323
ergo_adaptive,47.08333333333337,0.026477606915180855,0.023298776819907604
ergo_adaptive,47.16666666666663,0.025946579732233892,0.02330872410846915
ergo_adaptive,47.25,0.026882048331949904,0.0233348936795309
ergo_adaptive,47.33333333333337,0.027255619122860855,0.02336203691028201
ergo_adaptive,47.41666666666663,0.02769997842452727,0.023382937949208087
ergo_adaptive,47.5,0.02752152766464572,0.023404773672242408
ergo_adaptive,47.58333333333337,0.027381609244958607,0.023432131246350917
ergo_adaptive,47.66666666666663,0.029350773309670102,0.023461451278489087
ergo_adaptive,47.75,0.026899445570919767,0.023493977188828726
ergo_adaptive,47.83333333333337,0.02568569387161567,0.023509187700342646
ergo_adaptive,47.91666666666663,0.02602996036914983,0.023539822643137254
ergo_adaptive,48.0,0.028201247038660535,0.023570833871452014
ergo_adaptive,48.08333333333337,0.0276220485505398,0.023603902001759176
ergo_adaptive,48.16666666666663,0.025524863778953463,0.02363806125254464
ergo_adaptive,48.25,0.025350662200687313,0.023662288450035485
ergo_adaptive,48.33333333333337,0.02801111459514106,0.023681106477662424
ergo_adaptive,48.41666666666663,0.03224157998918546,0.02368241801394752
ergo_adaptive,48.5,0.03222402975947509,0.02364114202772945
ergo_adaptive,48.58333333333337,0.03411850695334177,0.02363138021259812
ergo_adaptive,48.66666666666663,0.0322746767334859,0.023603766167818202
ergo_adaptive,48.75,0.0303699816296494,0.02361669711680034
ergo_adaptive,48.83333333333337,0.03388360154136615,0.02365268967610591
ergo_adaptive,48.91666666666663,0.03563283255529419,0.02369045660826597
ergo_adaptive,49.0,0.03497458784242591,0.023718481122561752
ergo_adaptive,49.08333333333337,0.03470347333172602,0.0237307713877013
ergo_adaptive,49.16666666666663,0.03482695078812091,0.023731803876465868
ergo_adaptive,49.25,0.03216781015434408,0.023733902898412547
ergo_adaptive,49.33333333333337,0.035664042897238034,0.023741274618714808
ergo_adaptive,49.41666666666663,0.03638020959472216,0.023751626768140677
ergo_adaptive,49.5,0.037912478334014225,0.02376672316715759
ergo_adaptive,49.58333333333337,0.03305271733172053,0.023790143904956002
ergo_adaptive,49.66666666666663,0.03172639014021346,0.02383583997240054
ergo_adaptive,49.75,0.03061935293520445,0.023889186915447648
ergo_adaptive,49.83333333333337,0.033443274206988866,0.02393799647463319
ergo_adaptive,49.91666666666663,0.032010324232959866,0.02398658455506633
ergo_adaptive,50.0,0.03129173027419095,0.024040102919366663
ergo_adaptive,50.08333333333337,0.027678347680784886,0.024099405086117645
ergo_adaptive,50.16666666666663,0.02790709252037589,0.02416140196670612
ergo_adaptive,50.25,0.02389529045924147,0.024225094909704942
ergo_adaptive,50.33333333333337,0.020872469632278314,0.024291697866287466
ergo_adaptive,50.41666666666663,0.02000362987879273,0.024362773923073074
ergo_adaptive,50.5,0.018529312463581433,0.024434247438908197
ergo_adaptive,50.58333333333337,0.018894196633985047,0.024502806017372345
ergo_adaptive,50.66666666666663,0.019854556887402685,0.024568167754925173
ergo_adaptive,50.75,0.019790410516859244,0.024618914327864345
ergo_adaptive,50.83333333333337,0.02062188137690293,0.02465046148361735
ergo_adaptive,50.91666666666663,0.021479047232559556,0.024666995657957935
ergo_adaptive,51.0,0.020893282588575673,0.024677027499932183
ergo_adaptive,51.08333333333337,0.024239422537767095,0.024679562709360378
ergo_adaptive,51.16666666666663,0.02138579743266695,0.024669058127846474
ergo_adaptive,51.25,0.021809077883283415,0.024650324220351703
ergo_adaptive,51.33333333333337,0.02308306892086739,0.024631941030139954
ergo_adaptive,51.41666666666663,0.022017904705747396,0.024619135224513602
ergo_adaptive,51.5,0.020430303123575213,0.024602050151218254
ergo_adaptive,51.58333333333337,0.020939542999096387,0.02457521530968587
ergo_adaptive,51.66666666666663,0.015990318626014886,0.02455079099786434
ergo_adaptive,51.75,0.017360384205047426,0.024533410168694682
ergo_adaptive,51.83333333333337,0.02015139769040985,0.024482569285925068
ergo_adaptive,51.91666666666663,0.022087720547277583,0.024390745491363535
ergo_adaptive,52.0,0.023708576825263703,0.024284660653118403
ergo_adaptive,52.08333333333337,0.018992778769193003,0.024204373999721834
ergo_adaptive,52.16666666666663,0.01685772933255325,0.024118622440581227
ergo_adaptive,52.25,0.015220511071201715,0.023995710441326274
ergo_adaptive,52.33333333333337,0.018530182637812368,0.023872267375309234
ergo_adaptive,52.41666666666663,0.024584877602841573,0.023784021204856082
ergo_adaptive,52.5,0.025708877179029862,0.023716489083384095
ergo_adaptive,52.58333333333337,0.02185263843593523,0.02364344226444572
ergo_adaptive,52.66666666666663,0.02118978005206545,0.023568087037541628
ergo_adaptive,52.75,0.016163792840065045,0.0235129994709379
ergo_adaptive,52.83333333333337,0.01600429151330539,0.023501392622712315
ergo_adaptive,52.91666666666663,0.016050995038716327,0.023513340296615934
ergo_adaptive,53.0,0.016001786517550298,0.023542706151235007
ergo_adaptive,53.08333333333337,0.0169482879894446,0.02357443652199805
ergo_adaptive,53.16666666666663,0.017584298002490246,0.02359852118466746
ergo_adaptive,53.25,0.017873588990584614,0.02361528309155764
ergo_adaptive,53.33333333333337,0.018633263245609256,0.02364212067953461
ergo_adaptive,53.41666666666663,0.01923833748716685,0.023673542648168237
ergo_adaptive,53.5,0.01893955230270802,0.02370790220299996
ergo_adaptive,53.58333333333337,0.02181882900387182,0.023746905351718795
ergo_adaptive,53.66666666666663,0.02471722918521654,0.02378199274091427
ergo_adaptive,53.75,0.024798480298361576,0.02381040890148054
ergo_adaptive,53.83333333333337,0.025125368532183907,0.023846383578568976
ergo_adaptive,53.91666666666663,0.024586788672626488,0.02388324377905599
ergo_adaptive,54.0,0.02636626223142919,0.023920304550869242
ergo_adaptive,54.08333333333337,0.026511675823133532,0.02395662314625591
ergo_adaptive,54.16666666666663,0.026091147895221312,0.02399310611911443
ergo_adaptive,54.25,0.023391382748333443,0.024029144739204755
ergo_adaptive,54.33333333333337,0.02181449984818709,0.024065329172567453
ergo_adaptive,54.41666666666663,0.022560680990464547,0.024101145662780564
ergo_adaptive,54.5,0.02693231794019557,0.024136195120824044
ergo_adaptive,54.58333333333337,0.029861550289944,0.024170109475399954
ergo_adaptive,54.66666666666663,0.029325904109018232,0.024203032344224128
ergo_adaptive,54.75,0.03086113451036094,0.024235513953013214
ergo_adaptive,54.83333333333337,0.02833913258894735,0.024266854375534067
ergo_adaptive,54.91666666666663,0.028899143955922982,0.024298031173736464
ergo_adaptive,55.0,0.030525451437089426,0.024328723411240524
ergo_adaptive,55.08333333333337,0.02886381089605758,0.024358835552758817
ergo_adaptive,55.16666666666663,0.028656665810771812,0.02438919336697807
ergo_adaptive,55.25,0.029600379064989878,0.024420535472537783
ergo_adaptive,55.33333333333337,0.03024867269786772,0.024451710265551888
ergo_adaptive,55.41666666666663,0.03167037404427365,0.024482419932913776
ergo_adaptive,55.5,0.03226638795349495,0.024511573887138843
ergo_adaptive,55.58333333333337,0.03305357985712622,0.024539684887127728
ergo_adaptive,55.66666666666663,0.03595007677364771,0.02457020897679434
ergo_adaptive,55.75,0.03378241812204652,0.024594426058482634
ergo_adaptive,55.83333333333337,0.03278281125170264,0.024625472685977028
ergo_adaptive,55.91666666666663,0.035853450604033874,0.024652968799720558
ergo_adaptive,56.0,0.034936805318979074,0.024681402590304363
ergo_adaptive,56.08333333333337,0.033302312117105416,0.024710592371607505
ergo_adaptive,56.16666666666663,0.0353174024865521,0.02474031905242849
ergo_adaptive,56.25,0.03289296520404003,0.024770248526116756
ergo_adaptive,56.33333333333337,0.03256963503354308,0.02479998832761379
ergo_adaptive,56.41666666666663,0.03432298157606948,0.02482923182368963
ergo_adaptive,56.5,0.03480486870276994,0.02485967399680287
ergo_adaptive,56.58333333333337,0.035594131148700726,0.024889964650969848
ergo_adaptive,56.66666666666663,0.03253228838254821,0.024919349707924414
ergo_adaptive,56.75,0.03200156119971211,0.024949698800941958
ergo_adaptive,56.83333333333337,0.03195827948495004,0.024972523909042477
ergo_adaptive,56.91666666666663,0.035483260422671116,0.024998020125764953
ergo_adaptive,57.0,0.031132433005537884,0.025026462603470745
ergo_adaptive,57.08333333333337,0.03274850189330477,0.025054478892242507
ergo_adaptive,57.16666666666663,0.033483693032875156,0.025081308849032355
ergo_adaptive,57.25,0.03319154165515746,0.02510984117145366
ergo_adaptive,57.33333333333337,0.035254244291691945,0.02513914289406852
ergo_adaptive,57.41666666666663,0.03529320370755936,0.025168861632973234
ergo_adaptive,57.5,0.03455006476100876,0.025195488008006323
ergo_adaptive,57.58333333333337,0.03602120142748228,0.025226407255912672
ergo_adaptive,57.66666666666663,0.03551634455978774,0.025257862011853167
ergo_adaptive,57.75,0.033702251859121714,0.025289851451385063
ergo_adaptive,57.83333333333337,0.03151111921030375,0.025312179425643726
ergo_adaptive,57.91666666666663,0.03618371648467928,0.025335165927523186
ergo_adaptive,58.0,0.03636117076359729,0.02535975858363038
ergo_adaptive,58.08333333333337,0.037058593433978285,0.02538717363820921
ergo_adaptive,58.16666666666663,0.03693700000286731,0.02541634870117827
ergo_adaptive,58.25,0.035825166350870345,0.025442658758157956
ergo_adaptive,58.33333333333337,0.036405973969963985,0.025472320331892808
ergo_adaptive,58.41666666666663,0.03556309758698972,0.025504255756430904
ergo_adaptive,58.5,0.03564200516405423,0.025524164584456454
ergo_adaptive,58.58333333333337,0.03635961084219864,0.025535096236698255
ergo_adaptive,58.66666666666663,0.038976386543847115,0.02554827324445678
ergo_adaptive,58.75,0.03864231168046748,0.025562022236738296
ergo_adaptive,58.83333333333337,0.03922874219066095,0.02558600114427838
ergo_adaptive,58.91666666666663,0.037102268009774064,0.025618733018203495
ergo_adaptive,59.0,0.035981244039741005,0.025649436936754536
ergo_adaptive,59.08333333333337,0.040146092846968934,0.025683035958333347
ergo_adaptive,59.16666666666663,0.04185749496797262,0.02571099040939582
ergo_adaptive,59.25,0.04440970925748051,0.025720026369088732
ergo_adaptive,59.33333333333337,0.039739781882943526,0.025709191880531307
ergo_adaptive,59.41666666666663,0.041196370190930094,0.025731635213412728
ergo_adaptive,59.5,0.04509011078706946,0.025768730639293237
ergo_adaptive,59.58333333333337,0.04478677686654695,0.025800406961034007
ergo_adaptive,59.66666666666663,0.042500106475778766,0.025822125733134582
ergo_adaptive,59.75,0.043345715904094244,0.02585408014712723
ergo_adaptive,59.83333333333337,0.0412653881486157,0.025889370115967196
ergo_adaptive,59.91666666666663,0.0411014551993919,0.025916042698469394
ergo_adaptive,60.0,0.03764993631329124,0.02592236447099529
ergo_adaptive,60.08333333333337,0.0350215619286255,0.02590730393362071
ergo_adaptive,60.16666666666663,0.03695718893703859,0.02591947380232738
ergo_adaptive,60.25,0.03816564795698739,0.025955697280516037
ergo_adaptive,60.33333333333337,0.040481374864954,0.025994049200185828
ergo_adaptive,60.41666666666663,0.04167450791924868,0.026019329717702842
ergo_adaptive,60.5,0.03876668691437117,0.026029348558040764
ergo_adaptive,60.58333333333337,0.038049563955491965,0.026028794200626072
ergo_adaptive,60.66666666666663,0.04075831349075472,0.026018923735809107
ergo_adaptive,60.75,0.042609290134605786,0.02599414637344062
ergo_adaptive,60.83333333333337,0.041709118060951,0.025949787306380263
ergo_adaptive,60.91666666666663,0.04469988489279385,0.025937754693894692
ergo_adaptive,61.0,0.04350537503799782,0.025928827639419578
ergo_adaptive,61.08333333333337,0.044237299924626335,0.02594590186519308
ergo_adaptive,61.16666666666663,0.04500662003646641,0.02597266886758051
ergo_adaptive,61.25,0.048194023550663226,0.026006067982633777
ergo_adaptive,61.33333333333337,0.046510442252512635,0.026033703053747193
ergo_adaptive,61.41666666666663,0.04482583923168067,0.02607564588510956
ergo_adaptive,61.5,0.042721022765947574,0.02611707914108102
ergo_adaptive,61.58333333333337,0.044173908743672455,0.026150251971604095
ergo_adaptive,61.66666666666663,0.04222505829896106,0.026179973057167277
ergo_adaptive,61.75,0.0429180750128387,0.026211210077298912
ergo_adaptive,61.83333333333337,0.04370020665343175,0.026248004140684535
ergo_adaptive,61.91666666666663,0.04088983685952654,0.026278055943036692
ergo_adaptive,62.0,0.042900658443434186,0.02631177082437227
ergo_adaptive,62.08333333333337,0.04345880390826468,0.026340589045718545
ergo_adaptive,62.16666666666663,0.042068958548577444,0.026375939029186054
ergo_adaptive,62.25,0.0425467169836334,0.026413897454879695
ergo_adaptive,62.33333333333337,0.03889470493172086,0.02644227402186586
ergo_adaptive,62.41666666666663,0.038296560218741164,0.026478319143504188
ergo_adaptive,62.5,0.04053537746794174,0.02651557634103975
ergo_adaptive,62.58333333333337,0.041529062725766196,0.026549431240135368
ergo_adaptive,62.66666666666663,0.04260807346614868,0.0265800035719939
ergo_adaptive,62.75,0.04148609442334776,0.026598498039569877
ergo_adaptive,62.83333333333337,0.042521966553732575,0.02662251718402698
ergo_adaptive,62.91666666666663,0.039700039626510045,0.02665318444992931
ergo_adaptive,63.0,0.036522570303650546,0.026682779390140434
ergo_adaptive,63.08333333333337,0.037243864256235354,0.026719762220715242
ergo_adaptive,63.16666666666663,0.0371190282713363,0.02674915245118857
ergo_adaptive,63.25,0.043918761357815896,0.026758935459165935
ergo_adaptive,63.33333333333337,0.04785831762673972,0.026748706782368584
ergo_adaptive,63.41666666666663,0.04882972186155158,0.026724918466187006
ergo_adaptive,63.5,0.04796787943589854,0.026695094840572225
ergo_adaptive,63.58333333333337,0.04822523381218329,0.026653294589543144
ergo_adaptive,63.66666666666663,0.04180501611533747,0.02659955995962482
ergo_adaptive,63.75,0.0432891764114871,0.026541186519848582
ergo_adaptive,63.83333333333337,0.043579328216600266,0.026487689446916658
ergo_adaptive,63.91666666666663,0.04553674343189172,0.026440804055637923
ergo_adaptive,64.0,0.04572403036562033,0.026398413075013765
ergo_adaptive,64.08333333333337,0.04521782707778222,0.026362691990320177
ergo_adaptive,64.16666666666663,0.043196747733812615,0.026341782200258797
ergo_adaptive,64.25,0.04455166405360245,0.02635062012831736
ergo_adaptive,64.33333333333337,0.04002051437082487,0.026371758917104082
ergo_adaptive,64.41666666666663,0.043367357813865526,0.02639785714364155
ergo_adaptive,64.5,0.04510309608280541,0.02643405128090137
ergo_adaptive,64.58333333333337,0.03746501315586358,0.026482468747768252
ergo_adaptive,64.66666666666663,0.035316594986274354,0.026534198511926812
ergo_adaptive,64.75,0.03592069429359808,0.02658365108182694
ergo_adaptive,64.83333333333337,0.03744917481973824,0.026634319080818196
ergo_adaptive,64.91666666666663,0.034690644763075346,0.026687607905585768
ergo_adaptive,65.0,0.03142994272737181,0.026745981635354132
ergo_adaptive,65.08333333333337,0.03027350293740649,0.026807300992480028
ergo_adaptive,65.16666666666663,0.02928210645047747,0.02687090416218179
ergo_adaptive,65.25,0.027382095690751923,0.02693723822849835
ergo_adaptive,65.33333333333337,0.02812655420028168,0.027009979296853063
ergo_adaptive,65.41666666666663,0.0297474112127126,0.027085302246942174
ergo_adaptive,65.5,0.025510717705099648,0.027161033855491925
ergo_adaptive,65.58333333333337,0.024932154724570624,0.027241876179619415
ergo_adaptive,65.66666666666663,0.024204862924331296,0.02733025905204264
ergo_adaptive,65.75,0.022596182200894033,0.02742328229601098
ergo_adaptive,65.83333333333337,0.02198293462138827,0.027514669621757363
ergo_adaptive,65.91666666666663,0.021964450647101206,0.027597238297115658
ergo_adaptive,66.0,0.022414053622739235,0.027671554238107018
ergo_adaptive,66.08333333333337,0.022374137002709807,0.027739549597227416
ergo_adaptive,66.16666666666663,0.022550309661745524,0.027793778597508218
ergo_adaptive,66.25,0.022297487070667813,0.027830268936348608
ergo_adaptive,66.33333333333337,0.022587374693954797,0.0278543369386006
ergo_adaptive,66.41666666666663,0.0247741673249872,0.027876835788913555
ergo_adaptive,66.5,0.02431528511710605,0.02788922478995486
ergo_adaptive,66.58333333333337,0.02933494057881625,0.027879705217383782
ergo_adaptive,66.66666666666663,0.028020173728962733,0.027852770333505774
ergo_adaptive,66.75,0.02838046916508295,0.027821410152503834
ergo_adaptive,66.83333333333337,0.025222576364409985,0.0277886855779875
ergo_adaptive,66.91666666666663,0.02603661578070757,0.02774098983057355
ergo_adaptive,67.0,0.02910534896869331,0.027682428902899563
ergo_adaptive,67.08333333333337,0.022671022533121605,0.027627454131963956
ergo_adaptive,67.16666666666663,0.02280326049000177,0.02758335925874417
ergo_adaptive,67.25,0.024671559506647282,0.027528793256008665
ergo_adaptive,67.33333333333337,0.02740246361777468,0.02745681441715523
ergo_adaptive,67.41666666666663,0.029817379224278715,0.02738337540506315
ergo_adaptive,67.5,0.0298095669828038,0.027333142940320895
ergo_adaptive,67.58333333333337,0.028059541906999427,0.02727500964589518
ergo_adaptive,67.66666666666663,0.03324600771770084,0.027193872262021315
ergo_adaptive,67.75,0.03548808894191841,0.027105771838950844
ergo_adaptive,67.83333333333337,0.030952316480032542,0.027023398032136235
ergo_adaptive,67.91666666666663,0.027423373952886656,0.026947614463744586
ergo_adaptive,68.0,0.030947213257933582,0.026866842087718883
ergo_adaptive,68.08333333333337,0.030357428447309022,0.026780214923539505
ergo_adaptive,68.16666666666663,0.029745498914315487,0.026699523840336845
ergo_adaptive,68.25,0.031686192478577783,0.026642495461299626
ergo_adaptive,68.33333333333337,0.028907821660863232,0.026585907566990804
ergo_adaptive,68.41666666666663,0.029013362479150245,0.026516827275323604
ergo_adaptive,68.5,0.026432289091537595,0.026441020213202663
ergo_adaptive,68.58333333333337,0.023904013925568544,0.026371722628418356
ergo_adaptive,68.66666666666663,0.024936224100865347,0.026305983376848703
ergo_adaptive,68.75,0.0265077500410739,0.026223191807744916
ergo_adaptive,68.83333333333337,0.027305547561126138,0.02612705038815942
ergo_adaptive,68.91666666666663,0.02004601954511672,0.02603565918083298
ergo_adaptive,69.0,0.019779961392921878,0.025962729292512435
ergo_adaptive,69.08333333333337,0.01769994417021763,0.02590702426482962
ergo_adaptive,69.16666666666663,0.01389451015953805,0.025877012176664316
ergo_adaptive,69.25,0.014609758005756037,0.025888716770781518
ergo_adaptive,69.33333333333337,0.01699297097484139,0.02591542899041621
ergo_adaptive,69.41666666666663,0.017840211777199667,0.025935774610109225
ergo_adaptive,69.5,0.016314121745652298,0.025953311500628875
ergo_adaptive,69.58333333333337,0.01620019928820234,0.02597368034503106
ergo_adaptive,69.66666666666663,0.016113741802661317,0.02598745577224328
ergo_adaptive,69.75,0.016207663521564816,0.025991086457353377
ergo_adaptive,69.83333333333337,0.016759360468420904,0.02599437948236194
ergo_adaptive,69.91666666666663,0.017000000273516124,0.026007812218262896
ergo_adaptive,70.0,0.018299531274934323,0.026014771137490855
ergo_adaptive,70.08333333333337,0.017325140755867285,0.026008548658938715
ergo_adaptive,70.16666666666663,0.017659455570373073,0.026003501481897725
ergo_adaptive,70.25,0.018765566845062923,0.02600574989139787
ergo_adaptive,70.33333333333337,0.02158405193897826,0.02600919829223104
ergo_adaptive,70.41666666666663,0.022131428103835237,0.026007383031873152
ergo_adaptive,70.5,0.023770057374564238,0.026008380462705684
ergo_adaptive,70.58333333333337,0.022889125867695818,0.026030962394093637
ergo_adaptive,70.66666666666663,0.024505970850832528,0.026068986844250887
ergo_adaptive,70.75,0.026364874394066217,0.026116602144179848
ergo_adaptive,70.83333333333337,0.024601952468121264,0.026169626710130157
ergo_adaptive,70.91666666666663,0.02523719980954229,0.026216792039963847
ergo_adaptive,71.0,0.024212341400210245,0.02625992651817741
ergo_adaptive,71.08333333333337,0.02458756839759128,0.02629983598164848
ergo_adaptive,71.16666666666663,0.02187015934216426,0.026338955810562368
ergo_adaptive,71.25,0.023158446805584237,0.026369785052899445
ergo_adaptive,71.33333333333337,0.02292343911437283,0.02639689071668018
ergo_adaptive,71.41666666666663,0.02356227337954539,0.026427310736847842
ergo_adaptive,71.5,0.025303991472821537,0.026462986187971885
ergo_adaptive,71.58333333333337,0.024877703073039256,0.02650656017091944
ergo_adaptive,71.66666666666663,0.024994986326005518,0.026549101054602293
ergo_adaptive,71.75,0.025520548362066093,0.02659208876929999
ergo_adaptive,71.83333333333337,0.02471647028038948,0.026633619959280253
ergo_adaptive,71.91666666666663,0.02370912004537822,0.026670833357350404
ergo_adaptive,72.0,0.025294085570131932,0.02669124073801598
ergo_adaptive,72.08333333333337,0.02666319548782229,0.026709810578082773
ergo_adaptive,72.16666666666663,0.023609655146284676,0.02674085569132154
ergo_adaptive,72.25,0.02631466436499154,0.02676568981412392
ergo_adaptive,72.33333333333337,0.028211528191284262,0.026793875957932565
ergo_adaptive,72.41666666666663,0.026406199932375828,0.026830321423888717
ergo_adaptive,72.5,0.028316380444702652,0.02687013978740236
ergo_adaptive,72.58333333333337,0.02679118632830595,0.026907861733476826
ergo_adaptive,72.66666666666663,0.025980703755023753,0.026945570631023572
ergo_adaptive,72.75,0.023652380917099758,0.02697029537164278
ergo_adaptive,72.83333333333337,0.026717167069454734,0.02697488272304868
ergo_adaptive,72.91666666666663,0.02700151628895614,0.026962086600318017
ergo_adaptive,73.0,0.026462699077193886,0.0269414049222664
ergo_adaptive,73.08333333333337,0.024993340580495384,0.026917426362230466
ergo_adaptive,73.16666666666663,0.024516263610669085,0.026904666068502635
ergo_adaptive,73.25,0.025345602687478968,0.026925277303315457
ergo_adaptive,73.33333333333337,0.024985829432508978,0.026960881007561614
ergo_adaptive,73.41666666666663,0.02491034613870376,0.0269968250158279
ergo_adaptive,73.5,0.02357281767072143,0.027027547179485238
ergo_adaptive,73.58333333333337,0.023282816163539846,0.027054285481571978
ergo_adaptive,73.66666666666663,0.022816648899118688,0.027077992792025034
ergo_adaptive,73.75,0.025344463949037332,0.02709708544337967
ergo_adaptive,73.83333333333337,0.020835598330455736,0.027111035616018905
ergo_adaptive,73.91666666666663,0.021657232363812624,0.02714154857329818
ergo_adaptive,74.0,0.020449897782700614,0.027184063945258595
ergo_adaptive,74.08333333333337,0.020526777743887933,0.027228056143411228
ergo_adaptive,74.16666666666663,0.022905252839930557,0.027264143100981405
ergo_adaptive,74.25,0.024935957158607063,0.027287718536139937
ergo_adaptive,74.33333333333337,0.026218496634870043,0.027301973737578606
ergo_adaptive,74.41666666666663,0.024860220895802646,0.027306326941491026
ergo_adaptive,74.5,0.024157812953571407,0.02729556364139633
ergo_adaptive,74.58333333333337,0.022628968735106593,0.027268331255383558
ergo_adaptive,74.66666666666663,0.022379395869171176,0.02723280288921512
ergo_adaptive,74.75,0.02372804670674012,0.027223298173098483
ergo_adaptive,74.83333333333337,0.02285679773987444,0.0272279535935876
ergo_adaptive,74.91666666666663,0.024103861077733,0.027254546354688873
ergo_adaptive,75.0,0.02392114847635122,0.027292269858655255
ergo_adaptive,75.08333333333337,0.024720027420866656,0.027333867716862515
ergo_adaptive,75.16666666666663,0.02432895147043454,0.027373876930292588
ergo_adaptive,75.25,0.023901317911186073,0.027407492765061166
ergo_adaptive,75.33333333333337,0.024224932516371495,0.02743367543049714
ergo_adaptive,75.41666666666663,0.02648779336153126,0.027454451185573735
ergo_adaptive,75.5,0.029850416152897425,0.027471482594140246
ergo_adaptive,75.58333333333337,0.029377577293591074,0.027484050345080533
ergo_adaptive,75.66666666666663,0.030841312087190088,0.027492655339634475
ergo_adaptive,75.75,0.030535623426918544,0.027500928921975264
ergo_adaptive,75.83333333333337,0.030106369001127644,0.027511557894545513
ergo_adaptive,75.91666666666663,0.03197282851581178,0.027517291419548087
ergo_adaptive,76.0,0.03144790770649745,0.02751476378836953
ergo_adaptive,76.08333333333337,0.032475193049013945,0.027507313235387014
ergo_adaptive,76.16666666666663,0.030097776729755287,0.02749715797047813
ergo_adaptive,76.25,0.02739554280837613,0.027485313802197767
ergo_adaptive,76.33333333333337,0.02693063182874974,0.0275291600924049
ergo_adaptive,76.41666666666663,0.027667962215605774,0.027596085056906864
ergo_adaptive,76.5,0.02830062994119921,0.027656026298765037
ergo_adaptive,76.58333333333337,0.028448339364506015,0.027704463044908676
ergo_adaptive,76.66666666666663,0.029874137161720996,0.027744293504415235
ergo_adaptive,76.75,0.028805015316515557,0.02777974620287171
ergo_adaptive,76.83333333333337,0.029567706889202162,0.02780311551005446
ergo_adaptive,76.91666666666663,0.03122586988057561,0.02781174167484795
ergo_adaptive,77.0,0.033230684117585584,0.027811431295834604
ergo_adaptive,77.08333333333337,0.03215221213351302,0.02781071881633065
ergo_adaptive,77.16666666666663,0.03278247497319424,0.02781097617973058
ergo_adaptive,77.25,0.03083721364571341,0.027809256636168546
ergo_adaptive,77.33333333333337,0.027665474032568665,0.027805454113077454
ergo_adaptive,77.41666666666663,0.02913011792508879,0.02780288251333216
ergo_adaptive,77.5,0.028461123056245412,0.02779400260072618
ergo_adaptive,77.58333333333337,0.027409850371436333,0.027772057743219225
ergo_adaptive,77.66666666666663,0.025747491828370758,0.027740409112883703
ergo_adaptive,77.75,0.027544897405322996,0.02770514428801192
ergo_adaptive,77.83333333333337,0.028831078344529398,0.027671509262307405
ergo_adaptive,77.91666666666663,0.02605183071011959,0.027638824618968414
ergo_adaptive,78.0,0.026848273849693752,0.02765147804240564
ergo_adaptive,78.08333333333337,0.030515510943025632,0.027688291142924815
ergo_adaptive,78.16666666666663,0.03193453686482937,0.027730266111290817
ergo_adaptive,78.25,0.03428957194202912,0.027767959085722257
ergo_adaptive,78.33333333333337,0.03203539760616829,0.02780133957688609
ergo_adaptive,78.41666666666663,0.030232492982999522,0.027831629024929423
ergo_adaptive,78.5,0.028189918022669867,0.027858703267624768
ergo_adaptive,78.58333333333337,0.026581665329770927,0.027881857523342234
ergo_adaptive,78.66666666666663,0.028415599734837274,0.02790153420368579
ergo_adaptive,78.75,0.03266376746804679,0.02792070277128965
ergo_adaptive,78.83333333333337,0.03055053283474994,0.0279396418320809
ergo_adaptive,78.91666666666663,0.03344171559364113,0.02795824564971667
ergo_adaptive,79.0,0.03246150550256742,0.027975955872023294
ergo_adaptive,79.08333333333337,0.032262738549578576,0.027995842190170286
ergo_adaptive,79.16666666666663,0.033740813842937555,0.02801671275725826
ergo_adaptive,79.25,0.03417315587721715,0.028034714016360106
ergo_adaptive,79.33333333333337,0.03443893846815695,0.02804598625654186
ergo_adaptive,79.41666666666663,0.03662201329006032,0.028048412332323774
ergo_adaptive,79.5,0.037839554394185064,0.02803493643765318
ergo_adaptive,79.58333333333337,0.03398908938619707,0.02799536155669653
ergo_adaptive,79.66666666666663,0.029998428531288514,0.027937839076280804
ergo_adaptive,79.75,0.0303018922417509,0.027929655567649907
ergo_adaptive,79.83333333333337,0.03033863677131324,0.027968324651456572
ergo_adaptive,79.91666666666663,0.03083161617520822,0.028028826634013824
ergo_adaptive,80.0,0.03185254448484873,0.0280958144319475
ergo_adaptive,80.08333333333337,0.032602197495420156,0.028155001635769922
ergo_adaptive,80.16666666666663,0.033935214203987846,0.02820167798074129
ergo_adaptive,80.25,0.030434037241900153,0.028236555920570554
ergo_adaptive,80.33333333333337,0.03244982066264775,0.028264954893543484
ergo_adaptive,80.41666666666663,0.03350785037873648,0.028289064395163786
ergo_adaptive,80.5,0.03473161024447216,0.028302267363384714
ergo_adaptive,80.58333333333337,0.03971354272585968,0.028306266935988006
ergo_adaptive,80.66666666666663,0.03857895294624167,0.028307950530748843
ergo_adaptive,80.75,0.04184756441270488,0.028310676491721018
ergo_adaptive,80.83333333333337,0.04092132574940839,0.028311307883467682
ergo_adaptive,80.91666666666663,0.04219662234713495,0.028308098515585828
ergo_adaptive,81.0,0.04455876035281331,0.028305067978761003
ergo_adaptive,81.08333333333337,0.0393148941407702,0.028304865123841966
ergo_adaptive,81.16666666666663,0.041451961781204326,0.028300177165974338
ergo_adaptive,81.25,0.04051449590770394,0.028287465348905718
ergo_adaptive,81.33333333333337,0.03879236923494232,0.02826992535454847
ergo_adaptive,81.41666666666663,0.03701446535655474,0.028248946550510075
ergo_adaptive,81.5,0.042550493185020494,0.028223488365756815
ergo_adaptive,81.58333333333337,0.04061742308803563,0.02819174047970622
ergo_adaptive,81.66666666666663,0.039832303523287496,0.028155696731517396
ergo_adaptive,81.75,0.04185425708195606,0.0281297313415912
ergo_adaptive,81.83333333333337,0.04268562705154423,0.02813086195515265
ergo_adaptive,81.91666666666663,0.04234370717870482,0.028143762282200953
ergo_adaptive,82.0,0.039556994316170345,0.028159846075962915
ergo_adaptive,82.08333333333337,0.03759671797632179,0.028190709624082096
ergo_adaptive,82.16666666666663,0.03394587104956442,0.028232823269414835
ergo_adaptive,82.25,0.03230681902148308,0.028281278774166935
ergo_adaptive,82.33333333333337,0.035832548197979056,0.028330971348234972
ergo_adaptive,82.41666666666663,0.03215474737517042,0.02838048556432595
ergo_adaptive,82.5,0.03414043056398481,0.028432999957952815
ergo_adaptive,82.58333333333337,0.02999911007896826,0.028491181651347692
ergo_adaptive,82.66666666666663,0.027104560346882214,0.02855675421072982
ergo_adaptive,82.75,0.03025180651287285,0.02862260583869238
ergo_adaptive,82.83333333333337,0.028121637010141316,0.02868174557706114
ergo_adaptive,82.91666666666663,0.027762473904360412,0.02873919713333921
ergo_adaptive,83.0,0.02660574979417727,0.028798551893185285
ergo_adaptive,83.08333333333337,0.022991434654980075,0.028857440520162963
ergo_adaptive,83.16666666666663,0.023608102465524694,0.02892489608632157
ergo_adaptive,83.25,0.020287598470285606,0.028997676525334158
ergo_adaptive,83.33333333333337,0.02150415925725222,0.0290835667343133
ergo_adaptive,83.41666666666663,0.020402279900272297,0.029178468769215815
ergo_adaptive,83.5,0.018563929253142614,0.029278970863453817
ergo_adaptive,83.58333333333337,0.017326692684253003,0.029383059594925525
ergo_adaptive,83.66666666666663,0.017039342818305613,0.029487555268681267
ergo_adaptive,83.75,0.016933691497052848,0.029589538783443475
ergo_adaptive,83.83333333333337,0.017242927359374455,0.029686324252416116
ergo_adaptive,83.91666666666663,0.016730403584385548,0.029777626254581732
ergo_adaptive,84.0,0.017168267310110723,0.029864278965375277
ergo_adaptive,84.08333333333337,0.018266453511212217,0.02994501929826151
ergo_adaptive,84.16666666666663,0.01748462129854776,0.030015941478564546
ergo_adaptive,84.25,0.017177602800031083,0.030078895002850405
ergo_adaptive,84.33333333333337,0.01734028986001314,0.030138679163366617
ergo_adaptive,84.41666666666663,0.01818324750358416,0.030185536259033634
ergo_adaptive,84.5,0.01850006685173609,0.030210670959788657
ergo_adaptive,84.58333333333337,0.019365716954872124,0.030219394906266604
ergo_adaptive,84.66666666666663,0.020245588602684637,0.030227148329110384
ergo_adaptive,84.75,0.02084565850377997,0.030224458840982935
ergo_adaptive,84.83333333333337,0.02077732246113792,0.030190129165322814
ergo_adaptive,84.91666666666663,0.022533613014625652,0.030131391582510453
ergo_adaptive,85.0,0.023060853181324385,0.030070952027968847
ergo_adaptive,85.08333333333337,0.025643269225375843,0.03001506139356452
ergo_adaptive,85.16666666666663,0.029608548893746915,0.029940112905066076
ergo_adaptive,85.25,0.025925812767632662,0.02984374605723726
ergo_adaptive,85.33333333333337,0.026229970834354802,0.02975128109809062
ergo_adaptive,85.41666666666663,0.027378090691724193,0.029673670342327707
ergo_adaptive,85.5,0.02875153441331856,0.0295880127914644
ergo_adaptive,85.58333333333337,0.02735026938581468,0.029480758903925475
ergo_adaptive,85.66666666666663,0.02781087149473181,0.029368522033194216
ergo_adaptive,85.75,0.03125336147256351,0.02928800976643241
ergo_adaptive,85.83333333333337,0.02933040711120489,0.029216792022806304
ergo_adaptive,85.91666666666663,0.028753548636473256,0.029125580092999266
ergo_adaptive,86.0,0.029037018120439507,0.029028570628080754
ergo_adaptive,86.08333333333337,0.02537763805338753,0.028951830281892205
ergo_adaptive,86.16666666666663,0.025805215273660958,0.028899299750037067
ergo_adaptive,86.25,0.02731414213115434,0.028831873813984037
ergo_adaptive,86.33333333333337,0.0290302413784302,0.02875201966324133
ergo_adaptive,86.41666666666663,0.030530977061784825,0.028680924780542988
ergo_adaptive,86.5,0.0289043431342194,0.028630573375885298
ergo_adaptive,86.58333333333337,0.026599327481018217,0.028575466617303442
ergo_adaptive,86.66666666666663,0.028869852606382553,0.028515122358710586
ergo_adaptive,86.75,0.030073850569882953,0.028467425438838286
ergo_adaptive,86.83333333333337,0.029617661628768346,0.02843177823748156
ergo_adaptive,86.91666666666663,0.029151965047393483,0.02839794133979189
ergo_adaptive,87.0,0.02857347579502082,0.02835374288973343
ergo_adaptive,87.08333333333337,0.02813767672912763,0.028302100712649696
ergo_adaptive,87.16666666666663,0.0283156801675505,0.028251697583198766
ergo_adaptive,87.25,0.02426075339115262,0.028197441232494052
ergo_adaptive,87.33333333333337,0.023384882000239377,0.028134382899490742
ergo_adaptive,87.41666666666663,0.022416987791241575,0.028066103708934607
ergo_adaptive,87.5,0.0235558705189549,0.028017927111591533
ergo_adaptive,87.58333333333337,0.020327818836863635,0.027989395769079516
ergo_adaptive,87.66666666666663,0.017041274878662874,0.027980305542434348
ergo_adaptive,87.75,0.01602830403550748,0.028014557775238143
ergo_adaptive,87.83333333333337,0.018520061787906647,0.02807648971255122
ergo_adaptive,87.91666666666663,0.017829729323134418,0.02814272761099643
ergo_adaptive,88.0,0.017274337698587657,0.02820297743825173
ergo_adaptive,88.08333333333337,0.01758779727612847,0.028260474361545714
ergo_adaptive,88.16666666666663,0.01758235400018333,0.0283214523252221
ergo_adaptive,88.25,0.01743982317443545,0.02837479471486331
ergo_adaptive,88.33333333333337,0.017638807341344768,0.028418210879121292
ergo_adaptive,88.41666666666663,0.017356858942534248,0.02845505921045302
ergo_adaptive,88.5,0.01774995602416582,0.028490536392739588
ergo_adaptive,88.58333333333337,0.018358542620118285,0.02851610287990154
ergo_adaptive,88.66666666666663,0.01713542330290717,0.028527432008554208
ergo_adaptive,88.75,0.016158978534595643,0.028535290783572247
ergo_adaptive,88.83333333333337,0.017498507815774486,0.02854448938198806
ergo_adaptive,88.91666666666663,0.018890465414189303,0.02856663720401236
ergo_adaptive,89.0,0.017436194419424633,0.028603169258972737
ergo_adaptive,89.08333333333337,0.017547697249739556,0.028647228618821217
ergo_adaptive,89.16666666666663,0.018263639121861113,0.02870140618436732
ergo_adaptive,89.25,0.02015066468895605,0.0287549021399476
ergo_adaptive,89.33333333333337,0.02083521898222474,0.028806361919598046
ergo_adaptive,89.41666666666663,0.020756493565858448,0.028858828638875397
ergo_adaptive,89.5,0.021355230587276508,0.028911331394456837
ergo_adaptive,89.58333333333337,0.020525075808405322,0.02895740347755419
ergo_adaptive,89.66666666666663,0.020485273671558005,0.029001922813640887
ergo_adaptive,89.75,0.0222112091416439,0.02905052693269089
ergo_adaptive,89.83333333333337,0.020886203514498727,0.029096157491862604
ergo_adaptive,89.91666666666663,0.020127825126765912,0.029145515680234466
ergo_adaptive,90.0,0.021286401437083793,0.029200032323964432
ergo_adaptive,90.08333333333337,0.02402676053541568,0.029250256746312278
ergo_adaptive,90.16666666666663,0.024938224955208834,0.02929660571708995
ergo_adaptive,90.25,0.02519659354648752,0.029342881470314403
ergo_adaptive,90.33333333333337,0.024882777408125153,0.029386233295984526
ergo_adaptive,90.41666666666663,0.02282718922650134,0.029422439604711366
ergo_adaptive,90.5,0.02177369169524957,0.029475454915199158
ergo_adaptive,90.58333333333337,0.021374094503939074,0.02952921415619232
ergo_adaptive,90.66666666666663,0.01926057191560659,0.029571365187200906
ergo_adaptive,90.75,0.018229143000211424,0.029600942035495088
ergo_adaptive,90.83333333333337,0.0150198297107056,0.029622991709418886
ergo_adaptive,90.91666666666663,0.016277899780999448,0.029638917907710723
ergo_adaptive,91.0,0.017068351444088185,0.02964063346145594
ergo_adaptive,91.08333333333337,0.016870734093022956,0.029630233423583924
ergo_adaptive,91.16666666666663,0.01799986799140356,0.029613894117143085
ergo_adaptive,91.25,0.023587088565304098,0.02959188789709985
ergo_adaptive,91.33333333333337,0.023028131757003505,0.02955622855253778
ergo_adaptive,91.41666666666663,0.022428356184929308,0.02951193261308287
ergo_adaptive,91.5,0.025091253341628504,0.02947015959589337
ergo_adaptive,91.58333333333337,0.02794581173403346,0.02943726468746529
ergo_adaptive,91.66666666666663,0.025716242414387643,0.029411975930386393
ergo_adaptive,91.75,0.02436841302554238,0.029384419110770613
ergo_adaptive,91.83333333333337,0.02439885299477945,0.02935756720178726
ergo_adaptive,91.91666666666663,0.02515684655513918,0.02936774782462481
ergo_adaptive,92.0,0.025103726546760043,0.02939860140879704
ergo_adaptive,92.08333333333337,0.026318703666550335,0.029443296888100996
ergo_adaptive,92.16666666666663,0.026313510313122998,0.02949349418280568
ergo_adaptive,92.25,0.027694753686169776,0.029539790036770323
ergo_adaptive,92.33333333333337,0.02561693712855328,0.02957527480774099
ergo_adaptive,92.41666666666663,0.025835653994200004,0.029601677651980216
ergo_adaptive,92.5,0.029036177718488206,0.02962294435187348
ergo_adaptive,92.58333333333337,0.029828419284013342,0.029641419740992884
ergo_adaptive,92.66666666666663,0.028433901165952423,0.029657209608167003
ergo_adaptive,92.75,0.02568149586289348,0.029671940225701656
ergo_adaptive,92.83333333333337,0.024790309630618027,0.029692107412031512
ergo_adaptive,92.91666666666663,0.026109148320721014,0.029722264463786553
ergo_adaptive,93.0,0.024915740453419172,0.029754209474601733
ergo_adaptive,93.08333333333337,0.026477808273452058,0.029784256836867754
ergo_adaptive,93.16666666666663,0.02600208475779417,0.029807107630758035
ergo_adaptive,93.25,0.023594673841737687,0.029826849647049392
ergo_adaptive,93.33333333333337,0.02482635809106617,0.029870412162506084
ergo_adaptive,93.41666666666663,0.02579021943489601,0.029921623078998233
ergo_adaptive,93.5,0.026163517769120237,0.0299656854178029
ergo_adaptive,93.58333333333337,0.028148092110132753,0.029983980488717445
ergo_adaptive,93.66666666666663,0.027292703575142074,0.0299772677896026
ergo_adaptive,93.75,0.025290371849197572,0.02996468701591086
ergo_adaptive,93.83333333333337,0.027134895993824144,0.03000190778791552
ergo_adaptive,93.91666666666663,0.027674517076560323,0.0300549623664285
ergo_adaptive,94.0,0.029318117545409132,0.030109063123441172
ergo_adaptive,94.08333333333337,0.029146366280522473,0.03015448762455483
ergo_adaptive,94.16666666666663,0.0286289648559131,0.030192014358544933
ergo_adaptive,94.25,0.028137747472416867,0.030246015012978085
ergo_adaptive,94.33333333333337,0.02971030723157617,0.03030987648493461
ergo_adaptive,94.41666666666663,0.032316761499439656,0.03035911158217317
ergo_adaptive,94.5,0.03014922564227773,0.030398706741601233
ergo_adaptive,94.58333333333337,0.03054023567733143,0.030444369219693155
ergo_adaptive,94.66666666666663,0.02951624820882337,0.030471176369477066
ergo_adaptive,94.75,0.03183369601424077,0.03049150900439901
ergo_adaptive,94.83333333333337,0.030465492535748546,0.030508232436768763
ergo_adaptive,94.91666666666663,0.027740271860522407,0.030515731092635584
ergo_adaptive,95.0,0.030535453588479495,0.030516077981306417
ergo_adaptive,95.08333333333337,0.028633493048674515,0.03051888369698128
ergo_adaptive,95.16666666666663,0.02707570887260708,0.030524553407393448
ergo_adaptive,95.25,0.029689789557549702,0.030523880475527048
ergo_adaptive,95.33333333333337,0.028806185421289737,0.0305182331999435
ergo_adaptive,95.41666666666663,0.030020542277599892,0.03051347899941744
ergo_adaptive,95.5,0.027643534603937953,0.030509417520733332
ergo_adaptive,95.58333333333337,0.024491954746801364,0.03049904424010642
ergo_adaptive,95.66666666666663,0.024527711296553623,0.030481364601492516
ergo_adaptive,95.75,0.02409096598769177,0.030463969494594102
ergo_adaptive,95.83333333333337,0.025184104346563763,0.030450533873085626
ergo_adaptive,95.91666666666663,0.02182995555866516,0.030429583208712432
ergo_adaptive,96.0,0.022893739257253284,0.030440448700785723
ergo_adaptive,96.08333333333337,0.02471882625606267,0.030479032990080326
ergo_adaptive,96.16666666666663,0.02594102290127851,0.030522291233282744
ergo_adaptive,96.25,0.02523967514109189,0.03056027436408198
ergo_adaptive,96.33333333333337,0.02454673830402591,0.03059090780125204
ergo_adaptive,96.41666666666663,0.02643488966729693,0.030616521281669962
ergo_adaptive,96.5,0.02475877790577376,0.03063608080739935
ergo_adaptive,96.58333333333337,0.027634955439709206,0.030649594810266436
ergo_adaptive,96.66666666666663,0.02722211894565369,0.030656832985906907
ergo_adaptive,96.75,0.02604284004300788,0.03066210682636914
ergo_adaptive,96.83333333333337,0.028013636226855595,0.030668497482761493
ergo_adaptive,96.91666666666663,0.027689095742741324,0.030670190570587317
ergo_adaptive,97.0,0.030064459651929904,0.030664888106145767
ergo_adaptive,97.08333333333337,0.030103320976200703,0.030652490181745668
ergo_adaptive,97.16666666666663,0.028369457872748548,0.030631064452928434
ergo_adaptive,97.25,0.028073804225094832,0.03058650976181849
ergo_adaptive,97.33333333333337,0.026908141353721646,0.0305040747143028
ergo_adaptive,97.41666666666663,0.030446636174212626,0.030396502397457476
ergo_adaptive,97.5,0.03402004454727906,0.030280834366266295
ergo_adaptive,97.58333333333337,0.03253389750263394,0.030114535477505783
ergo_adaptive,97.66666666666663,0.03255658019816093,0.029869504642047733
ergo_adaptive,97.75,0.03358176674897231,0.029597844175825228
ergo_adaptive,97.83333333333337,0.03688678216029677,0.029327096918654257
ergo_adaptive,97.91666666666663,0.03885758465855717,0.02908638937101388
ergo_adaptive,98.0,0.034712312270502005,0.02887389787737071
ergo_adaptive,98.08333333333337,0.03147963397934986,0.028646140833976413
ergo_adaptive,98.16666666666663,0.029591642105813148,0.028363760613472525
ergo_adaptive,98.25,0.03359375378375722,0.02805756917731406
ergo_adaptive,98.33333333333337,0.030991845484357516,0.027765137290986015
ergo_adaptive,98.41666666666663,0.0331194620284317,0.027492763800840342
ergo_adaptive,98.5,0.03324429730780627,0.02725916158804638
ergo_adaptive,98.58333333333337,0.03809049564190519,0.027025914934896575
ergo_adaptive,98.66666666666663,0.040240770784661255,0.026736079993831846
ergo_adaptive,98.75,0.044891104979998896,0.02640643788261372
ergo_adaptive,98.83333333333337,0.04604188747659314,0.026088918156915806
ergo_adaptive,98.91666666666663,0.0450203103896501,0.025795734329695896
ergo_adaptive,99.0,0.04315686259699433,0.02555848563696194
ergo_adaptive,99.08333333333337,0.04398097966761323,0.02534114507005844
ergo_adaptive,99.16666666666663,0.04913637770663584,0.025045823919361554
ergo_adaptive,99.25,0.059420957663085854,0.024708464375329014
ergo_adaptive,99.33333333333337,0.05665160960260789,0.024404462270347652
ergo_adaptive,99.41666666666663,0.0581172556366001,0.024131064250783762
ergo_adaptive,99.5,0.06472838298430153,0.02386634722982065
ergo_adaptive,99.58333333333337,0.06366675926047967,0.02359509624550064
ergo_adaptive,99.66666666666663,0.05739972987709697,0.02332991620744724
ergo_adaptive,99.75,0.060130709599982124,0.02309108669207564
ergo_adaptive,99.83333333333337,0.0626857284474778,0.022882490920255676
ergo_adaptive,99.91666666666663,0.06550904541292764,0.022678276616154285
ergo_adaptive,100.0,0.07041494253924424,0.022466505742873004
ergo_adaptive,100.08333333333337,0.07065945720808949,0.022272353552769977
ergo_adaptive,100.16666666666663,0.06874878852266493,0.022113070199549074
ergo_adaptive,100.25,0.07219121638721285,0.021969887029901148
ergo_adaptive,100.33333333333337,0.06900692238736517,0.021819592971724745
ergo_adaptive,100.41666666666663,0.06923710636502767,0.021691425717325012
ergo_adaptive,100.5,0.06716055306044966,0.02159855093588901
ergo_adaptive,100.58333333333337,0.06907128750317688,0.02153284592927884
ergo_adaptive,100.66666666666663,0.07176786196932211,0.021461971010153572
ergo_adaptive,100.75,0.07565564026758534,0.0214249368311526
ergo_adaptive,100.83333333333337,0.07287414033568893,0.02142922520159717
ergo_adaptive,100.91666666666663,0.07144349965109434,0.021456063003772338
ergo_adaptive,101.0,0.06013737573582794,0.02149151810281526
ergo_adaptive,101.08333333333337,0.05422912764744736,0.021534498752028113
ergo_adaptive,101.16666666666663,0.054779084600035735,0.0215884233129759
ergo_adaptive,101.25,0.04992159379214276,0.021653556352621457
ergo_adaptive,101.33333333333337,0.05189781877810996,0.021723712930806646
ergo_adaptive,101.41666666666663,0.049234366097421024,0.02179611839340585
ergo_adaptive,101.5,0.047104291646699596,0.021876897233220092
ergo_adaptive,101.58333333333337,0.05049780285696986,0.021967145036107093
ergo_adaptive,101.66666666666663,0.045682830729343316,0.02206088121851526
ergo_adaptive,101.75,0.04083967605583404,0.022151795002359705
ergo_adaptive,101.83333333333337,0.037542295087244354,0.022264287416795238
ergo_adaptive,101.91666666666663,0.0320721674894641,0.022389777518576175
ergo_adaptive,102.0,0.031956497551416226,0.02250876905765409
ergo_adaptive,102.08333333333337,0.031290855667474304,0.02261153575307484
ergo_adaptive,102.16666666666663,0.030392175514318186,0.02269495664889496
ergo_adaptive,102.25,0.033708290331135725,0.02276084254185268
ergo_adaptive,102.33333333333337,0.035151927654120174,0.022811030766420867
ergo_adaptive,102.41666666666663,0.037692525335925785,0.022843317677072972
ergo_adaptive,102.5,0.041688396047994784,0.022855835432859576
ergo_adaptive,102.58333333333337,0.04011932943070233,0.022858544373904454
ergo_adaptive,102.66666666666663,0.03929989318066421,0.02286951545231967
ergo_adaptive,102.75,0.03968344273986856,0.022866931586350822
ergo_adaptive,102.83333333333337,0.03786529590958475,0.022831063187746515
ergo_adaptive,102.91666666666663,0.038293013669472485,0.022779116653617378
ergo_adaptive,103.0,0.03950244334993707,0.022728890384300395
ergo_adaptive,103.08333333333337,0.04081632956713183,0.02270843797691795
ergo_adaptive,103.16666666666663,0.04229045692113195,0.022729514359330107
ergo_adaptive,103.25,0.044056610257993574,0.022775288833816076
ergo_adaptive,103.33333333333337,0.04451663492948024,0.02283791360629657
ergo_adaptive,103.41666666666663,0.044245223123593067,0.022904639867445713
ergo_adaptive,103.5,0.04242875197679867,0.02297593595139742
ergo_adaptive,103.58333333333337,0.04021219574298277,0.023033079235331065
ergo_adaptive,103.66666666666663,0.039633601707678705,0.023077316894524764
ergo_adaptive,103.75,0.03974555823369787,0.023132402840280803
ergo_adaptive,103.83333333333337,0.04238754546833423,0.023192177177372757
ergo_adaptive,103.91666666666663,0.04068524134084119,0.02325486986259866
ergo_adaptive,104.0,0.03867731579766069,0.023305914280723178
ergo_adaptive,104.08333333333337,0.039919965948638614,0.023346562864978337
ergo_adaptive,104.16666666666663,0.039971404919310526,0.023405349501106624
ergo_adaptive,104.25,0.03985325803472636,0.023459209355526603
ergo_adaptive,104.33333333333337,0.04246820743504174,0.023513739575918003
ergo_adaptive,104.41666666666663,0.044357703084232133,0.023580507597589426
ergo_adaptive,104.5,0.0476916170960741,0.02365593426782818
ergo_adaptive,104.58333333333337,0.046612250431952655,0.023728967342564435
ergo_adaptive,104.66666666666663,0.04679132545479346,0.02379398677498302
ergo_adaptive,104.75,0.04667022385748636,0.023864347631704697
ergo_adaptive,104.83333333333337,0.04654334517652219,0.023934866489107587
ergo_adaptive,104.91666666666663,0.041124787055215314,0.023997251716942444
ergo_adaptive,105.0,0.041486791737197305,0.024041045783255596
ergo_adaptive,105.08333333333337,0.040786019834921916,0.024048305112439987
ergo_adaptive,105.16666666666663,0.03807379880948398,0.024068149866744777
ergo_adaptive,105.25,0.043345880236319495,0.024073210972287054
ergo_adaptive,105.33333333333337,0.048295319153638154,0.024117323547875717
ergo_adaptive,105.41666666666663,0.04888357601961827,0.024186788020514213
ergo_adaptive,105.5,0.05018145063657192,0.024256486438023278
ergo_adaptive,105.58333333333337,0.04973051091404794,0.024328386170139642
ergo_adaptive,105.66666666666663,0.04808030103722105,0.02439594674664981
ergo_adaptive,105.75,0.05064091774639197,0.024460324535767766
ergo_adaptive,105.83333333333337,0.04902703301107178,0.02452994305058032
ergo_adaptive,105.91666666666663,0.04689537863239858,0.024587341159806368
ergo_adaptive,106.0,0.046677203052788885,0.024624108144991393
ergo_adaptive,106.08333333333337,0.04910480444370459,0.024654373261629964
ergo_adaptive,106.16666666666663,0.050988815833089174,0.024711962385877407
ergo_adaptive,106.25,0.049463610626543135,0.024778102875238
ergo_adaptive,106.33333333333337,0.05183524005373292,0.024832886933257074
ergo_adaptive,106.41666666666663,0.05445044503680929,0.024896519219803813
ergo_adaptive,106.5,0.057649300310367094,0.0249630924836843
ergo_adaptive,106.58333333333337,0.05539731355660951,0.025022330038446464
ergo_adaptive,106.66666666666663,0.05729710560497982,0.025073816443046137
ergo_adaptive,106.75,0.05457280362873908,0.02512814097773104
ergo_adaptive,106.83333333333337,0.051136178720074504,0.02518891413090894
ergo_adaptive,106.91666666666663,0.05156107639817849,0.025245767518929846
ergo_adaptive,107.0,0.05109610136533754,0.025284307824125322
ergo_adaptive,107.08333333333337,0.05211215237531614,0.025287570015540894
ergo_adaptive,107.16666666666663,0.05328042971117303,0.025317413084648067
ergo_adaptive,107.25,0.050105603181130214,0.025347138766197704
ergo_adaptive,107.33333333333337,0.0470939709403193,0.025358103689586405
ergo_adaptive,107.41666666666663,0.051009845993802136,0.025358978826722584
ergo_adaptive,107.5,0.04886744677891898,0.025396481161181005
ergo_adaptive,107.58333333333337,0.048809520652232985,0.025414330578249402
ergo_adaptive,107.66666666666663,0.048635434538129046,0.025444339884664772
ergo_adaptive,107.75,0.04968920196299628,0.025479205440136966
ergo_adaptive,107.83333333333337,0.04886299918527608,0.025521710159591166
ergo_adaptive,107.91666666666663,0.04781941524169012,0.025563836373061772
ergo_adaptive,108.0,0.049659908003444525,0.02560060817346574
ergo_adaptive,108.08333333333337,0.04840272529427779,0.025652802846264883
ergo_adaptive,108.16666666666663,0.049213354120339316,0.025691171492386155
ergo_adaptive,108.25,0.05175589242985753,0.02574196601904947
ergo_adaptive,108.33333333333337,0.052215218852631654,0.025801123135556558
ergo_adaptive,108.41666666666663,0.055657362088108134,0.02586008948730522
ergo_adaptive,108.5,0.05481490642548469,0.025926638038942896
ergo_adaptive,108.58333333333337,0.05334182922718556,0.02598763900083599
ergo_adaptive,108.66666666666663,0.05408522343049559,0.02604336143077932
ergo_adaptive,108.75,0.05413581617277501,0.026092946519074296
ergo_adaptive,108.83333333333337,0.05777003071628882,0.026137690818099666
ergo_adaptive,108.91666666666663,0.05467363282508911,0.026197172794383515
ergo_adaptive,109.0,0.05406230239014943,0.026239335257404354
ergo_adaptive,109.08333333333337,0.058877518489367266,0.026261682585060005
ergo_adaptive,109.16666666666663,0.05994523525696063,0.02630299349208423
ergo_adaptive,109.25,0.059264214540988534,0.026362861677882637
ergo_adaptive,109.33333333333337,0.06022329774859038,0.026424364930839342
ergo_adaptive,109.41666666666663,0.061601918660798914,0.0264895370457981
ergo_adaptive,109.5,0.05981382894373708,0.026548884233798364
ergo_adaptive,109.58333333333337,0.05701857505452039,0.0266017548615841
ergo_adaptive,109.66666666666663,0.055888693060150464,0.026647970526237203
ergo_adaptive,109.75,0.05368250562003759,0.02666548159080651
ergo_adaptive,109.83333333333337,0.05018888576014622,0.026646332967740327
ergo_adaptive,109.91666666666663,0.050964347766828885,0.026603284876355517
ergo_adaptive,110.0,0.04957259592330092,0.026596307719102798
ergo_adaptive,110.08333333333337,0.05184989964391575,0.026621135257983406
ergo_adaptive,110.16666666666663,0.05064756495626292,0.026657483503352637
ergo_adaptive,110.25,0.05018630900677233,0.026696359439602246
ergo_adaptive,110.33333333333337,0.05059465312435399,0.026736259173284177
ergo_adaptive,110.41666666666663,0.05362300210475983,0.026781250618988412
ergo_adaptive,110.5,0.054511745808313535,0.026838050788763782
ergo_adaptive,110.58333333333337,0.05851254421043069,0.026887948324516183
ergo_adaptive,110.66666666666663,0.06000269757712977,0.026942444412841392
ergo_adaptive,110.75,0.060132750390498,0.026991388513248935
ergo_adaptive,110.83333333333337,0.05823009383279482,0.02703061441757207
ergo_adaptive,110.91666666666663,0.06114483223346262,0.027056696888231088
ergo_adaptive,111.0,0.05836966920631165,0.027084087596964117
ergo_adaptive,111.08333333333337,0.06240961806756565,0.027117068333266988
ergo_adaptive,111.16666666666663,0.06342836771709633,0.02716601095002866
ergo_adaptive,111.25,0.0634138942811767,0.027215712135553984
ergo_adaptive,111.33333333333337,0.06166165850504272,0.027265719165043122
ergo_adaptive,111.41666666666663,0.06114285861143818,0.02732522729470099
ergo_adaptive,111.5,0.06058132464693486,0.027395526058026913
ergo_adaptive,111.58333333333337,0.06196059527664163,0.02746103985859556
ergo_adaptive,111.66666666666663,0.061951703828471254,0.02752093823542348
ergo_adaptive,111.75,0.06290551942976637,0.027578731371819237
ergo_adaptive,111.83333333333337,0.0625623462889921,0.027640908984391716
ergo_adaptive,111.91666666666663,0.061183530728648544,0.02770336206324833
ergo_adaptive,112.0,0.05737033767111414,0.027790974223087107
ergo_adaptive,112.08333333333337,0.05573641316922614,0.02787697825040042
ergo_adaptive,112.16666666666663,0.05666418881013927,0.027951882256525194
ergo_adaptive,112.25,0.05542224535239716,0.028014406837750187
ergo_adaptive,112.33333333333337,0.05501776230149381,0.02806577491767976
ergo_adaptive,112.41666666666663,0.05503954692040998,0.0281023436494828
ergo_adaptive,112.5,0.05514952870884402,0.028118013546168885
ergo_adaptive,112.58333333333337,0.055369453789668066,0.028117957901758604
ergo_adaptive,112.66666666666663,0.05324262830700892,0.02811750068388961
ergo_adaptive,112.75,0.055033542797157456,0.028114117386564046
ergo_adaptive,112.83333333333337,0.056904434065963044,0.02808887099299253
ergo_adaptive,112.91666666666663,0.05709059381561179,0.028046693555835042
ergo_adaptive,113.0,0.05852592564452269,0.028006698234724906
ergo_adaptive,113.08333333333337,0.0567676414827574,0.02796866116297165
ergo_adaptive,113.16666666666663,0.05667193114544901,0.02792009265959618
ergo_adaptive,113.25,0.05882838980797009,0.027854575595019773
ergo_adaptive,113.33333333333337,0.057767430808869806,0.02777596765377523
ergo_adaptive,113.41666666666663,0.06059186886001824,0.0276885741744885
ergo_adaptive,113.5,0.06083287585781459,0.027589799047681274
ergo_adaptive,113.58333333333337,0.05950795990162966,0.027526217462832226
ergo_adaptive,113.66666666666663,0.05790809066219887,0.027486758141201762
ergo_adaptive,113.75,0.05704041633084252,0.027517193757558976
ergo_adaptive,113.83333333333337,0.05801079542809495,0.027556996718444884
ergo_adaptive,113.91666666666663,0.05943424222158504,0.027586168474278503
ergo_adaptive,114.0,0.061185444092389726,0.027647532773910043
ergo_adaptive,114.08333333333337,0.060350030599637026,0.02772663333331919
ergo_adaptive,114.16666666666663,0.06208531476017649,0.027772935633966454
ergo_adaptive,114.25,0.06162274030591072,0.02784215237615529
ergo_adaptive,114.33333333333337,0.06194419643317195,0.027886825730615964
ergo_adaptive,114.41666666666663,0.06385406541900801,0.02795191154328982
ergo_adaptive,114.5,0.060947275856092185,0.02800618368163666
ergo_adaptive,114.58333333333337,0.06386097957321835,0.028048319889799462
ergo_adaptive,114.66666666666663,0.06483511006927366,0.028108695588537968
ergo_adaptive,114.75,0.06468582477421152,0.028148280581808016
ergo_adaptive,114.83333333333337,0.06511033164597912,0.028202942054937345
ergo_adaptive,114.91666666666663,0.06276340091399522,0.02824701825030406
ergo_adaptive,115.0,0.06708944551078025,0.028285547955401894
ergo_adaptive,115.08333333333337,0.06485398303533028,0.0283432534336287
ergo_adaptive,115.16666666666663,0.06145161261915321,0.028369635475824738
ergo_adaptive,115.25,0.06412775213774095,0.02838084448552394
ergo_adaptive,115.33333333333337,0.06377263119338317,0.028420059618679834
ergo_adaptive,115.41666666666663,0.06520149865561234,0.028460368972206305
ergo_adaptive,115.5,0.06383178120963097,0.028492513761701473
ergo_adaptive,115.58333333333337,0.0626122487306567,0.028514786212479246
ergo_adaptive,115.66666666666663,0.05850580597419977,0.028537055567571162
ergo_adaptive,115.75,0.060081006228913866,0.028539668213369982
ergo_adaptive,115.83333333333337,0.0572379782778859,0.02857448013755199
ergo_adaptive,115.91666666666663,0.06042822813252516,0.028569568790229594
ergo_adaptive,116.0,0.059794312428026214,0.028582155946906544
ergo_adaptive,116.08333333333337,0.0590042275629181,0.02859086957678728
ergo_adaptive,116.16666666666663,0.061048086963781834,0.02861746773115071
ergo_adaptive,116.25,0.06322998557984273,0.028651469332735102
ergo_adaptive,116.33333333333337,0.062401465513983415,0.028707867621377132
ergo_adaptive,116.41666666666663,0.06364859239134905,0.028754259098098943
ergo_adaptive,116.5,0.06470477347230724,0.028813509144607716
ergo_adaptive,116.58333333333337,0.06901628465696115,0.028858606395973374
ergo_adaptive,116.66666666666663,0.06779867357874897,0.028895961697542886
ergo_adaptive,116.75,0.07121050361758823,0.028909008485279268
ergo_adaptive,116.83333333333337,0.07151367941094404,0.028923188473587044
ergo_adaptive,116.91666666666663,0.07279403211626753,0.028940112129869522
ergo_adaptive,117.0,0.07029877563400865,0.02896646706505084
ergo_adaptive,117.08333333333337,0.07194348162131789,0.02899125407205227
ergo_adaptive,117.16666666666663,0.07207029062019141,0.02902356890720929
ergo_adaptive,117.25,0.07414478118226672,0.02906636864315415
ergo_adaptive,117.33333333333337,0.07119782656243298,0.02911884724514498
ergo_adaptive,117.41666666666663,0.07005701266119267,0.02917112714350673
ergo_adaptive,117.5,0.07003284352407066,0.02922269568416892
ergo_adaptive,117.58333333333337,0.06708491588446774,0.02928191692241093
ergo_adaptive,117.66666666666663,0.06837570165301474,0.02934662451449311
ergo_adaptive,117.75,0.06684439008184626,0.029411053778625573
ergo_adaptive,117.83333333333337,0.07153841796242084,0.0294661106126904
ergo_adaptive,117.91666666666663,0.07107551735017445,0.029526563270322333
ergo_adaptive,118.0,0.06950099501835,0.02958691003199254
ergo_adaptive,118.08333333333337,0.06915875659032268,0.029640512561639853
ergo_adaptive,118.16666666666663,0.06654012586587363,0.029688840053919984
ergo_adaptive,118.25,0.06163411325802687,0.02975726165155405
ergo_adaptive,118.33333333333337,0.06297602071083079,0.029835333995025515
ergo_adaptive,118.41666666666663,0.06205929228785786,0.02990593552159356
ergo_adaptive,118.5,0.06203868191649218,0.029960973323756804
ergo_adaptive,118.58333333333337,0.06576106420700333,0.029999075899877225
ergo_adaptive,118.66666666666663,0.06595100663905785,0.030025163632364266
ergo_adaptive,118.75,0.06507440621326574,0.03004194299665835
ergo_adaptive,118.83333333333337,0.06551992613829767,0.030044919744116647
ergo_adaptive,118.91666666666663,0.06292668253730825,0.03003414571196518
ergo_adaptive,119.0,0.0649371827303097,0.03001844429997158
ergo_adaptive,119.08333333333337,0.0652334390715085,0.03000919555106895
ergo_adaptive,119.16666666666663,0.06473750907631878,0.029984526276859817
ergo_adaptive,119.25,0.0646253022561233,0.029939050346886223
ergo_adaptive,119.33333333333337,0.062054375877559395,0.029887825020934424
ergo_adaptive,119.41666666666663,0.06428745070389995,0.029844210981679033
ergo_adaptive,119.5,0.06517154359770372,0.02979910051150603
ergo_adaptive,119.58333333333337,0.06374558264316177,0.029740385426544596
ergo_adaptive,119.66666666666663,0.06276544628889834,0.029670907502737633
ergo_adaptive,119.75,0.06169423383265815,0.029596198041583813
ergo_adaptive,119.83333333333337,0.06191671141676178,0.02950972547454736
ergo_adaptive,119.91666666666663,0.06143907219895679,0.029398616997043072
ergo_adaptive,120.0,0.06371141527066546,0.029262978367471198
ergo_adaptive,120.08333333333337,0.06479352435210489,0.029122192234857475
ergo_adaptive,120.16666666666663,0.06157739938980792,0.029009768295543185
ergo_adaptive,120.25,0.062414429688963706,0.028999929208793122
ergo_adaptive,120.33333333333337,0.06361167743592827,0.029031504339761417
ergo_adaptive,120.41666666666663,0.06462758650225933,0.029081900010531597
ergo_adaptive,120.5,0.06594993643262989,0.029130684173755788
ergo_adaptive,120.58333333333337,0.06629696855135378,0.029186533492627557
ergo_adaptive,120.66666666666663,0.06450150833576981,0.029235469411535247
ergo_adaptive,120.75,0.06388490210465111,0.02928601030756607
ergo_adaptive,120.83333333333337,0.06674859262980196,0.02933475515145793
ergo_adaptive,120.91666666666663,0.06382825192897836,0.02938649294532054
ergo_adaptive,121.0,0.06505358330681552,0.029422498980414033
ergo_adaptive,121.08333333333337,0.06618911583077554,0.02947191057202313
ergo_adaptive,121.16666666666663,0.068862286993383,0.02952364678646944
ergo_adaptive,121.25,0.0679065399486606,0.029556900788003545
ergo_adaptive,121.33333333333337,0.06871777756234874,0.0295980518578563
ergo_adaptive,121.41666666666663,0.0689755704618429,0.029629543956664763
ergo_adaptive,121.5,0.06999998672356532,0.02967304397833384
ergo_adaptive,121.58333333333337,0.0656773438409104,0.029702989917244675
ergo_adaptive,121.66666666666663,0.06474801239336454,0.02972690315289481
ergo_adaptive,121.75,0.06767605827620757,0.02975616927816968
ergo_adaptive,121.83333333333337,0.06672899290121397,0.029801213677956014
ergo_adaptive,121.91666666666663,0.06800263106466652,0.029853605964911368
ergo_adaptive,122.0,0.07056403547085242,0.029892638085104336
ergo_adaptive,122.08333333333337,0.06849340875182505,0.029942028037795006
ergo_adaptive,122.16666666666663,0.07019645351607716,0.02996810604536231
ergo_adaptive,122.25,0.07066150900942907,0.030017414961143647
ergo_adaptive,122.33333333333337,0.0696724193586554,0.030050048776931758
ergo_adaptive,122.41666666666663,0.06842931002933193,0.0300962211075776
ergo_adaptive,122.5,0.07047801123989882,0.03011841822173619
ergo_adaptive,122.58333333333337,0.06997439916603565,0.030167426785077375
ergo_adaptive,122.66666666666663,0.0695579823938058,0.030193748214323295
ergo_adaptive,122.75,0.06663463836916914,0.03024126109102418
ergo_adaptive,122.83333333333337,0.06627535235279973,0.030268679010018437
ergo_adaptive,122.91666666666663,0.06967328257345007,0.030324273986474328
ergo_adaptive,123.0,0.06940089990074998,0.030370821237144654
ergo_adaptive,123.08333333333337,0.07140512083074974,0.030392367919072977
ergo_adaptive,123.16666666666663,0.07296271829585987,0.03044634783983447
ergo_adaptive,123.25,0.07136535519303319,0.03045875576934421
ergo_adaptive,123.33333333333337,0.06920781056095886,0.03049228393839456
ergo_adaptive,123.41666666666663,0.06751766274680751,0.030537732934161618
ergo_adaptive,123.5,0.06634364323996095,0.030582082321784363
ergo_adaptive,123.58333333333337,0.06649379979029638,0.0306339419192357
ergo_adaptive,123.66666666666663,0.0680398102016121,0.03066218560082588
ergo_adaptive,123.75,0.06956309392011625,0.030714682561468632
ergo_adaptive,123.83333333333337,0.06932820496381459,0.030755674641544314
ergo_adaptive,123.91666666666663,0.06691961767161732,0.030794517290904055
ergo_adaptive,124.0,0.06505393159799924,0.03083734485456372
ergo_adaptive,124.08333333333337,0.06313474484618771,0.030835714152615448
ergo_adaptive,124.16666666666663,0.06515754418280863,0.030881673612375447
ergo_adaptive,124.25,0.06557363640843658,0.03090312398287499
ergo_adaptive,124.33333333333337,0.06739443492860117,0.030949178365022267
ergo_adaptive,124.41666666666663,0.06675731706283036,0.03095734114130294
ergo_adaptive,124.5,0.06628421473341946,0.03097297824632628
ergo_adaptive,124.58333333333337,0.06773929258568591,0.031023107287698207
ergo_adaptive,124.66666666666663,0.06836181659180769,0.031035760443502463
ergo_adaptive,124.75,0.07042510528383882,0.031014235244784052
ergo_adaptive,124.83333333333337,0.0712168192635291,0.03102537453504758
ergo_adaptive,124.91666666666663,0.07279276593764497,0.031005478735499022
ergo_adaptive,125.0,0.07453012381893195,0.030976930891086427
ergo_adaptive,125.08333333333337,0.07524354131828973,0.030957454839719185
ergo_adaptive,125.16666666666663,0.07711496314915929,0.03093273011806402
ergo_adaptive,125.25,0.07445438669251324,0.030902842075626363
ergo_adaptive,125.33333333333337,0.07559473200238531,0.030869055248462358
ergo_adaptive,125.41666666666663,0.07448801806647931,0.030845846436298223
ergo_adaptive,125.5,0.07350953200150323,0.03083093066995607
ergo_adaptive,125.58333333333337,0.07546521277979808,0.030820170988551065
ergo_adaptive,125.66666666666663,0.07365125115789463,0.030818140137839487
ergo_adaptive,125.75,0.0750391060525355,0.03082670057243304
ergo_adaptive,125.83333333333337,0.07484078433151108,0.03084914871207686
ergo_adaptive,125.91666666666663,0.07834031225184376,0.03088220742779342
ergo_adaptive,126.0,0.07496649188373607,0.0309189230520514
ergo_adaptive,126.08333333333337,0.07403687830738594,0.030963191549266463
ergo_adaptive,126.16666666666663,0.07424187619850171,0.031021059104264146
ergo_adaptive,126.25,0.07437652273008588,0.03108241072908523
ergo_adaptive,126.33333333333337,0.07879763597956377,0.031135901679040047
ergo_adaptive,126.41666666666663,0.0801041343220914,0.031188525634412143
ergo_adaptive,126.5,0.07847482230003222,0.031245479018983904
ergo_adaptive,126.58333333333337,0.07465541403629919,0.03130080461057617
ergo_adaptive,126.66666666666663,0.07371738106031157,0.03134407014329121
ergo_adaptive,126.75,0.06741806843702604,0.0313783502172102
ergo_adaptive,126.83333333333337,0.06953247549380366,0.03142023912622263
ergo_adaptive,126.91666666666663,0.06612006381272707,0.031473674814177205
ergo_adaptive,127.0,0.06680945108218746,0.03153729207482956
ergo_adaptive,127.08333333333337,0.066269161697774,0.03160714020282382
ergo_adaptive,127.16666666666663,0.06634999404243544,0.03166716770456326
ergo_adaptive,127.25,0.06787291640568952,0.031712932644257945
ergo_adaptive,127.33333333333337,0.06726503084233147,0.03174123173621556
ergo_adaptive,127.41666666666663,0.064901156755354,0.031751727468697345
ergo_adaptive,127.5,0.06371508399066671,0.03174991613450403
ergo_adaptive,127.58333333333337,0.06809617832657838,0.031741503718137234
ergo_adaptive,127.66666666666663,0.06739624082201101,0.03172549159647122
ergo_adaptive,127.75,0.06791051553276861,0.031695411182942154
ergo_adaptive,127.83333333333337,0.06380197496878662,0.031657599526965556
ergo_adaptive,127.91666666666663,0.06726568923955026,0.03162644025380681
ergo_adaptive,128.0,0.06812844006342539,0.03159324078133221
ergo_adaptive,128.08333333333337,0.0688170640984171,0.03153924426188317
ergo_adaptive,128.16666666666663,0.0688660639895916,0.03147254833092884
ergo_adaptive,128.25,0.06975029421741297,0.031413169045092074
ergo_adaptive,128.33333333333337,0.0708128050267658,0.031360841094960276
ergo_adaptive,128.41666666666663,0.06914742702421174,0.03129819994806258
ergo_adaptive,128.5,0.06808659361077714,0.031223345761672894
ergo_adaptive,128.58333333333337,0.06901100934938437,0.031146205673724867
ergo_adaptive,128.66666666666663,0.06726297093754856,0.031072153829898922
ergo_adaptive,128.75,0.07230806906189687,0.030995041628080675
ergo_adaptive,128.83333333333337,0.07188146614569801,0.030904884389881978
ergo_adaptive,128.91666666666663,0.07398189745941623,0.030802881810044546
ergo_adaptive,129.0,0.06913992591507254,0.0306960308530098
ergo_adaptive,129.08333333333337,0.06464178341958954,0.03058817993051121
ergo_adaptive,129.16666666666663,0.06676084949159923,0.03048307798598629
ergo_adaptive,129.25,0.06702042028699036,0.030371421633529967
ergo_adaptive,129.33333333333337,0.06575055498368522,0.030290926253914913
ergo_adaptive,129.41666666666663,0.0659105313982342,0.03031710203715913
ergo_adaptive,129.5,0.06801067623872085,0.030356429872693463
ergo_adaptive,129.58333333333337,0.06888287686534983,0.030414550756458762
ergo_adaptive,129.66666666666663,0.06947441336883782,0.03047200886025545
ergo_adaptive,129.75,0.06780707171773707,0.030540352332871386
ergo_adaptive,129.83333333333337,0.0682180572412337,0.030601695018389066
ergo_adaptive,129.91666666666663,0.06855361110610339,0.03067511253968087
ergo_adaptive,130.0,0.06799819281553302,0.03073091272223505
ergo_adaptive,130.08333333333337,0.06900281669915034,0.030794051820840804
ergo_adaptive,130.16666666666663,0.07041843600865688,0.030861865611319508
ergo_adaptive,130.25,0.06979127961073008,0.030939104670816363
ergo_adaptive,130.33333333333337,0.06978087150305202,0.031002414570117827
ergo_adaptive,130.41666666666663,0.06809742010315233,0.031080266818643225
ergo_adaptive,130.5,0.06792460801398553,0.03111971831574892
ergo_adaptive,130.58333333333337,0.07129746639518587,0.03111926340345091
ergo_adaptive,130.66666666666663,0.07055317020349089,0.031106325413388224
ergo_adaptive,130.75,0.0701572926178727,0.031135463022322805
ergo_adaptive,130.83333333333337,0.06996253794805442,0.031157041918791175
ergo_adaptive,130.91666666666663,0.067165563531756,0.031175484381452026
ergo_adaptive,131.0,0.06910935345074118,0.03117509597338464
ergo_adaptive,131.08333333333337,0.06614454786027989,0.03119156548959505
ergo_adaptive,131.16666666666663,0.06696975151102234,0.031205887651029628
ergo_adaptive,131.25,0.06680551942289145,0.031232552859030115
ergo_adaptive,131.33333333333337,0.06893012880763603,0.031264339784989485
ergo_adaptive,131.41666666666663,0.06665784020232769,0.03130606501128335
ergo_adaptive,131.5,0.062471523749515805,0.031323402229310404
ergo_adaptive,131.58333333333337,0.06264827589189678,0.03133286121355592
ergo_adaptive,131.66666666666663,0.06536583377329812,0.03135035456008826
ergo_adaptive,131.75,0.06569210068534528,0.031367045338290746
ergo_adaptive,131.83333333333337,0.06653955020830689,0.03140558182205471
ergo_adaptive,131.91666666666663,0.06476158211660622,0.031443878300776336
ergo_adaptive,132.0,0.06565191539749139,0.03148264970806671
ergo_adaptive,132.08333333333337,0.0647899549004357,0.031524960781793746
ergo_adaptive,132.16666666666663,0.06625764693389943,0.03155345303790917
ergo_adaptive,132.25,0.06689481010694248,0.03159831968848922
ergo_adaptive,132.33333333333337,0.06572116227241456,0.031639914941391664
ergo_adaptive,132.41666666666663,0.06339190221398007,0.031688432223749036
ergo_adaptive,132.5,0.06379944830269736,0.031729013883296554
ergo_adaptive,132.58333333333337,0.062406237371538185,0.031772660820421614
ergo_adaptive,132.66666666666663,0.06270263037646583,0.03180491553714613
ergo_adaptive,132.75,0.0614973465807492,0.031852210064748976
ergo_adaptive,132.83333333333337,0.06344206548413765,0.031895354327521
ergo_adaptive,132.91666666666663,0.06399111111103793,0.03193694596769119
ergo_adaptive,133.0,0.06517785067779126,0.03195962511526703
ergo_adaptive,133.08333333333337,0.06438814791274367,0.03199438970791468
ergo_adaptive,133.16666666666663,0.06464653555856076,0.032014029128868984
ergo_adaptive,133.25,0.06327173019521097,0.03205313582197194
ergo_adaptive,133.33333333333337,0.06630431640410246,0.03209917185926538
ergo_adaptive,133.41666666666663,0.06640675221999291,0.032142391408751816
ergo_adaptive,133.5,0.06681374861277493,0.032174375626888206
ergo_adaptive,133.58333333333337,0.06760467547503217,0.03221860233866278
ergo_adaptive,133.66666666666663,0.06777162293958587,0.03223603136213529
ergo_adaptive,133.75,0.06734622011924574,0.032281939514452206
ergo_adaptive,133.83333333333337,0.06333323551664315,0.03230632935618408
ergo_adaptive,133.91666666666663,0.06252673789253738,0.0323466383766611
ergo_adaptive,134.0,0.061804744829108034,0.032386176488205416
ergo_adaptive,134.08333333333337,0.05945778004138932,0.03242691869566139
ergo_adaptive,134.16666666666663,0.06187029922155576,0.032479156973740916
ergo_adaptive,134.25,0.05895769206478131,0.032530028836044264
ergo_adaptive,134.33333333333337,0.05366102304568123,0.03256233295541794
ergo_adaptive,134.41666666666663,0.05508564285258815,0.0326067999082552
ergo_adaptive,134.5,0.05187204109899145,0.03261687799224767
ergo_adaptive,134.58333333333337,0.05594668934347727,0.03261598472945521
ergo_adaptive,134.66666666666663,0.055713316005119126,0.03260699399045747
ergo_adaptive,134.75,0.056696969449302144,0.03263837233405269
ergo_adaptive,134.83333333333337,0.055176701730489136,0.03267643224139607
ergo_adaptive,134.91666666666663,0.05215430099358384,0.03274701423289949
ergo_adaptive,135.0,0.05175687070703222,0.03281278866121158
ergo_adaptive,135.08333333333337,0.052562155724563416,0.032857755354785245
ergo_adaptive,135.16666666666663,0.055083655236751766,0.03287816537698764
ergo_adaptive,135.25,0.059782776194697455,0.03286289070683613
ergo_adaptive,135.33333333333337,0.06008687988935665,0.032797872568433674
ergo_adaptive,135.41666666666663,0.055921889030031494,0.032694937735792365
ergo_adaptive,135.5,0.05870463956078318,0.03258001523930307
ergo_adaptive,135.58333333333337,0.061887699490119824,0.03248271635843548
ergo_adaptive,135.66666666666663,0.06091353444882834,0.03239260085751609
ergo_adaptive,135.75,0.0610700135381946,0.03230012607853833
ergo_adaptive,135.83333333333337,0.06958844267835101,0.03222014387208951
ergo_adaptive,135.91666666666663,0.0708562578049764,0.03218081932577709
ergo_adaptive,136.0,0.06817008250416012,0.03213710081439916
ergo_adaptive,136.08333333333337,0.06665145910369395,0.03207032565932085
ergo_adaptive,136.16666666666663,0.06961903893522679,0.03199535880697681
ergo_adaptive,136.25,0.07060213080358897,0.031934253480348646
ergo_adaptive,136.33333333333337,0.07179370060230673,0.031885759300971823
ergo_adaptive,136.41666666666663,0.07037235130785603,0.031831582729989094
ergo_adaptive,136.5,0.07277386224211292,0.031773059592543645
ergo_adaptive,136.58333333333337,0.0762540158701621,0.03172063851190454
ergo_adaptive,136.66666666666663,0.07504713853414305,0.031681828112935524
ergo_adaptive,136.75,0.07367568773725362,0.03166718822556932
ergo_adaptive,136.83333333333337,0.07586126047439914,0.03166018879122459
ergo_adaptive,136.91666666666663,0.07156817277833191,0.031660811010376336
ergo_adaptive,137.0,0.06725333104050667,0.031680498724597425
ergo_adaptive,137.08333333333337,0.06924545016783842,0.03171701342119692
ergo_adaptive,137.16666666666663,0.06835093900065375,0.03175162784136962
ergo_adaptive,137.25,0.07256808064849249,0.03178266514373572
ergo_adaptive,137.33333333333337,0.06892921291198185,0.031817258014862876
ergo_adaptive,137.41666666666663,0.06780262611587437,0.031857833748012744
ergo_adaptive,137.5,0.06532085946985011,0.031896144256715636
ergo_adaptive,137.58333333333337,0.06797088334260346,0.03192872441490969
ergo_adaptive,137.66666666666663,0.06517700778762113,0.03195786188093866
ergo_adaptive,137.75,0.0689252987581312,0.03199094662894005
ergo_adaptive,137.83333333333337,0.06444778972581806,0.03202769844345441
ergo_adaptive,137.91666666666663,0.06260641807572825,0.032066039224392044
ergo_adaptive,138.0,0.05747114567303826,0.03210332194735513
ergo_adaptive,138.08333333333337,0.05674372245277246,0.032149509187053685
ergo_adaptive,138.16666666666663,0.05729625180044891,0.0322122861594221
ergo_adaptive,138.25,0.05402886250226148,0.03227796845971452
ergo_adaptive,138.33333333333337,0.053308942564599865,0.03232869860248918
ergo_adaptive,138.41666666666663,0.0467670324254119,0.032409024580228485
ergo_adaptive,138.5,0.044515643198944965,0.032510340828670464
ergo_adaptive,138.58333333333337,0.04166960281204998,0.032595925575414915
ergo_adaptive,138.66666666666663,0.042260051190051676,0.032650140659130356
ergo_adaptive,138.75,0.040099148499757736,0.032676428133514526
ergo_adaptive,138.83333333333337,0.04016064689246138,0.03268817900462956
ergo_adaptive,138.91666666666663,0.04209203845579555,0.03269158153764488
ergo_adaptive,139.0,0.04410856260179903,0.03266927962144303
ergo_adaptive,139.08333333333337,0.04561380251685435,0.0326216804650613
ergo_adaptive,139.16666666666663,0.04880805521876286,0.0325657596910031
ergo_adaptive,139.25,0.04859766671481214,0.032512407320226436
ergo_adaptive,139.33333333333337,0.05160314927775188,0.032450912983267875
ergo_adaptive,139.41666666666663,0.053295402112833144,0.032374496795333295
ergo_adaptive,139.5,0.05715413363390053,0.032294058517876534
ergo_adaptive,139.58333333333337,0.058580282209216815,0.03221310948153817
ergo_adaptive,139.66666666666663,0.060755778705251735,0.0321292886727817
ergo_adaptive,139.75,0.057964898635709416,0.03203642779273659
ergo_adaptive,139.83333333333337,0.0605549113178729,0.03193620093467841
ergo_adaptive,139.91666666666663,0.05987263594595329,0.03184271700279771
ergo_adaptive,140.0,0.05818711903156419,0.03175999482763424
ergo_adaptive,140.08333333333337,0.06259962589591876,0.03167799369089512
ergo_adaptive,140.16666666666663,0.06126348266882077,0.03158651395376251
ergo_adaptive,140.25,0.06015084926739048,0.03149563215124568
ergo_adaptive,140.33333333333337,0.06256699487259365,0.03143470013588422
ergo_adaptive,140.41666666666663,0.06252721359445226,0.031380238853363336
ergo_adaptive,140.5,0.06127556575051682,0.031295889971373336
ergo_adaptive,140.58333333333337,0.06311717932879317,0.03119691788809838
ergo_adaptive,140.66666666666663,0.06286704140527762,0.03111493832016485
ergo_adaptive,140.75,0.06212275910140752,0.031058818666859788
ergo_adaptive,140.83333333333337,0.06056355800219097,0.030984887658598612
ergo_adaptive,140.91666666666663,0.06141924389492147,0.030895218191113676
ergo_adaptive,141.0,0.06176588833853799,0.030812991908212694
ergo_adaptive,141.08333333333337,0.06004600241691891,0.030749461912240723
ergo_adaptive,141.16666666666663,0.05824998196158133,0.030701353242733462
ergo_adaptive,141.25,0.059008462007188095,0.030667576802958372
ergo_adaptive,141.33333333333337,0.05971280438235306,0.030649340791759443
ergo_adaptive,141.41666666666663,0.05603050194403914,0.03065200347183936
ergo_adaptive,141.5,0.05449883074120894,0.030686297233539314
ergo_adaptive,141.58333333333337,0.053308146318371656,0.0307430326861791
ergo_adaptive,141.66666666666663,0.05356862739695206,0.0308049284735933
ergo_adaptive,141.75,0.054867505397325045,0.030873848048910933
ergo_adaptive,141.83333333333337,0.053988433381615804,0.030942789078517094
ergo_adaptive,141.91666666666663,0.054392128575893275,0.03100781707188074
ergo_adaptive,142.0,0.054763650662367006,0.0310687231150335
ergo_adaptive,142.08333333333337,0.05594336204507125,0.031128591019210002
ergo_adaptive,142.16666666666663,0.055759162809783165,0.031175087218662856
ergo_adaptive,142.25,0.054658582973161327,0.03120510084295591
ergo_adaptive,142.33333333333337,0.053942673394349286,0.031229120466955414
ergo_adaptive,142.41666666666663,0.0515473342729458,0.03125319991386617
ergo_adaptive,142.5,0.05400501020738008,0.031267818522985
ergo_adaptive,142.58333333333337,0.0526798333339747,0.031310730780741064
ergo_adaptive,142.66666666666663,0.052781907471980166,0.03134336394613595
ergo_adaptive,142.75,0.0538439680604145,0.03137465713008599
ergo_adaptive,142.83333333333337,0.053810117375323534,0.03140521320601816
ergo_adaptive,142.91666666666663,0.053542452624532624,0.03143098542341561
ergo_adaptive,143.0,0.05433960268895437,0.031445327384554
ergo_adaptive,143.08333333333337,0.05301674981899102,0.031452060427693315
ergo_adaptive,143.16666666666663,0.055735596082028556,0.03146622773689681
ergo_adaptive,143.25,0.05658872568633008,0.031491865454492396
ergo_adaptive,143.33333333333337,0.054190468953805596,0.03151036650751184
ergo_adaptive,143.41666666666663,0.05368552547355544,0.03155759194995718
ergo_adaptive,143.5,0.05014837840791227,0.03162601516167109
ergo_adaptive,143.58333333333337,0.05187345512238761,0.0316842711787346
ergo_adaptive,143.66666666666663,0.05420586621828416,0.031725137229595406
ergo_adaptive,143.75,0.052730503841539135,0.03177362427278913
ergo_adaptive,143.83333333333337,0.050173200842489066,0.03183396659343308
ergo_adaptive,143.91666666666663,0.04932094174102565,0.03187595450873569
ergo_adaptive,144.0,0.048141860935813324,0.031911687312057985
ergo_adaptive,144.08333333333337,0.050522755733279676,0.031970476570214214
ergo_adaptive,144.16666666666663,0.04975948414510367,0.032030938559337384
ergo_adaptive,144.25,0.04940627385559444,0.032073857412488006
ergo_adaptive,144.33333333333337,0.04652060439754304,0.032112169360675256
ergo_adaptive,144.41666666666663,0.04550302984472565,0.032146519831717346
ergo_adaptive,144.5,0.0473149544456065,0.03219847259312809
ergo_adaptive,144.58333333333337,0.04848127455228182,0.03223924529386319
ergo_adaptive,144.66666666666663,0.04734976112536235,0.03228571062664069
ergo_adaptive,144.75,0.04667412193447427,0.032335547325163444
ergo_adaptive,144.83333333333337,0.044581937777969635,0.032366900732362376
ergo_adaptive,144.91666666666663,0.04185627586779748,0.03239263281001909
ergo_adaptive,145.0,0.04183450021085479,0.03241805557929765
ergo_adaptive,145.08333333333337,0.04220355766811224,0.032464767136813455
ergo_adaptive,145.16666666666663,0.042895998040465656,0.0325298100654432
ergo_adaptive,145.25,0.04587072090506264,0.032585376454574703
ergo_adaptive,145.33333333333337,0.04641744267934748,0.03262696984969271
ergo_adaptive,145.41666666666663,0.048304694403669246,0.032651847204887424
ergo_adaptive,145.5,0.05074178964736367,0.03266169229025517
ergo_adaptive,145.58333333333337,0.04942426000640846,0.03265847910775379
ergo_adaptive,145.66666666666663,0.050453656403353704,0.032645808457152564
ergo_adaptive,145.75,0.051748196081209744,0.032631958998099245
ergo_adaptive,145.83333333333337,0.05439437683486772,0.03261650371673704
ergo_adaptive,145.91666666666663,0.053021761711433364,0.03259013585822621
ergo_adaptive,146.0,0.05146828549194573,0.03255586931704564
ergo_adaptive,146.08333333333337,0.049434362295639224,0.03252725380656015
ergo_adaptive,146.16666666666663,0.05406240593755876,0.03250508165847194
ergo_adaptive,146.25,0.05493249574833838,0.032460471010256516
ergo_adaptive,146.33333333333337,0.05264187358685887,0.032395227718306274
ergo_adaptive,146.41666666666663,0.057219495889419575,0.03232880930612054
ergo_adaptive,146.5,0.0567022381936753,0.032281750211572584
ergo_adaptive,146.58333333333337,0.056975862123895354,0.03223871987880636
ergo_adaptive,146.66666666666663,0.056827592771822685,0.03218615435695178
ergo_adaptive,146.75,0.05656362286763949,0.03213292831778945
ergo_adaptive,146.83333333333337,0.05816754270101638,0.03208849124111626
ergo_adaptive,146.91666666666663,0.05765962888779809,0.03205797821617047
ergo_adaptive,147.0,0.05510421998557157,0.03203756867541596
ergo_adaptive,147.08333333333337,0.05733619311095453,0.0320273226470553
ergo_adaptive,147.16666666666663,0.05817160293990549,0.03202875662255264
ergo_adaptive,147.25,0.057936922710395626,0.03204660870123448
ergo_adaptive,147.33333333333337,0.05628560556936096,0.0320763594722206
ergo_adaptive,147.41666666666663,0.05804882974834081,0.03209770379927343
ergo_adaptive,147.5,0.05190956319378543,0.03211583016307008
ergo_adaptive,147.58333333333337,0.05226804020769714,0.03213321496423749
ergo_adaptive,147.66666666666663,0.05408130940878626,0.03215678147865371
ergo_adaptive,147.75,0.04997052354450245,0.03218841030510508
ergo_adaptive,147.83333333333337,0.052085648910417975,0.03221547570414458
ergo_adaptive,147.91666666666663,0.05579630167239918,0.03225318497608756
ergo_adaptive,148.0,0.05710064624287112,0.032300565722274646
ergo_adaptive,148.08333333333337,0.053340038591317904,0.03235373493048349
ergo_adaptive,148.16666666666663,0.053763869974071905,0.032409100968155365
ergo_adaptive,148.25,0.052099686705696424,0.03246348038510277
ergo_adaptive,148.33333333333337,0.048509087322212506,0.03252036939138342
ergo_adaptive,148.41666666666663,0.04838197492221682,0.03258149263818899
ergo_adaptive,148.5,0.050223006185401264,0.03263216301714964
ergo_adaptive,148.58333333333337,0.042942323878392114,0.0326695749058756
ergo_adaptive,148.66666666666663,0.04593422604982547,0.032733610416435924
ergo_adaptive,148.75,0.05018809270862592,0.032813711230047955
ergo_adaptive,148.83333333333337,0.05243227443866506,0.0328900961136317
ergo_adaptive,148.91666666666663,0.054621434890335246,0.03294837495324543
ergo_adaptive,149.0,0.05436032342189247,0.032987507792178426
ergo_adaptive,149.08333333333337,0.055043204225722064,0.03301206863050531
ergo_adaptive,149.16666666666663,0.05619372869016877,0.03302473599160433
ergo_adaptive,149.25,0.05554066217701542,0.03301874389210753
ergo_adaptive,149.33333333333337,0.05362147279113999,0.03299194760776191
ergo_adaptive,149.41666666666663,0.053100675617080186,0.032950664698447804
ergo_adaptive,149.5,0.05104510650041358,0.03290150502047267
ergo_adaptive,149.58333333333337,0.05269797994358418,0.03284128997661802
ergo_adaptive,149.66666666666663,0.05463427364478305,0.03276572727663325
ergo_adaptive,149.75,0.055882369170562,0.03267969246470535
ergo_adaptive,149.83333333333337,0.056007495363633246,0.032595386053001836
ergo_adaptive,149.91666666666663,0.0559601276501335,0.03251301729970583
ergo_adaptive,150.0,0.05472787840709236,0.03242578557134833
ergo_adaptive,150.08333333333337,0.054466564053040255,0.03233501572113475
ergo_adaptive,150.16666666666663,0.055484107469193786,0.03225458616627032
ergo_adaptive,150.25,0.056073740288360395,0.03219332977433506
ergo_adaptive,150.33333333333337,0.05371546339611078,0.03213578347923502
ergo_adaptive,150.41666666666663,0.053491798776984824,0.03206710949547245
ergo_adaptive,150.5,0.05684286068632107,0.031996877077945136
ergo_adaptive,150.58333333333337,0.05503015674943481,0.03194629753366916
ergo_adaptive,150.66666666666663,0.054153689911882116,0.031904555155586406
ergo_adaptive,150.75,0.05473327100233007,0.03185001845192777
ergo_adaptive,150.83333333333337,0.05453733819073993,0.031785646489718516
ergo_adaptive,150.91666666666663,0.057925102557116075,0.03172637329943326
ergo_adaptive,151.0,0.056598257375407565,0.031675152220389025
ergo_adaptive,151.08333333333337,0.05390347731555569,0.03163465118873866
ergo_adaptive,151.16666666666663,0.054064538570240586,0.03160203605473542
ergo_adaptive,151.25,0.056314412338824435,0.031578902634167225
ergo_adaptive,151.33333333333337,0.05170469478187571,0.03156352940781238
ergo_adaptive,151.41666666666663,0.052767467233155924,0.03156220271742617
ergo_adaptive,151.5,0.04904359172494727,0.031570077987696614
ergo_adaptive,151.58333333333337,0.048672438657413324,0.03158760131018287
ergo_adaptive,151.66666666666663,0.04785812160324272,0.031621793888114175
ergo_adaptive,151.75,0.05156544777138031,0.03167666002114858
ergo_adaptive,151.83333333333337,0.05318054257881688,0.031744028172236156
ergo_adaptive,151.91666666666663,0.05284760212786571,0.03182257835148741
ergo_adaptive,152.0,0.052591200656673005,0.031896623314658805
ergo_adaptive,152.08333333333337,0.05321609790754763,0.031963461797695804
ergo_adaptive,152.16666666666663,0.054362362927930175,0.03202676939423063
ergo_adaptive,152.25,0.05328025172334384,0.032082963284679133
ergo_adaptive,152.33333333333337,0.05472893743544984,0.0321228696802728
ergo_adaptive,152.41666666666663,0.05466326933353015,0.03214900948101562
ergo_adaptive,152.5,0.05315934168178056,0.03217117080869525
ergo_adaptive,152.58333333333337,0.0532575687824208,0.032195141178307546
ergo_adaptive,152.66666666666663,0.052239814183197765,0.0322070228364682
ergo_adaptive,152.75,0.052597128609586055,0.03220300111910915
ergo_adaptive,152.83333333333337,0.05215725010075996,0.03219175882570499
ergo_adaptive,152.91666666666663,0.05240217292318293,0.032182778322094464
ergo_adaptive,153.0,0.048259521886009106,0.03217495594627987
ergo_adaptive,153.08333333333337,0.046690633475213524,0.03214818146427654
ergo_adaptive,153.16666666666663,0.04897103410234735,0.03212965603697883
ergo_adaptive,153.25,0.051190581062725234,0.03212954596374057
ergo_adaptive,153.33333333333337,0.04955332121226264,0.032130194281284295
ergo_adaptive,153.41666666666663,0.04918878539777434,0.032121599470920074
ergo_adaptive,153.5,0.05057451083765306,0.0321059177696868
ergo_adaptive,153.58333333333337,0.049835418405436385,0.03208771428565936
ergo_adaptive,153.66666666666663,0.05407139024966676,0.032063668141086556
ergo_adaptive,153.75,0.05476148566058468,0.03202459008957045
ergo_adaptive,153.83333333333337,0.0553642013629688,0.03197466017852705
ergo_adaptive,153.91666666666663,0.05816056576445326,0.03192282410615886
ergo_adaptive,154.0,0.056739870069007554,0.03186305843582875
ergo_adaptive,154.08333333333337,0.05644015372514858,0.03177946908686854
ergo_adaptive,154.16666666666663,0.055598997976016015,0.031689181495055806
ergo_adaptive,154.25,0.05390542147712292,0.03162231900310197
ergo_adaptive,154.33333333333337,0.05578296998519865,0.03157267657996564
ergo_adaptive,154.41666666666663,0.052009361258355494,0.03152180090106805
ergo_adaptive,154.5,0.052511146725842804,0.03148174946091343
ergo_adaptive,154.58333333333337,0.051738944159393334,0.03147230580529154
ergo_adaptive,154.66666666666663,0.048225789350061846,0.03149544200687925
ergo_adaptive,154.75,0.04589950499902118,0.031552197308364026
ergo_adaptive,154.83333333333337,0.04662239174917677,0.03163860075235109
ergo_adaptive,154.91666666666663,0.0437416231526717,0.03173455149445029
ergo_adaptive,155.0,0.04390239868800392,0.031824977590053115
ergo_adaptive,155.08333333333337,0.04288040087788834,0.03190544827289064
ergo_adaptive,155.16666666666663,0.045433496803519095,0.031976187276534486
ergo_adaptive,155.25,0.043532747865738755,0.032038154579251334
ergo_adaptive,155.33333333333337,0.04253327287983645,0.032092574445967255
ergo_adaptive,155.41666666666663,0.04545538580862136,0.032142038443995075
ergo_adaptive,155.5,0.04560126851498439,0.03218283084185937
ergo_adaptive,155.58333333333337,0.042908423500111655,0.032213548662254336
ergo_adaptive,155.66666666666663,0.042975818504152635,0.03223513710198391
ergo_adaptive,155.75,0.04467509355966232,0.032250367746674315
ergo_adaptive,155.83333333333337,0.04516881188391831,0.032259761454728364
ergo_adaptive,155.91666666666663,0.043718250045983315,0.032263346171378236
ergo_adaptive,156.0,0.044581603827404545,0.03225992291775583
ergo_adaptive,156.08333333333337,0.04363195226735291,0.03225671938150424
ergo_adaptive,156.16666666666663,0.04520282080267516,0.03225521085860116
ergo_adaptive,156.25,0.04884615080994187,0.032242680602599334
ergo_adaptive,156.33333333333337,0.050271233641448,0.03221729254824736
ergo_adaptive,156.41666666666663,0.0478705401457076,0.03219492996600441
ergo_adaptive,156.5,0.04658397084379771,0.032176276521626274
ergo_adaptive,156.58333333333337,0.04548889935288814,0.03214610247141465
ergo_adaptive,156.66666666666663,0.04752636449704864,0.03210036642649924
ergo_adaptive,156.75,0.05127547659122834,0.03204919950217398
ergo_adaptive,156.83333333333337,0.050066737044033464,0.03200265919529397
ergo_adaptive,156.91666666666663,0.05087564284831202,0.03196296047863323
ergo_adaptive,157.0,0.05005200169844347,0.03192963086595757
ergo_adaptive,157.08333333333337,0.05120933670931292,0.03189469139121377
ergo_adaptive,157.16666666666663,0.054690583253811056,0.03186102474373938
ergo_adaptive,157.25,0.05686420102686318,0.031829730141147906
ergo_adaptive,157.33333333333337,0.05517240877123786,0.031790478143140025
ergo_adaptive,157.41666666666663,0.052542406804525675,0.031725358560319286
ergo_adaptive,157.5,0.05656192526994925,0.03164392539142632
ergo_adaptive,157.58333333333337,0.0579776977298013,0.03155102303478793
ergo_adaptive,157.66666666666663,0.05893122531353259,0.03145391095972157
ergo_adaptive,157.75,0.06237086649485897,0.031348862222217826
ergo_adaptive,157.83333333333337,0.06640971049587274,0.031231646990899784
ergo_adaptive,157.91666666666663,0.0633800249827725,0.031105291816388745
ergo_adaptive,158.0,0.06141422790502407,0.031013752342896585
ergo_adaptive,158.08333333333337,0.05899956213894911,0.03094915722949933
ergo_adaptive,158.16666666666663,0.059411722756612564,0.030841482665442812
ergo_adaptive,158.25,0.05878114272602345,0.03069834136893854
ergo_adaptive,158.33333333333337,0.0614361594992124,0.030559832289594507
ergo_adaptive,158.41666666666663,0.06059844912004496,0.030443897469403278
ergo_adaptive,158.5,0.05910140758264337,0.030334573599924097
ergo_adaptive,158.58333333333337,0.058579835298598414,0.030218571919078674
ergo_adaptive,158.66666666666663,0.04901330719360065,0.030105421267019164
ergo_adaptive,158.75,0.04124342881926529,0.030001732250293178
ergo_adaptive,158.83333333333337,0.04029716004929275,0.029896415331187712
ergo_adaptive,158.91666666666663,0.03993090133711817,0.029779763917697176
ergo_adaptive,159.0,0.04491763852647644,0.029640564432037428
ergo_adaptive,159.08333333333337,0.03537476808333255,0.029499914943503413
ergo_adaptive,159.16666666666663,0.033386887895773695,0.029403056345970013
ergo_adaptive,159.25,0.034993514948252855,0.02931900856464553
ergo_adaptive,159.33333333333337,0.03399936386798084,0.029221584952277044
ergo_adaptive,159.41666666666663,0.034151670156516954,0.029133327541870847
ergo_adaptive,159.5,0.03320332927575176,0.029064369240586446
ergo_adaptive,159.58333333333337,0.033006826308029834,0.029022734888833845
ergo_adaptive,159.66666666666663,0.03532601550643231,0.028966522799924007
ergo_adaptive,159.75,0.04000725819355764,0.028878478258953233
ergo_adaptive,159.83333333333337,0.03821306388692005,0.028763698586620617
ergo_adaptive,159.91666666666663,0.03972122573373108,0.02864496221636008
ergo_adaptive,160.0,0.03843415917441548,0.028528545933914778
ergo_adaptive,160.08333333333337,0.04068167037514794,0.02841851045512667
ergo_adaptive,160.16666666666663,0.04208358177522133,0.028296250748023208
ergo_adaptive,160.25,0.040784739832947434,0.02816715618291605
ergo_adaptive,160.33333333333337,0.04248647261576955,0.02807214571761769
ergo_adaptive,160.41666666666663,0.04292603595842738,0.02799655466168155
ergo_adaptive,160.5,0.04406283224538406,0.02787656417178361
ergo_adaptive,160.58333333333337,0.046545181519997994,0.02772333229242179
ergo_adaptive,160.66666666666663,0.047707844896243426,0.02756659591221352
ergo_adaptive,160.75,0.04712409490508203,0.027425243505039356
ergo_adaptive,160.83333333333337,0.04513316183411394,0.02730234522222746
ergo_adaptive,160.91666666666663,0.04811252898965198,0.027189280300922068
ergo_adaptive,161.0,0.044786555001701776,0.027073652701501253
ergo_adaptive,161.08333333333337,0.04508678883430741,0.02698398536990523
ergo_adaptive,161.16666666666663,0.04176605260533639,0.026953695689506722
ergo_adaptive,161.25,0.04172659038442241,0.02693134751058305
ergo_adaptive,161.33333333333337,0.041934509969072005,0.026887364196922316
ergo_adaptive,161.41666666666663,0.0402777911545874,0.026839696770521837
ergo_adaptive,161.5,0.04279806505143474,0.026807672137474023
ergo_adaptive,161.58333333333337,0.040360830366206246,0.02680539793970947
ergo_adaptive,161.66666666666663,0.041439185696761874,0.026813887760383348
ergo_adaptive,161.75,0.04250979219719709,0.026829703008556856
ergo_adaptive,161.83333333333337,0.042184814865899395,0.026842385846173326
ergo_adaptive,161.91666666666663,0.043818139859682984,0.02686128068549348
ergo_adaptive,162.0,0.04260622304732948,0.026897813251748105
ergo_adaptive,162.08333333333337,0.04133585878549585,0.026942359123220166
ergo_adaptive,162.16666666666663,0.04177523427136064,0.026987154648290036
ergo_adaptive,162.25,0.04010712646965383,0.027034127503619908
ergo_adaptive,162.33333333333337,0.03983245960815498,0.027091953638099135
ergo_adaptive,162.41666666666663,0.039305275500369115,0.027157149764907622
ergo_adaptive,162.5,0.039198424309384285,0.02722282032852641
ergo_adaptive,162.58333333333337,0.037848319923227694,0.02728223856696333
ergo_adaptive,162.66666666666663,0.03723868855386614,0.027331503031229592
ergo_adaptive,162.75,0.03661141604834933,0.027369587112282254
ergo_adaptive,162.83333333333337,0.037522316909014655,0.027401286996467687
ergo_adaptive,162.91666666666663,0.03826096359822263,0.02743111075589328
ergo_adaptive,163.0,0.03877022709515844,0.027452775983408402
ergo_adaptive,163.08333333333337,0.038499648064932314,0.027460907764372766
ergo_adaptive,163.16666666666663,0.03728440380467469,0.027468415964851427
ergo_adaptive,163.25,0.03707004335212763,0.027482855364920806
ergo_adaptive,163.33333333333337,0.03778973699102256,0.027496619428979997
ergo_adaptive,163.41666666666663,0.037728296450494275,0.0274937922185611
ergo_adaptive,163.5,0.037842165218959896,0.02748280438646518
ergo_adaptive,163.58333333333337,0.042244277186249436,0.02748180596050673
ergo_adaptive,163.66666666666663,0.040654994458238614,0.02748588238625176
ergo_adaptive,163.75,0.03896553763497623,0.027483986093736486
ergo_adaptive,163.83333333333337,0.03854140271241606,0.027474448999054532
ergo_adaptive,163.91666666666663,0.041163682754851265,0.02746636178856925
ergo_adaptive,164.0,0.043916325102348,0.027466624572136777
ergo_adaptive,164.08333333333337,0.0454648444607834,0.027474531512411367
ergo_adaptive,164.16666666666663,0.04560300693884438,0.027486868675845356
ergo_adaptive,164.25,0.043485959215433974,0.0274994683173369
ergo_adaptive,164.33333333333337,0.04051841743873041,0.02752306007523439
ergo_adaptive,164.41666666666663,0.04134324919988184,0.027561075956778636
ergo_adaptive,164.5,0.040940404136461044,0.027606488524568026
ergo_adaptive,164.58333333333337,0.04280899805742072,0.027649338843982792
ergo_adaptive,164.66666666666663,0.04216376019517027,0.027698001771319567
ergo_adaptive,164.75,0.04467419442722682,0.027755158643270026
ergo_adaptive,164.83333333333337,0.04283214099742367,0.02781537660812562
ergo_adaptive,164.91666666666663,0.041841225174072294,0.027877030187300464
ergo_adaptive,165.0,0.042433250329757546,0.02793923676306933
ergo_adaptive,165.08333333333337,0.04492463334666362,0.027999074553311208
ergo_adaptive,165.16666666666663,0.043578531247763605,0.028057242478292825
ergo_adaptive,165.25,0.043052611300258184,0.028109129020825796
ergo_adaptive,165.33333333333337,0.04153470210737642,0.028154105963797856
ergo_adaptive,165.41666666666663,0.04388400330963272,0.028199494912017276
ergo_adaptive,165.5,0.04394706295177706,0.028248606717320192
ergo_adaptive,165.58333333333337,0.037224468095175156,0.028280415471174405
ergo_adaptive,165.66666666666663,0.03942163205541289,0.028287405952654398
ergo_adaptive,165.75,0.04223747463001634,0.02828506349378742
ergo_adaptive,165.83333333333337,0.042129968896711466,0.028290206116137438
ergo_adaptive,165.91666666666663,0.04005056469216348,0.028287531798666783
ergo_adaptive,166.0,0.043311634582257445,0.028263380092142153
ergo_adaptive,166.08333333333337,0.040589234547210785,0.028230984794786463
ergo_adaptive,166.16666666666663,0.039996084559243125,0.028197939646578064
ergo_adaptive,166.25,0.037388526976262194,0.02815849215236064
ergo_adaptive,166.33333333333337,0.03854032372871559,0.0281025481228465
ergo_adaptive,166.41666666666663,0.03891880435384694,0.028031561582127967
ergo_adaptive,166.5,0.04161398902274521,0.027953532283774188
ergo_adaptive,166.58333333333337,0.038824898716459756,0.02788372064308279
ergo_adaptive,166.66666666666663,0.03979934019752872,0.02781529059473983
ergo_adaptive,166.75,0.04086068209078033,0.02770185754024213
ergo_adaptive,166.83333333333337,0.034954967397857424,0.02755872076765659
ergo_adaptive,166.91666666666663,0.03727870925515579,0.027417106763743992
ergo_adaptive,167.0,0.03649363745452867,0.02728060451314344
ergo_adaptive,167.08333333333337,0.036866192316543256,0.0271641158726232
ergo_adaptive,167.16666666666663,0.03255647627063603,0.02707278280659072
ergo_adaptive,167.25,0.030600686068312875,0.02697185870596451
ergo_adaptive,167.33333333333337,0.026957475832558208,0.0268603525900078
ergo_adaptive,167.41666666666663,0.02700857711685258,0.02678397760237161
ergo_adaptive,167.5,0.02712019518278085,0.026725128887442974
ergo_adaptive,167.58333333333337,0.0298288404917673,0.026678382966645885
ergo_adaptive,167.66666666666663,0.029292253329198294,0.026655441541290677
ergo_adaptive,167.75,0.030990361714537236,0.026659600328553884
ergo_adaptive,167.83333333333337,0.034790840588881815,0.02662734892686316
ergo_adaptive,167.91666666666663,0.033522731965034774,0.0265515250173155
ergo_adaptive,168.0,0.03597482637459947,0.026456938982027427
ergo_adaptive,168.08333333333337,0.034913850463988795,0.02637361723515646
ergo_adaptive,168.16666666666663,0.03320154145695135,0.02630641188884854
ergo_adaptive,168.25,0.03275660341549702,0.026251177184305845
ergo_adaptive,168.33333333333337,0.031183826117403255,0.02618457804959548
ergo_adaptive,168.41666666666663,0.03127382126993191,0.026097610179924506
ergo_adaptive,168.5,0.030944518651032746,0.026012481154319977
ergo_adaptive,168.58333333333337,0.03384571907971592,0.025936585676991294
ergo_adaptive,168.66666666666663,0.03128259186391207,0.025866944167974533
ergo_adaptive,168.75,0.032681084589244964,0.025811512176779867
ergo_adaptive,168.83333333333337,0.03289121586195481,0.025762463061244915
ergo_adaptive,168.91666666666663,0.03162339431973459,0.025721493968328225
ergo_adaptive,169.0,0.034489705389153386,0.025697305759700893
ergo_adaptive,169.08333333333337,0.03477140089048914,0.0256892804779386
ergo_adaptive,169.16666666666663,0.03168627113985162,0.025672950083970757
ergo_adaptive,169.25,0.0323186998587927,0.025654091183086376
ergo_adaptive,169.33333333333337,0.03414690207856779,0.025636357213638085
ergo_adaptive,169.41666666666663,0.033694804115273154,0.025624505602423173
ergo_adaptive,169.5,0.03716102506346684,0.0256270816546209
ergo_adaptive,169.58333333333337,0.037636459473706384,0.025630869882629102
ergo_adaptive,169.66666666666663,0.03866006992070424,0.02563586105099292
ergo_adaptive,169.75,0.03463508470105269,0.025657120770424365
ergo_adaptive,169.83333333333337,0.037055641811597616,0.025696556164230697
ergo_adaptive,169.91666666666663,0.038916426587272845,0.02573692141724347
ergo_adaptive,170.0,0.03642368879629115,0.025775958277784047
ergo_adaptive,170.08333333333337,0.03680722634785849,0.02582338190897965
ergo_adaptive,170.16666666666663,0.03588505212357374,0.025886382877612
ergo_adaptive,170.25,0.037620832826710214,0.025967867015899735
ergo_adaptive,170.33333333333337,0.0353669034584653,0.026061761014795924
ergo_adaptive,170.41666666666663,0.03522086344500924,0.02615561280411463
ergo_adaptive,170.5,0.03094025262260506,0.026248053975206256
ergo_adaptive,170.58333333333337,0.03335646951144404,0.026344406920538736
ergo_adaptive,170.66666666666663,0.03212416488052538,0.02644584963597725
ergo_adaptive,170.75,0.03161868484731475,0.026542007777816002
ergo_adaptive,170.83333333333337,0.030475435192570798,0.02662439952366872
ergo_adaptive,170.91666666666663,0.030980570246112976,0.026692927141255787
ergo_adaptive,171.0,0.03030718322408459,0.02675317517239395
ergo_adaptive,171.08333333333337,0.030075676442036636,0.02680421670205373
ergo_adaptive,171.16666666666663,0.028923752516918585,0.026846914514690377
ergo_adaptive,171.25,0.027657349639839894,0.026880627734707778
ergo_adaptive,171.33333333333337,0.027838588871511957,0.026932142325790862
ergo_adaptive,171.41666666666663,0.03006967469241853,0.027011665592790366
ergo_adaptive,171.5,0.02875613760832389,0.027103457524302682
ergo_adaptive,171.58333333333337,0.02992381295685922,0.027186924979827568
ergo_adaptive,171.66666666666663,0.027312173508959276,0.027256975047898587
ergo_adaptive,171.75,0.027654966770511016,0.027315814313141847
ergo_adaptive,171.83333333333337,0.025018646196492595,0.027363920061100236
ergo_adaptive,171.91666666666663,0.025870493278060572,0.027397856594036502
ergo_adaptive,172.0,0.022999807566533456,0.027424453143544737
ergo_adaptive,172.08333333333337,0.02216749332868833,0.02746605819624866
ergo_adaptive,172.16666666666663,0.021354579257222825,0.027542243537895698
ergo_adaptive,172.25,0.020371343238567353,0.02765340561133364
ergo_adaptive,172.33333333333337,0.021320562733437954,0.027766087279340254
ergo_adaptive,172.41666666666663,0.020863081639332575,0.027869274141091575
ergo_adaptive,172.5,0.018786045792495893,0.027959270034310812
ergo_adaptive,172.58333333333337,0.020097824322203285,0.028035111010766476
ergo_adaptive,172.66666666666663,0.01739817353611739,0.028098544696507164
ergo_adaptive,172.75,0.019141585752542833,0.02815136922343261
ergo_adaptive,172.83333333333337,0.021937600843926732,0.028189662834836614
ergo_adaptive,172.91666666666663,0.02071776059087797,0.028211970736548072
ergo_adaptive,173.0,0.018752554672186977,0.02821987336919037
ergo_adaptive,173.08333333333337,0.01924150437605622,0.028212172150351354
ergo_adaptive,173.16666666666663,0.01925686577267652,0.028186658239331492
ergo_adaptive,173.25,0.02318947646180455,0.028148415506465824
ergo_adaptive,173.33333333333337,0.022439411699008083,0.028106930468144577
ergo_adaptive,173.41666666666663,0.02124296504098651,0.02807022796582588
ergo_adaptive,173.5,0.020427184079622508,0.028026103086217457
ergo_adaptive,173.58333333333337,0.022866930708441497,0.02797125832535564
ergo_adaptive,173.66666666666663,0.023809516807910148,0.02791997443185875
ergo_adaptive,173.75,0.02112675204443739,0.027880406943610492
ergo_adaptive,173.83333333333337,0.025749163928445125,0.027834637844407192
ergo_adaptive,173.91666666666663,0.026948425035668345,0.02776963673680022
ergo_adaptive,174.0,0.02976660895837939,0.0276951787684839
ergo_adaptive,174.08333333333337,0.03141167051269351,0.027624443208399154
ergo_adaptive,174.16666666666663,0.028625382946697347,0.027565843695990994
ergo_adaptive,174.25,0.028289042756988077,0.027519690458488465
ergo_adaptive,174.33333333333337,0.027106536563192677,0.02747503648788208
ergo_adaptive,174.41666666666663,0.031222184745744955,0.027422203804354124
ergo_adaptive,174.5,0.032885303538456874,0.027372697431177716
ergo_adaptive,174.58333333333337,0.031797063049575906,0.02733314084128791
ergo_adaptive,174.66666666666663,0.0352527924355362,0.02729184941025777
ergo_adaptive,174.75,0.0373031180835067,0.02725318577554959
ergo_adaptive,174.83333333333337,0.035916407654538136,0.027222943986577663
ergo_adaptive,174.91666666666663,0.03731288664160755,0.027196005613563924
ergo_adaptive,175.0,0.039827785918547916,0.027171294952997298
ergo_adaptive,175.08333333333337,0.038812328387049774,0.02714680027656958
ergo_adaptive,175.16666666666663,0.03908569896952754,0.027125854186444105
ergo_adaptive,175.25,0.04422253035697289,0.027122645395316353
ergo_adaptive,175.33333333333337,0.04198594958944252,0.02713865662145173
ergo_adaptive,175.41666666666663,0.04192707491617295,0.027143179084874333
ergo_adaptive,175.5,0.04216494031263159,0.027132591227043815
ergo_adaptive,175.58333333333337,0.04175598871292537,0.027122885588021575
ergo_adaptive,175.66666666666663,0.036159356102422116,0.027126439558578946
ergo_adaptive,175.75,0.03776115499995328,0.02714215097867211
ergo_adaptive,175.83333333333337,0.04096443887848508,0.027166785267301735
ergo_adaptive,175.91666666666663,0.03799123706476879,0.027178892989097897
ergo_adaptive,176.0,0.035949917704264256,0.027174834633837477
ergo_adaptive,176.08333333333337,0.041578324143847656,0.027163643924067945
ergo_adaptive,176.16666666666663,0.04022345744670815,0.027153773764798574
ergo_adaptive,176.25,0.045708019498026206,0.027153622961968486
ergo_adaptive,176.33333333333337,0.0417031378951598,0.02717161689816278
ergo_adaptive,176.41666666666663,0.03408496722718335,0.027188983945636125
ergo_adaptive,176.5,0.029002948371399804,0.027197436910442192
ergo_adaptive,176.58333333333337,0.023374357810667625,0.027206894947477033
ergo_adaptive,176.66666666666663,0.028114203114683038,0.027274341650913168
ergo_adaptive,176.75,0.026807557045617665,0.027351752984500315
ergo_adaptive,176.83333333333337,0.029070051731894808,0.027443463429261246
ergo_adaptive,176.91666666666663,0.027834214724411416,0.027542490761257712
ergo_adaptive,177.0,0.026640483442545205,0.027646850224549737
ergo_adaptive,177.08333333333337,0.02713460774957777,0.027746736946511627
ergo_adaptive,177.16666666666663,0.02556234234554203,0.027838782024784854
ergo_adaptive,177.25,0.02775292185764379,0.02793281469415139
ergo_adaptive,177.33333333333337,0.026736860090017217,0.028027342172636496
ergo_adaptive,177.41666666666663,0.02558088499070877,0.02811804833569828
ergo_adaptive,177.5,0.02548440084881559,0.02818540448115604
ergo_adaptive,177.58333333333337,0.025359159411618707,0.02822565325059547
ergo_adaptive,177.66666666666663,0.02424358611301539,0.02824744937302229
ergo_adaptive,177.75,0.02540239389987531,0.028264912994571578
ergo_adaptive,177.83333333333337,0.025745289234290848,0.028267876116598107
ergo_adaptive,177.91666666666663,0.02681038629666341,0.028240713836441632
ergo_adaptive,178.0,0.029079511408181134,0.028188823242794037
ergo_adaptive,178.08333333333337,0.029458128518167898,0.02813445841101704
ergo_adaptive,178.16666666666663,0.028345329242523514,0.028076038744690383
ergo_adaptive,178.25,0.0260023940983235,0.027990845921086117
ergo_adaptive,178.33333333333337,0.024164846385892898,0.027898563170362243
ergo_adaptive,178.41666666666663,0.024212086402949737,0.027825828985488445
ergo_adaptive,178.5,0.02437383100467188,0.027768577992640053
ergo_adaptive,178.58333333333337,0.02582109294161566,0.02768648730833141
ergo_adaptive,178.66666666666663,0.027123752095179046,0.02757237634253543
ergo_adaptive,178.75,0.029569910353863672,0.027459108879784956
ergo_adaptive,178.83333333333337,0.030212688893970135,0.027364392572151848
ergo_adaptive,178.91666666666663,0.0283989570127047,0.027247022539303323
ergo_adaptive,179.0,0.029027285512082376,0.027090747602404073
ergo_adaptive,179.08333333333337,0.02869675294067856,0.02691071177401902
ergo_adaptive,179.16666666666663,0.02973681531125981,0.026748290472333607
ergo_adaptive,179.25,0.029854513903893425,0.02658484194417509
ergo_adaptive,179.33333333333337,0.026887978141156187,0.026397175171399667
ergo_adaptive,179.41666666666663,0.026722921247113,0.026244329377453086
ergo_adaptive,179.5,0.02997755446419166,0.02617246705707354
ergo_adaptive,179.58333333333337,0.03267677946835208,0.026122534565810783
ergo_adaptive,179.66666666666663,0.030619390126455693,0.026064401022739415
ergo_adaptive,179.75,0.027816516596162303,0.02597487098313188
ergo_adaptive,179.83333333333337,0.02504142361961614,0.02597196045302514
ergo_adaptive,179.91666666666663,0.02664205010278132,0.026015694303888327
ergo_adaptive,180.0,0.026840455847859265,0.02606164845995583
ergo_adaptive,180.08333333333337,0.026015688040919763,0.02609783421872358
ergo_adaptive,180.16666666666663,0.02506159491388466,0.026131830888202773
ergo_adaptive,180.25,0.0252203174316889,0.02617433518516426
ergo_adaptive,180.33333333333337,0.02636500363054576,0.026222494361157228
ergo_adaptive,180.41666666666663,0.026705663187235638,0.026268558128428474
ergo_adaptive,180.5,0.026666831138755804,0.026304453900158647
ergo_adaptive,180.58333333333337,0.027812128662921026,0.026335540913187645
ergo_adaptive,180.66666666666663,0.029963721365773986,0.026382436742756338
ergo_adaptive,180.75,0.032758919453413596,0.026412994678341725
ergo_adaptive,180.83333333333337,0.03128725327420406,0.026405069425662373
ergo_adaptive,180.91666666666663,0.028319064532993234,0.02636961285290582
ergo_adaptive,181.0,0.028022387812998314,0.026328952730017747
ergo_adaptive,181.08333333333337,0.029815750948567456,0.026293692472302295
ergo_adaptive,181.16666666666663,0.03154026764360253,0.026281187903230533
ergo_adaptive,181.25,0.03204078025603996,0.02628747632898478
ergo_adaptive,181.33333333333337,0.033452859297633364,0.026282252185503376
ergo_adaptive,181.41666666666663,0.03458893951031072,0.026280543209837876
ergo_adaptive,181.5,0.032605478172696586,0.026304892307093992
ergo_adaptive,181.58333333333337,0.03519671018810631,0.02634830719374879
ergo_adaptive,181.66666666666663,0.034475341414335156,0.026405134658236733
ergo_adaptive,181.75,0.03709170487617349,0.02647385745671699
ergo_adaptive,181.83333333333337,0.03405186588804269,0.026551643732514434
ergo_adaptive,181.91666666666663,0.034047748083502,0.026639269102957008
ergo_adaptive,182.0,0.034465598314725496,0.02673271936014614
ergo_adaptive,182.08333333333337,0.034454685352161986,0.02682633177457602
ergo_adaptive,182.16666666666663,0.03345379448648761,0.02692171793664425
ergo_adaptive,182.25,0.029795943097865492,0.027022574576714777
ergo_adaptive,182.33333333333337,0.03281396864478131,0.027129715679090716
ergo_adaptive,182.41666666666663,0.031156968598104687,0.02722617520155323
ergo_adaptive,182.5,0.02800990371034455,0.027315715726791538
ergo_adaptive,182.58333333333337,0.0303880869388067,0.027412941445944458
ergo_adaptive,182.66666666666663,0.030746667143428393,0.027511355243475238
ergo_adaptive,182.75,0.02708641919108328,0.027609614632527514
ergo_adaptive,182.83333333333337,0.027477665845717453,0.027720523854876025
ergo_adaptive,182.91666666666663,0.02813369998442807,0.02782795166540876
ergo_adaptive,183.0,0.02938560732371123,0.027921032047648373
ergo_adaptive,183.08333333333337,0.030573441160162182,0.027996910333715933
ergo_adaptive,183.16666666666663,0.030014182457981133,0.02806068546166159
ergo_adaptive,183.25,0.032310990856862516,0.028104975024322985
ergo_adaptive,183.33333333333337,0.030585537641071334,0.0281228365582335
ergo_adaptive,183.41666666666663,0.03024115732171924,0.028122436672094075
ergo_adaptive,183.5,0.03261147970218863,0.0281207062282961
ergo_adaptive,183.58333333333337,0.03400502986142877,0.028113475507717704
ergo_adaptive,183.66666666666663,0.02973659429896888,0.028086143267341043
ergo_adaptive,183.75,0.03028798942606087,0.02804232704456335
ergo_adaptive,183.83333333333337,0.030756226932680587,0.027998095216835907
ergo_adaptive,183.91666666666663,0.03232982933535864,0.027958106302082824
ergo_adaptive,184.0,0.029850472001808775,0.027901701609006836
ergo_adaptive,184.08333333333337,0.030773276578618152,0.027824061895229575
ergo_adaptive,184.16666666666663,0.032783360218186695,0.02774361020728153
ergo_adaptive,184.25,0.03147095419043596,0.02767502977355624
ergo_adaptive,184.33333333333337,0.031901922790634286,0.027604774279679643
ergo_adaptive,184.41666666666663,0.03194889416033082,0.027521989168451066
ergo_adaptive,184.5,0.031281033221351846,0.027442310658904623
ergo_adaptive,184.58333333333337,0.03621548367782975,0.02739662896410648
ergo_adaptive,184.66666666666663,0.03438995332916108,0.027369820135784297
ergo_adaptive,184.75,0.034481967195181214,0.027321518416757198
ergo_adaptive,184.83333333333337,0.0335707268617596,0.027256617121769043
ergo_adaptive,184.91666666666663,0.03958369426462866,0.027188159399046657
ergo_adaptive,185.0,0.03656552383358262,0.02712396388442157
ergo_adaptive,185.08333333333337,0.03944218300733262,0.027077119892535695
ergo_adaptive,185.16666666666663,0.03841275245392699,0.027023414550219057
ergo_adaptive,185.25,0.036915177144452,0.02693513722689224
ergo_adaptive,185.33333333333337,0.037227090098555675,0.026821801177158495
ergo_adaptive,185.41666666666663,0.03981695343593088,0.02670732975420318
ergo_adaptive,185.5,0.040301000435238016,0.026583365010044633
ergo_adaptive,185.58333333333337,0.03980553892702822,0.02643658986728794
ergo_adaptive,185.66666666666663,0.0353717336052335,0.026265092003813478
ergo_adaptive,185.75,0.03450693578454894,0.02608871976736549
ergo_adaptive,185.83333333333337,0.03186492530842531,0.025959964257606216
ergo_adaptive,185.91666666666663,0.032050656704553836,0.0259537650310649
ergo_adaptive,186.0,0.030548257512661988,0.025995165390104366
ergo_adaptive,186.08333333333337,0.029100940013580625,0.026056966463354432
ergo_adaptive,186.16666666666663,0.030610729741744194,0.026124003799258593
ergo_adaptive,186.25,0.028758646554482837,0.026192035860329355
ergo_adaptive,186.33333333333337,0.03140631477805098,0.026264263210072067
ergo_adaptive,186.41666666666663,0.032571131303946906,0.026321676116016882
ergo_adaptive,186.5,0.03262126703267344,0.026354242956458426
ergo_adaptive,186.58333333333337,0.033961375406629433,0.026371488360857873
ergo_adaptive,186.66666666666663,0.034161027610207055,0.02638249415285979
ergo_adaptive,186.75,0.03802903017643244,0.02639061341066258
ergo_adaptive,186.83333333333337,0.037689467406493246,0.02639217789982842
ergo_adaptive,186.91666666666663,0.03576033096329222,0.026385613694159052
ergo_adaptive,187.0,0.03346158595103337,0.026377296563505463
ergo_adaptive,187.08333333333337,0.03176840930773152,0.02638148592397591
ergo_adaptive,187.16666666666663,0.032554980492440565,0.026403287822046387
ergo_adaptive,187.25,0.03295278583135827,0.02642463602488281
ergo_adaptive,187.33333333333337,0.036442691868069914,0.026425424434080358
ergo_adaptive,187.41666666666663,0.03874201632240149,0.026415711676704978
ergo_adaptive,187.5,0.04048698505067302,0.026410680560103466
ergo_adaptive,187.58333333333337,0.04019268768669945,0.026420337101227532
ergo_adaptive,187.66666666666663,0.03951432525994134,0.026443230684954636
ergo_adaptive,187.75,0.03822724451045888,0.02647621604422019
ergo_adaptive,187.83333333333337,0.038976513266897043,0.026512776842715812
ergo_adaptive,187.91666666666663,0.040178590587890674,0.02656819833209266
ergo_adaptive,188.0,0.03903827629230269,0.026632154459050403
ergo_adaptive,188.08333333333337,0.041254159242179796,0.026696124205919894
ergo_adaptive,188.16666666666663,0.04052791434108336,0.02676025789393682
ergo_adaptive,188.25,0.03957268658465261,0.026827876594913057
ergo_adaptive,188.33333333333337,0.037724408614487524,0.026900123532089926
ergo_adaptive,188.41666666666663,0.037497866918038227,0.026976500980716404
ergo_adaptive,188.5,0.038875144853382164,0.027054641514907028
ergo_adaptive,188.58333333333337,0.0405797900122183,0.027133620241709785
ergo_adaptive,188.66666666666663,0.03730977386355884,0.0272170079638467
ergo_adaptive,188.75,0.039422592239241244,0.027306530730623974
ergo_adaptive,188.83333333333337,0.04259772576270281,0.02739199755019787
ergo_adaptive,188.91666666666663,0.03776128970429863,0.027470860132361632
ergo_adaptive,189.0,0.03707068019870226,0.027552242446517446
ergo_adaptive,189.08333333333337,0.0361780569776987,0.0276358571493306
ergo_adaptive,189.16666666666663,0.03409481389564316,0.02771622366683134
ergo_adaptive,189.25,0.03475361025461519,0.027816632906873313
ergo_adaptive,189.33333333333337,0.036536415271730315,0.02792017904817334
ergo_adaptive,189.41666666666663,0.03465037194192958,0.028022111121783096
ergo_adaptive,189.5,0.03768981288357159,0.028116931271160082
ergo_adaptive,189.58333333333337,0.03785484263916157,0.028207984017701318
ergo_adaptive,189.66666666666663,0.03966842029751629,0.028290176973528078
ergo_adaptive,189.75,0.038052861514692796,0.028376010202057735
ergo_adaptive,189.83333333333337,0.03973078278203275,0.028457370925674692
ergo_adaptive,189.91666666666663,0.03741124719152567,0.028539568981988953
ergo_adaptive,190.0,0.036469290563954204,0.028610076618572965
ergo_adaptive,190.08333333333337,0.034807309137716215,0.02865639638335591
ergo_adaptive,190.16666666666663,0.03336951391906077,0.028681908248511696
ergo_adaptive,190.25,0.03115242920032389,0.028698512123412588
ergo_adaptive,190.33333333333337,0.032624227581203855,0.02870517934741517
ergo_adaptive,190.41666666666663,0.038007485654337266,0.028693171114210925
ergo_adaptive,190.5,0.03935733010440555,0.028669237350175826
ergo_adaptive,190.58333333333337,0.03596381740852766,0.028646016589336055
ergo_adaptive,190.66666666666663,0.03665657850754893,0.028621584033488762
ergo_adaptive,190.75,0.03948282015047587,0.028581745598207847
ergo_adaptive,190.83333333333337,0.042136644262176615,0.0285316698041018
ergo_adaptive,190.91666666666663,0.04152775904457473,0.028480712996186475
ergo_adaptive,191.0,0.044643024858068904,0.02843018169862705
ergo_adaptive,191.08333333333337,0.042229619650458336,0.028373228763918748
ergo_adaptive,191.16666666666663,0.04266452136159607,0.02830706407045455
ergo_adaptive,191.25,0.043757328894542084,0.028234939322987228
ergo_adaptive,191.33333333333337,0.040733755712798726,0.02816655023469143
ergo_adaptive,191.41666666666663,0.04013591090830153,0.028107924525805284
ergo_adaptive,191.5,0.041039039807022254,0.028047218124313007
ergo_adaptive,191.58333333333337,0.04206589260322595,0.027981858552913737
ergo_adaptive,191.66666666666663,0.04554764277605227,0.027952479370127497
ergo_adaptive,191.75,0.04540268868685598,0.027989912963037898
ergo_adaptive,191.83333333333337,0.04426630228029043,0.028035816168043723
ergo_adaptive,191.91666666666663,0.042249960182395616,0.02806991766394858
ergo_adaptive,192.0,0.042505822185582805,0.028094276492848583
ergo_adaptive,192.08333333333337,0.04047021123414213,0.028128853549725732
ergo_adaptive,192.16666666666663,0.04066293324457477,0.028170083924639412
ergo_adaptive,192.25,0.03862903535428113,0.028217679453558336
ergo_adaptive,192.33333333333337,0.037780986033148965,0.028271175932191462
ergo_adaptive,192.41666666666663,0.03783039852442055,0.028325550772619102
ergo_adaptive,192.5,0.03724028938264286,0.028375045300593076
ergo_adaptive,192.58333333333337,0.03995047451721023,0.028424534075353097
ergo_adaptive,192.66666666666663,0.04005371286198888,0.028471955748813865
ergo_adaptive,192.75,0.042106508331144425,0.02850715273164148
ergo_adaptive,192.83333333333337,0.043943703200531835,0.02854382211448633
ergo_adaptive,192.91666666666663,0.0432005181410193,0.028586435711129052
ergo_adaptive,193.0,0.04322765270596792,0.02860785364705811
ergo_adaptive,193.08333333333337,0.04231773672057913,0.02862470143689471
ergo_adaptive,193.16666666666663,0.03968493354040663,0.028652155787096376
ergo_adaptive,193.25,0.042072263035325026,0.028690847269777477
ergo_adaptive,193.33333333333337,0.04227351162935703,0.028730574367921896
ergo_adaptive,193.41666666666663,0.044115584153384686,0.02875665166080307
ergo_adaptive,193.5,0.044243073818846713,0.028788720379553094
ergo_adaptive,193.58333333333337,0.04582678588773176,0.028842783041011177
ergo_adaptive,193.66666666666663,0.044957714121591844,0.028911043633627006
ergo_adaptive,193.75,0.0478120078534251,0.028957697080535576
ergo_adaptive,193.83333333333337,0.0456022855361362,0.029010167561150123
ergo_adaptive,193.91666666666663,0.043846981359972705,0.02904181193117025
ergo_adaptive,194.0,0.0451118958155935,0.02908237152108575
ergo_adaptive,194.08333333333337,0.04463675029001563,0.02910687854199271
ergo_adaptive,194.16666666666663,0.045735337728078834,0.02910329443614183
ergo_adaptive,194.25,0.04545449493691699,0.02910990618714018
ergo_adaptive,194.33333333333337,0.04736006813917013,0.02913824858220658
ergo_adaptive,194.41666666666663,0.0444309684087956,0.02918475039972874
ergo_adaptive,194.5,0.04393857612755233,0.029208390595178088
ergo_adaptive,194.58333333333337,0.04594956394578765,0.02921081160950903
ergo_adaptive,194.66666666666663,0.04516267501697479,0.029214103021599293
ergo_adaptive,194.75,0.04431354264995278,0.02923776031530603
ergo_adaptive,194.83333333333337,0.042505443849525225,0.02925793166608458
ergo_adaptive,194.91666666666663,0.04579899652095426,0.029265107030425997
ergo_adaptive,195.0,0.04503487953714018,0.02926615818389691
ergo_adaptive,195.08333333333337,0.04310916749899886,0.02931227648299571
ergo_adaptive,195.16666666666663,0.04532903042166625,0.02935355618960416
ergo_adaptive,195.25,0.04651067049662861,0.0293535498975551
ergo_adaptive,195.33333333333337,0.046633460776747085,0.029393307792830635
ergo_adaptive,195.41666666666663,0.04273893088076608,0.029439132283549246
ergo_adaptive,195.5,0.044700228485874356,0.02948532196644112
ergo_adaptive,195.58333333333337,0.04260221891067245,0.029506233957807396
ergo_adaptive,195.66666666666663,0.04501990740978846,0.029462359763278545
ergo_adaptive,195.75,0.04422848224312492,0.029383833263888614
ergo_adaptive,195.83333333333337,0.044292857360706206,0.02933110035981178
ergo_adaptive,195.91666666666663,0.04223058357192458,0.029349241533683682
ergo_adaptive,196.0,0.044042371542089745,0.029393557141604135
ergo_adaptive,196.08333333333337,0.04709844678661368,0.029442521066926946
ergo_adaptive,196.16666666666663,0.048073749861896053,0.029478799830632722
ergo_adaptive,196.25,0.045821518578390466,0.029496410155215803
ergo_adaptive,196.33333333333337,0.04519607696568475,0.029502377893710432
ergo_adaptive,196.41666666666663,0.04699623705864984,0.02950781937677357
ergo_adaptive,196.5,0.04732247696331436,0.029513946834256004
ergo_adaptive,196.58333333333337,0.04811848919437787,0.029497967059115258
ergo_adaptive,196.66666666666663,0.04782316286129702,0.029471345025711828
ergo_adaptive,196.75,0.05358591702024111,0.029455187360839755
ergo_adaptive,196.83333333333337,0.05007602703638345,0.02945597151299367
ergo_adaptive,196.91666666666663,0.05107128824373472,0.029461101587296784
ergo_adaptive,197.0,0.05531884897741182,0.02947267546563162
ergo_adaptive,197.08333333333337,0.05543575544065015,0.02948664344155022
ergo_adaptive,197.16666666666663,0.05544531040214786,0.029506219898012366
ergo_adaptive,197.25,0.05810047716034098,0.029533227814326064
ergo_adaptive,197.33333333333337,0.0599557313803397,0.029562765505209206
ergo_adaptive,197.41666666666663,0.06043492669387425,0.02958578048871076
ergo_adaptive,197.5,0.05904408957724903,0.02960317928933733
ergo_adaptive,197.58333333333337,0.05666419664669512,0.02962343710065615
ergo_adaptive,197.66666666666663,0.058858927669024896,0.029645622374997214
ergo_adaptive,197.75,0.05437619348878475,0.02967036627861851
ergo_adaptive,197.83333333333337,0.05540593428811252,0.029698852977564725
ergo_adaptive,197.91666666666663,0.055626048321758464,0.029724677712853302
ergo_adaptive,198.0,0.055509403565960166,0.029746640743345897
ergo_adaptive,198.08333333333337,0.05144073578788075,0.029765527975577598
ergo_adaptive,198.16666666666663,0.05080812315513101,0.029780355125186446
ergo_adaptive,198.25,0.045826828465887544,0.029792504109099154
ergo_adaptive,198.33333333333337,0.039112805782988334,0.029808964844918667
ergo_adaptive,198.41666666666663,0.03937167230521612,0.029878775626855075
ergo_adaptive,198.5,0.04020467063168813,0.029973352596658703
ergo_adaptive,198.58333333333337,0.040500466379843995,0.030075959413981602
ergo_adaptive,198.66666666666663,0.04095668096877085,0.03017648196330772
ergo_adaptive,198.75,0.03892099679959196,0.030257903895849265
ergo_adaptive,198.83333333333337,0.0395435208389789,0.030315753074501982
ergo_adaptive,198.91666666666663,0.0415980866365054,0.030352956674880232
ergo_adaptive,199.0,0.04286372456605542,0.030373732204270688
ergo_adaptive,199.08333333333337,0.04028983886859168,0.030382345045098177
ergo_adaptive,199.16666666666663,0.039956936219532446,0.030382095077759328
ergo_adaptive,199.25,0.04199663166460574,0.030366673537686652
ergo_adaptive,199.33333333333337,0.04161653736135497,0.030332182271315976
ergo_adaptive,199.41666666666663,0.04029419981478036,0.030284435981415617
ergo_adaptive,199.5,0.037456392904008894,0.030240237026633095
ergo_adaptive,199.58333333333337,0.03903250135457693,0.030188337669855327
ergo_adaptive,199.66666666666663,0.04020520518035626,0.03011147433888847
ergo_adaptive,199.75,0.043105477147083765,0.03002388039561474
ergo_adaptive,199.83333333333337,0.04324886686346067,0.029956303499445
ergo_adaptive,199.91666666666663,0.04404859773786702,0.029894584608860023
ergo_adaptive,200.0,0.04253259121904143,0.029798301979796354
ergo_adaptive,200.08333333333337,0.03783651468308755,0.029672645539865306
ergo_adaptive,200.16666666666663,0.03981589421450702,0.029547559243502587
ergo_adaptive,200.25,0.040833593428332565,0.0294374812769523
ergo_adaptive,200.33333333333337,0.04006097524511268,0.029310038167742646
ergo_adaptive,200.41666666666663,0.03321154314670603,0.029156578968910944
ergo_adaptive,200.5,0.03957857731901431,0.028994617944019224
ergo_adaptive,200.58333333333337,0.03695317380502121,0.02883620145609316
ergo_adaptive,200.66666666666663,0.039735017130912605,0.02868347190011551
ergo_adaptive,200.75,0.03899165193073138,0.028526988513517978
ergo_adaptive,200.83333333333337,0.04170333987662633,0.028364324867714796
ergo_adaptive,200.91666666666663,0.03802997867893751,0.02820741109777388
ergo_adaptive,201.0,0.0378098992799529,0.028088220676436404
ergo_adaptive,201.08333333333337,0.03788369170017252,0.02797447934999914
ergo_adaptive,201.16666666666663,0.03852303588930141,0.027844026391307553
ergo_adaptive,201.25,0.038288176503095225,0.027728126797721853
ergo_adaptive,201.33333333333337,0.03368697274762355,0.02766809505411681
ergo_adaptive,201.41666666666663,0.0331312001706167,0.027635624632865542
ergo_adaptive,201.5,0.032201107993078654,0.02759318879691967
ergo_adaptive,201.58333333333337,0.03362924841706504,0.02755815174511982
ergo_adaptive,201.66666666666663,0.02811470541873004,0.027551919738438506
ergo_adaptive,201.75,0.029230705171907265,0.027573877985406545
ergo_adaptive,201.83333333333337,0.03224697213560216,0.027612370383831904
ergo_adaptive,201.91666666666663,0.03284831758292062,0.027662999095211766
ergo_adaptive,202.0,0.03232942691478807,0.0277205713720397
ergo_adaptive,202.08333333333337,0.03106580197087658,0.02777866168566586
ergo_adaptive,202.16666666666663,0.03251675219162932,0.027842384282284284
ergo_adaptive,202.25,0.030837721450163842,0.02791405865750815
ergo_adaptive,202.33333333333337,0.02891761732033722,0.027989834862248594
ergo_adaptive,202.41666666666663,0.027667702118730153,0.028064258657942612
ergo_adaptive,202.5,0.02552456145618904,0.028129820256780146
ergo_adaptive,202.58333333333337,0.024802491201612844,0.028185628298523113
ergo_adaptive,202.66666666666663,0.025010332873696053,0.028232621568172505
ergo_adaptive,202.75,0.02628964463991979,0.028271138812333108
ergo_adaptive,202.83333333333337,0.026155247813146626,0.028296261972722843
ergo_adaptive,202.91666666666663,0.027380378753257686,0.028316040204760765
ergo_adaptive,203.0,0.027664272429449167,0.028332909556667604
ergo_adaptive,203.08333333333337,0.02733477524315029,0.0283462558845575
ergo_adaptive,203.16666666666663,0.027321039843660088,0.028344245359078396
ergo_adaptive,203.25,0.02955630564995524,0.028324071014477543
ergo_adaptive,203.33333333333337,0.03140672872523516,0.028291950276379322
ergo_adaptive,203.41666666666663,0.032136440605709304,0.02825791916831963
ergo_adaptive,203.5,0.03351546720891696,0.028228812101820714
ergo_adaptive,203.58333333333337,0.03647967222697067,0.02818705241849224
ergo_adaptive,203.66666666666663,0.03729047371348424,0.028132294784271664
ergo_adaptive,203.75,0.03824599400335979,0.02808393648102111
ergo_adaptive,203.83333333333337,0.03660132594481118,0.02805717520823371
ergo_adaptive,203.91666666666663,0.03678503830018762,0.02802478775384703
ergo_adaptive,204.0,0.03898145310061794,0.027979944314218665
ergo_adaptive,204.08333333333337,0.03809697813820573,0.027932003857613668
ergo_adaptive,204.16666666666663,0.03964589494761519,0.027889367698604735
ergo_adaptive,204.25,0.037872532334013255,0.027848118159104943
ergo_adaptive,204.33333333333337,0.037917926504978536,0.027806525808733322
ergo_adaptive,204.41666666666663,0.036215469929357584,0.027766576183482647
ergo_adaptive,204.5,0.038769971633652735,0.02773825283125776
ergo_adaptive,204.58333333333337,0.03923502480708805,0.02772985110919805
ergo_adaptive,204.66666666666663,0.04064530133366079,0.027728695887079397
ergo_adaptive,204.75,0.04233511896693322,0.027718858814699415
ergo_adaptive,204.83333333333337,0.03943288326465429,0.027707768956069734
ergo_adaptive,204.91666666666663,0.0402606269112464,0.027711972572627086
ergo_adaptive,205.0,0.04214679177711882,0.02772952379339759
ergo_adaptive,205.08333333333337,0.039664187472097615,0.02775735549521257
ergo_adaptive,205.16666666666663,0.04169938446341668,0.027791256242210856
ergo_adaptive,205.25,0.04671822224014019,0.027825672657453383
ergo_adaptive,205.33333333333337,0.0418929793304453,0.027859141428721382
ergo_adaptive,205.41666666666663,0.04273946297721438,0.027892198864271984
ergo_adaptive,205.5,0.0397805459967343,0.027920684212016166
ergo_adaptive,205.58333333333337,0.044320231095904175,0.02794541622055647
ergo_adaptive,205.66666666666663,0.039137941101331356,0.027969605734076603
ergo_adaptive,205.75,0.04126494867394147,0.0279895706573563
ergo_adaptive,205.83333333333337,0.04061069776730744,0.027999873732947593
ergo_adaptive,205.91666666666663,0.044128262983334735,0.02799941878653374
ergo_adaptive,206.0,0.04239344047459732,0.027991990402346574
ergo_adaptive,206.08333333333337,0.037764303835176066,0.02798843334543206
ergo_adaptive,206.16666666666663,0.03410314811940647,0.02799401351846166
ergo_adaptive,206.25,0.029537867734224572,0.027990851225830265
ergo_adaptive,206.33333333333337,0.029482259200146483,0.02801282740900082
ergo_adaptive,206.41666666666663,0.03197280276537286,0.028065944273148256
ergo_adaptive,206.5,0.032427991148890514,0.028130078832379234
ergo_adaptive,206.58333333333337,0.028963252816867815,0.02819195800309127
ergo_adaptive,206.66666666666663,0.027187384551020537,0.02826741890150292
ergo_adaptive,206.75,0.028636035166756234,0.028360646944141064
ergo_adaptive,206.83333333333337,0.02720860712825278,0.02846053576858764
ergo_adaptive,206.91666666666663,0.027122762001900908,0.028561698193518607
ergo_adaptive,207.0,0.026695035833252015,0.02865206705440639
ergo_adaptive,207.08333333333337,0.02540610704948876,0.02872764706819617
ergo_adaptive,207.16666666666663,0.02639513876750498,0.02879108856120295
ergo_adaptive,207.25,0.025820762988877814,0.028843863408593174
ergo_adaptive,207.33333333333337,0.025605710391951357,0.02888328732778218
ergo_adaptive,207.41666666666663,0.027036719375729816,0.028911810550800218
ergo_adaptive,207.5,0.02541419716570866,0.028934416630771818
ergo_adaptive,207.58333333333337,0.025367601619021896,0.02894633481651954
ergo_adaptive,207.66666666666663,0.025475563274316507,0.028941593479109105
ergo_adaptive,207.75,0.025441977034986525,0.028922456806643668
ergo_adaptive,207.83333333333337,0.028282052944323833,0.02889677773549896
ergo_adaptive,207.91666666666663,0.029693265310606908,0.02886118611049013
ergo_adaptive,208.0,0.029996629656962388,0.028811339794792175
ergo_adaptive,208.08333333333337,0.024173175194125134,0.028744820894026763
ergo_adaptive,208.16666666666663,0.026878321905573214,0.028666201081833664
ergo_adaptive,208.25,0.026753816403055623,0.02858245450504092
ergo_adaptive,208.33333333333337,0.026340572439564884,0.028491966034671568
ergo_adaptive,208.41666666666663,0.023522904654384575,0.028390220238431452
ergo_adaptive,208.5,0.026387312579386122,0.028284836165404243
ergo_adaptive,208.58333333333337,0.023691942958942256,0.02818546243647126
ergo_adaptive,208.66666666666663,0.02541836777513636,0.028093217367182854
ergo_adaptive,208.75,0.02606514054857477,0.02799707183941721
ergo_adaptive,208.83333333333337,0.02922366799977528,0.027891206330459106
ergo_adaptive,208.91666666666663,0.030894993308692286,0.027790337132587037
ergo_adaptive,209.0,0.031249268315581058,0.02772526788477329
ergo_adaptive,209.08333333333337,0.036416415869495844,0.027643098318957237
ergo_adaptive,209.16666666666663,0.03442743222155454,0.027512018893180657
ergo_adaptive,209.25,0.03233894795820597,0.027353085967116893
ergo_adaptive,209.33333333333337,0.026601433820996122,0.027197326921606323
ergo_adaptive,209.41666666666663,0.029609916246275413,0.027072501357832943
ergo_adaptive,209.5,0.026277732701919358,0.02696401822026884
ergo_adaptive,209.58333333333337,0.026052918726676474,0.02685346259226483
ergo_adaptive,209.66666666666663,0.026985663793894745,0.026753461147729137
ergo_adaptive,209.75,0.028702239360382225,0.026670542850368163
ergo_adaptive,209.83333333333337,0.023962660834309247,0.02660753618203023
ergo_adaptive,209.91666666666663,0.025195967043715767,0.02656551965195455
ergo_adaptive,210.0,0.024161187610294885,0.02652944678452292
ergo_adaptive,210.08333333333337,0.02454112141967799,0.0265071303957829
ergo_adaptive,210.16666666666663,0.02484599099031924,0.026505792311136218
ergo_adaptive,210.25,0.024195473173164027,0.02652589608414837
ergo_adaptive,210.33333333333337,0.02292224379127325,0.026561935905894476
ergo_adaptive,210.41666666666663,0.025966154825333813,0.026596977092758885
ergo_adaptive,210.5,0.026499428778320587,0.026628238833666336
ergo_adaptive,210.58333333333337,0.025213158137542623,0.02667377099656944
ergo_adaptive,210.66666666666663,0.024108838027169645,0.026735202926471947
ergo_adaptive,210.75,0.024351702036282133,0.026788214472597126
ergo_adaptive,210.83333333333337,0.024349143231364435,0.026818936871836056
ergo_adaptive,210.91666666666663,0.02516647872013556,0.02683800008508884
ergo_adaptive,211.0,0.025089410171932783,0.026843207180241788
ergo_adaptive,211.08333333333337,0.025420303042198594,0.026838090782338536
ergo_adaptive,211.16666666666663,0.026004416680961862,0.02684436584385224
ergo_adaptive,211.25,0.026377289224159682,0.026855301514731176
ergo_adaptive,211.33333333333337,0.026707025594430084,0.0268411684297614
ergo_adaptive,211.41666666666663,0.02573798631337705,0.026807887610893755
ergo_adaptive,211.5,0.027678871698705934,0.026778206375624287
ergo_adaptive,211.58333333333337,0.02959060705016527,0.026769597819105245
ergo_adaptive,211.66666666666663,0.03192822485050487,0.02676021186861081
ergo_adaptive,211.75,0.032400150263443346,0.02674263854515421
ergo_adaptive,211.83333333333337,0.03395936034261392,0.026726253825730226
ergo_adaptive,211.91666666666663,0.032694594237966716,0.026733484343408
ergo_adaptive,212.0,0.03332895840774008,0.026742743450576735
ergo_adaptive,212.08333333333337,0.03392027172871834,0.026736417737494463
ergo_adaptive,212.16666666666663,0.033904033061690306,0.02672365635207567
ergo_adaptive,212.25,0.033962921973390264,0.02671929579690463
ergo_adaptive,212.33333333333337,0.03637533816527236,0.026727963515140486
ergo_adaptive,212.41666666666663,0.035187760346352195,0.026733652192292914
ergo_adaptive,212.5,0.038245403050906596,0.02673903712890495
ergo_adaptive,212.58333333333337,0.03680449487026769,0.026749482672442513
ergo_adaptive,212.66666666666663,0.03883153710875846,0.0267702927782862
ergo_adaptive,212.75,0.03973724541715931,0.026805973400004894
ergo_adaptive,212.83333333333337,0.037785453747044284,0.026843678986454057
ergo_adaptive,212.91666666666663,0.03714143460751837,0.02688477031912349
ergo_adaptive,213.0,0.036335296070575784,0.02693565470394908
ergo_adaptive,213.08333333333337,0.03671681578712586,0.02699911171794251
ergo_adaptive,213.16666666666663,0.034619046621540764,0.027062087931127247
ergo_adaptive,213.25,0.033633502276826654,0.027122461006959968
ergo_adaptive,213.33333333333337,0.03426303095065063,0.02718478835662638
ergo_adaptive,213.41666666666663,0.03271910475521125,0.027254412725255906
ergo_adaptive,213.5,0.03514736339465293,0.027337671780085743
ergo_adaptive,213.58333333333337,0.03409147099946957,0.027423595490335063
ergo_adaptive,213.66666666666663,0.033413617822275164,0.027510258708815384
ergo_adaptive,213.75,0.03214076474359795,0.02758568168137976
ergo_adaptive,213.83333333333337,0.03380216506327677,0.02764435074118635
ergo_adaptive,213.91666666666663,0.03666520154079148,0.02769181471689469
ergo_adaptive,214.0,0.03826616635079775,0.0277319202234691
ergo_adaptive,214.08333333333337,0.038243564703432556,0.027750804697393792
ergo_adaptive,214.16666666666663,0.041440719659225654,0.02774864729467169
ergo_adaptive,214.25,0.04134301762724704,0.027737900201661204
ergo_adaptive,214.33333333333337,0.04161038538832222,0.027725308981339385
ergo_adaptive,214.41666666666663,0.03729685435315563,0.027706307673425242
ergo_adaptive,214.5,0.036972572149986234,0.02767522323802149
ergo_adaptive,214.58333333333337,0.03845166599273252,0.027637609258120217
ergo_adaptive,214.66666666666663,0.03643347872749464,0.02760359279964806
ergo_adaptive,214.75,0.037389589558526844,0.02757479871885464
ergo_adaptive,214.83333333333337,0.04016607017893269,0.02754858098354075
ergo_adaptive,214.91666666666663,0.036460256359064476,0.027560268166152892
ergo_adaptive,215.0,0.0391521788755303,0.027568479955912824
ergo_adaptive,215.08333333333337,0.039516692537357255,0.027600754038783117
ergo_adaptive,215.16666666666663,0.03906580175922254,0.02764783933313493
ergo_adaptive,215.25,0.04012925126424349,0.02768900993153553
ergo_adaptive,215.33333333333337,0.038274466066370465,0.02773469276357375
ergo_adaptive,215.41666666666663,0.03835904747593169,0.02776984980588383
ergo_adaptive,215.5,0.03718069007613795,0.027783489845357
ergo_adaptive,215.58333333333337,0.03785064041079043,0.02777601193527687
ergo_adaptive,215.66666666666663,0.038835682352048574,0.02779914119424526
ergo_adaptive,215.75,0.0388559409810256,0.02784129515443586
ergo_adaptive,215.83333333333337,0.040079066740142555,0.02788327905488292
ergo_adaptive,215.91666666666663,0.040472394541740814,0.02793139782333515
ergo_adaptive,216.0,0.03916844399651357,0.027974756141709384
ergo_adaptive,216.08333333333337,0.0374445142279717,0.028016128964060572
ergo_adaptive,216.16666666666663,0.03756905671146756,0.02804255110376897
ergo_adaptive,216.25,0.04021500556931759,0.02804576470260805
ergo_adaptive,216.33333333333337,0.042635088125640715,0.028044951619509057
ergo_adaptive,216.41666666666663,0.040522016588385924,0.02806477423498369
ergo_adaptive,216.5,0.038681512396997,0.028077049846450864
ergo_adaptive,216.58333333333337,0.037724556005698684,0.028077238663528223
ergo_adaptive,216.66666666666663,0.03726397817272983,0.02808312419987723
ergo_adaptive,216.75,0.03971566495080382,0.028105281343537094
ergo_adaptive,216.83333333333337,0.04277562671082179,0.028137849559645444
ergo_adaptive,216.91666666666663,0.044513982338901824,0.02817438995551582
ergo_adaptive,217.0,0.04543591696831635,0.028212299994994902
ergo_adaptive,217.08333333333337,0.0475637508868786,0.028246731951654665
ergo_adaptive,217.16666666666663,0.04757214866740786,0.02827342985827213
ergo_adaptive,217.25,0.04851857339572496,0.028293575655949938
ergo_adaptive,217.33333333333337,0.04446428798944016,0.028312840505105415
ergo_adaptive,217.41666666666663,0.04178210036200801,0.028338503615141414
ergo_adaptive,217.5,0.04428601172977618,0.028376056879354322
ergo_adaptive,217.58333333333337,0.04696375341210854,0.02841756762276396
ergo_adaptive,217.66666666666663,0.04764267428312831,0.028462455903275785
ergo_adaptive,217.75,0.04685417791410491,0.028506142635191616
ergo_adaptive,217.83333333333337,0.04537610672693447,0.02854888652762314
ergo_adaptive,217.91666666666663,0.046344703412851976,0.028588001003741054
ergo_adaptive,218.0,0.04301758140351873,0.02862116846790913
ergo_adaptive,218.08333333333337,0.044928682697271946,0.028641740024668905
ergo_adaptive,218.16666666666663,0.04429305078538812,0.028648280020713252
ergo_adaptive,218.25,0.04575253448178757,0.02863597868224614
ergo_adaptive,218.33333333333337,0.04692846443565377,0.02860625006517941
ergo_adaptive,218.41666666666663,0.04686311827400618,0.02856789692381922
ergo_adaptive,218.5,0.04499745911535175,0.028528515610349577
ergo_adaptive,218.58333333333337,0.04181194608858696,0.02851798208575967
ergo_adaptive,218.66666666666663,0.04376294881567311,0.028525788498868006
ergo_adaptive,218.75,0.04671140113722837,0.028557408295049127
ergo_adaptive,218.83333333333337,0.04325624768792496,0.028596570843492958
ergo_adaptive,218.91666666666663,0.047143288489438155,0.028623418372108092
ergo_adaptive,219.0,0.046287639375304925,0.028662967484430864
ergo_adaptive,219.08333333333337,0.04946140174226409,0.028698676437321647
ergo_adaptive,219.16666666666663,0.05049764128241078,0.02873267233781985
ergo_adaptive,219.25,0.05101514632550615,0.02876377340741961
ergo_adaptive,219.33333333333337,0.05022671416948303,0.028794387814951975
ergo_adaptive,219.41666666666663,0.05001618907394433,0.028819862480242757
ergo_adaptive,219.5,0.05034643350335319,0.028838550353036656
ergo_adaptive,219.58333333333337,0.04937119756334743,0.028853982610670816
ergo_adaptive,219.66666666666663,0.04933071704973129,0.02886970162708456
ergo_adaptive,219.75,0.05232159283164322,0.028890803963404984
ergo_adaptive,219.83333333333337,0.050475190445732475,0.028916565684805762
ergo_adaptive,219.91666666666663,0.04998672264908488,0.02894488520949925
ergo_adaptive,220.0,0.05019408040045358,0.028979982881281577
ergo_adaptive,220.08333333333337,0.05162835742726004,0.029025606952153386
ergo_adaptive,220.16666666666663,0.05689328842817259,0.029079119359781677
ergo_adaptive,220.25,0.0604748296952267,0.029126536603700202
ergo_adaptive,220.33333333333337,0.059683219563499756,0.029166156685916645
ergo_adaptive,220.41666666666663,0.058826069420259704,0.029203010140881006
ergo_adaptive,220.5,0.052187444333569664,0.029239181374887055
ergo_adaptive,220.58333333333337,0.05249084131241064,0.029278432145748667
ergo_adaptive,220.66666666666663,0.05192373043321605,0.029319651511423094
ergo_adaptive,220.75,0.04933854520066061,0.029364481198257453
ergo_adaptive,220.83333333333337,0.04606460010987994,0.029418414229906487
ergo_adaptive,220.91666666666663,0.044497780460530933,0.029483041332769983
ergo_adaptive,221.0,0.04684440428751565,0.029551703253911668
ergo_adaptive,221.08333333333337,0.0442236911721106,0.029615593319238083
ergo_adaptive,221.16666666666663,0.04272516022184707,0.029685684751741496
ergo_adaptive,221.25,0.04262395203458353,0.029775656998974522
ergo_adaptive,221.33333333333337,0.04158751432873983,0.02986820614006693
ergo_adaptive,221.41666666666663,0.041991867862229824,0.02995170254653257
ergo_adaptive,221.5,0.04324887156263109,0.030019975624943733
ergo_adaptive,221.58333333333337,0.044654761291127255,0.030067575820243463
ergo_adaptive,221.66666666666663,0.04500344632824229,0.03009196763277693
ergo_adaptive,221.75,0.04469968949081401,0.030096739211157002
ergo_adaptive,221.83333333333337,0.04437344320091722,0.03008965666100803
ergo_adaptive,221.91666666666663,0.0476189477850228,0.030072454340280084
ergo_adaptive,222.0,0.04777437085823083,0.030041912984639117
ergo_adaptive,222.08333333333337,0.04811744190724547,0.03000018934490358
ergo_adaptive,222.16666666666663,0.044947737745196954,0.02995834429656713
ergo_adaptive,222.25,0.044088268067485586,0.02991581454904614
ergo_adaptive,222.33333333333337,0.0460901593344948,0.029858309799040188
ergo_adaptive,222.41666666666663,0.04849471879099844,0.029789030670996867
ergo_adaptive,222.5,0.0422807086501824,0.029725440566295117
ergo_adaptive,222.58333333333337,0.042139860770476885,0.029672585443556426
ergo_adaptive,222.66666666666663,0.03914898764557478,0.029600978505473195
ergo_adaptive,222.75,0.03969395623543557,0.029511524227838124
ergo_adaptive,222.83333333333337,0.03987294782064905,0.029427408631354113
ergo_adaptive,222.91666666666663,0.04024811151854793,0.029364108473121556
ergo_adaptive,223.0,0.04320054885897609,0.029292273971651236
ergo_adaptive,223.08333333333337,0.04077230248133625,0.029198069019881583
ergo_adaptive,223.16666666666663,0.04134448051637339,0.029095558337552636
ergo_adaptive,223.25,0.04357666695404535,0.02901218740434239
ergo_adaptive,223.33333333333337,0.0417360995490768,0.028926441832822416
ergo_adaptive,223.41666666666663,0.03993154443780956,0.028804114763087623
ergo_adaptive,223.5,0.043424252451468824,0.028664782386516503
ergo_adaptive,223.58333333333337,0.04337008951882476,0.028553163227135022
ergo_adaptive,223.66666666666663,0.04209333714625317,0.028480486494011033
ergo_adaptive,223.75,0.04526639843496674,0.028377112687321637
ergo_adaptive,223.83333333333337,0.044067555371377125,0.028254037013758483
ergo_adaptive,223.91666666666663,0.03902559888058989,0.028156791101766578
ergo_adaptive,224.0,0.03861380795786071,0.02810102196487597
ergo_adaptive,224.08333333333337,0.0372267756317621,0.0280467783932956
ergo_adaptive,224.16666666666663,0.036325872779032105,0.027984869293031164
ergo_adaptive,224.25,0.039509025099884326,0.02792467821447692
ergo_adaptive,224.33333333333337,0.03767061650030264,0.027884229293120212
ergo_adaptive,224.41666666666663,0.03230255602274775,0.027855244367613982
ergo_adaptive,224.5,0.03221470787087916,0.027837472470917647
ergo_adaptive,224.58333333333337,0.03142292092237778,0.027839064645750502
ergo_adaptive,224.66666666666663,0.031682446824695794,0.027860917905594713
ergo_adaptive,224.75,0.0279914610991413,0.027894889768393355
ergo_adaptive,224.83333333333337,0.028408763585718675,0.027941178496189167
ergo_adaptive,224.91666666666663,0.029572938841512887,0.027991741882306943
ergo_adaptive,225.0,0.029536497395322516,0.02803245858577172
ergo_adaptive,225.08333333333337,0.02961741995527351,0.028064433709206426
ergo_adaptive,225.16666666666663,0.030011300428913913,0.02809355407847816
ergo_adaptive,225.25,0.02998090655887742,0.02811552025731065
ergo_adaptive,225.33333333333337,0.030318661795265836,0.02812434205652564
ergo_adaptive,225.41666666666663,0.030067884765936685,0.028120309684691046
ergo_adaptive,225.5,0.029659676583709393,0.028115145794334596
ergo_adaptive,225.58333333333337,0.03005359348010729,0.028109332780572222
ergo_adaptive,225.66666666666663,0.02879793713238321,0.028099320218374708
ergo_adaptive,225.75,0.028711941253784234,0.028079302571454107
ergo_adaptive,225.83333333333337,0.030326994639158503,0.028052302338825517
ergo_adaptive,225.91666666666663,0.03196746667521691,0.028030282212968785
ergo_adaptive,226.0,0.032380151877607816,0.02800967233251079
ergo_adaptive,226.08333333333337,0.033223727072173116,0.027973268095715556
ergo_adaptive,226.16666666666663,0.03810949354311192,0.027920325220051688
ergo_adaptive,226.25,0.04205016023519122,0.027871956113451724
ergo_adaptive,226.33333333333337,0.0438973551532475,0.02784240324477058
ergo_adaptive,226.41666666666663,0.04212007753802471,0.02781196067337214
ergo_adaptive,226.5,0.03773970098087224,0.027774064757470428
ergo_adaptive,226.58333333333337,0.0374173175903549,0.027738634289701396
ergo_adaptive,226.66666666666663,0.03827638036451319,0.027715918843590485
ergo_adaptive,226.75,0.040250529465416025,0.027701198716537808
ergo_adaptive,226.83333333333337,0.04116940157294374,0.027687397069823243
ergo_adaptive,226.91666666666663,0.04133145136970479,0.027678197374207073
ergo_adaptive,227.0,0.03973638204763211,0.027675337191551606
ergo_adaptive,227.08333333333337,0.03785169166894382,0.027681040459800684
ergo_adaptive,227.16666666666663,0.03797392488960614,0.02769394165956703
ergo_adaptive,227.25,0.03598676880275319,0.027708909188162375
ergo_adaptive,227.33333333333337,0.03790539289510121,0.02772905962629499
ergo_adaptive,227.41666666666663,0.036067694325915126,0.027762652452625835
ergo_adaptive,227.5,0.03364023149878066,0.027804919843951323
ergo_adaptive,227.58333333333337,0.03552276962037534,0.027844357788373842
ergo_adaptive,227.66666666666663,0.037474901082464034,0.027882761332030805
ergo_adaptive,227.75,0.03601726782277497,0.02792467825686932
ergo_adaptive,227.83333333333337,0.03744311762084156,0.027973249087638926
ergo_adaptive,227.91666666666663,0.039056474435673144,0.02802343211015075
ergo_adaptive,228.0,0.03611351257161938,0.028071917557280647
ergo_adaptive,228.08333333333337,0.03838077695276808,0.028121898512950348
ergo_adaptive,228.16666666666663,0.037921633105541135,0.028172536136045537
ergo_adaptive,228.25,0.03779491042634604,0.028224083515532343
ergo_adaptive,228.33333333333337,0.03861223495337772,0.028266805518354515
ergo_adaptive,228.41666666666663,0.03450043285394986,0.028292016652405202
ergo_adaptive,228.5,0.031638779155018,0.028312195218000855
ergo_adaptive,228.58333333333337,0.030352704728552997,0.02835481046887795
ergo_adaptive,228.66666666666663,0.031573327034839414,0.028431390213019003
ergo_adaptive,228.75,0.0314317846592938,0.02851122714299939
ergo_adaptive,228.83333333333337,0.032723442448029515,0.028601155975424897
ergo_adaptive,228.91666666666663,0.0338146053221277,0.028683975373024147
ergo_adaptive,229.0,0.03072083745602677,0.028752875716771722
ergo_adaptive,229.08333333333337,0.031176522845596712,0.028807043572761964
ergo_adaptive,229.16666666666663,0.03274671065151315,0.028848975784712943
ergo_adaptive,229.25,0.0324658487889525,0.02887920243079325
ergo_adaptive,229.33333333333337,0.030735194129232184,0.02889554475247798
ergo_adaptive,229.41666666666663,0.03371982471249823,0.028897206807447822
ergo_adaptive,229.5,0.036350046357845146,0.02888874041205983
ergo_adaptive,229.58333333333337,0.03638405530510423,0.028875941360115738
ergo_adaptive,229.66666666666663,0.035567626656991314,0.028854121361702807
ergo_adaptive,229.75,0.03355510257395817,0.028819119146074136
ergo_adaptive,229.83333333333337,0.0324073829694437,0.02877639946743352
ergo_adaptive,229.91666666666663,0.030085349153146652,0.028738312317866572
ergo_adaptive,230.0,0.03507503675278252,0.02869730149423068
ergo_adaptive,230.08333333333337,0.03918601573853602,0.02864212201098686
ergo_adaptive,230.16666666666663,0.03738548597520431,0.028581391970509382
ergo_adaptive,230.25,0.04205630813400464,0.02852670507980423
ergo_adaptive,230.33333333333337,0.042713808911145,0.028473953320129055
ergo_adaptive,230.41666666666663,0.04196206654222526,0.028411098057256317
ergo_adaptive,230.5,0.039454664041328164,0.028341071639717438
ergo_adaptive,230.58333333333337,0.03823266658281916,0.0282722899525606
ergo_adaptive,230.66666666666663,0.040935107898295436,0.028212733293819757
ergo_adaptive,230.75,0.04453874840403216,0.0281573293056281
ergo_adaptive,230.83333333333337,0.04128482359650355,0.02810407873209644
ergo_adaptive,230.91666666666663,0.04086433471449162,0.028069312614416937
ergo_adaptive,231.0,0.040083568501342884,0.028067934879670475
ergo_adaptive,231.08333333333337,0.04024234975539425,0.028086922346249207
ergo_adaptive,231.16666666666663,0.04230544058246673,0.028111124118455455
ergo_adaptive,231.25,0.043349009003652524,0.028145410742906163
ergo_adaptive,231.33333333333337,0.04383695840613928,0.028186955948379635
ergo_adaptive,231.41666666666663,0.04253839644978056,0.028229568162515258
ergo_adaptive,231.5,0.04197758030268291,0.02826496803690179
ergo_adaptive,231.58333333333337,0.04327716900093426,0.02828767337349498
ergo_adaptive,231.66666666666663,0.040537341652455226,0.028291915146804722
ergo_adaptive,231.75,0.039348642605735416,0.028278132465752587
ergo_adaptive,231.83333333333337,0.036920270552483175,0.02828805618047763
ergo_adaptive,231.91666666666663,0.03795768024395287,0.028292107009125603
ergo_adaptive,232.0,0.03831244039645788,0.02831080946107625
ergo_adaptive,232.08333333333337,0.03874135011584683,0.02833034137796502
ergo_adaptive,232.16666666666663,0.038786401563717744,0.028354438414350886
ergo_adaptive,232.25,0.039080192986203854,0.028379152925742362
ergo_adaptive,232.33333333333337,0.03843461746466086,0.028403151275441848
ergo_adaptive,232.41666666666663,0.03634593290606774,0.028417981666258176
ergo_adaptive,232.5,0.03607429631967744,0.028427470805202193
ergo_adaptive,232.58333333333337,0.036830532222254735,0.028440068271671427
ergo_adaptive,232.66666666666663,0.038336106949905524,0.0284642292179912
ergo_adaptive,232.75,0.03955604947909503,0.02848599000766092
ergo_adaptive,232.83333333333337,0.03827782169119672,0.02850804222107322
ergo_adaptive,232.91666666666663,0.037238329393638525,0.02852648833345911
ergo_adaptive,233.0,0.039580992507455934,0.02853960067730879
ergo_adaptive,233.08333333333337,0.04072882098165699,0.02855787365641697
ergo_adaptive,233.16666666666663,0.04074861415374448,0.02857963908461846
ergo_adaptive,233.25,0.0406434095292378,0.028599992270247475
ergo_adaptive,233.33333333333337,0.04180183742529195,0.02862126479559591
ergo_adaptive,233.41666666666663,0.04445282166741368,0.02864431381222361
ergo_adaptive,233.5,0.04228186147940955,0.02866166446624972
ergo_adaptive,233.58333333333337,0.044181911806522034,0.0286718763649101
ergo_adaptive,233.66666666666663,0.042792864962127954,0.02869441779713714
ergo_adaptive,233.75,0.04298377381344975,0.02870786386927282
ergo_adaptive,233.83333333333337,0.04233181262336168,0.028722312176017457
ergo_adaptive,233.91666666666663,0.04228989450078323,0.02873977216412306
ergo_adaptive,234.0,0.04272664855887778,0.028760214089489235
ergo_adaptive,234.08333333333337,0.04335901292695106,0.028780770231403834
ergo_adaptive,234.16666666666663,0.03974494136823616,0.028805148476206337
ergo_adaptive,234.25,0.04058559648594063,0.028820266833326055
ergo_adaptive,234.33333333333337,0.04049394425007479,0.02882700684044384
ergo_adaptive,234.41666666666663,0.042168715590992244,0.028858132234185038
ergo_adaptive,234.5,0.04530017465724103,0.028880126799523034
ergo_adaptive,234.58333333333337,0.04592712146673399,0.02889425123001753
ergo_adaptive,234.66666666666663,0.04876124390401678,0.028894395881389572
ergo_adaptive,234.75,0.05071281963500787,0.028892916905898677
ergo_adaptive,234.83333333333337,0.04899203906620673,0.028888967803442935
ergo_adaptive,234.91666666666663,0.04902178572126863,0.028878186981149967
ergo_adaptive,235.0,0.051227655168680164,0.028866479623770883
ergo_adaptive,235.08333333333337,0.0510326001120819,0.02886173182256142
ergo_adaptive,235.16666666666663,0.05022521800899448,0.02886581101539982
ergo_adaptive,235.25,0.050781094048157296,0.028876768652732577
ergo_adaptive,235.33333333333337,0.051278550063246976,0.028890248442123307
ergo_adaptive,235.41666666666663,0.04906732996490209,0.028906032316007645
ergo_adaptive,235.5,0.04700544110418849,0.02892982635024502
ergo_adaptive,235.58333333333337,0.04614399496433073,0.02896725802311316
ergo_adaptive,235.66666666666663,0.043895179855452424,0.02900463564309439
ergo_adaptive,235.75,0.04677008394032377,0.029038840386017697
ergo_adaptive,235.83333333333337,0.04738994217678439,0.029076976568932444
ergo_adaptive,235.91666666666663,0.04785019244203092,0.029120847617141243
ergo_adaptive,236.0,0.04682602043766549,0.029167180403213814
ergo_adaptive,236.08333333333337,0.04387136056101165,0.029212295217202665
ergo_adaptive,236.16666666666663,0.046492930131030494,0.02925892296346149
ergo_adaptive,236.25,0.04679281225149925,0.029307075215236733
ergo_adaptive,236.33333333333337,0.04350814724887501,0.029355996629084957
ergo_adaptive,236.41666666666663,0.04162890697599458,0.02940478244102848
ergo_adaptive,236.5,0.04305133198938942,0.029451796519187345
ergo_adaptive,236.58333333333337,0.044369322636428184,0.02949483126934648
ergo_adaptive,236.66666666666663,0.04127630757595438,0.029537836881830627
ergo_adaptive,236.75,0.03936497355723155,0.029575561551496134
ergo_adaptive,236.83333333333337,0.038863253755163044,0.029599604511308972
ergo_adaptive,236.91666666666663,0.03733354270817985,0.02963456655495708
ergo_adaptive,237.0,0.03752637910961942,0.029705200007200106
ergo_adaptive,237.08333333333337,0.03778862825243965,0.0297838273407163
ergo_adaptive,237.16666666666663,0.03763127771465366,0.029853749375129104
ergo_adaptive,237.25,0.03842983157999137,0.029908234157346333
ergo_adaptive,237.33333333333337,0.03719566522043445,0.029947184549443666
ergo_adaptive,237.41666666666663,0.0385266952826464,0.02997350209706043
ergo_adaptive,237.5,0.036892120115715694,0.029988947035213816
ergo_adaptive,237.58333333333337,0.03878878462247577,0.02999213745967743
ergo_adaptive,237.66666666666663,0.03867836206647714,0.029982135760582954
ergo_adaptive,237.75,0.039612386306913674,0.0299614302914228
ergo_adaptive,237.83333333333337,0.04148741948328783,0.02993505197184685
ergo_adaptive,237.91666666666663,0.0408104077599756,0.02990235455269108
ergo_adaptive,238.0,0.04029457859554997,0.029859306572459728
ergo_adaptive,238.08333333333337,0.0424120038083429,0.029806887489219634
ergo_adaptive,238.16666666666663,0.04320344410541293,0.029752053847172926
ergo_adaptive,238.25,0.04371281194355602,0.029699132090937025
ergo_adaptive,238.33333333333337,0.04320079528294843,0.029638816113777333
ergo_adaptive,238.41666666666663,0.04416379117663923,0.029573517135296677
ergo_adaptive,238.5,0.04640155325792607,0.029515549759692544
ergo_adaptive,238.58333333333337,0.04660506685919838,0.029466842364471012
ergo_adaptive,238.66666666666663,0.044244348347801415,0.029403739698210904
ergo_adaptive,238.75,0.047811245799880865,0.02932211713389003
ergo_adaptive,238.83333333333337,0.04559556030538778,0.029243555725717043
ergo_adaptive,238.91666666666663,0.044453866981000116,0.029185951194947227
ergo_adaptive,239.0,0.04271533054152941,0.029114100223143306
ergo_adaptive,239.08333333333337,0.04172964993793913,0.0290133508327271
ergo_adaptive,239.16666666666663,0.041123368391599774,0.028903843969921
ergo_adaptive,239.25,0.04089457088571145,0.028821098615643508
ergo_adaptive,239.33333333333337,0.03631219089243178,0.028742700053670682
ergo_adaptive,239.41666666666663,0.03148805913219611,0.02863419779615769
ergo_adaptive,239.5,0.02859710402607766,0.028518761581263666
ergo_adaptive,239.58333333333337,0.02661135359536763,0.028430603231676906
ergo_adaptive,239.66666666666663,0.02868582812469632,0.028364405329730058
ergo_adaptive,239.75,0.03291479738146541,0.028297957196803038
ergo_adaptive,239.83333333333337,0.032992016943053384,0.028233701637606162
ergo_adaptive,239.91666666666663,0.03198901279938672,0.02818061307561771
ergo_adaptive,240.0,0.03113287131681812,0.028141259600562227
ergo_adaptive,240.08333333333337,0.03217352606130125,0.028132818494573452
ergo_adaptive,240.16666666666663,0.032880073593692036,0.028139124258277293
ergo_adaptive,240.25,0.034633691652597304,0.028142948575332404
ergo_adaptive,240.33333333333337,0.0346021453798582,0.028145627223987692
ergo_adaptive,240.41666666666663,0.03542282370894627,0.0281598398149172
ergo_adaptive,240.5,0.03700978601988529,0.02818006063401702
ergo_adaptive,240.58333333333337,0.03721668915371011,0.02819243225745747
ergo_adaptive,240.66666666666663,0.038122413103449895,0.028198262238673787
ergo_adaptive,240.75,0.03952955556739257,0.028204812163798578
ergo_adaptive,240.83333333333337,0.038648281019780045,0.0282186728961966
ergo_adaptive,240.91666666666663,0.038873516733300945,0.02822958743268437
ergo_adaptive,241.0,0.041518560108967074,0.028236995142143114
ergo_adaptive,241.08333333333337,0.03929615204019646,0.02824369912752473
ergo_adaptive,241.16666666666663,0.03720175291059282,0.028254061878033823
ergo_adaptive,241.25,0.034287196372623036,0.028276303434509233
ergo_adaptive,241.33333333333337,0.03581407451936557,0.028307717539961866
ergo_adaptive,241.41666666666663,0.03352447397288156,0.02833982042379148
ergo_adaptive,241.5,0.03252076684159242,0.028369603080818033
ergo_adaptive,241.58333333333337,0.03146734098094144,0.028395745932904178
ergo_adaptive,241.66666666666663,0.02895274141615917,0.028416351582619268
ergo_adaptive,241.75,0.029068588449174107,0.028429541486940248
ergo_adaptive,241.83333333333337,0.02853726769392713,0.028437369877844138
ergo_adaptive,241.91666666666663,0.026237949607477128,0.02844246160696914
ergo_adaptive,242.0,0.022114974016262584,0.02844562109249053
ergo_adaptive,242.08333333333337,0.024099896248960556,0.028440923416864525
ergo_adaptive,242.16666666666663,0.025631422743698427,0.028428074932943123
ergo_adaptive,242.25,0.02587653794808545,0.028422034132549474
ergo_adaptive,242.33333333333337,0.028751978526482872,0.028422780318887546
ergo_adaptive,242.41666666666663,0.029096422386079242,0.02843350376692219
ergo_adaptive,242.5,0.03100027801622756,0.028455787798001054
ergo_adaptive,242.58333333333337,0.03309867119129394,0.02847891836552188
ergo_adaptive,242.66666666666663,0.032365018341225384,0.028501881537237983
ergo_adaptive,242.75,0.03154818511660447,0.028527875165234185
ergo_adaptive,242.83333333333337,0.03277436764707339,0.028552307744108333
ergo_adaptive,242.91666666666663,0.034736929811041865,0.02857544150822147
ergo_adaptive,243.0,0.03481261136410841,0.028599766211105437
ergo_adaptive,243.08333333333337,0.03420893168161685,0.028623283937526556
ergo_adaptive,243.16666666666663,0.03313369656087775,0.028645026193481526
ergo_adaptive,243.25,0.03415992377630835,0.028666857273641936
ergo_adaptive,243.33333333333337,0.032175652344696604,0.02868535640178832
ergo_adaptive,243.41666666666663,0.03297849751048417,0.028704743177566782
ergo_adaptive,243.5,0.033334878688009315,0.028721313352808905
ergo_adaptive,243.58333333333337,0.031040613026699866,0.02873736443111109
ergo_adaptive,243.66666666666663,0.029374928977450417,0.028755893469397373
ergo_adaptive,243.75,0.030446745476365177,0.028772734524135313
ergo_adaptive,243.83333333333337,0.03188463277063612,0.028790421665715542
ergo_adaptive,243.91666666666663,0.033167801626730956,0.028808826260625375
ergo_adaptive,244.0,0.03019058945192448,0.028821582711628848
ergo_adaptive,244.08333333333337,0.029727262990395433,0.028838504198244807
ergo_adaptive,244.16666666666663,0.028497696138211622,0.02885912148460304
ergo_adaptive,244.25,0.029262085174416808,0.0288759031636757
ergo_adaptive,244.33333333333337,0.029914694384986465,0.028854938459664217
ergo_adaptive,244.41666666666663,0.031540312200836064,0.028830605031863268
ergo_adaptive,244.5,0.03711168550827991,0.028814444582493805
ergo_adaptive,244.58333333333337,0.04314809192392259,0.028782960298838645
ergo_adaptive,244.66666666666663,0.042416716470158516,0.028749276128914557
ergo_adaptive,244.75,0.03783331164560837,0.02872311337153449
ergo_adaptive,244.83333333333337,0.0336994613996681,0.028715824639162946
ergo_adaptive,244.91666666666663,0.03357559705813735,0.028737225544450486
ergo_adaptive,245.0,0.03078842960804944,0.028763596884856222
ergo_adaptive,245.08333333333337,0.028848864248176436,0.028785488400228217
ergo_adaptive,245.16666666666663,0.02825734616325273,0.028802297944353787
ergo_adaptive,245.25,0.029271162743598474,0.02882304872475027
ergo_adaptive,245.33333333333337,0.0343438145973583,0.02884079199522319
ergo_adaptive,245.41666666666663,0.03457175055815585,0.028836103628973417
ergo_adaptive,245.5,0.031715772659332404,0.028812679035330146
ergo_adaptive,245.58333333333337,0.03157323443272909,0.02878394908853243
ergo_adaptive,245.66666666666663,0.03402049359478335,0.028758751565303428
ergo_adaptive,245.75,0.03353642716376893,0.02873211268141182
ergo_adaptive,245.83333333333337,0.03322701509271054,0.028697044495897085
ergo_adaptive,245.91666666666663,0.03666373059718479,0.028660169752036807
ergo_adaptive,246.0,0.034658998071558055,0.02863160766163611
ergo_adaptive,246.08333333333337,0.03692085186907002,0.02860652929758096
ergo_adaptive,246.16666666666663,0.03738101818677968,0.02858374688398027
ergo_adaptive,246.25,0.039158947666626566,0.02856144868255241
ergo_adaptive,246.33333333333337,0.03603700428948393,0.028540979787002697
ergo_adaptive,246.41666666666663,0.03614715955634054,0.028526134454440254
ergo_adaptive,246.5,0.03787712615334937,0.028516448876703474
ergo_adaptive,246.58333333333337,0.03584976248355434,0.028507499031711337
ergo_adaptive,246.66666666666663,0.03667055612360608,0.028503091356297094
ergo_adaptive,246.75,0.03775213931722034,0.028513855202134644
ergo_adaptive,246.83333333333337,0.039265650098259504,0.028539058616330742
ergo_adaptive,246.91666666666663,0.0395293976909614,0.02856429685882556
ergo_adaptive,247.0,0.03731420345276058,0.028584732848469935
ergo_adaptive,247.08333333333337,0.03728978927174827,0.028607283174827317
ergo_adaptive,247.16666666666663,0.0384531564625044,0.028636959097808806
ergo_adaptive,247.25,0.03539208979117268,0.02866736160493516
ergo_adaptive,247.33333333333337,0.035960802940838664,0.02869659151353662
ergo_adaptive,247.41666666666663,0.03624533821550933,0.02872607168528786
ergo_adaptive,247.5,0.03581381388030786,0.02875746797297469
ergo_adaptive,247.58333333333337,0.03668223361423535,0.028792605598670827
ergo_adaptive,247.66666666666663,0.038581768938776476,0.028826982759053908
ergo_adaptive,247.75,0.037241241681413795,0.02885615812166395
ergo_adaptive,247.83333333333337,0.03436083154893199,0.028880770394733888
ergo_adaptive,247.91666666666663,0.035755375895475304,0.02890999501194433
ergo_adaptive,248.0,0.03307635718758772,0.02893045747343526
ergo_adaptive,248.08333333333337,0.031452178886348645,0.028930873070202454
ergo_adaptive,248.16666666666663,0.02970145833680265,0.028928766812267748
ergo_adaptive,248.25,0.02895152693656282,0.028962801244900707
ergo_adaptive,248.33333333333337,0.029172442155871496,0.029029394830886134
ergo_adaptive,248.41666666666663,0.029977861302026662,0.02910224427510712
ergo_adaptive,248.5,0.029530904510813073,0.029170935493477726
ergo_adaptive,248.58333333333337,0.030787550939810525,0.02922981646866666
ergo_adaptive,248.66666666666663,0.03219755739660606,0.029274539868920316
ergo_adaptive,248.75,0.03106785180770693,0.02930459925176639
ergo_adaptive,248.83333333333337,0.029910527543780853,0.029322701271742222
ergo_adaptive,248.91666666666663,0.031032520591185324,0.029331457944466788
ergo_adaptive,249.0,0.03111515049607242,0.029330382831307972
ergo_adaptive,249.08333333333337,0.028511203016298066,0.029318434544956657
ergo_adaptive,249.16666666666663,0.0276748374398588,0.029297770688727177
ergo_adaptive,249.25,0.029941497129197345,0.029272682672247294
ergo_adaptive,249.33333333333337,0.031197244134399827,0.029243582878109155
ergo_adaptive,249.41666666666663,0.030303698405387155,0.02920652911330568
ergo_adaptive,249.5,0.030891567297895977,0.02916182568564989
ergo_adaptive,249.58333333333337,0.030541450615195524,0.029118087860879827
ergo_adaptive,249.66666666666663,0.02985048181865246,0.029078667818018617
ergo_adaptive,249.75,0.03263070737861563,0.029030998699540875
ergo_adaptive,249.83333333333337,0.032464672232235,0.028972366288851206
ergo_adaptive,249.91666666666663,0.03540775695049108,0.028914828359937958
ergo_adaptive,250.0,0.033900404752040675,0.02887122106271474
ergo_adaptive,250.08333333333337,0.03413612887649731,0.02881965683197786
ergo_adaptive,250.16666666666663,0.03379295541459449,0.028752954436820858
ergo_adaptive,250.25,0.03293465520124905,0.028688579276176615
ergo_adaptive,250.33333333333337,0.03365596688293036,0.028634492675254405
ergo_adaptive,250.41666666666663,0.03515620374337227,0.028583417591109425
ergo_adaptive,250.5,0.037202059760729024,0.02852138303515442
ergo_adaptive,250.58333333333337,0.039831597331917594,0.028455953959946583
ergo_adaptive,250.66666666666663,0.0361913277649671,0.028402583596420852
ergo_adaptive,250.75,0.03736462322522751,0.028357083016402974
ergo_adaptive,250.83333333333337,0.03974115778937635,0.0283086770078736
ergo_adaptive,250.91666666666663,0.03864644379818084,0.02826059260245149
ergo_adaptive,251.0,0.0385256058947344,0.0282191758589637
ergo_adaptive,251.08333333333337,0.03763685856275857,0.028188198626809824
ergo_adaptive,251.16666666666663,0.03553437067941156,0.028160455670334743
ergo_adaptive,251.25,0.032446628480141515,0.028133162322671906
ergo_adaptive,251.33333333333337,0.0344933965638813,0.028107817234494015
ergo_adaptive,251.41666666666663,0.03601752221844874,0.02808533940495991
ergo_adaptive,251.5,0.031239174636896898,0.028062498325437394
ergo_adaptive,251.58333333333337,0.03584183475896065,0.028037778145831273
ergo_adaptive,251.66666666666663,0.027206612745061823,0.028014107917381716
ergo_adaptive,251.75,0.025317859438417127,0.02800269115183581
ergo_adaptive,251.83333333333337,0.024302012720593187,0.028012919985215667
ergo_adaptive,251.91666666666663,0.02497697981062224,0.028034330303641636
ergo_adaptive,252.0,0.025714865298534787,0.028039824476476675
ergo_adaptive,252.08333333333337,0.0272158682697204,0.028030429402237923
ergo_adaptive,252.16666666666663,0.026775601682350974,0.028019855686041536
ergo_adaptive,252.25,0.026724134883864666,0.028008795073692656
ergo_adaptive,252.33333333333337,0.027001616745133204,0.02799746703377456
ergo_adaptive,252.41666666666663,0.027292927190292922,0.02799413233434057
ergo_adaptive,252.5,0.02703603030043221,0.027990165899362818
ergo_adaptive,252.58333333333337,0.028464658144338868,0.02797984515591533
ergo_adaptive,252.66666666666663,0.02888159716931597,0.027964417778744467
ergo_adaptive,252.75,0.02918911701883734,0.027946641318804945
ergo_adaptive,252.83333333333337,0.028187592535778967,0.02792949672717755
ergo_adaptive,252.91666666666663,0.026343184829877277,0.02791184289979706
ergo_adaptive,253.0,0.02727533818429835,0.027890715084457316
ergo_adaptive,253.08333333333337,0.02727858339633495,0.027869268156541272
ergo_adaptive,253.16666666666663,0.028400288116509617,0.0278547143065471
ergo_adaptive,253.25,0.027596663425946584,0.02784568027616105
ergo_adaptive,253.33333333333337,0.03025912863813625,0.027824862924327152
ergo_adaptive,253.41666666666663,0.030890215220818414,0.027795143942489445
ergo_adaptive,253.5,0.032088995940905654,0.02776791554426063
ergo_adaptive,253.58333333333337,0.032138236600961066,0.02775385423167187
ergo_adaptive,253.66666666666663,0.030596820881664273,0.027738636596045106
ergo_adaptive,253.75,0.028282789231870872,0.027722409005735128
ergo_adaptive,253.83333333333337,0.027387365615892993,0.027711052190990196
ergo_adaptive,253.91666666666663,0.02902734034886687,0.02771471723117533
ergo_adaptive,254.0,0.026747333182973832,0.02772372455204084
ergo_adaptive,254.08333333333337,0.02764166633213426,0.02774158848943731
ergo_adaptive,254.16666666666663,0.027830825678693747,0.027766322435748253
ergo_adaptive,254.25,0.025418661647860434,0.02779298271735366
ergo_adaptive,254.33333333333337,0.02823119401417256,0.027816695466929768
ergo_adaptive,254.41666666666663,0.02793702245980683,0.027836390406279395
ergo_adaptive,254.5,0.031099898657445314,0.027851773999387822
ergo_adaptive,254.58333333333337,0.03186142224504725,0.02786661052930525
ergo_adaptive,254.66666666666663,0.02947308362665111,0.027883055158794714
ergo_adaptive,254.75,0.02977044138415763,0.027906222168102547
ergo_adaptive,254.83333333333337,0.02998973092349608,0.027935548874850686
ergo_adaptive,254.91666666666663,0.0288024680996782,0.027963572619253602
ergo_adaptive,255.0,0.02876806289803624,0.02799010432294027
ergo_adaptive,255.08333333333337,0.0268591737575536,0.028018225075213416
ergo_adaptive,255.16666666666663,0.028540579518879464,0.02804377755037719
ergo_adaptive,255.25,0.02980516759664193,0.02806879494528626
ergo_adaptive,255.33333333333337,0.0318634693868016,0.028096717297316127
ergo_adaptive,255.41666666666663,0.028959837724635222,0.028114894391508768
ergo_adaptive,255.5,0.029506472860806456,0.0281345439380257
ergo_adaptive,255.58333333333337,0.030120488104863414,0.028157663100388478
ergo_adaptive,255.66666666666663,0.03122923278414634,0.028174162632643676
ergo_adaptive,255.75,0.030784792491398687,0.028186595987751077
ergo_adaptive,255.83333333333337,0.030407561495594742,0.028208116640503652
ergo_adaptive,255.91666666666663,0.030573566867444408,0.028231236006993822
ergo_adaptive,256.0,0.030811920228022927,0.028254041792972594
ergo_adaptive,256.08333333333337,0.03085934217294037,0.02827608506039251
ergo_adaptive,256.16666666666663,0.03027739055924894,0.028290232136422275
ergo_adaptive,256.25,0.032039472350322944,0.02830935976749278
ergo_adaptive,256.33333333333337,0.029744777447269118,0.028331410569013896
ergo_adaptive,256.41666666666663,0.027749743433385387,0.028346760350789924
ergo_adaptive,256.5,0.028718776915820393,0.02835386341236202
ergo_adaptive,256.58333333333337,0.028966573203270715,0.028349849762004824
ergo_adaptive,256.66666666666663,0.02480890767793162,0.02834456259992001
ergo_adaptive,256.75,0.02779332578279283,0.02834788025146196
ergo_adaptive,256.83333333333337,0.02702268099291626,0.028351880870956508
ergo_adaptive,256.91666666666663,0.02994644943270823,0.02835157388703761
ergo_adaptive,257.0,0.0282723781377079,0.02835182409184463
ergo_adaptive,257.08333333333337,0.03216094171088337,0.028359752692555088
ergo_adaptive,257.16666666666663,0.033691509544921366,0.028372460882399482
ergo_adaptive,257.25,0.03174792323072268,0.028382570073367475
ergo_adaptive,257.33333333333337,0.03369965185272908,0.028387169487460742
ergo_adaptive,257.41666666666663,0.038637187523164924,0.028390267548022787
ergo_adaptive,257.5,0.034789552494975486,0.02839412660504028
ergo_adaptive,257.58333333333337,0.03418975903693401,0.028397121489323277
ergo_adaptive,257.66666666666663,0.028005431059362092,0.02840267889628931
ergo_adaptive,257.75,0.02519692348958908,0.028433838654364864
ergo_adaptive,257.83333333333337,0.025900065245386055,0.028479350554371185
ergo_adaptive,257.91666666666663,0.02621647465012643,0.0285233159160987
ergo_adaptive,258.0,0.025725042024059057,0.02855507362195856
ergo_adaptive,258.08333333333337,0.026574871940336177,0.028573500038168387
ergo_adaptive,258.16666666666663,0.027046603518526738,0.02858354971107716
ergo_adaptive,258.25,0.02810385096825398,0.028587647312902028
ergo_adaptive,258.33333333333337,0.025134340955315075,0.028581982149678414
ergo_adaptive,258.41666666666663,0.024393406975811466,0.028566013388848344
ergo_adaptive,258.5,0.024575514002826815,0.028544114681437728
ergo_adaptive,258.58333333333337,0.024317935099240153,0.028520955569818058
ergo_adaptive,258.66666666666663,0.028264198137944906,0.028497809395954293
ergo_adaptive,258.75,0.026190637388595932,0.02847113078686271
ergo_adaptive,258.83333333333337,0.029430987008171233,0.028439082431719363
ergo_adaptive,258.91666666666663,0.02806119622897186,0.028405766891445295
ergo_adaptive,259.0,0.026228441388447415,0.028376468706532074
ergo_adaptive,259.08333333333337,0.02508622821334481,0.028341596509060412
ergo_adaptive,259.16666666666663,0.026853498962961644,0.028300392063018834
ergo_adaptive,259.25,0.02520236386776153,0.028260752587040583
ergo_adaptive,259.33333333333337,0.02679603163679183,0.028233136959235575
ergo_adaptive,259.41666666666663,0.02908636199131635,0.028208535026725875
ergo_adaptive,259.5,0.02825368702920982,0.02817619077487234
ergo_adaptive,259.58333333333337,0.03106458664684482,0.02813866932456635
ergo_adaptive,259.66666666666663,0.035495641949977855,0.028102428326865873
ergo_adaptive,259.75,0.036183947820867306,0.028072184659708628
ergo_adaptive,259.83333333333337,0.030187824584751333,0.02804764471403545
ergo_adaptive,259.91666666666663,0.027941977743329474,0.028024217593134268
ergo_adaptive,260.0,0.029006261239171594,0.02801101182058491
ergo_adaptive,260.08333333333337,0.028745364168637478,0.028011144755761497
ergo_adaptive,260.16666666666663,0.026686797228441222,0.028020821689462693
ergo_adaptive,260.25,0.027534493663864238,0.02802679261672608
ergo_adaptive,260.33333333333337,0.024422749025286628,0.02803011653236361
ergo_adaptive,260.41666666666663,0.026017009791999928,0.02803727354787868
ergo_adaptive,260.5,0.02554351572366622,0.028051123436963726
ergo_adaptive,260.58333333333337,0.023508790327620568,0.02806559151963886
ergo_adaptive,260.66666666666663,0.024158246501602386,0.028079382959757013
ergo_adaptive,260.75,0.022848162021314126,0.028093309714240306
ergo_adaptive,260.83333333333337,0.022292070769697598,0.028110504108667632
ergo_adaptive,260.91666666666663,0.022776156609923253,0.02813206085622657
ergo_adaptive,261.0,0.023189474123867952,0.028153352511277537
ergo_adaptive,261.08333333333337,0.023144424046188123,0.028172551589470567
ergo_adaptive,261.16666666666663,0.022265439965718586,0.028191807249132114
ergo_adaptive,261.25,0.02286165053169516,0.028215010895563605
ergo_adaptive,261.33333333333337,0.02270794782579552,0.02822836982520893
ergo_adaptive,261.41666666666663,0.022337817496848853,0.028219696384792423
ergo_adaptive,261.5,0.021830374739125073,0.028197408554242753
ergo_adaptive,261.58333333333337,0.019144055643987194,0.028174392464624057
ergo_adaptive,261.66666666666663,0.019238694253430853,0.02820367777737976
ergo_adaptive,261.75,0.019502812853533672,0.028262675927500723
ergo_adaptive,261.83333333333337,0.019704439899717624,0.028322676985317728
ergo_adaptive,261.91666666666663,0.020357624131101325,0.02837741263194649
ergo_adaptive,262.0,0.020226104034128924,0.028425850609005914
ergo_adaptive,262.08333333333337,0.02123688650382246,0.028467396120176812
ergo_adaptive,262.16666666666663,0.02146981104256018,0.02849771578364153
ergo_adaptive,262.25,0.021545157078733283,0.028516410034308565
ergo_adaptive,262.33333333333337,0.022637077648147538,0.028526342015268304
ergo_adaptive,262.41666666666663,0.02188435449234072,0.028530470952347016
ergo_adaptive,262.5,0.022545848495082337,0.02852842481398122
ergo_adaptive,262.58333333333337,0.019959655472673466,0.028518688295324026
ergo_adaptive,262.66666666666663,0.02493953159894837,0.028502675657209955
ergo_adaptive,262.75,0.02428126393489856,0.028483821345765964
ergo_adaptive,262.83333333333337,0.022271207403614872,0.028462965710010817
ergo_adaptive,262.91666666666663,0.023200069277543485,0.028436605097762382
ergo_adaptive,263.0,0.025243056756053827,0.02840362436876495
ergo_adaptive,263.08333333333337,0.0250304829769778,0.028368732759865088
ergo_adaptive,263.16666666666663,0.02210118346685736,0.028336598072497866
ergo_adaptive,263.25,0.01890360916205633,0.028300093873140378
ergo_adaptive,263.33333333333337,0.01809076988581295,0.02825802549826327
ergo_adaptive,263.41666666666663,0.0183186105860196,0.02821475312278729
ergo_adaptive,263.5,0.021332094989770643,0.028182378323290996
ergo_adaptive,263.58333333333337,0.019405269347242963,0.02815014657890094
ergo_adaptive,263.66666666666663,0.01759176706069827,0.028102916209654383
ergo_adaptive,263.75,0.01839429554939581,0.02805378504655036
ergo_adaptive,263.83333333333337,0.017842748731608404,0.028014719278949437
ergo_adaptive,263.91666666666663,0.017298889011474743,0.027983677188402587
ergo_adaptive,264.0,0.018401654375919292,0.027952907103660465
ergo_adaptive,264.08333333333337,0.020001562338084634,0.0279178033452972
ergo_adaptive,264.16666666666663,0.023420653599151835,0.027889651563167816
ergo_adaptive,264.25,0.024853005148429117,0.027871181892177407
ergo_adaptive,264.33333333333337,0.022359017235342747,0.02785551706290796
ergo_adaptive,264.41666666666663,0.022324726043414234,0.02784178663356454
ergo_adaptive,264.5,0.01670164233949433,0.027832643026032246
ergo_adaptive,264.58333333333337,0.01583195194028621,0.027828603614268217
ergo_adaptive,264.66666666666663,0.01702815156580233,0.0278271183643362
ergo_adaptive,264.75,0.018683428594817884,0.027825120622564307
ergo_adaptive,264.83333333333337,0.01713761192478409,0.02782362183551426
ergo_adaptive,264.91666666666663,0.017124177555131237,0.027826082748303917
ergo_adaptive,265.0,0.015074030106779164,0.027834460246520195
ergo_adaptive,265.08333333333337,0.012970756624197013,0.027845365617646976
ergo_adaptive,265.16666666666663,0.014109055530487361,0.02785486560380251
ergo_adaptive,265.25,0.018390803641858435,0.02786504646662725
ergo_adaptive,265.33333333333337,0.019264674417227887,0.027883440868090473
ergo_adaptive,265.41666666666663,0.01789672878328564,0.027897188184392588
ergo_adaptive,265.5,0.01847123700224616,0.02789624272519884
ergo_adaptive,265.58333333333337,0.014304178928696227,0.027890101277586263
ergo_adaptive,265.66666666666663,0.012362678063973289,0.027892372146170238
ergo_adaptive,265.75,0.01501882104498952,0.027901977805945773
ergo_adaptive,265.83333333333337,0.011522275005581254,0.027913523428680705
ergo_adaptive,265.91666666666663,0.008516415482553816,0.027931402899126215
ergo_adaptive,266.0,0.011051932798587757,0.027962337878684816
ergo_adaptive,266.08333333333337,0.011176759294699695,0.027996020867022135
ergo_adaptive,266.16666666666663,0.0103109437695583,0.02801940433594885
ergo_adaptive,266.25,0.010017517196784733,0.02802655398485952
ergo_adaptive,266.33333333333337,0.01092149490280062,0.02802630276461693
ergo_adaptive,266.41666666666663,0.010517243029652545,0.02802971027646612
ergo_adaptive,266.5,0.01032833685097357,0.02803443876291367
ergo_adaptive,266.58333333333337,0.011329245036718817,0.02802824069987922
ergo_adaptive,266.66666666666663,0.012454116072396923,0.028014162734511183
ergo_adaptive,266.75,0.013197500076462948,0.028001184029092657
ergo_adaptive,266.83333333333337,0.013966495136741313,0.027987566780886642
ergo_adaptive,266.91666666666663,0.015668388943995165,0.027966404106306873
ergo_adaptive,267.0,0.017180899823759095,0.027937987104032003
ergo_adaptive,267.08333333333337,0.015240427599568432,0.027908351366544553
ergo_adaptive,267.16666666666663,0.016747966771183315,0.02788072034926909
ergo_adaptive,267.25,0.015584109073446248,0.027853922677319145
ergo_adaptive,267.33333333333337,0.01672837332179453,0.027825653342270527
ergo_adaptive,267.41666666666663,0.016638486738708914,0.027800562626352863
ergo_adaptive,267.5,0.017083353313057433,0.027779271963981427
ergo_adaptive,267.58333333333337,0.01752910267931486,0.02776510028476694
ergo_adaptive,267.66666666666663,0.01625937826490634,0.02774581236930166
ergo_adaptive,267.75,0.0144359689910326,0.0277188049451064
ergo_adaptive,267.83333333333337,0.0159286601367854,0.02769773794867469
ergo_adaptive,267.91666666666663,0.017025266446359818,0.027682548092691214
ergo_adaptive,268.0,0.018383423681379206,0.027668499555922002
ergo_adaptive,268.08333333333337,0.018277098061271653,0.027651351618740383
ergo_adaptive,268.16666666666663,0.017562623118565844,0.02763319985498392
ergo_adaptive,268.25,0.017590922970326633,0.027618574269806982
ergo_adaptive,268.33333333333337,0.017955622502687025,0.027613321744881677
ergo_adaptive,268.41666666666663,0.019437930463978945,0.027610063590663852
ergo_adaptive,268.5,0.01691236019215307,0.027606558105036833
ergo_adaptive,268.58333333333337,0.014865537922830163,0.027607813234823638
ergo_adaptive,268.66666666666663,0.016219716297883283,0.027614021933400627
ergo_adaptive,268.75,0.016089436462884917,0.027625694344885845
ergo_adaptive,268.83333333333337,0.015257897313381001,0.02763426738326574
ergo_adaptive,268.91666666666663,0.014043095225244974,0.027640175782432944
ergo_adaptive,269.0,0.014778491893798493,0.02766342756744545
ergo_adaptive,269.08333333333337,0.014352224096778516,0.02769996649691388
ergo_adaptive,269.16666666666663,0.015143564356335515,0.027741818204706285
ergo_adaptive,269.25,0.015184131472035591,0.027775987348519715
ergo_adaptive,269.33333333333337,0.01544673307596324,0.027798500832622742
ergo_adaptive,269.41666666666663,0.016427078026593208,0.027812018748129733
ergo_adaptive,269.5,0.017328207532199724,0.02782137690782926
ergo_adaptive,269.58333333333337,0.015019088078133007,0.027827720344638214
ergo_adaptive,269.66666666666663,0.015496543819756218,0.0278289768770537
ergo_adaptive,269.75,0.016901040186127883,0.027827712521665167
ergo_adaptive,269.83333333333337,0.015799701695816296,0.0278250443541833
ergo_adaptive,269.91666666666663,0.01563310818797296,0.027823534838912773
ergo_adaptive,270.0,0.012127455322507181,0.027821565822002806
ergo_adaptive,270.08333333333337,0.013490767524757977,0.027829792510141345
ergo_adaptive,270.16666666666663,0.013451003092654248,0.02784952118893303
ergo_adaptive,270.25,0.01508364681292263,0.027871629714635467
ergo_adaptive,270.33333333333337,0.016128144998407635,0.02789390927853673
ergo_adaptive,270.41666666666663,0.016339924712247048,0.02791602191582782
ergo_adaptive,270.5,0.016689599915158716,0.027937133890379686
ergo_adaptive,270.58333333333337,0.016254512960773747,0.027953978339310126
ergo_adaptive,270.66666666666663,0.016291220049152396,0.027970965882759508
ergo_adaptive,270.75,0.018815973792161073,0.0279881681581564
ergo_adaptive,270.83333333333337,0.02081168990496607,0.028005267746417435
ergo_adaptive,270.91666666666663,0.02228250145844993,0.028017411770332935
ergo_adaptive,271.0,0.022875614170661546,0.028020918337296388
ergo_adaptive,271.08333333333337,0.02081408282642088,0.02802930075533222
ergo_adaptive,271.16666666666663,0.01964477375886849,0.028045044386531267
ergo_adaptive,271.25,0.020108930115009402,0.028064333149129123
ergo_adaptive,271.33333333333337,0.019499427221844542,0.028083007167941855
ergo_adaptive,271.41666666666663,0.020440248671859573,0.02810124761841544
ergo_adaptive,271.5,0.019478847407499528,0.028118971612846176
ergo_adaptive,271.58333333333337,0.021302171952008352,0.028136151912284964
ergo_adaptive,271.66666666666663,0.020462470050807053,0.028153273820460723
ergo_adaptive,271.75,0.02116822879047151,0.028169776573232882
ergo_adaptive,271.83333333333337,0.021035757462950156,0.02818498157480493
ergo_adaptive,271.91666666666663,0.02126385571448731,0.028201453763264304
ergo_adaptive,272.0,0.020216221260044343,0.02821653384592376
ergo_adaptive,272.08333333333337,0.018357625936166362,0.0282279759362982
ergo_adaptive,272.16666666666663,0.017830949739967388,0.028238092681378595
ergo_adaptive,272.25,0.01824256824936988,0.028251263728524708
ergo_adaptive,272.33333333333337,0.019466328835805097,0.02826465497226381
ergo_adaptive,272.41666666666663,0.020669565604838843,0.028278232915720014
ergo_adaptive,272.5,0.01885698098338035,0.028291827279318768
ergo_adaptive,272.58333333333337,0.02029075677398297,0.02830552825259637
ergo_adaptive,272.66666666666663,0.019415443451493115,0.028319222070175593
ergo_adaptive,272.75,0.023183430081350535,0.028333172044720127
ergo_adaptive,272.83333333333337,0.023831422773822605,0.028346091419651564
ergo_adaptive,272.91666666666663,0.023748321779082922,0.02836123751847177
ergo_adaptive,273.0,0.02416078647454458,0.028376321001917858
ergo_adaptive,273.08333333333337,0.021481624644666734,0.028391504533095153
ergo_adaptive,273.16666666666663,0.02152335911451705,0.028405349450812096
ergo_adaptive,273.25,0.018421399880168304,0.028413641083077996
ergo_adaptive,273.33333333333337,0.017588694784179477,0.028421168559665328
ergo_adaptive,273.41666666666663,0.02169104884566808,0.02843364224441787
ergo_adaptive,273.5,0.019002256709256274,0.02844798467249727
ergo_adaptive,273.58333333333337,0.014945528009498664,0.028462246607526578
ergo_adaptive,273.66666666666663,0.015443755400431929,0.02847370432055284
ergo_adaptive,273.75,0.018099240046605448,0.02848593894257844
ergo_adaptive,273.83333333333337,0.017409715774128223,0.02849559087000549
ergo_adaptive,273.91666666666663,0.01792248145404188,0.028504702344174418
ergo_adaptive,274.0,0.018798589744265168,0.02851881107514932
ergo_adaptive,274.08333333333337,0.01724506720227711,0.028535358848520143
ergo_adaptive,274.16666666666663,0.01602443081501688,0.028555648560028866
ergo_adaptive,274.25,0.01413737240490587,0.028578990641229974
ergo_adaptive,274.33333333333337,0.013462075557259395,0.02860106819309805
ergo_adaptive,274.41666666666663,0.014201180494020142,0.028608201758028903
ergo_adaptive,274.5,0.014712859418925814,0.028606917131540555
ergo_adaptive,274.58333333333337,0.014575825009586627,0.028594710425082822
ergo_adaptive,274.66666666666663,0.015186183322220268,0.02858730995664347
ergo_adaptive,274.75,0.016920378211031113,0.02859013969788807
ergo_adaptive,274.83333333333337,0.018216989213869512,0.028585350617588226
ergo_adaptive,274.91666666666663,0.019362388693634807,0.028572800139347102
ergo_adaptive,275.0,0.021118989035418263,0.028561735979819626
ergo_adaptive,275.08333333333337,0.023083333360801452,0.02855892951054185
ergo_adaptive,275.16666666666663,0.022963525693683148,0.02856237568616795
ergo_adaptive,275.25,0.019059593492535956,0.028565047252357124
ergo_adaptive,275.33333333333337,0.01686756123417736,0.028566766684636275
ergo_adaptive,275.41666666666663,0.015539571884286675,0.028570327928807353
ergo_adaptive,275.5,0.015231038541948934,0.028581438902347035
ergo_adaptive,275.58333333333337,0.014083394691146837,0.028603017251497033
ergo_adaptive,275.66666666666663,0.015250310055407579,0.0286254643718813
ergo_adaptive,275.75,0.014305900861329027,0.028643756629477872
ergo_adaptive,275.83333333333337,0.014534879889123102,0.028655735147142734
ergo_adaptive,275.91666666666663,0.01467642686867397,0.028659621073586584
ergo_adaptive,276.0,0.014786883555061225,0.028657232316274334
ergo_adaptive,276.08333333333337,0.015016308011855758,0.02865192401599149
ergo_adaptive,276.16666666666663,0.017218308445515675,0.028644147255502014
ergo_adaptive,276.25,0.01964435976302624,0.02862906133051726
ergo_adaptive,276.33333333333337,0.023164677881952932,0.028606602055121774
ergo_adaptive,276.41666666666663,0.02230068411209927,0.028583829284342676
ergo_adaptive,276.5,0.022642246885557264,0.028563982213139334
ergo_adaptive,276.58333333333337,0.023531016350590656,0.028534228221074407
ergo_adaptive,276.66666666666663,0.026997253184966413,0.028499642799570384
ergo_adaptive,276.75,0.02333541280166599,0.028466360751129897
ergo_adaptive,276.83333333333337,0.019516687137872357,0.028437216340436673
ergo_adaptive,276.91666666666663,0.017422570416869048,0.028408016317797127
ergo_adaptive,277.0,0.017397389374706616,0.028378924317302073
ergo_adaptive,277.08333333333337,0.016044234279835326,0.028354910713936903
ergo_adaptive,277.16666666666663,0.018178639576024523,0.02833736790180502
ergo_adaptive,277.25,0.018397048458346218,0.028327038703933598
ergo_adaptive,277.33333333333337,0.014704620697297381,0.028319782527861766
ergo_adaptive,277.41666666666663,0.014106850210311477,0.028318413224014224
ergo_adaptive,277.5,0.01507219006210299,0.028331341552805846
ergo_adaptive,277.58333333333337,0.01715050452705934,0.0283508446419935
ergo_adaptive,277.66666666666663,0.01790921434622459,0.02836428286461485
ergo_adaptive,277.75,0.018754198424668883,0.02836896907270637
ergo_adaptive,277.83333333333337,0.01837797655550205,0.028372258707956524
ergo_adaptive,277.91666666666663,0.018255957897872675,0.02837676023644303
ergo_adaptive,278.0,0.016745111095255664,0.028369815682387545
ergo_adaptive,278.08333333333337,0.0169214227853799,0.028352750123150347
ergo_adaptive,278.16666666666663,0.01649271419438639,0.02833477325106477
ergo_adaptive,278.25,0.01528302513136036,0.028321195652296127
ergo_adaptive,278.33333333333337,0.017623351223047028,0.028307673568504645
ergo_adaptive,278.41666666666663,0.01802797006123755,0.028288303069405826
ergo_adaptive,278.5,0.015685930248130926,0.028268193600921903
ergo_adaptive,278.58333333333337,0.016118548992561824,0.0282548798692496
ergo_adaptive,278.66666666666663,0.014123480315754205,0.02824602830723877
ergo_adaptive,278.75,0.013369193055025541,0.02824168313551376
ergo_adaptive,278.83333333333337,0.013512526047300449,0.028238790328394305
ergo_adaptive,278.91666666666663,0.013698884508391705,0.02823511799704558
ergo_adaptive,279.0,0.013392008876228767,0.02823384647795288
ergo_adaptive,279.08333333333337,0.011996393374125832,0.028231170339435827
ergo_adaptive,279.16666666666663,0.011804248340352371,0.028221921216465648
ergo_adaptive,279.25,0.011726341872447471,0.02820447750119465
ergo_adaptive,279.33333333333337,0.012805037219657605,0.02818685873203145
ergo_adaptive,279.41666666666663,0.012061640655138171,0.02816234631508683
ergo_adaptive,279.5,0.010981355706769624,0.028116170554932717
ergo_adaptive,279.58333333333337,0.011453429508429975,0.02808091944561834
ergo_adaptive,279.66666666666663,0.01092797673564349,0.028040612553901386
ergo_adaptive,279.75,0.011064016936874033,0.028060037175103286
ergo_adaptive,279.83333333333337,0.011007673403956024,0.028106477216565586
ergo_adaptive,279.91666666666663,0.011709892803824463,0.02816276235011136
ergo_adaptive,280.0,0.01200427944234463,0.028219294791412188
ergo_adaptive,280.08333333333337,0.011679478674324032,0.028265620399413702
ergo_adaptive,280.16666666666663,0.011738525356854832,0.028299427378929373
ergo_adaptive,280.25,0.009953512705863506,0.028323168626262184
ergo_adaptive,280.33333333333337,0.011791223223991622,0.028341353089801253
ergo_adaptive,280.41666666666663,0.010803041091814729,0.028354195167234808
ergo_adaptive,280.5,0.013225623008304554,0.02835916818880471
ergo_adaptive,280.58333333333337,0.012906651835355547,0.02835741009852998
ergo_adaptive,280.66666666666663,0.01257765163299661,0.028352836891443797
ergo_adaptive,280.75,0.011121768183045869,0.028345926009918695
ergo_adaptive,280.83333333333337,0.010126810630242239,0.028335752723460016
ergo_adaptive,280.91666666666663,0.009246357906583869,0.028319492308285118
ergo_adaptive,281.0,0.009956970226978204,0.0282991345101552
ergo_adaptive,281.08333333333337,0.010555096408894687,0.028277758761313738
ergo_adaptive,281.16666666666663,0.010193127354442846,0.02825461580667134
ergo_adaptive,281.25,0.010300531672563586,0.028225812246093253
ergo_adaptive,281.33333333333337,0.012608092814325103,0.028191753583864335
ergo_adaptive,281.41666666666663,0.010364665460480559,0.028159248281637732
ergo_adaptive,281.5,0.010083296433338577,0.02813258572416739
ergo_adaptive,281.58333333333337,0.011190595043071478,0.02810081864043883
ergo_adaptive,281.66666666666663,0.011439093477704705,0.028062691525149588
ergo_adaptive,281.75,0.008351384989950696,0.02802661839607075
ergo_adaptive,281.83333333333337,0.007765922732014006,0.028001594910564778
ergo_adaptive,281.91666666666663,0.01004598665149401,0.02797058065651837
ergo_adaptive,282.0,0.011660339697953635,0.027932065749439572
ergo_adaptive,282.08333333333337,0.012814805920026293,0.02789680044547862
ergo_adaptive,282.16666666666663,0.014026711639186758,0.02787191945017921
ergo_adaptive,282.25,0.01054716544766665,0.02785177812987664
ergo_adaptive,282.33333333333337,0.009066706922559871,0.02782736632400562
ergo_adaptive,282.41666666666663,0.009323601152225509,0.027801895261455444
ergo_adaptive,282.5,0.008915005116724408,0.027781203966115314
ergo_adaptive,282.58333333333337,0.00930419561727169,0.027764814741633594
ergo_adaptive,282.66666666666663,0.008517842418957635,0.027747175573409093
ergo_adaptive,282.75,0.009321029617277267,0.027727040921603927
ergo_adaptive,282.83333333333337,0.010658022064093664,0.027708853812075766
ergo_adaptive,282.91666666666663,0.010292862160757192,0.02769483858764764
ergo_adaptive,283.0,0.009809951420550677,0.02768195732257202
ergo_adaptive,283.08333333333337,0.009484315693371602,0.02766765822056937
ergo_adaptive,283.16666666666663,0.007941268518995813,0.027653731072532356
ergo_adaptive,283.25,0.008883028127050215,0.027642936270123614
ergo_adaptive,283.33333333333337,0.00823664259763875,0.02763472866118956
ergo_adaptive,283.41666666666663,0.006139540025129953,0.027623791690079374
ergo_adaptive,283.5,0.008164303190219976,0.027612609106134403
ergo_adaptive,283.58333333333337,0.00563555203809185,0.02760600653078008
ergo_adaptive,283.66666666666663,0.006317047901379723,0.027607566642064818
ergo_adaptive,283.75,0.006313472955746266,0.027606606525613395
ergo_adaptive,283.83333333333337,0.0040319636868735775,0.027599036629732593
ergo_adaptive,283.91666666666663,0.004953690276436017,0.027597569298725366
ergo_adaptive,284.0,0.006480426238932886,0.02760066383851795
ergo_adaptive,284.08333333333337,0.005966265273922178,0.02760556622664383
ergo_adaptive,284.16666666666663,0.004985816162086718,0.027609070263581125
ergo_adaptive,284.25,0.005334074159594076,0.027615267114843262
ergo_adaptive,284.33333333333337,0.0042818240832966075,0.027626894870223365
ergo_adaptive,284.41666666666663,0.0049434606424047295,0.027651298948780066
ergo_adaptive,284.5,0.00405755818617515,0.02767764893178269
ergo_adaptive,284.58333333333337,0.00437244939926578,0.0277008201372089
ergo_adaptive,284.66666666666663,0.004412106273206772,0.027721603443158153
ergo_adaptive,284.75,0.004388005541895287,0.027738510763020904
ergo_adaptive,284.83333333333337,0.0048101000047254105,0.027747216936975166
ergo_adaptive,284.91666666666663,0.004745739032488308,0.027745471894829964
ergo_adaptive,285.0,0.0055204031552516415,0.027738796801223736
ergo_adaptive,285.08333333333337,0.005687557592819492,0.027736819457020723
ergo_adaptive,285.16666666666663,0.0055060874616815435,0.02773069063535351
ergo_adaptive,285.25,0.004577143073641134,0.027710694041783463
ergo_adaptive,285.33333333333337,0.0058586842081251615,0.0276840181261709
ergo_adaptive,285.41666666666663,0.004618836201655997,0.0276599258601892
ergo_adaptive,285.5,0.005027074647496191,0.02763801043684841
ergo_adaptive,285.58333333333337,0.0052629854627905485,0.027610960709250218
ergo_adaptive,285.66666666666663,0.005622302122405024,0.027579362061723428
ergo_adaptive,285.75,0.006689104811682298,0.02754711256969521
ergo_adaptive,285.83333333333337,0.00607703280041676,0.027520381264730595
ergo_adaptive,285.91666666666663,0.006593563501275318,0.027496084755555292
ergo_adaptive,286.0,0.007078729359102276,0.027469695364304325
ergo_adaptive,286.08333333333337,0.006060996437569472,0.027441159188877268
ergo_adaptive,286.16666666666663,0.006818559262941768,0.02741966969163726
ergo_adaptive,286.25,0.005339725431150709,0.027408590545740328
ergo_adaptive,286.33333333333337,0.005817615804295206,0.027393754190222608
ergo_adaptive,286.41666666666663,0.006068250013996272,0.027372647357451065
ergo_adaptive,286.5,0.006407680434631504,0.027351110077302412
ergo_adaptive,286.58333333333337,0.006646912620422132,0.027346786309579624
ergo_adaptive,286.66666666666663,0.006188617445920849,0.02735848734255547
ergo_adaptive,286.75,0.006701460110697104,0.027380363840952035
ergo_adaptive,286.83333333333337,0.00638947278518021,0.02740249198378814
ergo_adaptive,286.91666666666663,0.006413522578136094,0.027428197010081496
ergo_adaptive,287.0,0.006484673157453382,0.027450611048274065
ergo_adaptive,287.08333333333337,0.0057731903267784004,0.027472352092937212
ergo_adaptive,287.16666666666663,0.004785150866910952,0.027495370482898133
ergo_adaptive,287.25,0.005192285261998687,0.02752163476103054
ergo_adaptive,287.33333333333337,0.0061388742442384575,0.027546916206270044
ergo_adaptive,287.41666666666663,0.006347415765494155,0.027571238803437426
ergo_adaptive,287.5,0.006613390910991752,0.02759482278062022
ergo_adaptive,287.58333333333337,0.0056292589717122105,0.027617390355317985
ergo_adaptive,287.66666666666663,0.006259046527409173,0.027641692288027632
ergo_adaptive,287.75,0.006943039791832266,0.027666022131260726
ergo_adaptive,287.83333333333337,0.0072948457570783535,0.027689759295062108
ergo_adaptive,287.91666666666663,0.006743620067246702,0.027709082720215418
ergo_adaptive,288.0,0.005687598869369624,0.027726197018158007
ergo_adaptive,288.08333333333337,0.004494465675112442,0.027743630586281723
ergo_adaptive,288.16666666666663,0.0030503580004509535,0.027749595989703713
ergo_adaptive,288.25,0.0032467568448019775,0.027755827422232413
ergo_adaptive,288.33333333333337,0.002909458758614489,0.027759282843524948
ergo_adaptive,288.41666666666663,0.0031989231000010315,0.027767121552038226
ergo_adaptive,288.5,0.0030096828321142877,0.027782800022257623
ergo_adaptive,288.58333333333337,0.004361138119468838,0.027800704136340885
ergo_adaptive,288.66666666666663,0.004433713890830063,0.027819762304694542
ergo_adaptive,288.75,0.004442078471868378,0.02784179089661388
ergo_adaptive,288.83333333333337,0.003276341226182149,0.02786902711404685
ergo_adaptive,288.91666666666663,0.0037239897398528422,0.02788838668511921
ergo_adaptive,289.0,0.0038863134515653634,0.027902840934789282
ergo_adaptive,289.08333333333337,0.004088304542966916,0.027910476135424755
ergo_adaptive,289.16666666666663,0.0051740186530294914,0.027914566442047352
ergo_adaptive,289.25,0.005514718352893443,0.02791363205526629
ergo_adaptive,289.33333333333337,0.004722873484560931,0.027898134869936524
ergo_adaptive,289.41666666666663,0.0039759318556761335,0.02790213443285807
ergo_adaptive,289.5,0.004423618765700483,0.027921870502461588
ergo_adaptive,289.58333333333337,0.0055869655074457245,0.027942121888981365
ergo_adaptive,289.66666666666663,0.006002724386371175,0.027958242244332344
ergo_adaptive,289.75,0.005391659303016296,0.027972833813678353
ergo_adaptive,289.83333333333337,0.006088108983536559,0.02798854643741843
ergo_adaptive,289.91666666666663,0.006253914283629267,0.027995556557101134
ergo_adaptive,290.0,0.004970343293654832,0.027992641789473464
ergo_adaptive,290.08333333333337,0.006779353846203621,0.02799293849396876
ergo_adaptive,290.16666666666663,0.00626725791564877,0.028006739547939266
ergo_adaptive,290.25,0.006111405493864227,0.028030588997750003
ergo_adaptive,290.33333333333337,0.005550210078238938,0.028053208791888475
ergo_adaptive,290.41666666666663,0.005623923648526254,0.028070443777022815
ergo_adaptive,290.5,0.006171645337660012,0.028093391394015142
ergo_adaptive,290.58333333333337,0.006126015149136041,0.02811106793625299
ergo_adaptive,290.66666666666663,0.005471884783715268,0.028118874226669314
ergo_adaptive,290.75,0.006150198729578057,0.02813401318471984
ergo_adaptive,290.83333333333337,0.005092636153956354,0.028158612722048136
ergo_adaptive,290.91666666666663,0.004904057916505954,0.028182260782408677
ergo_adaptive,291.0,0.00457221812001775,0.028191010279255756
ergo_adaptive,291.08333333333337,0.007134718205748468,0.028189401664700707
ergo_adaptive,291.16666666666663,0.006082461077940811,0.02818792735078229
ergo_adaptive,291.25,0.00559746507088495,0.028189121760840735
ergo_adaptive,291.33333333333337,0.007214644164157844,0.028189816466000942
ergo_adaptive,291.41666666666663,0.007820318265019425,0.028192573626514318
ergo_adaptive,291.5,0.007380271851076105,0.028196168598288236
ergo_adaptive,291.58333333333337,0.007654639435523273,0.028203042747335066
ergo_adaptive,291.66666666666663,0.0052063104849791745,0.02821300263576354
ergo_adaptive,291.75,0.004602363380715841,0.028228884250870535
ergo_adaptive,291.83333333333337,0.0047912186878879374,0.028252362215650587
ergo_adaptive,291.91666666666663,0.005009932604331597,0.028275333304126356
ergo_adaptive,292.0,0.004556525756448751,0.028292147212653117
ergo_adaptive,292.08333333333337,0.004493295359892911,0.028303716845051122
ergo_adaptive,292.16666666666663,0.004067537796793106,0.02831117882147342
ergo_adaptive,292.25,0.0040000184565444855,0.028314366173976206
ergo_adaptive,292.33333333333337,0.004186422712834253,0.028312089219767075
ergo_adaptive,292.41666666666663,0.0037919933989142302,0.02830296830450614
ergo_adaptive,292.5,0.003779139188434183,0.02830206847592485
ergo_adaptive,292.58333333333337,0.004014524739383179,0.028317027716079524
ergo_adaptive,292.66666666666663,0.0039052461870254128,0.028340615043813914
ergo_adaptive,292.75,0.003605639164875841,0.028367412004600523
ergo_adaptive,292.83333333333337,0.0041737617668220275,0.0283915598667169
ergo_adaptive,292.91666666666663,0.005041641757236619,0.02841096038500951
ergo_adaptive,293.0,0.006185004385695657,0.02842634519344933
ergo_adaptive,293.08333333333337,0.004912606012357147,0.028438536316590175
ergo_adaptive,293.16666666666663,0.004657474854316238,0.02844797099521466
ergo_adaptive,293.25,0.004751942542815998,0.028454960304820812
ergo_adaptive,293.33333333333337,0.0027872329773406123,0.02846153861712605
ergo_adaptive,293.41666666666663,0.0028951808731551188,0.028478870616677737
ergo_adaptive,293.5,0.003557308514371658,0.02849898256591485
ergo_adaptive,293.58333333333337,0.003921497938629682,0.02851841619422327
ergo_adaptive,293.66666666666663,0.005042375425194393,0.028537293306230203
ergo_adaptive,293.75,0.00551386137307996,0.028549815457425867
ergo_adaptive,293.83333333333337,0.00495640367060185,0.02855343917923498
ergo_adaptive,293.91666666666663,0.005675720608996758,0.02855129962790329
ergo_adaptive,294.0,0.006135487055478242,0.02854568308444604
ergo_adaptive,294.08333333333337,0.006573256248754575,0.028533901505284804
ergo_adaptive,294.16666666666663,0.00630066258074789,0.028512672632696492
ergo_adaptive,294.25,0.005486779905117791,0.02848575080374727
ergo_adaptive,294.33333333333337,0.006839274332375048,0.02845774628379818
ergo_adaptive,294.41666666666663,0.007512028443379901,0.028428340342932106
ergo_adaptive,294.5,0.006887724450308595,0.02839957498246127
ergo_adaptive,294.58333333333337,0.0068058828943778245,0.02836895361170861
ergo_adaptive,294.66666666666663,0.005882915438523596,0.028338883437338955
ergo_adaptive,294.75,0.006183487574232007,0.028315221578261503
ergo_adaptive,294.83333333333337,0.006352490983244737,0.028288300263301338
ergo_adaptive,294.91666666666663,0.005493760432987807,0.028245703948501975
ergo_adaptive,295.0,0.00499550208464183,0.02823508951316756
ergo_adaptive,295.08333333333337,0.005472904412788714,0.028252200883944995
ergo_adaptive,295.16666666666663,0.005234415496962253,0.028275537477171302
ergo_adaptive,295.25,0.005971037711674764,0.028297132234143707
ergo_adaptive,295.33333333333337,0.005729355698461158,0.028317172054170163
ergo_adaptive,295.41666666666663,0.005704520258694086,0.028339130649672445
ergo_adaptive,295.5,0.004169126890640631,0.02835996806089579
ergo_adaptive,295.58333333333337,0.004438591500199754,0.028378755231084008
ergo_adaptive,295.66666666666663,0.0038114135067811214,0.028398327614409854
ergo_adaptive,295.75,0.0038758132994473117,0.028423995794270063
ergo_adaptive,295.83333333333337,0.00419029788730808,0.028441777674543967
ergo_adaptive,295.91666666666663,0.0048318674119482265,0.028453981866739097
ergo_adaptive,296.0,0.0045359151089474125,0.028465152927709087
ergo_adaptive,296.08333333333337,0.0038129845717335214,0.028477527466168048
ergo_adaptive,296.16666666666663,0.004351503456174447,0.028492131487087676
ergo_adaptive,296.25,0.004585467777449952,0.02850775646976164
ergo_adaptive,296.33333333333337,0.00409433589298371,0.028520913721519294
ergo_adaptive,296.41666666666663,0.003583310214784866,0.02853284618005637
ergo_adaptive,296.5,0.003415197835679434,0.02854528977700173
ergo_adaptive,296.58333333333337,0.0028750424012560245,0.02855862173679991
ergo_adaptive,296.66666666666663,0.004111314768079857,0.028578211248257844
ergo_adaptive,296.75,0.0034525249681574208,0.028598601485548894
ergo_adaptive,296.83333333333337,0.00195588278733724,0.028616235575094313
ergo_adaptive,296.91666666666663,0.002333841588674207,0.028635360032993478
ergo_adaptive,297.0,0.0031266651146850994,0.028655763857989493
ergo_adaptive,297.08333333333337,0.002144295678189549,0.028674890010800248
ergo_adaptive,297.16666666666663,0.0036650424797617003,0.028691195060375048
ergo_adaptive,297.25,0.004952457228464829,0.028701253723502098
ergo_adaptive,297.33333333333337,0.004096020849413328,0.028703846340168388
ergo_adaptive,297.41666666666663,0.006461236858236085,0.028702671567158233
ergo_adaptive,297.5,0.006705605211679466,0.028697670970406628
ergo_adaptive,297.58333333333337,0.008056100085598972,0.02868788592900062
ergo_adaptive,297.66666666666663,0.006403654010563551,0.028671232417217897
ergo_adaptive,297.75,0.0033420586439717234,0.028653307202839325
ergo_adaptive,297.83333333333337,0.0027263902058961035,0.02866010695169662
ergo_adaptive,297.91666666666663,0.002863469163635898,0.02868620316941757
ergo_adaptive,298.0,0.0026603205282192156,0.028713286779777775
ergo_adaptive,298.08333333333337,0.0026657400506488265,0.02873415989272626
ergo_adaptive,298.16666666666663,0.0022338412718438316,0.028751154551724573
ergo_adaptive,298.25,0.002124133867191907,0.028766724945757938
ergo_adaptive,298.33333333333337,0.0023291915142517987,0.028775632758607693
ergo_adaptive,298.41666666666663,0.002428686313810506,0.028772828314357634
ergo_adaptive,298.5,0.0031065280993285986,0.02876173186255727
ergo_adaptive,298.58333333333337,0.0033247730770097385,0.02874993807904616
ergo_adaptive,298.66666666666663,0.003350166320698257,0.02873515088294902
ergo_adaptive,298.75,0.003541470192412761,0.028712652845305744
ergo_adaptive,298.83333333333337,0.003174604949456548,0.028686681644457777
ergo_adaptive,298.91666666666663,0.003103215942709225,0.028662782925613674
ergo_adaptive,299.0,0.0035113175654675494,0.028638277229321774
ergo_adaptive,299.08333333333337,0.0034443586319219243,0.02861060937880735
ergo_adaptive,299.16666666666663,0.004683517682960404,0.028582825026018777
ergo_adaptive,299.25,0.0052072878514291265,0.028554063024353357
ergo_adaptive,299.33333333333337,0.004471253748559327,0.028525525300747197
ergo_adaptive,299.41666666666663,0.004527770278086177,0.0284964522104675
ergo_adaptive,299.5,0.00453203177127494,0.028465561329363325
ergo_adaptive,299.58333333333337,0.00380192924883745,0.02843425355726317
ergo_adaptive,299.66666666666663,0.0039005308973676218,0.02840964809777485
ergo_adaptive,299.75,0.00407006840404206,0.028385787802339087
ergo_adaptive,299.83333333333337,0.005103920044077862,0.02834476634472508
ergo_adaptive,299.91666666666663,0.00394720468336939,0.02828938072300538
ergo_adaptive,300.0,0.0032897801469686963,0.028233857058940832
ergo_adaptive,300.08333333333337,0.005042876317614385,0.028183707500926594
ergo_adaptive,300.16666666666663,0.004909867289970171,0.028131705834684186
ergo_adaptive,300.25,0.006035173889210893,0.02807527251458078
ergo_adaptive,300.33333333333337,0.006290402564271516,0.02801993265775719
ergo_adaptive,300.41666666666663,0.00551803600511315,0.02797097274783248
ergo_adaptive,300.5,0.0040174093231134045,0.027931590146884032
ergo_adaptive,300.58333333333337,0.004061877819583513,0.027897123019170546
ergo_adaptive,300.66666666666663,0.003973782064940718,0.02786537929057726
ergo_adaptive,300.75,0.002742699710846297,0.027834908833324592
ergo_adaptive,300.83333333333337,0.0021741232616504544,0.027816984347527024
ergo_adaptive,300.91666666666663,0.002218037150122799,0.02780552591033212
ergo_adaptive,301.0,0.002000100196772827,0.027784414840731814
ergo_adaptive,301.08333333333337,0.0026318656776330115,0.02775801381367885
ergo_adaptive,301.16666666666663,0.0025694359841561924,0.02773440187390252
ergo_adaptive,301.25,0.0019752668845365853,0.027713615078355704
ergo_adaptive,301.33333333333337,0.002081466407198311,0.02769142995029375
ergo_adaptive,301.41666666666663,0.0019879271062807776,0.027665120143058095
ergo_adaptive,301.5,0.001758468692855638,0.027638572299963814
ergo_adaptive,301.58333333333337,0.0018377448018709337,0.027616000880261036
ergo_adaptive,301.66666666666663,0.0015844572443192192,0.027594474520095644
ergo_adaptive,301.75,0.0013190978080119748,0.027571891948933537
ergo_adaptive,301.83333333333337,0.0017221799609231216,0.02755018850497528
ergo_adaptive,301.91666666666663,0.0015089246196357089,0.02752609723995869
ergo_adaptive,302.0,0.0012746021525355065,0.027509727128366555
ergo_adaptive,302.08333333333337,0.0012238059992247066,0.02751468960136685
ergo_adaptive,302.16666666666663,0.0012220242112520846,0.027543149683806924
ergo_adaptive,302.25,0.0013137959627987498,0.02758061688893222
ergo_adaptive,302.33333333333337,0.00134509070301454,0.02761745960184626
ergo_adaptive,302.41666666666663,0.0013088229271467405,0.027650706846935682
ergo_adaptive,302.5,0.0012366964378384344,0.02767988264643628
ergo_adaptive,302.58333333333337,0.0011706066697734555,0.027704347992395406
ergo_adaptive,302.66666666666663,0.0008283981455310267,0.027722685674891584
ergo_adaptive,302.75,0.0006907732062428557,0.027734514157755946
ergo_adaptive,302.83333333333337,0.0010453016537504362,0.027741486610395515
ergo_adaptive,302.91666666666663,0.0008294285301588291,0.02774645034833515
ergo_adaptive,303.0,0.0005693111347600837,0.02774890147003283
ergo_adaptive,303.08333333333337,0.00047134657228050416,0.02774556182577601
ergo_adaptive,303.16666666666663,0.00044314430309863427,0.027737550019627376
ergo_adaptive,303.25,0.0007821534498290215,0.02773090346456349
ergo_adaptive,303.33333333333337,0.0006833485637353108,0.02772651828986907
ergo_adaptive,303.41666666666663,0.0009491769905924644,0.027714901019078732
ergo_adaptive,303.5,0.0006541733508756431,0.027697678496101934
ergo_adaptive,303.58333333333337,0.0006045718896246289,0.027681678537087074
ergo_adaptive,303.66666666666663,0.0006467112008935019,0.0276694554682563
ergo_adaptive,303.75,0.0003944602768238522,0.02765429422491101
ergo_adaptive,303.83333333333337,0.0006876214000302876,0.02763465197609003
ergo_adaptive,303.91666666666663,0.0007145338561655835,0.027616136088123036
ergo_adaptive,304.0,0.0005281402141796849,0.027601564773560138
ergo_adaptive,304.08333333333337,0.0009450722374141468,0.02758825639132597
ergo_adaptive,304.16666666666663,0.0009200570278098162,0.027572301845622767
ergo_adaptive,304.25,0.001694391960490542,0.02755569234899809
ergo_adaptive,304.33333333333337,0.0009632444450046122,0.02754356706389342
ergo_adaptive,304.41666666666663,0.0009057778082422254,0.027536006231886005
ergo_adaptive,304.5,0.0005772969128820223,0.027527311763510465
ergo_adaptive,304.58333333333337,0.0009789401292359743,0.027516835134550614
ergo_adaptive,304.66666666666663,0.0008230044778873213,0.027509477338065982
ergo_adaptive,304.75,0.0014406539356442137,0.027507136956714084
ergo_adaptive,304.83333333333337,0.0007660754027500737,0.02750289754977795
ergo_adaptive,304.91666666666663,0.000409964597871213,0.027493575127759767
ergo_adaptive,305.0,0.0011022476484346068,0.02748683904827167
ergo_adaptive,305.08333333333337,0.0007394966334886771,0.02748438857006715
ergo_adaptive,305.16666666666663,0.0003618381285346181,0.027482978730610452
ergo_adaptive,305.25,0.0004917172632210201,0.027478658345451695
ergo_adaptive,305.33333333333337,0.00026976520617709015,0.02747309261169681
ergo_adaptive,305.41666666666663,0.00041837957988422557,0.02746994227472405
ergo_adaptive,305.5,0.0007031719069683377,0.02747051980309086
ergo_adaptive,305.58333333333337,0.0006301605611319179,0.027473118180955245
ergo_adaptive,305.66666666666663,0.0010246741370160714,0.027474988485622975
ergo_adaptive,305.75,0.0008572342160469458,0.027477833038142364
ergo_adaptive,305.83333333333337,0.000914633227672364,0.02748758563779006
ergo_adaptive,305.91666666666663,0.0006007172513015073,0.027500262501344817
ergo_adaptive,306.0,0.0007141429039249066,0.02750405356845961
ergo_adaptive,306.08333333333337,0.00020937159429559675,0.027501997679994703
ergo_adaptive,306.16666666666663,0.0006442323478655309,0.027500886136574088
ergo_adaptive,306.25,0.0004915485485430225,0.02750234374774416
ergo_adaptive,306.33333333333337,0.0006191612035380571,0.027506017136738756
ergo_adaptive,306.41666666666663,0.0006372528184898712,0.027512079423271933
ergo_adaptive,306.5,0.0005791830977863866,0.027520944546729084
ergo_adaptive,306.58333333333337,0.00044454703843231814,0.02753825557879583
ergo_adaptive,306.66666666666663,0.0002963432935512265,0.02756667034909093
ergo_adaptive,306.75,0.0002086115565036861,0.027594185431170808
ergo_adaptive,306.83333333333337,0.00021590477559948093,0.027629228909599138
ergo_adaptive,306.91666666666663,0.00010170873582077638,0.027661207880534975
ergo_adaptive,307.0,2.4306592367827124e-5,0.027681187167251087
ergo_adaptive,307.08333333333337,3.355073356637435e-5,0.027716147999883048
ergo_adaptive,307.16666666666663,9.27208789465321e-5,0.027752475669882933
ergo_adaptive,307.25,4.9298248455797936e-5,0.027779771709913314
ergo_adaptive,307.33333333333337,0.00013665089895417823,0.02779360629782281
ergo_adaptive,307.41666666666663,0.0001318676941861686,0.02779718252268978
ergo_adaptive,307.5,0.000242592315124699,0.027795606349982717
ergo_adaptive,307.58333333333337,0.00036922188205399303,0.027791102898539838
ergo_adaptive,307.66666666666663,0.00024668756663207827,0.027784905145426374
ergo_adaptive,307.75,0.00022325116155604282,0.027774685442785867
ergo_adaptive,307.83333333333337,0.00018679951206157465,0.02776201235046984
ergo_adaptive,307.91666666666663,0.00017862988192363742,0.027749948997124355
ergo_adaptive,308.0,0.0003328425719704886,0.027737086840636124
ergo_adaptive,308.08333333333337,0.0004263071417529712,0.027719822904393517
ergo_adaptive,308.16666666666663,0.00048376893974855326,0.027699449781685554
ergo_adaptive,308.25,0.0006331593319736658,0.027682362815220775
ergo_adaptive,308.33333333333337,0.0004820182378505275,0.027668688430070924
ergo_adaptive,308.41666666666663,0.0003142213278997521,0.027646992086810387
ergo_adaptive,308.5,0.0002944768676427558,0.027618873395204767
ergo_adaptive,308.58333333333337,0.00022837406816106877,0.02759254144359602
ergo_adaptive,308.66666666666663,0.00039361241146637003,0.027571409237514152
ergo_adaptive,308.75,0.0005771747861205308,0.027550133880250877
ergo_adaptive,308.83333333333337,0.00035230523329250464,0.027523465229509124
ergo_adaptive,308.91666666666663,0.0002554911304429805,0.02749551937399646
ergo_adaptive,309.0,0.00018316249064971967,0.02746962266615977
ergo_adaptive,309.08333333333337,0.0004856509742378074,0.027445339518614966
ergo_adaptive,309.16666666666663,0.00042374663078215125,0.027420145511342447
ergo_adaptive,309.25,0.0002860819306581713,0.027393806843971698
ergo_adaptive,309.33333333333337,0.00023538609152959646,0.027370807328928565
ergo_adaptive,309.41666666666663,0.0004021341806515122,0.027357272167970525
ergo_adaptive,309.5,0.0002333113001662511,0.02734352771477849
ergo_adaptive,309.58333333333337,0.00018991579245777345,0.027321359983908857
ergo_adaptive,309.66666666666663,0.0003385612328342505,0.02729599987829311
ergo_adaptive,309.75,0.00032845404871926446,0.02727396534250957
ergo_adaptive,309.83333333333337,0.00023259008837952618,0.02725574500917568
ergo_adaptive,309.91666666666663,0.0001903631006698388,0.02723807896680477
ergo_adaptive,310.0,0.0001722047008351062,0.027222136975868023
ergo_adaptive,310.08333333333337,6.840538400365771e-5,0.0272203601369059
ergo_adaptive,310.16666666666663,7.077000071206799e-5,0.027232453944813908
ergo_adaptive,310.25,0.0001336560404853998,0.02725082000018265
ergo_adaptive,310.33333333333337,0.0001023777480086243,0.02727154690090755
ergo_adaptive,310.41666666666663,5.599740230729978e-5,0.02729330910602643
ergo_adaptive,310.5,4.314278693405266e-5,0.027314301413292004
ergo_adaptive,310.58333333333337,4.2778800133009046e-5,0.027335560480001547
ergo_adaptive,310.66666666666663,1.3875496664061795e-5,0.0273561587364881
ergo_adaptive,310.75,2.4378737805895575e-5,0.027374312373096354
ergo_adaptive,310.83333333333337,5.72703624073008e-5,0.02739313180635641
ergo_adaptive,310.91666666666663,3.777628920168184e-5,0.02741155488135958
ergo_adaptive,311.0,9.962551929260388e-5,0.027429275083333194
ergo_adaptive,311.08333333333337,4.175315573485614e-5,0.02744686194760047
ergo_adaptive,311.16666666666663,6.149394761556291e-5,0.02746367999722824
ergo_adaptive,311.25,9.088659569693486e-5,0.027480524248483955
ergo_adaptive,311.33333333333337,0.00017554032707471992,0.02749626355296048
ergo_adaptive,311.41666666666663,0.00020530947273392962,0.027507234723371153
ergo_adaptive,311.5,0.00031376682128005426,0.027517780729489676
ergo_adaptive,311.58333333333337,0.00030307938628289986,0.027527626392923613
ergo_adaptive,311.66666666666663,0.00036298922115913596,0.027538661903378205
ergo_adaptive,311.75,0.0004052474658640442,0.027551637248049356
ergo_adaptive,311.83333333333337,0.0004575364386001558,0.02756569492119566
ergo_adaptive,311.91666666666663,0.00041610299540326617,0.027579860814813426
ergo_adaptive,312.0,0.00024907353327564656,0.027593983598915548
ergo_adaptive,312.08333333333337,0.00022607767626828975,0.027607775607349616
ergo_adaptive,312.16666666666663,0.00040734817198822583,0.027621496763552883
ergo_adaptive,312.25,0.0002878598292902584,0.027634418553068467
ergo_adaptive,312.33333333333337,0.00042249924464811026,0.027648033139004234
ergo_adaptive,312.41666666666663,0.0003305241770049765,0.027661564425897806
ergo_adaptive,312.5,0.00022118546794481147,0.027674231164723277
ergo_adaptive,312.58333333333337,5.646680897834821e-5,0.02768569690436182
ergo_adaptive,312.66666666666663,4.6390025250475255e-5,0.02769875235308621
ergo_adaptive,312.75,0.0,0.0277079769806232
ergo_adaptive,312.83333333333337,6.661339736131579e-7,0.02772069555827401
ergo_adaptive,312.91666666666663,3.3845278352073814e-6,0.02773097904822402
ergo_adaptive,313.0,1.5365771609116953e-5,0.027733613803769954
ergo_adaptive,313.08333333333337,3.419258663417361e-5,0.02773097592716697
ergo_adaptive,313.16666666666663,6.629876012483452e-5,0.027731800802715395
ergo_adaptive,313.25,7.468423101738531e-5,0.027741823268108683
ergo_adaptive,313.33333333333337,0.00015836861544619895,0.027753001517115856
ergo_adaptive,313.41666666666663,0.0002036031380051188,0.027767398027392202
ergo_adaptive,313.5,0.0002001788802769355,0.027781978105127274
ergo_adaptive,313.58333333333337,0.00023245698804081485,0.027795883150174228
ergo_adaptive,313.66666666666663,0.0001599283370719174,0.027809575898585136
ergo_adaptive,313.75,0.00016833554712179693,0.027823018293269598
ergo_adaptive,313.83333333333337,0.0002370838337063517,0.02783553242871949
ergo_adaptive,313.91666666666663,0.00012929003089324792,0.02784667522159672
ergo_adaptive,314.0,4.5034886928806273e-5,0.02785678586564994
ergo_adaptive,314.08333333333337,6.975200853856752e-5,0.02786436971372656
ergo_adaptive,314.16666666666663,5.095528096732235e-5,0.027866611871133314
ergo_adaptive,314.25,5.058102533322394e-5,0.027867626996203366
ergo_adaptive,314.33333333333337,3.1484607852239875e-5,0.027871105376231893
ergo_adaptive,314.41666666666663,4.7542962191855115e-5,0.02787642582556867
ergo_adaptive,314.5,2.739170516818675e-5,0.027888565436950896
ergo_adaptive,314.58333333333337,1.5598190916303043e-5,0.027895221829332083
ergo_adaptive,314.66666666666663,1.3735409523017112e-5,0.02788992803871817
ergo_adaptive,314.75,3.905097617353058e-5,0.027879934152777404
ergo_adaptive,314.83333333333337,4.5148461452173234e-5,0.027875285642539313
ergo_adaptive,314.91666666666663,0.0001044155290207729,0.027872693314571418
ergo_adaptive,315.0,5.174281873200411e-5,0.027879950634298878
ergo_adaptive,315.08333333333337,2.4393787819422714e-5,0.02789384839026738
ergo_adaptive,315.16666666666663,2.437373334977231e-5,0.027896329782990833
ergo_adaptive,315.25,5.88537290807592e-5,0.02789003551295437
ergo_adaptive,315.33333333333337,1.4962010139830399e-5,0.027885527998423056
ergo_adaptive,315.41666666666663,2.332311924089358e-5,0.027888913209414137
ergo_adaptive,315.5,5.0917657023141514e-5,0.027884931365838424
ergo_adaptive,315.58333333333337,8.400283975412199e-5,0.027872221906076782
ergo_adaptive,315.66666666666663,3.0876233020689357e-6,0.027858428442670103
ergo_adaptive,315.75,3.221688026231586e-7,0.02784405869051473
ergo_adaptive,315.83333333333337,3.1230979214549883e-5,0.027817247162557755
ergo_adaptive,315.91666666666663,5.4922846141187187e-5,0.027779736719330816
ergo_adaptive,316.0,3.1509919381503775e-5,0.027735831291801263
ergo_adaptive,316.08333333333337,4.4226776583558974e-5,0.027692582699546494
ergo_adaptive,316.16666666666663,3.6287366835673116e-6,0.02765472233703208
ergo_adaptive,316.25,0.0,0.027663517638580295
ergo_adaptive,316.33333333333337,0.0,0.02767589948239338
ergo_adaptive,316.41666666666663,0.0,0.02767816084981783
ergo_adaptive,316.5,0.0,0.027654495150969297
ergo_adaptive,316.58333333333337,0.0,0.027608637107664046
ergo_adaptive,316.66666666666663,0.0,0.027557576744037564
ergo_adaptive,316.75,0.0,0.027506947524453026
ergo_adaptive,316.83333333333337,0.0,0.027448570759303768
ergo_adaptive,316.91666666666663,0.0,0.027380480792213408
ergo_adaptive,317.0,0.0,0.027309474476056566
ergo_adaptive,317.08333333333337,0.0,0.027244128165015213
ergo_adaptive,317.16666666666663,0.0,0.02718950028631512
ergo_adaptive,317.25,0.0,0.027137461421448066
ergo_adaptive,317.33333333333337,0.0,0.027071737415235997
ergo_adaptive,317.41666666666663,0.0,0.027002626778259913
ergo_adaptive,317.5,0.0,0.026947788955812433
ergo_adaptive,317.58333333333337,0.0,0.026895740909776228
ergo_adaptive,317.66666666666663,0.0,0.026831378075932385
ergo_adaptive,317.75,0.0,0.026759666239334786
ergo_adaptive,317.83333333333337,0.0,0.026688744320170255
ergo_adaptive,317.91666666666663,0.0,0.02662298364527452
ergo_adaptive,318.0,0.0,0.026560450958860227
ergo_adaptive,318.08333333333337,0.0,0.026491066312031842
ergo_adaptive,318.16666666666663,0.0,0.026407683174205783
ergo_adaptive,318.25,0.0,0.02631621960514723
ergo_adaptive,318.33333333333337,0.0,0.026223194431265584
ergo_adaptive,318.41666666666663,0.0,0.026119869317929326
ergo_adaptive,318.5,9.609144076769545e-8,0.026010369235111498
ergo_adaptive,318.58333333333337,2.264680302783963e-7,0.02599428816293698
ergo_adaptive,318.66666666666663,5.574443074864795e-7,0.026025736803295417
ergo_adaptive,318.75,3.4916390844133674e-6,0.026073256208983774
ergo_adaptive,318.83333333333337,1.4688055775810618e-5,0.026123977168187627
ergo_adaptive,318.91666666666663,0.0,0.02617205210447466
ergo_adaptive,319.0,0.0,0.026221894453980696
ergo_adaptive,319.08333333333337,5.490485488400272e-7,0.026271103704376145
ergo_adaptive,319.16666666666663,1.008287339946495e-7,0.02631980182565485
ergo_adaptive,319.25,0.0,0.026364309185800062
ergo_adaptive,319.33333333333337,0.0,0.026410878418677914
ergo_adaptive,319.41666666666663,0.0,0.026458722041932132
ergo_adaptive,319.5,4.0636934709682705e-7,0.02649369720449245
ergo_adaptive,319.58333333333337,0.0,0.02653931772210498
ergo_adaptive,319.66666666666663,0.0,0.026574292618454377
ergo_adaptive,319.75,0.0,0.026571622747705935
ergo_adaptive,319.83333333333337,3.669383967196747e-7,0.026527477736028603
ergo_adaptive,319.91666666666663,2.248008746971849e-6,0.026527427734061852
ergo_adaptive,320.0,1.1115655776469976e-5,0.026559920753121833
ergo_adaptive,320.08333333333337,6.7027495882905316e-6,0.02660397880085762
ergo_adaptive,320.16666666666663,6.948481710892593e-6,0.02664167700470148
ergo_adaptive,320.25,1.3164260777178734e-5,0.026670442913218552
ergo_adaptive,320.33333333333337,0.0,0.026694300981522066
ergo_adaptive,320.41666666666663,0.0,0.026729804526973433
ergo_adaptive,320.5,0.0,0.02677274673801869
ergo_adaptive,320.58333333333337,0.0,0.026816566724413113
ergo_adaptive,320.66666666666663,0.0,0.02685047029789369
ergo_adaptive,320.75,0.0,0.0268603955588611
ergo_adaptive,320.83333333333337,0.0,0.026839063553539624
ergo_adaptive,320.91666666666663,0.0,0.0267849991641094
ergo_adaptive,321.0,0.0,0.026702501301538114
ergo_adaptive,321.08333333333337,7.338090814176566e-7,0.026599237112220023
ergo_adaptive,321.16666666666663,4.769733209002746e-6,0.026565497939626592
ergo_adaptive,321.25,6.975251058652388e-7,0.026571679811922523
ergo_adaptive,321.33333333333337,2.5968936790902485e-6,0.026591925491111713
ergo_adaptive,321.41666666666663,1.2080018967772358e-6,0.026616139276173227
ergo_adaptive,321.5,0.0,0.026641270391240528
ergo_adaptive,321.58333333333337,0.0,0.02666981345206672
ergo_adaptive,321.66666666666663,0.0,0.02669420318078544
ergo_adaptive,321.75,0.0,0.026705107130162203
ergo_adaptive,321.83333333333337,0.0,0.02669015536264459
ergo_adaptive,321.91666666666663,0.0,0.026632016581776878
ergo_adaptive,322.0,0.0,0.02651960874293635
ergo_adaptive,322.08333333333337,0.0,0.026365517421634795
ergo_adaptive,322.16666666666663,0.0,0.026198337890993427
ergo_adaptive,322.25,0.0,0.0260287523425948
ergo_adaptive,322.33333333333337,0.0,0.025839641271205898
ergo_adaptive,322.41666666666663,0.0,0.02562618721227221
ergo_adaptive,322.5,0.0,0.025405850323096668
ergo_adaptive,322.58333333333337,0.0,0.025197643900751753
ergo_adaptive,322.66666666666663,0.0,0.024984776409389838
ergo_adaptive,322.75,1.5243512569694726e-6,0.02475836551179158
ergo_adaptive,322.83333333333337,1.4025781772881389e-6,0.024667428369056194
ergo_adaptive,322.91666666666663,6.149035788350023e-7,0.024659941159694953
ergo_adaptive,323.0,2.11592800701016e-6,0.0246927975026503
ergo_adaptive,323.08333333333337,9.248503855375869e-6,0.024730658807723366
ergo_adaptive,323.16666666666663,9.226863019263203e-6,0.02475818782828845
ergo_adaptive,323.25,1.7970612504489994e-5,0.024778674509348363
ergo_adaptive,323.33333333333337,3.502170366995863e-5,0.02479785873194975
ergo_adaptive,323.41666666666663,2.794663314919651e-5,0.02481986225484408
ergo_adaptive,323.5,1.5100700178274937e-5,0.024846608004014836
ergo_adaptive,323.58333333333337,9.370018877505962e-7,0.024872584612187654
ergo_adaptive,323.66666666666663,0.0,0.024891598322882673
ergo_adaptive,323.75,0.0,0.024928713265916377
ergo_adaptive,323.83333333333337,0.0,0.024976794770513167
ergo_adaptive,323.91666666666663,0.0,0.02502010959319636
ergo_adaptive,324.0,0.0,0.02504845452879086
ergo_adaptive,324.08333333333337,0.0,0.025059174993438394
ergo_adaptive,324.16666666666663,0.0,0.02505189048188241
ergo_adaptive,324.25,1.627253622296863e-5,0.025022752675996015
ergo_adaptive,324.33333333333337,1.6049433191433233e-5,0.024975525627062123
ergo_adaptive,324.41666666666663,6.84725229600442e-5,0.02493495814557425
ergo_adaptive,324.5,1.1351954682540899e-5,0.024850872292600017
ergo_adaptive,324.58333333333337,4.2106272550961095e-5,0.02482050678796518
ergo_adaptive,324.66666666666663,4.2440053154870276e-5,0.02479200358471342
ergo_adaptive,324.75,0.00010109414713156106,0.02474723321179924
ergo_adaptive,324.83333333333337,0.00012149711513630464,0.024671511311117344
ergo_adaptive,324.91666666666663,9.90223035658426e-5,0.024564743807749537
ergo_adaptive,325.0,0.00034875291416190435,0.024360302156181894
ergo_adaptive,325.08333333333337,0.0008616190586208211,0.02408739679157874
ergo_adaptive,325.16666666666663,0.003082999820579035,0.023805766066664964
ergo_adaptive,325.25,0.003334203785470991,0.02354418679676624
ergo_adaptive,325.33333333333337,0.00654558771205232,0.023278917968093532
ergo_adaptive,325.41666666666663,0.010270646909794555,0.022994460363588286
ergo_adaptive,325.5,0.013714971219110875,0.022719403260637306
ergo_adaptive,325.58333333333337,0.012412789274332037,0.022478258657342508
ergo_adaptive,325.66666666666663,0.01518622515479055,0.022264725212086608
ergo_adaptive,325.75,0.01593182934286378,0.0220567966997795
ergo_adaptive,325.83333333333337,0.01739638458285429,0.021811178498597247
ergo_adaptive,325.91666666666663,0.026086109389851495,0.021546456866425506
ergo_adaptive,326.0,0.0311554856205485,0.021313291420411162
ergo_adaptive,326.08333333333337,0.028087313789237473,0.021103072986918617
ergo_adaptive,326.16666666666663,0.025860825195976943,0.020889522476419696
ergo_adaptive,326.25,0.02901490096850357,0.020675037979936212
ergo_adaptive,326.33333333333337,0.027617992811993782,0.020468782148441892
ergo_adaptive,326.41666666666663,0.02666985234936723,0.020285675553901348
ergo_adaptive,326.5,0.026183915739504446,0.020135663451245754
ergo_adaptive,326.58333333333337,0.02538215566616079,0.019988337119317145
ergo_adaptive,326.66666666666663,0.02585948454820927,0.019836633392739045
ergo_adaptive,326.75,0.02580349170199803,0.0197194643437002
ergo_adaptive,326.83333333333337,0.02273681667826603,0.01965984478259738
ergo_adaptive,326.91666666666663,0.02494815690706854,0.019600101575054527
ergo_adaptive,327.0,0.025940616050930624,0.01952637549474742
ergo_adaptive,327.08333333333337,0.026180424306159227,0.019473997068372387
ergo_adaptive,327.16666666666663,0.024037469578822936,0.019451802352618834
ergo_adaptive,327.25,0.024879607434792606,0.01944516697217211
ergo_adaptive,327.33333333333337,0.022073903098474495,0.019436500258227272
ergo_adaptive,327.41666666666663,0.015325262009049635,0.01943599917663526
ergo_adaptive,327.5,0.013842912926927669,0.019448377461105212
ergo_adaptive,327.58333333333337,0.015448029129526466,0.019470020142685673
ergo_adaptive,327.66666666666663,0.013823559650683112,0.019497774066451496
ergo_adaptive,327.75,0.011718109066527064,0.01952962838200232
ergo_adaptive,327.83333333333337,0.011555415448360723,0.019566971892914887
ergo_adaptive,327.91666666666663,0.009105643303470471,0.019611198554632985
ergo_adaptive,328.0,0.00723088048873827,0.01965910703304757
ergo_adaptive,328.08333333333337,0.006467800299359453,0.01970471334536479
ergo_adaptive,328.16666666666663,0.0070322777683636505,0.019742618500432418
ergo_adaptive,328.25,0.006236686500768573,0.01976700657598884
ergo_adaptive,328.33333333333337,0.005339392227872017,0.01980724243404819
ergo_adaptive,328.41666666666663,0.003424956723550222,0.019872106783384722
ergo_adaptive,328.5,0.003798463954862987,0.019936365004830463
ergo_adaptive,328.58333333333337,0.0038908910660903906,0.019985800601238154
ergo_adaptive,328.66666666666663,0.004134164174008747,0.02001014144586854
ergo_adaptive,328.75,0.004140411108149516,0.02000908600582495
ergo_adaptive,328.83333333333337,0.004504832053211202,0.019991259268283545
ergo_adaptive,328.91666666666663,0.0050052272894180495,0.019975437387412892
ergo_adaptive,329.0,0.005097235495800954,0.019964782070321693
ergo_adaptive,329.08333333333337,0.006038512037615465,0.019943376707649334
ergo_adaptive,329.16666666666663,0.005610252076090243,0.01989815409903578
ergo_adaptive,329.25,0.006184656548562709,0.019839158598387075
ergo_adaptive,329.33333333333337,0.006425475486760853,0.019788553063816626
ergo_adaptive,329.41666666666663,0.005879766190858462,0.01975065486071724
ergo_adaptive,329.5,0.006174929463018204,0.019715878925787557
ergo_adaptive,329.58333333333337,0.006702985718632272,0.019668085158167075
ergo_adaptive,329.66666666666663,0.005947863901555106,0.019637074759650274
ergo_adaptive,329.75,0.006789772018247763,0.019657174608000903
ergo_adaptive,329.83333333333337,0.006393504681795691,0.019688858808149728
ergo_adaptive,329.91666666666663,0.006456943729432625,0.01972322562498177
ergo_adaptive,330.0,0.008383755822051933,0.019763089734748683
ergo_adaptive,330.08333333333337,0.009532331807480402,0.019817947943006457
ergo_adaptive,330.16666666666663,0.008662217890782812,0.01988001610961656
ergo_adaptive,330.25,0.007833866054893257,0.01993452781780156
ergo_adaptive,330.33333333333337,0.008072860778957316,0.019963516671140262
ergo_adaptive,330.41666666666663,0.009093697664686911,0.019995099544853706
ergo_adaptive,330.5,0.00801839983684261,0.020041481116289492
ergo_adaptive,330.58333333333337,0.009455926707730008,0.020073551418537876
ergo_adaptive,330.66666666666663,0.010641731438660509,0.020117368955354042
ergo_adaptive,330.75,0.010727233001087782,0.020170060706145423
ergo_adaptive,330.83333333333337,0.011403432151954423,0.020220691697202024
ergo_adaptive,330.91666666666663,0.010978265905881237,0.020270483784789694
ergo_adaptive,331.0,0.009158773567067095,0.020320051099214566
ergo_adaptive,331.08333333333337,0.010209240689219308,0.02035726429873735
ergo_adaptive,331.16666666666663,0.011297927031009023,0.02038553492240147
ergo_adaptive,331.25,0.012309651153363948,0.020427861241106928
ergo_adaptive,331.33333333333337,0.012179531340037908,0.02047256405363113
ergo_adaptive,331.41666666666663,0.011690565266142731,0.020515963868893372
ergo_adaptive,331.5,0.011614350100750119,0.020554428906793435
ergo_adaptive,331.58333333333337,0.01067384359946288,0.020591349202902003
ergo_adaptive,331.66666666666663,0.00989149210907965,0.020611452950108463
ergo_adaptive,331.75,0.01072592048435065,0.02060756110045478
ergo_adaptive,331.83333333333337,0.013127161722271465,0.02063021204017064
ergo_adaptive,331.91666666666663,0.010670638548317277,0.020671592557289894
ergo_adaptive,332.0,0.012763102576306487,0.020703788650799883
ergo_adaptive,332.08333333333337,0.01272764115549434,0.020739918530893603
ergo_adaptive,332.16666666666663,0.01391685363336412,0.02077486225987573
ergo_adaptive,332.25,0.011977029580364451,0.020815512123527575
ergo_adaptive,332.33333333333337,0.012213447345675421,0.02084603181444679
ergo_adaptive,332.41666666666663,0.01357135051503675,0.020860381822613194
ergo_adaptive,332.5,0.013906834601058982,0.020892006372297774
ergo_adaptive,332.58333333333337,0.011111781724382996,0.020925653569919368
ergo_adaptive,332.66666666666663,0.011018179760349885,0.02094016551272228
ergo_adaptive,332.75,0.01292175988953141,0.020912803660315202
ergo_adaptive,332.83333333333337,0.01222566503417916,0.020921382539416656
ergo_adaptive,332.91666666666663,0.013233103177529069,0.020933403835743915
ergo_adaptive,333.0,0.013034566008867756,0.020962595860133968
ergo_adaptive,333.08333333333337,0.014044739320796236,0.020988210900648997
ergo_adaptive,333.16666666666663,0.015440744152220834,0.021026724285588706
ergo_adaptive,333.25,0.014967794480892296,0.021070451519210498
ergo_adaptive,333.33333333333337,0.012257003212732494,0.02111011965335164
ergo_adaptive,333.41666666666663,0.014041109728966173,0.021125836424799187
ergo_adaptive,333.5,0.013489748968907207,0.02114334697190911
ergo_adaptive,333.58333333333337,0.015773332599380407,0.021155202247331587
ergo_adaptive,333.66666666666663,0.015633277320438975,0.021188138608654972
ergo_adaptive,333.75,0.015321291386424902,0.02122438916233374
ergo_adaptive,333.83333333333337,0.014876664791770404,0.021257021058500206
ergo_adaptive,333.91666666666663,0.014288992884142645,0.021285822933908325
ergo_adaptive,334.0,0.01439420562221287,0.021305517070187133
ergo_adaptive,334.08333333333337,0.013968411050340804,0.02132985504586266
ergo_adaptive,334.16666666666663,0.014986700009261425,0.02134485628960073
ergo_adaptive,334.25,0.01658179712175402,0.021372107837686567
ergo_adaptive,334.33333333333337,0.017860913797293515,0.02141721796440729
ergo_adaptive,334.41666666666663,0.018678003830711973,0.02146223713263702
ergo_adaptive,334.5,0.017243510302476554,0.02150600059785658
ergo_adaptive,334.58333333333337,0.017250040713607192,0.02154977478080703
ergo_adaptive,334.66666666666663,0.01817215467283172,0.02157962372414256
ergo_adaptive,334.75,0.019519679117966034,0.021617344348129685
ergo_adaptive,334.83333333333337,0.020536710378113766,0.021657878923250884
ergo_adaptive,334.91666666666663,0.018196306113388273,0.021695818086255123
ergo_adaptive,335.0,0.01882310694825794,0.02173492144277576
ergo_adaptive,335.08333333333337,0.016121984474477383,0.021759711471204597
ergo_adaptive,335.16666666666663,0.013945723443650384,0.02176345068586234
ergo_adaptive,335.25,0.016078888696291014,0.021767648619352715
ergo_adaptive,335.33333333333337,0.015958791369526732,0.02179006437729808
ergo_adaptive,335.41666666666663,0.01844626607699962,0.021815908100127162
ergo_adaptive,335.5,0.018107389172435717,0.02185359983373417
ergo_adaptive,335.58333333333337,0.017707675743601263,0.021889088956080053
ergo_adaptive,335.66666666666663,0.01712231398705808,0.021925086858235923
ergo_adaptive,335.75,0.016343347925390772,0.02195553221246258
ergo_adaptive,335.83333333333337,0.015570431030670904,0.021977198841074345
ergo_adaptive,335.91666666666663,0.015298261788711317,0.021991756384348513
ergo_adaptive,336.0,0.015317493652448031,0.02200885485074663
ergo_adaptive,336.08333333333337,0.016583486791256978,0.022028670716757005
ergo_adaptive,336.16666666666663,0.017289819206898656,0.02206041812688378
ergo_adaptive,336.25,0.01790335228271978,0.02209662067940929
ergo_adaptive,336.33333333333337,0.017145297461479227,0.02213139417509629
ergo_adaptive,336.41666666666663,0.017690903968141047,0.022165060872456344
ergo_adaptive,336.5,0.017467124513948874,0.02219887139899112
ergo_adaptive,336.58333333333337,0.015992561606261647,0.022226685772642057
ergo_adaptive,336.66666666666663,0.01627317835516949,0.02223842363046992
ergo_adaptive,336.75,0.016508216915161706,0.022262570381070424
ergo_adaptive,336.83333333333337,0.016066505822523496,0.02228826217233858
ergo_adaptive,336.91666666666663,0.018179156121352905,0.02231167873121779
ergo_adaptive,337.0,0.016274160687451442,0.02234177187017499
ergo_adaptive,337.08333333333337,0.01826406671437741,0.02236355363068828
ergo_adaptive,337.16666666666663,0.01745898380561618,0.02239427790480521
ergo_adaptive,337.25,0.01785379494909977,0.02241934691968201
ergo_adaptive,337.33333333333337,0.0196215942606746,0.022443815740961427
ergo_adaptive,337.41666666666663,0.01838363577546955,0.022474846622236755
ergo_adaptive,337.5,0.020381056447170937,0.022496823080665612
ergo_adaptive,337.58333333333337,0.020424765521109525,0.0225258844229834
ergo_adaptive,337.66666666666663,0.01867770225661354,0.022557618771541058
ergo_adaptive,337.75,0.01763068538789831,0.022585297085522316
ergo_adaptive,337.83333333333337,0.018612126163255124,0.022579683536895444
ergo_adaptive,337.91666666666663,0.018479897456871765,0.02259910971326149
ergo_adaptive,338.0,0.01887504660465222,0.02261702338660202
ergo_adaptive,338.08333333333337,0.018054951914628255,0.02263923082644307
ergo_adaptive,338.16666666666663,0.0187116987854585,0.02265789287873037
ergo_adaptive,338.25,0.019549671486485624,0.022682717074658902
ergo_adaptive,338.33333333333337,0.017951055879453417,0.02271181271843573
ergo_adaptive,338.41666666666663,0.021285931394863452,0.022724595567225885
ergo_adaptive,338.5,0.024723823551712668,0.02275043025564278
ergo_adaptive,338.58333333333337,0.026218009841952883,0.02278318749044563
ergo_adaptive,338.66666666666663,0.02331613614681785,0.022812580446190715
ergo_adaptive,338.75,0.022088701190284023,0.02284760822286338
ergo_adaptive,338.83333333333337,0.021990573379383732,0.02287861954743841
ergo_adaptive,338.91666666666663,0.020723871416627116,0.02288146190162735
ergo_adaptive,339.0,0.021194495846179322,0.022864694325370305
ergo_adaptive,339.08333333333337,0.018729076185890103,0.02286516018527805
ergo_adaptive,339.16666666666663,0.019802223493744022,0.022862027354062023
ergo_adaptive,339.25,0.01985921963251025,0.02287259686116366
ergo_adaptive,339.33333333333337,0.021053429329121506,0.022886359256622444
ergo_adaptive,339.41666666666663,0.022156131282959346,0.022908328509555112
ergo_adaptive,339.5,0.02097947382705787,0.022942721595316285
ergo_adaptive,339.58333333333337,0.021787613441376714,0.02296984119213261
ergo_adaptive,339.66666666666663,0.022994446808626036,0.022996069908556904
ergo_adaptive,339.75,0.02003454691029639,0.023027430415424745
ergo_adaptive,339.83333333333337,0.020592237428628857,0.023049119126520388
ergo_adaptive,339.91666666666663,0.020634238616810595,0.023045453444749283
ergo_adaptive,340.0,0.02078553028912944,0.023057173720878815
ergo_adaptive,340.08333333333337,0.018693137585809164,0.02306962297559699
ergo_adaptive,340.16666666666663,0.018820916332355823,0.02306442000473902
ergo_adaptive,340.25,0.02023017916783509,0.023068380577918716
ergo_adaptive,340.33333333333337,0.018270368122345736,0.023089587279669643
ergo_adaptive,340.41666666666663,0.020106628520782432,0.023087959422969057
ergo_adaptive,340.5,0.020523574777606343,0.02310452046363039
ergo_adaptive,340.58333333333337,0.020711592532794396,0.023130690344009424
ergo_adaptive,340.66666666666663,0.022506010825025926,0.023159586193991773
ergo_adaptive,340.75,0.023662548574358986,0.02320016966028068
ergo_adaptive,340.83333333333337,0.02320510120271434,0.02324271563356154
ergo_adaptive,340.91666666666663,0.022322589935803126,0.023285470784716454
ergo_adaptive,341.0,0.019577262857387322,0.02331861120654348
ergo_adaptive,341.08333333333337,0.01978656307471438,0.02331753880249489
ergo_adaptive,341.16666666666663,0.020432201465037988,0.023297751724849894
ergo_adaptive,341.25,0.02117804947059793,0.023287831620183982
ergo_adaptive,341.33333333333337,0.019570483178284703,0.023293177033691628
ergo_adaptive,341.41666666666663,0.01943651883456281,0.023287960987690724
ergo_adaptive,341.5,0.019210070577405335,0.023294303091801423
ergo_adaptive,341.58333333333337,0.019972665527223703,0.02330392702620162
ergo_adaptive,341.66666666666663,0.019476643829585857,0.02332209248109705
ergo_adaptive,341.75,0.01999399736758364,0.023339189031689165
ergo_adaptive,341.83333333333337,0.020095179413596925,0.023363327461088088
ergo_adaptive,341.91666666666663,0.021928363571772646,0.02339074440825876
ergo_adaptive,342.0,0.022643014032400252,0.023429584426972027
ergo_adaptive,342.08333333333337,0.023017814919652723,0.023474353993270105
ergo_adaptive,342.16666666666663,0.024613010577107085,0.023516978322310356
ergo_adaptive,342.25,0.022911061593446896,0.0235550496238444
ergo_adaptive,342.33333333333337,0.025028063132151463,0.023596054651205327
ergo_adaptive,342.41666666666663,0.024876724281450525,0.023633657817461306
ergo_adaptive,342.5,0.023785623963693985,0.023669242152706042
ergo_adaptive,342.58333333333337,0.026739152805090115,0.023706322795797968
ergo_adaptive,342.66666666666663,0.029558797534323344,0.02374129019547135
ergo_adaptive,342.75,0.02825193977209368,0.023774377378918698
ergo_adaptive,342.83333333333337,0.023096615891694323,0.023808394146208556
ergo_adaptive,342.91666666666663,0.020144442527412966,0.023844307517599812
ergo_adaptive,343.0,0.019828754613247623,0.023874538185528604
ergo_adaptive,343.08333333333337,0.021666954933990054,0.02389460300576575
ergo_adaptive,343.16666666666663,0.021778592669398692,0.023894045286522184
ergo_adaptive,343.25,0.02422744799341543,0.02385403128378998
ergo_adaptive,343.33333333333337,0.02312391710951905,0.023772284228880693
ergo_adaptive,343.41666666666663,0.023055415843803287,0.02367468563038743
ergo_adaptive,343.5,0.023874408200449875,0.023641518691627894
ergo_adaptive,343.58333333333337,0.02401717366540138,0.023627997823762254
ergo_adaptive,343.66666666666663,0.020899797479576612,0.023629197145571677
ergo_adaptive,343.75,0.022875105646990204,0.02363525797240094
ergo_adaptive,343.83333333333337,0.02554407404399172,0.02364669020203709
ergo_adaptive,343.91666666666663,0.027093096101652166,0.02366864846536511
ergo_adaptive,344.0,0.028923367875386092,0.023696360264913736
ergo_adaptive,344.08333333333337,0.031157052558944656,0.02373123972825571
ergo_adaptive,344.16666666666663,0.02768428066522423,0.023772516864628456
ergo_adaptive,344.25,0.024545138199764324,0.023808095685330554
ergo_adaptive,344.33333333333337,0.0228912083669332,0.02382351486919106
ergo_adaptive,344.41666666666663,0.023917808898557415,0.02381472789762947
ergo_adaptive,344.5,0.02216731434711265,0.023799850458238216
ergo_adaptive,344.58333333333337,0.021652231283606906,0.023796170015572497
ergo_adaptive,344.66666666666663,0.021009759261358403,0.023801651590347972
ergo_adaptive,344.75,0.020000241753177137,0.02380625196092089
ergo_adaptive,344.83333333333337,0.022194976146978164,0.0238131804402417
ergo_adaptive,344.91666666666663,0.022701658843896612,0.023829607595073903
ergo_adaptive,345.0,0.02327003497211958,0.023847035139876727
ergo_adaptive,345.08333333333337,0.023089825997005212,0.023864577779148556
ergo_adaptive,345.16666666666663,0.023780693751669663,0.02388008946747199
ergo_adaptive,345.25,0.023545677439175027,0.023896252261681315
ergo_adaptive,345.33333333333337,0.02513065613386024,0.023912259088620345
ergo_adaptive,345.41666666666663,0.023832201390557063,0.023931566540418468
ergo_adaptive,345.5,0.02622555288851425,0.023947209831725633
ergo_adaptive,345.58333333333337,0.026734234454045967,0.023967079491084717
ergo_adaptive,345.66666666666663,0.02876953045715957,0.023990775683553563
ergo_adaptive,345.75,0.02665067819540565,0.024018746364911418
ergo_adaptive,345.83333333333337,0.025853419593917577,0.024041404748129734
ergo_adaptive,345.91666666666663,0.023689593039514845,0.02405558346966112
ergo_adaptive,346.0,0.02420351731249412,0.02406479851289023
ergo_adaptive,346.08333333333337,0.02457885799051756,0.02407583398234603
ergo_adaptive,346.16666666666663,0.025722330251742483,0.024088521384745338
ergo_adaptive,346.25,0.024609718120281707,0.024104777809035364
ergo_adaptive,346.33333333333337,0.0249114342692755,0.02411823483852168
ergo_adaptive,346.41666666666663,0.0237357282825885,0.024133524883982828
ergo_adaptive,346.5,0.025472969615093252,0.02414498771443465
ergo_adaptive,346.58333333333337,0.024423366106694627,0.02416143515379493
ergo_adaptive,346.66666666666663,0.023739660700665403,0.024173106580777134
ergo_adaptive,346.75,0.02655230570150782,0.02418494746000211
ergo_adaptive,346.83333333333337,0.02773533618278596,0.024203643077657155
ergo_adaptive,346.91666666666663,0.026300518564038124,0.02422509637219823
ergo_adaptive,347.0,0.025236877342947366,0.02424080704583519
ergo_adaptive,347.08333333333337,0.023473893836979846,0.024249519186391448
ergo_adaptive,347.16666666666663,0.020598266734140232,0.024258759423853145
ergo_adaptive,347.25,0.021096655996863424,0.024267311404635308
ergo_adaptive,347.33333333333337,0.021945183364551465,0.024279181470548743
ergo_adaptive,347.41666666666663,0.02041287371636665,0.024293437277496978
ergo_adaptive,347.5,0.02047963157549145,0.024307580179404414
ergo_adaptive,347.58333333333337,0.021014035083689705,0.024323641032138573
ergo_adaptive,347.66666666666663,0.021768894472623538,0.02433999415148154
ergo_adaptive,347.75,0.021616705905493132,0.024358074386278586
ergo_adaptive,347.83333333333337,0.022495092593216533,0.02437552334598347
ergo_adaptive,347.91666666666663,0.024424994924018298,0.024394715764271668
ergo_adaptive,348.0,0.026336729507416112,0.024417891160302036
ergo_adaptive,348.08333333333337,0.02501512648355429,0.024446301085434566
ergo_adaptive,348.16666666666663,0.025515993267160336,0.024479036424488964
ergo_adaptive,348.25,0.02710012629433649,0.024513851521059647
ergo_adaptive,348.33333333333337,0.024577671283507605,0.024546807926416107
ergo_adaptive,348.41666666666663,0.024786750110314563,0.02458257967545286
ergo_adaptive,348.5,0.025387312451891977,0.024617989241407134
ergo_adaptive,348.58333333333337,0.02710958506355306,0.02464119954737126
ergo_adaptive,348.66666666666663,0.028007821401716156,0.02465492089796236
ergo_adaptive,348.75,0.026049447999309312,0.02467519761208697
ergo_adaptive,348.83333333333337,0.027135400438923037,0.02468862765336088
ergo_adaptive,348.91666666666663,0.027696028694813524,0.024701968321049508
ergo_adaptive,349.0,0.027794695455024877,0.024722816933328676
ergo_adaptive,349.08333333333337,0.0306916182992252,0.024749929909998167
ergo_adaptive,349.16666666666663,0.030767129189743773,0.02478144520416875
ergo_adaptive,349.25,0.029806895913869067,0.024810881944935533
ergo_adaptive,349.33333333333337,0.02854731332902034,0.024837133105749074
ergo_adaptive,349.41666666666663,0.027535361268233485,0.02486405470913987
ergo_adaptive,349.5,0.02731253596391842,0.024895590466504205
ergo_adaptive,349.58333333333337,0.025548577090252177,0.024926404271266165
ergo_adaptive,349.66666666666663,0.025315612310591158,0.024951146143443875
ergo_adaptive,349.75,0.027569828432586006,0.02496308975865846
ergo_adaptive,349.83333333333337,0.02964236154482771,0.024952795950505414
ergo_adaptive,349.91666666666663,0.03056910815788247,0.02491858019278668
ergo_adaptive,350.0,0.028286676114940613,0.024867580972099675
ergo_adaptive,350.08333333333337,0.0310904291827387,0.0248358744775466
ergo_adaptive,350.16666666666663,0.031784394059822585,0.024815762516164186
ergo_adaptive,350.25,0.030104750584399195,0.024808214691578234
ergo_adaptive,350.33333333333337,0.03283616884693735,0.024814099581704215
ergo_adaptive,350.41666666666663,0.03186696857772357,0.02482534622538018
ergo_adaptive,350.5,0.03389302418318917,0.02483763339818761
ergo_adaptive,350.58333333333337,0.031777419595139425,0.024851805949898116
ergo_adaptive,350.66666666666663,0.030754630192669944,0.024864774393953508
ergo_adaptive,350.75,0.031224789957725582,0.024877511185509366
ergo_adaptive,350.83333333333337,0.030442214806362236,0.024889565881821594
ergo_adaptive,350.91666666666663,0.025994489753091307,0.024900936654960376
ergo_adaptive,351.0,0.024136287896092744,0.02490972115835012
ergo_adaptive,351.08333333333337,0.024607286646649195,0.024915732819571886
ergo_adaptive,351.16666666666663,0.02618114099149186,0.024927435539053917
ergo_adaptive,351.25,0.026242198362445943,0.024942718744727713
ergo_adaptive,351.33333333333337,0.0297480711985026,0.02495779113573572
ergo_adaptive,351.41666666666663,0.029726610016985566,0.024975646079123438
ergo_adaptive,351.5,0.03059105736916717,0.02499321730743951
ergo_adaptive,351.58333333333337,0.030959757561619256,0.025012089920456792
ergo_adaptive,351.66666666666663,0.028093758437345157,0.02503087916452833
ergo_adaptive,351.75,0.02947063558312005,0.025044840749172598
ergo_adaptive,351.83333333333337,0.030637883171209093,0.025059064346068992
ergo_adaptive,351.91666666666663,0.02879858935201718,0.025075821832504328
ergo_adaptive,352.0,0.0304577462346602,0.025088490154026945
ergo_adaptive,352.08333333333337,0.03043037807574603,0.02510099017400154
ergo_adaptive,352.16666666666663,0.029677242836576165,0.025110464370133877
ergo_adaptive,352.25,0.029470713083732062,0.02511900450966803
ergo_adaptive,352.33333333333337,0.02796157208023564,0.02513125532133934
ergo_adaptive,352.41666666666663,0.026401887370941297,0.025142371150060898
ergo_adaptive,352.5,0.02776012042692081,0.02515223727040038
ergo_adaptive,352.58333333333337,0.027879192091546986,0.02516484022165835
ergo_adaptive,352.66666666666663,0.029824548335917595,0.02517810641264464
ergo_adaptive,352.75,0.03176584253195892,0.025193819106178978
ergo_adaptive,352.83333333333337,0.030847043101672713,0.025211559196756658
ergo_adaptive,352.91666666666663,0.032393217340181406,0.02522761024574979
ergo_adaptive,353.0,0.031123442812257193,0.025245808520492102
ergo_adaptive,353.08333333333337,0.03278266274491959,0.025262585878314314
ergo_adaptive,353.16666666666663,0.03314773081694482,0.025282168091022284
ergo_adaptive,353.25,0.032117384915331317,0.02530361108333883
ergo_adaptive,353.33333333333337,0.02920572760720467,0.0253249631796334
ergo_adaptive,353.41666666666663,0.029115499412208253,0.025338438085094922
ergo_adaptive,353.5,0.029535069386068046,0.025336085923951833
ergo_adaptive,353.58333333333337,0.03079616123971497,0.025340539415331726
ergo_adaptive,353.66666666666663,0.02914729228134218,0.025349508788564002
ergo_adaptive,353.75,0.02926482555424296,0.02536184318172161
ergo_adaptive,353.83333333333337,0.02553084697854928,0.02537305208964458
ergo_adaptive,353.91666666666663,0.024752242352410574,0.0253853973586091
ergo_adaptive,354.0,0.0224676157070505,0.02539554578548636
ergo_adaptive,354.08333333333337,0.02329319800338946,0.025400254173166117
ergo_adaptive,354.16666666666663,0.021781260866416283,0.025413428414778637
ergo_adaptive,354.25,0.021908061629833688,0.025426196641726777
ergo_adaptive,354.33333333333337,0.022631244682537775,0.02544217591635686
ergo_adaptive,354.41666666666663,0.025997423433523945,0.02546058729183596
ergo_adaptive,354.5,0.026858924265782246,0.02548398468036745
ergo_adaptive,354.58333333333337,0.02608150201891152,0.02551218708440364
ergo_adaptive,354.66666666666663,0.02509014689982773,0.025543124055343546
ergo_adaptive,354.75,0.026152750824760415,0.025573096628187134
ergo_adaptive,354.83333333333337,0.023595062673382825,0.025601030479445185
ergo_adaptive,354.91666666666663,0.02557188274606973,0.025629218157964827
ergo_adaptive,355.0,0.023965266207546933,0.025658923203589038
ergo_adaptive,355.08333333333337,0.023419924650333206,0.025691265421866588
ergo_adaptive,355.16666666666663,0.022337087465065634,0.025725653254310386
ergo_adaptive,355.25,0.023442112932596196,0.025765868590495376
ergo_adaptive,355.33333333333337,0.021706949987432,0.02580776777482307
ergo_adaptive,355.41666666666663,0.022420237658849894,0.025848045795775584
ergo_adaptive,355.5,0.0209534111620332,0.025883356876443515
ergo_adaptive,355.58333333333337,0.020548848352690673,0.0259114676259723
ergo_adaptive,355.66666666666663,0.023232053216278695,0.025929908908361506
ergo_adaptive,355.75,0.026176749711951625,0.025937119430782984
ergo_adaptive,355.83333333333337,0.026485206833678603,0.02593498758650838
ergo_adaptive,355.91666666666663,0.024103035799562415,0.025926598130025853
ergo_adaptive,356.0,0.025412559368760412,0.02590874529715586
ergo_adaptive,356.08333333333337,0.025129129293316767,0.025875387548026065
ergo_adaptive,356.16666666666663,0.02620447117063845,0.025827178206267752
ergo_adaptive,356.25,0.02559367256315042,0.025767203730790552
ergo_adaptive,356.33333333333337,0.02645391737448481,0.02565391931724256
ergo_adaptive,356.41666666666663,0.03128789227745691,0.025452475215142
ergo_adaptive,356.5,0.03868330166601126,0.025209618905168558
ergo_adaptive,356.58333333333337,0.04046838273135919,0.02499263513382029
ergo_adaptive,356.66666666666663,0.040787919713888086,0.024878919216392147
ergo_adaptive,356.75,0.04120796631020874,0.02483152804321822
ergo_adaptive,356.83333333333337,0.04055614201506489,0.024817546220508656
ergo_adaptive,356.91666666666663,0.038899695006046425,0.024818963705633225
ergo_adaptive,357.0,0.04051029687493092,0.024825131164256577
ergo_adaptive,357.08333333333337,0.037338506077048306,0.024833900385768957
ergo_adaptive,357.16666666666663,0.03830934781219569,0.024845396766159978
ergo_adaptive,357.25,0.03702232548924487,0.02486000495295297
ergo_adaptive,357.33333333333337,0.036860423258393935,0.024875739641310724
ergo_adaptive,357.41666666666663,0.03610515746759242,0.02489016025664113
ergo_adaptive,357.5,0.03469450541007832,0.024905293470213898
ergo_adaptive,357.58333333333337,0.03652601519668365,0.024909025152725257
ergo_adaptive,357.66666666666663,0.038495531066860565,0.024920242550841794
ergo_adaptive,357.75,0.03972754005986502,0.024938667529422847
ergo_adaptive,357.83333333333337,0.041542097277546694,0.024956871780509746
ergo_adaptive,357.91666666666663,0.04271706953127339,0.02497211774767746
ergo_adaptive,358.0,0.04197912232519175,0.02498462525793208
ergo_adaptive,358.08333333333337,0.04104380042645532,0.024998097015652154
ergo_adaptive,358.16666666666663,0.0401510132762817,0.02501515336781716
ergo_adaptive,358.25,0.039013302858708895,0.025028178831777236
ergo_adaptive,358.33333333333337,0.03934605386485834,0.025040923475360414
ergo_adaptive,358.41666666666663,0.042489111431131016,0.025053150839430435
ergo_adaptive,358.5,0.04445428594024315,0.025068421062315892
ergo_adaptive,358.58333333333337,0.044001133786250236,0.02508035184006973
ergo_adaptive,358.66666666666663,0.04390180790826437,0.02509202559268657
ergo_adaptive,358.75,0.041223684937175875,0.025108472698511387
ergo_adaptive,358.83333333333337,0.04318205860786406,0.025121889503557
ergo_adaptive,358.91666666666663,0.0444223400413213,0.02513268476639494
ergo_adaptive,359.0,0.043050048298934766,0.025141018057331155
ergo_adaptive,359.08333333333337,0.04356094270998472,0.025154649438804022
ergo_adaptive,359.16666666666663,0.03982083292310197,0.02516720286297619
ergo_adaptive,359.25,0.04245218242405558,0.02516399595276369
ergo_adaptive,359.33333333333337,0.04479721473439178,0.025172291924016685
ergo_adaptive,359.41666666666663,0.045274906170916916,0.025187564755173076
ergo_adaptive,359.5,0.04360435284461392,0.025204598441014955
ergo_adaptive,359.58333333333337,0.04361937938049539,0.02521072473785664
ergo_adaptive,359.66666666666663,0.042953742294503765,0.025218083892739922
ergo_adaptive,359.75,0.04269793849071243,0.025226737551008908
ergo_adaptive,359.83333333333337,0.04532566316992633,0.025236883263969674
ergo_adaptive,359.91666666666663,0.046910471286651594,0.025246754241253392
ergo_adaptive,360.0,0.04707655038478956,0.025265058282670824
