strategy,mission_minutes,estimated_target_deficit,ground_truth_target_deficit
ergo_adaptive,0.0,0.0010879550092809825,0.11905974690476614
ergo_adaptive,0.08333333333337123,0.0024136141941570044,0.1144664020272424
ergo_adaptive,0.16666666666662877,0.002019075549872016,0.11328675158382322
ergo_adaptive,0.25,0.001472248819627826,0.11269893435984353
ergo_adaptive,0.33333333333337123,0.0029175214623488083,0.11230288848581794
ergo_adaptive,0.41666666666662877,0.004855092339671595,0.1119990187583249
ergo_adaptive,0.5,0.0045185871257393435,0.11175446105422009
ergo_adaptive,0.5833333333333712,0.006147817025952676,0.11155635620346292
ergo_adaptive,0.6666666666666288,0.00933936278757337,0.11139687533030596
ergo_adaptive,0.75,0.009881132745886614,0.11126786739745656
ergo_adaptive,0.8333333333333712,0.009570625809024473,0.11115973392146897
ergo_adaptive,0.9166666666666288,0.012201040923926482,0.1110629942189786
ergo_adaptive,1.0,0.01040090412805932,0.11097057256335596
ergo_adaptive,1.0833333333333712,0.00876385271595412,0.11088062482226166
ergo_adaptive,1.1666666666666288,0.01215024502513082,0.11079635689470753
ergo_adaptive,1.25,0.012775667070353608,0.11071775824212805
ergo_adaptive,1.3333333333333712,0.012884341441022783,0.11064739847152467
ergo_adaptive,1.4166666666666288,0.008470693053212738,0.11059019708618457
ergo_adaptive,1.5,0.0065504124189580465,0.11055212076551844
ergo_adaptive,1.5833333333333712,0.0013928715137769862,0.11053548224438016
ergo_adaptive,1.6666666666666288,2.292806223578686e-5,0.11052442915096876
ergo_adaptive,1.75,0.000505413719107987,0.1105094205759013
ergo_adaptive,1.8333333333333712,0.0015806378234071248,0.11042451712913798
ergo_adaptive,1.9166666666666288,0.0017951617572742322,0.1102400261722789
ergo_adaptive,2.0,0.002772154785708852,0.10997125633583002
ergo_adaptive,2.0833333333333712,0.0050513367633967035,0.10965132017438896
ergo_adaptive,2.1666666666666288,0.006622576736197009,0.10931301803687152
ergo_adaptive,2.25,0.00608730983129573,0.10897917181367987
ergo_adaptive,2.3333333333333712,0.005605835973786017,0.1086640285700425
ergo_adaptive,2.4166666666666288,0.005551209990376137,0.10837813024839005
ergo_adaptive,2.5,0.006859755336282107,0.10812286430867102
ergo_adaptive,2.5833333333333712,0.005735025733065151,0.10786345252344441
ergo_adaptive,2.6666666666666288,0.005781661817847322,0.10753902580560702
ergo_adaptive,2.75,0.006139807915306496,0.10715257295013488
ergo_adaptive,2.8333333333333712,0.006044587250403134,0.10674898903773403
ergo_adaptive,2.9166666666666288,0.0048541670664741824,0.10637455160502661
ergo_adaptive,3.0,0.006382613811197041,0.10605076057894755
ergo_adaptive,3.0833333333333712,0.010449105535457007,0.1057290812617925
ergo_adaptive,3.1666666666666288,0.007866825367834753,0.10534254061919006
ergo_adaptive,3.25,0.008937827112482916,0.10490413278497873
ergo_adaptive,3.3333333333333712,0.007682059702310947,0.10445586375621956
ergo_adaptive,3.4166666666666288,0.005342560100634232,0.10403740509292768
ergo_adaptive,3.5,0.006450706306290562,0.10366239849142092
ergo_adaptive,3.5833333333333712,0.003051228719580763,0.1032970428642729
ergo_adaptive,3.6666666666666288,0.005796347510099226,0.10293795251179734
ergo_adaptive,3.75,0.00693976694877213,0.102551624858248
ergo_adaptive,3.8333333333333712,0.0089420925999932,0.10216332314457365
ergo_adaptive,3.9166666666666288,0.007746423436667709,0.10181412216120038
ergo_adaptive,4.0,0.01070507908933577,0.10150447729574512
ergo_adaptive,4.083333333333371,0.008902907484790482,0.10115085076446573
ergo_adaptive,4.166666666666629,0.00854073916040697,0.10073216527442756
ergo_adaptive,4.25,0.0060292915869074185,0.10030794418810327
ergo_adaptive,4.333333333333371,0.005708835643488189,0.09995602048003252
ergo_adaptive,4.416666666666629,0.008971953262607378,0.09965825131817817
ergo_adaptive,4.5,0.011019686258817742,0.09930764788481031
ergo_adaptive,4.583333333333371,0.010743912330564405,0.09888750262873368
ergo_adaptive,4.666666666666629,0.015191905459850934,0.09844699725527586
ergo_adaptive,4.75,0.012205004749488761,0.0980350360553621
ergo_adaptive,4.833333333333371,0.013140127618820037,0.09766865623279915
ergo_adaptive,4.916666666666629,0.010477484338114861,0.09733681723378111
ergo_adaptive,5.0,0.008999790770300619,0.097011620388813
ergo_adaptive,5.083333333333371,0.007708013700864765,0.09667519927868351
ergo_adaptive,5.166666666666629,0.006194753038022581,0.09632743697104555
ergo_adaptive,5.25,0.008928095728872806,0.0959808108984169
ergo_adaptive,5.333333333333371,0.00772782867028911,0.09563348165261457
ergo_adaptive,5.416666666666629,0.012611998432408674,0.09531442049070982
ergo_adaptive,5.5,0.012674517375670913,0.09500581271441837
ergo_adaptive,5.583333333333371,0.009842905279674623,0.09467009830772222
ergo_adaptive,5.666666666666629,0.01156188599703524,0.09431235000006437
ergo_adaptive,5.75,0.015186624093086035,0.09396577896222753
ergo_adaptive,5.833333333333371,0.01277858130614476,0.09363986567502448
ergo_adaptive,5.916666666666629,0.010200861761606062,0.09329903470172791
ergo_adaptive,6.0,0.007859839031937649,0.092929049106969
ergo_adaptive,6.083333333333371,0.007743335951049711,0.0925706881158695
ergo_adaptive,6.166666666666629,0.009500806856634106,0.09225077425820179
ergo_adaptive,6.25,0.011521526217565397,0.09194826361631893
ergo_adaptive,6.333333333333371,0.013300164350782422,0.0916241536608476
ergo_adaptive,6.416666666666629,0.015456468462698207,0.09127598119085006
ergo_adaptive,6.5,0.015670150505756014,0.0909487021878089
ergo_adaptive,6.583333333333371,0.014757613734035401,0.09066052587974552
ergo_adaptive,6.666666666666629,0.01338404443605764,0.09034126580879522
ergo_adaptive,6.75,0.009574704247689518,0.08996183049492465
ergo_adaptive,6.833333333333371,0.00930399911703155,0.0896196116837919
ergo_adaptive,6.916666666666629,0.008315899931957813,0.08934853114371653
ergo_adaptive,7.0,0.009428630180753348,0.08909996286259886
ergo_adaptive,7.083333333333371,0.013316322168839084,0.08883565793568521
ergo_adaptive,7.166666666666629,0.012891610995567862,0.08855341970591736
ergo_adaptive,7.25,0.01336916558925016,0.08826004984347818
ergo_adaptive,7.333333333333371,0.017427416477611972,0.08799277289325871
ergo_adaptive,7.416666666666629,0.01532320311406434,0.08780273914448876
ergo_adaptive,7.5,0.01646161104600145,0.08757402521021258
ergo_adaptive,7.583333333333371,0.020299858872839912,0.08723616267664909
ergo_adaptive,7.666666666666629,0.019055256523064654,0.08686636418581357
ergo_adaptive,7.75,0.016927624843882317,0.08654025540517495
ergo_adaptive,7.833333333333371,0.01258257352520882,0.08624867654594073
ergo_adaptive,7.916666666666629,0.013518191890249354,0.0859671911586235
ergo_adaptive,8.0,0.01583713617625623,0.08569379885972685
ergo_adaptive,8.083333333333371,0.018681180215717852,0.08543811927592397
ergo_adaptive,8.166666666666629,0.01661679772451103,0.08523080688824633
ergo_adaptive,8.25,0.015509954531292218,0.08510900735157023
ergo_adaptive,8.333333333333371,0.015438819309029787,0.08495987122755871
ergo_adaptive,8.416666666666629,0.019263145177811,0.08475069908137853
ergo_adaptive,8.5,0.021272469059618986,0.08452294358333066
ergo_adaptive,8.583333333333371,0.025745317324813055,0.08431929625092988
ergo_adaptive,8.666666666666629,0.022100557301103125,0.08416094190196641
ergo_adaptive,8.75,0.02356793140779304,0.08405353192452576
ergo_adaptive,8.833333333333371,0.025059414240418902,0.08394732185299733
ergo_adaptive,8.916666666666629,0.02599657914893286,0.08380315579840919
ergo_adaptive,9.0,0.02422076608284168,0.0836567696479293
ergo_adaptive,9.083333333333371,0.030460928228770244,0.08354044682425948
ergo_adaptive,9.166666666666629,0.029879332462443817,0.08344287030610124
ergo_adaptive,9.25,0.02629952372039835,0.0833594502479249
ergo_adaptive,9.333333333333371,0.023231639187767977,0.08329684203478446
ergo_adaptive,9.416666666666629,0.02379552880870719,0.0832720055836705
ergo_adaptive,9.5,0.028315499223062125,0.08328012485757619
ergo_adaptive,9.583333333333371,0.027763630091782183,0.08330407931739299
ergo_adaptive,9.666666666666629,0.029056744409975396,0.08334339991440652
ergo_adaptive,9.75,0.030071486797332254,0.08341551384337327
ergo_adaptive,9.833333333333371,0.02870531600384007,0.08352956707190917
ergo_adaptive,9.916666666666629,0.02746322752048264,0.08365089927507512
ergo_adaptive,10.0,0.030830454170839197,0.08376851151977069
ergo_adaptive,10.083333333333371,0.03402343392923679,0.08390123071180386
ergo_adaptive,10.166666666666629,0.037392879534389016,0.0840618382808975
ergo_adaptive,10.25,0.020836289391799604,0.08424677449700836
ergo_adaptive,10.333333333333371,0.014030793799826255,0.08447190744233936
ergo_adaptive,10.416666666666629,0.012627317214239799,0.0847164260713462
ergo_adaptive,10.5,0.015547088726698138,0.0849472255904655
ergo_adaptive,10.583333333333371,0.01863727228189482,0.08513528837822
ergo_adaptive,10.666666666666629,0.020821214113826148,0.08528275212962778
ergo_adaptive,10.75,0.02110962216821338,0.08541207646323343
ergo_adaptive,10.833333333333371,0.020655531844470994,0.08554372341057266
ergo_adaptive,10.916666666666629,0.0214146019620244,0.08566930757540528
ergo_adaptive,11.0,0.021010009894827916,0.08577803311611704
ergo_adaptive,11.083333333333371,0.02014464308136529,0.08587200803515778
ergo_adaptive,11.166666666666629,0.02024405440649722,0.08596339238456169
ergo_adaptive,11.25,0.019786629252984335,0.08604903742066279
ergo_adaptive,11.333333333333371,0.018890150220005123,0.08611997536339508
ergo_adaptive,11.416666666666629,0.017956977645311817,0.08617564103450674
ergo_adaptive,11.5,0.017971974321411364,0.08622763029188614
ergo_adaptive,11.583333333333371,0.017339704555260887,0.0862943205584106
ergo_adaptive,11.666666666666629,0.0177805942094266,0.08637272328515067
ergo_adaptive,11.75,0.01861292784504516,0.08640262969612754
ergo_adaptive,11.833333333333371,0.018599959865571652,0.08638915686942955
ergo_adaptive,11.916666666666629,0.01864976602123977,0.08636345878533518
ergo_adaptive,12.0,0.019508890505371676,0.08634211284535828
ergo_adaptive,12.083333333333371,0.017495199425870932,0.0863295977144102
ergo_adaptive,12.166666666666629,0.018117921181118237,0.08631986734464292
ergo_adaptive,12.25,0.01778841453947767,0.08629387427960965
ergo_adaptive,12.333333333333371,0.018130057889019054,0.08624334608523265
ergo_adaptive,12.416666666666629,0.018576863548148744,0.08618674250083849
ergo_adaptive,12.5,0.019337107136527438,0.08612339523965509
ergo_adaptive,12.583333333333371,0.016561842853908146,0.0860537866041227
ergo_adaptive,12.666666666666629,0.012891602124319274,0.08598594147648864
ergo_adaptive,12.75,0.012887152104974271,0.08590724233319656
ergo_adaptive,12.833333333333371,0.0145272991639065,0.08581367530180592
ergo_adaptive,12.916666666666629,0.012984404578500612,0.0857182616689325
ergo_adaptive,13.0,0.012479367421787282,0.0856189401009435
ergo_adaptive,13.083333333333371,0.013831630696500008,0.08551001708982447
ergo_adaptive,13.166666666666629,0.012351421675120138,0.08539398487762043
ergo_adaptive,13.25,0.009151871878067732,0.08527561606472626
ergo_adaptive,13.333333333333371,0.010148534456150963,0.08517670913472865
ergo_adaptive,13.416666666666629,0.009722646447793004,0.08513286437723126
ergo_adaptive,13.5,0.00968988855878393,0.08510863421429132
ergo_adaptive,13.583333333333371,0.010102523913871998,0.08502525213929829
ergo_adaptive,13.666666666666629,0.006875596775306545,0.08491420553820483
ergo_adaptive,13.75,0.007107751298119347,0.08498375077070458
ergo_adaptive,13.833333333333371,0.007655930029865254,0.08515779192113136
ergo_adaptive,13.916666666666629,0.008212009645136905,0.08536092713339244
ergo_adaptive,14.0,0.009319088170372764,0.0855424926725041
ergo_adaptive,14.083333333333371,0.009661616791981473,0.08569305855241671
ergo_adaptive,14.166666666666629,0.007701823934766127,0.08582741388775006
ergo_adaptive,14.25,0.008445247915195062,0.08595555260825112
ergo_adaptive,14.333333333333371,0.007291103947087869,0.08607087175749228
ergo_adaptive,14.416666666666629,0.007262831656392638,0.08618338399154672
ergo_adaptive,14.5,0.008901433816338124,0.08628099181899954
ergo_adaptive,14.583333333333371,0.008680179768527729,0.08634669535010704
ergo_adaptive,14.666666666666629,0.008965967910048514,0.08638045307249194
ergo_adaptive,14.75,0.009682646544039612,0.08639311918273615
ergo_adaptive,14.833333333333371,0.011450843572010497,0.08639911275799018
ergo_adaptive,14.916666666666629,0.009940971424551937,0.08640326707248977
ergo_adaptive,15.0,0.009464065841059145,0.08639124720956852
ergo_adaptive,15.083333333333371,0.008693893459763858,0.08635659436809896
ergo_adaptive,15.166666666666629,0.009010422379226979,0.08632483209683332
ergo_adaptive,15.25,0.007734909844439602,0.08632464636988442
ergo_adaptive,15.333333333333371,0.008135139970649134,0.08632965313583024
ergo_adaptive,15.416666666666629,0.006293665677131508,0.08631280392584839
ergo_adaptive,15.5,0.006877715776902192,0.08640214590584458
ergo_adaptive,15.583333333333371,0.007959569421218234,0.08655038111686447
ergo_adaptive,15.666666666666629,0.00693430886908639,0.08669604006028518
ergo_adaptive,15.75,0.006556322161849122,0.0868223772843921
ergo_adaptive,15.833333333333371,0.0086817636957406,0.0869316884711975
ergo_adaptive,15.916666666666629,0.007514272278850721,0.08702740976937334
ergo_adaptive,16.0,0.008263281740361375,0.08712781216066273
ergo_adaptive,16.08333333333337,0.007592311653466115,0.08723585743336905
ergo_adaptive,16.16666666666663,0.008055747696046268,0.08734079129478928
ergo_adaptive,16.25,0.008424583420711724,0.08743130486924224
ergo_adaptive,16.33333333333337,0.009309883873570672,0.08751587246688979
ergo_adaptive,16.41666666666663,0.00957490584433349,0.08760705339743179
ergo_adaptive,16.5,0.010784043613662322,0.08769518618755706
ergo_adaptive,16.58333333333337,0.009912073311235765,0.08775010618195724
ergo_adaptive,16.66666666666663,0.009703293967557697,0.08777907405075994
ergo_adaptive,16.75,0.010586731465195816,0.08781906020816554
ergo_adaptive,16.83333333333337,0.009471228594246114,0.08786996633146467
ergo_adaptive,16.91666666666663,0.007957615168334336,0.08785058449668363
ergo_adaptive,17.0,0.00817686766041359,0.08781597660891179
ergo_adaptive,17.08333333333337,0.00826095368308301,0.08777273875101399
ergo_adaptive,17.16666666666663,0.006378599976346967,0.08772633117826538
ergo_adaptive,17.25,0.007696581487562567,0.08776900533159392
ergo_adaptive,17.33333333333337,0.007959888215965497,0.0878258948816478
ergo_adaptive,17.41666666666663,0.0075963369032571336,0.08786475219899317
ergo_adaptive,17.5,0.008497351280161694,0.08787010574759373
ergo_adaptive,17.58333333333337,0.008520026947883487,0.08783911960273652
ergo_adaptive,17.66666666666663,0.006842076377236795,0.08780839181471167
ergo_adaptive,17.75,0.007043377069899043,0.08783028858724765
ergo_adaptive,17.83333333333337,0.006536391943598093,0.08779284661903426
ergo_adaptive,17.91666666666663,0.0072921397225276085,0.08769539005548715
ergo_adaptive,18.0,0.009547744442128385,0.08755393607170876
ergo_adaptive,18.08333333333337,0.007776298973079568,0.08743676074739005
ergo_adaptive,18.16666666666663,0.007193932621700804,0.08731654433938928
ergo_adaptive,18.25,0.008078006796139363,0.08710264286276874
ergo_adaptive,18.33333333333337,0.008330657973986159,0.08683297214095917
ergo_adaptive,18.41666666666663,0.00677370120995692,0.08659454825401003
ergo_adaptive,18.5,0.00803043088331181,0.08655732580469812
ergo_adaptive,18.58333333333337,0.011476959115069721,0.08651787585119844
ergo_adaptive,18.66666666666663,0.014211986084118887,0.0864143883241089
ergo_adaptive,18.75,0.007575165086308732,0.08622476268579653
ergo_adaptive,18.83333333333337,0.008032057594565933,0.08611556805759908
ergo_adaptive,18.91666666666663,0.009484952108535318,0.08606898362643874
ergo_adaptive,19.0,0.01211848342299137,0.08603449921891196
ergo_adaptive,19.08333333333337,0.007903645578029254,0.08592646132579111
ergo_adaptive,19.16666666666663,0.006989149288280602,0.08582986972267506
ergo_adaptive,19.25,0.00756015388586775,0.08578187546979742
ergo_adaptive,19.33333333333337,0.010155611762322735,0.08576925573933977
ergo_adaptive,19.41666666666663,0.008090825147994314,0.08578873448118805
ergo_adaptive,19.5,0.009124902787097454,0.08579179634241708
ergo_adaptive,19.58333333333337,0.009157169098334902,0.08573040856796788
ergo_adaptive,19.66666666666663,0.008459593911332986,0.0856344823388452
ergo_adaptive,19.75,0.009497388540565567,0.08555981273719195
ergo_adaptive,19.83333333333337,0.009932616161549286,0.0855057086367391
ergo_adaptive,19.91666666666663,0.009457865180496948,0.08544724463225649
ergo_adaptive,20.0,0.010913810767887895,0.08537603070493728
ergo_adaptive,20.08333333333337,0.007649975963631235,0.08529340991142827
ergo_adaptive,20.16666666666663,0.010323238445685112,0.08525307843297747
ergo_adaptive,20.25,0.011994695526959613,0.08521382313577255
ergo_adaptive,20.33333333333337,0.014189949746260545,0.0851340086304203
ergo_adaptive,20.41666666666663,0.017674798457498125,0.08500530015373334
ergo_adaptive,20.5,0.013141451132058326,0.08485223852324777
ergo_adaptive,20.58333333333337,0.011538014509471806,0.08470948920967163
ergo_adaptive,20.66666666666663,0.012105268935324518,0.08457105488610511
ergo_adaptive,20.75,0.012667742228336559,0.08441327023416345
ergo_adaptive,20.83333333333337,0.012660209124007874,0.08425759823161542
ergo_adaptive,20.91666666666663,0.012236678209813749,0.084153791541881
ergo_adaptive,21.0,0.012548923141967538,0.08406964932157943
ergo_adaptive,21.08333333333337,0.01504961009984239,0.08390447977360355
ergo_adaptive,21.16666666666663,0.013112057307781129,0.08369091851243167
ergo_adaptive,21.25,0.01386113799686212,0.08349101070239162
ergo_adaptive,21.33333333333337,0.012120014290379542,0.08331113056279724
ergo_adaptive,21.41666666666663,0.014637544479203521,0.08313297418608132
ergo_adaptive,21.5,0.014661499528320443,0.08293924693256195
ergo_adaptive,21.58333333333337,0.013949191043926444,0.0827471564504811
ergo_adaptive,21.66666666666663,0.016558387307941982,0.08258929930544183
ergo_adaptive,21.75,0.01727951037741182,0.0824910777463387
ergo_adaptive,21.83333333333337,0.014645256433800314,0.08238106898297305
ergo_adaptive,21.91666666666663,0.020422224753334516,0.08220926175380898
ergo_adaptive,22.0,0.0192370028092148,0.08202559798814042
ergo_adaptive,22.08333333333337,0.020690483273537723,0.08186656990165479
ergo_adaptive,22.16666666666663,0.0167567196337724,0.08173479601839574
ergo_adaptive,22.25,0.019774919928621387,0.08162210867238257
ergo_adaptive,22.33333333333337,0.02013525497440835,0.08151547319093946
ergo_adaptive,22.41666666666663,0.022658318440900722,0.08141941545064656
ergo_adaptive,22.5,0.022526057218719787,0.08137294153518684
ergo_adaptive,22.58333333333337,0.023965032452644947,0.081390120289652
ergo_adaptive,22.66666666666663,0.0244317496838916,0.08135768360977678
ergo_adaptive,22.75,0.023708825777963242,0.08129604592569338
ergo_adaptive,22.83333333333337,0.0218568263853506,0.08127467493961539
ergo_adaptive,22.91666666666663,0.023132190873300575,0.08139883738098
ergo_adaptive,23.0,0.023725004932872558,0.08151943571300954
ergo_adaptive,23.08333333333337,0.02518998808981735,0.08160041668172552
ergo_adaptive,23.16666666666663,0.02348302240329373,0.08166059393836979
ergo_adaptive,23.25,0.02255124369182699,0.08173566481936535
ergo_adaptive,23.33333333333337,0.022666088419901576,0.08187114641221226
ergo_adaptive,23.41666666666663,0.021368268167417714,0.08207259822140947
ergo_adaptive,23.5,0.01937119619459382,0.0822767247645661
ergo_adaptive,23.58333333333337,0.020798878321148878,0.08245064538138057
ergo_adaptive,23.66666666666663,0.02012870859677884,0.08258197223865293
ergo_adaptive,23.75,0.0192686918032426,0.08266740418985545
ergo_adaptive,23.83333333333337,0.019694431013576146,0.08267789459929607
ergo_adaptive,23.91666666666663,0.01951427268861495,0.08261892436871049
ergo_adaptive,24.0,0.017478717289802086,0.08256480913432519
ergo_adaptive,24.08333333333337,0.018579220050885074,0.08256921332069046
ergo_adaptive,24.16666666666663,0.017559363870703584,0.08259338841707836
ergo_adaptive,24.25,0.01937482208966248,0.08266077847524526
ergo_adaptive,24.33333333333337,0.02088817214155159,0.08279054124834422
ergo_adaptive,24.41666666666663,0.020757626956770556,0.08293765921263016
ergo_adaptive,24.5,0.02142684220381711,0.08310523889204309
ergo_adaptive,24.58333333333337,0.021021031292288165,0.08328571053824596
ergo_adaptive,24.66666666666663,0.020778457790201398,0.08347376482431187
ergo_adaptive,24.75,0.02131474620519687,0.08366191602216948
ergo_adaptive,24.83333333333337,0.02272749192730029,0.08384773378429426
ergo_adaptive,24.91666666666663,0.022231527427639057,0.08403004012762322
ergo_adaptive,25.0,0.020984126688884386,0.08420738210267875
ergo_adaptive,25.08333333333337,0.021361086043118486,0.08437951905209545
ergo_adaptive,25.16666666666663,0.020295354727278232,0.0845468114793673
ergo_adaptive,25.25,0.02290457933432567,0.08470963725861973
ergo_adaptive,25.33333333333337,0.022360769324734055,0.08486673613995212
ergo_adaptive,25.41666666666663,0.022313969219224638,0.08500689611371703
ergo_adaptive,25.5,0.023824906366390203,0.0851481755618075
ergo_adaptive,25.58333333333337,0.023637826076723982,0.08528973073582038
ergo_adaptive,25.66666666666663,0.02161493630420288,0.08542807095523944
ergo_adaptive,25.75,0.020425079335349334,0.08556787107187998
ergo_adaptive,25.83333333333337,0.018844201376081657,0.08570689567975096
ergo_adaptive,25.91666666666663,0.019791393343936037,0.08582366845959355
ergo_adaptive,26.0,0.022798441103973933,0.08589587594353226
ergo_adaptive,26.08333333333337,0.023373348714441574,0.0859328699408052
ergo_adaptive,26.16666666666663,0.021109854899807642,0.08592491043792122
ergo_adaptive,26.25,0.022098327128428873,0.08586947553953637
ergo_adaptive,26.33333333333337,0.02192995111556749,0.08580188820849019
ergo_adaptive,26.41666666666663,0.019764780415798683,0.08575666221176925
ergo_adaptive,26.5,0.02193683461519598,0.08572898788487957
ergo_adaptive,26.58333333333337,0.02294382488996713,0.08569081674287178
ergo_adaptive,26.66666666666663,0.022464417408264107,0.08563519598398774
ergo_adaptive,26.75,0.02319626760662629,0.08558779946876328
ergo_adaptive,26.83333333333337,0.022990348949914318,0.08555851640098174
ergo_adaptive,26.91666666666663,0.02172825548867632,0.08552644000110458
ergo_adaptive,27.0,0.02151167161790816,0.08557708159529259
ergo_adaptive,27.08333333333337,0.020436706756125616,0.08573438224295202
ergo_adaptive,27.16666666666663,0.019861555496867443,0.08592716164995146
ergo_adaptive,27.25,0.021873211106203872,0.08609909099606788
ergo_adaptive,27.33333333333337,0.021577422460594044,0.08622601774184988
ergo_adaptive,27.41666666666663,0.02109569619447063,0.08632506919695644
ergo_adaptive,27.5,0.02044849136636167,0.08642877708251721
ergo_adaptive,27.58333333333337,0.023029231800669854,0.0865362430835304
ergo_adaptive,27.66666666666663,0.02391058048810918,0.08659345267672651
ergo_adaptive,27.75,0.0238688581613338,0.08659829907228386
ergo_adaptive,27.83333333333337,0.021281213632643375,0.08658454937600743
ergo_adaptive,27.91666666666663,0.02261889464003411,0.08658205213548113
ergo_adaptive,28.0,0.021243527312774752,0.08655825818005125
ergo_adaptive,28.08333333333337,0.017829150194697947,0.0865105228420328
ergo_adaptive,28.16666666666663,0.019319395455499544,0.08655521909159358
ergo_adaptive,28.25,0.017350900364150088,0.08666560197215058
ergo_adaptive,28.33333333333337,0.014219452598463944,0.08677734899192194
ergo_adaptive,28.41666666666663,0.015499191242761147,0.08686281331342927
ergo_adaptive,28.5,0.012945302568772842,0.08691707826499619
ergo_adaptive,28.58333333333337,0.012237956198705371,0.08695183367154345
ergo_adaptive,28.66666666666663,0.012869362849708446,0.08698913198592824
ergo_adaptive,28.75,0.015124108595561316,0.08702078093359647
ergo_adaptive,28.83333333333337,0.013736802361712068,0.08701411161425801
ergo_adaptive,28.91666666666663,0.015534035558476978,0.08698196359002495
ergo_adaptive,29.0,0.018203594570249695,0.08695783700476009
ergo_adaptive,29.08333333333337,0.017297191619990677,0.08693471205025116
ergo_adaptive,29.16666666666663,0.014727424540192975,0.0868647245873224
ergo_adaptive,29.25,0.019856495369126786,0.0867601103100718
ergo_adaptive,29.33333333333337,0.01983484983379103,0.08665831623622433
ergo_adaptive,29.41666666666663,0.0166692858395973,0.08658116192819185
ergo_adaptive,29.5,0.016812555078930775,0.08651892684528723
ergo_adaptive,29.58333333333337,0.017723188761553512,0.08644961676197989
ergo_adaptive,29.66666666666663,0.015377885268005183,0.0863768166094446
ergo_adaptive,29.75,0.016282344009296196,0.08632986504007813
ergo_adaptive,29.83333333333337,0.01765665761682884,0.08631703622464403
ergo_adaptive,29.91666666666663,0.01723846972033828,0.08628551399928337
ergo_adaptive,30.0,0.015024132957800355,0.08621554914505411
ergo_adaptive,30.08333333333337,0.016960740696321315,0.08615505326486925
ergo_adaptive,30.16666666666663,0.019119364076813333,0.08615786218790113
ergo_adaptive,30.25,0.017967503052509434,0.08614969324611332
ergo_adaptive,30.33333333333337,0.01839739380257735,0.0860902089257721
ergo_adaptive,30.41666666666663,0.017667083488612127,0.08603016485720896
ergo_adaptive,30.5,0.019456074343102824,0.08602595011607547
ergo_adaptive,30.58333333333337,0.01821436585882161,0.08606721850153261
ergo_adaptive,30.66666666666663,0.01780922337780893,0.08608284821064323
ergo_adaptive,30.75,0.01965039798182363,0.08608797271636182
ergo_adaptive,30.83333333333337,0.01744559927271535,0.0861133714602961
ergo_adaptive,30.91666666666663,0.016324920753845732,0.08615168427375386
ergo_adaptive,31.0,0.014930184799777261,0.08622772107600678
ergo_adaptive,31.08333333333337,0.012446640773241252,0.08634362762612979
ergo_adaptive,31.16666666666663,0.011733196513760424,0.08647970399901482
ergo_adaptive,31.25,0.01333893683510996,0.08661895476474561
ergo_adaptive,31.33333333333337,0.015495103146924321,0.08675009744309126
ergo_adaptive,31.41666666666663,0.01574195753219158,0.08686458743439841
ergo_adaptive,31.5,0.013960629473827828,0.08695435878338574
ergo_adaptive,31.58333333333337,0.014674850221324288,0.087025781790073
ergo_adaptive,31.66666666666663,0.011877476910209017,0.08710064962599463
ergo_adaptive,31.75,0.013908924102747359,0.0871723535360798
ergo_adaptive,31.83333333333337,0.013886225005602581,0.08720813493387936
ergo_adaptive,31.91666666666663,0.012393558146114826,0.08721697908652828
ergo_adaptive,32.0,0.013716840294606953,0.0872264249332475
ergo_adaptive,32.08333333333337,0.014953444548268309,0.08725087918039222
ergo_adaptive,32.16666666666663,0.014774497645836255,0.08725498335580661
ergo_adaptive,32.25,0.012568065609732256,0.0872313536616359
ergo_adaptive,32.33333333333337,0.012276687468037357,0.0871951713927416
ergo_adaptive,32.41666666666663,0.013680894683222982,0.0871698700352262
ergo_adaptive,32.5,0.018317774206369205,0.08714302688054185
ergo_adaptive,32.58333333333337,0.01797167329797794,0.08708033328486824
ergo_adaptive,32.66666666666663,0.018884508472878814,0.086992938177506
ergo_adaptive,32.75,0.01957598009591784,0.08691691706889802
ergo_adaptive,32.83333333333337,0.016721430506466052,0.08687366297963223
ergo_adaptive,32.91666666666663,0.016114495550773218,0.08681347166669376
ergo_adaptive,33.0,0.018059969861368628,0.08673548095317009
ergo_adaptive,33.08333333333337,0.01776144393715702,0.08667151684179643
ergo_adaptive,33.16666666666663,0.019144925772964894,0.08663228006835531
ergo_adaptive,33.25,0.017272967786352986,0.08657769624048355
ergo_adaptive,33.33333333333337,0.019989504528483443,0.08649690124740601
ergo_adaptive,33.41666666666663,0.018218463747879127,0.08640410299641672
ergo_adaptive,33.5,0.01786184767679059,0.08630421151930906
ergo_adaptive,33.58333333333337,0.01700902589401936,0.08619518219959099
ergo_adaptive,33.66666666666663,0.018660477557688793,0.08607296860199598
ergo_adaptive,33.75,0.017298437055807844,0.08593231339120477
ergo_adaptive,33.83333333333337,0.01771150852706571,0.08580462238532567
ergo_adaptive,33.91666666666663,0.019842260651955865,0.0857089108784119
ergo_adaptive,34.0,0.020628631102223228,0.08559031326106134
ergo_adaptive,34.08333333333337,0.019366850996461734,0.08540989544119425
ergo_adaptive,34.16666666666663,0.019995281345303394,0.08520609653588296
ergo_adaptive,34.25,0.021877192340365885,0.0850233646789731
ergo_adaptive,34.33333333333337,0.01912847580145828,0.08486367797394376
ergo_adaptive,34.41666666666663,0.021586766583390538,0.08469219770418264
ergo_adaptive,34.5,0.020547473810790806,0.08450333123915207
ergo_adaptive,34.58333333333337,0.021328979115507553,0.08431743971878966
ergo_adaptive,34.66666666666663,0.023098361880801926,0.0841516022460488
ergo_adaptive,34.75,0.022288420052852295,0.0839838344005356
ergo_adaptive,34.83333333333337,0.02167468754480405,0.08379103691509805
ergo_adaptive,34.91666666666663,0.022167213311287896,0.08358758438055777
ergo_adaptive,35.0,0.02500087692906383,0.08339845551615868
ergo_adaptive,35.08333333333337,0.025527002952082944,0.08321494604992113
ergo_adaptive,35.16666666666663,0.026045886619877112,0.0830094286050518
ergo_adaptive,35.25,0.025322543608250432,0.08278443685993354
ergo_adaptive,35.33333333333337,0.02786331882614725,0.08256931249494875
ergo_adaptive,35.41666666666663,0.028787073868642817,0.08237392384123184
ergo_adaptive,35.5,0.02794453966942202,0.08216569798287873
ergo_adaptive,35.58333333333337,0.02537140050234999,0.08192486877588642
ergo_adaptive,35.66666666666663,0.02485043332843775,0.0816851373625318
ergo_adaptive,35.75,0.02293128924613123,0.08148302766331998
ergo_adaptive,35.83333333333337,0.025707666046189206,0.08127900149912658
ergo_adaptive,35.91666666666663,0.026775993402581754,0.0810282264834179
ergo_adaptive,36.0,0.025056936807359494,0.08076040629713901
ergo_adaptive,36.08333333333337,0.028668630957478985,0.08053608503773722
ergo_adaptive,36.16666666666663,0.027052733314221086,0.08034927583966171
ergo_adaptive,36.25,0.026295814771861364,0.08010628211414315
ergo_adaptive,36.33333333333337,0.02596632798669057,0.07981547614586422
ergo_adaptive,36.41666666666663,0.027019966761215743,0.07956535800323156
ergo_adaptive,36.5,0.025972232814435253,0.07939863654073884
ergo_adaptive,36.58333333333337,0.029568376648432808,0.0791774022355921
ergo_adaptive,36.66666666666663,0.028016915550543097,0.07887859229631046
ergo_adaptive,36.75,0.02671645248000648,0.07858899091370831
ergo_adaptive,36.83333333333337,0.02543913070350239,0.07840815165693678
ergo_adaptive,36.91666666666663,0.027467897570788682,0.07825550774551698
ergo_adaptive,37.0,0.025923179762992445,0.07799866570010854
ergo_adaptive,37.08333333333337,0.03376880175533213,0.07770841559608258
ergo_adaptive,37.16666666666663,0.034291292702598015,0.07748405756689375
ergo_adaptive,37.25,0.03422169067003954,0.07731436644565655
ergo_adaptive,37.33333333333337,0.03190705774167175,0.07706482671155884
ergo_adaptive,37.41666666666663,0.03199742323989418,0.0767469750438335
ergo_adaptive,37.5,0.031161966314905608,0.07643719562035446
ergo_adaptive,37.58333333333337,0.030432400149260536,0.0761788848387688
ergo_adaptive,37.66666666666663,0.03313965392249356,0.07594674798317276
ergo_adaptive,37.75,0.032064679259694945,0.07568629264385586
ergo_adaptive,37.83333333333337,0.0331308178621301,0.07541235086883716
ergo_adaptive,37.91666666666663,0.03271060245931771,0.07516084529494678
ergo_adaptive,38.0,0.03248862989073412,0.07493526344804025
ergo_adaptive,38.08333333333337,0.031823203006403414,0.07470317220021792
ergo_adaptive,38.16666666666663,0.032988469899636025,0.07446863713085156
ergo_adaptive,38.25,0.030913062483888133,0.07424864229238169
ergo_adaptive,38.33333333333337,0.03146650323082648,0.07419420682220275
ergo_adaptive,38.41666666666663,0.03264737043851055,0.07430852370662056
ergo_adaptive,38.5,0.033932064837077384,0.07445246130098013
ergo_adaptive,38.58333333333337,0.032825848191562805,0.07447143637570473
ergo_adaptive,38.66666666666663,0.03342649363574295,0.07464278030548709
ergo_adaptive,38.75,0.03361807790353811,0.07480160444229009
ergo_adaptive,38.83333333333337,0.032198623408032555,0.07500295438237448
ergo_adaptive,38.91666666666663,0.03209604855048878,0.0752654941661966
ergo_adaptive,39.0,0.029034798845863498,0.07549793998779013
ergo_adaptive,39.08333333333337,0.031197122360054935,0.07568410544894609
ergo_adaptive,39.16666666666663,0.033096605576403815,0.07584673914404695
ergo_adaptive,39.25,0.03400889893008042,0.07602765034506186
ergo_adaptive,39.33333333333337,0.034949137789400585,0.07621466707412018
ergo_adaptive,39.41666666666663,0.033156431398473685,0.0764356277549762
ergo_adaptive,39.5,0.033748667019125066,0.0766488322709445
ergo_adaptive,39.58333333333337,0.03186649226666374,0.07677657553895953
ergo_adaptive,39.66666666666663,0.03302255575681353,0.0768397171848341
ergo_adaptive,39.75,0.03314700747368319,0.07688283607362371
ergo_adaptive,39.83333333333337,0.03342202739855526,0.07697497323940349
ergo_adaptive,39.91666666666663,0.03415064476651393,0.07711954212083764
ergo_adaptive,40.0,0.034968985958995204,0.07728763924612346
ergo_adaptive,40.08333333333337,0.03375570629357843,0.07745577343569766
ergo_adaptive,40.16666666666663,0.031616540213333516,0.07762647808460683
ergo_adaptive,40.25,0.030586576246417745,0.07779225775962981
ergo_adaptive,40.33333333333337,0.030379457922764464,0.07794484677292408
ergo_adaptive,40.41666666666663,0.03318797052316271,0.07799340062479967
ergo_adaptive,40.5,0.031956653403922765,0.07795080671609193
ergo_adaptive,40.58333333333337,0.029976515198555386,0.07787267508843441
ergo_adaptive,40.66666666666663,0.02873502283796099,0.07782969765833245
ergo_adaptive,40.75,0.029503408372742505,0.07779085895115569
ergo_adaptive,40.83333333333337,0.029202417130644358,0.077719079818866
ergo_adaptive,40.91666666666663,0.027248311717098156,0.07763770302064814
ergo_adaptive,41.0,0.03133878680384067,0.07759158206051696
ergo_adaptive,41.08333333333337,0.02944214759291084,0.07767273871928149
ergo_adaptive,41.16666666666663,0.029256526418002728,0.07777146484932476
ergo_adaptive,41.25,0.03025499088051944,0.07783755276199193
ergo_adaptive,41.33333333333337,0.030063824719207925,0.0779077874422162
ergo_adaptive,41.41666666666663,0.029745524869047076,0.07804697067957463
ergo_adaptive,41.5,0.030870626471882233,0.0782046221767511
ergo_adaptive,41.58333333333337,0.03156872818734298,0.07838486977272084
ergo_adaptive,41.66666666666663,0.03117885803744429,0.07853588805209022
ergo_adaptive,41.75,0.033416297420154846,0.07865696440991209
ergo_adaptive,41.83333333333337,0.034249273652472934,0.07876489160108195
ergo_adaptive,41.91666666666663,0.03376434289487985,0.07888167244619648
ergo_adaptive,42.0,0.03039082423727481,0.07898690281465393
ergo_adaptive,42.08333333333337,0.03179389914597898,0.07913553218833688
ergo_adaptive,42.16666666666663,0.03203069114893822,0.07931281605991108
ergo_adaptive,42.25,0.03291474158032966,0.07946317295191528
ergo_adaptive,42.33333333333337,0.031148601809232738,0.07962228092975648
ergo_adaptive,42.41666666666663,0.030368106210059878,0.0797616152532415
ergo_adaptive,42.5,0.031525099968190064,0.07986519272255897
ergo_adaptive,42.58333333333337,0.03029352789964822,0.07994774883918014
ergo_adaptive,42.66666666666663,0.033679365619487395,0.08000854662951554
ergo_adaptive,42.75,0.031807769677778104,0.08011189327723917
ergo_adaptive,42.83333333333337,0.03343974715817839,0.08017324017964703
ergo_adaptive,42.91666666666663,0.03234249142924059,0.08015764711661406
ergo_adaptive,43.0,0.03291490471885894,0.08008096454388361
ergo_adaptive,43.08333333333337,0.03360336645261118,0.0799935640221407
ergo_adaptive,43.16666666666663,0.03265789031436724,0.07994081425504462
ergo_adaptive,43.25,0.033264161775091276,0.07999975131540163
ergo_adaptive,43.33333333333337,0.03153095581732087,0.08010898112635273
ergo_adaptive,43.41666666666663,0.029999305784976164,0.08021999325868416
ergo_adaptive,43.5,0.028339416036217254,0.0803549487683949
ergo_adaptive,43.58333333333337,0.030493066987454697,0.08044563675585324
ergo_adaptive,43.66666666666663,0.0299246574952392,0.0805493886124201
ergo_adaptive,43.75,0.028599809060617428,0.08067849438875127
ergo_adaptive,43.83333333333337,0.027045028750901697,0.08074154104336491
ergo_adaptive,43.91666666666663,0.02833500508944112,0.08085998102754176
ergo_adaptive,44.0,0.028296293738869518,0.08101982679835587
ergo_adaptive,44.08333333333337,0.02529585458115639,0.08114766267768372
ergo_adaptive,44.16666666666663,0.023664532850096287,0.08128602165174727
ergo_adaptive,44.25,0.0256017044320723,0.08139927154672116
ergo_adaptive,44.33333333333337,0.025168345927367296,0.0813645827237714
ergo_adaptive,44.41666666666663,0.02483274321299967,0.08120879920613143
ergo_adaptive,44.5,0.02585483218268029,0.08100911021678868
ergo_adaptive,44.58333333333337,0.03265139287219155,0.08082111486647198
ergo_adaptive,44.66666666666663,0.031160170037802144,0.08067863164024718
ergo_adaptive,44.75,0.03295376046812688,0.08060498889136744
ergo_adaptive,44.83333333333337,0.03049254491786868,0.0805161188344912
ergo_adaptive,44.91666666666663,0.03099062701832439,0.08034487100933177
ergo_adaptive,45.0,0.028039406034951905,0.08014055989252238
ergo_adaptive,45.08333333333337,0.029147614528276983,0.07995390661291199
ergo_adaptive,45.16666666666663,0.027467545822534117,0.07979526076323903
ergo_adaptive,45.25,0.025523185137733342,0.07964756100019696
ergo_adaptive,45.33333333333337,0.022842557654467414,0.07969241943695284
ergo_adaptive,45.41666666666663,0.021301201988376765,0.07983236692805662
ergo_adaptive,45.5,0.024096246647511588,0.07997914557133974
ergo_adaptive,45.58333333333337,0.02319093534246769,0.08009381767386008
ergo_adaptive,45.66666666666663,0.024014584725293428,0.08018785801823532
ergo_adaptive,45.75,0.023061713994209847,0.08028501975012116
ergo_adaptive,45.83333333333337,0.02264229570079516,0.08031035316043489
ergo_adaptive,45.91666666666663,0.02075486140984651,0.08024849504388146
ergo_adaptive,46.0,0.022807710746250848,0.08014683877401822
ergo_adaptive,46.08333333333337,0.020187844173754875,0.08003769135931003
ergo_adaptive,46.16666666666663,0.022270158621182708,0.07995733626300092
ergo_adaptive,46.25,0.02411092188854489,0.07991713874113604
ergo_adaptive,46.33333333333337,0.023568675835081918,0.079982765492176
ergo_adaptive,46.41666666666663,0.023006305317742556,0.0800969848729386
ergo_adaptive,46.5,0.021392273931743203,0.08023315692991131
ergo_adaptive,46.58333333333337,0.017554825112020982,0.08033139290245195
ergo_adaptive,46.66666666666663,0.017855336461698297,0.08044994730056655
ergo_adaptive,46.75,0.014992067492304006,0.08057194940804867
ergo_adaptive,46.83333333333337,0.01675983726094976,0.0806877237647867
ergo_adaptive,46.91666666666663,0.01862929192317505,0.0808380422728948
ergo_adaptive,47.0,0.016823099745420126,0.08098035508336891
ergo_adaptive,47.08333333333337,0.020133782475179923,0.081146123994348
ergo_adaptive,47.16666666666663,0.01944174908065707,0.08130539501522065
ergo_adaptive,47.25,0.020137266040373622,0.08141694311124385
ergo_adaptive,47.33333333333337,0.02021436329096566,0.0814716294089986
ergo_adaptive,47.41666666666663,0.02033031908946713,0.08148946587492274
ergo_adaptive,47.5,0.019761246121857423,0.08150433365935877
ergo_adaptive,47.58333333333337,0.019315493190997006,0.08151551907625496
ergo_adaptive,47.66666666666663,0.02140067207277821,0.08149479999439405
ergo_adaptive,47.75,0.018301315254870706,0.08143669362810978
ergo_adaptive,47.83333333333337,0.017049511669416484,0.08149197183018377
ergo_adaptive,47.91666666666663,0.017169121778029865,0.08162392638277331
ergo_adaptive,48.0,0.018553323447550507,0.08179108029586427
ergo_adaptive,48.08333333333337,0.017446317525253816,0.0819520374871738
ergo_adaptive,48.16666666666663,0.014764936793958378,0.08208213525576434
ergo_adaptive,48.25,0.014169648457147039,0.08218024807523674
ergo_adaptive,48.33333333333337,0.016612367886940062,0.08225011300242388
ergo_adaptive,48.41666666666663,0.02044607457235007,0.08228899299152617
ergo_adaptive,48.5,0.019713237793434618,0.08229113279392708
ergo_adaptive,48.58333333333337,0.021319581853992006,0.0822489728578563
ergo_adaptive,48.66666666666663,0.018810994413721072,0.08218110512798646
ergo_adaptive,48.75,0.016517399168183435,0.08213249570754098
ergo_adaptive,48.83333333333337,0.02133624826805401,0.08210891073147233
ergo_adaptive,48.91666666666663,0.023365202303405587,0.08203012995988378
ergo_adaptive,49.0,0.02230668400333677,0.08189835766198299
ergo_adaptive,49.08333333333337,0.02190455365930043,0.08177315437868504
ergo_adaptive,49.16666666666663,0.021929686741705468,0.08168136375277318
ergo_adaptive,49.25,0.019301335605107026,0.08157904142581308
ergo_adaptive,49.33333333333337,0.022783300721900168,0.08145485964581406
ergo_adaptive,49.41666666666663,0.023588725173738678,0.08131314242655634
ergo_adaptive,49.5,0.025132260866051227,0.08118886065091338
ergo_adaptive,49.58333333333337,0.021755755138519656,0.0810768837844525
ergo_adaptive,49.66666666666663,0.021328681827287123,0.08095469208065698
ergo_adaptive,49.75,0.021293773013194545,0.08082175031139911
ergo_adaptive,49.83333333333337,0.024785690833274757,0.08071039779301378
ergo_adaptive,49.91666666666663,0.024902468085980765,0.08063142871773964
ergo_adaptive,50.0,0.025742869409155177,0.08054065805402291
ergo_adaptive,50.08333333333337,0.02413854187883523,0.08040250116547128
ergo_adaptive,50.16666666666663,0.025810325589186486,0.08025564570439062
ergo_adaptive,50.25,0.023635095408737865,0.08015604321553954
ergo_adaptive,50.33333333333337,0.021868400901533865,0.08010026443094212
ergo_adaptive,50.41666666666663,0.021399652509371595,0.08011016375483326
ergo_adaptive,50.5,0.018805217714718322,0.08016314054476546
ergo_adaptive,50.58333333333337,0.019592019815593414,0.08031247374982266
ergo_adaptive,50.66666666666663,0.02101932584372981,0.08049145157125248
ergo_adaptive,50.75,0.020616347410439273,0.08065774623827678
ergo_adaptive,50.83333333333337,0.020991002811067118,0.08081324633266224
ergo_adaptive,50.91666666666663,0.02125113572168563,0.08094980715250445
ergo_adaptive,51.0,0.020102773500490025,0.08105623712372474
ergo_adaptive,51.08333333333337,0.022719707005457095,0.08113847809701574
ergo_adaptive,51.16666666666663,0.019628806448148173,0.08121178720343468
ergo_adaptive,51.25,0.019693359594897836,0.08129699138002673
ergo_adaptive,51.33333333333337,0.02046567388319765,0.08139459074454905
ergo_adaptive,51.41666666666663,0.019342029039836693,0.08145725672316127
ergo_adaptive,51.5,0.017978017751943253,0.08156721092447597
ergo_adaptive,51.58333333333337,0.01835611465428306,0.08174610269842786
ergo_adaptive,51.66666666666663,0.014978110216795777,0.08194815660181333
ergo_adaptive,51.75,0.01566700210477856,0.0821185588882438
ergo_adaptive,51.83333333333337,0.01730290523696912,0.08222647530983931
ergo_adaptive,51.91666666666663,0.018157399504021475,0.08227475521378426
ergo_adaptive,52.0,0.018849350949343445,0.08230087904643883
ergo_adaptive,52.08333333333337,0.01445779037394589,0.0822837995074182
ergo_adaptive,52.16666666666663,0.01186075009510067,0.08218323998088489
ergo_adaptive,52.25,0.009948418544498796,0.08204664480540232
ergo_adaptive,52.33333333333337,0.013114640582787688,0.08194397667731408
ergo_adaptive,52.41666666666663,0.01893803565803868,0.08186162972481228
ergo_adaptive,52.5,0.02068841942016501,0.08175899576307259
ergo_adaptive,52.58333333333337,0.018029444164437008,0.08162824170289747
ergo_adaptive,52.66666666666663,0.018178995221793375,0.08150183480321747
ergo_adaptive,52.75,0.013269912102056282,0.08139863086158784
ergo_adaptive,52.83333333333337,0.013001204350526591,0.08130423498170607
ergo_adaptive,52.91666666666663,0.012687870537618164,0.08120411603777322
ergo_adaptive,53.0,0.011953801118140638,0.08111039915967434
ergo_adaptive,53.08333333333337,0.013879778663607824,0.08118522005849839
ergo_adaptive,53.16666666666663,0.014667293164503733,0.08126396805920029
ergo_adaptive,53.25,0.0144194811550687,0.08130777900767962
ergo_adaptive,53.33333333333337,0.015266525637016895,0.08132561464997635
ergo_adaptive,53.41666666666663,0.015718674357950314,0.08130701969079325
ergo_adaptive,53.5,0.014193244002703555,0.08126076901135158
ergo_adaptive,53.58333333333337,0.018352357545743908,0.08121401855970063
ergo_adaptive,53.66666666666663,0.02139370396062488,0.08116960745039388
ergo_adaptive,53.75,0.020061586403418423,0.08112750641917042
ergo_adaptive,53.83333333333337,0.01936764082753705,0.08109209892242951
ergo_adaptive,53.91666666666663,0.017811364176722716,0.08105512849802937
ergo_adaptive,54.0,0.019551615456113086,0.08102075788044094
ergo_adaptive,54.08333333333337,0.019170065884999123,0.08099779895482093
ergo_adaptive,54.16666666666663,0.018410588964808502,0.08097558613961242
ergo_adaptive,54.25,0.015160345046777917,0.08094466569999485
ergo_adaptive,54.33333333333337,0.013962216211562503,0.08106687074616083
ergo_adaptive,54.41666666666663,0.01445210060004071,0.08126582647294964
ergo_adaptive,54.5,0.01780380993418861,0.08147149593603627
ergo_adaptive,54.58333333333337,0.019772820315294308,0.08164552905239188
ergo_adaptive,54.66666666666663,0.018725510003771737,0.08178070674870488
ergo_adaptive,54.75,0.019625211720718808,0.08187927462111376
ergo_adaptive,54.83333333333337,0.016917305738315562,0.08193977775922492
ergo_adaptive,54.91666666666663,0.01722871553330228,0.08204041856999002
ergo_adaptive,55.0,0.018432818494070004,0.08215139439256831
ergo_adaptive,55.08333333333337,0.016495968222341034,0.08223672860305331
ergo_adaptive,55.16666666666663,0.016100547187278345,0.08233128547037258
ergo_adaptive,55.25,0.016916320674008455,0.08240357513151297
ergo_adaptive,55.33333333333337,0.017306662804145598,0.082429735402772
ergo_adaptive,55.41666666666663,0.018802531137490808,0.08242243894484082
ergo_adaptive,55.5,0.01922872099966418,0.08240065352225573
ergo_adaptive,55.58333333333337,0.019678297727913473,0.08236485893772773
ergo_adaptive,55.66666666666663,0.022283914341495032,0.08232657224767811
ergo_adaptive,55.75,0.019838093174476847,0.08230904195515223
ergo_adaptive,55.83333333333337,0.018712754639789442,0.08232909662236026
ergo_adaptive,55.91666666666663,0.021454206431579893,0.08237252568508019
ergo_adaptive,56.0,0.020381418011867082,0.08240140532798805
ergo_adaptive,56.08333333333337,0.01870696353297794,0.08240779816515571
ergo_adaptive,56.16666666666663,0.02073564017715677,0.0824260024489898
ergo_adaptive,56.25,0.018328976870759045,0.08246957068739637
ergo_adaptive,56.33333333333337,0.01828975464619378,0.08246532629529285
ergo_adaptive,56.41666666666663,0.020678943792816575,0.08240494799296233
ergo_adaptive,56.5,0.021331521209604177,0.08230965390749229
ergo_adaptive,56.58333333333337,0.022271157970127194,0.08224547492314128
ergo_adaptive,56.66666666666663,0.018925372368426445,0.0821983241423433
ergo_adaptive,56.75,0.01864383953217969,0.08212551047447922
ergo_adaptive,56.83333333333337,0.01874981253202115,0.08205681524453663
ergo_adaptive,56.91666666666663,0.02259243778849292,0.0820179583269483
ergo_adaptive,57.0,0.018293094784219324,0.08200686404500963
ergo_adaptive,57.08333333333337,0.02014916086651972,0.08202572777236314
ergo_adaptive,57.16666666666663,0.02101926705331164,0.08207579948289273
ergo_adaptive,57.25,0.02081826099906664,0.08210512062001146
ergo_adaptive,57.33333333333337,0.022914686689191846,0.08209031149601466
ergo_adaptive,57.41666666666663,0.02287109465207755,0.0820445206447061
ergo_adaptive,57.5,0.022091952198864593,0.08198835852414069
ergo_adaptive,57.58333333333337,0.02347921238509804,0.08193249195664254
ergo_adaptive,57.66666666666663,0.02262687836913753,0.08187096850991601
ergo_adaptive,57.75,0.020549235121980744,0.08179974043178925
ergo_adaptive,57.83333333333337,0.01841238437631141,0.08175522109201226
ergo_adaptive,57.91666666666663,0.022220735822663925,0.08182827023708047
ergo_adaptive,58.0,0.022059884886290612,0.08191780896524006
ergo_adaptive,58.08333333333337,0.022520560625905486,0.08198245218757168
ergo_adaptive,58.16666666666663,0.02223436049876739,0.08198821104458262
ergo_adaptive,58.25,0.02103362539907271,0.08192798820889814
ergo_adaptive,58.33333333333337,0.02118596651502547,0.08199775472111198
ergo_adaptive,58.41666666666663,0.02039213609310116,0.08216818465841
ergo_adaptive,58.5,0.020213924129472413,0.08237442535840628
ergo_adaptive,58.58333333333337,0.020427233572072007,0.082520172774936
ergo_adaptive,58.66666666666663,0.022049310031441723,0.08260034858652988
ergo_adaptive,58.75,0.02132287375099095,0.08264009845145204
ergo_adaptive,58.83333333333337,0.02126378402495566,0.08266762168034558
ergo_adaptive,58.91666666666663,0.01881571518419452,0.08270557742917174
ergo_adaptive,59.0,0.017670828752079377,0.08277088115492741
ergo_adaptive,59.08333333333337,0.02106149461821433,0.08282912085902104
ergo_adaptive,59.16666666666663,0.021718169857143064,0.0828608202454215
ergo_adaptive,59.25,0.02278503468470882,0.08288205284317655
ergo_adaptive,59.33333333333337,0.018240937225498077,0.08291154078410039
ergo_adaptive,59.41666666666663,0.018932903083464955,0.0829554012122814
ergo_adaptive,59.5,0.022252876476552882,0.08300274162206502
ergo_adaptive,59.58333333333337,0.02138028280943672,0.08304530548220819
ergo_adaptive,59.66666666666663,0.018976140947300386,0.08308285902442923
ergo_adaptive,59.75,0.01961043312970003,0.08313118919019896
ergo_adaptive,59.83333333333337,0.017643546900967658,0.08318231933617742
ergo_adaptive,59.91666666666663,0.01767130162602,0.0831947643998195
ergo_adaptive,60.0,0.01451231530550042,0.08317495434659215
ergo_adaptive,60.08333333333337,0.012718612095698972,0.08325348701258069
ergo_adaptive,60.16666666666663,0.014336285828954142,0.0834047392272369
ergo_adaptive,60.25,0.015370406349781245,0.08359011997491334
ergo_adaptive,60.33333333333337,0.01722611808249553,0.08372813968951023
ergo_adaptive,60.41666666666663,0.01807699867686821,0.08378576320838006
ergo_adaptive,60.5,0.0153279982078279,0.08378757556010731
ergo_adaptive,60.58333333333337,0.014706285284822703,0.08380992810948752
ergo_adaptive,60.66666666666663,0.016716172029686043,0.08384276114857134
ergo_adaptive,60.75,0.01794416706367458,0.08382049458020688
ergo_adaptive,60.83333333333337,0.017234534074975227,0.08375622473492636
ergo_adaptive,60.91666666666663,0.01957457238573702,0.08369930164133495
ergo_adaptive,61.0,0.018529993911349067,0.08367637475962926
ergo_adaptive,61.08333333333337,0.019310269653198636,0.08362122815825565
ergo_adaptive,61.16666666666663,0.020305928840509704,0.08350209191821081
ergo_adaptive,61.25,0.023715206936766788,0.08336761801489077
ergo_adaptive,61.33333333333337,0.02200315441498655,0.08326376083122244
ergo_adaptive,61.41666666666663,0.020144953380746948,0.08314880653532554
ergo_adaptive,61.5,0.017496089884803234,0.08297171786711964
ergo_adaptive,61.58333333333337,0.019662148911703283,0.08276778833571763
ergo_adaptive,61.66666666666663,0.017392793110253237,0.08257173777243837
ergo_adaptive,61.75,0.018793957379742238,0.08239525841422532
ergo_adaptive,61.83333333333337,0.020230961103320337,0.08220353336248072
ergo_adaptive,61.91666666666663,0.017783537889537876,0.08198514192947323
ergo_adaptive,62.0,0.020799888565194533,0.0817640119612234
ergo_adaptive,62.08333333333337,0.021406787888185584,0.08156698254342132
ergo_adaptive,62.16666666666663,0.019775405916648534,0.08138593893431835
ergo_adaptive,62.25,0.020450264638283415,0.08119057898627384
ergo_adaptive,62.33333333333337,0.016863081753083705,0.08098855871346848
ergo_adaptive,62.41666666666663,0.01682259536781774,0.08082465823618326
ergo_adaptive,62.5,0.019629026260330713,0.0806811813416217
ergo_adaptive,62.58333333333337,0.020682553477513823,0.08051721056828813
ergo_adaptive,62.66666666666663,0.021570762940648053,0.08032240370793263
ergo_adaptive,62.75,0.020232414404278126,0.08012445586217393
ergo_adaptive,62.83333333333337,0.02086606177082525,0.0799522489988359
ergo_adaptive,62.91666666666663,0.018001452265003083,0.07978148863644145
ergo_adaptive,63.0,0.015646682803749125,0.07960365997547861
ergo_adaptive,63.08333333333337,0.01645996979850899,0.07965024453974859
ergo_adaptive,63.16666666666663,0.016408482693366734,0.07980225591681132
ergo_adaptive,63.25,0.020170115751108542,0.0799727102355339
ergo_adaptive,63.33333333333337,0.021879049703698025,0.08013249055860357
ergo_adaptive,63.41666666666663,0.022142844902345447,0.08026402915169426
ergo_adaptive,63.5,0.021493203449752814,0.08026678848471393
ergo_adaptive,63.58333333333337,0.02174544243268909,0.0801555430744879
ergo_adaptive,63.66666666666663,0.01778396464677611,0.07999124169628918
ergo_adaptive,63.75,0.018592385525534334,0.08000861258231393
ergo_adaptive,63.83333333333337,0.0184413235668717,0.08010368648817436
ergo_adaptive,63.91666666666663,0.01898659716751025,0.08022551257698528
ergo_adaptive,64.0,0.0186985924269439,0.08034301848184346
ergo_adaptive,64.08333333333337,0.018155636868170167,0.08042920722837091
ergo_adaptive,64.16666666666663,0.01677674251426585,0.08048879875568105
ergo_adaptive,64.25,0.017444297586020133,0.08057109900677628
ergo_adaptive,64.33333333333337,0.015002791262816879,0.08068103229731602
ergo_adaptive,64.41666666666663,0.017397487524168417,0.08074321566962446
ergo_adaptive,64.5,0.019062279702755286,0.08075074513679656
ergo_adaptive,64.58333333333337,0.014606783514121304,0.0807422868185194
ergo_adaptive,64.66666666666663,0.01386352254093294,0.08076606759040923
ergo_adaptive,64.75,0.015157585852480893,0.0807782620119394
ergo_adaptive,64.83333333333337,0.017207817749176083,0.08074315092718079
ergo_adaptive,64.91666666666663,0.016158010426871587,0.08068580643343899
ergo_adaptive,65.0,0.01453904860899454,0.08063890664930241
ergo_adaptive,65.08333333333337,0.014442357124216957,0.08060630581977753
ergo_adaptive,65.16666666666663,0.01435281006424867,0.08057108703533583
ergo_adaptive,65.25,0.013207135965210568,0.08052408891367421
ergo_adaptive,65.33333333333337,0.014719431018378172,0.08048805919428018
ergo_adaptive,65.41666666666663,0.01736464391315155,0.08047089486486345
ergo_adaptive,65.5,0.01395457182656783,0.08044215010621893
ergo_adaptive,65.58333333333337,0.014409146426850077,0.08041109915977161
ergo_adaptive,65.66666666666663,0.014534235700762456,0.08039341811471161
ergo_adaptive,65.75,0.011647216367403242,0.08042117338871464
ergo_adaptive,65.83333333333337,0.009926331330856419,0.08053597520363863
ergo_adaptive,65.91666666666663,0.009673115864754703,0.08071180688205326
ergo_adaptive,66.0,0.010078618822267446,0.08091017462265541
ergo_adaptive,66.08333333333337,0.009281853839752144,0.0810849232173943
ergo_adaptive,66.16666666666663,0.008921440125481095,0.08119027387459683
ergo_adaptive,66.25,0.007979258654534213,0.0812220833487179
ergo_adaptive,66.33333333333337,0.007998088904242358,0.0812245180465831
ergo_adaptive,66.41666666666663,0.010800408870405944,0.08121000835151553
ergo_adaptive,66.5,0.009929793723416827,0.08115333710007554
ergo_adaptive,66.58333333333337,0.015257228737790321,0.08108608189363745
ergo_adaptive,66.66666666666663,0.0132026586616254,0.08106517507655096
ergo_adaptive,66.75,0.012994244830199937,0.08109314368042417
ergo_adaptive,66.83333333333337,0.00998226229060529,0.08110887152361965
ergo_adaptive,66.91666666666663,0.010369496820895118,0.08110531572952405
ergo_adaptive,67.0,0.012335646658153546,0.08111382660302269
ergo_adaptive,67.08333333333337,0.008084650951173255,0.08115135723627746
ergo_adaptive,67.16666666666663,0.007996807747830187,0.08130690826066941
ergo_adaptive,67.25,0.008560795755443315,0.08149902907125162
ergo_adaptive,67.33333333333337,0.009493825441110078,0.08168011514037302
ergo_adaptive,67.41666666666663,0.010269951788456926,0.08184753231864145
ergo_adaptive,67.5,0.00980004119052306,0.08200282581519908
ergo_adaptive,67.58333333333337,0.008149737704394469,0.08209831226650073
ergo_adaptive,67.66666666666663,0.010896816511437892,0.08213245199148611
ergo_adaptive,67.75,0.01189817082639303,0.08213076244990829
ergo_adaptive,67.83333333333337,0.008458383899073118,0.0821324391989281
ergo_adaptive,67.91666666666663,0.006064404360329137,0.08214388556195922
ergo_adaptive,68.0,0.00837205812513049,0.082142075486384
ergo_adaptive,68.08333333333337,0.008369040550196038,0.08211973569390171
ergo_adaptive,68.16666666666663,0.008644630245694906,0.08208817844902193
ergo_adaptive,68.25,0.010820287428762024,0.08206629925905592
ergo_adaptive,68.33333333333337,0.010080583712783447,0.08207869587140859
ergo_adaptive,68.41666666666663,0.011316390529062028,0.08205383979411096
ergo_adaptive,68.5,0.010703154718910686,0.08195988025469156
ergo_adaptive,68.58333333333337,0.009878155826712672,0.0818492118073593
ergo_adaptive,68.66666666666663,0.01163310020571791,0.08178696161806621
ergo_adaptive,68.75,0.013594152845773382,0.0817725714270446
ergo_adaptive,68.83333333333337,0.015147779807226227,0.08173933989149995
ergo_adaptive,68.91666666666663,0.010974377663143383,0.08169223552274701
ergo_adaptive,69.0,0.01157782208720827,0.08165495810163027
ergo_adaptive,69.08333333333337,0.010425421092252751,0.08166211546021124
ergo_adaptive,69.16666666666663,0.0065845619470157836,0.08167006306628842
ergo_adaptive,69.25,0.0076683001215032175,0.08179912656869331
ergo_adaptive,69.33333333333337,0.011288294987849678,0.08197329034477699
ergo_adaptive,69.41666666666663,0.012884446901943339,0.0821343692138475
ergo_adaptive,69.5,0.010768276067003556,0.08226741557319892
ergo_adaptive,69.58333333333337,0.010424471795895588,0.08239063511411253
ergo_adaptive,69.66666666666663,0.009788716194790702,0.0825129517255932
ergo_adaptive,69.75,0.009354569997746401,0.08261236665544451
ergo_adaptive,69.83333333333337,0.009666925971074257,0.08266816892771793
ergo_adaptive,69.91666666666663,0.009218721261276161,0.08269129162833665
ergo_adaptive,70.0,0.01075917344007786,0.08270221831090499
ergo_adaptive,70.08333333333337,0.007987702624141536,0.08270094991155277
ergo_adaptive,70.16666666666663,0.007564968849115181,0.08267986811948982
ergo_adaptive,70.25,0.008242740969624164,0.08264978424605433
ergo_adaptive,70.33333333333337,0.011491994647944518,0.0826245084387447
ergo_adaptive,70.41666666666663,0.011669701184037989,0.08261869792389913
ergo_adaptive,70.5,0.013243641532215049,0.08264832646121843
ergo_adaptive,70.58333333333337,0.011764591112099048,0.08266249731598697
ergo_adaptive,70.66666666666663,0.01368920012017717,0.08264032855202567
ergo_adaptive,70.75,0.016015019405714728,0.08259721394066187
ergo_adaptive,70.83333333333337,0.012920781533436369,0.08255347219055023
ergo_adaptive,70.91666666666663,0.01363396211176882,0.08253036628786956
ergo_adaptive,71.0,0.012147139779505819,0.08255489901818744
ergo_adaptive,71.08333333333337,0.012989007857981709,0.08256180119396163
ergo_adaptive,71.16666666666663,0.009599412504525456,0.08252302544796171
ergo_adaptive,71.25,0.01119916936059494,0.08262269814350028
ergo_adaptive,71.33333333333337,0.011057144695684605,0.08271252142117588
ergo_adaptive,71.41666666666663,0.011745588058615664,0.08277478381933172
ergo_adaptive,71.5,0.01355391392021562,0.08282879555903878
ergo_adaptive,71.58333333333337,0.013000613900882422,0.08287343023561003
ergo_adaptive,71.66666666666663,0.013174190201900582,0.08290059151713226
ergo_adaptive,71.75,0.01381787810788497,0.08291591420411189
ergo_adaptive,71.83333333333337,0.013159278166776709,0.08293977221805343
ergo_adaptive,71.91666666666663,0.012616214552368502,0.08299095186228131
ergo_adaptive,72.0,0.014310123493668043,0.08313799952264556
ergo_adaptive,72.08333333333337,0.015767561252033987,0.08328975854411345
ergo_adaptive,72.16666666666663,0.013478707794171907,0.08341394256819022
ergo_adaptive,72.25,0.015928343669160912,0.0835646666151293
ergo_adaptive,72.33333333333337,0.017743724254486982,0.08369636055034764
ergo_adaptive,72.41666666666663,0.016252817907399915,0.08380511081554398
ergo_adaptive,72.5,0.018236988185117393,0.08391699734207617
ergo_adaptive,72.58333333333337,0.016780409735516786,0.08405037314311714
ergo_adaptive,72.66666666666663,0.016438760312849264,0.08419071953042365
ergo_adaptive,72.75,0.015302243345377643,0.08431259480597365
ergo_adaptive,72.83333333333337,0.01863956064353635,0.08443128078487097
ergo_adaptive,72.91666666666663,0.0196651799740319,0.08455100449854676
ergo_adaptive,73.0,0.019901146478588216,0.08468397351000788
ergo_adaptive,73.08333333333337,0.010729916899249327,0.0848324372588999
ergo_adaptive,73.16666666666663,0.01235258879930267,0.08503524155291449
ergo_adaptive,73.25,0.0141886854258622,0.08525211313593149
ergo_adaptive,73.33333333333337,0.014939553732487919,0.08545771080061346
ergo_adaptive,73.41666666666663,0.015425549618042364,0.085636370351967
ergo_adaptive,73.5,0.014564677756900145,0.08577683819831514
ergo_adaptive,73.58333333333337,0.01411683538354033,0.08588018277324036
ergo_adaptive,73.66666666666663,0.013217465170044669,0.08595308014482966
ergo_adaptive,73.75,0.014735508951802473,0.08599943648955981
ergo_adaptive,73.83333333333337,0.009817257202037914,0.08600681324883167
ergo_adaptive,73.91666666666663,0.009827117454749136,0.08598993038292908
ergo_adaptive,74.0,0.007687664800564013,0.08595848542849242
ergo_adaptive,74.08333333333337,0.007333898819017959,0.08592255042631385
ergo_adaptive,74.16666666666663,0.009878941855375871,0.0858775808916945
ergo_adaptive,74.25,0.011942193876829139,0.0858192164306317
ergo_adaptive,74.33333333333337,0.013025600170901661,0.08576229837148411
ergo_adaptive,74.41666666666663,0.011420354651214432,0.0857459932409063
ergo_adaptive,74.5,0.010557368364687878,0.08572767869401247
ergo_adaptive,74.58333333333337,0.008726660076768178,0.08565856992009831
ergo_adaptive,74.66666666666663,0.008056337583584384,0.08555119357368038
ergo_adaptive,74.75,0.009086218414597771,0.08544508790730285
ergo_adaptive,74.83333333333337,0.0075967144481107795,0.08535115994826217
ergo_adaptive,74.91666666666663,0.008903388220388919,0.08524435332164296
ergo_adaptive,75.0,0.008267180801339969,0.08511992036146009
ergo_adaptive,75.08333333333337,0.008905919637588368,0.08500115088830375
ergo_adaptive,75.16666666666663,0.007884103390390829,0.08491833891162247
ergo_adaptive,75.25,0.00673859978292062,0.08486214610941216
ergo_adaptive,75.33333333333337,0.006310387734425539,0.08482619323086653
ergo_adaptive,75.41666666666663,0.007557168124588745,0.08485284013331149
ergo_adaptive,75.5,0.009571673545882335,0.08488247503880775
ergo_adaptive,75.58333333333337,0.008276450608320673,0.08490014617897258
ergo_adaptive,75.66666666666663,0.008530256085977411,0.08492030031280919
ergo_adaptive,75.75,0.0075766576796224465,0.08491393419581234
ergo_adaptive,75.83333333333337,0.006779351101088979,0.08493745488851347
ergo_adaptive,75.91666666666663,0.007612611308024487,0.08504239798181122
ergo_adaptive,76.0,0.00737012194633117,0.0851709041079571
ergo_adaptive,76.08333333333337,0.008049505593006982,0.08533283135454546
ergo_adaptive,76.16666666666663,0.0074088254215510276,0.0855088025076388
ergo_adaptive,76.25,0.006706240399653894,0.08566204135451846
ergo_adaptive,76.33333333333337,0.006855156029513257,0.08582602225705986
ergo_adaptive,76.41666666666663,0.007650637274197972,0.08596487736222949
ergo_adaptive,76.5,0.008452830513960069,0.08603937315334524
ergo_adaptive,76.58333333333337,0.008555299599286765,0.08605838198905866
ergo_adaptive,76.66666666666663,0.010090345661117734,0.08604330981695539
ergo_adaptive,76.75,0.00859111304912009,0.08600107701910305
ergo_adaptive,76.83333333333337,0.009193106428325604,0.08592589975275143
ergo_adaptive,76.91666666666663,0.0107062698143122,0.08583775087973539
ergo_adaptive,77.0,0.012425311973804004,0.0857597594756871
ergo_adaptive,77.08333333333337,0.011151572219435415,0.0856849755447919
ergo_adaptive,77.16666666666663,0.011832848925114148,0.08558761688881175
ergo_adaptive,77.25,0.010101363901482514,0.08547233204029987
ergo_adaptive,77.33333333333337,0.0076399147118681385,0.08536005725133716
ergo_adaptive,77.41666666666663,0.009126909969379303,0.08541759991637363
ergo_adaptive,77.5,0.008785622496981895,0.08551205066524985
ergo_adaptive,77.58333333333337,0.00795023590442323,0.0856173599929584
ergo_adaptive,77.66666666666663,0.0065196048679628275,0.08575018110408453
ergo_adaptive,77.75,0.007099299504199028,0.0859020034402968
ergo_adaptive,77.83333333333337,0.007284033410063429,0.08601742169409816
ergo_adaptive,77.91666666666663,0.004772474304105011,0.08607773206709485
ergo_adaptive,78.0,0.004736080586447764,0.08609425452293311
ergo_adaptive,78.08333333333337,0.0073897239244155866,0.08609826426515155
ergo_adaptive,78.16666666666663,0.008088919354324594,0.08610173980238112
ergo_adaptive,78.25,0.00978510408240588,0.0861015923148593
ergo_adaptive,78.33333333333337,0.007222553529280152,0.08610155925685291
ergo_adaptive,78.41666666666663,0.005444250966160573,0.08611139011771024
ergo_adaptive,78.5,0.0038080573163258536,0.08613548286438823
ergo_adaptive,78.58333333333337,0.0027202677606664566,0.08613619846611818
ergo_adaptive,78.66666666666663,0.003921405402255836,0.08614622878316983
ergo_adaptive,78.75,0.0072107971990470745,0.0861275704323625
ergo_adaptive,78.83333333333337,0.004994454034422045,0.08605970478639725
ergo_adaptive,78.91666666666663,0.007261317330594914,0.08596411266938961
ergo_adaptive,79.0,0.005905043185080606,0.08585694136664634
ergo_adaptive,79.08333333333337,0.005554737073240119,0.08576162823790338
ergo_adaptive,79.16666666666663,0.006893545139470709,0.08567658072508567
ergo_adaptive,79.25,0.007602912213079866,0.08555873406719122
ergo_adaptive,79.33333333333337,0.008416466305516013,0.08542301854023847
ergo_adaptive,79.41666666666663,0.011096397781475984,0.08528139145731124
ergo_adaptive,79.5,0.012840998189249853,0.08511594835293336
ergo_adaptive,79.58333333333337,0.01073936173809064,0.08495631572759707
ergo_adaptive,79.66666666666663,0.008963045871322729,0.08484579657465452
ergo_adaptive,79.75,0.010382416807263166,0.08472591513231585
ergo_adaptive,79.83333333333337,0.011336300159844657,0.0845589328132692
ergo_adaptive,79.91666666666663,0.01240505548024543,0.08437061556193233
ergo_adaptive,80.0,0.014176923738436525,0.08419568236377599
ergo_adaptive,80.08333333333337,0.014969661063104097,0.08404231949164578
ergo_adaptive,80.16666666666663,0.016181154816582756,0.08388421928101693
ergo_adaptive,80.25,0.011315943049721293,0.08370462955493978
ergo_adaptive,80.33333333333337,0.013098536187716626,0.08351950238193717
ergo_adaptive,80.41666666666663,0.013817093827145348,0.08334869430405538
ergo_adaptive,80.5,0.014649999253651243,0.08318355824016899
ergo_adaptive,80.58333333333337,0.019068640372808802,0.08300664403498786
ergo_adaptive,80.66666666666663,0.017376831226494683,0.08282349968194022
ergo_adaptive,80.75,0.019991498379174473,0.08265469164774768
ergo_adaptive,80.83333333333337,0.018451999284718062,0.08249736459835026
ergo_adaptive,80.91666666666663,0.019101727379169847,0.08232665163324493
ergo_adaptive,81.0,0.020766168905039836,0.08213883201206595
ergo_adaptive,81.08333333333337,0.015492175891497333,0.08195559234869654
ergo_adaptive,81.16666666666663,0.01721534650676442,0.08177703296876972
ergo_adaptive,81.25,0.016284588749222,0.08157146385741836
ergo_adaptive,81.33333333333337,0.015064809712792006,0.08132883675872972
ergo_adaptive,81.41666666666663,0.014174653699363179,0.0810776105672664
ergo_adaptive,81.5,0.018613966438372397,0.08086969169119657
ergo_adaptive,81.58333333333337,0.017468783879630616,0.08067994953162388
ergo_adaptive,81.66666666666663,0.017248977398179814,0.08045266834512114
ergo_adaptive,81.75,0.018999806680430383,0.08019117186869948
ergo_adaptive,81.83333333333337,0.019981322687797627,0.07994449948048721
ergo_adaptive,81.91666666666663,0.020200989343463042,0.07973214943986548
ergo_adaptive,82.0,0.018913992886995374,0.07949896466104753
ergo_adaptive,82.08333333333337,0.01845302328344793,0.07922509428172061
ergo_adaptive,82.16666666666663,0.016997107348571013,0.07896681728148237
ergo_adaptive,82.25,0.016995979069197253,0.07882157685839679
ergo_adaptive,82.33333333333337,0.020300785883275285,0.07872470756161155
ergo_adaptive,82.41666666666663,0.018936493740171617,0.07854136640786075
ergo_adaptive,82.5,0.021604408459582815,0.07829506809612158
ergo_adaptive,82.58333333333337,0.019698874779897905,0.07805170731000657
ergo_adaptive,82.66666666666663,0.018655807582375825,0.07784457065559247
ergo_adaptive,82.75,0.021707990388988244,0.0777263112796873
ergo_adaptive,82.83333333333337,0.021484374772291485,0.07761653402973011
ergo_adaptive,82.91666666666663,0.02280914497890264,0.07744658577693668
ergo_adaptive,83.0,0.023815599545106106,0.07723925836270172
ergo_adaptive,83.08333333333337,0.022911664422479508,0.07703655011214942
ergo_adaptive,83.16666666666663,0.02567381257578533,0.07686430881067723
ergo_adaptive,83.25,0.024402729121520507,0.07666078688321537
ergo_adaptive,83.33333333333337,0.02854646980294764,0.0764298490759696
ergo_adaptive,83.41666666666663,0.028383825725291377,0.07620951944198921
ergo_adaptive,83.5,0.02589614505265884,0.07600079178203605
ergo_adaptive,83.58333333333337,0.023782697141043786,0.07584898015359116
ergo_adaptive,83.66666666666663,0.023464395250855655,0.07595560473601742
ergo_adaptive,83.75,0.023245090339381724,0.07618975178653459
ergo_adaptive,83.83333333333337,0.023924818602998825,0.07642375438558302
ergo_adaptive,83.91666666666663,0.021800095547093137,0.07663629984128317
ergo_adaptive,84.0,0.022287259596790183,0.07683488158854693
ergo_adaptive,84.08333333333337,0.02399106220423139,0.07702637010867201
ergo_adaptive,84.16666666666663,0.021790053149569225,0.07723694665716731
ergo_adaptive,84.25,0.020645225818513822,0.07744619183483203
ergo_adaptive,84.33333333333337,0.020051309958145008,0.07759223922896948
ergo_adaptive,84.41666666666663,0.020627230068010236,0.07767273521268475
ergo_adaptive,84.5,0.020800191567743397,0.0777615145067806
ergo_adaptive,84.58333333333337,0.021541764874783077,0.07788442168400145
ergo_adaptive,84.66666666666663,0.022601667138161963,0.07805187669975312
ergo_adaptive,84.75,0.023120928913968664,0.07823906156551712
ergo_adaptive,84.83333333333337,0.023091825143301426,0.07843288636470311
ergo_adaptive,84.91666666666663,0.023985120263294538,0.07863436191177665
ergo_adaptive,85.0,0.024014205281907484,0.07880060327063879
ergo_adaptive,85.08333333333337,0.025656263498994372,0.07894013640163279
ergo_adaptive,85.16666666666663,0.028580820393047397,0.07903394956745309
ergo_adaptive,85.25,0.02559622524266084,0.07907161891723602
ergo_adaptive,85.33333333333337,0.02550786218648146,0.07917820300329816
ergo_adaptive,85.41666666666663,0.025871511129664806,0.07932861920353819
ergo_adaptive,85.5,0.026657337551384375,0.07946690955204623
ergo_adaptive,85.58333333333337,0.025768195977976666,0.07957474985970055
ergo_adaptive,85.66666666666663,0.0260551245144819,0.07973796540248476
ergo_adaptive,85.75,0.02824651478070468,0.07989416509391853
ergo_adaptive,85.83333333333337,0.02727618581304929,0.0800019752068946
ergo_adaptive,85.91666666666663,0.026881999966028337,0.08013383898818137
ergo_adaptive,86.0,0.02683918278798305,0.08029312237314362
ergo_adaptive,86.08333333333337,0.024126106500080194,0.0804619492194599
ergo_adaptive,86.16666666666663,0.023755043527487207,0.08062124310199892
ergo_adaptive,86.25,0.02427598649904422,0.08074660656600538
ergo_adaptive,86.33333333333337,0.02520856037446723,0.08084797220207336
ergo_adaptive,86.41666666666663,0.026445357696251354,0.08094924984453727
ergo_adaptive,86.5,0.025951157981649355,0.0810720940463397
ergo_adaptive,86.58333333333337,0.024848417488124008,0.08121337007388087
ergo_adaptive,86.66666666666663,0.026341600403122136,0.08134856472504921
ergo_adaptive,86.75,0.027349291313250437,0.08147194683853233
ergo_adaptive,86.83333333333337,0.027646454018509205,0.0815880904993415
ergo_adaptive,86.91666666666663,0.028060604194616163,0.08169155640056629
ergo_adaptive,87.0,0.02847665590158598,0.08177221452172559
ergo_adaptive,87.08333333333337,0.029198211816316058,0.08180750783658358
ergo_adaptive,87.16666666666663,0.030402091049320453,0.08178679565411395
ergo_adaptive,87.25,0.027931506169736456,0.08161921764258853
ergo_adaptive,87.33333333333337,0.027794027298870216,0.08165192331990592
ergo_adaptive,87.41666666666663,0.02728494759834859,0.08181819406123135
ergo_adaptive,87.5,0.027834359255283044,0.0820089694833527
ergo_adaptive,87.58333333333337,0.025536387566532762,0.08216146751127083
ergo_adaptive,87.66666666666663,0.02216094378335833,0.082274649796634
ergo_adaptive,87.75,0.020471302580623033,0.08236123270613202
ergo_adaptive,87.83333333333337,0.025047254264178226,0.08243255726498236
ergo_adaptive,87.91666666666663,0.023068863324513803,0.08244277599192902
ergo_adaptive,88.0,0.021330716069315338,0.08239446280065155
ergo_adaptive,88.08333333333337,0.022418250386198033,0.0823292623472319
ergo_adaptive,88.16666666666663,0.02232653805262999,0.08230689304566058
ergo_adaptive,88.25,0.02180565021650213,0.0822727286095954
ergo_adaptive,88.33333333333337,0.022076768787374756,0.08218557244267383
ergo_adaptive,88.41666666666663,0.021722938285972836,0.08217954665821246
ergo_adaptive,88.5,0.022325738586731442,0.08221106336608934
ergo_adaptive,88.58333333333337,0.023038016537270556,0.08227927039881403
ergo_adaptive,88.66666666666663,0.021724072084360696,0.08240047907805731
ergo_adaptive,88.75,0.020285746960452777,0.08250506150211928
ergo_adaptive,88.83333333333337,0.021446038997508927,0.08258043741302537
ergo_adaptive,88.91666666666663,0.022795088344029858,0.08267829896253381
ergo_adaptive,89.0,0.02077989884105817,0.08280831107315693
ergo_adaptive,89.08333333333337,0.020523540417053367,0.0829462243087826
ergo_adaptive,89.16666666666663,0.02089592381640018,0.08309599378390088
ergo_adaptive,89.25,0.022616446686923124,0.08315536113378358
ergo_adaptive,89.33333333333337,0.022848715639544874,0.08330505406814391
ergo_adaptive,89.41666666666663,0.022522080193497804,0.08346971470811099
ergo_adaptive,89.5,0.02272999917622895,0.08364884859650489
ergo_adaptive,89.58333333333337,0.021752028952923216,0.08380186811412924
ergo_adaptive,89.66666666666663,0.0214811136366811,0.08396731690213413
ergo_adaptive,89.75,0.023205827018372774,0.08400790749407426
ergo_adaptive,89.83333333333337,0.021361745487093197,0.08412758296894
ergo_adaptive,89.91666666666663,0.020340830094222072,0.08420173214343382
ergo_adaptive,90.0,0.02169609434150225,0.08415748285017217
ergo_adaptive,90.08333333333337,0.024627247252679316,0.08421964605214756
ergo_adaptive,90.16666666666663,0.02537171465213131,0.08435822700090093
ergo_adaptive,90.25,0.02558024166880542,0.08446218997789881
ergo_adaptive,90.33333333333337,0.025508738660358438,0.08447705070390915
ergo_adaptive,90.41666666666663,0.023772401811892965,0.08443767187059335
ergo_adaptive,90.5,0.02288585537043074,0.08450451293217426
ergo_adaptive,90.58333333333337,0.02242568667856422,0.08464370628191385
ergo_adaptive,90.66666666666663,0.020401258780154963,0.08481689180353134
ergo_adaptive,90.75,0.01892686127054038,0.0849025338534513
ergo_adaptive,90.83333333333337,0.014285000987060852,0.08487775052363693
ergo_adaptive,90.91666666666663,0.0154862414240285,0.08479585194391523
ergo_adaptive,91.0,0.01591817097381288,0.08474150933823373
ergo_adaptive,91.08333333333337,0.015149536100729478,0.08467638460834183
ergo_adaptive,91.16666666666663,0.016197704304656887,0.08452410950502147
ergo_adaptive,91.25,0.022654374630677432,0.08433820645514238
ergo_adaptive,91.33333333333337,0.020789748625589168,0.08421331896501452
ergo_adaptive,91.41666666666663,0.019207119294982016,0.08421717495955093
ergo_adaptive,91.5,0.02077694520560569,0.08428990268429008
ergo_adaptive,91.58333333333337,0.022345043551077762,0.08441655391971656
ergo_adaptive,91.66666666666663,0.020533148600100273,0.08455625317930981
ergo_adaptive,91.75,0.0189907541201001,0.08468883065475435
ergo_adaptive,91.83333333333337,0.018204774660857324,0.08481117045153952
ergo_adaptive,91.91666666666663,0.017914590428114687,0.08486759539415793
ergo_adaptive,92.0,0.01692322484368618,0.08487249235244142
ergo_adaptive,92.08333333333337,0.017646229581133155,0.08498877182307926
ergo_adaptive,92.16666666666663,0.01714791139346363,0.08511479430394023
ergo_adaptive,92.25,0.0182363086409072,0.08525205553316917
ergo_adaptive,92.33333333333337,0.016453313873561394,0.08541020537240171
ergo_adaptive,92.41666666666663,0.016583836268073426,0.08553901661884036
ergo_adaptive,92.5,0.020049716468057765,0.08551956259291392
ergo_adaptive,92.58333333333337,0.02098246879058742,0.0856033941435861
ergo_adaptive,92.66666666666663,0.020035177098121134,0.0857550374539845
ergo_adaptive,92.75,0.01752291201907606,0.08588424709342994
ergo_adaptive,92.83333333333337,0.01585779337159154,0.0858814034598093
ergo_adaptive,92.91666666666663,0.016612574383182945,0.08576261919151378
ergo_adaptive,93.0,0.014053770091962839,0.08562148697444273
ergo_adaptive,93.08333333333337,0.015105608731740525,0.08564049213446688
ergo_adaptive,93.16666666666663,0.014318025996671585,0.08571586918882448
ergo_adaptive,93.25,0.01181720602939857,0.08578519994627223
ergo_adaptive,93.33333333333337,0.012935030494579981,0.08585666156706154
ergo_adaptive,93.41666666666663,0.013699308124110385,0.08593867183590942
ergo_adaptive,93.5,0.013750589931915152,0.08603961600494676
ergo_adaptive,93.58333333333337,0.015283181595664006,0.0861533256268672
ergo_adaptive,93.66666666666663,0.014826212009979549,0.08626479364965592
ergo_adaptive,93.75,0.013623834712097794,0.08637382130447575
ergo_adaptive,93.83333333333337,0.015581272070052046,0.08649109023070209
ergo_adaptive,93.91666666666663,0.01613480766317769,0.08660169693345553
ergo_adaptive,94.0,0.017805887456087167,0.08671313327183895
ergo_adaptive,94.08333333333337,0.01779043315011581,0.0867941258868871
ergo_adaptive,94.16666666666663,0.01773757706716309,0.08682476670992534
ergo_adaptive,94.25,0.017693342387146965,0.08687010148690881
ergo_adaptive,94.33333333333337,0.019638345517415716,0.0869240138558811
ergo_adaptive,94.41666666666663,0.022596834269708987,0.08694348560685496
ergo_adaptive,94.5,0.020240159692959617,0.08694520941952749
ergo_adaptive,94.58333333333337,0.020939523240899146,0.0869368707858851
ergo_adaptive,94.66666666666663,0.02007306523479314,0.08688388353512891
ergo_adaptive,94.75,0.022132896385958733,0.08693644748828869
ergo_adaptive,94.83333333333337,0.02082141728690169,0.08696644315504672
ergo_adaptive,94.91666666666663,0.018405230321892015,0.08696418536132561
ergo_adaptive,95.0,0.020548071627628874,0.08703006236172713
ergo_adaptive,95.08333333333337,0.018894908064305452,0.08712265575252585
ergo_adaptive,95.16666666666663,0.017234430848434266,0.08723476649779917
ergo_adaptive,95.25,0.018984544409547468,0.08736479826275437
ergo_adaptive,95.33333333333337,0.017928209712473952,0.08745620648319989
ergo_adaptive,95.41666666666663,0.01888146814227527,0.08750188329788455
ergo_adaptive,95.5,0.016211581857642134,0.08753032504146967
ergo_adaptive,95.58333333333337,0.01252970486640677,0.08755811688494201
ergo_adaptive,95.66666666666663,0.011949960798623777,0.08755789936303741
ergo_adaptive,95.75,0.010810868902981172,0.08741658938556239
ergo_adaptive,95.83333333333337,0.011654823867211174,0.08728517834498248
ergo_adaptive,95.91666666666663,0.007551978216267577,0.08723240489241937
ergo_adaptive,96.0,0.008262937231414025,0.08715676199087186
ergo_adaptive,96.08333333333337,0.010279907275933626,0.08714526709044611
ergo_adaptive,96.16666666666663,0.011535528908217867,0.08717548471627722
ergo_adaptive,96.25,0.010699091600845163,0.08727201807252222
ergo_adaptive,96.33333333333337,0.010098160916674882,0.08736391550101555
ergo_adaptive,96.41666666666663,0.012022968564192622,0.0874383347310649
ergo_adaptive,96.5,0.011005215606404632,0.08755708961277067
ergo_adaptive,96.58333333333337,0.013441723099067372,0.08763869201484133
ergo_adaptive,96.66666666666663,0.01297736955929164,0.08774942434499858
ergo_adaptive,96.75,0.012171318142442983,0.08788428228663561
ergo_adaptive,96.83333333333337,0.013402704045591726,0.088007452348302
ergo_adaptive,96.91666666666663,0.01315375255162027,0.0881417664200131
ergo_adaptive,97.0,0.014771154888103249,0.08825649724606062
ergo_adaptive,97.08333333333337,0.01468563763764421,0.0883843395988979
ergo_adaptive,97.16666666666663,0.013504377515648893,0.08847767406329096
ergo_adaptive,97.25,0.01309100019685739,0.08859562435533565
ergo_adaptive,97.33333333333337,0.012076634625423554,0.08868603400777693
ergo_adaptive,97.41666666666663,0.014052291374621797,0.08866463455197998
ergo_adaptive,97.5,0.016079069870547563,0.08865286794579418
ergo_adaptive,97.58333333333337,0.015412136225823197,0.08873262553769054
ergo_adaptive,97.66666666666663,0.015714711348018648,0.08881209498088123
ergo_adaptive,97.75,0.016469866726716284,0.08892251747391217
ergo_adaptive,97.83333333333337,0.01828963503635991,0.08903366845782097
ergo_adaptive,97.91666666666663,0.01999827910548055,0.08909832730052526
ergo_adaptive,98.0,0.018495654939705026,0.08910550284105313
ergo_adaptive,98.08333333333337,0.016870173690742042,0.08908328416478044
ergo_adaptive,98.16666666666663,0.01584034057409557,0.08911662629298181
ergo_adaptive,98.25,0.01749016041044288,0.08918859802573181
ergo_adaptive,98.33333333333337,0.01591880319384167,0.0892608875888552
ergo_adaptive,98.41666666666663,0.01621019825655438,0.08934929323481644
ergo_adaptive,98.5,0.015577185294578485,0.08945137878518203
ergo_adaptive,98.58333333333337,0.017176511272823457,0.08955521342921946
ergo_adaptive,98.66666666666663,0.017484658398580447,0.08966101941157614
ergo_adaptive,98.75,0.01897159738818274,0.08974310905158998
ergo_adaptive,98.83333333333337,0.018967178085591483,0.08979616691239388
ergo_adaptive,98.91666666666663,0.01773035392858829,0.08983313820520461
ergo_adaptive,99.0,0.015517329391095085,0.08990437167281949
ergo_adaptive,99.08333333333337,0.014441089609626305,0.08998163852754831
ergo_adaptive,99.16666666666663,0.015311331479987571,0.09005015739272906
ergo_adaptive,99.25,0.019163238073564626,0.09011685692127916
ergo_adaptive,99.33333333333337,0.016360702970580177,0.090147913517786
ergo_adaptive,99.41666666666663,0.01579216893517532,0.09006579157852716
ergo_adaptive,99.5,0.019493647062928873,0.08989692276943498
ergo_adaptive,99.58333333333337,0.017223836294228446,0.08971635397122141
ergo_adaptive,99.66666666666663,0.01205485864026014,0.08970984623812933
ergo_adaptive,99.75,0.012186730792590798,0.0897111407024353
ergo_adaptive,99.83333333333337,0.012382097895371947,0.0897724631844164
ergo_adaptive,99.91666666666663,0.0128325300945472,0.08985227782154982
ergo_adaptive,100.0,0.014343926517350248,0.08994067806433241
ergo_adaptive,100.08333333333337,0.014251192318298281,0.0900317646540139
ergo_adaptive,100.16666666666663,0.013120394007020033,0.09012401611172807
ergo_adaptive,100.25,0.014748182764431414,0.09022957599204497
ergo_adaptive,100.33333333333337,0.013511204637571836,0.09033578339292954
ergo_adaptive,100.41666666666663,0.013890657411343028,0.09041452558512479
ergo_adaptive,100.5,0.013448516076671822,0.09044858549399742
ergo_adaptive,100.58333333333337,0.014784704539332113,0.09052178784380704
ergo_adaptive,100.66666666666663,0.01701314205922611,0.09057427555994567
ergo_adaptive,100.75,0.020962661411724096,0.09058079646580329
ergo_adaptive,100.83333333333337,0.021532916954052638,0.09053958903150318
ergo_adaptive,100.91666666666663,0.02322004565347653,0.09042923384913493
ergo_adaptive,101.0,0.017914655740145405,0.09024115514812621
ergo_adaptive,101.08333333333337,0.016304274880270118,0.09006523425264945
ergo_adaptive,101.16666666666663,0.017712903522939694,0.09004595016985506
ergo_adaptive,101.25,0.016590610747369866,0.09003380868294455
ergo_adaptive,101.33333333333337,0.01839258989681443,0.09008968614266792
ergo_adaptive,101.41666666666663,0.018486932584032414,0.09014327160888821
ergo_adaptive,101.5,0.019106883336717888,0.09018234880943037
ergo_adaptive,101.58333333333337,0.022835195477698664,0.09017932581942305
ergo_adaptive,101.66666666666663,0.022639816328715274,0.09007706490315098
ergo_adaptive,101.75,0.022375744268792176,0.08989758480536324
ergo_adaptive,101.83333333333337,0.02149580114421841,0.08969447511469684
ergo_adaptive,101.91666666666663,0.016754499361075433,0.08950670926155317
ergo_adaptive,102.0,0.017154626658672678,0.08950985341796425
ergo_adaptive,102.08333333333337,0.016548430794367863,0.08960972062841786
ergo_adaptive,102.16666666666663,0.015419543111623475,0.08973385756127403
ergo_adaptive,102.25,0.01782778504179181,0.08986181338824008
ergo_adaptive,102.33333333333337,0.018376645190564776,0.089992140067801
ergo_adaptive,102.41666666666663,0.020079852781159233,0.09008436649078108
ergo_adaptive,102.5,0.023142131850979422,0.09015849596039656
ergo_adaptive,102.58333333333337,0.02164536843458079,0.09029004988718416
ergo_adaptive,102.66666666666663,0.020608650117511326,0.09042128650108174
ergo_adaptive,102.75,0.020289402802834654,0.09051236417146231
ergo_adaptive,102.83333333333337,0.01766412606770333,0.0905755060193192
ergo_adaptive,102.91666666666663,0.016910871987014048,0.09061692926428097
ergo_adaptive,103.0,0.016894720788710505,0.09062201437220171
ergo_adaptive,103.08333333333337,0.01709992005141666,0.09062166109208183
ergo_adaptive,103.16666666666663,0.017824060554753277,0.09066493216422818
ergo_adaptive,103.25,0.018912166383784075,0.09074351887361437
ergo_adaptive,103.33333333333337,0.01881800418655845,0.09082942519504474
ergo_adaptive,103.41666666666663,0.018026520828666782,0.0909102022897261
ergo_adaptive,103.5,0.015910086968958778,0.09099046747108969
ergo_adaptive,103.58333333333337,0.013079468932591794,0.09106704994546298
ergo_adaptive,103.66666666666663,0.011807781257426516,0.09110368536165665
ergo_adaptive,103.75,0.011217091607578509,0.09109594738569221
ergo_adaptive,103.83333333333337,0.013473440652699249,0.0910660934457566
ergo_adaptive,103.91666666666663,0.010362840125420715,0.09103675674450147
ergo_adaptive,104.0,0.00788269997407889,0.09107923154871292
ergo_adaptive,104.08333333333337,0.008468072730529299,0.09114688471340944
ergo_adaptive,104.16666666666663,0.0082235366963515,0.09122290864218453
ergo_adaptive,104.25,0.007823918100581476,0.09128789547629268
ergo_adaptive,104.33333333333337,0.009653108181682952,0.09136047618665817
ergo_adaptive,104.41666666666663,0.010994814560032033,0.09143688933603547
ergo_adaptive,104.5,0.013585821490284526,0.09150973610033053
ergo_adaptive,104.58333333333337,0.012769414557711911,0.0915785684240717
ergo_adaptive,104.66666666666663,0.013053920950923292,0.09164404506125728
ergo_adaptive,104.75,0.012914338233380368,0.09167984437711812
ergo_adaptive,104.83333333333337,0.012803243187975323,0.09173937688343098
ergo_adaptive,104.91666666666663,0.00913425333570982,0.09180859337957856
ergo_adaptive,105.0,0.009193039108951421,0.09190691900456564
ergo_adaptive,105.08333333333337,0.008333859616523134,0.09198799621358954
ergo_adaptive,105.16666666666663,0.005682925595613887,0.09203110969566348
ergo_adaptive,105.25,0.009436803496376807,0.09204205202365648
ergo_adaptive,105.33333333333337,0.013790766887712814,0.09203949462183024
ergo_adaptive,105.41666666666663,0.013474701550271515,0.09200188735070369
ergo_adaptive,105.5,0.014395020258280197,0.09188983226536307
ergo_adaptive,105.58333333333337,0.013488913121040808,0.09173024860788467
ergo_adaptive,105.66666666666663,0.011529889955617547,0.09158321383498698
ergo_adaptive,105.75,0.014047431919739064,0.09158148386578979
ergo_adaptive,105.83333333333337,0.012194858002235267,0.09158496118796393
ergo_adaptive,105.91666666666663,0.01020812400764105,0.09164095706021069
ergo_adaptive,106.0,0.009704718611590998,0.09172323318746042
ergo_adaptive,106.08333333333337,0.011084964486589636,0.0917974712153101
ergo_adaptive,106.16666666666663,0.011983379967705921,0.09188438373145719
ergo_adaptive,106.25,0.01058241299769928,0.09197435012001264
ergo_adaptive,106.33333333333337,0.011842194572770172,0.09206709110707502
ergo_adaptive,106.41666666666663,0.013254915249207662,0.09216423676293488
ergo_adaptive,106.5,0.015197831213119073,0.09224102927305804
ergo_adaptive,106.58333333333337,0.013560014833214958,0.0922807356521433
ergo_adaptive,106.66666666666663,0.01529922815686043,0.09229679800698455
ergo_adaptive,106.75,0.013726222046667912,0.09230261980571404
ergo_adaptive,106.83333333333337,0.01186944866676412,0.09230883590134745
ergo_adaptive,106.91666666666663,0.012526876930383521,0.0923755871085902
ergo_adaptive,107.0,0.012251360936030287,0.0924628628620009
ergo_adaptive,107.08333333333337,0.0126835625098741,0.09254620308217465
ergo_adaptive,107.16666666666663,0.013406831991277972,0.09261801494506516
ergo_adaptive,107.25,0.010990649148187715,0.0926949453327488
ergo_adaptive,107.33333333333337,0.008666178294508758,0.09276853636996135
ergo_adaptive,107.41666666666663,0.010979533252493989,0.09283106385002356
ergo_adaptive,107.5,0.008391977208515854,0.09288994434062488
ergo_adaptive,107.58333333333337,0.00765908165701499,0.09292785689740371
ergo_adaptive,107.66666666666663,0.007142233410257383,0.09290960212418979
ergo_adaptive,107.75,0.008295867169186835,0.09284826184561841
ergo_adaptive,107.83333333333337,0.0075025594832032645,0.09276906912233086
ergo_adaptive,107.91666666666663,0.006592682055472012,0.0927243686401869
ergo_adaptive,108.0,0.007957548856572265,0.09277352146421566
ergo_adaptive,108.08333333333337,0.006818204214702266,0.0928273608859547
ergo_adaptive,108.16666666666663,0.007077608835918561,0.09290120755153981
ergo_adaptive,108.25,0.008417852369055935,0.09298010728855562
ergo_adaptive,108.33333333333337,0.008124501399988797,0.09306262609204229
ergo_adaptive,108.41666666666663,0.00988747371868213,0.09313178781410723
ergo_adaptive,108.5,0.00917275758342624,0.09317147537693997
ergo_adaptive,108.58333333333337,0.008381837028195485,0.0931884548733757
ergo_adaptive,108.66666666666663,0.008814504876827216,0.09324167833063653
ergo_adaptive,108.75,0.008809179899461032,0.09328806166722281
ergo_adaptive,108.83333333333337,0.011465129335021135,0.0933331715826861
ergo_adaptive,108.91666666666663,0.00928230594706482,0.09337673606707338
ergo_adaptive,109.0,0.009261925654938786,0.09340302468225448
ergo_adaptive,109.08333333333337,0.012750051778405658,0.09347201558478127
ergo_adaptive,109.16666666666663,0.013782785566229784,0.09352155657248687
ergo_adaptive,109.25,0.013261791241720779,0.09348772030317506
ergo_adaptive,109.33333333333337,0.014017881095908019,0.09339854841367137
ergo_adaptive,109.41666666666663,0.015344016791995102,0.09329873375175589
ergo_adaptive,109.5,0.01385092886666494,0.09321058610215685
ergo_adaptive,109.58333333333337,0.012377117424909137,0.09313604881299001
ergo_adaptive,109.66666666666663,0.011855112541404702,0.09319222591205503
ergo_adaptive,109.75,0.010733096431113939,0.09329380468885731
ergo_adaptive,109.83333333333337,0.00853127272605246,0.09337931732630836
ergo_adaptive,109.91666666666663,0.008921821143131711,0.09344160527889887
ergo_adaptive,110.0,0.007470570425006891,0.09348833421370562
ergo_adaptive,110.08333333333337,0.008908629495651143,0.09352944563234762
ergo_adaptive,110.16666666666663,0.007166351117547881,0.0935548963475702
ergo_adaptive,110.25,0.005990602013461298,0.09356585533826708
ergo_adaptive,110.33333333333337,0.005510191659271059,0.09357323958588101
ergo_adaptive,110.41666666666663,0.007178079985233427,0.09358726017281702
ergo_adaptive,110.5,0.007307254394188644,0.09357452777325456
ergo_adaptive,110.58333333333337,0.010570266068198546,0.09352660464343338
ergo_adaptive,110.66666666666663,0.011838652288250867,0.09345722611351975
ergo_adaptive,110.75,0.012052287329954104,0.09338053097311295
ergo_adaptive,110.83333333333337,0.010191384941632974,0.09318307686757472
ergo_adaptive,110.91666666666663,0.01240406511502376,0.0931858719562402
ergo_adaptive,111.0,0.010322636852891658,0.09312483168456409
ergo_adaptive,111.08333333333337,0.012832633671229306,0.09318281351153378
ergo_adaptive,111.16666666666663,0.013861695449537902,0.09317433316334205
ergo_adaptive,111.25,0.014387448790973655,0.09306095858919876
ergo_adaptive,111.33333333333337,0.013636653308658604,0.09290234039706098
ergo_adaptive,111.41666666666663,0.013626974139212511,0.09289846605391516
ergo_adaptive,111.5,0.013673130366442467,0.09294763646441678
ergo_adaptive,111.58333333333337,0.014715221151187782,0.09301114821994926
ergo_adaptive,111.66666666666663,0.015241868343588951,0.09303332311213257
ergo_adaptive,111.75,0.016374654457767708,0.09302227585423048
ergo_adaptive,111.83333333333337,0.016880410225726974,0.09299192296019951
ergo_adaptive,111.91666666666663,0.01676933324106437,0.09293929778926081
ergo_adaptive,112.0,0.014202165942782922,0.09293257507420626
ergo_adaptive,112.08333333333337,0.01277508463078151,0.09297992395306891
ergo_adaptive,112.16666666666663,0.013325547962801634,0.09305377444000971
ergo_adaptive,112.25,0.012401139011446698,0.09312566906987721
ergo_adaptive,112.33333333333337,0.011952639086007775,0.0932073354848058
ergo_adaptive,112.41666666666663,0.011736901180321014,0.09327952140343566
ergo_adaptive,112.5,0.011726968331758668,0.09336095914070203
ergo_adaptive,112.58333333333337,0.011727227244161644,0.09340315432355434
ergo_adaptive,112.66666666666663,0.009771101376105963,0.09344844669536449
ergo_adaptive,112.75,0.010492449368249564,0.09351870581161198
ergo_adaptive,112.83333333333337,0.011193936933679913,0.09359979660904544
ergo_adaptive,112.91666666666663,0.010888134121960583,0.09365278654750006
ergo_adaptive,113.0,0.011270062214507933,0.09366883136314963
ergo_adaptive,113.08333333333337,0.009629161434966447,0.09366628042711109
ergo_adaptive,113.16666666666663,0.00915926148235237,0.09370899093526565
ergo_adaptive,113.25,0.010140779872562925,0.09377702273747664
ergo_adaptive,113.33333333333337,0.009279119255536256,0.0938551893575447
ergo_adaptive,113.41666666666663,0.01118406298656374,0.0938965200766484
ergo_adaptive,113.5,0.011295732314147874,0.09382943744348446
ergo_adaptive,113.58333333333337,0.009395972942378957,0.09369162660454705
ergo_adaptive,113.66666666666663,0.007619559006188255,0.09368659621304408
ergo_adaptive,113.75,0.0066824689606898415,0.09376681733957715
ergo_adaptive,113.83333333333337,0.007013525023101194,0.09387681704565236
ergo_adaptive,113.91666666666663,0.0077130002116136435,0.09395493393047397
ergo_adaptive,114.0,0.008651199866232803,0.09399306837621793
ergo_adaptive,114.08333333333337,0.007576026230745769,0.09400021654204234
ergo_adaptive,114.16666666666663,0.00855081104785574,0.0940107080425372
ergo_adaptive,114.25,0.007821382767058824,0.09402274214085878
ergo_adaptive,114.33333333333337,0.007689200255124436,0.09408269320643355
ergo_adaptive,114.41666666666663,0.008861947749874923,0.09415665937946188
ergo_adaptive,114.5,0.006809483863723055,0.09421557666361566
ergo_adaptive,114.58333333333337,0.008443058666455148,0.09428892394614105
ergo_adaptive,114.66666666666663,0.008994745824525545,0.09436229469211073
ergo_adaptive,114.75,0.0088405528721058,0.09440528715943644
ergo_adaptive,114.83333333333337,0.00923729369980812,0.09441311663024071
ergo_adaptive,114.91666666666663,0.007754258225276297,0.09440683543178181
ergo_adaptive,115.0,0.010762320158861572,0.09444162415999152
ergo_adaptive,115.08333333333337,0.009000684216155214,0.09445638132418842
ergo_adaptive,115.16666666666663,0.006852932451453707,0.09450357645783924
ergo_adaptive,115.25,0.00833399707736059,0.09457902494257155
ergo_adaptive,115.33333333333337,0.007668415611978969,0.09463871857672566
ergo_adaptive,115.41666666666663,0.008485400291840601,0.09466493266184646
ergo_adaptive,115.5,0.007280931792033449,0.09467105065814915
ergo_adaptive,115.58333333333337,0.006229916425680665,0.09468735233442191
ergo_adaptive,115.66666666666663,0.0036972481730411988,0.09473737658994823
ergo_adaptive,115.75,0.0048014560216202064,0.09478881478774791
ergo_adaptive,115.83333333333337,0.003052392735267905,0.09485681205594447
ergo_adaptive,115.91666666666663,0.004921981488107512,0.09492382022444937
ergo_adaptive,116.0,0.004596577085709897,0.09496352127849274
ergo_adaptive,116.08333333333337,0.0038710521813741434,0.09497585788125555
ergo_adaptive,116.16666666666663,0.005210633255956823,0.09504078022855322
ergo_adaptive,116.25,0.006361608432302883,0.09512080586111477
ergo_adaptive,116.33333333333337,0.0055934238904435,0.09517785194252464
ergo_adaptive,116.41666666666663,0.006120896025261831,0.09523534093494289
ergo_adaptive,116.5,0.006448466761311545,0.09527167211777028
ergo_adaptive,116.58333333333337,0.009055519303006658,0.09529239300388834
ergo_adaptive,116.66666666666663,0.007747893655507657,0.09529070437216586
ergo_adaptive,116.75,0.009926931515913865,0.09524640238985044
ergo_adaptive,116.83333333333337,0.01035784365600258,0.09516037161870783
ergo_adaptive,116.91666666666663,0.011780401411596345,0.09505612052668992
ergo_adaptive,117.0,0.010358802716288883,0.09493971702438664
ergo_adaptive,117.08333333333337,0.012124926501276828,0.09481275060035553
ergo_adaptive,117.16666666666663,0.01285619683808035,0.09465237400805947
ergo_adaptive,117.25,0.015365596884236764,0.09446370130690854
ergo_adaptive,117.33333333333337,0.013473223945421876,0.09425508393549199
ergo_adaptive,117.41666666666663,0.013444922425119049,0.09404454238210319
ergo_adaptive,117.5,0.014485396282106544,0.09382195778968541
ergo_adaptive,117.58333333333337,0.013262321246767479,0.09356252573063265
ergo_adaptive,117.66666666666663,0.015541463014333994,0.09329728661851273
ergo_adaptive,117.75,0.015573272056754506,0.09307053213747508
ergo_adaptive,117.83333333333337,0.02086600728659016,0.09286365146935413
ergo_adaptive,117.91666666666663,0.021569369843506492,0.0925468398072351
ergo_adaptive,118.0,0.021440230445687308,0.09216482268731842
ergo_adaptive,118.08333333333337,0.022787793037168613,0.09178742701573811
ergo_adaptive,118.16666666666663,0.022511197737535155,0.09145615727722878
ergo_adaptive,118.25,0.019199157815400186,0.09119078184085205
ergo_adaptive,118.33333333333337,0.021624499400483808,0.09095099289231336
ergo_adaptive,118.41666666666663,0.021000281586173248,0.09066095899825756
ergo_adaptive,118.5,0.021378724170792444,0.09034037962949404
ergo_adaptive,118.58333333333337,0.02762122338876315,0.09005078785377457
ergo_adaptive,118.66666666666663,0.02745115700203084,0.08977487156718632
ergo_adaptive,118.75,0.025774489266767543,0.08946998709781606
ergo_adaptive,118.83333333333337,0.026389023868330346,0.0891419830966789
ergo_adaptive,118.91666666666663,0.022646466136320976,0.08882504934784503
ergo_adaptive,119.0,0.025761340614612077,0.08855369164885031
ergo_adaptive,119.08333333333337,0.026407803135168943,0.08832328612068609
ergo_adaptive,119.16666666666663,0.0259801639083833,0.08807932050046084
ergo_adaptive,119.25,0.02616931090791453,0.08779252426486812
ergo_adaptive,119.33333333333337,0.023510297076784033,0.08752238206588979
ergo_adaptive,119.41666666666663,0.026840342944592394,0.08734610045171094
ergo_adaptive,119.5,0.02848099588511266,0.08714295238742946
ergo_adaptive,119.58333333333337,0.026810180792476553,0.08685048664496267
ergo_adaptive,119.66666666666663,0.0262814101255198,0.08655177778506261
ergo_adaptive,119.75,0.025748858033207696,0.08633035536122059
ergo_adaptive,119.83333333333337,0.026733862460277317,0.08616363653474234
ergo_adaptive,119.91666666666663,0.026798995721151225,0.08593269497284835
ergo_adaptive,120.0,0.03020077117268356,0.08566827418618841
ergo_adaptive,120.08333333333337,0.03203313473787279,0.08545497348032564
ergo_adaptive,120.16666666666663,0.027949166186739715,0.08533071657277223
ergo_adaptive,120.25,0.029807055532502656,0.08516372305369259
ergo_adaptive,120.33333333333337,0.0319347610530276,0.08493941743784723
ergo_adaptive,120.41666666666663,0.033604100152879304,0.08472488612524028
ergo_adaptive,120.5,0.03501376865013987,0.08456486404593677
ergo_adaptive,120.58333333333337,0.03472887798137799,0.08442701006005815
ergo_adaptive,120.66666666666663,0.031649169605947915,0.0842692597116225
ergo_adaptive,120.75,0.031040223737262482,0.0841132256979036
ergo_adaptive,120.83333333333337,0.03474923566504088,0.08399353347851934
ergo_adaptive,120.91666666666663,0.031119359069665557,0.0839161200513716
ergo_adaptive,121.0,0.03257341629708038,0.08390960195666007
ergo_adaptive,121.08333333333337,0.033627344376686,0.08390553924489005
ergo_adaptive,121.16666666666663,0.03563836709833871,0.08384165664320994
ergo_adaptive,121.25,0.03441805852858975,0.08375601382924633
ergo_adaptive,121.33333333333337,0.03459807281345557,0.08369514911319208
ergo_adaptive,121.41666666666663,0.03434488730191556,0.08366914893255677
ergo_adaptive,121.5,0.03459485716332543,0.08365671293634824
ergo_adaptive,121.58333333333337,0.03174343352720678,0.08364400958158756
ergo_adaptive,121.66666666666663,0.031346444004475366,0.08375703635079815
ergo_adaptive,121.75,0.033692458338354256,0.08393502803037377
ergo_adaptive,121.83333333333337,0.0328542935762053,0.08411399850517295
ergo_adaptive,121.91666666666663,0.03421064565133198,0.08425882961115114
ergo_adaptive,122.0,0.03701095303462449,0.0843596821281653
ergo_adaptive,122.08333333333337,0.0338260739506069,0.08443098116373292
ergo_adaptive,122.16666666666663,0.0353937258239006,0.08449076382434907
ergo_adaptive,122.25,0.03601140005119126,0.08452564577924995
ergo_adaptive,122.33333333333337,0.03442648423987095,0.08451123810067471
ergo_adaptive,122.41666666666663,0.033047864548927344,0.08448726921935387
ergo_adaptive,122.5,0.035511201537153494,0.08459743962927835
ergo_adaptive,122.58333333333337,0.03505796755093111,0.08471048077113676
ergo_adaptive,122.66666666666663,0.03464145351245327,0.08481171582675695
ergo_adaptive,122.75,0.03180751835965323,0.08497421647548817
ergo_adaptive,122.83333333333337,0.03157275195079988,0.08514248330349976
ergo_adaptive,122.91666666666663,0.034987435075475776,0.08528622485890866
ergo_adaptive,123.0,0.03404373552452164,0.08543524721707084
ergo_adaptive,123.08333333333337,0.035330588017591744,0.08557064902714194
ergo_adaptive,123.16666666666663,0.03625826472742278,0.08572617081799751
ergo_adaptive,123.25,0.0343969273270934,0.08588892471447991
ergo_adaptive,123.33333333333337,0.03184559024737039,0.08602924477108399
ergo_adaptive,123.41666666666663,0.029908248308253605,0.08612971121458143
ergo_adaptive,123.5,0.02819002675190845,0.08619311708750547
ergo_adaptive,123.58333333333337,0.028549609087150457,0.08623506526058151
ergo_adaptive,123.66666666666663,0.0302004728526788,0.08626976035038766
ergo_adaptive,123.75,0.03201285655105853,0.08635277502576148
ergo_adaptive,123.83333333333337,0.03155296030721972,0.08647078840788386
ergo_adaptive,123.91666666666663,0.029132713199708567,0.08659009080335914
ergo_adaptive,124.0,0.027340713064195332,0.08667597512592307
ergo_adaptive,124.08333333333337,0.025824638264284525,0.08670897316195961
ergo_adaptive,124.16666666666663,0.028315617355250938,0.08681800958739942
ergo_adaptive,124.25,0.028508772144480048,0.0869662016351749
ergo_adaptive,124.33333333333337,0.030160304589061694,0.08710668565000208
ergo_adaptive,124.41666666666663,0.02900961017171403,0.08725967110487715
ergo_adaptive,124.5,0.028342800536554878,0.08739856449339047
ergo_adaptive,124.58333333333337,0.03014679603546602,0.08750640629065351
ergo_adaptive,124.66666666666663,0.03053154767615999,0.08764141950442662
ergo_adaptive,124.75,0.03159324269618767,0.08777677830089788
ergo_adaptive,124.83333333333337,0.03177385484996651,0.08789638089604278
ergo_adaptive,124.91666666666663,0.03253098169166519,0.0879937367777254
ergo_adaptive,125.0,0.0334011372173645,0.08808114288386351
ergo_adaptive,125.08333333333337,0.03351437238256073,0.088160595870395
ergo_adaptive,125.16666666666663,0.035168374237570514,0.08821207700803853
ergo_adaptive,125.25,0.032538067677229526,0.08823429313917323
ergo_adaptive,125.33333333333337,0.03328410528361072,0.08831425716854488
ergo_adaptive,125.41666666666663,0.032019304582901795,0.08844554539779231
ergo_adaptive,125.5,0.03070345664236138,0.08858784215138223
ergo_adaptive,125.58333333333337,0.03141891330352352,0.08872046522685266
ergo_adaptive,125.66666666666663,0.02952826413519678,0.08885156553385785
ergo_adaptive,125.75,0.03006873336295299,0.08896498720365852
ergo_adaptive,125.83333333333337,0.02957890442521473,0.08908703891888138
ergo_adaptive,125.91666666666663,0.03208508248400493,0.08919039242253617
ergo_adaptive,126.0,0.029617813633523737,0.0893136585504713
ergo_adaptive,126.08333333333337,0.028847975413930048,0.0894230792770551
ergo_adaptive,126.16666666666663,0.029187987262961748,0.08951022532186984
ergo_adaptive,126.25,0.029396669286184802,0.08961623135426736
ergo_adaptive,126.33333333333337,0.032813816632979526,0.08972066032883064
ergo_adaptive,126.41666666666663,0.03420529901997097,0.08984220747747067
ergo_adaptive,126.5,0.03372685773598425,0.08996521145610337
ergo_adaptive,126.58333333333337,0.03187343649297698,0.09007728572285786
ergo_adaptive,126.66666666666663,0.031972682652872966,0.09018624839133159
ergo_adaptive,126.75,0.02937849140679269,0.09028813169537123
ergo_adaptive,126.83333333333337,0.031382491046979995,0.0903879833565675
ergo_adaptive,126.91666666666663,0.02975394219787916,0.09047949107067327
ergo_adaptive,127.0,0.030783204126514113,0.09053107434553467
ergo_adaptive,127.08333333333337,0.030370811396466333,0.0905319474217931
ergo_adaptive,127.16666666666663,0.0304003949563065,0.09048200451011044
ergo_adaptive,127.25,0.032274299811392425,0.09046049302415296
ergo_adaptive,127.33333333333337,0.03134160953953637,0.09049801001467733
ergo_adaptive,127.41666666666663,0.028545251289193257,0.09060343373227048
ergo_adaptive,127.5,0.02722239775952776,0.09069206288872891
ergo_adaptive,127.58333333333337,0.03125143941445637,0.09078215413002813
ergo_adaptive,127.66666666666663,0.030363575535287072,0.09089774103622136
ergo_adaptive,127.75,0.03035208513776753,0.09101216611670121
ergo_adaptive,127.83333333333337,0.02546745842285508,0.09111835382282353
ergo_adaptive,127.91666666666663,0.02815274083997565,0.09121847288855203
ergo_adaptive,128.0,0.028567347127038505,0.09130642020737026
ergo_adaptive,128.08333333333337,0.02895924402765373,0.09137274807644724
ergo_adaptive,128.16666666666663,0.028813825615884497,0.09145583664396822
ergo_adaptive,128.25,0.029521784457215434,0.09154656200131636
ergo_adaptive,128.33333333333337,0.030470243252794585,0.09164212652228138
ergo_adaptive,128.41666666666663,0.028842123550383916,0.09174070423684043
ergo_adaptive,128.5,0.027734756892608618,0.09184119451675368
ergo_adaptive,128.58333333333337,0.02837739502791717,0.09194298541762652
ergo_adaptive,128.66666666666663,0.026594691081872165,0.09204493972522572
ergo_adaptive,128.75,0.031232612072799527,0.0921468774282134
ergo_adaptive,128.83333333333337,0.0311147921986236,0.09224486176696371
ergo_adaptive,128.91666666666663,0.03350541092778364,0.09234052691980449
ergo_adaptive,129.0,0.029573725078416054,0.09243416347369343
ergo_adaptive,129.08333333333337,0.025887714872816252,0.09252154829738916
ergo_adaptive,129.16666666666663,0.028233795372200027,0.09260282822362605
ergo_adaptive,129.25,0.029174202627988734,0.09269224837307108
ergo_adaptive,129.33333333333337,0.028677792198742235,0.09278693738148323
ergo_adaptive,129.41666666666663,0.029281615519170648,0.09288225276606361
ergo_adaptive,129.5,0.032429265194869494,0.09297732322412916
ergo_adaptive,129.58333333333337,0.03376049243414613,0.09306195053826659
ergo_adaptive,129.66666666666663,0.03467758677311888,0.09313745061983893
ergo_adaptive,129.75,0.0321485321347301,0.0931953502612694
ergo_adaptive,129.83333333333337,0.03267183629075161,0.09327130904056795
ergo_adaptive,129.91666666666663,0.032973583749460356,0.09336198551636105
ergo_adaptive,130.0,0.03238170487084899,0.09344098552204494
ergo_adaptive,130.08333333333337,0.033411100441760364,0.0935261387570646
ergo_adaptive,130.16666666666663,0.03492169023106491,0.09361481983387576
ergo_adaptive,130.25,0.03392716002796798,0.0937005588427877
ergo_adaptive,130.33333333333337,0.03381170415051961,0.0937919946324226
ergo_adaptive,130.41666666666663,0.03160032354507979,0.0938824531782083
ergo_adaptive,130.5,0.031210400439465432,0.09397164387695281
ergo_adaptive,130.58333333333337,0.03436391222296494,0.09405974766643485
ergo_adaptive,130.66666666666663,0.03377770108560389,0.09413775573836841
ergo_adaptive,130.75,0.03343393274776849,0.09421762600475973
ergo_adaptive,130.83333333333337,0.033127930257295095,0.09430169901187418
ergo_adaptive,130.91666666666663,0.030373790202266285,0.09438488334449528
ergo_adaptive,131.0,0.032313939019252856,0.09446987214975472
ergo_adaptive,131.08333333333337,0.029344428668424592,0.09455260247450312
ergo_adaptive,131.16666666666663,0.030222379710750168,0.09463618637927365
ergo_adaptive,131.25,0.029954295765996748,0.09472000081445503
ergo_adaptive,131.33333333333337,0.03229413422538231,0.09479994129093963
ergo_adaptive,131.41666666666663,0.029881607495471512,0.09488571628483312
ergo_adaptive,131.5,0.02577127558919593,0.09496889894843119
ergo_adaptive,131.58333333333337,0.026195248387619913,0.09504573236978965
ergo_adaptive,131.66666666666663,0.029478898750064004,0.09512578281182804
ergo_adaptive,131.75,0.030362850782065513,0.09520163418908877
ergo_adaptive,131.83333333333337,0.0318761971974888,0.09527518161633716
ergo_adaptive,131.91666666666663,0.030129465833400426,0.09534594625449204
ergo_adaptive,132.0,0.031191542160764543,0.0954060267557345
ergo_adaptive,132.08333333333337,0.03017492990157693,0.09546045211057898
ergo_adaptive,132.16666666666663,0.03189634950026445,0.0954993203352409
ergo_adaptive,132.25,0.03321090309898043,0.09552929165303696
ergo_adaptive,132.33333333333337,0.031702249831857196,0.09553035031009795
ergo_adaptive,132.41666666666663,0.028967992195667,0.09550625116223976
ergo_adaptive,132.5,0.029700883374725734,0.09553333064732131
ergo_adaptive,132.58333333333337,0.028124567016813668,0.0956086170621622
ergo_adaptive,132.66666666666663,0.028199092673945086,0.09569618818066546
ergo_adaptive,132.75,0.027198525886358835,0.09577987613486234
ergo_adaptive,132.83333333333337,0.029160600885024455,0.09583919243521295
ergo_adaptive,132.91666666666663,0.029866015954434107,0.0958940774276439
ergo_adaptive,133.0,0.030618622912647615,0.09596158215933052
ergo_adaptive,133.08333333333337,0.02971969428607521,0.09603668957766817
ergo_adaptive,133.16666666666663,0.029574028137228262,0.09611654370587126
ergo_adaptive,133.25,0.028296091912366417,0.09619916312839642
ergo_adaptive,133.33333333333337,0.031291837585114966,0.09628326964843095
ergo_adaptive,133.41666666666663,0.03143702226259372,0.0963672979341223
ergo_adaptive,133.5,0.03161159913464456,0.09645018872838591
ergo_adaptive,133.58333333333337,0.03235658357272366,0.09653180296510454
ergo_adaptive,133.66666666666663,0.032193711503544775,0.09661082395706382
ergo_adaptive,133.75,0.0318478075435515,0.0966883407021166
ergo_adaptive,133.83333333333337,0.027738303788123007,0.09676490228726806
ergo_adaptive,133.91666666666663,0.026929818899493065,0.09684240024968986
ergo_adaptive,134.0,0.026729699597689623,0.09690616459093232
ergo_adaptive,134.08333333333337,0.02498814473666835,0.09698279456855252
ergo_adaptive,134.16666666666663,0.027669232325886244,0.09706090421623088
ergo_adaptive,134.25,0.024852546193011846,0.09713888190496604
ergo_adaptive,134.33333333333337,0.01928104816088172,0.09719739009595228
ergo_adaptive,134.41666666666663,0.020987331433664456,0.0972027061112213
ergo_adaptive,134.5,0.017951726176396718,0.09716384040080356
ergo_adaptive,134.58333333333337,0.02360398336198632,0.09706127251920398
ergo_adaptive,134.66666666666663,0.024698679739332298,0.09687299194737034
ergo_adaptive,134.75,0.02707121775898882,0.09665467321549387
ergo_adaptive,134.83333333333337,0.025705551332959615,0.096485118527525
ergo_adaptive,134.91666666666663,0.0215568607184494,0.09635814389212545
ergo_adaptive,135.0,0.021425547822789714,0.09616477815286206
ergo_adaptive,135.08333333333337,0.022212795731417167,0.09595139067367421
ergo_adaptive,135.16666666666663,0.024609517671089876,0.09579872031954785
ergo_adaptive,135.25,0.028069383085127752,0.09580502357767229
ergo_adaptive,135.33333333333337,0.027155460433341855,0.09585918259580621
ergo_adaptive,135.41666666666663,0.022674878207450868,0.0959262892322241
ergo_adaptive,135.5,0.02283089921032966,0.09593019851935952
ergo_adaptive,135.58333333333337,0.023430779926482386,0.09596992458543824
ergo_adaptive,135.66666666666663,0.021429882788089688,0.09605291820231236
ergo_adaptive,135.75,0.020093878536778353,0.09609131950556118
ergo_adaptive,135.83333333333337,0.025975799514440682,0.09611416756254244
ergo_adaptive,135.91666666666663,0.02673318861653354,0.09615759925046541
ergo_adaptive,136.0,0.024432089115494483,0.09622991584892256
ergo_adaptive,136.08333333333337,0.022857411501551225,0.09631493163028164
ergo_adaptive,136.16666666666663,0.02401862864879725,0.09637670981838596
ergo_adaptive,136.25,0.023837681027445004,0.09639914226294032
ergo_adaptive,136.33333333333337,0.023854949269617537,0.0964651066102966
ergo_adaptive,136.41666666666663,0.022102266304620574,0.09652158636552066
ergo_adaptive,136.5,0.02302518796635304,0.09657587836345628
ergo_adaptive,136.58333333333337,0.025396675074742605,0.0966274850712552
ergo_adaptive,136.66666666666663,0.02467009001735598,0.09669955687856306
ergo_adaptive,136.75,0.023614429487428208,0.09678281671822479
ergo_adaptive,136.83333333333337,0.024810636945086388,0.09682851594905693
ergo_adaptive,136.91666666666663,0.021773623586743323,0.09688108624910183
ergo_adaptive,137.0,0.018717635269733537,0.09695275694849491
ergo_adaptive,137.08333333333337,0.019271695197521314,0.09699577776123715
ergo_adaptive,137.16666666666663,0.017710965206319113,0.09692680170929038
ergo_adaptive,137.25,0.02109954157982584,0.09672672440716658
ergo_adaptive,137.33333333333337,0.017162720107756487,0.09649412763344291
ergo_adaptive,137.41666666666663,0.016430330335557214,0.09643403062334596
ergo_adaptive,137.5,0.01476499693382691,0.09640757868610501
ergo_adaptive,137.58333333333337,0.0167082165522525,0.09637414503507359
ergo_adaptive,137.66666666666663,0.01581732857955516,0.0964172237780632
ergo_adaptive,137.75,0.018597284584192103,0.09648698178309341
ergo_adaptive,137.83333333333337,0.017525389739951457,0.09655167222320005
ergo_adaptive,137.91666666666663,0.01790750772140118,0.09662091949605621
ergo_adaptive,138.0,0.017019712156342872,0.09668865324576396
ergo_adaptive,138.08333333333337,0.018177573311423754,0.0967852979978486
ergo_adaptive,138.16666666666663,0.020444715637898098,0.09686202629208203
ergo_adaptive,138.25,0.020781661271916295,0.09689577228554105
ergo_adaptive,138.33333333333337,0.02323676514376121,0.0968848783070072
ergo_adaptive,138.41666666666663,0.01934545138992144,0.09683698444089733
ergo_adaptive,138.5,0.017265494240808206,0.0968600600096489
ergo_adaptive,138.58333333333337,0.014140373045170997,0.09693761559087177
ergo_adaptive,138.66666666666663,0.014204878365803664,0.09703254232732525
ergo_adaptive,138.75,0.011627337410570666,0.09710962660725057
ergo_adaptive,138.83333333333337,0.010717184867235758,0.09713454138108076
ergo_adaptive,138.91666666666663,0.01171912337863542,0.0970965423254279
ergo_adaptive,139.0,0.01284551557793685,0.0970132239180621
ergo_adaptive,139.08333333333337,0.013550988773827023,0.09688765908151754
ergo_adaptive,139.16666666666663,0.01648589335244849,0.0966564229906964
ergo_adaptive,139.25,0.014988964220829413,0.0963383347173174
ergo_adaptive,139.33333333333337,0.01790956917467017,0.09602408457453837
ergo_adaptive,139.41666666666663,0.018627936652939266,0.09577966068889227
ergo_adaptive,139.5,0.02195506261204628,0.09566132636291767
ergo_adaptive,139.58333333333337,0.022749770636260207,0.09569824351065206
ergo_adaptive,139.66666666666663,0.024475226086237714,0.09575773589368
ergo_adaptive,139.75,0.022012614150675014,0.09584148691687569
ergo_adaptive,139.83333333333337,0.023684181689900524,0.09593222487435536
ergo_adaptive,139.91666666666663,0.022571842661467518,0.09599372638208513
ergo_adaptive,140.0,0.02035777891801315,0.09606161838493255
ergo_adaptive,140.08333333333337,0.024367141680702805,0.09607550441131164
ergo_adaptive,140.16666666666663,0.022302820074740572,0.0960971377621437
ergo_adaptive,140.25,0.020954504909406403,0.09617964872302465
ergo_adaptive,140.33333333333337,0.022665387147197787,0.09625254694376052
ergo_adaptive,140.41666666666663,0.02250047745104169,0.09630569883679288
ergo_adaptive,140.5,0.021111841156055057,0.09638712188620348
ergo_adaptive,140.58333333333337,0.022170164780381505,0.09645762437993996
ergo_adaptive,140.66666666666663,0.02165753471080059,0.09649991021158592
ergo_adaptive,140.75,0.020613658592741797,0.09657258526930806
ergo_adaptive,140.83333333333337,0.018121476299174228,0.09655364296361124
ergo_adaptive,140.91666666666663,0.018656283484410226,0.0964523285565602
ergo_adaptive,141.0,0.018497187167900386,0.09639803445937631
ergo_adaptive,141.08333333333337,0.016236824041904897,0.09634960252381394
ergo_adaptive,141.16666666666663,0.013784679730183798,0.09626550987184529
ergo_adaptive,141.25,0.014950614255682499,0.09617657073686435
ergo_adaptive,141.33333333333337,0.016108189582081017,0.09620201531074933
ergo_adaptive,141.41666666666663,0.013046687736058936,0.09624905870091612
ergo_adaptive,141.5,0.011672493758995166,0.09627486623194183
ergo_adaptive,141.58333333333337,0.01084892445913041,0.09621718484314304
ergo_adaptive,141.66666666666663,0.012526453435567754,0.09610206903744271
ergo_adaptive,141.75,0.016160917013585532,0.09603780046904145
ergo_adaptive,141.83333333333337,0.014801356321652763,0.0960782628545631
ergo_adaptive,141.91666666666663,0.015452009653887632,0.09609789444578373
ergo_adaptive,142.0,0.01589817134288949,0.09615754953941631
ergo_adaptive,142.08333333333337,0.017323069063213212,0.09621186758701535
ergo_adaptive,142.16666666666663,0.017124503962235697,0.09625215903120826
ergo_adaptive,142.25,0.01594263968531197,0.09631575343230302
ergo_adaptive,142.33333333333337,0.015128134836420195,0.09638223864590179
ergo_adaptive,142.41666666666663,0.012157356516485727,0.09642087997319214
ergo_adaptive,142.5,0.014130330657967623,0.09647779807980292
ergo_adaptive,142.58333333333337,0.012432622205322312,0.09652949837393092
ergo_adaptive,142.66666666666663,0.012233780510281029,0.09660254676268318
ergo_adaptive,142.75,0.012910042116825837,0.09657468533757216
ergo_adaptive,142.83333333333337,0.011944333739609224,0.09662292992625912
ergo_adaptive,142.91666666666663,0.011547433263484046,0.09664842731594492
ergo_adaptive,143.0,0.012060678939426646,0.09668916146473645
ergo_adaptive,143.08333333333337,0.011146018709913988,0.09674485310898423
ergo_adaptive,143.16666666666663,0.013522750924391216,0.09680064900652813
ergo_adaptive,143.25,0.014730088625221426,0.09684986597270667
ergo_adaptive,143.33333333333337,0.013630456135852493,0.0968737533390137
ergo_adaptive,143.41666666666663,0.013929785326452886,0.09695450266972375
ergo_adaptive,143.5,0.010366226328490666,0.09701481250461351
ergo_adaptive,143.58333333333337,0.012184399428148423,0.09705134414742615
ergo_adaptive,143.66666666666663,0.015513374476003598,0.09694574622307267
ergo_adaptive,143.75,0.014335291743146742,0.0968825991834226
ergo_adaptive,143.83333333333337,0.011073276180177762,0.09678046632108125
ergo_adaptive,143.91666666666663,0.010168404290990944,0.09660862695609347
ergo_adaptive,144.0,0.009444383160385574,0.09653315639546996
ergo_adaptive,144.08333333333337,0.012725426043377768,0.09650717323474893
ergo_adaptive,144.16666666666663,0.012045759015498383,0.09655331493218897
ergo_adaptive,144.25,0.011385236384098243,0.09659104777949801
ergo_adaptive,144.33333333333337,0.008830286509118527,0.09659258363294247
ergo_adaptive,144.41666666666663,0.00812810678602328,0.09658547417337128
ergo_adaptive,144.5,0.010059912307279326,0.09653578168092544
ergo_adaptive,144.58333333333337,0.011244697203279775,0.09651083568482596
ergo_adaptive,144.66666666666663,0.010166423573268836,0.09652613715102809
ergo_adaptive,144.75,0.00937563955719018,0.09655672212252059
ergo_adaptive,144.83333333333337,0.007388930368460918,0.09661448977116811
ergo_adaptive,144.91666666666663,0.005456446298888965,0.09663850781523073
ergo_adaptive,145.0,0.005882833762443989,0.09665218679268683
ergo_adaptive,145.08333333333337,0.006856991501553731,0.09671926436515298
ergo_adaptive,145.16666666666663,0.007914401705864174,0.09678766092661165
ergo_adaptive,145.25,0.010721746840174391,0.09683156413647967
ergo_adaptive,145.33333333333337,0.011096016993861726,0.09681212804063899
ergo_adaptive,145.41666666666663,0.012819918722356343,0.09674546916031379
ergo_adaptive,145.5,0.01519778089355321,0.09664978343035523
ergo_adaptive,145.58333333333337,0.013115173029160501,0.09652622435669764
ergo_adaptive,145.66666666666663,0.01385293714010572,0.09639599763554005
ergo_adaptive,145.75,0.01493664390334101,0.09625864207343944
ergo_adaptive,145.83333333333337,0.017539303915878657,0.09612707371642157
ergo_adaptive,145.91666666666663,0.01586137347517562,0.09601632551378302
ergo_adaptive,146.0,0.014296551761366948,0.0959139466834147
ergo_adaptive,146.08333333333337,0.012557076433252871,0.09584238281995103
ergo_adaptive,146.16666666666663,0.01522796154790901,0.09585710645189202
ergo_adaptive,146.25,0.01547907738553055,0.09586029372886236
ergo_adaptive,146.33333333333337,0.01369314282052904,0.09585830585783055
ergo_adaptive,146.41666666666663,0.01577860937866969,0.09592579666042303
ergo_adaptive,146.5,0.01531572803256973,0.09602209829836598
ergo_adaptive,146.58333333333337,0.015243177907093347,0.09612053028201424
ergo_adaptive,146.66666666666663,0.015018329299363836,0.09621194542558235
ergo_adaptive,146.75,0.0144621518879528,0.09631674138645446
ergo_adaptive,146.83333333333337,0.014920366961633867,0.09642400088213562
ergo_adaptive,146.91666666666663,0.014387288512399945,0.09650754936273034
ergo_adaptive,147.0,0.01248553239258612,0.09661021992912454
ergo_adaptive,147.08333333333337,0.012998014653669083,0.09671290037021713
ergo_adaptive,147.16666666666663,0.012949105357914803,0.0967881382067461
ergo_adaptive,147.25,0.01234666100399911,0.0968805038695969
ergo_adaptive,147.33333333333337,0.010922060748600653,0.0969444807382606
ergo_adaptive,147.41666666666663,0.011530687288843417,0.09700703923183147
ergo_adaptive,147.5,0.0075796794167791405,0.09705800140347227
ergo_adaptive,147.58333333333337,0.007142193886372428,0.09710942244995503
ergo_adaptive,147.66666666666663,0.0075607028480145135,0.09714067459829412
ergo_adaptive,147.75,0.004687243959051882,0.09716483609516978
ergo_adaptive,147.83333333333337,0.0055899563528477945,0.09717081394186468
ergo_adaptive,147.91666666666663,0.008048992143519946,0.09711467654357277
ergo_adaptive,148.0,0.009021489513561416,0.09710994900233286
ergo_adaptive,148.08333333333337,0.0070513272883772045,0.09716848883112363
ergo_adaptive,148.16666666666663,0.007353487227512225,0.09724255300523255
ergo_adaptive,148.25,0.006627888085059125,0.09725346784205323
ergo_adaptive,148.33333333333337,0.004660152807496554,0.09723626985448118
ergo_adaptive,148.41666666666663,0.0047475767537993,0.09718650650212236
ergo_adaptive,148.5,0.006267837880261155,0.09717806241982338
ergo_adaptive,148.58333333333337,0.003953462544626235,0.09720801039450962
ergo_adaptive,148.66666666666663,0.00604812464238938,0.09723673707994482
ergo_adaptive,148.75,0.010159803226142482,0.09725568547589854
ergo_adaptive,148.83333333333337,0.012542322410163712,0.09729997023696062
ergo_adaptive,148.91666666666663,0.014717862483666092,0.09733555023273079
ergo_adaptive,149.0,0.014034836749256938,0.09734869527325724
ergo_adaptive,149.08333333333337,0.014324078674982857,0.097344391737058
ergo_adaptive,149.16666666666663,0.015128839624367417,0.09732472985300135
ergo_adaptive,149.25,0.014164705602044454,0.09728943508898112
ergo_adaptive,149.33333333333337,0.01228377435219203,0.09725868178693216
ergo_adaptive,149.41666666666663,0.011545469338335822,0.09727696318560192
ergo_adaptive,149.5,0.009757677265252054,0.09733683941193066
ergo_adaptive,149.58333333333337,0.010143262515761201,0.09741909961922524
ergo_adaptive,149.66666666666663,0.010770202683930044,0.09750597961268753
ergo_adaptive,149.75,0.011143424521779162,0.09759443002923941
ergo_adaptive,149.83333333333337,0.010960790806098668,0.09767299626940328
ergo_adaptive,149.91666666666663,0.010744610587835608,0.09774378524704072
ergo_adaptive,150.0,0.009637008021177456,0.09780818176478934
ergo_adaptive,150.08333333333337,0.009236983269270763,0.09784018543475773
ergo_adaptive,150.16666666666663,0.0098768970971532,0.0978781926684265
ergo_adaptive,150.25,0.010315343360671643,0.0979407453908844
ergo_adaptive,150.33333333333337,0.008673255576597826,0.09802743735745205
ergo_adaptive,150.41666666666663,0.008358640969564167,0.0980960410188683
ergo_adaptive,150.5,0.011428241434678629,0.09809729661640991
ergo_adaptive,150.58333333333337,0.010062349238776662,0.09811671828340558
ergo_adaptive,150.66666666666663,0.009407711778281758,0.09815851796851073
ergo_adaptive,150.75,0.010035888089161544,0.09815322733901861
ergo_adaptive,150.83333333333337,0.009872707062930171,0.0982021054190625
ergo_adaptive,150.91666666666663,0.012846200219943059,0.09822332603263549
ergo_adaptive,151.0,0.012050717470470904,0.09825313597505565
ergo_adaptive,151.08333333333337,0.010328475000245205,0.09831284708992531
ergo_adaptive,151.16666666666663,0.010442639121443257,0.0983894662086335
ergo_adaptive,151.25,0.012279365814406864,0.09843192280056466
ergo_adaptive,151.33333333333337,0.00898924670116037,0.09846877138235649
ergo_adaptive,151.41666666666663,0.009834721183646674,0.09849207905151428
ergo_adaptive,151.5,0.00655539400736862,0.09846749117688496
ergo_adaptive,151.58333333333337,0.006156888238218951,0.09840847901155773
ergo_adaptive,151.66666666666663,0.005324401243103339,0.09828490881259967
ergo_adaptive,151.75,0.011806534149799196,0.09796514753838549
ergo_adaptive,151.83333333333337,0.016677174764217543,0.0975740004790007
ergo_adaptive,151.91666666666663,0.016537420979186,0.09714352469138152
ergo_adaptive,152.0,0.01575521988369689,0.09697508110687121
ergo_adaptive,152.08333333333337,0.016212505002643776,0.09689519452617408
ergo_adaptive,152.16666666666663,0.017343446896439706,0.09686450357428526
ergo_adaptive,152.25,0.015963381887596547,0.0969150819574259
ergo_adaptive,152.33333333333337,0.017123409933744116,0.09694654222262777
ergo_adaptive,152.41666666666663,0.01659787891831163,0.09698927521007338
ergo_adaptive,152.5,0.014662413332078192,0.09703603706819633
ergo_adaptive,152.58333333333337,0.014105277583940866,0.09705335652634606
ergo_adaptive,152.66666666666663,0.012664015017765052,0.09709610087263136
ergo_adaptive,152.75,0.012649948976480856,0.09713064708612237
ergo_adaptive,152.83333333333337,0.011905931480694935,0.09714942418552182
ergo_adaptive,152.91666666666663,0.011643350296330566,0.09718221320567468
ergo_adaptive,153.0,0.008048712440383599,0.09723424295441711
ergo_adaptive,153.08333333333337,0.0066418818671563525,0.09730309873362024
ergo_adaptive,153.16666666666663,0.007716259541453081,0.09735690774784626
ergo_adaptive,153.25,0.008934815079076754,0.09741519761513748
ergo_adaptive,153.33333333333337,0.007534601416311624,0.0974482822504062
ergo_adaptive,153.41666666666663,0.007046439794386663,0.09750954218987017
ergo_adaptive,153.5,0.00789096711049951,0.09756516206126646
ergo_adaptive,153.58333333333337,0.006889238990159164,0.09749940415256882
ergo_adaptive,153.66666666666663,0.009722405645591571,0.0975307755697478
ergo_adaptive,153.75,0.010151563680732613,0.09759981695535368
ergo_adaptive,153.83333333333337,0.01048384315114317,0.09766534886273559
ergo_adaptive,153.91666666666663,0.012514615547417418,0.09770588464863318
ergo_adaptive,154.0,0.011559347998954214,0.09773069778155732
ergo_adaptive,154.08333333333337,0.011336524462178166,0.09781090411812335
ergo_adaptive,154.16666666666663,0.011064665399779986,0.09782392436703666
ergo_adaptive,154.25,0.009728953350182886,0.09776419399524158
ergo_adaptive,154.33333333333337,0.011456110537160122,0.09771081434420363
ergo_adaptive,154.41666666666663,0.00953445753900484,0.09774932511660274
ergo_adaptive,154.5,0.010575382868617736,0.09765781258770564
ergo_adaptive,154.58333333333337,0.011078944578964793,0.09760766374534066
ergo_adaptive,154.66666666666663,0.009670643557316765,0.09764712457250922
ergo_adaptive,154.75,0.008328063407874276,0.09761375376237022
ergo_adaptive,154.83333333333337,0.01023318144027046,0.09758611292587628
ergo_adaptive,154.91666666666663,0.008484113635893208,0.09764721935713071
ergo_adaptive,155.0,0.009481828699444743,0.09765746970676593
ergo_adaptive,155.08333333333337,0.009269016705511555,0.09760060636714758
ergo_adaptive,155.16666666666663,0.01516115433372423,0.09751188130458466
ergo_adaptive,155.25,0.013198179568792264,0.0975108922515552
ergo_adaptive,155.33333333333337,0.012100817199656444,0.0974658398930475
ergo_adaptive,155.41666666666663,0.017080418761117277,0.09738431956542816
ergo_adaptive,155.5,0.017516675812608903,0.09738971257341066
ergo_adaptive,155.58333333333337,0.014193766810131136,0.09740190483735475
ergo_adaptive,155.66666666666663,0.013693987927783242,0.0973799488472838
ergo_adaptive,155.75,0.01495915121566961,0.09735115828172639
ergo_adaptive,155.83333333333337,0.014701448365929607,0.09736080607701209
ergo_adaptive,155.91666666666663,0.01245676904088416,0.09739652061790867
ergo_adaptive,156.0,0.01244079259452755,0.09744810472957739
ergo_adaptive,156.08333333333337,0.010940595546392637,0.09750343037933625
ergo_adaptive,156.16666666666663,0.011395750720819487,0.09755621198801967
ergo_adaptive,156.25,0.013494383411889155,0.09762211076609859
ergo_adaptive,156.33333333333337,0.013990487711373133,0.09766712742868458
ergo_adaptive,156.41666666666663,0.011787921672578446,0.09765772542723375
ergo_adaptive,156.5,0.010314181451198548,0.09768744991112534
ergo_adaptive,156.58333333333337,0.008647111315901979,0.09773909322547882
ergo_adaptive,156.66666666666663,0.009045831387690858,0.09769342809560116
ergo_adaptive,156.75,0.011697961097356102,0.09741318130838408
ergo_adaptive,156.83333333333337,0.008842325442951339,0.09697783577689979
ergo_adaptive,156.91666666666663,0.009109378042583176,0.09685406118821757
ergo_adaptive,157.0,0.007536499067579451,0.09671036424904195
ergo_adaptive,157.08333333333337,0.007438304273666206,0.09669324682871513
ergo_adaptive,157.16666666666663,0.008617663084153291,0.09677955309484562
ergo_adaptive,157.25,0.009238852038092242,0.09690836265989797
ergo_adaptive,157.33333333333337,0.008502455389980344,0.09699790090166331
ergo_adaptive,157.41666666666663,0.007426916223954642,0.09712017508102681
ergo_adaptive,157.5,0.008804027100539673,0.09716501463987114
ergo_adaptive,157.58333333333337,0.00938430859523746,0.09709537146596885
ergo_adaptive,157.66666666666663,0.009774223709040962,0.09705562827095843
ergo_adaptive,157.75,0.011651815958373016,0.09704685314690152
ergo_adaptive,157.83333333333337,0.013854772964957629,0.0970839028620761
ergo_adaptive,157.91666666666663,0.013068699291712036,0.09714999162690265
ergo_adaptive,158.0,0.012493910425362041,0.09722171331405043
ergo_adaptive,158.08333333333337,0.011580951700519017,0.09723136124120965
ergo_adaptive,158.16666666666663,0.012279964202759888,0.09725418430138857
ergo_adaptive,158.25,0.012541364317409081,0.09730554972461317
ergo_adaptive,158.33333333333337,0.014167960423584694,0.09739040421897126
ergo_adaptive,158.41666666666663,0.014851228341005314,0.09746395308627012
ergo_adaptive,158.5,0.015749806674219168,0.0974110740833388
ergo_adaptive,158.58333333333337,0.017726062822486083,0.09724624056161703
ergo_adaptive,158.66666666666663,0.014675276075176918,0.09701596224162963
ergo_adaptive,158.75,0.012596265887408564,0.09692231334217084
ergo_adaptive,158.83333333333337,0.012890582548860505,0.0969510161678088
ergo_adaptive,158.91666666666663,0.012986007973036319,0.09702804420631347
ergo_adaptive,159.0,0.015050368710605258,0.09712684823583057
ergo_adaptive,159.08333333333337,0.01202258790543905,0.09724071509993357
ergo_adaptive,159.16666666666663,0.01083577243412499,0.09727463088785418
ergo_adaptive,159.25,0.011365301573804117,0.0972951278414509
ergo_adaptive,159.33333333333337,0.010264942187968933,0.09733558950495394
ergo_adaptive,159.41666666666663,0.009704118889099915,0.09732715016358223
ergo_adaptive,159.5,0.007873771843165038,0.09733186882873476
ergo_adaptive,159.58333333333337,0.006710617338683378,0.09734822751989383
ergo_adaptive,159.66666666666663,0.008160205646508116,0.09732677165785075
ergo_adaptive,159.75,0.012067700927232923,0.09734095105234182
ergo_adaptive,159.83333333333337,0.010368472508025887,0.09740600065413162
ergo_adaptive,159.91666666666663,0.01138735952289457,0.09744468105952234
ergo_adaptive,160.0,0.010152311395526758,0.09750238766115704
ergo_adaptive,160.08333333333337,0.011783966712858685,0.09751604960185711
ergo_adaptive,160.16666666666663,0.012941167316406052,0.09755847122692772
ergo_adaptive,160.25,0.011863059372949273,0.09762374696163444
ergo_adaptive,160.33333333333337,0.013098361311887267,0.09763589440135789
ergo_adaptive,160.41666666666663,0.013306848686231674,0.09764323986326821
ergo_adaptive,160.5,0.014042425337570183,0.09766369883230276
ergo_adaptive,160.58333333333337,0.01605338340442573,0.09769469771785395
ergo_adaptive,160.66666666666663,0.01718031000459534,0.09774560485328695
ergo_adaptive,160.75,0.017182798903755826,0.09780401064395865
ergo_adaptive,160.83333333333337,0.01611614948791012,0.09783057447084466
ergo_adaptive,160.91666666666663,0.018551922307517912,0.09790655503679928
ergo_adaptive,161.0,0.016272626191225832,0.09795196602872219
ergo_adaptive,161.08333333333337,0.016269855783071937,0.09803701720883565
ergo_adaptive,161.16666666666663,0.012855355533094599,0.09809197398894857
ergo_adaptive,161.25,0.011741239461815586,0.09806930131577096
ergo_adaptive,161.33333333333337,0.010928649915524096,0.09798464801495232
ergo_adaptive,161.41666666666663,0.008747838144689893,0.09794412601060619
ergo_adaptive,161.5,0.01046159938760696,0.09792372349249183
ergo_adaptive,161.58333333333337,0.008333548873331997,0.09794054220077991
ergo_adaptive,161.66666666666663,0.009013043756154946,0.09794210063731414
ergo_adaptive,161.75,0.009921821034282177,0.0979703539910338
ergo_adaptive,161.83333333333337,0.009831242354004817,0.0980093946383762
ergo_adaptive,161.91666666666663,0.011508476361751436,0.09805238990218387
ergo_adaptive,162.0,0.011144748199515313,0.09809369571153978
ergo_adaptive,162.08333333333337,0.010517558752788045,0.09813989058112085
ergo_adaptive,162.16666666666663,0.011371980907357436,0.09817471690571597
ergo_adaptive,162.25,0.010407075236546567,0.09822035714155788
ergo_adaptive,162.33333333333337,0.010693379090899834,0.09826243398367078
ergo_adaptive,162.41666666666663,0.010879017620721979,0.09829198688133602
ergo_adaptive,162.5,0.011480521686087748,0.09832542715128348
ergo_adaptive,162.58333333333337,0.01075905093607216,0.09837020812141709
ergo_adaptive,162.66666666666663,0.01039387591793994,0.09841016836026321
ergo_adaptive,162.75,0.009642601897307175,0.09842852030219787
ergo_adaptive,162.83333333333337,0.01037188872240759,0.09844036392386998
ergo_adaptive,162.91666666666663,0.010919842027664614,0.09847447034600929
ergo_adaptive,163.0,0.011045420634865813,0.09851093896086732
ergo_adaptive,163.08333333333337,0.010472823887078717,0.09854914262853007
ergo_adaptive,163.16666666666663,0.00887405840220274,0.0985824795820921
ergo_adaptive,163.25,0.00815366827488297,0.09861163044915888
ergo_adaptive,163.33333333333337,0.008048031757007766,0.09864194553399114
ergo_adaptive,163.41666666666663,0.007365947897820872,0.09868255579256191
ergo_adaptive,163.5,0.006721754437731268,0.09872457942932047
ergo_adaptive,163.58333333333337,0.009507098962972142,0.09876746120818279
ergo_adaptive,163.66666666666663,0.008003326677754599,0.09877991731041139
ergo_adaptive,163.75,0.006405585998843236,0.09881257686882378
ergo_adaptive,163.83333333333337,0.00556659479448241,0.0988579647927515
ergo_adaptive,163.91666666666663,0.0072860791949511065,0.09876550125786403
ergo_adaptive,164.0,0.010201871791861198,0.09842764869080547
ergo_adaptive,164.08333333333337,0.011555196657522424,0.09795746302394617
ergo_adaptive,164.16666666666663,0.010794092051638128,0.0975229274671568
ergo_adaptive,164.25,0.008129622064561968,0.09730586588605182
ergo_adaptive,164.33333333333337,0.005649045041829021,0.09729825450501475
ergo_adaptive,164.41666666666663,0.005957419240541648,0.09733098597071267
ergo_adaptive,164.5,0.0053445867598558554,0.09738265311438611
ergo_adaptive,164.58333333333337,0.006101225501541619,0.09745972825720453
ergo_adaptive,164.66666666666663,0.005653744441830474,0.09754424389726188
ergo_adaptive,164.75,0.006845933937829893,0.09762422802807173
ergo_adaptive,164.83333333333337,0.00604690392088845,0.09769023852876833
ergo_adaptive,164.91666666666663,0.005621218309470841,0.09777776387890152
ergo_adaptive,165.0,0.006054137353635503,0.0978230526879607
ergo_adaptive,165.08333333333337,0.007684324499990071,0.09785878692187085
ergo_adaptive,165.16666666666663,0.007333064123912904,0.09792343779247865
ergo_adaptive,165.25,0.007286438039914812,0.09796078607629399
ergo_adaptive,165.33333333333337,0.006641272148113117,0.09799847793696581
ergo_adaptive,165.41666666666663,0.008205599637956204,0.09803409379180196
ergo_adaptive,165.5,0.008718847071480443,0.09809218393205983
ergo_adaptive,165.58333333333337,0.0057809479972659485,0.09816471741989866
ergo_adaptive,165.66666666666663,0.006910854538776499,0.09820851750117329
ergo_adaptive,165.75,0.008763289642397877,0.09818563767496026
ergo_adaptive,165.83333333333337,0.008967649767758714,0.09811255830195952
ergo_adaptive,165.91666666666663,0.008065716073052013,0.09805708886334283
ergo_adaptive,166.0,0.009889127711612686,0.09804431633000485
ergo_adaptive,166.08333333333337,0.008457274328245445,0.09805594834141958
ergo_adaptive,166.16666666666663,0.008115504964219478,0.09808631630461531
ergo_adaptive,166.25,0.006825105111600536,0.09812431114374741
ergo_adaptive,166.33333333333337,0.0072742292654925916,0.09815885152745767
ergo_adaptive,166.41666666666663,0.0074981159619501485,0.09819806924161276
ergo_adaptive,166.5,0.00890551868383889,0.09824015708334576
ergo_adaptive,166.58333333333337,0.00799788355230362,0.09827856954372513
ergo_adaptive,166.66666666666663,0.008858142533229337,0.0983203240007299
ergo_adaptive,166.75,0.009868405876112811,0.09836251662259266
ergo_adaptive,166.83333333333337,0.008370358072123425,0.09838493553494584
ergo_adaptive,166.91666666666663,0.009975266773636506,0.09841573830719423
ergo_adaptive,167.0,0.010286180879913303,0.09845339693305939
ergo_adaptive,167.08333333333337,0.011251936160381533,0.09848706746830792
ergo_adaptive,167.16666666666663,0.00956883023106161,0.09851194869902216
ergo_adaptive,167.25,0.008512721498916789,0.09854340240369816
ergo_adaptive,167.33333333333337,0.005753382738935939,0.09858030260151303
ergo_adaptive,167.41666666666663,0.0049942271180822145,0.09860423593401053
ergo_adaptive,167.5,0.004467032649924173,0.09865070008120087
ergo_adaptive,167.58333333333337,0.006130104501274991,0.09869601282313471
ergo_adaptive,167.66666666666663,0.00533580371958255,0.09870822113672728
ergo_adaptive,167.75,0.006688681800600738,0.09874078451304742
ergo_adaptive,167.83333333333337,0.010507470477155029,0.09875759874689917
ergo_adaptive,167.91666666666663,0.009725153608119368,0.09873481809149977
ergo_adaptive,168.0,0.012665096128814493,0.09868261699097793
ergo_adaptive,168.08333333333337,0.012000826771789794,0.09857227856637565
ergo_adaptive,168.16666666666663,0.010343810163779247,0.098396713801191
ergo_adaptive,168.25,0.009996409617919847,0.09825074133439207
ergo_adaptive,168.33333333333337,0.008772075552551047,0.09823252023338812
ergo_adaptive,168.41666666666663,0.008810864156795528,0.0982901119990709
ergo_adaptive,168.5,0.008370026265528015,0.09838090116061726
ergo_adaptive,168.58333333333337,0.010228858212915285,0.09845477839356427
ergo_adaptive,168.66666666666663,0.008371937335575529,0.09853561459543295
ergo_adaptive,168.75,0.009235177480302698,0.09859682161271165
ergo_adaptive,168.83333333333337,0.009380383920213582,0.09864357357951145
ergo_adaptive,168.91666666666663,0.008131189921699238,0.09869061092933205
ergo_adaptive,169.0,0.010340392234897636,0.09871758196922296
ergo_adaptive,169.08333333333337,0.010494756704015241,0.0987653931282956
ergo_adaptive,169.16666666666663,0.007821263883591488,0.09882171261314043
ergo_adaptive,169.25,0.007676519930828851,0.09884410893326484
ergo_adaptive,169.33333333333337,0.008596630927641541,0.09883150350998578
ergo_adaptive,169.41666666666663,0.00785040575163236,0.09882254286220267
ergo_adaptive,169.5,0.010493692047861632,0.09883665140901832
ergo_adaptive,169.58333333333337,0.011037718803149932,0.0988636280886907
ergo_adaptive,169.66666666666663,0.012471459841491056,0.09890422574241277
ergo_adaptive,169.75,0.010144109146057685,0.09894526840370053
ergo_adaptive,169.83333333333337,0.01263300132042143,0.09898156076443396
ergo_adaptive,169.91666666666663,0.015100426296328557,0.09901813759320725
ergo_adaptive,170.0,0.01426391732176537,0.09904565642771619
ergo_adaptive,170.08333333333337,0.01564140947303393,0.09907971084525588
ergo_adaptive,170.16666666666663,0.016005637729206525,0.09910719843515364
ergo_adaptive,170.25,0.019198813153476664,0.09910799685493558
ergo_adaptive,170.33333333333337,0.01811647568429396,0.09903416414269715
ergo_adaptive,170.41666666666663,0.01969458368160497,0.09888607158216425
ergo_adaptive,170.5,0.015472320353986244,0.09868366246097932
ergo_adaptive,170.58333333333337,0.019599204309320262,0.09860108962797437
ergo_adaptive,170.66666666666663,0.01886399201920084,0.09849995073764872
ergo_adaptive,170.75,0.019100292494297948,0.09833155353489229
ergo_adaptive,170.83333333333337,0.01807456585374435,0.09808996871626718
ergo_adaptive,170.91666666666663,0.020513304615247724,0.0977801653752036
ergo_adaptive,171.0,0.019682056141719168,0.09744285455233538
ergo_adaptive,171.08333333333337,0.0197542703882047,0.09712134367002118
ergo_adaptive,171.16666666666663,0.017470118765036655,0.0968115925706467
ergo_adaptive,171.25,0.015012783011124678,0.09648217234962662
ergo_adaptive,171.33333333333337,0.015153332967236414,0.09634405581951738
ergo_adaptive,171.41666666666663,0.018199444438983702,0.09632105941610723
ergo_adaptive,171.5,0.01564004916085734,0.09625380915402512
ergo_adaptive,171.58333333333337,0.017616819109827077,0.09615098420320851
ergo_adaptive,171.66666666666663,0.013980846713742693,0.09599018282122347
ergo_adaptive,171.75,0.014770199662806481,0.09599466070127292
ergo_adaptive,171.83333333333337,0.013263004755359072,0.09610817896944503
ergo_adaptive,171.91666666666663,0.0138624969173284,0.09626791116841878
ergo_adaptive,172.0,0.01295594998597958,0.09639910162526111
ergo_adaptive,172.08333333333337,0.013050547896986588,0.09648095348893304
ergo_adaptive,172.16666666666663,0.013132835048560065,0.09652348569139546
ergo_adaptive,172.25,0.012583997463576408,0.09655163850931199
ergo_adaptive,172.33333333333337,0.01403721368234721,0.09656272337503675
ergo_adaptive,172.41666666666663,0.013372518494536668,0.09651393000498842
ergo_adaptive,172.5,0.010000668261921137,0.09639694072329957
ergo_adaptive,172.58333333333337,0.01135212703361465,0.09636397389952019
ergo_adaptive,172.66666666666663,0.007375138621596641,0.0963749275687516
ergo_adaptive,172.75,0.00872549943050509,0.09639398945151158
ergo_adaptive,172.83333333333337,0.011136170807945472,0.09639047310922981
ergo_adaptive,172.91666666666663,0.00891362549736203,0.09634836920855705
ergo_adaptive,173.0,0.005967777394749543,0.09626016490386208
ergo_adaptive,173.08333333333337,0.005818995544100796,0.09621378723916914
ergo_adaptive,173.16666666666663,0.005072597062811642,0.09619368012061635
ergo_adaptive,173.25,0.00758173945046239,0.09618850566620725
ergo_adaptive,173.33333333333337,0.006270718712532085,0.09620379593819837
ergo_adaptive,173.41666666666663,0.004666424137070424,0.09619133437984798
ergo_adaptive,173.5,0.00333815995152179,0.09621097180346885
ergo_adaptive,173.58333333333337,0.004083651469866795,0.09625830607997524
ergo_adaptive,173.66666666666663,0.0038261070007020313,0.09629873097554104
ergo_adaptive,173.75,0.0012017342284485187,0.09619749255489667
ergo_adaptive,173.83333333333337,0.0026592445813883145,0.09623497929574672
ergo_adaptive,173.91666666666663,0.0026607984164856366,0.09632736797753215
ergo_adaptive,174.0,0.003549843326283605,0.09639120229945114
ergo_adaptive,174.08333333333337,0.004088376646522919,0.09642902494274472
ergo_adaptive,174.16666666666663,0.0024804686749182537,0.09644869329905945
ergo_adaptive,174.25,0.002024463767109032,0.0965012079422394
ergo_adaptive,174.33333333333337,0.0012970815383797046,0.09656921676247678
ergo_adaptive,174.41666666666663,0.0022957152678080967,0.09663510955246436
ergo_adaptive,174.5,0.002565070459831853,0.09667736460069554
ergo_adaptive,174.58333333333337,0.0015543520639478147,0.0966539879702285
ergo_adaptive,174.66666666666663,0.002591577270338098,0.09671801789283745
ergo_adaptive,174.75,0.003338286022561951,0.09677366279840048
ergo_adaptive,174.83333333333337,0.002706204206637788,0.09680675436314413
ergo_adaptive,174.91666666666663,0.003368299414397983,0.09683069572899354
ergo_adaptive,175.0,0.004784349855321309,0.09685594586422477
ergo_adaptive,175.08333333333337,0.004561871610331391,0.09686223566439049
ergo_adaptive,175.16666666666663,0.004897424899666112,0.09681996785662969
ergo_adaptive,175.25,0.008540806292282608,0.09672297308079926
ergo_adaptive,175.33333333333337,0.007593005673971763,0.09660668683746344
ergo_adaptive,175.41666666666663,0.007969147558038542,0.0964811801178979
ergo_adaptive,175.5,0.008424980666774001,0.09634716913705041
ergo_adaptive,175.58333333333337,0.008583671710257496,0.09620539739316862
ergo_adaptive,175.66666666666663,0.005905860316063154,0.09604504798913335
ergo_adaptive,175.75,0.006638066084613202,0.09603698812416168
ergo_adaptive,175.83333333333337,0.008370183518934322,0.09602518716483169
ergo_adaptive,175.91666666666663,0.007520007426891402,0.09595731669985282
ergo_adaptive,176.0,0.0071969132532895665,0.09583990608306577
ergo_adaptive,176.08333333333337,0.009932264120986698,0.0958098910994383
ergo_adaptive,176.16666666666663,0.010158109629678265,0.09578183159739416
ergo_adaptive,176.25,0.013854180739678154,0.09570915409534907
ergo_adaptive,176.33333333333337,0.01351122619855374,0.09558510777797916
ergo_adaptive,176.41666666666663,0.011221995791875512,0.09540440546545341
ergo_adaptive,176.5,0.010296043228098547,0.09518293281537502
ergo_adaptive,176.58333333333337,0.00869284955252963,0.09500754308814965
ergo_adaptive,176.66666666666663,0.012366104626789982,0.09500211991610137
ergo_adaptive,176.75,0.012158338835119195,0.09499188267682276
ergo_adaptive,176.83333333333337,0.014776563675282194,0.09492571178286366
ergo_adaptive,176.91666666666663,0.014583381037969642,0.09480638780927571
ergo_adaptive,177.0,0.014289892460603386,0.0946266899480914
ergo_adaptive,177.08333333333337,0.01598501854532366,0.09440939720766331
ergo_adaptive,177.16666666666663,0.014779830719983261,0.0942024862208535
ergo_adaptive,177.25,0.0189968626096385,0.09401646941951743
ergo_adaptive,177.33333333333337,0.01725268195982673,0.09382084133276446
ergo_adaptive,177.41666666666663,0.01484177685272335,0.09357485019305747
ergo_adaptive,177.5,0.014652972456287931,0.09335143449676246
ergo_adaptive,177.58333333333337,0.014375340832391961,0.09320605472325798
ergo_adaptive,177.66666666666663,0.012964237051349956,0.093109342662954
ergo_adaptive,177.75,0.01366844131067485,0.09311815347101782
ergo_adaptive,177.83333333333337,0.013367322845473546,0.09317104426970267
ergo_adaptive,177.91666666666663,0.013554151801774047,0.09324814450575866
ergo_adaptive,178.0,0.014316754586647986,0.0933403851505853
ergo_adaptive,178.08333333333337,0.014145056807300379,0.09346245679245345
ergo_adaptive,178.16666666666663,0.013365308388103757,0.09360112648724095
ergo_adaptive,178.25,0.011766757571452662,0.09374015055890461
ergo_adaptive,178.33333333333337,0.010073361600831244,0.09383959258927208
ergo_adaptive,178.41666666666663,0.009116071275075785,0.09388375223862395
ergo_adaptive,178.5,0.008212186827701438,0.09389242690100673
ergo_adaptive,178.58333333333337,0.008490477364734817,0.09391113874624527
ergo_adaptive,178.66666666666663,0.008823903321622147,0.0939154124446777
ergo_adaptive,178.75,0.01038892392064615,0.09386746898356958
ergo_adaptive,178.83333333333337,0.01098825798067729,0.09389389003729144
ergo_adaptive,178.91666666666663,0.010085040230761374,0.09398041785837409
ergo_adaptive,179.0,0.010576033433634145,0.09410031338884609
ergo_adaptive,179.08333333333337,0.010589803990362297,0.0942068717048294
ergo_adaptive,179.16666666666663,0.011301462386268968,0.09432422548464542
ergo_adaptive,179.25,0.0117277187527621,0.09441257134219681
ergo_adaptive,179.33333333333337,0.010516611122553778,0.0944728696263933
ergo_adaptive,179.41666666666663,0.010748575166079563,0.09455549777910612
ergo_adaptive,179.5,0.013054749716948918,0.09465266195080142
ergo_adaptive,179.58333333333337,0.01578428850507874,0.09472325971619591
ergo_adaptive,179.66666666666663,0.014901242376720018,0.09475422370259033
ergo_adaptive,179.75,0.013267588895987602,0.09475937081549696
ergo_adaptive,179.83333333333337,0.011121390256652413,0.0947686683977087
ergo_adaptive,179.91666666666663,0.012995055139794908,0.09482676545916033
ergo_adaptive,180.0,0.013369092395494908,0.09489869493991945
ergo_adaptive,180.08333333333337,0.012478004252492876,0.09496590023671653
ergo_adaptive,180.16666666666663,0.011315283416396062,0.09505864381781888
ergo_adaptive,180.25,0.011071040698660363,0.09514516087039128
ergo_adaptive,180.33333333333337,0.011693346581718838,0.09520796728961085
ergo_adaptive,180.41666666666663,0.011246252848055239,0.09525206631279548
ergo_adaptive,180.5,0.010221136584717707,0.09528147522429985
ergo_adaptive,180.58333333333337,0.010469036746421566,0.09524382425361498
ergo_adaptive,180.66666666666663,0.012322236636805733,0.0951328001324392
ergo_adaptive,180.75,0.014843691117685296,0.09511193380806278
ergo_adaptive,180.83333333333337,0.013333277720702159,0.09514582685961186
ergo_adaptive,180.91666666666663,0.010921590073542422,0.09520582841738644
ergo_adaptive,181.0,0.01026904598650146,0.09528904678713636
ergo_adaptive,181.08333333333337,0.010793299165898966,0.09534868324052093
ergo_adaptive,181.16666666666663,0.011402047879430726,0.09534168282656676
ergo_adaptive,181.25,0.010945485820680534,0.09527970094724464
ergo_adaptive,181.33333333333337,0.0113027234795995,0.0952660545695522
ergo_adaptive,181.41666666666663,0.011539110703008545,0.0952940867606648
ergo_adaptive,181.5,0.009537733290341485,0.09535682555936593
ergo_adaptive,181.58333333333337,0.010887566988866528,0.09539610124878163
ergo_adaptive,181.66666666666663,0.009666382191967833,0.09540415917928179
ergo_adaptive,181.75,0.011144923164649738,0.09542896156085372
ergo_adaptive,181.83333333333337,0.008531027320865749,0.09547449733923585
ergo_adaptive,181.91666666666663,0.008090031588062043,0.09553402670745764
ergo_adaptive,182.0,0.00798228372956901,0.09556062666536409
ergo_adaptive,182.08333333333337,0.0080432789043567,0.09554960394988057
ergo_adaptive,182.16666666666663,0.007366706787651925,0.09555151088742272
ergo_adaptive,182.25,0.004547347371242629,0.09553112488389863
ergo_adaptive,182.33333333333337,0.006901738379972412,0.0954573446955389
ergo_adaptive,182.41666666666663,0.005957790334088918,0.09548533626321175
ergo_adaptive,182.5,0.004314703374712621,0.09546889718654879
ergo_adaptive,182.58333333333337,0.006196619452425336,0.0954667811438701
ergo_adaptive,182.66666666666663,0.007100366619261861,0.09551671351331437
ergo_adaptive,182.75,0.005594749394398229,0.09561113981497352
ergo_adaptive,182.83333333333337,0.00605878888318858,0.09566591454630123
ergo_adaptive,182.91666666666663,0.006647757969456587,0.09564660155303965
ergo_adaptive,183.0,0.007492344826049491,0.09568262930835292
ergo_adaptive,183.08333333333337,0.008290906193987606,0.09575622032118773
ergo_adaptive,183.16666666666663,0.007616696802825048,0.09583875325517238
ergo_adaptive,183.25,0.009063700835764629,0.09593793895913111
ergo_adaptive,183.33333333333337,0.0075787560376360825,0.09602220116227254
ergo_adaptive,183.41666666666663,0.007024187260001486,0.0961120823889745
ergo_adaptive,183.5,0.008353747765853348,0.09613702295370068
ergo_adaptive,183.58333333333337,0.009235979135173142,0.09618520936016241
ergo_adaptive,183.66666666666663,0.006618666256498088,0.09627112568078444
ergo_adaptive,183.75,0.0067146712913867136,0.09634865201692484
ergo_adaptive,183.83333333333337,0.006611998739351044,0.09635019128085255
ergo_adaptive,183.91666666666663,0.007214890196683658,0.09628242375071687
ergo_adaptive,184.0,0.0048086062499095635,0.09618719564796732
ergo_adaptive,184.08333333333337,0.0049634062591600615,0.09613833366706731
ergo_adaptive,184.16666666666663,0.005915967119774425,0.09615828270519595
ergo_adaptive,184.25,0.005189645694394468,0.0962032396786446
ergo_adaptive,184.33333333333337,0.005251268507828962,0.09625088692228963
ergo_adaptive,184.41666666666663,0.00507728581569551,0.09631110034372022
ergo_adaptive,184.5,0.004647172832759978,0.09636673884217041
ergo_adaptive,184.58333333333337,0.007116220228692867,0.09643128442731524
ergo_adaptive,184.66666666666663,0.006186988035493271,0.09647386648235608
ergo_adaptive,184.75,0.0063163387354360796,0.0965174482722469
ergo_adaptive,184.83333333333337,0.005938060057913639,0.0965584359363442
ergo_adaptive,184.91666666666663,0.009732966665436627,0.09659960670683287
ergo_adaptive,185.0,0.008125207595255804,0.09661500201376806
ergo_adaptive,185.08333333333337,0.010481440260323887,0.0966176935956312
ergo_adaptive,185.16666666666663,0.010336923876158572,0.09660449860901016
ergo_adaptive,185.25,0.010014248569443489,0.09655464424344166
ergo_adaptive,185.33333333333337,0.01090797954880722,0.09648232236947575
ergo_adaptive,185.41666666666663,0.013477895027228686,0.09639107088850331
ergo_adaptive,185.5,0.01484490856581242,0.09630064015133588
ergo_adaptive,185.58333333333337,0.015603285889229641,0.0962138974033844
ergo_adaptive,185.66666666666663,0.013773518463898914,0.0961263142386144
ergo_adaptive,185.75,0.014158938870481846,0.09604018009855943
ergo_adaptive,185.83333333333337,0.013078463535350257,0.09595382207165577
ergo_adaptive,185.91666666666663,0.013674885173307007,0.09589116637672648
ergo_adaptive,186.0,0.012596119846924356,0.09584380662529397
ergo_adaptive,186.08333333333337,0.011595041470378924,0.0957816580990039
ergo_adaptive,186.16666666666663,0.013501925436713542,0.09578302731148863
ergo_adaptive,186.25,0.01184731854317116,0.09575980736358342
ergo_adaptive,186.33333333333337,0.014575362772899073,0.09579092643295814
ergo_adaptive,186.41666666666663,0.01605953792470107,0.09581189315507002
ergo_adaptive,186.5,0.016452851175948288,0.09579170697057675
ergo_adaptive,186.58333333333337,0.018308765595135477,0.09572068528784612
ergo_adaptive,186.66666666666663,0.019049565216735533,0.09559270032349626
ergo_adaptive,186.75,0.02445705897196952,0.09540105394870566
ergo_adaptive,186.83333333333337,0.024311384446854017,0.09516522216250951
ergo_adaptive,186.91666666666663,0.022117947588038013,0.09490917111530575
ergo_adaptive,187.0,0.01952741573384156,0.09466847175447955
ergo_adaptive,187.08333333333337,0.017903495201459584,0.09445701789724312
ergo_adaptive,187.16666666666663,0.018887214223883945,0.0942770319300793
ergo_adaptive,187.25,0.01916554265584796,0.09405864935309118
ergo_adaptive,187.33333333333337,0.02283143718222609,0.09384140884003182
ergo_adaptive,187.41666666666663,0.024449095754436188,0.09367675158505603
ergo_adaptive,187.5,0.025419386966333588,0.09350445457261682
ergo_adaptive,187.58333333333337,0.02428565673530853,0.09326564760963288
ergo_adaptive,187.66666666666663,0.022894884531191116,0.09299808965223538
ergo_adaptive,187.75,0.021105067198447115,0.0927563868034268
ergo_adaptive,187.83333333333337,0.021836951582250876,0.09258802090979824
ergo_adaptive,187.91666666666663,0.022919037758636164,0.0924481588840685
ergo_adaptive,188.0,0.02171244161792865,0.09229565644486723
ergo_adaptive,188.08333333333337,0.023661788464640877,0.09215344142432029
ergo_adaptive,188.16666666666663,0.02300065166544901,0.09204006881055564
ergo_adaptive,188.25,0.022338871205168254,0.09198068798578173
ergo_adaptive,188.33333333333337,0.021220651305922312,0.09197869782180024
ergo_adaptive,188.41666666666663,0.021110825585891883,0.09200690233959623
ergo_adaptive,188.5,0.021607409537955903,0.09201337902397712
ergo_adaptive,188.58333333333337,0.02201599258165064,0.09203908426934171
ergo_adaptive,188.66666666666663,0.020957428084358954,0.09214022829487106
ergo_adaptive,188.75,0.021452279890501618,0.09224737617993599
ergo_adaptive,188.83333333333337,0.022141151217962354,0.09235101457277824
ergo_adaptive,188.91666666666663,0.020618717688270675,0.09247757886500407
ergo_adaptive,189.0,0.020342405803747944,0.09260353116419569
ergo_adaptive,189.08333333333337,0.019999209345411384,0.09271687465919361
ergo_adaptive,189.16666666666663,0.01909512288177167,0.09279362463119191
ergo_adaptive,189.25,0.019459498470941233,0.09284505072652623
ergo_adaptive,189.33333333333337,0.02040328831614698,0.09290004902204155
ergo_adaptive,189.41666666666663,0.01828492960611165,0.09299565374849236
ergo_adaptive,189.5,0.020402537186882275,0.09311286512551246
ergo_adaptive,189.58333333333337,0.020081555827105982,0.09322784502391819
ergo_adaptive,189.66666666666663,0.021324777356907267,0.09336160206260212
ergo_adaptive,189.75,0.019987558461311325,0.09348880714416619
ergo_adaptive,189.83333333333337,0.021182970384072658,0.0936243549148767
ergo_adaptive,189.91666666666663,0.019322616149800183,0.09374398792527613
ergo_adaptive,190.0,0.018436439949311993,0.09386629394054243
ergo_adaptive,190.08333333333337,0.01683739338197711,0.09396658916671081
ergo_adaptive,190.16666666666663,0.015245118145132904,0.0940434093497274
ergo_adaptive,190.25,0.012939120863702209,0.09412080505204859
ergo_adaptive,190.33333333333337,0.013544936987337337,0.09416431490074752
ergo_adaptive,190.41666666666663,0.017301129548469213,0.09413379045644954
ergo_adaptive,190.5,0.01746299568213725,0.09405733355635382
ergo_adaptive,190.58333333333337,0.013266664744680523,0.09397015136981851
ergo_adaptive,190.66666666666663,0.013131613568127117,0.09392715356123507
ergo_adaptive,190.75,0.014894878991473792,0.09387352066017308
ergo_adaptive,190.83333333333337,0.016836529042356177,0.09375195090925217
ergo_adaptive,190.91666666666663,0.01581828517062911,0.09372218563189494
ergo_adaptive,191.0,0.01799415731107577,0.0938036837244154
ergo_adaptive,191.08333333333337,0.01621210290687647,0.09388435467702648
ergo_adaptive,191.16666666666663,0.01648524408436479,0.09400582120987631
ergo_adaptive,191.25,0.017040517012100274,0.09410671000592492
ergo_adaptive,191.33333333333337,0.014812257301844786,0.0941849187449332
ergo_adaptive,191.41666666666663,0.014052450295823563,0.09429642090389895
ergo_adaptive,191.5,0.014301804784654135,0.09442028199340997
ergo_adaptive,191.58333333333337,0.014713547619855109,0.09448009219776916
ergo_adaptive,191.66666666666663,0.018054167367317405,0.09441764503678785
ergo_adaptive,191.75,0.017620821535315592,0.09438911107899622
ergo_adaptive,191.83333333333337,0.016267610570250144,0.09441411427246865
ergo_adaptive,191.91666666666663,0.014572795063194248,0.09452155993326337
ergo_adaptive,192.0,0.014815063530187527,0.0946236621944173
ergo_adaptive,192.08333333333337,0.01262170819858927,0.09463653277631504
ergo_adaptive,192.16666666666663,0.012241328954179552,0.09456720751969992
ergo_adaptive,192.25,0.009487266698849759,0.09447080233214747
ergo_adaptive,192.33333333333337,0.00809652811344653,0.09437222603209323
ergo_adaptive,192.41666666666663,0.008236002393947192,0.09420836392332056
ergo_adaptive,192.5,0.007625590014769839,0.09399133972728672
ergo_adaptive,192.58333333333337,0.011008595922125114,0.09377480573301328
ergo_adaptive,192.66666666666663,0.01127470593427371,0.09368860040310381
ergo_adaptive,192.75,0.012790333572881589,0.09370369349950045
ergo_adaptive,192.83333333333337,0.014066173817103775,0.09373596176905383
ergo_adaptive,192.91666666666663,0.013299799479657197,0.09378662681685689
ergo_adaptive,193.0,0.013214884044988896,0.09387123566011867
ergo_adaptive,193.08333333333337,0.012549643668742835,0.09399102188445611
ergo_adaptive,193.16666666666663,0.010451375111515214,0.09409013159328025
ergo_adaptive,193.25,0.011973027500505454,0.09414695990088551
ergo_adaptive,193.33333333333337,0.011870798701858013,0.09415582206922055
ergo_adaptive,193.41666666666663,0.013315526239762324,0.0941835431228458
ergo_adaptive,193.5,0.01338749809286014,0.09423917304812003
ergo_adaptive,193.58333333333337,0.014731599969018051,0.09431178072834666
ergo_adaptive,193.66666666666663,0.013852492655296056,0.09437582090118508
ergo_adaptive,193.75,0.015820330437408707,0.09446968082889934
ergo_adaptive,193.83333333333337,0.013853073380535437,0.09454081011227475
ergo_adaptive,193.91666666666663,0.012514653355259997,0.09464228847488841
ergo_adaptive,194.0,0.013187775059273966,0.09475946723249198
ergo_adaptive,194.08333333333337,0.012874245690202549,0.0948273338411777
ergo_adaptive,194.16666666666663,0.013630040385436611,0.09483491587928697
ergo_adaptive,194.25,0.013356635027894463,0.09486099409417396
ergo_adaptive,194.33333333333337,0.014876781882840221,0.09494015315258934
ergo_adaptive,194.41666666666663,0.01233982248548667,0.09501232428574768
ergo_adaptive,194.5,0.011978587861129215,0.09509938898204402
ergo_adaptive,194.58333333333337,0.013338688280996797,0.09516037880333462
ergo_adaptive,194.66666666666663,0.012752849395673421,0.0951644045240572
ergo_adaptive,194.75,0.011827859426303745,0.09518239927413298
ergo_adaptive,194.83333333333337,0.01012764854897919,0.09517084879357861
ergo_adaptive,194.91666666666663,0.012792836014613876,0.09513901427777871
ergo_adaptive,195.0,0.012053377162095733,0.09513274294797804
ergo_adaptive,195.08333333333337,0.0102768007623456,0.09518552206403748
ergo_adaptive,195.16666666666663,0.01203768870032855,0.09517760121189696
ergo_adaptive,195.25,0.012814667535371145,0.09514782741484892
ergo_adaptive,195.33333333333337,0.012804119668364733,0.09520368636528806
ergo_adaptive,195.41666666666663,0.009731416874237453,0.09527850673086188
ergo_adaptive,195.5,0.01089977130514834,0.09537108551434073
ergo_adaptive,195.58333333333337,0.009394468407565772,0.09543421493408892
ergo_adaptive,195.66666666666663,0.01085349640955672,0.09540084739121778
ergo_adaptive,195.75,0.009885086731607847,0.09528180485378895
ergo_adaptive,195.83333333333337,0.009506782818975415,0.09513258534251655
ergo_adaptive,195.91666666666663,0.007233556549223062,0.09504528395071739
ergo_adaptive,196.0,0.008492321849764357,0.09503161220333281
ergo_adaptive,196.08333333333337,0.01056814097880499,0.09507916960697264
ergo_adaptive,196.16666666666663,0.010908640607532827,0.0951271722684495
ergo_adaptive,196.25,0.008937600696500212,0.09518100935764932
ergo_adaptive,196.33333333333337,0.008045062095816994,0.09525229795838362
ergo_adaptive,196.41666666666663,0.00821994654639063,0.0953256214585497
ergo_adaptive,196.5,0.0075725677487044046,0.09535744972795168
ergo_adaptive,196.58333333333337,0.007225750055840121,0.09526262361713761
ergo_adaptive,196.66666666666663,0.006454008125377073,0.09524954085873884
ergo_adaptive,196.75,0.009144005572953319,0.09525131636693708
ergo_adaptive,196.83333333333337,0.007358096747821266,0.09532096507052298
ergo_adaptive,196.91666666666663,0.0075214082243693775,0.09536613214966892
ergo_adaptive,197.0,0.009848459517089146,0.09530596339356538
ergo_adaptive,197.08333333333337,0.009793110420520132,0.09531964323673743
ergo_adaptive,197.16666666666663,0.009798877655033171,0.0953955225477875
ergo_adaptive,197.25,0.011592795998935822,0.09545406103231965
ergo_adaptive,197.33333333333337,0.012903935672557354,0.09553337604748358
ergo_adaptive,197.41666666666663,0.013732790338841122,0.09556955826278873
ergo_adaptive,197.5,0.013641557686708796,0.0955525118855056
ergo_adaptive,197.58333333333337,0.012907107712204477,0.09550645467894876
ergo_adaptive,197.66666666666663,0.01494343330736374,0.09546553862983047
ergo_adaptive,197.75,0.012971004793987,0.09541940725278394
ergo_adaptive,197.83333333333337,0.01412763260302327,0.09539583838176162
ergo_adaptive,197.91666666666663,0.015153637225380667,0.09536828768921314
ergo_adaptive,198.0,0.016310200587516296,0.09532846824342779
ergo_adaptive,198.08333333333337,0.015402312589867738,0.09528138363338798
ergo_adaptive,198.16666666666663,0.016632949864784603,0.0952311185285619
ergo_adaptive,198.25,0.015492927745968086,0.0951673657277064
ergo_adaptive,198.33333333333337,0.01292309328210179,0.09511086306954235
ergo_adaptive,198.41666666666663,0.01358097128048507,0.09514113560877853
ergo_adaptive,198.5,0.014288975310915043,0.09522169344643173
ergo_adaptive,198.58333333333337,0.014588545682341119,0.0953280134218411
ergo_adaptive,198.66666666666663,0.01493504004019907,0.09544462642493255
ergo_adaptive,198.75,0.012560731564003398,0.09555290598574158
ergo_adaptive,198.83333333333337,0.012850884399778741,0.09566339373284516
ergo_adaptive,198.91666666666663,0.014301820375323644,0.09575206249048088
ergo_adaptive,199.0,0.015208759872902631,0.09582232355338943
ergo_adaptive,199.08333333333337,0.012941450911703414,0.09590173309848095
ergo_adaptive,199.16666666666663,0.012456876215740952,0.09598795410005798
ergo_adaptive,199.25,0.013635561988625394,0.09605208698184547
ergo_adaptive,199.33333333333337,0.01305341679324303,0.09608742471946861
ergo_adaptive,199.41666666666663,0.011809487212154924,0.09613225599276785
ergo_adaptive,199.5,0.009412598557561167,0.09617122977717621
ergo_adaptive,199.58333333333337,0.009956770507837906,0.09619308923583032
ergo_adaptive,199.66666666666663,0.010189375378106947,0.09618872480259623
ergo_adaptive,199.75,0.011848040370101348,0.09616200605967899
ergo_adaptive,199.83333333333337,0.011903884761014154,0.09616692134601816
ergo_adaptive,199.91666666666663,0.012440213482908882,0.09622666133494615
ergo_adaptive,200.0,0.011633496591477865,0.09628958428130052
ergo_adaptive,200.08333333333337,0.008932781145596752,0.09636173757496809
ergo_adaptive,200.16666666666663,0.009374702231681421,0.09641285452689936
ergo_adaptive,200.25,0.009363410402362988,0.09644663243451185
ergo_adaptive,200.33333333333337,0.008376484967970806,0.09645345691549155
ergo_adaptive,200.41666666666663,0.0041467498176134985,0.0963563423056284
ergo_adaptive,200.5,0.006688102681210509,0.096330911489167
ergo_adaptive,200.58333333333337,0.005535025973618266,0.09634806690281152
ergo_adaptive,200.66666666666663,0.006856221711818612,0.0963785965337402
ergo_adaptive,200.75,0.0069098795788521405,0.09645040658386142
ergo_adaptive,200.83333333333337,0.008594922241557218,0.0965208222218138
ergo_adaptive,200.91666666666663,0.007734222884496922,0.09659575864967196
ergo_adaptive,201.0,0.008102363572910888,0.09668848511921366
ergo_adaptive,201.08333333333337,0.008767412432936827,0.09675772492426633
ergo_adaptive,201.16666666666663,0.009937603005553198,0.09680288988565573
ergo_adaptive,201.25,0.010943995633524007,0.09681725294956195
ergo_adaptive,201.33333333333337,0.009291601814023638,0.09681049463866154
ergo_adaptive,201.41666666666663,0.00973790234351064,0.09683955375082658
ergo_adaptive,201.5,0.009791096076433251,0.09687803886095363
ergo_adaptive,201.58333333333337,0.011064460892563613,0.09692314803124703
ergo_adaptive,201.66666666666663,0.008601566985170516,0.09695710606046057
ergo_adaptive,201.75,0.009505177448183254,0.09702381808533295
ergo_adaptive,201.83333333333337,0.011985049589589082,0.09710726077714688
ergo_adaptive,201.91666666666663,0.01376221230056305,0.0971642335036775
ergo_adaptive,202.0,0.015151110313739596,0.09717717702235353
ergo_adaptive,202.08333333333337,0.016020705880464038,0.09714709834012648
ergo_adaptive,202.16666666666663,0.01995681092388006,0.09708765101907428
ergo_adaptive,202.25,0.020215149512581927,0.09700856931432357
ergo_adaptive,202.33333333333337,0.019495376967274318,0.09693838377858803
ergo_adaptive,202.41666666666663,0.01913270045538697,0.0968550418628324
ergo_adaptive,202.5,0.01634738702288678,0.0967121617098644
ergo_adaptive,202.58333333333337,0.01564591051526656,0.0965623674478051
ergo_adaptive,202.66666666666663,0.016361399576383356,0.09646750662797006
ergo_adaptive,202.75,0.01875119115167711,0.09642728295811018
ergo_adaptive,202.83333333333337,0.018064084773807432,0.09634119455341271
ergo_adaptive,202.91666666666663,0.019754597661901328,0.09621299548368835
ergo_adaptive,203.0,0.01944722450731889,0.09608425447610884
ergo_adaptive,203.08333333333337,0.018142880852068406,0.09598682247720765
ergo_adaptive,203.16666666666663,0.017586919532026932,0.09592362479411436
ergo_adaptive,203.25,0.01954991656768717,0.09587816866128346
ergo_adaptive,203.33333333333337,0.020839186645787024,0.09582209805478263
ergo_adaptive,203.41666666666663,0.02104405712867219,0.09578022690497294
ergo_adaptive,203.5,0.021832117205648212,0.09576677156953455
ergo_adaptive,203.58333333333337,0.024091531970640834,0.09571026828143082
ergo_adaptive,203.66666666666663,0.02448539855829388,0.0956025687973962
ergo_adaptive,203.75,0.025171414358895847,0.09546713513471926
ergo_adaptive,203.83333333333337,0.023466208682036672,0.09532599556638725
ergo_adaptive,203.91666666666663,0.02319700773508849,0.09518866512615912
ergo_adaptive,204.0,0.024645188477435787,0.09504215199891564
ergo_adaptive,204.08333333333337,0.023343294015801087,0.09488960663745286
ergo_adaptive,204.16666666666663,0.024375864003719078,0.0947522840123306
ergo_adaptive,204.25,0.022653440969601195,0.0946515759511359
ergo_adaptive,204.33333333333337,0.022533221582226804,0.09471310909725814
ergo_adaptive,204.41666666666663,0.021515747303253927,0.09483099087014718
ergo_adaptive,204.5,0.02241905122617971,0.09494129661469614
ergo_adaptive,204.58333333333337,0.022486073585200116,0.09502282000882346
ergo_adaptive,204.66666666666663,0.022785729878212358,0.09508282828590289
ergo_adaptive,204.75,0.023000324861296353,0.09512386522146513
ergo_adaptive,204.83333333333337,0.021728191989350252,0.09514676593309979
ergo_adaptive,204.91666666666663,0.02167179181154352,0.09518730970046717
ergo_adaptive,205.0,0.022001374633097946,0.09526415543768225
ergo_adaptive,205.08333333333337,0.020849710645228888,0.09536282118511955
ergo_adaptive,205.16666666666663,0.021369151929469143,0.09547513032098416
ergo_adaptive,205.25,0.023119034659708472,0.0955928769419203
ergo_adaptive,205.33333333333337,0.02130794799906755,0.09571159930794285
ergo_adaptive,205.41666666666663,0.021591140976444233,0.09582935796509748
ergo_adaptive,205.5,0.02032660490787828,0.09594486934577773
ergo_adaptive,205.58333333333337,0.022076327726444425,0.09605024769768837
ergo_adaptive,205.66666666666663,0.020014389030866723,0.09615825231006427
ergo_adaptive,205.75,0.020981631539948427,0.09625890253361319
ergo_adaptive,205.83333333333337,0.020951658495073532,0.09635437974418963
ergo_adaptive,205.91666666666663,0.022833925600326092,0.0964506836760076
ergo_adaptive,206.0,0.023158412491489328,0.09654647434628826
ergo_adaptive,206.08333333333337,0.022633019014661224,0.09664044207879542
ergo_adaptive,206.16666666666663,0.02219719156157674,0.09673188520802445
ergo_adaptive,206.25,0.021228394442563813,0.09682068829390648
ergo_adaptive,206.33333333333337,0.022007839373477844,0.09690540614167067
ergo_adaptive,206.41666666666663,0.024482869638581997,0.09698786755996561
ergo_adaptive,206.5,0.02617497440916196,0.09706045522746347
ergo_adaptive,206.58333333333337,0.02509099968060132,0.09710984158775239
ergo_adaptive,206.66666666666663,0.024328592402978064,0.09713796942948372
ergo_adaptive,206.75,0.02776637597592695,0.09713534871676062
ergo_adaptive,206.83333333333337,0.025129550715697956,0.09708790505479625
ergo_adaptive,206.91666666666663,0.025077537096283794,0.09700294422455952
ergo_adaptive,207.0,0.02395852867478502,0.09690304864870078
ergo_adaptive,207.08333333333337,0.02068883647151345,0.09679914721004065
ergo_adaptive,207.16666666666663,0.02207044224513139,0.09681365667796993
ergo_adaptive,207.25,0.020567194648749787,0.0968826809805513
ergo_adaptive,207.33333333333337,0.01944854129540233,0.09696268342176886
ergo_adaptive,207.41666666666663,0.020047980516158498,0.09703838178178878
ergo_adaptive,207.5,0.017252503182684443,0.09711072486063695
ergo_adaptive,207.58333333333337,0.01607959432419831,0.09717602434661059
ergo_adaptive,207.66666666666663,0.015104457955393159,0.0972209964643573
ergo_adaptive,207.75,0.01402532094807989,0.0972359556781833
ergo_adaptive,207.83333333333337,0.015669533169647004,0.0972261732188445
ergo_adaptive,207.91666666666663,0.01610564641400377,0.09720037318263482
ergo_adaptive,208.0,0.015728139284039103,0.09715462995416084
ergo_adaptive,208.08333333333337,0.010540497335677043,0.09710710953953873
ergo_adaptive,208.16666666666663,0.012727719250143817,0.09709520954950555
ergo_adaptive,208.25,0.012450745994748099,0.09707136720256271
ergo_adaptive,208.33333333333337,0.01185633929771484,0.09700011498450643
ergo_adaptive,208.41666666666663,0.009344993057095071,0.09691096786158032
ergo_adaptive,208.5,0.011654843951375827,0.09685073407519373
ergo_adaptive,208.58333333333337,0.00918678713533382,0.09680542106543416
ergo_adaptive,208.66666666666663,0.010339324745492751,0.09670507566606035
ergo_adaptive,208.75,0.010419736768255153,0.0965627239438985
ergo_adaptive,208.83333333333337,0.012824291624571575,0.09641386688351247
ergo_adaptive,208.91666666666663,0.014285492866568635,0.09636742978261309
ergo_adaptive,209.0,0.014842076218178664,0.09639369442649619
ergo_adaptive,209.08333333333337,0.019347966181234178,0.09644996731494007
ergo_adaptive,209.16666666666663,0.01889785497886702,0.0964986079574323
ergo_adaptive,209.25,0.018352677596642546,0.09654254086882248
ergo_adaptive,209.33333333333337,0.015286615315136446,0.09658136865320403
ergo_adaptive,209.41666666666663,0.017589827355698414,0.09665164597184257
ergo_adaptive,209.5,0.01623299125040616,0.09672079053303992
ergo_adaptive,209.58333333333337,0.016676769510744066,0.09680343041663288
ergo_adaptive,209.66666666666663,0.01775837669173917,0.09688954343830249
ergo_adaptive,209.75,0.019390901867735687,0.0969815191026005
ergo_adaptive,209.83333333333337,0.0173053540424055,0.09705889864284607
ergo_adaptive,209.91666666666663,0.0184854646623859,0.09712962921293666
ergo_adaptive,210.0,0.018326808608347896,0.09719624059688917
ergo_adaptive,210.08333333333337,0.018895379180129596,0.09724400921590665
ergo_adaptive,210.16666666666663,0.019345155459393998,0.09728322711920599
ergo_adaptive,210.25,0.01897649537798527,0.09731508643610205
ergo_adaptive,210.33333333333337,0.0177373085016156,0.09732524262027459
ergo_adaptive,210.41666666666663,0.020797226760710528,0.09735491665081585
ergo_adaptive,210.5,0.021513102033541065,0.09738730934657755
ergo_adaptive,210.58333333333337,0.020078021528618473,0.09743017722490138
ergo_adaptive,210.66666666666663,0.01831116641076035,0.09749599054639328
ergo_adaptive,210.75,0.018119065365544147,0.09758953007167114
ergo_adaptive,210.83333333333337,0.017661363483724053,0.09769009886369381
ergo_adaptive,210.91666666666663,0.018126089472401435,0.09778059371130829
ergo_adaptive,211.0,0.01775150919788137,0.09784707538351127
ergo_adaptive,211.08333333333337,0.017886575790709427,0.09789013082615554
ergo_adaptive,211.16666666666663,0.018420583436768213,0.09791951046863377
ergo_adaptive,211.25,0.01869417643801234,0.09794875843573926
ergo_adaptive,211.33333333333337,0.018611920262489152,0.09800912706275018
ergo_adaptive,211.41666666666663,0.017111965766626373,0.09808938121479882
ergo_adaptive,211.5,0.018385332349808426,0.09817191685987776
ergo_adaptive,211.58333333333337,0.01988275243365514,0.09823804028327839
ergo_adaptive,211.66666666666663,0.021871137919032793,0.09829876448109601
ergo_adaptive,211.75,0.021804084499837378,0.09835569150961206
ergo_adaptive,211.83333333333337,0.022660215274616462,0.09841036347171711
ergo_adaptive,211.91666666666663,0.02076710049050213,0.09846706672441251
ergo_adaptive,212.0,0.020754244297437212,0.09852848421012352
ergo_adaptive,212.08333333333337,0.020555922500064994,0.09857762042040388
ergo_adaptive,212.16666666666663,0.019837516605938854,0.09860681024597596
ergo_adaptive,212.25,0.019192162877858777,0.09864134013447011
ergo_adaptive,212.33333333333337,0.020199937691132052,0.09868807801219082
ergo_adaptive,212.41666666666663,0.018980353936026293,0.09876213246518417
ergo_adaptive,212.5,0.020620306354362104,0.09882954838619172
ergo_adaptive,212.58333333333337,0.01947387881647651,0.09890332520532884
ergo_adaptive,212.66666666666663,0.020669192430726235,0.09895136832817594
ergo_adaptive,212.75,0.021166693124067642,0.09900207600405238
ergo_adaptive,212.83333333333337,0.019894544790037952,0.09906139361814102
ergo_adaptive,212.91666666666663,0.01942921440834637,0.09912701978368711
ergo_adaptive,213.0,0.018741652393315423,0.09919717911883988
ergo_adaptive,213.08333333333337,0.018693211710041995,0.09926936325546058
ergo_adaptive,213.16666666666663,0.016792507734754866,0.09933587293665519
ergo_adaptive,213.25,0.01559598724797455,0.09938273332213322
ergo_adaptive,213.33333333333337,0.01570018168334162,0.09939654624281542
ergo_adaptive,213.41666666666663,0.01398037487250158,0.09938562210034466
ergo_adaptive,213.5,0.016606918447208276,0.099370298295759
ergo_adaptive,213.58333333333337,0.01503312291859112,0.09935017168501206
ergo_adaptive,213.66666666666663,0.01394091199519675,0.0992992588751686
ergo_adaptive,213.75,0.012234375601616188,0.09922817718723692
ergo_adaptive,213.83333333333337,0.014285257204344001,0.09917159302194593
ergo_adaptive,213.91666666666663,0.017542239537772633,0.09911887724634467
ergo_adaptive,214.0,0.01929474958747653,0.09905511983849995
ergo_adaptive,214.08333333333337,0.019235293607115445,0.0990266509071115
ergo_adaptive,214.16666666666663,0.02224798480457083,0.09902505942714575
ergo_adaptive,214.25,0.022204720279910203,0.0990189495344243
ergo_adaptive,214.33333333333337,0.02255300227866457,0.09900475542941693
ergo_adaptive,214.41666666666663,0.018441677964523413,0.09900132618327236
ergo_adaptive,214.5,0.018330734244844306,0.09906637575573521
ergo_adaptive,214.58333333333337,0.019396006099997774,0.09915961234100193
ergo_adaptive,214.66666666666663,0.01808427478400269,0.09924636926186473
ergo_adaptive,214.75,0.01857770199091925,0.0993272536090695
ergo_adaptive,214.83333333333337,0.020301734127785038,0.09940362355798542
ergo_adaptive,214.91666666666663,0.01718937864407641,0.09948355163397819
ergo_adaptive,215.0,0.018957452983526555,0.09955157290274293
ergo_adaptive,215.08333333333337,0.01881626971974143,0.09959757434144077
ergo_adaptive,215.16666666666663,0.017882795585466658,0.09962509611742357
ergo_adaptive,215.25,0.018452557488821353,0.09966570219097358
ergo_adaptive,215.33333333333337,0.016252973768773712,0.09969572290732392
ergo_adaptive,215.41666666666663,0.015940081082004082,0.0997334170746288
ergo_adaptive,215.5,0.014345651944512362,0.09974103169001963
ergo_adaptive,215.58333333333337,0.01432019124505401,0.09967093510219809
ergo_adaptive,215.66666666666663,0.01461609485690075,0.09952004399985498
ergo_adaptive,215.75,0.013459974074940834,0.09933544162408754
ergo_adaptive,215.83333333333337,0.014037454412106902,0.0991533756273536
ergo_adaptive,215.91666666666663,0.013881593914611615,0.09902756246148679
ergo_adaptive,216.0,0.012111056167726987,0.09902714556929965
ergo_adaptive,216.08333333333337,0.00981873415045302,0.09896148316328
ergo_adaptive,216.16666666666663,0.009532414308238816,0.09878511626858326
ergo_adaptive,216.25,0.012201718273610418,0.09862101273557454
ergo_adaptive,216.33333333333337,0.014260028249060279,0.09863087729172268
ergo_adaptive,216.41666666666663,0.012382368161113672,0.09869289143376044
ergo_adaptive,216.5,0.010988148460823164,0.09877494919653221
ergo_adaptive,216.58333333333337,0.01005431087240421,0.09880286641995963
ergo_adaptive,216.66666666666663,0.00948246738473433,0.09874268603023986
ergo_adaptive,216.75,0.011658666941011918,0.09862056673285859
ergo_adaptive,216.83333333333337,0.014317497995636464,0.09848076171737839
ergo_adaptive,216.91666666666663,0.015233638275099643,0.0984220817828272
ergo_adaptive,217.0,0.015632677857022523,0.0984358992724989
ergo_adaptive,217.08333333333337,0.017385114584558842,0.09847867042681276
ergo_adaptive,217.16666666666663,0.01755230561585133,0.09851355557654405
ergo_adaptive,217.25,0.01868720474362988,0.09853567219287158
ergo_adaptive,217.33333333333337,0.015837750468723943,0.09854221751431878
ergo_adaptive,217.41666666666663,0.014163079445487635,0.09859801328524057
ergo_adaptive,217.5,0.015848802999219796,0.09867978281415908
ergo_adaptive,217.58333333333337,0.017627778228330688,0.09876026325298996
ergo_adaptive,217.66666666666663,0.018014620087956394,0.0988402379798487
ergo_adaptive,217.75,0.017419884789340867,0.09890713918397581
ergo_adaptive,217.83333333333337,0.01633449481012994,0.0989731618892999
ergo_adaptive,217.91666666666663,0.016894473472831777,0.09906416412317219
ergo_adaptive,218.0,0.01419514367119079,0.09914431852625269
ergo_adaptive,218.08333333333337,0.015286611105856102,0.09917303192808924
ergo_adaptive,218.16666666666663,0.013970508733651035,0.09915052249553748
ergo_adaptive,218.25,0.01432795710127369,0.09909777235731541
ergo_adaptive,218.33333333333337,0.01435886533483576,0.09900437027306963
ergo_adaptive,218.41666666666663,0.01347892021318549,0.09883091236953359
ergo_adaptive,218.5,0.011420160652971387,0.09878325260628663
ergo_adaptive,218.58333333333337,0.007756584930789005,0.0986446929809004
ergo_adaptive,218.66666666666663,0.009452392404337236,0.09842124026951826
ergo_adaptive,218.75,0.012646243517650563,0.09818660894094172
ergo_adaptive,218.83333333333337,0.008608331187754262,0.09812407364930238
ergo_adaptive,218.91666666666663,0.011797664250960103,0.09809857513884207
ergo_adaptive,219.0,0.010431174100682753,0.0980450834823266
ergo_adaptive,219.08333333333337,0.01270586435196787,0.09805955837333115
ergo_adaptive,219.16666666666663,0.013204200932362043,0.09809264285130677
ergo_adaptive,219.25,0.013340376923763692,0.09813596755218555
ergo_adaptive,219.33333333333337,0.012606805496965636,0.0981811946719616
ergo_adaptive,219.41666666666663,0.012173263110951611,0.09825045168688555
ergo_adaptive,219.5,0.011930771743960513,0.09831350383582665
ergo_adaptive,219.58333333333337,0.010619718498614442,0.09835526637239277
ergo_adaptive,219.66666666666663,0.009955617349660394,0.09833985650445265
ergo_adaptive,219.75,0.011611851916167957,0.09827688530996301
ergo_adaptive,219.83333333333337,0.010014228485721635,0.09831542495892023
ergo_adaptive,219.91666666666663,0.009507681362285959,0.09838052041883248
ergo_adaptive,220.0,0.009590553291447968,0.0983428485635501
ergo_adaptive,220.08333333333337,0.010631123385970193,0.09838255844384709
ergo_adaptive,220.16666666666663,0.014308237366403794,0.09844494843480613
ergo_adaptive,220.25,0.017254040113928622,0.09846408385288885
ergo_adaptive,220.33333333333337,0.017263480889277108,0.09842949815138563
ergo_adaptive,220.41666666666663,0.017210537151891084,0.09836270304728269
ergo_adaptive,220.5,0.013124724347872365,0.09829318163238907
ergo_adaptive,220.58333333333337,0.013986433279691653,0.09829008658276354
ergo_adaptive,220.66666666666663,0.014446983631997992,0.09829240887835695
ergo_adaptive,220.75,0.013809725197436697,0.09827032381704356
ergo_adaptive,220.83333333333337,0.012501630670332272,0.0982482433218769
ergo_adaptive,220.91666666666663,0.011918424841691843,0.09827798949171679
ergo_adaptive,221.0,0.013988930390526115,0.09833970687135811
ergo_adaptive,221.08333333333337,0.012891941220569275,0.09839198655920578
ergo_adaptive,221.16666666666663,0.012059410994492327,0.09845866157003937
ergo_adaptive,221.25,0.01183295576820841,0.09853858303252222
ergo_adaptive,221.33333333333337,0.00996555381726031,0.09860319237149404
ergo_adaptive,221.41666666666663,0.009651095165300246,0.09863760874492437
ergo_adaptive,221.5,0.010310507146158405,0.09864701864602045
ergo_adaptive,221.58333333333337,0.011019961631699009,0.0986413722275569
ergo_adaptive,221.66666666666663,0.010343802785688165,0.0985395604240071
ergo_adaptive,221.75,0.00910438694155512,0.09832499604965886
ergo_adaptive,221.83333333333337,0.008182801660750562,0.09826257482789998
ergo_adaptive,221.91666666666663,0.01129475621577388,0.09816441410826032
ergo_adaptive,222.0,0.011624625792256135,0.09814689853873441
ergo_adaptive,222.08333333333337,0.012342852717206481,0.09820694945927248
ergo_adaptive,222.16666666666663,0.010748873609683048,0.09828358881296485
ergo_adaptive,222.25,0.010354126342558688,0.09837814391132842
ergo_adaptive,222.33333333333337,0.01152463521490169,0.0984425840704577
ergo_adaptive,222.41666666666663,0.01320280108483603,0.09841372767677789
ergo_adaptive,222.5,0.00794318741599334,0.09843164703980216
ergo_adaptive,222.58333333333337,0.007003774005355727,0.09842926298174703
ergo_adaptive,222.66666666666663,0.004271353071059364,0.09835732101255545
ergo_adaptive,222.75,0.0041725567067417224,0.09824475920469034
ergo_adaptive,222.83333333333337,0.004139284976175527,0.09810518223723512
ergo_adaptive,222.91666666666663,0.004476573179043059,0.09781614757928409
ergo_adaptive,223.0,0.0074574953374922145,0.09740884136638467
ergo_adaptive,223.08333333333337,0.0053293994208887235,0.09700615877664241
ergo_adaptive,223.16666666666663,0.006139187143403591,0.09687813217083378
ergo_adaptive,223.25,0.008107352747490158,0.09678944601662083
ergo_adaptive,223.33333333333337,0.007143701396722341,0.09667944453710586
ergo_adaptive,223.41666666666663,0.00624257070530675,0.09668516523989058
ergo_adaptive,223.5,0.008524049728645644,0.09675035998333531
ergo_adaptive,223.58333333333337,0.00928668208682475,0.09682175011570084
ergo_adaptive,223.66666666666663,0.00926826184339214,0.09688656823186281
ergo_adaptive,223.75,0.012015969827139348,0.096940633604864
ergo_adaptive,223.83333333333337,0.012355193455364153,0.0969524735928546
ergo_adaptive,223.91666666666663,0.010057175112687004,0.0969194286046065
ergo_adaptive,224.0,0.010501340043474396,0.09688275774985211
ergo_adaptive,224.08333333333337,0.010310001818297478,0.09685283854807529
ergo_adaptive,224.16666666666663,0.010453388466057242,0.09683637103180354
ergo_adaptive,224.25,0.01305075704782305,0.09682678858904448
ergo_adaptive,224.33333333333337,0.012927493207355327,0.09682158614118612
ergo_adaptive,224.41666666666663,0.010909748179188434,0.09681232849426785
ergo_adaptive,224.5,0.011756152659835891,0.09682598645472965
ergo_adaptive,224.58333333333337,0.012291892259155297,0.09683977550187645
ergo_adaptive,224.66666666666663,0.013626970270602563,0.09683663260084682
ergo_adaptive,224.75,0.011796369604950565,0.09681225229065177
ergo_adaptive,224.83333333333337,0.012573000550267608,0.0968370316974295
ergo_adaptive,224.91666666666663,0.014094507268556536,0.0968615104837322
ergo_adaptive,225.0,0.01425378666161824,0.09687032526969351
ergo_adaptive,225.08333333333337,0.014658193406751372,0.09685247526328082
ergo_adaptive,225.16666666666663,0.015549431568678329,0.09680216199172158
ergo_adaptive,225.25,0.015643287009861263,0.09672191940323714
ergo_adaptive,225.33333333333337,0.016279224208499282,0.09662355213900829
ergo_adaptive,225.41666666666663,0.01567118484816351,0.09652892480920933
ergo_adaptive,225.5,0.014843677479729901,0.09647189294177948
ergo_adaptive,225.58333333333337,0.015194677789114198,0.0964205898764853
ergo_adaptive,225.66666666666663,0.013370907093404725,0.09634756798386336
ergo_adaptive,225.75,0.01323861733554179,0.09635976382657466
ergo_adaptive,225.83333333333337,0.014340016523259275,0.09642595309684884
ergo_adaptive,225.91666666666663,0.015411170116227411,0.09650672675053572
ergo_adaptive,226.0,0.015480678507348267,0.09660723495456895
ergo_adaptive,226.08333333333337,0.015676364330511523,0.09671733422981127
ergo_adaptive,226.16666666666663,0.01841245755168081,0.09682340794493373
ergo_adaptive,226.25,0.0209462801940187,0.09690248099652778
ergo_adaptive,226.33333333333337,0.02264762610711358,0.09693987579186769
ergo_adaptive,226.41666666666663,0.021678025449756427,0.09693208264606999
ergo_adaptive,226.5,0.018290814922826543,0.09689826248045813
ergo_adaptive,226.58333333333337,0.018312206864577303,0.09689274096321068
ergo_adaptive,226.66666666666663,0.01901941445176142,0.09686824400290266
ergo_adaptive,226.75,0.02051319306583298,0.09680511412946344
ergo_adaptive,226.83333333333337,0.021007879337692905,0.09672988303901427
ergo_adaptive,226.91666666666663,0.020817845800595248,0.09667297056039828
ergo_adaptive,227.0,0.019377828538774705,0.09663552089039468
ergo_adaptive,227.08333333333337,0.017941813640215725,0.09661114997156085
ergo_adaptive,227.16666666666663,0.017911592512693128,0.09665441865065821
ergo_adaptive,227.25,0.016983502550212463,0.09672336973054807
ergo_adaptive,227.33333333333337,0.017970871181934012,0.09679021583764982
ergo_adaptive,227.41666666666663,0.017362021174660756,0.09686546792900727
ergo_adaptive,227.5,0.016265006809025366,0.09696059820846561
ergo_adaptive,227.58333333333337,0.017147479946318076,0.09705111663624442
ergo_adaptive,227.66666666666663,0.01795042588927902,0.09712110083562842
ergo_adaptive,227.75,0.01680325689235716,0.09718555719387532
ergo_adaptive,227.83333333333337,0.017265870043146652,0.09724938942525616
ergo_adaptive,227.91666666666663,0.01782421556901629,0.0972816911778712
ergo_adaptive,228.0,0.015283843114733745,0.09727150425964978
ergo_adaptive,228.08333333333337,0.016513267398479102,0.09723882870057622
ergo_adaptive,228.16666666666663,0.01572094119547459,0.09720946472069401
ergo_adaptive,228.25,0.01536785954337904,0.09716303832547775
ergo_adaptive,228.33333333333337,0.016164399632278555,0.09707574912121922
ergo_adaptive,228.41666666666663,0.013645861278330574,0.09697474975023093
ergo_adaptive,228.5,0.012031442564482717,0.09691320533449856
ergo_adaptive,228.58333333333337,0.011306620209846243,0.09686908526817424
ergo_adaptive,228.66666666666663,0.013248236696443049,0.09682760204517393
ergo_adaptive,228.75,0.013536398401054979,0.0967630263497985
ergo_adaptive,228.83333333333337,0.015907799944197807,0.09677918555540556
ergo_adaptive,228.91666666666663,0.01759744305774961,0.09682171861815578
ergo_adaptive,229.0,0.01329601857494747,0.0968536083671243
ergo_adaptive,229.08333333333337,0.013462620804352406,0.09692518781304578
ergo_adaptive,229.16666666666663,0.01440296360221994,0.09701328491016464
ergo_adaptive,229.25,0.013520156675034362,0.09707748446336174
ergo_adaptive,229.33333333333337,0.011187988381997336,0.09709202916255708
ergo_adaptive,229.41666666666663,0.013217960894806684,0.09705618031072183
ergo_adaptive,229.5,0.01519601761428401,0.09704165177529454
ergo_adaptive,229.58333333333337,0.015252464334246799,0.09707634489270404
ergo_adaptive,229.66666666666663,0.014822529975441277,0.09713038285400534
ergo_adaptive,229.75,0.013658728273407182,0.09719503167172866
ergo_adaptive,229.83333333333337,0.01294637093369121,0.09728385481458875
ergo_adaptive,229.91666666666663,0.011250810298863146,0.0973753984326306
ergo_adaptive,230.0,0.01367802164308115,0.09742721177677868
ergo_adaptive,230.08333333333337,0.015695802975567275,0.09742276408727732
ergo_adaptive,230.16666666666663,0.013391608316071245,0.09743585454796692
ergo_adaptive,230.25,0.015735881976005516,0.09746068426308838
ergo_adaptive,230.33333333333337,0.01572892130718622,0.0974920820591623
ergo_adaptive,230.41666666666663,0.015129521061325162,0.09753596542438529
ergo_adaptive,230.5,0.013614138592181671,0.09759705683307154
ergo_adaptive,230.58333333333337,0.01285426229569737,0.09767834025511159
ergo_adaptive,230.66666666666663,0.014247957615183045,0.09774156233598193
ergo_adaptive,230.75,0.016563853777093906,0.09776123205321927
ergo_adaptive,230.83333333333337,0.014089160967078872,0.09778683790350004
ergo_adaptive,230.91666666666663,0.013639130425513062,0.09782313449231529
ergo_adaptive,231.0,0.012299083742542127,0.0978296399388466
ergo_adaptive,231.08333333333337,0.01154991800515206,0.09781789208280589
ergo_adaptive,231.16666666666663,0.012703704575780251,0.09776874253581226
ergo_adaptive,231.25,0.013096355125838201,0.09772455852532604
ergo_adaptive,231.33333333333337,0.013022330630160246,0.09777284209887849
ergo_adaptive,231.41666666666663,0.011188576880779998,0.09782677752728709
ergo_adaptive,231.5,0.010127709577736956,0.09782985564069482
ergo_adaptive,231.58333333333337,0.010858503323745251,0.09777385806034926
ergo_adaptive,231.66666666666663,0.008244117605883014,0.09768254647583022
ergo_adaptive,231.75,0.00742465088888948,0.09761871918488055
ergo_adaptive,231.83333333333337,0.0058287345979895246,0.0976310059404698
ergo_adaptive,231.91666666666663,0.006546950540477237,0.09766437120133405
ergo_adaptive,232.0,0.006667312302263012,0.09768978785913639
ergo_adaptive,232.08333333333337,0.006807482615470982,0.0977541403323932
ergo_adaptive,232.16666666666663,0.006782142721969144,0.09780161116082299
ergo_adaptive,232.25,0.006836932715752226,0.09787065584961338
ergo_adaptive,232.33333333333337,0.006371110856039192,0.0979244331791944
ergo_adaptive,232.41666666666663,0.005260231029820049,0.09798392151949432
ergo_adaptive,232.5,0.005149758531283749,0.09805084495855672
ergo_adaptive,232.58333333333337,0.005640846292207147,0.09809534684222625
ergo_adaptive,232.66666666666663,0.006467001696158391,0.09815868380961076
ergo_adaptive,232.75,0.007073634368709148,0.09820951574790991
ergo_adaptive,232.83333333333337,0.006085739989120595,0.09824322683564701
ergo_adaptive,232.91666666666663,0.005425788805108753,0.09830414370503462
ergo_adaptive,233.0,0.006803593025740002,0.09834658988846211
ergo_adaptive,233.08333333333337,0.007544143794161002,0.09840916517267172
ergo_adaptive,233.16666666666663,0.007567076768740346,0.09845298223606835
ergo_adaptive,233.25,0.00747420119562061,0.09850031521298061
ergo_adaptive,233.33333333333337,0.00815235518151922,0.09855466568733967
ergo_adaptive,233.41666666666663,0.00998632752860788,0.09858086939101109
ergo_adaptive,233.5,0.00809870712563673,0.09857313203747112
ergo_adaptive,233.58333333333337,0.00904579078509457,0.09860463232521093
ergo_adaptive,233.66666666666663,0.007911107131941698,0.09862559981847896
ergo_adaptive,233.75,0.007904929034452154,0.098673249674881
ergo_adaptive,233.83333333333337,0.007520257750999943,0.09873132363051984
ergo_adaptive,233.91666666666663,0.00748929891497066,0.0987691071905749
ergo_adaptive,234.0,0.007890108751846278,0.09877451011117135
ergo_adaptive,234.08333333333337,0.00840663283119799,0.09879283683109326
ergo_adaptive,234.16666666666663,0.006031551836147724,0.09881650695039365
ergo_adaptive,234.25,0.006512425929360282,0.0988382863258954
ergo_adaptive,234.33333333333337,0.006621731218242079,0.09882134189429784
ergo_adaptive,234.41666666666663,0.007888715965227774,0.09882144957981087
ergo_adaptive,234.5,0.0099864561820628,0.09883912118758503
ergo_adaptive,234.58333333333337,0.010132616109775451,0.09888840168325815
ergo_adaptive,234.66666666666663,0.011757720841805902,0.09891657128537953
ergo_adaptive,234.75,0.012910672149547798,0.09890091547854282
ergo_adaptive,234.83333333333337,0.01127889368529903,0.09885071476532924
ergo_adaptive,234.91666666666663,0.011058071113235124,0.09879992525564377
ergo_adaptive,235.0,0.012329783577626888,0.09876269931982536
ergo_adaptive,235.08333333333337,0.01217298052699018,0.09871403628300868
ergo_adaptive,235.16666666666663,0.011791335034105625,0.09865158038198998
ergo_adaptive,235.25,0.012332961744058,0.09860818251740144
ergo_adaptive,235.33333333333337,0.01302101882328733,0.0985851138306958
ergo_adaptive,235.41666666666663,0.01215376445808616,0.09855423636315692
ergo_adaptive,235.5,0.011348112823911887,0.09858463126970295
ergo_adaptive,235.58333333333337,0.010984821015996588,0.09866714530724688
ergo_adaptive,235.66666666666663,0.00968996288183656,0.09875326170177018
ergo_adaptive,235.75,0.011011003069606798,0.09882982422584412
ergo_adaptive,235.83333333333337,0.011102502015049412,0.0989011796242604
ergo_adaptive,235.91666666666663,0.011213015843170089,0.09896224260568132
ergo_adaptive,236.0,0.010623745640399519,0.0990185247427267
ergo_adaptive,236.08333333333337,0.008739426603554416,0.09909289610963047
ergo_adaptive,236.16666666666663,0.010193286193218225,0.09914294486255353
ergo_adaptive,236.25,0.010462995505855988,0.09915051425250816
ergo_adaptive,236.33333333333337,0.00835294936297165,0.09919094944763393
ergo_adaptive,236.41666666666663,0.007129517879338335,0.09923446221980593
ergo_adaptive,236.5,0.008140200634564118,0.0992542226702003
ergo_adaptive,236.58333333333337,0.009440345818976638,0.09925278628374581
ergo_adaptive,236.66666666666663,0.008095594649529593,0.09924106262157222
ergo_adaptive,236.75,0.007228940889904576,0.0992370329308976
ergo_adaptive,236.83333333333337,0.007738168377307501,0.09913791172398013
ergo_adaptive,236.91666666666663,0.007089497801362043,0.09908697159751492
ergo_adaptive,237.0,0.007537241519649672,0.09906620566276772
ergo_adaptive,237.08333333333337,0.007727344043131037,0.09908632629063706
ergo_adaptive,237.16666666666663,0.007205968109986857,0.09909317848282174
ergo_adaptive,237.25,0.007764315178760642,0.09914039084397158
ergo_adaptive,237.33333333333337,0.00648433933717659,0.09919573796818151
ergo_adaptive,237.41666666666663,0.007262296640621881,0.0991820784405348
ergo_adaptive,237.5,0.005660991962388074,0.09915281288612228
ergo_adaptive,237.58333333333337,0.006682270834739967,0.09917991282819132
ergo_adaptive,237.66666666666663,0.006552586283888787,0.09920990623618883
ergo_adaptive,237.75,0.007067773903693991,0.09922397447841073
ergo_adaptive,237.83333333333337,0.008611089588838586,0.09924893956760317
ergo_adaptive,237.91666666666663,0.00827948549248232,0.09930016159065068
ergo_adaptive,238.0,0.00809496070813305,0.0993732669913542
ergo_adaptive,238.08333333333337,0.009303399442190672,0.09944897700912703
ergo_adaptive,238.16666666666663,0.009880899131046852,0.099505453026116
ergo_adaptive,238.25,0.010343491007281684,0.09953707039698714
ergo_adaptive,238.33333333333337,0.010113284545971744,0.09954039919038582
ergo_adaptive,238.41666666666663,0.01086971743855204,0.09953115603380619
ergo_adaptive,238.5,0.012653049209450498,0.09951175923655223
ergo_adaptive,238.58333333333337,0.013222216792676586,0.09947545358454528
ergo_adaptive,238.66666666666663,0.011957486053063638,0.09941789945536723
ergo_adaptive,238.75,0.01550326305217411,0.0993540522001195
ergo_adaptive,238.83333333333337,0.01471600057050316,0.09927715054859103
ergo_adaptive,238.91666666666663,0.014881588243630511,0.09920134955896977
ergo_adaptive,239.0,0.014525624779574132,0.09912404281046039
ergo_adaptive,239.08333333333337,0.014802600091138436,0.09901255745629757
ergo_adaptive,239.16666666666663,0.015350224256055367,0.09888320068042424
ergo_adaptive,239.25,0.01603839660143087,0.0987812971994116
ergo_adaptive,239.33333333333337,0.013608423756651205,0.09871231643821247
ergo_adaptive,239.41666666666663,0.011657145137752735,0.09865086225385396
ergo_adaptive,239.5,0.010863514730585867,0.09866624289895524
ergo_adaptive,239.58333333333337,0.01015354577809015,0.09872684570193266
ergo_adaptive,239.66666666666663,0.010887572317795658,0.09879898407485456
ergo_adaptive,239.75,0.012768006357520964,0.0988637997801439
ergo_adaptive,239.83333333333337,0.012600062843720203,0.09891291039475017
ergo_adaptive,239.91666666666663,0.011554040089730384,0.09895333181669719
ergo_adaptive,240.0,0.010316656050084796,0.09899589678798366
ergo_adaptive,240.08333333333337,0.010695399950131359,0.09904297074131624
ergo_adaptive,240.16666666666663,0.0108370487788292,0.09907277617850646
ergo_adaptive,240.25,0.012215845274233443,0.09908455114100458
ergo_adaptive,240.33333333333337,0.011182679766774622,0.09908639160966046
ergo_adaptive,240.41666666666663,0.011347866972180034,0.09908703028586839
ergo_adaptive,240.5,0.012525585972675295,0.09909095846131455
ergo_adaptive,240.58333333333337,0.012194825205283158,0.09913141207914943
ergo_adaptive,240.66666666666663,0.012714019012797062,0.09919844036437513
ergo_adaptive,240.75,0.013689716032819883,0.09925683684561498
ergo_adaptive,240.83333333333337,0.012874653336856204,0.09931336659265617
ergo_adaptive,240.91666666666663,0.012928654802644692,0.09938373189630632
ergo_adaptive,241.0,0.014760082973029819,0.09944573874991833
ergo_adaptive,241.08333333333337,0.012990603258878802,0.09949455218527943
ergo_adaptive,241.16666666666663,0.011606279688358513,0.09955709355293645
ergo_adaptive,241.25,0.009272530578123056,0.09961884717704922
ergo_adaptive,241.33333333333337,0.009966403450742685,0.09966851014777142
ergo_adaptive,241.41666666666663,0.007660272780138333,0.09971162090279741
ergo_adaptive,241.5,0.0065168572344347,0.09973465211437176
ergo_adaptive,241.58333333333337,0.005474924172367884,0.09971903947903193
ergo_adaptive,241.66666666666663,0.003555160176485306,0.09967803852616051
ergo_adaptive,241.75,0.0037397183528065764,0.0996303396961049
ergo_adaptive,241.83333333333337,0.0035666069541912624,0.0995676309089494
ergo_adaptive,241.91666666666663,0.0022149565557587295,0.09942115887103968
ergo_adaptive,242.0,0.0008043821052231444,0.09931904912155676
ergo_adaptive,242.08333333333337,0.0013352228254846523,0.09931229472695105
ergo_adaptive,242.16666666666663,0.0017946630194011226,0.09934670143450194
ergo_adaptive,242.25,0.0018736931886302053,0.09939593977586356
ergo_adaptive,242.33333333333337,0.002894866384032827,0.09944752441232103
ergo_adaptive,242.41666666666663,0.0029273705148864836,0.09948747701529907
ergo_adaptive,242.5,0.003724126329426799,0.09952213208797422
ergo_adaptive,242.58333333333337,0.0048068575734564875,0.09954445075195587
ergo_adaptive,242.66666666666663,0.004157996842015926,0.09955207701435344
ergo_adaptive,242.75,0.003628626657505022,0.09955900037903512
ergo_adaptive,242.83333333333337,0.004279925522067654,0.09959485099561215
ergo_adaptive,242.91666666666663,0.0054162240505703325,0.09964057623464896
ergo_adaptive,243.0,0.0054258735440350795,0.09967265242952841
ergo_adaptive,243.08333333333337,0.005068194984585698,0.09968700646208206
ergo_adaptive,243.16666666666663,0.00441082548953084,0.09972241256951478
ergo_adaptive,243.25,0.004856384456342744,0.09979819668486653
ergo_adaptive,243.33333333333337,0.0037109614122664714,0.09987371754412326
ergo_adaptive,243.41666666666663,0.004001054566917898,0.09993683020414529
ergo_adaptive,243.5,0.004090347220193414,0.0999848689708133
ergo_adaptive,243.58333333333337,0.002848683436900733,0.1000440003579361
ergo_adaptive,243.66666666666663,0.001986360917597409,0.1000865065335155
ergo_adaptive,243.75,0.0023748589581291607,0.1001152560871456
ergo_adaptive,243.83333333333337,0.0029855043074175905,0.10014130613722315
ergo_adaptive,243.91666666666663,0.003538588349501372,0.10018877934744339
ergo_adaptive,244.0,0.0020036348882650256,0.10023579830721015
ergo_adaptive,244.08333333333337,0.001680640771234914,0.1002888542103895
ergo_adaptive,244.16666666666663,0.0011544708827098845,0.10033853535131934
ergo_adaptive,244.25,0.001473189563275656,0.10038214932736805
ergo_adaptive,244.33333333333337,0.0018002542779617923,0.10039612353980867
ergo_adaptive,244.41666666666663,0.002546183065049921,0.10039486294264462
ergo_adaptive,244.5,0.0050211526040872005,0.10043632186085752
ergo_adaptive,244.58333333333337,0.008405251903447432,0.10047462264077442
ergo_adaptive,244.66666666666663,0.008594014106209986,0.10047997292792375
ergo_adaptive,244.75,0.00660548066137835,0.10045418620904326
ergo_adaptive,244.83333333333337,0.004832296167280853,0.10042974978067072
ergo_adaptive,244.91666666666663,0.004866484373470801,0.10045582514624309
ergo_adaptive,245.0,0.0031672785452831506,0.10050593720944906
ergo_adaptive,245.08333333333337,0.0019835961535556094,0.10056038044275997
ergo_adaptive,245.16666666666663,0.0015362964715954278,0.10061428117456493
ergo_adaptive,245.25,0.0018289891326265643,0.1006592762983476
ergo_adaptive,245.33333333333337,0.0049735396315525844,0.1006714404052657
ergo_adaptive,245.41666666666663,0.0049435459688050585,0.10065319624090326
ergo_adaptive,245.5,0.002865464326955323,0.10061505206054563
ergo_adaptive,245.58333333333337,0.002638944881554551,0.10055381047752693
ergo_adaptive,245.66666666666663,0.003824852727334911,0.10048144254828653
ergo_adaptive,245.75,0.0032575408418712157,0.10050651716906227
ergo_adaptive,245.83333333333337,0.002861746691903162,0.10052211475339161
ergo_adaptive,245.91666666666663,0.004667808960798275,0.10049407234911746
ergo_adaptive,246.0,0.003580386005704122,0.10054162012479748
ergo_adaptive,246.08333333333337,0.004544995240663796,0.10059437559278964
ergo_adaptive,246.16666666666663,0.004754157911178096,0.10062811522052155
ergo_adaptive,246.25,0.005473663531951184,0.10068475383585992
ergo_adaptive,246.33333333333337,0.003860237574354275,0.10072048083788149
ergo_adaptive,246.41666666666663,0.0037955371055578397,0.10077502687441389
ergo_adaptive,246.5,0.004613244732185435,0.1008428692145398
ergo_adaptive,246.58333333333337,0.0037700743816959834,0.10085565938516632
ergo_adaptive,246.66666666666663,0.004574258488724727,0.10076410366793583
ergo_adaptive,246.75,0.005498841940902758,0.1007661146600848
ergo_adaptive,246.83333333333337,0.006795922173702497,0.10081828385589535
ergo_adaptive,246.91666666666663,0.00735581972702359,0.10085336261593428
ergo_adaptive,247.0,0.006419889130368462,0.10086097333606721
ergo_adaptive,247.08333333333337,0.006644544366846725,0.1008928841594237
ergo_adaptive,247.16666666666663,0.007508843596315384,0.10093607269256936
ergo_adaptive,247.25,0.005877951025795681,0.10095558694263454
ergo_adaptive,247.33333333333337,0.0061897471940993015,0.10099888035198751
ergo_adaptive,247.41666666666663,0.006429465260195558,0.10105510090303157
ergo_adaptive,247.5,0.006431230781066246,0.10110853789134097
ergo_adaptive,247.58333333333337,0.00723983889436243,0.10113786602759564
ergo_adaptive,247.66666666666663,0.008773304861192687,0.10117246855519003
ergo_adaptive,247.75,0.008382579722189273,0.10118577717158429
ergo_adaptive,247.83333333333337,0.0068970411772721184,0.10118366489530964
ergo_adaptive,247.91666666666663,0.007995778422586496,0.10121622646364756
ergo_adaptive,248.0,0.007007128742594908,0.10126242246880865
ergo_adaptive,248.08333333333337,0.0065639938589019805,0.10131089804163199
ergo_adaptive,248.16666666666663,0.005923608834456478,0.10135154871673809
ergo_adaptive,248.25,0.005548076834925092,0.10136752664946572
ergo_adaptive,248.33333333333337,0.006315369480384887,0.10133128337193502
ergo_adaptive,248.41666666666663,0.0076223429637184105,0.1013800298409803
ergo_adaptive,248.5,0.006950595835047289,0.10141689487547609
ergo_adaptive,248.58333333333337,0.008315486862467032,0.10147486935817296
ergo_adaptive,248.66666666666663,0.009891809404794873,0.10150930063911226
ergo_adaptive,248.75,0.008525179871075912,0.10151269696132752
ergo_adaptive,248.83333333333337,0.007245759480834998,0.10150814814242307
ergo_adaptive,248.91666666666663,0.007916098109066601,0.10153914183277982
ergo_adaptive,249.0,0.007805466516402111,0.10158767160902657
ergo_adaptive,249.08333333333337,0.005977225011681274,0.10163530913670082
ergo_adaptive,249.16666666666663,0.005398740892425257,0.10164696051631077
ergo_adaptive,249.25,0.007301820984508927,0.10153977293798148
ergo_adaptive,249.33333333333337,0.008491630244615403,0.10132217000317106
ergo_adaptive,249.41666666666663,0.007446058701525631,0.1010617262588813
ergo_adaptive,249.5,0.007870272240086584,0.1009318238344156
ergo_adaptive,249.58333333333337,0.0076211591381337975,0.10092014111189408
ergo_adaptive,249.66666666666663,0.007089983500827097,0.10089182792814899
ergo_adaptive,249.75,0.008783541836995425,0.1009091392167902
ergo_adaptive,249.83333333333337,0.008583696767393264,0.10093049949379192
ergo_adaptive,249.91666666666663,0.010315836740235814,0.10097486122844683
ergo_adaptive,250.0,0.009299514402109835,0.1010083285262956
ergo_adaptive,250.08333333333337,0.009338316937912799,0.10105359148336825
ergo_adaptive,250.16666666666663,0.009020617016332128,0.10111635605640043
ergo_adaptive,250.25,0.008258877614736685,0.10115767317070407
ergo_adaptive,250.33333333333337,0.008374306809884905,0.10117534858494939
ergo_adaptive,250.41666666666663,0.009005904052980207,0.10117226717036923
ergo_adaptive,250.5,0.010003596607820865,0.1012024641485052
ergo_adaptive,250.58333333333337,0.011610156977607365,0.10123347888422665
ergo_adaptive,250.66666666666663,0.009204546786475793,0.10124404555343193
ergo_adaptive,250.75,0.00976535158264259,0.10129514982825392
ergo_adaptive,250.83333333333337,0.011159086912858026,0.10135214168276224
ergo_adaptive,250.91666666666663,0.01079747183228617,0.101399484366575
ergo_adaptive,251.0,0.011166679745285572,0.1014367477173038
ergo_adaptive,251.08333333333337,0.011161465004155753,0.10144172847114562
ergo_adaptive,251.16666666666663,0.010410597450948498,0.10141781919094907
ergo_adaptive,251.25,0.009181922491905128,0.10143175602117215
ergo_adaptive,251.33333333333337,0.010403836421182032,0.10148742723811785
ergo_adaptive,251.41666666666663,0.011532271899767544,0.10156296235282768
ergo_adaptive,251.5,0.009690841264982354,0.1016190066545382
ergo_adaptive,251.58333333333337,0.012418837221890668,0.10167556836833767
ergo_adaptive,251.66666666666663,0.008539979635046924,0.10171752805752342
ergo_adaptive,251.75,0.007720029648181365,0.10176109302453645
ergo_adaptive,251.83333333333337,0.006934048303519767,0.1017572654842529
ergo_adaptive,251.91666666666663,0.0070281017868288435,0.10169159650894603
ergo_adaptive,252.0,0.007260919934711472,0.10159271024479176
ergo_adaptive,252.08333333333337,0.008250489857298942,0.10147274717740214
ergo_adaptive,252.16666666666663,0.007167993166730053,0.10120484740585434
ergo_adaptive,252.25,0.006265291710269582,0.10086563842685647
ergo_adaptive,252.33333333333337,0.005903669270403553,0.10081053370005207
ergo_adaptive,252.41666666666663,0.0054274288326355115,0.1008181045794117
ergo_adaptive,252.5,0.004707009925189933,0.10090138280820772
ergo_adaptive,252.58333333333337,0.0058212231555888035,0.10097056591454547
ergo_adaptive,252.66666666666663,0.006059235636221608,0.10103961632200346
ergo_adaptive,252.75,0.006352103420078649,0.10111126144864509
ergo_adaptive,252.83333333333337,0.00566508481702973,0.10116415537337851
ergo_adaptive,252.91666666666663,0.0043323721234710295,0.10123968309823339
ergo_adaptive,253.0,0.0047071410566257394,0.1012927421963293
ergo_adaptive,253.08333333333337,0.004452269776430544,0.1011863235586767
ergo_adaptive,253.16666666666663,0.004894848086132727,0.10115720916344939
ergo_adaptive,253.25,0.003980279146045608,0.10114039499501695
ergo_adaptive,253.33333333333337,0.005503885837699255,0.1011789315576168
ergo_adaptive,253.41666666666663,0.005817656527882482,0.10123878994507482
ergo_adaptive,253.5,0.006634800904381558,0.10127208659174221
ergo_adaptive,253.58333333333337,0.0069576887833150275,0.10126643764067564
ergo_adaptive,253.66666666666663,0.00614699321731576,0.10123542691589857
ergo_adaptive,253.75,0.004899764119078177,0.10124357322044748
ergo_adaptive,253.83333333333337,0.004531744392443416,0.10129584903475888
ergo_adaptive,253.91666666666663,0.005298758484031791,0.10136175547341694
ergo_adaptive,254.0,0.0038780066481111605,0.10143259104751193
ergo_adaptive,254.08333333333337,0.00404594812755297,0.10147013565577878
ergo_adaptive,254.16666666666663,0.004165900372234809,0.10134766639266383
ergo_adaptive,254.25,0.0024717686496327877,0.1011803389280009
ergo_adaptive,254.33333333333337,0.004119599188092197,0.10118875104994658
ergo_adaptive,254.41666666666663,0.003904731694280718,0.10126248830630731
ergo_adaptive,254.5,0.005578934313224249,0.10133046220149687
ergo_adaptive,254.58333333333337,0.0060674547440182055,0.10137913127037441
ergo_adaptive,254.66666666666663,0.004787097668494878,0.10140243770736479
ergo_adaptive,254.75,0.004903042373946882,0.10145969183786702
ergo_adaptive,254.83333333333337,0.004910585402141443,0.10152819058213539
ergo_adaptive,254.91666666666663,0.004111072841201049,0.10156158460335922
ergo_adaptive,255.0,0.0040127528969562615,0.10156610429275802
ergo_adaptive,255.08333333333337,0.002660662207117578,0.10152391261409935
ergo_adaptive,255.16666666666663,0.0034190996434986342,0.10157656621675741
ergo_adaptive,255.25,0.004118445099284699,0.10162241573514594
ergo_adaptive,255.33333333333337,0.005391270886821812,0.10166742192770897
ergo_adaptive,255.41666666666663,0.0036082089689449836,0.10166782507094214
ergo_adaptive,255.5,0.003904902428985886,0.10170585149327087
ergo_adaptive,255.58333333333337,0.004114692107050304,0.10177554982546554
ergo_adaptive,255.66666666666663,0.004716779886377628,0.10178309867593743
ergo_adaptive,255.75,0.004342485134125881,0.10182614050004027
ergo_adaptive,255.83333333333337,0.003964667017172612,0.10186656583354861
ergo_adaptive,255.91666666666663,0.004003173598725201,0.10190258861105359
ergo_adaptive,256.0,0.004052383086027279,0.10193861474278329
ergo_adaptive,256.08333333333337,0.003986249496218816,0.10197033493583399
ergo_adaptive,256.16666666666663,0.0036401106210683445,0.10199478156478371
ergo_adaptive,256.25,0.004524758268526516,0.10202561032939982
ergo_adaptive,256.33333333333337,0.0032522527430503176,0.10206758115727108
ergo_adaptive,256.41666666666663,0.0023072228509020236,0.10210942333890055
ergo_adaptive,256.5,0.0029585261807366517,0.10201983124240761
ergo_adaptive,256.58333333333337,0.003574342531636966,0.10178943796296086
ergo_adaptive,256.66666666666663,0.0017217112510585445,0.1015190600435051
ergo_adaptive,256.75,0.00348184119369344,0.10141198393977217
ergo_adaptive,256.83333333333337,0.003333628410983208,0.1014239932024262
ergo_adaptive,256.91666666666663,0.004693686232578525,0.10146023696916578
ergo_adaptive,257.0,0.003901653345220594,0.10150769521299087
ergo_adaptive,257.08333333333337,0.00576199024060082,0.10154753843739671
ergo_adaptive,257.16666666666663,0.006708660561542974,0.1015905387979712
ergo_adaptive,257.25,0.005846646610246213,0.10163367707268929
ergo_adaptive,257.33333333333337,0.006722328053297319,0.10170522455564615
ergo_adaptive,257.41666666666663,0.00959934868971776,0.10175271654374617
ergo_adaptive,257.5,0.008366429017676083,0.10174524358751423
ergo_adaptive,257.58333333333337,0.009262863217610353,0.1016930347433847
ergo_adaptive,257.66666666666663,0.007194215910283365,0.10161086306899626
ergo_adaptive,257.75,0.006051911243697755,0.1015868956374277
ergo_adaptive,257.83333333333337,0.0066278673957808,0.10162526726794857
ergo_adaptive,257.91666666666663,0.006645430702635465,0.10168858176014628
ergo_adaptive,258.0,0.005736466146589599,0.1017622979446176
ergo_adaptive,258.08333333333337,0.005841320971576442,0.10180758229499977
ergo_adaptive,258.16666666666663,0.00599969850398492,0.10175351483330701
ergo_adaptive,258.25,0.00661256379435523,0.10172419326313892
ergo_adaptive,258.33333333333337,0.004063005043785197,0.10171381399339309
ergo_adaptive,258.41666666666663,0.003317153304541209,0.10174079449179564
ergo_adaptive,258.5,0.0032091483965155597,0.10175834344337652
ergo_adaptive,258.58333333333337,0.0028205825130396926,0.10179023724546672
ergo_adaptive,258.66666666666663,0.004490797895075677,0.10182172716915193
ergo_adaptive,258.75,0.0033093356480111717,0.10188050047909404
ergo_adaptive,258.83333333333337,0.004553431108139419,0.1019141566059147
ergo_adaptive,258.91666666666663,0.0037208414214127492,0.10192626635824147
ergo_adaptive,259.0,0.002759443484793156,0.10191413219548145
ergo_adaptive,259.08333333333337,0.0020952426315478234,0.10195292623766022
ergo_adaptive,259.16666666666663,0.0024931644944469517,0.10198959339913378
ergo_adaptive,259.25,0.001800688872066267,0.10198777916627007
ergo_adaptive,259.33333333333337,0.00216271584812806,0.10201383854784066
ergo_adaptive,259.41666666666663,0.002710731142563513,0.10206419388002136
ergo_adaptive,259.5,0.002358511437425291,0.10211689771303592
ergo_adaptive,259.58333333333337,0.0030948490916645295,0.10217649435017305
ergo_adaptive,259.66666666666663,0.004788341430903333,0.10222304265670554
ergo_adaptive,259.75,0.005591270023779668,0.10222183930350755
ergo_adaptive,259.83333333333337,0.003466644833527547,0.10216659620417927
ergo_adaptive,259.91666666666663,0.0029311989237858823,0.10216586058136262
ergo_adaptive,260.0,0.0033692514141376163,0.10221693993511803
ergo_adaptive,260.08333333333337,0.0032897257873316494,0.10228257757089369
ergo_adaptive,260.16666666666663,0.0025645471213226806,0.10228629717683231
ergo_adaptive,260.25,0.002870136004445624,0.10233545223645603
ergo_adaptive,260.33333333333337,0.0019067303554402342,0.10237509679636875
ergo_adaptive,260.41666666666663,0.002449360721659088,0.10241206198164901
ergo_adaptive,260.5,0.0023588102672787775,0.10244943275726417
ergo_adaptive,260.58333333333337,0.0016984309437824102,0.10248178017676868
ergo_adaptive,260.66666666666663,0.0019951225996217036,0.10250686340172031
ergo_adaptive,260.75,0.0015257220786472647,0.10248757903658783
ergo_adaptive,260.83333333333337,0.0013791927052953462,0.10251831902738458
ergo_adaptive,260.91666666666663,0.001674027071895686,0.10254775016929579
ergo_adaptive,261.0,0.002036202310518638,0.10258090300166313
ergo_adaptive,261.08333333333337,0.0022609927480014905,0.10261265254970187
ergo_adaptive,261.16666666666663,0.002072875654014023,0.10265851492879442
ergo_adaptive,261.25,0.0026717268279136115,0.10269211598316423
ergo_adaptive,261.33333333333337,0.0029694059088547025,0.10273096985694957
ergo_adaptive,261.41666666666663,0.00332673157668085,0.10273475766408566
ergo_adaptive,261.5,0.003740431756066744,0.10270231543749751
ergo_adaptive,261.58333333333337,0.0023082495143496203,0.10263263190850375
ergo_adaptive,261.66666666666663,0.002460581564537964,0.10262930754254439
ergo_adaptive,261.75,0.0027194549382292673,0.10267251674899723
ergo_adaptive,261.83333333333337,0.0027612612932084958,0.10272998371715465
ergo_adaptive,261.91666666666663,0.0034182990590715216,0.10271985543894416
ergo_adaptive,262.0,0.003274026437519495,0.10272820851293883
ergo_adaptive,262.08333333333337,0.004116213771941283,0.10271507899136934
ergo_adaptive,262.16666666666663,0.004330509728456747,0.1027242291261844
ergo_adaptive,262.25,0.004233215803148331,0.10275429079207292
ergo_adaptive,262.33333333333337,0.0047809874583741585,0.10280236886744375
ergo_adaptive,262.41666666666663,0.0040607092490383455,0.10284174176409336
ergo_adaptive,262.5,0.004188112365530624,0.10287298595973528
ergo_adaptive,262.58333333333337,0.0025882271332303085,0.10291116446861673
ergo_adaptive,262.66666666666663,0.0057241576452028995,0.10286155726887868
ergo_adaptive,262.75,0.005414697397658083,0.10272181810548531
ergo_adaptive,262.83333333333337,0.004213397462430547,0.10258226214297811
ergo_adaptive,262.91666666666663,0.004823209603930883,0.10256333917828583
ergo_adaptive,263.0,0.00604239054167917,0.10255614316953095
ergo_adaptive,263.08333333333337,0.005898869394486631,0.10258587846929908
ergo_adaptive,263.16666666666663,0.004442362884293107,0.10261720338918388
ergo_adaptive,263.25,0.0028124897107066325,0.10263011651205904
ergo_adaptive,263.33333333333337,0.0024319570486961424,0.10258813700065482
ergo_adaptive,263.41666666666663,0.0024818858388772256,0.10257236541700987
ergo_adaptive,263.5,0.004060427467632576,0.10256696494109017
ergo_adaptive,263.58333333333337,0.003272281831106865,0.10254832919052545
ergo_adaptive,263.66666666666663,0.002556431483579246,0.10255795848641903
ergo_adaptive,263.75,0.002959683095156551,0.102568769792339
ergo_adaptive,263.83333333333337,0.002756445287250761,0.10258295714170718
ergo_adaptive,263.91666666666663,0.002509099789242678,0.10260024322036039
ergo_adaptive,264.0,0.0029312572617298405,0.10261847859962421
ergo_adaptive,264.08333333333337,0.003632742797315145,0.1026389518775241
ergo_adaptive,264.16666666666663,0.005471102443649394,0.1026585964868118
ergo_adaptive,264.25,0.006581381155619413,0.10267154276779197
ergo_adaptive,264.33333333333337,0.005454515777289885,0.10267274054548968
ergo_adaptive,264.41666666666663,0.00568366553594716,0.10270239692981732
ergo_adaptive,264.5,0.003249123950936469,0.10272889223430982
ergo_adaptive,264.58333333333337,0.002952862721015255,0.10275330321809287
ergo_adaptive,264.66666666666663,0.003782568983573993,0.10275682872748113
ergo_adaptive,264.75,0.005484553668645823,0.10267124754910051
ergo_adaptive,264.83333333333337,0.004797968335364552,0.10233639530160735
ergo_adaptive,264.91666666666663,0.005524547301580643,0.10187039449565656
ergo_adaptive,265.0,0.004182909382673379,0.10146343150501903
ergo_adaptive,265.08333333333337,0.0028908485292692505,0.10132968226291879
ergo_adaptive,265.16666666666663,0.0036132973599598862,0.10133984904810447
ergo_adaptive,265.25,0.006057636041061185,0.10139865157699889
ergo_adaptive,265.33333333333337,0.006991332425890807,0.10143155903259356
ergo_adaptive,265.41666666666663,0.006755220327864331,0.10140834373158797
ergo_adaptive,265.5,0.007781555778961281,0.10134416579332269
ergo_adaptive,265.58333333333337,0.0060126991561849025,0.10124984652126143
ergo_adaptive,265.66666666666663,0.005413071705008764,0.10117033680580381
ergo_adaptive,265.75,0.007484194660688294,0.10113948029229393
ergo_adaptive,265.83333333333337,0.005890122987077847,0.10109470819664784
ergo_adaptive,265.91666666666663,0.004007737333508816,0.10106675262000886
ergo_adaptive,266.0,0.006268221584535611,0.10111208952102399
ergo_adaptive,266.08333333333337,0.005953041993436819,0.10120052384218962
ergo_adaptive,266.16666666666663,0.0038901364829234822,0.10128808875288516
ergo_adaptive,266.25,0.0029107338437433356,0.10135808564438409
ergo_adaptive,266.33333333333337,0.0036820714164003915,0.10142484920641631
ergo_adaptive,266.41666666666663,0.002775809475449489,0.1014882494485703
ergo_adaptive,266.5,0.002181493306808825,0.10154215893988003
ergo_adaptive,266.58333333333337,0.002742443780407455,0.10159676538502595
ergo_adaptive,266.66666666666663,0.0034415506151466058,0.10164971217884568
ergo_adaptive,266.75,0.0038450028202561656,0.10169416517448723
ergo_adaptive,266.83333333333337,0.004277410629566868,0.10173810473653573
ergo_adaptive,266.91666666666663,0.0055668157055924665,0.10178435445977531
ergo_adaptive,267.0,0.006751407446046474,0.10182217924965783
ergo_adaptive,267.08333333333337,0.004621453275561743,0.10183368130090566
ergo_adaptive,267.16666666666663,0.005561956878802981,0.10187947295763589
ergo_adaptive,267.25,0.004324516665359754,0.10192214531699124
ergo_adaptive,267.33333333333337,0.004995879090529892,0.10194508576512049
ergo_adaptive,267.41666666666663,0.004642858730482398,0.10197648201914171
ergo_adaptive,267.5,0.004760366609214292,0.1019964723688055
ergo_adaptive,267.58333333333337,0.004917246527305469,0.10202777849927619
ergo_adaptive,267.66666666666663,0.0038851447030846006,0.10205947292667303
ergo_adaptive,267.75,0.002546582165506505,0.10208769192398925
ergo_adaptive,267.83333333333337,0.0033830348441109236,0.10210355300060388
ergo_adaptive,267.91666666666663,0.004120978379447707,0.10212081596179155
ergo_adaptive,268.0,0.005163129367566678,0.10215277177681241
ergo_adaptive,268.08333333333337,0.005188980666323627,0.10217614449029233
ergo_adaptive,268.16666666666663,0.004717531199069598,0.10220395006390345
ergo_adaptive,268.25,0.004801836556489268,0.10222094921208595
ergo_adaptive,268.33333333333337,0.005109956683881179,0.10224980267026465
ergo_adaptive,268.41666666666663,0.0063785222907753545,0.10227343991263306
ergo_adaptive,268.5,0.004528951671373825,0.10228323331754352
ergo_adaptive,268.58333333333337,0.003122050387159812,0.10231035648660339
ergo_adaptive,268.66666666666663,0.003997684273726033,0.1023408103895103
ergo_adaptive,268.75,0.003931939658441079,0.1023702907158037
ergo_adaptive,268.83333333333337,0.0034702445547893953,0.10233179802394055
ergo_adaptive,268.91666666666663,0.0027911865749011503,0.10235915102190443
ergo_adaptive,269.0,0.0034070996669651114,0.10239907722527336
ergo_adaptive,269.08333333333337,0.0030153658962295093,0.10244423699445611
ergo_adaptive,269.16666666666663,0.0037467864718806433,0.10247786604934714
ergo_adaptive,269.25,0.0037450830300462604,0.10252435666888864
ergo_adaptive,269.33333333333337,0.0038674918375684263,0.10256722465050429
ergo_adaptive,269.41666666666663,0.0045750283760456764,0.10259989693661777
ergo_adaptive,269.5,0.005427833907344522,0.10260271936465931
ergo_adaptive,269.58333333333337,0.003743743009869371,0.10257086765807427
ergo_adaptive,269.66666666666663,0.004108509582881889,0.10257991752763851
ergo_adaptive,269.75,0.005097211305701878,0.1026192963217398
ergo_adaptive,269.83333333333337,0.004488796386347349,0.10265315747950504
ergo_adaptive,269.91666666666663,0.004450055157644223,0.10268764355020103
ergo_adaptive,270.0,0.002347799150663753,0.10273648394094764
ergo_adaptive,270.08333333333337,0.0030934923243569963,0.1027662992950587
ergo_adaptive,270.16666666666663,0.0032204078194445944,0.10278255017541306
ergo_adaptive,270.25,0.004522034151773673,0.10280882876544133
ergo_adaptive,270.33333333333337,0.005439679254642651,0.10282859368985384
ergo_adaptive,270.41666666666663,0.005537153578631686,0.10281758916522818
ergo_adaptive,270.5,0.0057322105072569315,0.10280352848420428
ergo_adaptive,270.58333333333337,0.005220636773779029,0.10279104738566144
ergo_adaptive,270.66666666666663,0.005187884708865345,0.10281190000985928
ergo_adaptive,270.75,0.0074227650058163565,0.10283326969319394
ergo_adaptive,270.83333333333337,0.009236638519955931,0.10282270665214019
ergo_adaptive,270.91666666666663,0.01072465256820104,0.10277869696865886
ergo_adaptive,271.0,0.011274144116297544,0.1026894342871123
ergo_adaptive,271.08333333333337,0.008943908526992391,0.10254403275185252
ergo_adaptive,271.16666666666663,0.00814325841898621,0.10237251475640181
ergo_adaptive,271.25,0.009545849065835136,0.10228731082572917
ergo_adaptive,271.33333333333337,0.009302146201028273,0.1021910955436612
ergo_adaptive,271.41666666666663,0.011288275939007985,0.10205509947383773
ergo_adaptive,271.5,0.010815228878281449,0.10188440908459862
ergo_adaptive,271.58333333333337,0.014183302360905557,0.10167336239186409
ergo_adaptive,271.66666666666663,0.01346934429015855,0.10143139821352136
ergo_adaptive,271.75,0.01530699821293587,0.10116599135774511
ergo_adaptive,271.83333333333337,0.015278492759414116,0.10088395124050571
ergo_adaptive,271.91666666666663,0.016383187804583213,0.10058380287069123
ergo_adaptive,272.0,0.014959161593191125,0.10027118606520853
ergo_adaptive,272.08333333333337,0.01308892563855884,0.09998313362217146
ergo_adaptive,272.16666666666663,0.013187966602440987,0.09973868247976937
ergo_adaptive,272.25,0.01499989965999423,0.09946906162339585
ergo_adaptive,272.33333333333337,0.017921273004655562,0.09915175391235208
ergo_adaptive,272.41666666666663,0.020954942697433,0.09882462299962987
ergo_adaptive,272.5,0.018097685297363764,0.09851637265019862
ergo_adaptive,272.58333333333337,0.021392952189935404,0.09825822463984167
ergo_adaptive,272.66666666666663,0.020713268417439215,0.09806930983075854
ergo_adaptive,272.75,0.029130646041534775,0.09784830837933585
ergo_adaptive,272.83333333333337,0.029158500475926226,0.09755935551138578
ergo_adaptive,272.91666666666663,0.028376194051481465,0.09725526619600129
ergo_adaptive,273.0,0.028859226799803038,0.09698348609077431
ergo_adaptive,273.08333333333337,0.023606843567927593,0.09677231669204879
ergo_adaptive,273.16666666666663,0.024494561385068992,0.09663900853028867
ergo_adaptive,273.25,0.020324227750303698,0.0964874559586486
ergo_adaptive,273.33333333333337,0.020093820001540915,0.09627159568967912
ergo_adaptive,273.41666666666663,0.029844282315199287,0.09604118288786524
ergo_adaptive,273.5,0.024407065398716205,0.09584170558182135
ergo_adaptive,273.58333333333337,0.018956905857115045,0.09569428225617468
ergo_adaptive,273.66666666666663,0.021179193248666645,0.09562019547796964
ergo_adaptive,273.75,0.026370038875421883,0.09555224303489696
ergo_adaptive,273.83333333333337,0.02589292146115906,0.09542548725710646
ergo_adaptive,273.91666666666663,0.027424443646195933,0.09527731625471113
ergo_adaptive,274.0,0.029161154996981548,0.09515147365825646
ergo_adaptive,274.08333333333337,0.026607157553383307,0.0950690569334091
ergo_adaptive,274.16666666666663,0.024882458086357553,0.09504238778735186
ergo_adaptive,274.25,0.02268171065292183,0.0950411423531692
ergo_adaptive,274.33333333333337,0.02272122456399109,0.09500204893411145
ergo_adaptive,274.41666666666663,0.024318542849354533,0.09493265336015543
ergo_adaptive,274.5,0.025370287770702393,0.09488812885472843
ergo_adaptive,274.58333333333337,0.025673883233481045,0.094902074391415
ergo_adaptive,274.66666666666663,0.027106513143882214,0.0948958458919476
ergo_adaptive,274.75,0.0304808836683436,0.0949003760736402
ergo_adaptive,274.83333333333337,0.03311822628132752,0.09493545139919016
ergo_adaptive,274.91666666666663,0.035108586790001325,0.09500231182498885
ergo_adaptive,275.0,0.03775733267665508,0.09509081073452902
ergo_adaptive,275.08333333333337,0.04106437877268379,0.0951868851066231
ergo_adaptive,275.16666666666663,0.04150959006210473,0.09528134445246901
ergo_adaptive,275.25,0.03648296664414554,0.09538907752735538
ergo_adaptive,275.33333333333337,0.034428983638439756,0.09552377080495406
ergo_adaptive,275.41666666666663,0.01638793331957681,0.095675191025318
ergo_adaptive,275.5,0.014845815669194323,0.09585488340548691
ergo_adaptive,275.58333333333337,0.01665513020170228,0.0960374368369626
ergo_adaptive,275.66666666666663,0.019029895633241457,0.09619793352887675
ergo_adaptive,275.75,0.0193008037655609,0.09633027625819404
ergo_adaptive,275.83333333333337,0.019496285521412665,0.09644357203089896
ergo_adaptive,275.91666666666663,0.019051474838157816,0.09654266084924344
ergo_adaptive,276.0,0.018618630669200643,0.09660060774912824
ergo_adaptive,276.08333333333337,0.018498298786594047,0.09660718109376275
ergo_adaptive,276.16666666666663,0.020300469938316017,0.09658372604008866
ergo_adaptive,276.25,0.021828949135454426,0.0965610353908352
ergo_adaptive,276.33333333333337,0.02331153583186851,0.09649372482768438
ergo_adaptive,276.41666666666663,0.022351006774468947,0.09636838847958891
ergo_adaptive,276.5,0.022007692504168824,0.09624077176451451
ergo_adaptive,276.58333333333337,0.022012021445640177,0.096170230251488
ergo_adaptive,276.66666666666663,0.02276976616935339,0.09612936964410548
ergo_adaptive,276.75,0.021314635332041476,0.09603719671172692
ergo_adaptive,276.83333333333337,0.019167125491687982,0.09592967655180401
ergo_adaptive,276.91666666666663,0.01793287486961061,0.09589567514760296
ergo_adaptive,277.0,0.01814614799603024,0.09594852489981985
ergo_adaptive,277.08333333333337,0.017505108841957176,0.09604721757631086
ergo_adaptive,277.16666666666663,0.01887725039786123,0.09615285190656393
ergo_adaptive,277.25,0.019102662276566814,0.09627005989650565
ergo_adaptive,277.33333333333337,0.016816422142727296,0.0963910698339194
ergo_adaptive,277.41666666666663,0.016309947479989286,0.09650239520102852
ergo_adaptive,277.5,0.016954553553639475,0.09660064956119185
ergo_adaptive,277.58333333333337,0.01857972939106094,0.096709971641564
ergo_adaptive,277.66666666666663,0.019037510706476867,0.09681102004217462
ergo_adaptive,277.75,0.019497196617979787,0.09690805433149048
ergo_adaptive,277.83333333333337,0.01923993231796676,0.09700410512625368
ergo_adaptive,277.91666666666663,0.019163792999652117,0.0970997562589911
ergo_adaptive,278.0,0.01823676662633477,0.09719359251917212
ergo_adaptive,278.08333333333337,0.01852644600640148,0.09727985406634532
ergo_adaptive,278.16666666666663,0.018520264750877553,0.09736482230824998
ergo_adaptive,278.25,0.017786844398570114,0.09745148472101085
ergo_adaptive,278.33333333333337,0.019861184316464,0.09753200528621259
ergo_adaptive,278.41666666666663,0.0206225282767263,0.09761568287552913
ergo_adaptive,278.5,0.019609319559188976,0.09770084825794473
ergo_adaptive,278.58333333333337,0.020374388603107235,0.09778736137939731
ergo_adaptive,278.66666666666663,0.019211279012253023,0.09787720067410222
ergo_adaptive,278.75,0.01874098303740658,0.09795903738078969
ergo_adaptive,278.83333333333337,0.01928874403211824,0.09801470703432939
ergo_adaptive,278.91666666666663,0.019895409499786722,0.09808756626667717
ergo_adaptive,279.0,0.020070752677314556,0.09816117353938043
ergo_adaptive,279.08333333333337,0.018492107845182255,0.09824086141691608
ergo_adaptive,279.16666666666663,0.018226775260610433,0.09830164719088468
ergo_adaptive,279.25,0.01811829822402066,0.09834152345051247
ergo_adaptive,279.33333333333337,0.019852492407619823,0.09839879603031389
ergo_adaptive,279.41666666666663,0.0191065599675766,0.09847060301515878
ergo_adaptive,279.5,0.017598888947645108,0.09854240625901962
ergo_adaptive,279.58333333333337,0.018762551759043844,0.09861096803532149
ergo_adaptive,279.66666666666663,0.018179154273877056,0.09868094741855458
ergo_adaptive,279.75,0.01856855626255911,0.09875184018307089
ergo_adaptive,279.83333333333337,0.01843068006348848,0.09882217599566791
ergo_adaptive,279.91666666666663,0.019495900486059987,0.09889324644540065
ergo_adaptive,280.0,0.01974430390587389,0.09895958898789659
ergo_adaptive,280.08333333333337,0.019253115202185065,0.09901730591039687
ergo_adaptive,280.16666666666663,0.019318320154843197,0.09908387238370597
ergo_adaptive,280.25,0.01731417348614868,0.0991490861344653
ergo_adaptive,280.33333333333337,0.019148227044878383,0.09921902990844689
ergo_adaptive,280.41666666666663,0.01815889589632608,0.09928528235572424
ergo_adaptive,280.5,0.020274780590675858,0.0993610487758674
ergo_adaptive,280.58333333333337,0.020116378564402047,0.0994368174029493
ergo_adaptive,280.66666666666663,0.02001995240339042,0.09950221921230029
ergo_adaptive,280.75,0.018975633313394955,0.09956298062469957
ergo_adaptive,280.83333333333337,0.018072024105478278,0.09963704248324014
ergo_adaptive,280.91666666666663,0.017205496233255943,0.09969917309061394
ergo_adaptive,281.0,0.017750417196800337,0.09963137146721526
ergo_adaptive,281.08333333333337,0.018222953941246667,0.09961457703652096
ergo_adaptive,281.16666666666663,0.017824326227640106,0.099632519994825
ergo_adaptive,281.25,0.017787740953221817,0.09966989900448063
ergo_adaptive,281.33333333333337,0.019328302531553286,0.09972286606074642
ergo_adaptive,281.41666666666663,0.01818338043846235,0.09983378393346397
ergo_adaptive,281.5,0.01784064509255723,0.09990199326239463
ergo_adaptive,281.58333333333337,0.01835747469513815,0.09992795916792464
ergo_adaptive,281.66666666666663,0.01861570581607911,0.10000640322532885
ergo_adaptive,281.75,0.016936971594291465,0.10010726259567901
ergo_adaptive,281.83333333333337,0.01632963477532087,0.10016062935683297
ergo_adaptive,281.91666666666663,0.01797128178940968,0.10012268852491091
ergo_adaptive,282.0,0.018887350546698673,0.10008091825087795
ergo_adaptive,282.08333333333337,0.019589036235026027,0.10011488279789997
ergo_adaptive,282.16666666666663,0.020626816649406396,0.10019390219352405
ergo_adaptive,282.25,0.019443624477859158,0.1002807492020027
ergo_adaptive,282.33333333333337,0.018959111635427774,0.10037319277705084
ergo_adaptive,282.41666666666663,0.01914895222926672,0.10040780515143706
ergo_adaptive,282.5,0.018707624610676595,0.10040060146541344
ergo_adaptive,282.58333333333337,0.018815428945410977,0.10039868619303476
ergo_adaptive,282.66666666666663,0.018227644753252295,0.10042278131281046
ergo_adaptive,282.75,0.018700238851098207,0.10044485260590534
ergo_adaptive,282.83333333333337,0.019679344610771966,0.1004968915380791
ergo_adaptive,282.91666666666663,0.01998402419943572,0.10056024297293271
ergo_adaptive,283.0,0.020441541233389024,0.10062191375515517
ergo_adaptive,283.08333333333337,0.0210696095063717,0.10066072991884521
ergo_adaptive,283.16666666666663,0.02079295242925891,0.10064577723147164
ergo_adaptive,283.25,0.021861834830040595,0.10067209287669422
ergo_adaptive,283.33333333333337,0.021973529180015234,0.10066371531661765
ergo_adaptive,283.41666666666663,0.020941069178595617,0.10062734148339839
ergo_adaptive,283.5,0.022420386300907636,0.10066030942017568
ergo_adaptive,283.58333333333337,0.02120295935137146,0.10069531712108348
ergo_adaptive,283.66666666666663,0.021753247327695152,0.10075605551225085
ergo_adaptive,283.75,0.021904267066856414,0.10082418726215861
ergo_adaptive,283.83333333333337,0.020495556378497603,0.10088598833313324
ergo_adaptive,283.91666666666663,0.02102857955250175,0.10095496523116562
ergo_adaptive,284.0,0.021908639487405603,0.10102949533746283
ergo_adaptive,284.08333333333337,0.021791077445235455,0.10110397950760443
ergo_adaptive,284.16666666666663,0.021414174728972016,0.10116772408414065
ergo_adaptive,284.25,0.02180221508562734,0.1012384755356428
ergo_adaptive,284.33333333333337,0.021427277414605955,0.1013038965384452
ergo_adaptive,284.41666666666663,0.022223480338702434,0.10137204729593348
ergo_adaptive,284.5,0.021413475377486432,0.10143144959374673
ergo_adaptive,284.58333333333337,0.021841290700791795,0.10149603539612602
ergo_adaptive,284.66666666666663,0.02168055476114135,0.10155452839715139
ergo_adaptive,284.75,0.020968785154450397,0.10161063811886994
ergo_adaptive,284.83333333333337,0.02197516858443245,0.10167394118810698
ergo_adaptive,284.91666666666663,0.021242171984183607,0.10173094582846225
ergo_adaptive,285.0,0.02234172919375302,0.10179423039465911
ergo_adaptive,285.08333333333337,0.022303871228507712,0.10184928182058534
ergo_adaptive,285.16666666666663,0.021772532219560353,0.1018829644209472
ergo_adaptive,285.25,0.019723538244114207,0.10193142220159004
ergo_adaptive,285.33333333333337,0.021413982652520955,0.10198844452687715
ergo_adaptive,285.41666666666663,0.018959647704079235,0.10205172573175769
ergo_adaptive,285.5,0.01905287030255143,0.10209080831139337
ergo_adaptive,285.58333333333337,0.018727997552346592,0.10205568179318446
ergo_adaptive,285.66666666666663,0.018592088035184424,0.10196384995942558
ergo_adaptive,285.75,0.01968248793732491,0.10194041005793465
ergo_adaptive,285.83333333333337,0.018678216347568617,0.10197580146271017
ergo_adaptive,285.91666666666663,0.01904928578055903,0.10200082919493399
ergo_adaptive,286.0,0.019493779023694393,0.10204812730488005
ergo_adaptive,286.08333333333337,0.018347913531004553,0.1021141773141584
ergo_adaptive,286.16666666666663,0.018956042359483515,0.10215820130564197
ergo_adaptive,286.25,0.017038539838874774,0.10220709760578471
ergo_adaptive,286.33333333333337,0.017218535858363693,0.10222608102318931
ergo_adaptive,286.41666666666663,0.017058206435287736,0.10222135592399008
ergo_adaptive,286.5,0.016976602513559657,0.10224700122933467
ergo_adaptive,286.58333333333337,0.01686272216399578,0.10228350949576667
ergo_adaptive,286.66666666666663,0.016123329759642504,0.10233381221930977
ergo_adaptive,286.75,0.016515510527406872,0.10238375194229016
ergo_adaptive,286.83333333333337,0.01613022631436424,0.10244232253012063
ergo_adaptive,286.91666666666663,0.015886582062067927,0.1024966850958722
ergo_adaptive,287.0,0.0158725922599617,0.1025529006781002
ergo_adaptive,287.08333333333337,0.014811441717896901,0.10261089979595996
ergo_adaptive,287.16666666666663,0.013091742706584041,0.10263854875215535
ergo_adaptive,287.25,0.013635845875515536,0.10260620028776919
ergo_adaptive,287.33333333333337,0.014933473705002136,0.10262536024602359
ergo_adaptive,287.41666666666663,0.015190303523734487,0.10270679968414777
ergo_adaptive,287.5,0.01523666969183615,0.1027792670058141
ergo_adaptive,287.58333333333337,0.01403052580746389,0.10286053683783708
ergo_adaptive,287.66666666666663,0.01496341102345903,0.10289463393092403
ergo_adaptive,287.75,0.01573832148503748,0.10291616070767773
ergo_adaptive,287.83333333333337,0.01634196513100214,0.10296643843115061
ergo_adaptive,287.91666666666663,0.015471599345490951,0.10302864643941013
ergo_adaptive,288.0,0.014085785421424427,0.10306588745859702
ergo_adaptive,288.08333333333337,0.011794512328268204,0.10299423397995991
ergo_adaptive,288.16666666666663,0.00854044688876647,0.1028314800543357
ergo_adaptive,288.25,0.009628213117560382,0.10265525546652488
ergo_adaptive,288.33333333333337,0.009395633442738383,0.10260102211948068
ergo_adaptive,288.41666666666663,0.010199315952047252,0.10261402356610355
ergo_adaptive,288.5,0.009948302886767173,0.10265977881305358
ergo_adaptive,288.58333333333337,0.012521362304236243,0.10269661191592437
ergo_adaptive,288.66666666666663,0.012807891108176194,0.10275229615829208
ergo_adaptive,288.75,0.012902887082248347,0.10280308572610887
ergo_adaptive,288.83333333333337,0.011312730748769753,0.10284548552391007
ergo_adaptive,288.91666666666663,0.012100552544408824,0.10289236652366356
ergo_adaptive,289.0,0.012253938703877863,0.1029198171887188
ergo_adaptive,289.08333333333337,0.012418703013321292,0.10296036930435074
ergo_adaptive,289.16666666666663,0.013850933333941556,0.10300354785266305
ergo_adaptive,289.25,0.014149038499605268,0.1030526683656958
ergo_adaptive,289.33333333333337,0.013021988912215874,0.1030917885183489
ergo_adaptive,289.41666666666663,0.011795891752315006,0.10313144907318463
ergo_adaptive,289.5,0.012454617159790956,0.10315464036479323
ergo_adaptive,289.58333333333337,0.014102646767768689,0.10316976581212856
ergo_adaptive,289.66666666666663,0.014601182765751394,0.10320581966264286
ergo_adaptive,289.75,0.013928239022916171,0.10324959110789184
ergo_adaptive,289.83333333333337,0.014765087676778173,0.10329047885109185
ergo_adaptive,289.91666666666663,0.014984249756199833,0.10333893362327812
ergo_adaptive,290.0,0.013749477804724684,0.10338203295459956
ergo_adaptive,290.08333333333337,0.015504022434202833,0.10341890488793404
ergo_adaptive,290.16666666666663,0.014890736795326473,0.10346781749211333
ergo_adaptive,290.25,0.014685159285710429,0.1035178148587417
ergo_adaptive,290.33333333333337,0.014181517699835392,0.10356690033990887
ergo_adaptive,290.41666666666663,0.014131078523935678,0.10361062223019427
ergo_adaptive,290.5,0.014864759535999012,0.10364702439344028
ergo_adaptive,290.58333333333337,0.014651993251612452,0.10370111514056832
ergo_adaptive,290.66666666666663,0.013659088950162133,0.1037544289012775
ergo_adaptive,290.75,0.014441527749500272,0.10379033005519454
ergo_adaptive,290.83333333333337,0.013130541702763185,0.10383660781098764
ergo_adaptive,290.91666666666663,0.012806159957229847,0.10385165208600024
ergo_adaptive,291.0,0.012161129780227167,0.10384993183385813
ergo_adaptive,291.08333333333337,0.014722468867636075,0.10390275350736149
ergo_adaptive,291.16666666666663,0.013969192720108374,0.1039655165143104
ergo_adaptive,291.25,0.013404341265016427,0.10401034897239846
ergo_adaptive,291.33333333333337,0.014826445857370044,0.10401387499390659
ergo_adaptive,291.41666666666663,0.015383608029490953,0.10406327686399511
ergo_adaptive,291.5,0.015142863899941838,0.10412317184723596
ergo_adaptive,291.58333333333337,0.015446063596225862,0.10417570603618993
ergo_adaptive,291.66666666666663,0.013441799960523406,0.10423367576123879
ergo_adaptive,291.75,0.012391663032404063,0.10425881167551619
ergo_adaptive,291.83333333333337,0.01218619642126724,0.10418387503743463
ergo_adaptive,291.91666666666663,0.012083455718740865,0.10402974693539149
ergo_adaptive,292.0,0.010266052637739177,0.10385215270313157
ergo_adaptive,292.08333333333337,0.009956920407742504,0.10383027987681305
ergo_adaptive,292.16666666666663,0.008987848922735974,0.10383895273108669
ergo_adaptive,292.25,0.008765483486603835,0.10386677904754223
ergo_adaptive,292.33333333333337,0.009209168938195771,0.10390879178629703
ergo_adaptive,292.41666666666663,0.00870698463449105,0.10396029740149652
ergo_adaptive,292.5,0.008829729073223271,0.10400176668178868
ergo_adaptive,292.58333333333337,0.009337361853731635,0.10405563852587073
ergo_adaptive,292.66666666666663,0.009289662561302623,0.10410587367456983
ergo_adaptive,292.75,0.008843996877460875,0.10414804293170792
ergo_adaptive,292.83333333333337,0.009753841383591375,0.10419088146591929
ergo_adaptive,292.91666666666663,0.01081868108954999,0.10423939109140071
ergo_adaptive,293.0,0.0119829746829177,0.10427364947456734
ergo_adaptive,293.08333333333337,0.010733208668421805,0.10427961497149005
ergo_adaptive,293.16666666666663,0.010598184411856441,0.1042938721196855
ergo_adaptive,293.25,0.010531932333836336,0.1043421399477448
ergo_adaptive,293.33333333333337,0.00851036904736366,0.10439465955541687
ergo_adaptive,293.41666666666663,0.0085114081194429,0.10442558819391284
ergo_adaptive,293.5,0.009473833593371943,0.10440782642986594
ergo_adaptive,293.58333333333337,0.00997001215651447,0.10436604917910858
ergo_adaptive,293.66666666666663,0.012275987059164972,0.10428681923715268
ergo_adaptive,293.75,0.012821162246882971,0.10415490877559008
ergo_adaptive,293.83333333333337,0.011041256518220351,0.10397924815184006
ergo_adaptive,293.91666666666663,0.0119035164432625,0.10395859351047985
ergo_adaptive,294.0,0.012296414647541774,0.10401143761569855
ergo_adaptive,294.08333333333337,0.0126469906223391,0.10408612052456706
ergo_adaptive,294.16666666666663,0.01230563111612602,0.10417112112020427
ergo_adaptive,294.25,0.011462685495104563,0.10425293958208516
ergo_adaptive,294.33333333333337,0.012776586983539142,0.10430170620422233
ergo_adaptive,294.41666666666663,0.013453515799754845,0.10431558183651993
ergo_adaptive,294.5,0.012705743862739358,0.10430041997353583
ergo_adaptive,294.58333333333337,0.012489463024879039,0.10427030366071041
ergo_adaptive,294.66666666666663,0.01134923536471133,0.10428302180260535
ergo_adaptive,294.75,0.01165706083290134,0.10430080523375046
ergo_adaptive,294.83333333333337,0.011777829684658169,0.1043384732206773
ergo_adaptive,294.91666666666663,0.010871498853022982,0.10438352840039607
ergo_adaptive,295.0,0.010086052245966568,0.10441106385090722
ergo_adaptive,295.08333333333337,0.01067499868051363,0.10446437350070992
ergo_adaptive,295.16666666666663,0.010431890014839379,0.1045206488662034
ergo_adaptive,295.25,0.011367761704119126,0.10455833742583324
ergo_adaptive,295.33333333333337,0.01125197386815814,0.10457768736110826
ergo_adaptive,295.41666666666663,0.0115131150171287,0.10456339100455407
ergo_adaptive,295.5,0.009735677057225927,0.10451117037466404
ergo_adaptive,295.58333333333337,0.010230706106220571,0.1045030985843468
ergo_adaptive,295.66666666666663,0.0091687563748973,0.10454145331650921
ergo_adaptive,295.75,0.009200568236682898,0.10458864426271522
ergo_adaptive,295.83333333333337,0.009570765263447956,0.10462196901367686
ergo_adaptive,295.91666666666663,0.010447721311466472,0.10462431803597418
ergo_adaptive,296.0,0.010146200093780222,0.10462234888378179
ergo_adaptive,296.08333333333337,0.009281717756230679,0.10464019163143742
ergo_adaptive,296.16666666666663,0.00996798466502103,0.10466962044655145
ergo_adaptive,296.25,0.010247143560055813,0.10470608059498376
ergo_adaptive,296.33333333333337,0.009646379751816245,0.10474651051777278
ergo_adaptive,296.41666666666663,0.008875921514930779,0.10478974709875293
ergo_adaptive,296.5,0.008574437736688551,0.10483412370024744
ergo_adaptive,296.58333333333337,0.007653353261981602,0.10487880194506782
ergo_adaptive,296.66666666666663,0.009339664963194267,0.10492287976423227
ergo_adaptive,296.75,0.008100599942035313,0.10496531938795209
ergo_adaptive,296.83333333333337,0.005021719755023037,0.1050078275606348
ergo_adaptive,296.91666666666663,0.005868416594089475,0.10502380881751762
ergo_adaptive,297.0,0.0075612894992171005,0.10496516337841702
ergo_adaptive,297.08333333333337,0.00506642968756822,0.1048384523612489
ergo_adaptive,297.16666666666663,0.008240698518198402,0.1046646020668154
ergo_adaptive,297.25,0.01000845080785983,0.10438789136879835
ergo_adaptive,297.33333333333337,0.008172776479958708,0.10405816770347465
ergo_adaptive,297.41666666666663,0.011024100811408429,0.10387888573469699
ergo_adaptive,297.5,0.011461634742389398,0.10386195323968173
ergo_adaptive,297.58333333333337,0.012823076057024128,0.1038338353189766
ergo_adaptive,297.66666666666663,0.012464279914510452,0.10387427739571527
ergo_adaptive,297.75,0.011248500959446994,0.1039468730701855
ergo_adaptive,297.83333333333337,0.01102907005450217,0.10402746607173684
ergo_adaptive,297.91666666666663,0.01128182299441887,0.10407395799310307
ergo_adaptive,298.0,0.010316656245728702,0.10405560142001177
ergo_adaptive,298.08333333333337,0.009723374588375319,0.10398108946243043
ergo_adaptive,298.16666666666663,0.006448823368809043,0.103856604808283
ergo_adaptive,298.25,0.005237293692114823,0.10378285990191949
ergo_adaptive,298.33333333333337,0.005352460946362035,0.10376992146456562
ergo_adaptive,298.41666666666663,0.005031319956939545,0.10379543430061362
ergo_adaptive,298.5,0.00588632689516688,0.10385597514167014
ergo_adaptive,298.58333333333337,0.00603191104601326,0.10391041175781943
ergo_adaptive,298.66666666666663,0.00588860505237343,0.10394930978303335
ergo_adaptive,298.75,0.005940573996105246,0.10398368503794427
ergo_adaptive,298.83333333333337,0.005348411380947572,0.1040313132903856
ergo_adaptive,298.91666666666663,0.005103902657092281,0.10409824620451467
ergo_adaptive,299.0,0.0054563658876667495,0.10415050244700536
ergo_adaptive,299.08333333333337,0.005201363116126731,0.10417436271666534
ergo_adaptive,299.16666666666663,0.006897889010557431,0.10417541434964943
ergo_adaptive,299.25,0.007445524858100407,0.10408389355558838
ergo_adaptive,299.33333333333337,0.006219370960932086,0.10395086678412138
ergo_adaptive,299.41666666666663,0.006235750680975463,0.10393684596658816
ergo_adaptive,299.5,0.006164629198199239,0.10381790497339939
ergo_adaptive,299.58333333333337,0.005143965834056942,0.10375329171093971
ergo_adaptive,299.66666666666663,0.005214958709172035,0.10370053402746632
ergo_adaptive,299.75,0.005511950948198365,0.10353498039461934
ergo_adaptive,299.83333333333337,0.007083443349453856,0.10337774597850567
ergo_adaptive,299.91666666666663,0.005972039662890202,0.10336586126364312
ergo_adaptive,300.0,0.005136731824702795,0.10336702219041564
ergo_adaptive,300.08333333333337,0.007478728385732951,0.10330102964434991
ergo_adaptive,300.16666666666663,0.0076055016842981665,0.10316994579693793
ergo_adaptive,300.25,0.00927298730505423,0.10313311424331684
ergo_adaptive,300.33333333333337,0.010130380222046268,0.10316045188824241
ergo_adaptive,300.41666666666663,0.010197839393738743,0.10320082569320402
ergo_adaptive,300.5,0.009450706712607341,0.10324641965121963
ergo_adaptive,300.58333333333337,0.009942501951754097,0.10331535053686915
ergo_adaptive,300.66666666666663,0.010274926844160728,0.10337902301776278
ergo_adaptive,300.75,0.008887916164166967,0.10342816408615325
ergo_adaptive,300.83333333333337,0.007795817201109246,0.10346606089735944
ergo_adaptive,300.91666666666663,0.007779321631780777,0.1034542069075895
ergo_adaptive,301.0,0.007068722338495072,0.10339315439942434
ergo_adaptive,301.08333333333337,0.009388674734130412,0.10328622334020256
ergo_adaptive,301.16666666666663,0.010005132898517382,0.1032618020235481
ergo_adaptive,301.25,0.009110738674120149,0.10328799394113922
ergo_adaptive,301.33333333333337,0.009789989336337953,0.10333485437818728
ergo_adaptive,301.41666666666663,0.009842104429003013,0.10336005520796046
ergo_adaptive,301.5,0.009399740477134072,0.10336118475290688
ergo_adaptive,301.58333333333337,0.009924917579000716,0.10339614294360167
ergo_adaptive,301.66666666666663,0.009148680183583738,0.1034002880108038
ergo_adaptive,301.75,0.007864239586935003,0.10342670422279229
ergo_adaptive,301.83333333333337,0.010423822160858921,0.10335993022634314
ergo_adaptive,301.91666666666663,0.009038962003724045,0.10323930461906577
ergo_adaptive,302.0,0.007789344071427314,0.10325448105987409
ergo_adaptive,302.08333333333337,0.007252037769573738,0.10327733945089965
ergo_adaptive,302.16666666666663,0.006961924970643602,0.10318245543871199
ergo_adaptive,302.25,0.007600451041924477,0.10293224497406954
ergo_adaptive,302.33333333333337,0.007729316358197372,0.10271459094075441
ergo_adaptive,302.41666666666663,0.00728050923468869,0.10269813618179728
ergo_adaptive,302.5,0.006912624059094611,0.10263983412241744
ergo_adaptive,302.58333333333337,0.006749203392978432,0.10258196573191627
ergo_adaptive,302.66666666666663,0.005376981441683502,0.10259217777113495
ergo_adaptive,302.75,0.004761644557564292,0.10253536218492557
ergo_adaptive,302.83333333333337,0.006670085090906585,0.10243783912508161
ergo_adaptive,302.91666666666663,0.006120981903440347,0.10243848715601445
ergo_adaptive,303.0,0.005034718882093414,0.10246745091329817
ergo_adaptive,303.08333333333337,0.004372239284875611,0.1024483860100082
ergo_adaptive,303.16666666666663,0.004059047179343696,0.10239187688526116
ergo_adaptive,303.25,0.005255817488605297,0.1024218402435159
ergo_adaptive,303.33333333333337,0.004956475923418467,0.10243806271593366
ergo_adaptive,303.41666666666663,0.005768480901912747,0.10248813466425012
ergo_adaptive,303.5,0.004929572109996829,0.1025136352809875
ergo_adaptive,303.58333333333337,0.004797297269101964,0.10256806671930949
ergo_adaptive,303.66666666666663,0.0050328025026446805,0.10254488269041175
ergo_adaptive,303.75,0.0040602612324620495,0.10245202700064157
ergo_adaptive,303.83333333333337,0.005514038659627332,0.10237014112870464
ergo_adaptive,303.91666666666663,0.006176431656812485,0.10230028581486374
ergo_adaptive,304.0,0.005597930276968571,0.10230032897107964
ergo_adaptive,304.08333333333337,0.0073621959071626004,0.10226136722122718
ergo_adaptive,304.16666666666663,0.007539211652479893,0.10229259659779234
ergo_adaptive,304.25,0.009396130666032133,0.10231495711882399
ergo_adaptive,304.33333333333337,0.008283435967546698,0.10228633104060042
ergo_adaptive,304.41666666666663,0.008540324112958221,0.10223272862226718
ergo_adaptive,304.5,0.007851084740291347,0.10217337228493015
ergo_adaptive,304.58333333333337,0.009259530095507895,0.10218224446466978
ergo_adaptive,304.66666666666663,0.009180083340800903,0.1021928238185615
ergo_adaptive,304.75,0.011260584041224705,0.10217576525773775
ergo_adaptive,304.83333333333337,0.010049974801038317,0.102130288872274
ergo_adaptive,304.91666666666663,0.009161354938234926,0.10206349241628762
ergo_adaptive,305.0,0.011908766214696756,0.10205249062710298
ergo_adaptive,305.08333333333337,0.011265683124849095,0.10204963961025507
ergo_adaptive,305.16666666666663,0.010017103633779561,0.1020328422160408
ergo_adaptive,305.25,0.010762305656148101,0.10204671578782923
ergo_adaptive,305.33333333333337,0.009654264255871745,0.10209049994864415
ergo_adaptive,305.41666666666663,0.010113415365272431,0.10215813190144704
ergo_adaptive,305.5,0.01091848931465774,0.10222832464147891
ergo_adaptive,305.58333333333337,0.010569066666550012,0.10229597008496043
ergo_adaptive,305.66666666666663,0.011880409087628212,0.1023575070971318
ergo_adaptive,305.75,0.01170157516638741,0.10239998532109042
ergo_adaptive,305.83333333333337,0.012234000781580762,0.10241967764370288
ergo_adaptive,305.91666666666663,0.011502397598030125,0.10240858871496065
ergo_adaptive,306.0,0.01206102899918175,0.10241775552139258
ergo_adaptive,306.08333333333337,0.009895695430405044,0.10247695519730687
ergo_adaptive,306.16666666666663,0.011662766006778196,0.10255262828975747
ergo_adaptive,306.25,0.011181729379598436,0.10261318974883883
ergo_adaptive,306.33333333333337,0.011717977957837676,0.10264350255746733
ergo_adaptive,306.41666666666663,0.012246249691665923,0.10267648611126332
ergo_adaptive,306.5,0.012819106531129708,0.10271325096700232
ergo_adaptive,306.58333333333337,0.013217022276097156,0.1027385929464993
ergo_adaptive,306.66666666666663,0.012730775997100211,0.10273777715689036
ergo_adaptive,306.75,0.011569659657084034,0.1027144196476184
ergo_adaptive,306.83333333333337,0.011621810460744574,0.10273662591060995
ergo_adaptive,306.91666666666663,0.010481704968540484,0.1027918321098581
ergo_adaptive,307.0,0.008989192711665556,0.10286005895689376
ergo_adaptive,307.08333333333337,0.009070101949042307,0.10291562723720397
ergo_adaptive,307.16666666666663,0.010850383799128342,0.10293459240269347
ergo_adaptive,307.25,0.008303597440616262,0.10292502371912951
ergo_adaptive,307.33333333333337,0.009990983598201305,0.10291224974314062
ergo_adaptive,307.41666666666663,0.008816138905599196,0.10290254158286959
ergo_adaptive,307.5,0.010222705874276043,0.10285944850043278
ergo_adaptive,307.58333333333337,0.011539505299181803,0.10278357292822926
ergo_adaptive,307.66666666666663,0.009453485884720036,0.10273139838918016
ergo_adaptive,307.75,0.008657444586196618,0.10273843798191173
ergo_adaptive,307.83333333333337,0.007482565630235541,0.10272866542392178
ergo_adaptive,307.91666666666663,0.006743708595815371,0.10269494182871927
ergo_adaptive,308.0,0.008193265028937755,0.10258796667142143
ergo_adaptive,308.08333333333337,0.009008899498389972,0.10252647517716877
ergo_adaptive,308.16666666666663,0.009343128033685052,0.10254168256485087
ergo_adaptive,308.25,0.010281061211514177,0.1025860334061971
ergo_adaptive,308.33333333333337,0.009303012225935143,0.10262328616439195
ergo_adaptive,308.41666666666663,0.007939795593364999,0.10268595768425945
ergo_adaptive,308.5,0.007453543185159457,0.10275070166694183
ergo_adaptive,308.58333333333337,0.006574032626055924,0.10280591567393481
ergo_adaptive,308.66666666666663,0.007456346594209496,0.10284629931757877
ergo_adaptive,308.75,0.00851611722083132,0.1027476685982464
ergo_adaptive,308.83333333333337,0.006052408809095164,0.10247967731282866
ergo_adaptive,308.91666666666663,0.0049526472698083026,0.10234424243115488
ergo_adaptive,309.0,0.004064868221494635,0.10224620597569521
ergo_adaptive,309.08333333333337,0.007015257448645748,0.10210993969363055
ergo_adaptive,309.16666666666663,0.0065858270392012445,0.1021108656862336
ergo_adaptive,309.25,0.005993508928467754,0.10217745936913417
ergo_adaptive,309.33333333333337,0.0056239936831919525,0.10225615993925545
ergo_adaptive,309.41666666666663,0.007012040619443847,0.1022579907974558
ergo_adaptive,309.5,0.00568802909221957,0.10220418813760014
ergo_adaptive,309.58333333333337,0.00533483164533747,0.10216463299091913
ergo_adaptive,309.66666666666663,0.007185402245931701,0.10210150559873163
ergo_adaptive,309.75,0.007567718657888458,0.10212700730432316
ergo_adaptive,309.83333333333337,0.0072083202884232304,0.10218150566580514
ergo_adaptive,309.91666666666663,0.007100427313059529,0.10226592784244663
ergo_adaptive,310.0,0.007032237740677908,0.10230820327235411
ergo_adaptive,310.08333333333337,0.0055024306959131405,0.10234574815791606
ergo_adaptive,310.16666666666663,0.0056722549721545295,0.10237348439785397
ergo_adaptive,310.25,0.007118689438904427,0.10231733930603304
ergo_adaptive,310.33333333333337,0.006303453326803894,0.10218396879088038
ergo_adaptive,310.41666666666663,0.0050827845316894806,0.10216403813864065
ergo_adaptive,310.5,0.00465825339885958,0.10212358206546016
ergo_adaptive,310.58333333333337,0.004783384731879595,0.10205725627090988
ergo_adaptive,310.66666666666663,0.0033673347334283715,0.10204640886041605
ergo_adaptive,310.75,0.0041447865443673855,0.1019905466982589
ergo_adaptive,310.83333333333337,0.005264786641980397,0.10201525293509867
ergo_adaptive,310.91666666666663,0.004730862016466294,0.10202941877829151
ergo_adaptive,311.0,0.006097488026756671,0.10207575593112313
ergo_adaptive,311.08333333333337,0.0047470865681867,0.10209791774581929
ergo_adaptive,311.16666666666663,0.005180685249666086,0.10214345172807988
ergo_adaptive,311.25,0.005831074194603846,0.10216809804169726
ergo_adaptive,311.33333333333337,0.007467962547604581,0.1021823781777095
ergo_adaptive,311.41666666666663,0.007823496080591156,0.10217406561654985
ergo_adaptive,311.5,0.00926809566219721,0.10214892385983862
ergo_adaptive,311.58333333333337,0.009026038579122158,0.10210641718875743
ergo_adaptive,311.66666666666663,0.00975233432404216,0.10204827564050963
ergo_adaptive,311.75,0.010239699270063423,0.10198169484881649
ergo_adaptive,311.83333333333337,0.0110411182814036,0.10193741646536755
ergo_adaptive,311.91666666666663,0.010726539513796785,0.1019046702885095
ergo_adaptive,312.0,0.008937995279797637,0.10182609752080095
ergo_adaptive,312.08333333333337,0.008932860614299331,0.10175801436408971
ergo_adaptive,312.16666666666663,0.011309768031627775,0.10172268853149122
ergo_adaptive,312.25,0.010348963494313072,0.1017047003330114
ergo_adaptive,312.33333333333337,0.012247679713517166,0.10167709130325583
ergo_adaptive,312.41666666666663,0.011504425012297918,0.10159490437909814
ergo_adaptive,312.5,0.010360642521582196,0.1014769676257978
ergo_adaptive,312.58333333333337,0.007513842918064213,0.1013883486879672
ergo_adaptive,312.66666666666663,0.0076956643534409515,0.101417804027306
ergo_adaptive,312.75,0.005947075616968185,0.10148897508470643
ergo_adaptive,312.83333333333337,0.006125850220395949,0.10156811580604763
ergo_adaptive,312.91666666666663,0.006288168799592826,0.10164569481169793
ergo_adaptive,313.0,0.006911556628908461,0.10171360476261536
ergo_adaptive,313.08333333333337,0.007160454565414221,0.10176635052512224
ergo_adaptive,313.16666666666663,0.007316350322460474,0.10180499032800507
ergo_adaptive,313.25,0.006918452034643885,0.10183335671934192
ergo_adaptive,313.33333333333337,0.007742462776732609,0.1018637025105874
ergo_adaptive,313.41666666666663,0.007687128843467572,0.10189398925780933
ergo_adaptive,313.5,0.007011943289796578,0.10191165937723058
ergo_adaptive,313.58333333333337,0.00697597165261283,0.10191485094078083
ergo_adaptive,313.66666666666663,0.0056553422451605054,0.1019158570490367
ergo_adaptive,313.75,0.005669941037989859,0.10191426038016746
ergo_adaptive,313.83333333333337,0.006653956876079024,0.10184891601664631
ergo_adaptive,313.91666666666663,0.004863487012761466,0.10175177683313436
ergo_adaptive,314.0,0.003343883672346075,0.10174852476010114
ergo_adaptive,314.08333333333337,0.004030302267111713,0.10168827083889864
ergo_adaptive,314.16666666666663,0.003963265225672979,0.10162977601058051
ergo_adaptive,314.25,0.0040871921416043054,0.101620580080455
ergo_adaptive,314.33333333333337,0.00370110061409809,0.10160610233909467
ergo_adaptive,314.41666666666663,0.004260428125636833,0.10162164623494685
ergo_adaptive,314.5,0.003665905038598238,0.1016390980248881
ergo_adaptive,314.58333333333337,0.0032501575405518525,0.10166575440421002
ergo_adaptive,314.66666666666663,0.003243413080124617,0.1016493630513629
ergo_adaptive,314.75,0.004107513912515477,0.10167361977516746
ergo_adaptive,314.83333333333337,0.0044266289850495594,0.10169691611378773
ergo_adaptive,314.91666666666663,0.005304631787432133,0.10175281202186265
ergo_adaptive,315.0,0.0045344054167802345,0.10181344462335644
ergo_adaptive,315.08333333333337,0.003912360059550636,0.10188857559569318
ergo_adaptive,315.16666666666663,0.003975639585776547,0.10193940971541673
ergo_adaptive,315.25,0.005020631422474958,0.10193734689556472
ergo_adaptive,315.33333333333337,0.00400223295478151,0.10194482551182305
ergo_adaptive,315.41666666666663,0.004396201517918952,0.10197118521175201
ergo_adaptive,315.5,0.005442682025007175,0.10197439298821871
ergo_adaptive,315.58333333333337,0.006136748406137991,0.10201401411242271
ergo_adaptive,315.66666666666663,0.004728100786835345,0.10206450814868004
ergo_adaptive,315.75,0.004486225337240807,0.10212792029699284
ergo_adaptive,315.83333333333337,0.0061315053947461505,0.10216737301715
ergo_adaptive,315.91666666666663,0.007237304795107216,0.10215649022549275
ergo_adaptive,316.0,0.0076896924237718255,0.10215995398659013
ergo_adaptive,316.08333333333337,0.008765704632496615,0.10220392383100374
ergo_adaptive,316.16666666666663,0.008323010083626422,0.10225345796536922
ergo_adaptive,316.25,0.007233156129051543,0.10232061682674237
ergo_adaptive,316.33333333333337,0.006990683816543438,0.10236351111371554
ergo_adaptive,316.41666666666663,0.0063479160917381625,0.10235390567626051
ergo_adaptive,316.5,0.007045445297516194,0.10236250299293134
ergo_adaptive,316.58333333333337,0.007972687672340452,0.10238188291768291
ergo_adaptive,316.66666666666663,0.008039443829194014,0.10242695089510573
ergo_adaptive,316.75,0.008585758418490764,0.10249168833985106
ergo_adaptive,316.83333333333337,0.00972842594576114,0.10253434601527898
ergo_adaptive,316.91666666666663,0.00996165817452977,0.10256617544757923
ergo_adaptive,317.0,0.009395395144705419,0.10258005798591883
ergo_adaptive,317.08333333333337,0.01001733117144704,0.10261892626283015
ergo_adaptive,317.16666666666663,0.009231625125587884,0.10267220097591752
ergo_adaptive,317.25,0.008459720456652482,0.10273642483054246
ergo_adaptive,317.33333333333337,0.008203851590029189,0.10280002129896335
ergo_adaptive,317.41666666666663,0.008054404907011942,0.10281017196302654
ergo_adaptive,317.5,0.008853897818636837,0.10282329373562331
ergo_adaptive,317.58333333333337,0.00826061677206091,0.10286681149550114
ergo_adaptive,317.66666666666663,0.008806383876927518,0.10292461313419216
ergo_adaptive,317.75,0.008912794897170093,0.10294969690305816
ergo_adaptive,317.83333333333337,0.008627350141774626,0.10300269392089768
ergo_adaptive,317.91666666666663,0.008821394329871307,0.10302472646865152
ergo_adaptive,318.0,0.00862423212566356,0.10304197693318388
ergo_adaptive,318.08333333333337,0.008063610284020445,0.10309183340926714
ergo_adaptive,318.16666666666663,0.008273382018853257,0.10309451857349232
ergo_adaptive,318.25,0.008038292386932907,0.1030850745719886
ergo_adaptive,318.33333333333337,0.007305995837939042,0.10312328140475784
ergo_adaptive,318.41666666666663,0.007308974015926951,0.10311820333227611
ergo_adaptive,318.5,0.00784290373226408,0.10305924284988434
ergo_adaptive,318.58333333333337,0.007233212123381347,0.10306125205753434
ergo_adaptive,318.66666666666663,0.0068936742638945475,0.10307528298928374
ergo_adaptive,318.75,0.007310098206465623,0.1030326777680236
ergo_adaptive,318.83333333333337,0.00891263688748077,0.10302580035600559
ergo_adaptive,318.91666666666663,0.007030608494950059,0.10305245387954878
ergo_adaptive,319.0,0.0073306340681822246,0.103086604193698
ergo_adaptive,319.08333333333337,0.007656086852296405,0.10309048951645294
ergo_adaptive,319.16666666666663,0.007175104574491972,0.10304423808598914
ergo_adaptive,319.25,0.006356773963444796,0.1029940436239378
ergo_adaptive,319.33333333333337,0.006273142779214662,0.1030051206409299
ergo_adaptive,319.41666666666663,0.006935380907323419,0.10296895451096233
ergo_adaptive,319.5,0.007311075809361558,0.1030032239004313
ergo_adaptive,319.58333333333337,0.006156940927536282,0.10302183273510743
ergo_adaptive,319.66666666666663,0.0064808541377771285,0.10305662587091308
ergo_adaptive,319.75,0.005609257290418427,0.10300665185395189
ergo_adaptive,319.83333333333337,0.006615304640943597,0.10303449293301661
ergo_adaptive,319.91666666666663,0.007372815039828391,0.10303990377941376
ergo_adaptive,320.0,0.008358367607663876,0.10307478014418883
ergo_adaptive,320.08333333333337,0.00808863909814498,0.10308997411833427
ergo_adaptive,320.16666666666663,0.008230335508305204,0.10312445646324436
ergo_adaptive,320.25,0.008772861644020817,0.10315236669209218
ergo_adaptive,320.33333333333337,0.00741204905835361,0.10316504159693556
ergo_adaptive,320.41666666666663,0.006596511152847569,0.10320661194133257
ergo_adaptive,320.5,0.005132468906313065,0.10325393630105371
ergo_adaptive,320.58333333333337,0.006280117364263168,0.10329155043618213
ergo_adaptive,320.66666666666663,0.005686641931970578,0.10328438993696952
ergo_adaptive,320.75,0.006711066089543123,0.10306654667733413
ergo_adaptive,320.83333333333337,0.010108191710047492,0.10264608175346071
ergo_adaptive,320.91666666666663,0.009522401071422602,0.1021729975403745
ergo_adaptive,321.0,0.008527559707620699,0.1017831856766702
ergo_adaptive,321.08333333333337,0.012396356008801398,0.10137307757724971
ergo_adaptive,321.16666666666663,0.014031254588489639,0.10088552727939169
ergo_adaptive,321.25,0.011029317531396115,0.10037516987511502
ergo_adaptive,321.33333333333337,0.011370467515990124,0.09992993895100653
ergo_adaptive,321.41666666666663,0.010011969783513633,0.09955353615474496
ergo_adaptive,321.5,0.009186243909561317,0.09943648519183135
ergo_adaptive,321.58333333333337,0.006601335219953943,0.09944591341394467
ergo_adaptive,321.66666666666663,0.004416819291919638,0.09949423440007307
ergo_adaptive,321.75,0.006116325959984284,0.09957822911275288
ergo_adaptive,321.83333333333337,0.0065006397117516514,0.09964643668393101
ergo_adaptive,321.91666666666663,0.005300554739083552,0.09973131827680146
ergo_adaptive,322.0,0.005167378499775301,0.09981704961031027
ergo_adaptive,322.08333333333337,0.005270648089001496,0.09987325799999738
ergo_adaptive,322.16666666666663,0.00455167664486098,0.0998842176511569
ergo_adaptive,322.25,0.00538590047466398,0.09991991799309102
ergo_adaptive,322.33333333333337,0.006264167840317434,0.09997859571472466
ergo_adaptive,322.41666666666663,0.007959389818849374,0.10002642411617502
ergo_adaptive,322.5,0.00787727905590634,0.10006439056710367
ergo_adaptive,322.58333333333337,0.007508650018318818,0.10009017855069197
ergo_adaptive,322.66666666666663,0.0068533193120038985,0.10013152650803178
ergo_adaptive,322.75,0.006900236314636009,0.10022622011000912
ergo_adaptive,322.83333333333337,0.006049673979572748,0.10030654327776381
ergo_adaptive,322.91666666666663,0.005037566154792852,0.10033414834681759
ergo_adaptive,323.0,0.005196442636110265,0.10036115664506173
ergo_adaptive,323.08333333333337,0.005980840259443624,0.10038481878827822
ergo_adaptive,323.16666666666663,0.005919154557267497,0.1004459288762992
ergo_adaptive,323.25,0.006610831349528031,0.10048166250791231
ergo_adaptive,323.33333333333337,0.007607414082709168,0.10052842299116992
ergo_adaptive,323.41666666666663,0.00751642094797185,0.10056456182058436
ergo_adaptive,323.5,0.007089968208130579,0.10056334398657354
ergo_adaptive,323.58333333333337,0.005890505620436105,0.10061623959534227
ergo_adaptive,323.66666666666663,0.004842204621089692,0.1007079072530542
ergo_adaptive,323.75,0.004522191191644136,0.10075660580650068
ergo_adaptive,323.83333333333337,0.005328793189615233,0.10074273569683878
ergo_adaptive,323.91666666666663,0.0052969240249280646,0.10067724122239265
ergo_adaptive,324.0,0.0048080345028970566,0.10056029195712077
ergo_adaptive,324.08333333333337,0.0048134909533336144,0.10054053420851115
ergo_adaptive,324.16666666666663,0.005359573968308869,0.10054015667463768
ergo_adaptive,324.25,0.007554100675267963,0.10056251431341762
ergo_adaptive,324.33333333333337,0.007230323650569755,0.10058507838167008
ergo_adaptive,324.41666666666663,0.008213321284007239,0.10059304037312658
ergo_adaptive,324.5,0.006372096100571092,0.10064415498250073
ergo_adaptive,324.58333333333337,0.007467218687278254,0.10063514049430151
ergo_adaptive,324.66666666666663,0.00678425330705304,0.10068863562296955
ergo_adaptive,324.75,0.007148590696953139,0.1006340976027066
ergo_adaptive,324.83333333333337,0.006448736882702285,0.10061714262313419
ergo_adaptive,324.91666666666663,0.0048401553892178425,0.10051907116170951
ergo_adaptive,325.0,0.004474124292826789,0.1005584145091277
ergo_adaptive,325.08333333333337,0.004032298862034409,0.10063224114856541
ergo_adaptive,325.16666666666663,0.004771861063234923,0.10068723631787763
ergo_adaptive,325.25,0.0038454229139231865,0.10071923195761429
ergo_adaptive,325.33333333333337,0.004442807419199702,0.10077951674749219
ergo_adaptive,325.41666666666663,0.00522381092803439,0.1007810803243395
ergo_adaptive,325.5,0.006092321544470921,0.10078188549735574
ergo_adaptive,325.58333333333337,0.004281767143844863,0.1007304949627287
ergo_adaptive,325.66666666666663,0.004625392622076227,0.10073409545829351
ergo_adaptive,325.75,0.004116428241099336,0.10077831882527599
ergo_adaptive,325.83333333333337,0.003746196085039288,0.10085086657065756
ergo_adaptive,325.91666666666663,0.006569941658990168,0.10083825397055163
ergo_adaptive,326.0,0.00950023195261444,0.10063328863727737
ergo_adaptive,326.08333333333337,0.00699898225863415,0.10028850180940915
ergo_adaptive,326.16666666666663,0.005361581001724084,0.10013912341636416
ergo_adaptive,326.25,0.006283435761590541,0.10013510245428019
ergo_adaptive,326.33333333333337,0.005360974911363367,0.10018023672676506
ergo_adaptive,326.41666666666663,0.004583669847556559,0.10026062630205063
ergo_adaptive,326.5,0.003852158355368998,0.10028618199038543
ergo_adaptive,326.58333333333337,0.0030315150146993652,0.10020885339604423
ergo_adaptive,326.66666666666663,0.0029266356123069147,0.10019479277059966
ergo_adaptive,326.75,0.002632683895518249,0.10025516308598272
ergo_adaptive,326.83333333333337,0.0016174148429241486,0.10028120617785738
ergo_adaptive,326.91666666666663,0.002170486700804185,0.10030947921639591
ergo_adaptive,327.0,0.0025075274599979072,0.1003435662592081
ergo_adaptive,327.08333333333337,0.002933448707625077,0.10040383708391702
ergo_adaptive,327.16666666666663,0.0027593551261350276,0.1004421502566986
ergo_adaptive,327.25,0.0035658508566842485,0.10051100203413672
ergo_adaptive,327.33333333333337,0.0034426545377349315,0.10053915722294174
ergo_adaptive,327.41666666666663,0.0020432268937187865,0.10052775328104016
ergo_adaptive,327.5,0.0020176123026307445,0.10057109017167726
ergo_adaptive,327.58333333333337,0.0028252787764938667,0.10065686616752803
ergo_adaptive,327.66666666666663,0.0029265487822520116,0.1007116461392371
ergo_adaptive,327.75,0.0030673608046002266,0.10065119316580645
ergo_adaptive,327.83333333333337,0.004646728981454617,0.10048282174419397
ergo_adaptive,327.91666666666663,0.004843726501100808,0.10028032229947646
ergo_adaptive,328.0,0.005206961879201992,0.10006347288375944
ergo_adaptive,328.08333333333337,0.006430873780042102,0.09967063434034078
ergo_adaptive,328.16666666666663,0.009487839651252022,0.09914927430408542
ergo_adaptive,328.25,0.007754434308579696,0.0986328832483
ergo_adaptive,328.33333333333337,0.006145503126122083,0.09824151913779015
ergo_adaptive,328.41666666666663,0.004087758185690713,0.09815265097498736
ergo_adaptive,328.5,0.005108035537900501,0.09816557441111966
ergo_adaptive,328.58333333333337,0.00509603074651229,0.09821588170537805
ergo_adaptive,328.66666666666663,0.005382928276807025,0.09829222083041579
ergo_adaptive,328.75,0.004757028712026751,0.09837788558792969
ergo_adaptive,328.83333333333337,0.005311330789017843,0.09848465884668359
ergo_adaptive,328.91666666666663,0.00628810194706672,0.09856780943075484
ergo_adaptive,329.0,0.006186274384277209,0.0986033695547652
ergo_adaptive,329.08333333333337,0.008154934837254955,0.09863254603563698
ergo_adaptive,329.16666666666663,0.006784876628750157,0.09863539721004005
ergo_adaptive,329.25,0.007459632342821089,0.09865565079572591
ergo_adaptive,329.33333333333337,0.007337865631601537,0.09866780158911576
ergo_adaptive,329.41666666666663,0.005570466392467429,0.09867917729713328
ergo_adaptive,329.5,0.005132047567361397,0.0987369919731247
ergo_adaptive,329.58333333333337,0.004852808941328489,0.0988081783413399
ergo_adaptive,329.66666666666663,0.0029783749402554475,0.09888095651551793
ergo_adaptive,329.75,0.0034266838962326253,0.09895287256482015
ergo_adaptive,329.83333333333337,0.002406929108647324,0.09902846208853723
ergo_adaptive,329.91666666666663,0.002095380965270664,0.09909380970986349
ergo_adaptive,330.0,0.0037927504767693524,0.09914124540817738
ergo_adaptive,330.08333333333337,0.00494677624461969,0.09917782943363422
ergo_adaptive,330.16666666666663,0.003925903529670854,0.09919238046271138
ergo_adaptive,330.25,0.0028778160185013767,0.09923489578407023
ergo_adaptive,330.33333333333337,0.002733379929881693,0.09928958442440576
ergo_adaptive,330.41666666666663,0.0033562814436942094,0.09934528775339985
ergo_adaptive,330.5,0.0022819712048775934,0.09939960888499494
ergo_adaptive,330.58333333333337,0.0032981275240133467,0.09944826122751088
ergo_adaptive,330.66666666666663,0.004283449712274365,0.09949103305919774
ergo_adaptive,330.75,0.004434291470643849,0.09952716797941796
ergo_adaptive,330.83333333333337,0.005173790192787674,0.09956228791987767
ergo_adaptive,330.91666666666663,0.004940304776687207,0.09957486401564952
ergo_adaptive,331.0,0.0032886443866833957,0.09961068113631379
ergo_adaptive,331.08333333333337,0.004065257914636584,0.09965725566743586
ergo_adaptive,331.16666666666663,0.004704789503987773,0.0997033434541263
ergo_adaptive,331.25,0.005480684527109729,0.09974909636092645
ergo_adaptive,331.33333333333337,0.005317288819366562,0.09979748852217978
ergo_adaptive,331.41666666666663,0.004887132881487786,0.09984107222815888
ergo_adaptive,331.5,0.004706048252609584,0.0998811387138793
ergo_adaptive,331.58333333333337,0.003830654076284721,0.09991950520288928
ergo_adaptive,331.66666666666663,0.003023925664667955,0.09996034026502204
ergo_adaptive,331.75,0.0033846159137336357,0.10000033969319637
ergo_adaptive,331.83333333333337,0.005114213075453586,0.10003718376245001
ergo_adaptive,331.91666666666663,0.00313506480985733,0.10005998565032752
ergo_adaptive,332.0,0.0046464663595909535,0.10010725137898402
ergo_adaptive,332.08333333333337,0.004551936526219747,0.10016205218940083
ergo_adaptive,332.16666666666663,0.005472358606259443,0.10020950182166138
ergo_adaptive,332.25,0.003958457949536846,0.1002655008982472
ergo_adaptive,332.33333333333337,0.004059253130608277,0.10029646765247253
ergo_adaptive,332.41666666666663,0.005020817895960907,0.10029591687795988
ergo_adaptive,332.5,0.005268515118354888,0.10028059971463014
ergo_adaptive,332.58333333333337,0.002741250467815035,0.10027620218397644
ergo_adaptive,332.66666666666663,0.0025233203929646846,0.10030887898292677
ergo_adaptive,332.75,0.0034267008685759186,0.10036681606900436
ergo_adaptive,332.83333333333337,0.0027284207225225622,0.10037545631978037
ergo_adaptive,332.91666666666663,0.003290931870106924,0.10041677889520995
ergo_adaptive,333.0,0.003047923298846695,0.10045357691902379
ergo_adaptive,333.08333333333337,0.003682278849859947,0.10049468726342749
ergo_adaptive,333.16666666666663,0.0047297389871543164,0.10053850026410951
ergo_adaptive,333.25,0.004428590946944528,0.10054649967772193
ergo_adaptive,333.33333333333337,0.002386568652439696,0.10060693734855869
ergo_adaptive,333.41666666666663,0.003515339575573487,0.10065285787337758
ergo_adaptive,333.5,0.002996273616918003,0.10065439409555696
ergo_adaptive,333.58333333333337,0.004577841065764303,0.10069354748875806
ergo_adaptive,333.66666666666663,0.004573616819821435,0.10069694645422558
ergo_adaptive,333.75,0.004271023893517917,0.10066298910593847
ergo_adaptive,333.83333333333337,0.0038394480128692314,0.1006726308804169
ergo_adaptive,333.91666666666663,0.003282044243085751,0.10071286507872476
ergo_adaptive,334.0,0.0033005488641706417,0.10074953375803763
ergo_adaptive,334.08333333333337,0.0028710491320752154,0.10078570573998925
ergo_adaptive,334.16666666666663,0.0034764460695487745,0.10082344766231321
ergo_adaptive,334.25,0.004618837468307273,0.1008531625691773
ergo_adaptive,334.33333333333337,0.005757044290443542,0.10086455061949866
ergo_adaptive,334.41666666666663,0.006651886430671208,0.10084606643844056
ergo_adaptive,334.5,0.005591494470333604,0.10080583639308181
ergo_adaptive,334.58333333333337,0.00561701502652695,0.10081691016918465
ergo_adaptive,334.66666666666663,0.00611786688096635,0.1008549217288758
ergo_adaptive,334.75,0.0071255542562229735,0.1009014150452672
ergo_adaptive,334.83333333333337,0.008150705504886672,0.10090581406251274
ergo_adaptive,334.91666666666663,0.006189001553953141,0.10080046128546206
ergo_adaptive,335.0,0.0067903207047622805,0.10077827046354979
ergo_adaptive,335.08333333333337,0.004377290054635046,0.10082318327915481
ergo_adaptive,335.16666666666663,0.002637357415260312,0.10085882162288701
ergo_adaptive,335.25,0.00375230653599327,0.10092422688807655
ergo_adaptive,335.33333333333337,0.0036176560036160145,0.10096941617346636
ergo_adaptive,335.41666666666663,0.00510226262527049,0.10103800915942146
ergo_adaptive,335.5,0.004800623979101006,0.1010941782067687
ergo_adaptive,335.58333333333337,0.004445992384835053,0.10113787488147474
ergo_adaptive,335.66666666666663,0.004053457749408657,0.10118741971732892
ergo_adaptive,335.75,0.003551160100210133,0.10123786596406424
ergo_adaptive,335.83333333333337,0.00299632774716076,0.10128859628202751
ergo_adaptive,335.91666666666663,0.002686579485261032,0.10133492557814733
ergo_adaptive,336.0,0.0026543437538725507,0.1013768507663044
ergo_adaptive,336.08333333333337,0.0032649142392160327,0.10141703905815014
ergo_adaptive,336.16666666666663,0.003687813946856252,0.101452360199155
ergo_adaptive,336.25,0.004055397226065295,0.10148314938634095
ergo_adaptive,336.33333333333337,0.0037644867168040237,0.10150565059216916
ergo_adaptive,336.41666666666663,0.004119234234192308,0.10154068446312858
ergo_adaptive,336.5,0.003946791725027662,0.10156812539022904
ergo_adaptive,336.58333333333337,0.0029229742855126886,0.10159551723452057
ergo_adaptive,336.66666666666663,0.0029999558219656183,0.10162790314865898
ergo_adaptive,336.75,0.0030823688217391427,0.10165955003677095
ergo_adaptive,336.83333333333337,0.0026896940166548497,0.10168922372411607
ergo_adaptive,336.91666666666663,0.00393324786390009,0.10171892894053454
ergo_adaptive,337.0,0.0026622552904915055,0.10174877166316199
ergo_adaptive,337.08333333333337,0.003966674782825521,0.10178072267852334
ergo_adaptive,337.16666666666663,0.0033704688638372116,0.10181637714243033
ergo_adaptive,337.25,0.003607944294634746,0.10184875089467998
ergo_adaptive,337.33333333333337,0.004686594605374147,0.10187558514883013
ergo_adaptive,337.41666666666663,0.0037512389829745542,0.10191039846955349
ergo_adaptive,337.5,0.005153587024297836,0.10194049218127162
ergo_adaptive,337.58333333333337,0.005235101966678544,0.10197073704411871
ergo_adaptive,337.66666666666663,0.004035408097456706,0.1019600611605739
ergo_adaptive,337.75,0.0031996919142154873,0.10197591384246664
ergo_adaptive,337.83333333333337,0.0036992148983032566,0.10201152781045672
ergo_adaptive,337.91666666666663,0.003478524522441427,0.10203054876798802
ergo_adaptive,338.0,0.0037096582811805053,0.1020574002394588
ergo_adaptive,338.08333333333337,0.003154732558348651,0.10208098034009358
ergo_adaptive,338.16666666666663,0.003331597461545101,0.10212216961472229
ergo_adaptive,338.25,0.003709275566708189,0.10215630368168564
ergo_adaptive,338.33333333333337,0.0026087478217397386,0.1021742540068726
ergo_adaptive,338.41666666666663,0.004721115536520157,0.1021946858656019
ergo_adaptive,338.5,0.007480300327986166,0.10220246545814549
ergo_adaptive,338.58333333333337,0.008762673300256745,0.10223635477836333
ergo_adaptive,338.66666666666663,0.007025863608339661,0.10225169093028261
ergo_adaptive,338.75,0.00617582387007606,0.10224905965653325
ergo_adaptive,338.83333333333337,0.006026005766249897,0.10222367849556419
ergo_adaptive,338.91666666666663,0.004939611287959638,0.10224855726585381
ergo_adaptive,339.0,0.0050869423925613624,0.10227417484847874
ergo_adaptive,339.08333333333337,0.0032938154688037743,0.10229086608585955
ergo_adaptive,339.16666666666663,0.003924763994584137,0.10232348591442196
ergo_adaptive,339.25,0.003771432799485564,0.10236769449514735
ergo_adaptive,339.33333333333337,0.004579101527296918,0.1023859504821555
ergo_adaptive,339.41666666666663,0.005267725547476948,0.10242661022806408
ergo_adaptive,339.5,0.004330630572574743,0.10235386310625494
ergo_adaptive,339.58333333333337,0.004969545091741221,0.10234555949521695
ergo_adaptive,339.66666666666663,0.0057693656368751085,0.10237766542912877
ergo_adaptive,339.75,0.0034772852215400204,0.10235355264353989
ergo_adaptive,339.83333333333337,0.0037559865239662838,0.1023971024833991
ergo_adaptive,339.91666666666663,0.0034136642327457964,0.10243606070968721
ergo_adaptive,340.0,0.0034732919756938203,0.10241591315648076
ergo_adaptive,340.08333333333337,0.0021115273669753644,0.10240040851880514
ergo_adaptive,340.16666666666663,0.0020784663375865804,0.10244192285445579
ergo_adaptive,340.25,0.0030146956067782426,0.1024311503525981
ergo_adaptive,340.33333333333337,0.0017443559166696204,0.10234178022622772
ergo_adaptive,340.41666666666663,0.002807625232880895,0.10233332603838492
ergo_adaptive,340.5,0.003334228310940082,0.10230487768232191
ergo_adaptive,340.58333333333337,0.0035649206615708745,0.10223288986213092
ergo_adaptive,340.66666666666663,0.005245123999416414,0.10214353060331484
ergo_adaptive,340.75,0.006460179979752758,0.10201268551564895
ergo_adaptive,340.83333333333337,0.006261317077955598,0.10180082943109546
ergo_adaptive,340.91666666666663,0.005562116823840631,0.1015415974716499
ergo_adaptive,341.0,0.0032760700685438558,0.10132703122399733
ergo_adaptive,341.08333333333337,0.003486427843442569,0.10128843259619637
ergo_adaptive,341.16666666666663,0.003826455497290922,0.10133420259637282
ergo_adaptive,341.25,0.004183355233235758,0.10141374200576893
ergo_adaptive,341.33333333333337,0.003085219234025651,0.10150015759060985
ergo_adaptive,341.41666666666663,0.0027026504196205918,0.10155685604512373
ergo_adaptive,341.5,0.002433326968347746,0.10158054590830787
ergo_adaptive,341.58333333333337,0.0026504643612187085,0.10157886359888069
ergo_adaptive,341.66666666666663,0.00203233783629897,0.10155296114733996
ergo_adaptive,341.75,0.002133839361380981,0.10156934497029006
ergo_adaptive,341.83333333333337,0.0020816242493516754,0.10160982265686175
ergo_adaptive,341.91666666666663,0.002960779170407245,0.10164819856039785
ergo_adaptive,342.0,0.003185429941412404,0.10169540732223697
ergo_adaptive,342.08333333333337,0.003317887299619581,0.10174545396850783
ergo_adaptive,342.16666666666663,0.004260996856306257,0.10178388285934616
ergo_adaptive,342.25,0.0033548250987693443,0.10177682511377364
ergo_adaptive,342.33333333333337,0.004734765895243132,0.10180869026224176
ergo_adaptive,342.41666666666663,0.004725454049843698,0.10185390450574063
ergo_adaptive,342.5,0.004165157993612221,0.10189665909176204
ergo_adaptive,342.58333333333337,0.006231919562122419,0.10193933866322624
ergo_adaptive,342.66666666666663,0.008359410126010615,0.10197622562666986
ergo_adaptive,342.75,0.007744417913794374,0.10200467367677685
ergo_adaptive,342.83333333333337,0.004602375910791184,0.10203678849420002
ergo_adaptive,342.91666666666663,0.0026026546089033924,0.10207654182372268
ergo_adaptive,343.0,0.002371889044087274,0.10210029073915985
ergo_adaptive,343.08333333333337,0.0036222338771436423,0.10212431519376546
ergo_adaptive,343.16666666666663,0.003612232858233535,0.10214214730580254
ergo_adaptive,343.25,0.0050500575099420774,0.10216937493880138
ergo_adaptive,343.33333333333337,0.004435637119136118,0.10218850129198626
ergo_adaptive,343.41666666666663,0.004284227396400586,0.10221798104468821
ergo_adaptive,343.5,0.004481468493000901,0.10225380613873092
ergo_adaptive,343.58333333333337,0.004407171356581648,0.1022653965442184
ergo_adaptive,343.66666666666663,0.002281476551325191,0.10228974704244573
ergo_adaptive,343.75,0.0034750407998766,0.10230493276047306
ergo_adaptive,343.83333333333337,0.005179005759739567,0.1023139370905966
ergo_adaptive,343.91666666666663,0.0063086809718386795,0.10230451802921263
ergo_adaptive,344.0,0.007956647594696989,0.10227995195626369
ergo_adaptive,344.08333333333337,0.010110844531300905,0.10222161101786127
ergo_adaptive,344.16666666666663,0.006947294106100449,0.10209921467222936
ergo_adaptive,344.25,0.0045025224347093416,0.10206238609301745
ergo_adaptive,344.33333333333337,0.0034620325738681885,0.10211568387062103
ergo_adaptive,344.41666666666663,0.0038430737022370673,0.10218973681536138
ergo_adaptive,344.5,0.0027052018893940007,0.10224081460044548
ergo_adaptive,344.58333333333337,0.002226964588134746,0.10226394038490723
ergo_adaptive,344.66666666666663,0.001853706620471681,0.10226602220463206
ergo_adaptive,344.75,0.0013462358118533553,0.10222370031875484
ergo_adaptive,344.83333333333337,0.002300765598189016,0.10222531101759548
ergo_adaptive,344.91666666666663,0.0025032871142710725,0.10221242883716451
ergo_adaptive,345.0,0.0032956496294603583,0.10206020656493667
ergo_adaptive,345.08333333333337,0.0037562936974073566,0.10179530111479201
ergo_adaptive,345.16666666666663,0.0051467995575715806,0.1015000505494651
ergo_adaptive,345.25,0.005318659759660771,0.1012332375540063
ergo_adaptive,345.33333333333337,0.008099556245481504,0.10081598700731333
ergo_adaptive,345.41666666666663,0.006269858352826522,0.1002575298264981
ergo_adaptive,345.5,0.009996583492547879,0.0996986171895301
ergo_adaptive,345.58333333333337,0.010505538949651004,0.09923804013918719
ergo_adaptive,345.66666666666663,0.013177915670050057,0.09877621467464907
ergo_adaptive,345.75,0.00939418655780609,0.0982201797222262
ergo_adaptive,345.83333333333337,0.008355789236354333,0.09763470551590955
ergo_adaptive,345.91666666666663,0.0064607324016815165,0.09714268003307472
ergo_adaptive,346.0,0.007355004110426575,0.09701678535807864
ergo_adaptive,346.08333333333337,0.007619763876156074,0.09705571559781269
ergo_adaptive,346.16666666666663,0.008342617484696236,0.09709824219320994
ergo_adaptive,346.25,0.007526937793781905,0.09711442548949231
ergo_adaptive,346.33333333333337,0.007656062494333706,0.09719133444515958
ergo_adaptive,346.41666666666663,0.006926781959066805,0.09728244139783106
ergo_adaptive,346.5,0.0077909626526163475,0.09739320654558772
ergo_adaptive,346.58333333333337,0.006898345319627642,0.09749827448516157
ergo_adaptive,346.66666666666663,0.0063288033663333075,0.0975999720522048
ergo_adaptive,346.75,0.007629754455432111,0.09771102394592346
ergo_adaptive,346.83333333333337,0.008305501193261452,0.09779501461860918
ergo_adaptive,346.91666666666663,0.00731895532079694,0.09786745273892003
ergo_adaptive,347.0,0.006469126647191984,0.09797466188651187
ergo_adaptive,347.08333333333337,0.005327834218404444,0.09808276527890633
ergo_adaptive,347.16666666666663,0.0035524093496938965,0.09818871898569989
ergo_adaptive,347.25,0.0037049812964957095,0.09828795152750337
ergo_adaptive,347.33333333333337,0.004073919934598626,0.09838109375595888
ergo_adaptive,347.41666666666663,0.0030509128618694233,0.09846457792087161
ergo_adaptive,347.5,0.0029475541763971606,0.09853890716076141
ergo_adaptive,347.58333333333337,0.0032928228867310266,0.09856591746411417
ergo_adaptive,347.66666666666663,0.003794460532552035,0.09855027417752144
ergo_adaptive,347.75,0.0037638251386578245,0.09848408650566462
ergo_adaptive,347.83333333333337,0.004398087398919536,0.0984753740979844
ergo_adaptive,347.91666666666663,0.005972444541271689,0.09842149868547037
ergo_adaptive,348.0,0.00800114756997086,0.09830823142591996
ergo_adaptive,348.08333333333337,0.007050413457395024,0.0981806150057729
ergo_adaptive,348.16666666666663,0.008030868477477584,0.09789349096549166
ergo_adaptive,348.25,0.01072790251648123,0.09742346275327365
ergo_adaptive,348.33333333333337,0.007930255343057158,0.0969002605400196
ergo_adaptive,348.41666666666663,0.008399430424760374,0.09670232567307156
ergo_adaptive,348.5,0.009265015260890378,0.096538637598329
ergo_adaptive,348.58333333333337,0.011451037683832039,0.09635531553459722
ergo_adaptive,348.66666666666663,0.012342954295660144,0.09604901809816478
ergo_adaptive,348.75,0.009918839921640584,0.09557369478030003
ergo_adaptive,348.83333333333337,0.011480607661520698,0.0952043364463442
ergo_adaptive,348.91666666666663,0.011852940774246493,0.09486729389361388
ergo_adaptive,349.0,0.011986597905331414,0.09457030696831592
ergo_adaptive,349.08333333333337,0.0160261161805531,0.0942221079430142
ergo_adaptive,349.16666666666663,0.016097954014237154,0.09375582912676736
ergo_adaptive,349.25,0.014923999941158235,0.0932457711128291
ergo_adaptive,349.33333333333337,0.01371310767609552,0.09280253411745751
ergo_adaptive,349.41666666666663,0.013035644397200303,0.0925041660825384
ergo_adaptive,349.5,0.013112670052478109,0.09241456634262826
ergo_adaptive,349.58333333333337,0.011497313159835584,0.09236429476927663
ergo_adaptive,349.66666666666663,0.011468288370115322,0.09246739959844255
ergo_adaptive,349.75,0.012994287427123424,0.0925924817191137
ergo_adaptive,349.83333333333337,0.014158028100040382,0.09271132318926774
ergo_adaptive,349.91666666666663,0.014785317730841643,0.09282249153988696
ergo_adaptive,350.0,0.013580746255546276,0.09287525765508832
ergo_adaptive,350.08333333333337,0.015250768550690783,0.0929723329444841
ergo_adaptive,350.16666666666663,0.015961620046177745,0.09304272475273534
ergo_adaptive,350.25,0.014328744819757176,0.09294114314721903
ergo_adaptive,350.33333333333337,0.01681088446213737,0.09298154573558609
ergo_adaptive,350.41666666666663,0.01611882945707248,0.09295210249279164
ergo_adaptive,350.5,0.018311959961263478,0.09293686004612613
ergo_adaptive,350.58333333333337,0.016221394649511337,0.09281614671293942
ergo_adaptive,350.66666666666663,0.015454387075729622,0.09282078823640681
ergo_adaptive,350.75,0.015762371787751653,0.0929255251017671
ergo_adaptive,350.83333333333337,0.015129905527602088,0.09303023770790549
ergo_adaptive,350.91666666666663,0.011692466783594908,0.09313417833814094
ergo_adaptive,351.0,0.010017651611188798,0.09319804786968236
ergo_adaptive,351.08333333333337,0.009659083815287338,0.09321069498745882
ergo_adaptive,351.16666666666663,0.010331085666848422,0.09325263031425604
ergo_adaptive,351.25,0.01008027552284381,0.09332455014974575
ergo_adaptive,351.33333333333337,0.012507133171725185,0.0934005685497505
ergo_adaptive,351.41666666666663,0.012568587916027944,0.09349555363846426
ergo_adaptive,351.5,0.013250028077190144,0.09358481764862282
ergo_adaptive,351.58333333333337,0.013704023752274166,0.09366816774203734
ergo_adaptive,351.66666666666663,0.011592970154647213,0.09373768649656411
ergo_adaptive,351.75,0.012523458808612631,0.093821265537148
ergo_adaptive,351.83333333333337,0.013289885725250679,0.09387712818736103
ergo_adaptive,351.91666666666663,0.012140456673562687,0.09395165116189222
ergo_adaptive,352.0,0.01322035210136693,0.09401159763532958
ergo_adaptive,352.08333333333337,0.013204166926094892,0.09407988424547913
ergo_adaptive,352.16666666666663,0.012626108514113882,0.0941463778280951
ergo_adaptive,352.25,0.012054164564646858,0.09419679578451147
ergo_adaptive,352.33333333333337,0.010628622672708326,0.0942426174878487
ergo_adaptive,352.41666666666663,0.008909817140701527,0.09426356915498925
ergo_adaptive,352.5,0.009475874576954204,0.09426186380324933
ergo_adaptive,352.58333333333337,0.00921199346554165,0.09430790627085031
ergo_adaptive,352.66666666666663,0.010342084005911691,0.09436034329804344
ergo_adaptive,352.75,0.011822566329978964,0.09441779638177436
ergo_adaptive,352.83333333333337,0.01122899321535492,0.09447345255520685
ergo_adaptive,352.91666666666663,0.01231704493940168,0.09453054698818512
ergo_adaptive,353.0,0.011365693668392124,0.09458185458422785
ergo_adaptive,353.08333333333337,0.012566005691337626,0.09463838591326583
ergo_adaptive,353.16666666666663,0.013134575385259584,0.09468909716356598
ergo_adaptive,353.25,0.012485744334261048,0.09473014919263414
ergo_adaptive,353.33333333333337,0.010519243728624733,0.09478803195280289
ergo_adaptive,353.41666666666663,0.010252578985875465,0.09484069157696622
ergo_adaptive,353.5,0.010073821313193178,0.0948773138145611
ergo_adaptive,353.58333333333337,0.010497389573698765,0.09491296106699283
ergo_adaptive,353.66666666666663,0.008727374281875061,0.09496250874944065
ergo_adaptive,353.75,0.00857864650468412,0.09500684081467418
ergo_adaptive,353.83333333333337,0.0054467271597441035,0.09503463551095812
ergo_adaptive,353.91666666666663,0.00489993749662461,0.09503106608609754
ergo_adaptive,354.0,0.0032848412471671853,0.09499997716606659
ergo_adaptive,354.08333333333337,0.003420403235577569,0.09503432349868465
ergo_adaptive,354.16666666666663,0.0026086755277404464,0.09505403816376967
ergo_adaptive,354.25,0.002604666515274222,0.09508244357961786
ergo_adaptive,354.33333333333337,0.002978838386906453,0.0951126009959932
ergo_adaptive,354.41666666666663,0.004875210110986263,0.09516036310260778
ergo_adaptive,354.5,0.005417922992391499,0.09524378301856246
ergo_adaptive,354.58333333333337,0.005197304233604016,0.09531769652707417
ergo_adaptive,354.66666666666663,0.00482554610866505,0.09540111809663458
ergo_adaptive,354.75,0.005581057623491793,0.09547137743036767
ergo_adaptive,354.83333333333337,0.00442012798975094,0.09554430840610977
ergo_adaptive,354.91666666666663,0.005547234429859625,0.09561475234881454
ergo_adaptive,355.0,0.004989570308313299,0.09568454723996174
ergo_adaptive,355.08333333333337,0.005046376624427077,0.09573161818725333
ergo_adaptive,355.16666666666663,0.004919992514927655,0.09577965386691319
ergo_adaptive,355.25,0.006185971713774058,0.09582509557825475
ergo_adaptive,355.33333333333337,0.005385117982443148,0.09589081551337471
ergo_adaptive,355.41666666666663,0.006121951016049143,0.09595528254510148
ergo_adaptive,355.5,0.004386443894875399,0.0960030896244324
ergo_adaptive,355.58333333333337,0.0037277936468733544,0.09606024897588394
ergo_adaptive,355.66666666666663,0.005773695198095512,0.09607051392571037
ergo_adaptive,355.75,0.00843238379160974,0.09605075840081144
ergo_adaptive,355.83333333333337,0.008775304721047629,0.09610753101940817
ergo_adaptive,355.91666666666663,0.007335588094469131,0.09617087721340388
ergo_adaptive,356.0,0.008260784897011274,0.09619226051378553
ergo_adaptive,356.08333333333337,0.007865303091909335,0.09622892263116069
ergo_adaptive,356.16666666666663,0.008262690693477943,0.09626189124975842
ergo_adaptive,356.25,0.007643926401701086,0.0963026191301337
ergo_adaptive,356.33333333333337,0.007493519137808939,0.09630626299683982
ergo_adaptive,356.41666666666663,0.008459891726147209,0.09633417977004355
ergo_adaptive,356.5,0.010730454899443435,0.09638832419070482
ergo_adaptive,356.58333333333337,0.011183090287729297,0.0964408919755277
ergo_adaptive,356.66666666666663,0.011528255606944432,0.09643465242958629
ergo_adaptive,356.75,0.011964319510872694,0.09638633392602798
ergo_adaptive,356.83333333333337,0.0115672260538797,0.09633574853779844
ergo_adaptive,356.91666666666663,0.010406897440681398,0.09635505270094945
ergo_adaptive,357.0,0.011394004824594073,0.09641791069129559
ergo_adaptive,357.08333333333337,0.009130814046660376,0.09646738717315916
ergo_adaptive,357.16666666666663,0.009610709456105003,0.0965334428749387
ergo_adaptive,357.25,0.00842961504637885,0.09659891586614353
ergo_adaptive,357.33333333333337,0.007994348458697911,0.09660915417868474
ergo_adaptive,357.41666666666663,0.007134692290072671,0.09663256762586056
ergo_adaptive,357.5,0.006237578535536812,0.09662290542539527
ergo_adaptive,357.58333333333337,0.007319931218011986,0.09662068658223864
ergo_adaptive,357.66666666666663,0.008582757118720051,0.09664339592561118
ergo_adaptive,357.75,0.009302497872623642,0.09670997728869953
ergo_adaptive,357.83333333333337,0.010466123326454517,0.09678961558589161
ergo_adaptive,357.91666666666663,0.011226295933270928,0.09685937160287258
ergo_adaptive,358.0,0.010708296244440333,0.09687891658201253
ergo_adaptive,358.08333333333337,0.009988748856202422,0.09693288010472341
ergo_adaptive,358.16666666666663,0.009307036281212887,0.09700669499622476
ergo_adaptive,358.25,0.008448624263279065,0.0970683912114731
ergo_adaptive,358.33333333333337,0.008581471731435884,0.09708837931232968
ergo_adaptive,358.41666666666663,0.010739525946295373,0.09711570751091234
ergo_adaptive,358.5,0.012062921262881892,0.09717679438156193
ergo_adaptive,358.58333333333337,0.011728694425091462,0.0972293852419959
ergo_adaptive,358.66666666666663,0.011902502525477808,0.09726627860440822
ergo_adaptive,358.75,0.01006439207648462,0.09730091730705355
ergo_adaptive,358.83333333333337,0.01127854326244905,0.09736201593784317
ergo_adaptive,358.91666666666663,0.01200739146991253,0.09741979100687806
ergo_adaptive,359.0,0.011043643379267037,0.09745907202122496
ergo_adaptive,359.08333333333337,0.011443263230429239,0.09751449197084779
ergo_adaptive,359.16666666666663,0.00909175522728942,0.09756447500599856
ergo_adaptive,359.25,0.010476024517075539,0.09759263058743459
ergo_adaptive,359.33333333333337,0.012110271082831595,0.09759407810324937
ergo_adaptive,359.41666666666663,0.012368471642439772,0.09765157475596148
ergo_adaptive,359.5,0.011147595776440299,0.09769666995985965
ergo_adaptive,359.58333333333337,0.011142021463136564,0.09773531063148969
ergo_adaptive,359.66666666666663,0.010102495661437137,0.09774314541514528
ergo_adaptive,359.75,0.009721798889886878,0.09775723064832831
ergo_adaptive,359.83333333333337,0.011621084303298116,0.09774388310512827
ergo_adaptive,359.91666666666663,0.012589396648030136,0.09779195258700707
ergo_adaptive,360.0,0.012767406815761065,0.09784178789142536
