strategy,mission_minutes,estimated_target_deficit,ground_truth_target_deficit
ergo_adaptive,0.0,0.0,0.11905974690476614
ergo_adaptive,0.08333333333337123,0.0,0.1144635646606789
ergo_adaptive,0.16666666666662877,0.0,0.11327811129109605
ergo_adaptive,0.25,0.0,0.11268982993774448
ergo_adaptive,0.33333333333337123,0.0,0.11230856861553432
ergo_adaptive,0.41666666666662877,0.0,0.11203196471956643
ergo_adaptive,0.5,0.0,0.11182225983290159
ergo_adaptive,0.5833333333333712,3.3992299213044093e-6,0.11166148264117706
ergo_adaptive,0.6666666666666288,0.0003192277914379159,0.11154580634186652
ergo_adaptive,0.75,0.0004062864803859333,0.11146050720750349
ergo_adaptive,0.8333333333333712,0.0003427630403966507,0.11139804320132912
ergo_adaptive,0.9166666666666288,0.0008476520483497392,0.11135545614450336
ergo_adaptive,1.0,0.00046880607147916476,0.11133112744347921
ergo_adaptive,1.0833333333333712,0.00021540322368678478,0.11132597835319878
ergo_adaptive,1.1666666666666288,0.0007787704577436799,0.11131806985569412
ergo_adaptive,1.25,0.0009048868461713802,0.11129800617447348
ergo_adaptive,1.3333333333333712,0.0,0.11126409754860382
ergo_adaptive,1.4166666666666288,0.0,0.11122341608387586
ergo_adaptive,1.5,0.0,0.1111841948108262
ergo_adaptive,1.5833333333333712,0.0,0.11115208060817879
ergo_adaptive,1.6666666666666288,0.0,0.11112973013236188
ergo_adaptive,1.75,0.0,0.11111854284217472
ergo_adaptive,1.8333333333333712,0.0,0.11112046608883337
ergo_adaptive,1.9166666666666288,0.0,0.11113726685518113
ergo_adaptive,2.0,0.0,0.11116593927401028
ergo_adaptive,2.0833333333333712,0.0,0.11119404924454332
ergo_adaptive,2.1666666666666288,0.0,0.11121026072044314
ergo_adaptive,2.25,0.0,0.11121637917874516
ergo_adaptive,2.3333333333333712,0.0,0.11122075893993089
ergo_adaptive,2.4166666666666288,0.0,0.11123052442663015
ergo_adaptive,2.5,0.0,0.11124966472176638
ergo_adaptive,2.5833333333333712,0.0,0.11128082676352374
ergo_adaptive,2.6666666666666288,0.0,0.11132703155320559
ergo_adaptive,2.75,0.0,0.11139011032814541
ergo_adaptive,2.8333333333333712,0.0,0.11145171753030932
ergo_adaptive,2.9166666666666288,0.0,0.11149539828465876
ergo_adaptive,3.0,0.0,0.11152735452682462
ergo_adaptive,3.0833333333333712,0.0,0.11155831676481817
ergo_adaptive,3.1666666666666288,0.0,0.11159608495862589
ergo_adaptive,3.25,0.0,0.11164436484675305
ergo_adaptive,3.3333333333333712,0.0,0.11170522846421652
ergo_adaptive,3.4166666666666288,0.0,0.11177994052493784
ergo_adaptive,3.5,0.0,0.11185800179938904
ergo_adaptive,3.5833333333333712,0.0,0.11192364027928303
ergo_adaptive,3.6666666666666288,0.0,0.11198026694303548
ergo_adaptive,3.75,0.0,0.11203679851738044
ergo_adaptive,3.8333333333333712,0.0,0.11209920142917014
ergo_adaptive,3.9166666666666288,0.0,0.11216929315679569
ergo_adaptive,4.0,0.0,0.11224720867068837
ergo_adaptive,4.083333333333371,0.0,0.11233016753713758
ergo_adaptive,4.166666666666629,0.0,0.11241109521636827
ergo_adaptive,4.25,0.0,0.11248704873191877
ergo_adaptive,4.333333333333371,0.0,0.11256185091057723
ergo_adaptive,4.416666666666629,0.0,0.11263894686993073
ergo_adaptive,4.5,0.0,0.11271849951271384
ergo_adaptive,4.583333333333371,0.0,0.11280044421767994
ergo_adaptive,4.666666666666629,0.0,0.11288428309194787
ergo_adaptive,4.75,0.0,0.11296737496702139
ergo_adaptive,4.833333333333371,0.0,0.11304854822672747
ergo_adaptive,4.916666666666629,0.0,0.11313006637721032
ergo_adaptive,5.0,0.0,0.11321276823879063
ergo_adaptive,5.083333333333371,0.0,0.1132962235057494
ergo_adaptive,5.166666666666629,0.0,0.11338133850615606
ergo_adaptive,5.25,0.0,0.11346743570109442
ergo_adaptive,5.333333333333371,0.0,0.1135512573076524
ergo_adaptive,5.416666666666629,0.0,0.1136327736669468
ergo_adaptive,5.5,0.0,0.11371413716054617
ergo_adaptive,5.583333333333371,0.0,0.11379693104775197
ergo_adaptive,5.666666666666629,0.0,0.11388371074705496
ergo_adaptive,5.75,0.0,0.1139746112647612
ergo_adaptive,5.833333333333371,0.0,0.1140604991282482
ergo_adaptive,5.916666666666629,0.0,0.11413996887917813
ergo_adaptive,6.0,0.0,0.11421793170420957
ergo_adaptive,6.083333333333371,0.0,0.1142983428601651
ergo_adaptive,6.166666666666629,0.0,0.11438294773834164
ergo_adaptive,6.25,0.0,0.11447020998103113
ergo_adaptive,6.333333333333371,0.0,0.11455490844035127
ergo_adaptive,6.416666666666629,0.0,0.11463692738228078
ergo_adaptive,6.5,0.0,0.1147202734064038
ergo_adaptive,6.583333333333371,0.0,0.11480551258014199
ergo_adaptive,6.666666666666629,0.0,0.11488821714233526
ergo_adaptive,6.75,0.0,0.11496793155397698
ergo_adaptive,6.833333333333371,0.0,0.11504766475503232
ergo_adaptive,6.916666666666629,0.0,0.11512998405956339
ergo_adaptive,7.0,0.0,0.11521511343273969
ergo_adaptive,7.083333333333371,0.0,0.11530067705842817
ergo_adaptive,7.166666666666629,0.0,0.11538501815765335
ergo_adaptive,7.25,0.0,0.11547063243337717
ergo_adaptive,7.333333333333371,0.0,0.11556168576992032
ergo_adaptive,7.416666666666629,0.0,0.11565316998461828
ergo_adaptive,7.5,0.0,0.11573862462450195
ergo_adaptive,7.583333333333371,0.0,0.11582173457973247
ergo_adaptive,7.666666666666629,0.0,0.11590675746070236
ergo_adaptive,7.75,0.0,0.11599391347849027
ergo_adaptive,7.833333333333371,0.0,0.11608107489088763
ergo_adaptive,7.916666666666629,0.0,0.11616802205782559
ergo_adaptive,8.0,0.0,0.11625627125972252
ergo_adaptive,8.083333333333371,0.0,0.11634714846502346
ergo_adaptive,8.166666666666629,0.0,0.1164401977734442
ergo_adaptive,8.25,0.0,0.11654330248386395
ergo_adaptive,8.333333333333371,0.0,0.11664817471261375
ergo_adaptive,8.416666666666629,0.0,0.1167540490317782
ergo_adaptive,8.5,0.0,0.11686071488775861
ergo_adaptive,8.583333333333371,0.0,0.11696788668254507
ergo_adaptive,8.666666666666629,0.0,0.11707524517143857
ergo_adaptive,8.75,0.0,0.11718245934894032
ergo_adaptive,8.833333333333371,0.0,0.11728907443696092
ergo_adaptive,8.916666666666629,0.0,0.11739464276841789
ergo_adaptive,9.0,0.0,0.11749877701979354
ergo_adaptive,9.083333333333371,0.0,0.11760117325934145
ergo_adaptive,9.166666666666629,0.0,0.11770161804282485
ergo_adaptive,9.25,0.0,0.11779995257833327
ergo_adaptive,9.333333333333371,0.0,0.11789654252143182
ergo_adaptive,9.416666666666629,0.0,0.1179956882508725
ergo_adaptive,9.5,0.0,0.11809167736502836
ergo_adaptive,9.583333333333371,0.0,0.11818645461439896
ergo_adaptive,9.666666666666629,0.0,0.11828194495036443
ergo_adaptive,9.75,0.0,0.1183773336883166
ergo_adaptive,9.833333333333371,0.0,0.11847028169461404
ergo_adaptive,9.916666666666629,0.0,0.11856109224930154
ergo_adaptive,10.0,0.0,0.11865132536675176
ergo_adaptive,10.083333333333371,0.0,0.1187409329053683
ergo_adaptive,10.166666666666629,0.0,0.11882728844530817
ergo_adaptive,10.25,0.0,0.11890995793027496
ergo_adaptive,10.333333333333371,0.0,0.11899078601975464
ergo_adaptive,10.416666666666629,0.0,0.11907078940504107
ergo_adaptive,10.5,0.0,0.11914819327539702
ergo_adaptive,10.583333333333371,0.0,0.11922173367438696
ergo_adaptive,10.666666666666629,0.0,0.11929261648688742
ergo_adaptive,10.75,0.0,0.11936244133139294
ergo_adaptive,10.833333333333371,0.0,0.11943078076781054
ergo_adaptive,10.916666666666629,0.0,0.11949596119525442
ergo_adaptive,11.0,0.0,0.11955787847291656
ergo_adaptive,11.083333333333371,0.0,0.11961880375181681
ergo_adaptive,11.166666666666629,0.0,0.1196804988375609
ergo_adaptive,11.25,0.0,0.11973945224683613
ergo_adaptive,11.333333333333371,0.0,0.11979207028594789
ergo_adaptive,11.416666666666629,0.0,0.11984178009839662
ergo_adaptive,11.5,0.0,0.11989487579661715
ergo_adaptive,11.583333333333371,0.0,0.1199464496184123
ergo_adaptive,11.666666666666629,0.0,0.11998757642310871
ergo_adaptive,11.75,0.0,0.12002191446627314
ergo_adaptive,11.833333333333371,0.0,0.12005567760880095
ergo_adaptive,11.916666666666629,0.0,0.12009052608365846
ergo_adaptive,12.0,0.0,0.12012404463900471
ergo_adaptive,12.083333333333371,0.0,0.12015396037759585
ergo_adaptive,12.166666666666629,0.0,0.1201812603338093
ergo_adaptive,12.25,0.0,0.12021125187341915
ergo_adaptive,12.333333333333371,0.0,0.120248052089222
ergo_adaptive,12.416666666666629,0.0,0.12027431473882051
ergo_adaptive,12.5,0.0,0.12028571047259638
ergo_adaptive,12.583333333333371,0.0,0.12029179701568114
ergo_adaptive,12.666666666666629,0.0,0.12029940761822816
ergo_adaptive,12.75,0.0,0.12030740503182105
ergo_adaptive,12.833333333333371,0.0,0.1203128357806487
ergo_adaptive,12.916666666666629,0.0,0.12031431421319841
ergo_adaptive,13.0,0.0,0.12031460582296111
ergo_adaptive,13.083333333333371,0.0,0.12032183127855299
ergo_adaptive,13.166666666666629,0.0,0.12033364553331378
ergo_adaptive,13.25,0.0,0.12032508642398874
ergo_adaptive,13.333333333333371,0.0,0.12030002798631761
ergo_adaptive,13.416666666666629,0.0,0.12027128872166086
ergo_adaptive,13.5,0.0,0.1202468512781921
ergo_adaptive,13.583333333333371,0.0,0.12022897642732391
ergo_adaptive,13.666666666666629,0.0,0.12021168958731476
ergo_adaptive,13.75,0.0,0.12018299873177637
ergo_adaptive,13.833333333333371,0.0,0.12014496395375276
ergo_adaptive,13.916666666666629,0.0,0.12010724108894
ergo_adaptive,14.0,0.0,0.12006726665595674
ergo_adaptive,14.083333333333371,0.0,0.12001777796345602
ergo_adaptive,14.166666666666629,0.0,0.11996023570639235
ergo_adaptive,14.25,0.0,0.11989970429542444
ergo_adaptive,14.333333333333371,0.0,0.11984496842706202
ergo_adaptive,14.416666666666629,0.0,0.11980778396081387
ergo_adaptive,14.5,0.0,0.11975687890751491
ergo_adaptive,14.583333333333371,0.0,0.11967107497392629
ergo_adaptive,14.666666666666629,0.0,0.11956797093323912
ergo_adaptive,14.75,0.0,0.11946620330556608
ergo_adaptive,14.833333333333371,0.0,0.11937452023203585
ergo_adaptive,14.916666666666629,0.0,0.11929288274061331
ergo_adaptive,15.0,0.0,0.11920191428604998
ergo_adaptive,15.083333333333371,0.0,0.1190872599022313
ergo_adaptive,15.166666666666629,0.0,0.11896246188025725
ergo_adaptive,15.25,0.0,0.11883900266407586
ergo_adaptive,15.333333333333371,0.0,0.11870701210262653
ergo_adaptive,15.416666666666629,0.0,0.11855987014609212
ergo_adaptive,15.5,0.0,0.1184016281658166
ergo_adaptive,15.583333333333371,0.0,0.11824204495563508
ergo_adaptive,15.666666666666629,0.0,0.11810026355998188
ergo_adaptive,15.75,0.0,0.11798012503465306
ergo_adaptive,15.833333333333371,0.0,0.11780515887176897
ergo_adaptive,15.916666666666629,0.0,0.11757962274207481
ergo_adaptive,16.0,0.0,0.11734088024337928
ergo_adaptive,16.08333333333337,0.0,0.11711218094948593
ergo_adaptive,16.16666666666663,0.0,0.11689716033276785
ergo_adaptive,16.25,0.0,0.11668288255326867
ergo_adaptive,16.33333333333337,0.0,0.11644428389336613
ergo_adaptive,16.41666666666663,0.0,0.11618577949762966
ergo_adaptive,16.5,0.0,0.11593596690056036
ergo_adaptive,16.58333333333337,0.0,0.11568360055991692
ergo_adaptive,16.66666666666663,0.0,0.1153911381549986
ergo_adaptive,16.75,0.0,0.11506561872383012
ergo_adaptive,16.83333333333337,0.0,0.11473455421544541
ergo_adaptive,16.91666666666663,0.0,0.1144255296660426
ergo_adaptive,17.0,0.0,0.11416353747480161
ergo_adaptive,17.08333333333337,0.0,0.11389126116298706
ergo_adaptive,17.16666666666663,0.0,0.1135351431991537
ergo_adaptive,17.25,0.0,0.11313466135875117
ergo_adaptive,17.33333333333337,0.0,0.11274049687672164
ergo_adaptive,17.41666666666663,0.0,0.11236451639430045
ergo_adaptive,17.5,0.0,0.11199930723380276
ergo_adaptive,17.58333333333337,0.0,0.11162709437635947
ergo_adaptive,17.66666666666663,0.0,0.11123519327457358
ergo_adaptive,17.75,0.0,0.11084909338190532
ergo_adaptive,17.83333333333337,0.0,0.11048592876277517
ergo_adaptive,17.91666666666663,0.0,0.11008885330152626
ergo_adaptive,18.0,0.0,0.1096356316613043
ergo_adaptive,18.08333333333337,0.0,0.10916113878467266
ergo_adaptive,18.16666666666663,0.0,0.1087010815223575
ergo_adaptive,18.25,0.0,0.10829021300667205
ergo_adaptive,18.33333333333337,0.0,0.10794325822697781
ergo_adaptive,18.41666666666663,0.0,0.10753386327789005
ergo_adaptive,18.5,0.0,0.10702959491341689
ergo_adaptive,18.58333333333337,0.0,0.10649975627217018
ergo_adaptive,18.66666666666663,0.0005204851618431037,0.10599966270957277
ergo_adaptive,18.75,0.0,0.10556362883589641
ergo_adaptive,18.83333333333337,0.0,0.10519584192215005
ergo_adaptive,18.91666666666663,3.357979347069977e-5,0.10478312350915446
ergo_adaptive,19.0,0.0004537174767306679,0.10428798780999224
ergo_adaptive,19.08333333333337,0.0,0.10377471107453773
ergo_adaptive,19.16666666666663,0.0,0.10328836024171095
ergo_adaptive,19.25,0.0,0.10283261166738278
ergo_adaptive,19.33333333333337,0.0001556770300766138,0.10238703418844938
ergo_adaptive,19.41666666666663,0.0,0.10193698463871062
ergo_adaptive,19.5,3.061626886090097e-5,0.10149159368188394
ergo_adaptive,19.58333333333337,4.414196738637872e-5,0.101120005220738
ergo_adaptive,19.66666666666663,4.023693825892344e-6,0.10080273242302543
ergo_adaptive,19.75,0.0001810721047608129,0.10048051970898754
ergo_adaptive,19.83333333333337,0.00034488994509630707,0.10011180650783452
ergo_adaptive,19.91666666666663,0.00022405164751958042,0.09971908034622542
ergo_adaptive,20.0,0.000664640482398281,0.09934286256567622
ergo_adaptive,20.08333333333337,1.927941497610967e-5,0.0990227234094525
ergo_adaptive,20.16666666666663,0.00024117976976992166,0.0989427698802709
ergo_adaptive,20.25,0.0006480974104747222,0.09887198798167408
ergo_adaptive,20.33333333333337,0.0014708593027340324,0.09872902991672489
ergo_adaptive,20.41666666666663,0.003283884164195986,0.09850364579752327
ergo_adaptive,20.5,0.0009333049593514888,0.09820644042797376
ergo_adaptive,20.58333333333337,0.00045891933464670923,0.09791861113904252
ergo_adaptive,20.66666666666663,0.0005047121302733476,0.09782850460643218
ergo_adaptive,20.75,0.0005279546519741955,0.0978383645191433
ergo_adaptive,20.83333333333337,0.00046345786662183773,0.09788049027793079
ergo_adaptive,20.91666666666663,0.00035739380741777604,0.0978713317982026
ergo_adaptive,21.0,0.0003743268402676179,0.09784643854883184
ergo_adaptive,21.08333333333337,0.000718147355746477,0.09783933363858931
ergo_adaptive,21.16666666666663,0.00041849771112312646,0.09790596883255887
ergo_adaptive,21.25,0.0004520394937806502,0.09799678695307416
ergo_adaptive,21.33333333333337,0.00027313882280743956,0.09808891734363323
ergo_adaptive,21.41666666666663,0.0004096534987203593,0.09819814683162578
ergo_adaptive,21.5,0.0003873338492492113,0.09829945838471676
ergo_adaptive,21.58333333333337,0.0003105542780486717,0.09839935253415512
ergo_adaptive,21.66666666666663,0.0004697879830853422,0.09850949697654066
ergo_adaptive,21.75,0.0005344182747553022,0.0986098938475835
ergo_adaptive,21.83333333333337,0.0003195329171658266,0.09864891099396474
ergo_adaptive,21.91666666666663,0.0007629797408931514,0.09873242946419131
ergo_adaptive,22.0,0.000634248392046718,0.09878475312185966
ergo_adaptive,22.08333333333337,0.0008505399207200207,0.09886651860084979
ergo_adaptive,22.16666666666663,0.00043090770425453426,0.09892173048777751
ergo_adaptive,22.25,0.0005929456907750888,0.0990094156096891
ergo_adaptive,22.33333333333337,0.0005536255126655354,0.09909974976542137
ergo_adaptive,22.41666666666663,0.0007778614690894954,0.09916727863528026
ergo_adaptive,22.5,0.0007103378169375219,0.0992178845595194
ergo_adaptive,22.58333333333337,0.0009590772145935926,0.09927713767295335
ergo_adaptive,22.66666666666663,0.0010777884401956279,0.0993640748930216
ergo_adaptive,22.75,0.0009833273081265195,0.09943028998070928
ergo_adaptive,22.83333333333337,0.0006831257767459613,0.09950942722052857
ergo_adaptive,22.91666666666663,0.0008364461239333445,0.09959971385371469
ergo_adaptive,23.0,0.0008752041332838759,0.09968334485827891
ergo_adaptive,23.08333333333337,0.0011107778039782235,0.09974590699445704
ergo_adaptive,23.16666666666663,0.0007753371934423322,0.09984612287091571
ergo_adaptive,23.25,0.0005709527881045783,0.0999424821014011
ergo_adaptive,23.33333333333337,0.000541415342260078,0.10003136957983272
ergo_adaptive,23.41666666666663,0.000326575486009906,0.100139610158924
ergo_adaptive,23.5,0.00012168057524505356,0.10023385896587383
ergo_adaptive,23.58333333333337,0.00024935672419791155,0.10027827538611508
ergo_adaptive,23.66666666666663,0.00019516199588028325,0.10024123957416532
ergo_adaptive,23.75,0.00013663247224143818,0.10019965007554525
ergo_adaptive,23.83333333333337,0.00015091319775041175,0.10026303162209854
ergo_adaptive,23.91666666666663,0.00015627250291228956,0.10038628136455502
ergo_adaptive,24.0,6.999960711849636e-5,0.10049207633516628
ergo_adaptive,24.08333333333337,0.00010110904240463595,0.1005822112040659
ergo_adaptive,24.16666666666663,2.5741061145425725e-5,0.1006265118383679
ergo_adaptive,24.25,9.950401844425767e-5,0.10059774336187381
ergo_adaptive,24.33333333333337,0.0001969378525744204,0.10059822581825807
ergo_adaptive,24.41666666666663,0.0001701334807934836,0.1006596017316074
ergo_adaptive,24.5,0.00021321335295458913,0.10077529297985802
ergo_adaptive,24.58333333333337,0.00018579970173365125,0.10090005772988357
ergo_adaptive,24.66666666666663,0.00016503453306114567,0.1009974980957313
ergo_adaptive,24.75,0.0002030663113602235,0.10106060099116412
ergo_adaptive,24.83333333333337,0.00033887766101315953,0.10113959194315082
ergo_adaptive,24.91666666666663,0.0002929999723441069,0.10125365642191998
ergo_adaptive,25.0,0.00019785304095995375,0.10133814960094253
ergo_adaptive,25.08333333333337,0.00022344030364446205,0.1014272649244416
ergo_adaptive,25.16666666666663,0.00011556787056273212,0.10144121835645957
ergo_adaptive,25.25,0.00040067739375321027,0.1013800732288399
ergo_adaptive,25.33333333333337,0.00027274054651190213,0.10138172261041237
ergo_adaptive,25.41666666666663,0.0002639658879181957,0.10145228481840221
ergo_adaptive,25.5,0.000434599474229155,0.10153428092063498
ergo_adaptive,25.58333333333337,0.0004316411376598983,0.10162783381803031
ergo_adaptive,25.66666666666663,0.00023642900099782167,0.10167847135191999
ergo_adaptive,25.75,0.00017921050810017322,0.10177299560743841
ergo_adaptive,25.83333333333337,7.11341176844227e-5,0.10184267010193154
ergo_adaptive,25.91666666666663,0.00010980428350219123,0.10182748082394949
ergo_adaptive,26.0,0.0003700605322180409,0.10172825593903648
ergo_adaptive,26.08333333333337,0.0003842467237075803,0.10159671969828676
ergo_adaptive,26.16666666666663,0.00011226781075988597,0.10153859188938524
ergo_adaptive,26.25,0.0001539142076382409,0.10145202748295531
ergo_adaptive,26.33333333333337,0.00012028904386817207,0.10126892374626871
ergo_adaptive,26.41666666666663,1.150427746996167e-5,0.10108121562921032
ergo_adaptive,26.5,5.512947941730289e-5,0.1010435230785745
ergo_adaptive,26.58333333333337,9.562418621344182e-5,0.10111046666230636
ergo_adaptive,26.66666666666663,7.369125234801088e-5,0.10121530038846141
ergo_adaptive,26.75,0.00011118274404880988,0.10129855570140393
ergo_adaptive,26.83333333333337,0.0001024153187008526,0.10136298593229327
ergo_adaptive,26.91666666666663,4.520723858174481e-5,0.10143044019338378
ergo_adaptive,27.0,2.461155031988272e-5,0.10148325335696087
ergo_adaptive,27.08333333333337,0.0,0.10153456413490242
ergo_adaptive,27.16666666666663,0.0,0.1015524522521992
ergo_adaptive,27.25,5.833420000400036e-5,0.10146728355665147
ergo_adaptive,27.33333333333337,5.224020989614643e-5,0.10141328329810027
ergo_adaptive,27.41666666666663,4.4100402206494036e-5,0.10140556925488493
ergo_adaptive,27.5,2.4014536301957373e-5,0.10148160782670879
ergo_adaptive,27.58333333333337,0.00018449254286797255,0.10148734479421155
ergo_adaptive,27.66666666666663,0.0003447440062813072,0.10136563391203074
ergo_adaptive,27.75,0.00038112177507201904,0.10110648255654178
ergo_adaptive,27.83333333333337,0.00013739989396824762,0.10080895335257081
ergo_adaptive,27.91666666666663,0.00028638976460671465,0.10071801535655724
ergo_adaptive,28.0,0.0001757741526147397,0.10074208388041947
ergo_adaptive,28.08333333333337,2.0946633842023605e-5,0.1008157601711367
ergo_adaptive,28.16666666666663,6.08032993722463e-5,0.10089242619935572
ergo_adaptive,28.25,3.3236374463299387e-6,0.10094624699530336
ergo_adaptive,28.33333333333337,0.0,0.1010036924664041
ergo_adaptive,28.41666666666663,0.0,0.10101407116113599
ergo_adaptive,28.5,0.0,0.10094717953716158
ergo_adaptive,28.58333333333337,0.0,0.10080673950158732
ergo_adaptive,28.66666666666663,0.0,0.10059049445458056
ergo_adaptive,28.75,0.0,0.10029038678723687
ergo_adaptive,28.83333333333337,0.0,0.09993890931974975
ergo_adaptive,28.91666666666663,1.1279896188400203e-5,0.0995890877885917
ergo_adaptive,29.0,0.00014594989033605305,0.09943861254558511
ergo_adaptive,29.08333333333337,0.00011177824611417208,0.0993590483711779
ergo_adaptive,29.16666666666663,3.125305571879185e-5,0.09926175148967133
ergo_adaptive,29.25,0.00022938230189928027,0.09927022831465054
ergo_adaptive,29.33333333333337,0.0002577648621865935,0.09930023378383407
ergo_adaptive,29.41666666666663,8.949179964469349e-5,0.09930393129754313
ergo_adaptive,29.5,8.985258952349692e-5,0.09936540721460976
ergo_adaptive,29.58333333333337,0.00011521007834704617,0.09944729915582645
ergo_adaptive,29.66666666666663,2.6709285625145834e-5,0.09951796167373728
ergo_adaptive,29.75,4.134072228889782e-5,0.09957029661189123
ergo_adaptive,29.83333333333337,8.779078303864118e-5,0.09959057840041112
ergo_adaptive,29.91666666666663,5.926884965566741e-5,0.09957338099567321
ergo_adaptive,30.0,0.0,0.09953891280745449
ergo_adaptive,30.08333333333337,3.9277299276803416e-5,0.0995183500063025
ergo_adaptive,30.16666666666663,0.00013207040617331227,0.09957815952818092
ergo_adaptive,30.25,7.952063249707736e-5,0.099656059095666
ergo_adaptive,30.33333333333337,0.00014706804482069293,0.09973401794010738
ergo_adaptive,30.41666666666663,0.00011922779199586797,0.09981004643637444
ergo_adaptive,30.5,0.0003313036105650911,0.09988201527690418
ergo_adaptive,30.58333333333337,0.00026633129823556447,0.09994895973620072
ergo_adaptive,30.66666666666663,0.00027373801901012,0.09998455636812756
ergo_adaptive,30.75,0.000637245648781854,0.0999618926354003
ergo_adaptive,30.83333333333337,0.00031550576563339956,0.09988915300237212
ergo_adaptive,30.91666666666663,0.00020881589521410765,0.09978539345532454
ergo_adaptive,31.0,0.00012245779308915332,0.0997890687484828
ergo_adaptive,31.08333333333337,6.279597584369845e-5,0.09985737704729719
ergo_adaptive,31.16666666666663,5.817469018778879e-5,0.0999464743971655
ergo_adaptive,31.25,8.187006786049542e-5,0.10003986222439032
ergo_adaptive,31.33333333333337,0.0001857701911667854,0.1001208184227928
ergo_adaptive,31.41666666666663,0.00019901829884029525,0.1001766107334854
ergo_adaptive,31.5,8.354151164352265e-5,0.100207729995373
ergo_adaptive,31.58333333333337,0.00011259293141132476,0.1002119587500852
ergo_adaptive,31.66666666666663,2.8793317455672495e-5,0.100200235694768
ergo_adaptive,31.75,5.093831349590965e-5,0.10017944639165048
ergo_adaptive,31.83333333333337,4.2715073534197334e-5,0.10014120100875148
ergo_adaptive,31.91666666666663,1.5212186516330447e-5,0.10007588335161784
ergo_adaptive,32.0,2.8023748133767663e-5,0.10008201818275166
ergo_adaptive,32.08333333333337,3.707858584755671e-5,0.10012676744200062
ergo_adaptive,32.16666666666663,3.355944638275794e-5,0.10014885171309565
ergo_adaptive,32.25,1.2899385036217404e-5,0.10012593193007416
ergo_adaptive,32.33333333333337,9.407559748329916e-6,0.1001359609944512
ergo_adaptive,32.41666666666663,1.5610255572279788e-5,0.10018986543592039
ergo_adaptive,32.5,9.022939213524725e-5,0.10023794223051531
ergo_adaptive,32.58333333333337,8.267805644329342e-5,0.10031489465449638
ergo_adaptive,32.66666666666663,0.00013520876593689504,0.10039186510636415
ergo_adaptive,32.75,0.00018682067929091874,0.10043994796395174
ergo_adaptive,32.83333333333337,5.2667248523238924e-5,0.1004645537930221
ergo_adaptive,32.91666666666663,4.523070186753315e-5,0.10052848541537775
ergo_adaptive,33.0,6.204113804777328e-5,0.10060764378422365
ergo_adaptive,33.08333333333337,5.199535118845146e-5,0.10065679656880325
ergo_adaptive,33.16666666666663,8.026632501222908e-5,0.10065188042406516
ergo_adaptive,33.25,3.4261211770439254e-5,0.1006363376768769
ergo_adaptive,33.33333333333337,6.325551918069269e-5,0.10066171339349804
ergo_adaptive,33.41666666666663,3.6955665781841036e-5,0.10071975065148048
ergo_adaptive,33.5,2.929460322167218e-5,0.10079205572569362
ergo_adaptive,33.58333333333337,2.353907679560034e-5,0.1008779402675166
ergo_adaptive,33.66666666666663,2.4370290032048032e-5,0.10093360199671697
ergo_adaptive,33.75,5.158682663773576e-6,0.10092196043836972
ergo_adaptive,33.83333333333337,0.0,0.10087206613109341
ergo_adaptive,33.91666666666663,5.135989028690487e-6,0.10081553142764321
ergo_adaptive,34.0,9.281805889052009e-6,0.10083472990707867
ergo_adaptive,34.08333333333337,3.6088230796552156e-6,0.10088188347884879
ergo_adaptive,34.16666666666663,4.54553904073316e-6,0.10092713528851993
ergo_adaptive,34.25,2.306252895593725e-5,0.10095410167769484
ergo_adaptive,34.33333333333337,2.638756692776152e-6,0.10094690669563894
ergo_adaptive,34.41666666666663,7.533034203639616e-6,0.10098668350857053
ergo_adaptive,34.5,5.5780450231577355e-6,0.10105574869398495
ergo_adaptive,34.58333333333337,7.109817893867678e-6,0.1011098232325682
ergo_adaptive,34.66666666666663,1.623938841427432e-5,0.10114060908506028
ergo_adaptive,34.75,6.802311250744166e-6,0.10119761786779223
ergo_adaptive,34.83333333333337,4.832869155415152e-6,0.10126735463486042
ergo_adaptive,34.91666666666663,7.0657387037547354e-6,0.10131560748444872
ergo_adaptive,35.0,4.4472232294915424e-5,0.10129592017963018
ergo_adaptive,35.08333333333337,6.464547867622502e-5,0.10124585012669528
ergo_adaptive,35.16666666666663,0.00010457973313318833,0.10119303049385939
ergo_adaptive,35.25,6.273581155225579e-5,0.10116043547312327
ergo_adaptive,35.33333333333337,0.00029166263197891114,0.10110688526843979
ergo_adaptive,35.41666666666663,0.0004402956196706029,0.10099266402424123
ergo_adaptive,35.5,0.0003710148776047805,0.10083379472553458
ergo_adaptive,35.58333333333337,0.00014636134729884898,0.10066027427019804
ergo_adaptive,35.66666666666663,0.00013275888894220852,0.10058195391077776
ergo_adaptive,35.75,3.760690589618467e-5,0.10058165248344171
ergo_adaptive,35.83333333333337,0.00013629418804994437,0.10063613194712186
ergo_adaptive,35.91666666666663,0.00016675743018820444,0.10070337490869596
ergo_adaptive,36.0,5.9262974944585576e-5,0.10075696955997873
ergo_adaptive,36.08333333333337,0.00023731417022514106,0.10084178292005123
ergo_adaptive,36.16666666666663,0.0001435241289724167,0.1009203496864257
ergo_adaptive,36.25,7.74696850041413e-5,0.10101691571120365
ergo_adaptive,36.33333333333337,5.899618719416129e-5,0.10111854705451244
ergo_adaptive,36.41666666666663,6.340077487382805e-5,0.10120134886157925
ergo_adaptive,36.5,2.404361504031934e-5,0.10125740142128112
ergo_adaptive,36.58333333333337,8.360509955761539e-5,0.10129831770581248
ergo_adaptive,36.66666666666663,2.9260178897418466e-5,0.10130813710546664
ergo_adaptive,36.75,1.5846900824360168e-5,0.1012975985267055
ergo_adaptive,36.83333333333337,6.500922651743596e-6,0.10129863189351153
ergo_adaptive,36.91666666666663,1.2632159257938692e-5,0.10131854807732771
ergo_adaptive,37.0,0.0,0.10133171302486302
ergo_adaptive,37.08333333333337,0.0001159587219665711,0.10129205448038946
ergo_adaptive,37.16666666666663,0.00019023890829271753,0.10130063114569617
ergo_adaptive,37.25,0.0002236556772395506,0.1013489868575099
ergo_adaptive,37.33333333333337,0.00011116782014188973,0.1013966184649662
ergo_adaptive,37.41666666666663,0.00010651915591721278,0.10141429999464449
ergo_adaptive,37.5,4.0218984508046274e-5,0.10139528285630084
ergo_adaptive,37.58333333333337,1.3990952394234039e-5,0.1013516416709029
ergo_adaptive,37.66666666666663,7.876043552449366e-5,0.10135617965168907
ergo_adaptive,37.75,2.4603558588752105e-5,0.10137112742533727
ergo_adaptive,37.83333333333337,3.6156928324524955e-5,0.10141726976527964
ergo_adaptive,37.91666666666663,2.1189276556747738e-5,0.10148325712821502
ergo_adaptive,38.0,1.676313874068584e-5,0.10154377831095397
ergo_adaptive,38.08333333333337,1.8256636731602708e-5,0.1015982974444158
ergo_adaptive,38.16666666666663,1.618281328317175e-5,0.1016412120237725
ergo_adaptive,38.25,6.8830535321805915e-6,0.10165765566707466
ergo_adaptive,38.33333333333337,1.7937210750938745e-6,0.10165347008697795
ergo_adaptive,38.41666666666663,8.474146042827581e-9,0.1016494857150793
ergo_adaptive,38.5,0.0,0.10166375331292414
ergo_adaptive,38.58333333333337,0.0,0.10165869185463194
ergo_adaptive,38.66666666666663,0.0,0.10163011081899428
ergo_adaptive,38.75,1.819406025206363e-5,0.10159505676287117
ergo_adaptive,38.83333333333337,2.1503200741715993e-6,0.1016473902882059
ergo_adaptive,38.91666666666663,3.1540242726378473e-6,0.10173126299075566
ergo_adaptive,39.0,0.0,0.10181177239232006
ergo_adaptive,39.08333333333337,0.0,0.1018773911341789
ergo_adaptive,39.16666666666663,1.7636862965781555e-5,0.10191641753967533
ergo_adaptive,39.25,0.00010243787155798851,0.10196943617676517
ergo_adaptive,39.33333333333337,0.0002223277319168449,0.10201603636648647
ergo_adaptive,39.41666666666663,2.6969242586240286e-5,0.10203587198743663
ergo_adaptive,39.5,8.151286593871077e-5,0.10202353752882042
ergo_adaptive,39.58333333333337,3.387948436802154e-6,0.10198565060254368
ergo_adaptive,39.66666666666663,4.996096816557234e-5,0.10193400505551695
ergo_adaptive,39.75,8.780412995010431e-5,0.10187788596659184
ergo_adaptive,39.83333333333337,0.00016066016000230068,0.1018160322336105
ergo_adaptive,39.91666666666663,0.0002776810200012783,0.10175161668038077
ergo_adaptive,40.0,0.0004126332950693867,0.10168525706706069
ergo_adaptive,40.08333333333337,0.00018395651638495851,0.10160674221272256
ergo_adaptive,40.16666666666663,1.6000722555998587e-5,0.101444175816766
ergo_adaptive,40.25,9.110703137661831e-6,0.10137169577177657
ergo_adaptive,40.33333333333337,1.1610160172258973e-5,0.10136258872282256
ergo_adaptive,40.41666666666663,8.795208635523592e-5,0.10137810787637774
ergo_adaptive,40.5,5.910502511126193e-5,0.10141020074784668
ergo_adaptive,40.58333333333337,2.7674645527834955e-5,0.10145811339749847
ergo_adaptive,40.66666666666663,1.6201668528930507e-5,0.10151824830982568
ergo_adaptive,40.75,2.3527500874283178e-5,0.10158245909537693
ergo_adaptive,40.83333333333337,1.373267072919618e-5,0.10164418056092775
ergo_adaptive,40.91666666666663,7.056774296799923e-6,0.101699402332276
ergo_adaptive,41.0,3.732850536629999e-5,0.10175376829785444
ergo_adaptive,41.08333333333337,1.1619937432877125e-8,0.10181293067962649
ergo_adaptive,41.16666666666663,0.0,0.10187845088965662
ergo_adaptive,41.25,0.0,0.1019406410753758
ergo_adaptive,41.33333333333337,1.418159196908039e-6,0.10198055778133906
ergo_adaptive,41.41666666666663,1.1049885987028372e-6,0.10204622345682086
ergo_adaptive,41.5,1.1903160526367363e-5,0.10213066955281759
ergo_adaptive,41.58333333333337,2.704870749770295e-5,0.10221111614746028
ergo_adaptive,41.66666666666663,1.08034519137677e-5,0.1022731533281466
ergo_adaptive,41.75,0.0001278651858055111,0.10231516948416006
ergo_adaptive,41.83333333333337,0.0002088575413434578,0.10234431668020408
ergo_adaptive,41.91666666666663,0.00016385514480542776,0.1023655585105468
ergo_adaptive,42.0,1.2772553181792063e-5,0.10237383715344636
ergo_adaptive,42.08333333333337,3.352356865998666e-5,0.10242697131209738
ergo_adaptive,42.16666666666663,3.958144701975209e-5,0.10250046075583233
ergo_adaptive,42.25,6.12777443854138e-5,0.10254614607871028
ergo_adaptive,42.33333333333337,9.554284173990414e-6,0.10252866616873835
ergo_adaptive,42.41666666666663,3.3924568959240284e-6,0.10248875064268709
ergo_adaptive,42.5,1.0144790909887163e-5,0.10244171359314153
ergo_adaptive,42.58333333333337,1.6170450940315798e-6,0.10236084146934663
ergo_adaptive,42.66666666666663,5.4334899287948096e-5,0.10233144852191774
ergo_adaptive,42.75,2.5628187156460383e-5,0.10234004829397329
ergo_adaptive,42.83333333333337,8.689340716375544e-5,0.1023616183098876
ergo_adaptive,42.91666666666663,4.777927102447927e-5,0.10235779821631327
ergo_adaptive,43.0,8.940886156282386e-5,0.10231401101518077
ergo_adaptive,43.08333333333337,0.0001476902018482765,0.10224148850396675
ergo_adaptive,43.16666666666663,8.018211635705681e-5,0.10216259342995963
ergo_adaptive,43.25,0.0001368065076270134,0.10209420817058101
ergo_adaptive,43.33333333333337,2.591570176599715e-5,0.1020389513201027
ergo_adaptive,43.41666666666663,1.3710310525015507e-5,0.10205362661223778
ergo_adaptive,43.5,1.5511801174460102e-5,0.10209652381007948
ergo_adaptive,43.58333333333337,1.5688866677913e-5,0.10215258280820563
ergo_adaptive,43.66666666666663,1.7378947502909586e-5,0.10220782604062546
ergo_adaptive,43.75,1.6528260125993508e-5,0.10226386815756143
ergo_adaptive,43.83333333333337,7.0154987044136565e-6,0.10232377631436758
ergo_adaptive,43.91666666666663,1.1422428578010202e-5,0.1023826809508544
ergo_adaptive,44.0,5.38291929169555e-6,0.10243154529163055
ergo_adaptive,44.08333333333337,0.0,0.10247615141082982
ergo_adaptive,44.16666666666663,0.0,0.10251575917895958
ergo_adaptive,44.25,0.0,0.10254735542090943
ergo_adaptive,44.33333333333337,0.0,0.10254334958891756
ergo_adaptive,44.41666666666663,0.0,0.102463774612051
ergo_adaptive,44.5,5.57158564697091e-6,0.1023334395335521
ergo_adaptive,44.58333333333337,0.00010706532577797538,0.10233854213550216
ergo_adaptive,44.66666666666663,9.893369722725755e-5,0.1024133807584624
ergo_adaptive,44.75,0.00021766095397958776,0.1025122534049857
ergo_adaptive,44.83333333333337,0.00010012960202549451,0.10258099247691936
ergo_adaptive,44.91666666666663,0.00015091898445837535,0.10261414796529458
ergo_adaptive,45.0,3.6325919258328145e-5,0.10261824927669555
ergo_adaptive,45.08333333333337,0.00011215286876367017,0.10260730039544486
ergo_adaptive,45.16666666666663,4.793382924652128e-5,0.10257001795314943
ergo_adaptive,45.25,1.823624063914154e-5,0.10245978603878947
ergo_adaptive,45.33333333333337,1.0628384113037293e-5,0.10244811098501296
ergo_adaptive,45.41666666666663,5.178357171134171e-6,0.10252550293863207
ergo_adaptive,45.5,1.5246295134990577e-5,0.10261006140449926
ergo_adaptive,45.58333333333337,1.1358808657826955e-5,0.10267977205265505
ergo_adaptive,45.66666666666663,1.1424872862542124e-5,0.1027341143574713
ergo_adaptive,45.75,2.796767235125537e-6,0.10277387056825425
ergo_adaptive,45.83333333333337,0.0,0.1027983410303063
ergo_adaptive,45.91666666666663,0.0,0.10283967559048356
ergo_adaptive,46.0,0.0,0.10288366933676066
ergo_adaptive,46.08333333333337,0.0,0.10291609732932695
ergo_adaptive,46.16666666666663,0.0,0.10293901934386646
ergo_adaptive,46.25,2.4341252130682197e-5,0.10296103544374222
ergo_adaptive,46.33333333333337,3.3038138139555646e-5,0.10304252111917887
ergo_adaptive,46.41666666666663,2.1412919899422486e-5,0.10313552581924398
ergo_adaptive,46.5,0.0,0.10320769084222779
ergo_adaptive,46.58333333333337,0.0,0.10328755922306014
ergo_adaptive,46.66666666666663,0.0,0.10337578937366551
ergo_adaptive,46.75,0.0,0.10345348092667621
ergo_adaptive,46.83333333333337,0.0,0.10348487403856173
ergo_adaptive,46.91666666666663,0.0,0.10347482462114364
ergo_adaptive,47.0,0.0,0.10345465634460567
ergo_adaptive,47.08333333333337,0.0,0.10344710280154162
ergo_adaptive,47.16666666666663,0.0,0.10346650155671482
ergo_adaptive,47.25,0.0,0.10351451178246447
ergo_adaptive,47.33333333333337,0.0,0.10354968097664062
ergo_adaptive,47.41666666666663,0.0,0.10356713085171929
ergo_adaptive,47.5,0.0,0.10358395427145853
ergo_adaptive,47.58333333333337,0.0,0.10361313048880011
ergo_adaptive,47.66666666666663,0.0,0.10366467624591845
ergo_adaptive,47.75,0.0,0.10373902985037939
ergo_adaptive,47.83333333333337,0.0,0.10379869673313238
ergo_adaptive,47.91666666666663,0.0,0.1038368147813883
ergo_adaptive,48.0,0.0,0.1038699771690977
ergo_adaptive,48.08333333333337,0.0,0.10391148099429094
ergo_adaptive,48.16666666666663,0.0,0.10396827096672921
ergo_adaptive,48.25,0.0,0.10403970096542903
ergo_adaptive,48.33333333333337,0.0,0.10410323465619069
ergo_adaptive,48.41666666666663,0.0,0.104150224691009
ergo_adaptive,48.5,0.0,0.104193003289506
ergo_adaptive,48.58333333333337,0.0,0.1042406979911026
ergo_adaptive,48.66666666666663,0.0,0.10429309176040145
ergo_adaptive,48.75,0.0,0.10434754088945154
ergo_adaptive,48.83333333333337,0.0,0.10440006614181623
ergo_adaptive,48.91666666666663,0.0,0.10445267190110841
ergo_adaptive,49.0,0.0,0.10451618995728336
ergo_adaptive,49.08333333333337,0.0,0.10458619605129213
ergo_adaptive,49.16666666666663,0.0,0.1046373106490624
ergo_adaptive,49.25,0.0,0.10467326507574674
ergo_adaptive,49.33333333333337,0.0,0.10470868834327714
ergo_adaptive,49.41666666666663,0.0,0.1047527886210801
ergo_adaptive,49.5,0.0,0.10480594995555549
ergo_adaptive,49.58333333333337,0.0,0.10485970266017103
ergo_adaptive,49.66666666666663,0.0,0.10490661542894393
ergo_adaptive,49.75,0.0,0.10495408198024532
ergo_adaptive,49.83333333333337,0.0,0.10501673417267617
ergo_adaptive,49.91666666666663,0.0,0.10507808921876503
ergo_adaptive,50.0,0.0,0.10511801624333288
ergo_adaptive,50.08333333333337,0.0,0.10514841661823253
ergo_adaptive,50.16666666666663,0.0,0.10518424256783084
ergo_adaptive,50.25,0.0,0.10522802709476729
ergo_adaptive,50.33333333333337,0.0,0.10527309648058174
ergo_adaptive,50.41666666666663,0.0,0.10531530139465058
ergo_adaptive,50.5,0.0,0.10535792327104056
ergo_adaptive,50.58333333333337,0.0,0.1054085002942399
ergo_adaptive,50.66666666666663,0.0,0.1054669986251614
ergo_adaptive,50.75,0.0,0.10551916528269031
ergo_adaptive,50.83333333333337,0.0,0.10556307679325888
ergo_adaptive,50.91666666666663,0.0,0.10561374669212034
ergo_adaptive,51.0,0.0,0.10568236798776934
ergo_adaptive,51.08333333333337,0.0,0.10574032862742828
ergo_adaptive,51.16666666666663,0.0,0.10578055030950324
ergo_adaptive,51.25,0.0,0.10581967095004298
ergo_adaptive,51.33333333333337,0.0,0.1058697463088194
ergo_adaptive,51.41666666666663,0.0,0.10592437685382475
ergo_adaptive,51.5,0.0,0.10597395158578549
ergo_adaptive,51.58333333333337,0.0,0.10602106513416373
ergo_adaptive,51.66666666666663,0.0,0.10607349397626395
ergo_adaptive,51.75,0.0,0.10613320521328051
ergo_adaptive,51.83333333333337,0.0,0.10619457991149517
ergo_adaptive,51.91666666666663,0.0,0.10625341810360704
ergo_adaptive,52.0,0.0,0.10631421762899294
ergo_adaptive,52.08333333333337,0.0,0.10638467192636518
ergo_adaptive,52.16666666666663,0.0,0.10646082337996703
ergo_adaptive,52.25,0.0,0.1065293199753881
ergo_adaptive,52.33333333333337,0.0,0.10659310512986422
ergo_adaptive,52.41666666666663,0.0,0.10666654257981385
ergo_adaptive,52.5,0.0,0.10675491499168571
ergo_adaptive,52.58333333333337,0.0,0.10683133104344343
ergo_adaptive,52.66666666666663,0.0,0.10689720275712807
ergo_adaptive,52.75,0.0,0.1069665653695561
ergo_adaptive,52.83333333333337,0.0,0.10704638858628175
ergo_adaptive,52.91666666666663,0.0,0.10712855267256408
ergo_adaptive,53.0,0.0,0.10720698204568999
ergo_adaptive,53.08333333333337,0.0,0.10728566987890502
ergo_adaptive,53.16666666666663,0.0,0.10736979335483937
ergo_adaptive,53.25,0.0,0.10745866224297848
ergo_adaptive,53.33333333333337,0.0,0.10754816317365265
ergo_adaptive,53.41666666666663,0.0,0.10763740979173021
ergo_adaptive,53.5,0.0,0.10772987937558147
ergo_adaptive,53.58333333333337,0.0,0.1078282983224585
ergo_adaptive,53.66666666666663,0.0,0.10792914415349551
ergo_adaptive,53.75,0.0,0.10802765998669013
ergo_adaptive,53.83333333333337,0.0,0.10812673879075693
ergo_adaptive,53.91666666666663,0.0,0.10823341259981858
ergo_adaptive,54.0,0.0,0.1083460223741582
ergo_adaptive,54.08333333333337,0.0,0.10845113995225784
ergo_adaptive,54.16666666666663,0.0,0.1085521964689633
ergo_adaptive,54.25,0.0,0.10865744590613033
ergo_adaptive,54.33333333333337,0.0,0.10876876531024174
ergo_adaptive,54.41666666666663,0.0,0.1088787836155873
ergo_adaptive,54.5,0.0,0.10898592311988116
ergo_adaptive,54.58333333333337,0.0,0.10909426077578928
ergo_adaptive,54.66666666666663,0.0,0.10920640794075029
ergo_adaptive,54.75,0.0,0.10932329655810227
ergo_adaptive,54.83333333333337,0.0,0.1094481651040847
ergo_adaptive,54.91666666666663,0.0,0.10957805193482847
ergo_adaptive,55.0,0.0,0.10971206795899519
ergo_adaptive,55.08333333333337,0.0,0.10985009618563052
ergo_adaptive,55.16666666666663,0.0,0.1099895430014764
ergo_adaptive,55.25,0.0,0.1101284038645664
ergo_adaptive,55.33333333333337,0.0,0.11026788124612698
ergo_adaptive,55.41666666666663,0.0,0.1104090066367138
ergo_adaptive,55.5,0.0,0.11055165503245723
ergo_adaptive,55.58333333333337,0.0,0.11069494974885948
ergo_adaptive,55.66666666666663,0.0,0.11083805293637577
ergo_adaptive,55.75,0.0,0.11097927372076444
ergo_adaptive,55.83333333333337,0.0,0.11111862549806635
ergo_adaptive,55.91666666666663,0.0,0.11125631636985898
ergo_adaptive,56.0,0.0,0.11139245246002093
ergo_adaptive,56.08333333333337,0.0,0.11152699255499762
ergo_adaptive,56.16666666666663,0.0,0.11165981544553315
ergo_adaptive,56.25,0.0,0.11179078930541435
ergo_adaptive,56.33333333333337,0.0,0.11191980982418351
ergo_adaptive,56.41666666666663,0.0,0.11204681301498566
ergo_adaptive,56.5,0.0,0.11217177653772169
ergo_adaptive,56.58333333333337,0.0,0.1122947160925493
ergo_adaptive,56.66666666666663,0.0,0.11241567941290954
ergo_adaptive,56.75,0.0,0.11253473917796902
ergo_adaptive,56.83333333333337,0.0,0.1126519857794795
ergo_adaptive,56.91666666666663,0.0,0.11276752061790388
ergo_adaptive,57.0,0.0,0.11288145034613387
ergo_adaptive,57.08333333333337,0.0,0.11299388224862368
ergo_adaptive,57.16666666666663,0.0,0.11310492076762949
ergo_adaptive,57.25,0.0,0.11321466507454366
ergo_adaptive,57.33333333333337,0.0,0.11332320752545023
ergo_adaptive,57.41666666666663,0.0,0.11343063282166077
ergo_adaptive,57.5,0.0,0.11353701770342832
ergo_adaptive,57.58333333333337,0.0,0.11364243102630302
ergo_adaptive,57.66666666666663,0.0,0.11374693409625382
ergo_adaptive,57.75,0.0,0.11385058116650125
ergo_adaptive,57.83333333333337,0.0,0.11395342002315917
ergo_adaptive,57.91666666666663,0.0,0.11405549260708397
ergo_adaptive,58.0,0.0,0.11415683563555976
ergo_adaptive,58.08333333333337,0.0,0.11425748119993584
ergo_adaptive,58.16666666666663,0.0,0.11435745732462056
ergo_adaptive,58.25,0.0,0.11445678847953347
ergo_adaptive,58.33333333333337,0.0,0.1145554960427936
ergo_adaptive,58.41666666666663,0.0,0.11465359871356672
ergo_adaptive,58.5,0.0,0.11475111287701222
ergo_adaptive,58.58333333333337,0.0,0.11484805292447349
ergo_adaptive,58.66666666666663,0.0,0.11494443153269307
ergo_adaptive,58.75,0.0,0.11504025990607898
ergo_adaptive,58.83333333333337,0.0,0.11513554798603971
ergo_adaptive,58.91666666666663,0.0,0.11523030463123528
ergo_adaptive,59.0,0.0,0.1153245377723254
ergo_adaptive,59.08333333333337,0.0,0.11541825454448529
ergo_adaptive,59.16666666666663,0.0,0.11551146140062689
ergo_adaptive,59.25,0.0,0.1156041642079379
ergo_adaptive,59.33333333333337,0.0,0.11569636833003794
ergo_adaptive,59.41666666666663,0.0,0.11578807869676032
ergo_adaptive,59.5,0.0,0.11587929986330424
ergo_adaptive,59.58333333333337,0.0,0.11597003606026209
ergo_adaptive,59.66666666666663,0.0,0.11606029123581489
ergo_adaptive,59.75,0.0,0.11615006909119774
ergo_adaptive,59.83333333333337,0.0,0.11623937311037094
ergo_adaptive,59.91666666666663,0.0,0.11632820658468036
ergo_adaptive,60.0,0.0,0.1164165726331567
ergo_adaptive,60.08333333333337,0.0,0.1165044742189743
ergo_adaptive,60.16666666666663,0.0,0.11659191416240167
ergo_adaptive,60.25,0.0,0.11668697510075766
ergo_adaptive,60.33333333333337,0.0,0.1167728456396784
ergo_adaptive,60.41666666666663,0.0,0.11685518974210676
ergo_adaptive,60.5,0.0,0.1169391528961679
ergo_adaptive,60.58333333333337,0.0,0.11702699106203826
ergo_adaptive,60.66666666666663,0.0,0.11711514594263284
ergo_adaptive,60.75,0.0,0.11720090173340902
ergo_adaptive,60.83333333333337,0.0,0.1172851871187779
ergo_adaptive,60.91666666666663,0.0,0.11736920221167094
ergo_adaptive,61.0,0.0,0.11745165158475371
ergo_adaptive,61.08333333333337,0.0,0.11753028653542844
ergo_adaptive,61.16666666666663,0.0,0.11760488303218126
ergo_adaptive,61.25,0.0,0.11767688181623624
ergo_adaptive,61.33333333333337,0.0,0.11774714285128911
ergo_adaptive,61.41666666666663,0.0,0.11781404199670881
ergo_adaptive,61.5,0.0,0.11787523500660949
ergo_adaptive,61.58333333333337,0.0,0.11793200441725038
ergo_adaptive,61.66666666666663,0.0,0.11798948475394182
ergo_adaptive,61.75,0.0,0.11804671648435956
ergo_adaptive,61.83333333333337,0.0,0.11808932890559237
ergo_adaptive,61.91666666666663,0.0,0.11811994528624532
ergo_adaptive,62.0,0.0,0.11814690252587785
ergo_adaptive,62.08333333333337,0.0,0.11817343548637081
ergo_adaptive,62.16666666666663,0.0,0.11819588090852867
ergo_adaptive,62.25,0.0,0.11820860587509996
ergo_adaptive,62.33333333333337,0.0,0.11825337812478243
ergo_adaptive,62.41666666666663,0.0,0.11831960740108523
ergo_adaptive,62.5,0.0,0.11837456947606194
ergo_adaptive,62.58333333333337,0.0,0.11844710921785012
ergo_adaptive,62.66666666666663,0.0,0.11852939004973932
ergo_adaptive,62.75,0.0,0.11859482984979562
ergo_adaptive,62.83333333333337,0.0,0.11865934268585021
ergo_adaptive,62.91666666666663,0.0,0.11873181386340495
ergo_adaptive,63.0,0.0,0.1188032271369938
ergo_adaptive,63.08333333333337,0.0,0.11886665816689715
ergo_adaptive,63.16666666666663,0.0,0.11894077030973166
ergo_adaptive,63.25,0.0,0.11901151156774731
ergo_adaptive,63.33333333333337,0.0,0.11907608025484467
ergo_adaptive,63.41666666666663,0.0,0.1191372300638712
ergo_adaptive,63.5,0.0,0.11920246716745418
ergo_adaptive,63.58333333333337,0.0,0.11926494440864874
ergo_adaptive,63.66666666666663,0.0,0.11932251561801996
ergo_adaptive,63.75,0.0,0.11937814627318888
ergo_adaptive,63.83333333333337,0.0,0.11944594552290529
ergo_adaptive,63.91666666666663,0.0,0.11950998379869429
ergo_adaptive,64.0,0.0,0.11957169382383029
ergo_adaptive,64.08333333333337,0.0,0.11963792848135196
ergo_adaptive,64.16666666666663,0.0,0.11970971071637229
ergo_adaptive,64.25,0.0,0.11977648465103456
ergo_adaptive,64.33333333333337,0.0,0.11984030735371343
ergo_adaptive,64.41666666666663,0.0,0.1199031208160849
ergo_adaptive,64.5,0.0,0.11997156173426402
ergo_adaptive,64.58333333333337,0.0,0.12003357204047709
ergo_adaptive,64.66666666666663,0.0,0.12009492544917014
ergo_adaptive,64.75,0.0,0.12016011071663507
ergo_adaptive,64.83333333333337,0.0,0.12022498500004583
ergo_adaptive,64.91666666666663,0.0,0.12028520199512925
ergo_adaptive,65.0,0.0,0.12034111358893375
ergo_adaptive,65.08333333333337,0.0,0.12039347316423472
ergo_adaptive,65.16666666666663,0.0,0.12044054418366573
ergo_adaptive,65.25,0.0,0.12047770286855934
ergo_adaptive,65.33333333333337,0.0,0.12050295068358981
ergo_adaptive,65.41666666666663,0.0,0.12052045584466216
ergo_adaptive,65.5,0.0,0.12053552817009183
ergo_adaptive,65.58333333333337,0.0,0.12054792959554234
ergo_adaptive,65.66666666666663,0.0,0.12055406957652791
ergo_adaptive,65.75,0.0,0.12055496724797367
ergo_adaptive,65.83333333333337,0.0,0.12055671721078097
ergo_adaptive,65.91666666666663,0.0,0.12056150928690444
ergo_adaptive,66.0,0.0,0.12055822723608318
ergo_adaptive,66.08333333333337,0.0,0.12054126230366366
ergo_adaptive,66.16666666666663,0.0,0.1205210109699892
ergo_adaptive,66.25,0.0,0.12050983944606346
ergo_adaptive,66.33333333333337,0.0,0.12049181755742741
ergo_adaptive,66.41666666666663,0.0,0.12045393426902938
ergo_adaptive,66.5,0.0,0.12040593275241118
ergo_adaptive,66.58333333333337,0.0,0.12035895278470658
ergo_adaptive,66.66666666666663,0.0,0.12031404754243913
ergo_adaptive,66.75,0.0,0.12026532887056503
ergo_adaptive,66.83333333333337,0.0,0.12020870180328135
ergo_adaptive,66.91666666666663,0.0,0.12015056615915459
ergo_adaptive,67.0,0.0,0.1201264520228077
ergo_adaptive,67.08333333333337,0.0,0.12013214040621438
ergo_adaptive,67.16666666666663,0.0,0.12014984342740771
ergo_adaptive,67.25,0.0,0.12018938073067596
ergo_adaptive,67.33333333333337,0.0,0.12024093756737497
ergo_adaptive,67.41666666666663,0.0,0.12029055407699976
ergo_adaptive,67.5,0.0,0.12035028769236657
ergo_adaptive,67.58333333333337,0.0,0.12041069179584901
ergo_adaptive,67.66666666666663,0.0,0.12047148191333211
ergo_adaptive,67.75,0.0,0.12053247851754396
ergo_adaptive,67.83333333333337,0.0,0.12058980373373346
ergo_adaptive,67.91666666666663,0.0,0.12064614083124331
ergo_adaptive,68.0,0.0,0.12070230217330415
ergo_adaptive,68.08333333333337,0.0,0.12075894526078242
ergo_adaptive,68.16666666666663,0.0,0.12081351025299028
ergo_adaptive,68.25,0.0,0.12086255197685436
ergo_adaptive,68.33333333333337,0.0,0.1209124277372502
ergo_adaptive,68.41666666666663,0.0,0.12095016517011353
ergo_adaptive,68.5,0.0,0.12099033998582841
ergo_adaptive,68.58333333333337,0.0,0.12102250826458365
ergo_adaptive,68.66666666666663,0.0,0.12105183596258834
ergo_adaptive,68.75,0.0,0.12108214012803804
ergo_adaptive,68.83333333333337,0.0,0.12111509392067746
ergo_adaptive,68.91666666666663,0.0,0.1211509486234144
ergo_adaptive,69.0,0.0,0.12119345911401266
ergo_adaptive,69.08333333333337,0.0,0.12123987817043352
ergo_adaptive,69.16666666666663,0.0,0.12128754844031273
ergo_adaptive,69.25,0.0,0.12132176791286987
ergo_adaptive,69.33333333333337,0.0,0.12136826093859183
ergo_adaptive,69.41666666666663,0.0,0.12142871877368826
ergo_adaptive,69.5,0.0,0.12149393230855718
ergo_adaptive,69.58333333333337,0.0,0.1215497239012852
ergo_adaptive,69.66666666666663,0.0,0.12160681591606626
ergo_adaptive,69.75,0.0,0.12166856815540682
ergo_adaptive,69.83333333333337,0.0,0.12172866129841953
ergo_adaptive,69.91666666666663,0.0,0.12177925673613417
ergo_adaptive,70.0,0.0,0.12182693939293227
ergo_adaptive,70.08333333333337,0.0,0.12187809988790355
ergo_adaptive,70.16666666666663,0.0,0.12191744909896374
ergo_adaptive,70.25,0.0,0.12194690785555222
ergo_adaptive,70.33333333333337,0.0,0.12197496981257892
ergo_adaptive,70.41666666666663,0.0,0.1220083866353402
ergo_adaptive,70.5,0.0,0.12204144367404732
ergo_adaptive,70.58333333333337,0.0,0.12206880883910873
ergo_adaptive,70.66666666666663,0.0,0.12209342204254663
ergo_adaptive,70.75,0.0,0.12212105234928736
ergo_adaptive,70.83333333333337,0.0,0.12215064146545203
ergo_adaptive,70.91666666666663,0.0,0.12217480382347327
ergo_adaptive,71.0,0.0,0.12219441515591017
ergo_adaptive,71.08333333333337,0.0,0.12221706206871306
ergo_adaptive,71.16666666666663,0.0,0.12224577658854972
ergo_adaptive,71.25,0.0,0.12226536774887577
ergo_adaptive,71.33333333333337,0.0,0.12227632924541992
ergo_adaptive,71.41666666666663,0.0,0.12228986539378307
ergo_adaptive,71.5,0.0,0.12231454249636896
ergo_adaptive,71.58333333333337,0.0,0.12233545774012373
ergo_adaptive,71.66666666666663,0.0,0.1223456712149491
ergo_adaptive,71.75,0.0,0.12235256096984855
ergo_adaptive,71.83333333333337,0.0,0.12236313905870796
ergo_adaptive,71.91666666666663,0.0,0.12237281291224089
ergo_adaptive,72.0,0.0,0.12237600511324048
ergo_adaptive,72.08333333333337,0.0,0.1223766801388607
ergo_adaptive,72.16666666666663,0.0,0.12237417262284608
ergo_adaptive,72.25,0.0,0.12236607853604714
ergo_adaptive,72.33333333333337,0.0,0.12234920177335405
ergo_adaptive,72.41666666666663,0.0,0.12231976317736865
ergo_adaptive,72.5,0.0,0.12227187940599486
ergo_adaptive,72.58333333333337,0.0,0.12220343341157709
ergo_adaptive,72.66666666666663,0.0,0.12211794015267538
ergo_adaptive,72.75,0.0,0.12202418759110725
ergo_adaptive,72.83333333333337,0.0,0.12192676080912192
ergo_adaptive,72.91666666666663,0.0,0.12181634157555642
ergo_adaptive,73.0,0.0,0.12168503250994406
ergo_adaptive,73.08333333333337,0.0,0.1215411360181972
ergo_adaptive,73.16666666666663,0.0,0.12139506863452777
ergo_adaptive,73.25,0.0,0.12124053320431498
ergo_adaptive,73.33333333333337,0.0,0.1210652521561525
ergo_adaptive,73.41666666666663,0.0,0.12087251578733574
ergo_adaptive,73.5,0.0,0.12067667545944487
ergo_adaptive,73.58333333333337,0.0,0.12047967652223973
ergo_adaptive,73.66666666666663,0.0,0.120264047389035
ergo_adaptive,73.75,0.0,0.12002191670440432
ergo_adaptive,73.83333333333337,0.0,0.11977372405662383
ergo_adaptive,73.91666666666663,0.0,0.11954205878978377
ergo_adaptive,74.0,0.0,0.11929608923663138
ergo_adaptive,74.08333333333337,0.0,0.11899632423295006
ergo_adaptive,74.16666666666663,0.0,0.11867222124665203
ergo_adaptive,74.25,0.0,0.1183833514552794
ergo_adaptive,74.33333333333337,0.0,0.11810973537120584
ergo_adaptive,74.41666666666663,0.0,0.11774653502535845
ergo_adaptive,74.5,0.0,0.11732800144215923
ergo_adaptive,74.58333333333337,0.0,0.1169219459050496
ergo_adaptive,74.66666666666663,0.0,0.11654112094060165
ergo_adaptive,74.75,0.0,0.11612808524800941
ergo_adaptive,74.83333333333337,0.0,0.11566456391117658
ergo_adaptive,74.91666666666663,0.0,0.1151863154595913
ergo_adaptive,75.0,0.0,0.11472253063853756
ergo_adaptive,75.08333333333337,0.0,0.11425776900324065
ergo_adaptive,75.16666666666663,0.0,0.11376291593939303
ergo_adaptive,75.25,0.0,0.1132440796547217
ergo_adaptive,75.33333333333337,0.0,0.11273956029016337
ergo_adaptive,75.41666666666663,0.0,0.11226535209127755
ergo_adaptive,75.5,0.0,0.11177825230935613
ergo_adaptive,75.58333333333337,0.0,0.11125383712681933
ergo_adaptive,75.66666666666663,0.0,0.11073558413253638
ergo_adaptive,75.75,0.0,0.11029077199492068
ergo_adaptive,75.83333333333337,0.0,0.10985884880193415
ergo_adaptive,75.91666666666663,6.87155494497431e-6,0.10933504542814496
ergo_adaptive,76.0,0.0,0.10877884589011008
ergo_adaptive,76.08333333333337,3.4557721412568234e-5,0.10827673246834697
ergo_adaptive,76.16666666666663,0.0,0.1078163521093135
ergo_adaptive,76.25,0.0,0.10732416354959355
ergo_adaptive,76.33333333333337,0.0,0.10678995887312955
ergo_adaptive,76.41666666666663,0.0,0.10627369462249427
ergo_adaptive,76.5,2.5845563891589033e-5,0.10580785963789856
ergo_adaptive,76.58333333333337,1.5222702380597358e-5,0.10535347548558992
ergo_adaptive,76.66666666666663,0.0001365608103314823,0.10487704654359223
ergo_adaptive,76.75,3.721672363426524e-6,0.10439454321511397
ergo_adaptive,76.83333333333337,1.1350913644677802e-5,0.10399475657201361
ergo_adaptive,76.91666666666663,0.00014429229530911393,0.1038014213874398
ergo_adaptive,77.0,0.00044795633148153325,0.1036150294387862
ergo_adaptive,77.08333333333337,0.00021386024295500642,0.10333846129625314
ergo_adaptive,77.16666666666663,0.0003209303653219251,0.10300968863532754
ergo_adaptive,77.25,8.526796527393898e-5,0.10267558257458895
ergo_adaptive,77.33333333333337,2.513530043981251e-5,0.10260205462853449
ergo_adaptive,77.41666666666663,5.7920778284906785e-5,0.10266057742535459
ergo_adaptive,77.5,3.268596562015887e-5,0.10276570313606004
ergo_adaptive,77.58333333333337,9.205085400570109e-6,0.10287694702463268
ergo_adaptive,77.66666666666663,0.0,0.10297222024694914
ergo_adaptive,77.75,0.0,0.10306368854557943
ergo_adaptive,77.83333333333337,0.0,0.10312753170510512
ergo_adaptive,77.91666666666663,0.0,0.1031255060120529
ergo_adaptive,78.0,0.0,0.10303177606811163
ergo_adaptive,78.08333333333337,1.1820451784758566e-6,0.10285187607347576
ergo_adaptive,78.16666666666663,1.821797654178971e-5,0.10281568931479428
ergo_adaptive,78.25,0.0001600106105201749,0.1028737555223676
ergo_adaptive,78.33333333333337,1.8058653926245e-5,0.1029078858275473
ergo_adaptive,78.41666666666663,0.0,0.10296788135418519
ergo_adaptive,78.5,0.0,0.10299904313446356
ergo_adaptive,78.58333333333337,0.0,0.10296092215346735
ergo_adaptive,78.66666666666663,0.0,0.1028400931814646
ergo_adaptive,78.75,0.00019781798513371178,0.10262298163021137
ergo_adaptive,78.83333333333337,0.0,0.10231023913756257
ergo_adaptive,78.91666666666663,0.00023787281931296434,0.10194976302392836
ergo_adaptive,79.0,4.1420722248925895e-5,0.10162043661060369
ergo_adaptive,79.08333333333337,2.4291404299595306e-5,0.10150031477639797
ergo_adaptive,79.16666666666663,0.00012394578323356514,0.10150598738349777
ergo_adaptive,79.25,0.000155478244487885,0.10150664928911741
ergo_adaptive,79.33333333333337,0.00020033370814130825,0.10144238671251983
ergo_adaptive,79.41666666666663,0.0006887830454442224,0.1012738557497966
ergo_adaptive,79.5,0.0011305887358806705,0.10101792423307568
ergo_adaptive,79.58333333333337,0.00037395982235199796,0.10074967389764215
ergo_adaptive,79.66666666666663,0.00011915408230996724,0.10064104064262103
ergo_adaptive,79.75,0.00019332541314222133,0.10067439038246928
ergo_adaptive,79.83333333333337,0.00024001548442011386,0.10076065195970271
ergo_adaptive,79.91666666666663,0.00031838487681354674,0.10085111505801934
ergo_adaptive,80.0,0.0005218374657877653,0.1009250241426406
ergo_adaptive,80.08333333333337,0.0006643278824571938,0.10101438265005559
ergo_adaptive,80.16666666666663,0.0009455266485292172,0.10109450140366981
ergo_adaptive,80.25,0.00024323002645400377,0.10117498092002532
ergo_adaptive,80.33333333333337,0.0004077161755587024,0.10127498329618438
ergo_adaptive,80.41666666666663,0.0004469392870829062,0.10138564513294351
ergo_adaptive,80.5,0.0005100401814585314,0.10148512410490913
ergo_adaptive,80.58333333333337,0.001201693289498202,0.1015419755670551
ergo_adaptive,80.66666666666663,0.0009505250280861089,0.10161255553195372
ergo_adaptive,80.75,0.0013811777551736278,0.10166435222595276
ergo_adaptive,80.83333333333337,0.0011833713608618728,0.10175484967732568
ergo_adaptive,80.91666666666663,0.0012940018421199804,0.1018314797015342
ergo_adaptive,81.0,0.001523835203975824,0.10192807051901655
ergo_adaptive,81.08333333333337,0.000742205154264044,0.10201849482087305
ergo_adaptive,81.16666666666663,0.000861199033014333,0.10210183108913949
ergo_adaptive,81.25,0.0006363546217722279,0.10215131705387345
ergo_adaptive,81.33333333333337,0.0003211987725697121,0.10215963594250554
ergo_adaptive,81.41666666666663,0.00010649501065164178,0.10218546977535735
ergo_adaptive,81.5,0.0004944058357722117,0.1022166121635039
ergo_adaptive,81.58333333333337,0.0002767794391159874,0.10226581462106436
ergo_adaptive,81.66666666666663,0.00016787517413327364,0.10232274892568848
ergo_adaptive,81.75,0.0002460488502136941,0.10236637669486857
ergo_adaptive,81.83333333333337,0.00027518752272841836,0.10242331100376013
ergo_adaptive,81.91666666666663,0.00024974444226985793,0.10248321201848164
ergo_adaptive,82.0,0.00011259814285041449,0.10254043888048943
ergo_adaptive,82.08333333333337,4.188212484789279e-5,0.10257513995978389
ergo_adaptive,82.16666666666663,0.0,0.1026033906469572
ergo_adaptive,82.25,0.0,0.10261616192842683
ergo_adaptive,82.33333333333337,9.543815854954228e-6,0.10258076809785839
ergo_adaptive,82.41666666666663,0.0,0.10256152831053444
ergo_adaptive,82.5,2.0257108728220332e-5,0.10252930882696107
ergo_adaptive,82.58333333333337,0.0,0.10253208938967352
ergo_adaptive,82.66666666666663,0.0,0.10252940102900421
ergo_adaptive,82.75,2.7829275712603854e-6,0.10247943972473172
ergo_adaptive,82.83333333333337,0.0,0.102500371043719
ergo_adaptive,82.91666666666663,2.2424974458065777e-5,0.10249752208470639
ergo_adaptive,83.0,5.557374754042642e-5,0.10253788522961871
ergo_adaptive,83.08333333333337,1.6809840209880303e-5,0.10260874168167389
ergo_adaptive,83.16666666666663,0.00016145475254392206,0.1026798734946672
ergo_adaptive,83.25,3.959439382707046e-5,0.10275293006052592
ergo_adaptive,83.33333333333337,0.0003842034869762364,0.10281052291011156
ergo_adaptive,83.41666666666663,0.0003983192003817609,0.10288303613571179
ergo_adaptive,83.5,0.0001390940469967034,0.10296254708703585
ergo_adaptive,83.58333333333337,6.878348159100126e-6,0.1030199791495781
ergo_adaptive,83.66666666666663,0.0,0.10302251662704315
ergo_adaptive,83.75,0.0,0.10303578672066986
ergo_adaptive,83.83333333333337,7.944942982354072e-7,0.10305606638968809
ergo_adaptive,83.91666666666663,0.0,0.10302349273141763
ergo_adaptive,84.0,0.0,0.10295747558211994
ergo_adaptive,84.08333333333337,5.8938004688882885e-5,0.1028440742622159
ergo_adaptive,84.16666666666663,0.0,0.10267926088339427
ergo_adaptive,84.25,0.0,0.10254262110853225
ergo_adaptive,84.33333333333337,0.0,0.1023391659473645
ergo_adaptive,84.41666666666663,0.0,0.1020444471495994
ergo_adaptive,84.5,0.0,0.10171387984123907
ergo_adaptive,84.58333333333337,7.579724906883971e-5,0.10138764949843608
ergo_adaptive,84.66666666666663,0.0003440081719127731,0.10130493936074786
ergo_adaptive,84.75,0.0005218314937428493,0.10120876997169345
ergo_adaptive,84.83333333333337,0.0004265491553386612,0.10102217279492232
ergo_adaptive,84.91666666666663,0.0006190926105928137,0.10093354978525308
ergo_adaptive,85.0,0.000562051120662437,0.10084946939613683
ergo_adaptive,85.08333333333337,0.0009496231592991058,0.1008538471232676
ergo_adaptive,85.16666666666663,0.0018065529375382917,0.10085341077767182
ergo_adaptive,85.25,0.0006818906220801066,0.10078970104320942
ergo_adaptive,85.33333333333337,0.0005949959386528476,0.1007836714838426
ergo_adaptive,85.41666666666663,0.000622715864998003,0.10082662216909344
ergo_adaptive,85.5,0.0007277436166408045,0.10088926504484469
ergo_adaptive,85.58333333333337,0.0004612233231950516,0.10094932246550666
ergo_adaptive,85.66666666666663,0.00047032161033919937,0.10100175458664877
ergo_adaptive,85.75,0.0011335061489300643,0.10104270952932633
ergo_adaptive,85.83333333333337,0.0007223105326026686,0.10109354566036097
ergo_adaptive,85.91666666666663,0.0005271143576857488,0.1011611818650467
ergo_adaptive,86.0,0.00046923611220356295,0.1012516248310484
ergo_adaptive,86.08333333333337,7.229991892706645e-5,0.10133624321050037
ergo_adaptive,86.16666666666663,5.2942055043914484e-5,0.10141910328702962
ergo_adaptive,86.25,0.00010386648009352799,0.10145691606932614
ergo_adaptive,86.33333333333337,0.0002615917355965683,0.10148198455959306
ergo_adaptive,86.41666666666663,0.00048552962866160504,0.10149893510087103
ergo_adaptive,86.5,0.00035209289026936894,0.10147165039095647
ergo_adaptive,86.58333333333337,0.00019753997240017502,0.10147698651810438
ergo_adaptive,86.66666666666663,0.0004347146084015177,0.10150788193714022
ergo_adaptive,86.75,0.0007486919955049205,0.10156484556420065
ergo_adaptive,86.83333333333337,0.0008482612274599287,0.10162092933717125
ergo_adaptive,86.91666666666663,0.0009391336157620549,0.10166283193958145
ergo_adaptive,87.0,0.00092275225265343,0.10172389110709885
ergo_adaptive,87.08333333333337,0.0009840583653473105,0.10176502590470662
ergo_adaptive,87.16666666666663,0.0011124925844024245,0.10182080595278799
ergo_adaptive,87.25,0.0005158349677133675,0.10186189741685259
ergo_adaptive,87.33333333333337,0.00042951694318144886,0.10193785018863281
ergo_adaptive,87.41666666666663,0.0003396069512882257,0.1020225332677163
ergo_adaptive,87.5,0.000447737587389941,0.10209345155569052
ergo_adaptive,87.58333333333337,0.00020428131385433445,0.10215290074969226
ergo_adaptive,87.66666666666663,2.3212845180468937e-5,0.10217947062163474
ergo_adaptive,87.75,0.0,0.10214835837299552
ergo_adaptive,87.83333333333337,0.00021161222223359854,0.10214861001261995
ergo_adaptive,87.91666666666663,9.360045052625024e-5,0.10214008138506885
ergo_adaptive,88.0,1.7284088301774332e-5,0.10208009961031848
ergo_adaptive,88.08333333333337,4.5677800647224155e-5,0.10197812826639446
ergo_adaptive,88.16666666666663,3.173966250309057e-5,0.10186090762533956
ergo_adaptive,88.25,6.3400038561662275e-6,0.10168048714873157
ergo_adaptive,88.33333333333337,1.6579744449678055e-5,0.1014297129823153
ergo_adaptive,88.41666666666663,3.6552624962870907e-6,0.10137419957552767
ergo_adaptive,88.5,1.9112800563280275e-5,0.10131650418183699
ergo_adaptive,88.58333333333337,7.053782307920151e-5,0.10130068499120201
ergo_adaptive,88.66666666666663,2.9918528249892257e-6,0.10134321333852102
ergo_adaptive,88.75,0.0,0.1013822515232481
ergo_adaptive,88.83333333333337,3.250340429715421e-6,0.10145639518815615
ergo_adaptive,88.91666666666663,8.046842624852416e-5,0.101465105178459
ergo_adaptive,89.0,0.0,0.1013450691517834
ergo_adaptive,89.08333333333337,0.0,0.10117324228717542
ergo_adaptive,89.16666666666663,2.383328374830004e-6,0.10094193853918648
ergo_adaptive,89.25,0.0001899911175063744,0.10089306606300627
ergo_adaptive,89.33333333333337,0.0002772805800746653,0.10082655931330001
ergo_adaptive,89.41666666666663,0.0002450090921383751,0.10067440965712816
ergo_adaptive,89.5,0.00036540178849850814,0.100469935712174
ergo_adaptive,89.58333333333337,0.00018346633331847245,0.10023532822495729
ergo_adaptive,89.66666666666663,0.0001725247840196389,0.1001900760259875
ergo_adaptive,89.75,0.00040408941038577284,0.10025073504004485
ergo_adaptive,89.83333333333337,0.00019302012474064207,0.10033662246430154
ergo_adaptive,89.91666666666663,9.500292106278452e-5,0.10040570248588213
ergo_adaptive,90.0,0.00023360433841576874,0.10045382122836445
ergo_adaptive,90.08333333333337,0.0007931437771506879,0.10052313799778513
ergo_adaptive,90.16666666666663,0.0009956909472645299,0.10057666293404807
ergo_adaptive,90.25,0.0009741742796221915,0.10064653641958042
ergo_adaptive,90.33333333333337,0.0007841369630660394,0.10072152212847711
ergo_adaptive,90.41666666666663,0.00033961305811043276,0.10079520214632548
ergo_adaptive,90.5,0.00016769774172029796,0.10086412481413205
ergo_adaptive,90.58333333333337,0.00010094708664858789,0.10093522691775286
ergo_adaptive,90.66666666666663,0.0,0.10100662986571114
ergo_adaptive,90.75,0.0,0.10106849725376038
ergo_adaptive,90.83333333333337,0.0,0.10109415062784871
ergo_adaptive,90.91666666666663,0.0,0.10108457506415207
ergo_adaptive,91.0,0.0,0.10105110091255745
ergo_adaptive,91.08333333333337,0.0,0.10086718122849433
ergo_adaptive,91.16666666666663,0.0,0.10050563099414768
ergo_adaptive,91.25,0.0013418030060978925,0.10007487261733754
ergo_adaptive,91.33333333333337,0.0007412208734187715,0.09970288936588802
ergo_adaptive,91.41666666666663,0.0003506920673403849,0.0993532300463239
ergo_adaptive,91.5,0.0009436794560744545,0.09896840082275891
ergo_adaptive,91.58333333333337,0.0019189916154932502,0.09852582363867833
ergo_adaptive,91.66666666666663,0.0007997256643975425,0.09809223448021072
ergo_adaptive,91.75,0.00042417732304690387,0.09787112388627534
ergo_adaptive,91.83333333333337,0.0003686858906049481,0.09780632079137996
ergo_adaptive,91.91666666666663,0.00037513681892730496,0.09784176673291302
ergo_adaptive,92.0,0.0003110927416102452,0.09794895329779296
ergo_adaptive,92.08333333333337,0.0004050283935964312,0.0980477062732789
ergo_adaptive,92.16666666666663,0.00036550625883119506,0.09814155200149753
ergo_adaptive,92.25,0.0005693796709606318,0.09822045412982279
ergo_adaptive,92.33333333333337,0.00027113056900391117,0.0983177788296236
ergo_adaptive,92.41666666666663,0.00028346908494608457,0.09840828227504936
ergo_adaptive,92.5,0.0007911028513121937,0.09848792151863713
ergo_adaptive,92.58333333333337,0.0009682245503107885,0.09856954759291807
ergo_adaptive,92.66666666666663,0.0006703429564716394,0.09865319518693978
ergo_adaptive,92.75,0.00026315767294443095,0.09873397683713525
ergo_adaptive,92.83333333333337,0.0001291110290422146,0.09880016609289964
ergo_adaptive,92.91666666666663,0.00019409954051178885,0.09885365687508182
ergo_adaptive,93.0,5.488717991414127e-5,0.0989199533944496
ergo_adaptive,93.08333333333337,0.00014453184500164235,0.09893305512955491
ergo_adaptive,93.16666666666663,7.99383912948201e-5,0.09896821785332176
ergo_adaptive,93.25,4.274605185441863e-6,0.09901585555744745
ergo_adaptive,93.33333333333337,1.9142062195521944e-5,0.09899457727398155
ergo_adaptive,93.41666666666663,6.837059929255922e-5,0.09889470012748092
ergo_adaptive,93.5,9.489497458140176e-5,0.0987465297001449
ergo_adaptive,93.58333333333337,0.0003146180231099544,0.09872841051363856
ergo_adaptive,93.66666666666663,0.00027160304208813987,0.09870335080633551
ergo_adaptive,93.75,0.00014197292458519375,0.09871732138800687
ergo_adaptive,93.83333333333337,0.0004171621138810405,0.0987534478173379
ergo_adaptive,93.91666666666663,0.000529948277668741,0.09880147439627415
ergo_adaptive,94.0,0.0009817592104096108,0.0988490854888271
ergo_adaptive,94.08333333333337,0.0009618564934611573,0.0989014636286065
ergo_adaptive,94.16666666666663,0.0008992605146572958,0.09895148911155564
ergo_adaptive,94.25,0.0008604345677585197,0.09900329560481386
ergo_adaptive,94.33333333333337,0.0014088198643358466,0.09905805157352261
ergo_adaptive,94.41666666666663,0.0022782805583697347,0.09910998008285728
ergo_adaptive,94.5,0.0014984710044459997,0.09916037505033291
ergo_adaptive,94.58333333333337,0.001572362335603913,0.09921610207307677
ergo_adaptive,94.66666666666663,0.0011634539708593936,0.09926155785682798
ergo_adaptive,94.75,0.0017637068267720732,0.09930582389116853
ergo_adaptive,94.83333333333337,0.0012570007270189419,0.09935061004190784
ergo_adaptive,94.91666666666663,0.0004791924550306044,0.09939942822364131
ergo_adaptive,95.0,0.000969513797881035,0.09944273148954622
ergo_adaptive,95.08333333333337,0.00047805973231890574,0.09943729149000755
ergo_adaptive,95.16666666666663,0.0002409367464839786,0.09945966217894238
ergo_adaptive,95.25,0.0006051838613350934,0.09949997352200325
ergo_adaptive,95.33333333333337,0.00047556770152566653,0.09952829391799035
ergo_adaptive,95.41666666666663,0.0007392458103353625,0.09955668104486054
ergo_adaptive,95.5,0.00036128390389269615,0.09960459895286423
ergo_adaptive,95.58333333333337,6.645246009794944e-5,0.09964618598968378
ergo_adaptive,95.66666666666663,5.7019734575713595e-5,0.099698690336765
ergo_adaptive,95.75,2.9590682667405508e-5,0.09966797212185723
ergo_adaptive,95.83333333333337,6.350311275135589e-5,0.09958808448625396
ergo_adaptive,95.91666666666663,5.415129780637871e-6,0.09959399394379578
ergo_adaptive,96.0,1.025213543846514e-5,0.09961481371935163
ergo_adaptive,96.08333333333337,2.6743634248070806e-5,0.09963956366795218
ergo_adaptive,96.16666666666663,8.209067282537855e-5,0.09968654324289801
ergo_adaptive,96.25,3.889379200189216e-5,0.09975342326159295
ergo_adaptive,96.33333333333337,2.2030965854756702e-5,0.09981555846359415
ergo_adaptive,96.41666666666663,0.00011363888835373396,0.09982785877163092
ergo_adaptive,96.5,3.274302256989063e-5,0.09986343033205093
ergo_adaptive,96.58333333333337,0.0002102695084093708,0.0999169130517446
ergo_adaptive,96.66666666666663,0.00016973975137305137,0.09996372957764584
ergo_adaptive,96.75,7.956125998646086e-5,0.1000035820974388
ergo_adaptive,96.83333333333337,0.00021359076378809413,0.1000268096865429
ergo_adaptive,96.91666666666663,0.00017585686365132494,0.10006055902807745
ergo_adaptive,97.0,0.00041049871508599825,0.10008309332648088
ergo_adaptive,97.08333333333337,0.00040701261578903164,0.10012597447154953
ergo_adaptive,97.16666666666663,0.0002202904915681397,0.10016846837796642
ergo_adaptive,97.25,0.0001673190706901129,0.10021672139826063
ergo_adaptive,97.33333333333337,6.86080229835815e-5,0.10025028780876633
ergo_adaptive,97.41666666666663,0.000244818643208864,0.10024261937950087
ergo_adaptive,97.5,0.0005629473368889246,0.10026305791985363
ergo_adaptive,97.58333333333337,0.0004305442684435949,0.10012785202298291
ergo_adaptive,97.66666666666663,0.0005009356866581555,0.10006488559538439
ergo_adaptive,97.75,0.000696165525518857,0.09998595625579353
ergo_adaptive,97.83333333333337,0.0013915272390338752,0.09991050534326686
ergo_adaptive,97.91666666666663,0.002142919858951937,0.09972508897257158
ergo_adaptive,98.0,0.0014573012279699084,0.09947519774664834
ergo_adaptive,98.08333333333337,0.001009027682995988,0.09937890425686063
ergo_adaptive,98.16666666666663,0.0007647726246745862,0.09938252792449705
ergo_adaptive,98.25,0.001190416138312653,0.0994168733493078
ergo_adaptive,98.33333333333337,0.0006965106794103096,0.09944965877720172
ergo_adaptive,98.41666666666663,0.0007493101453185198,0.09952134772437983
ergo_adaptive,98.5,0.0005759560125676974,0.09957045215012986
ergo_adaptive,98.58333333333337,0.0010257916222252475,0.09963065932762073
ergo_adaptive,98.66666666666663,0.0011308855461700828,0.09965139832383758
ergo_adaptive,98.75,0.0016198789354954577,0.09967713701515643
ergo_adaptive,98.83333333333337,0.001585307141472754,0.09969951348444336
ergo_adaptive,98.91666666666663,0.001167132829591569,0.09973429062009816
ergo_adaptive,99.0,0.0005745578250075408,0.09977026218221959
ergo_adaptive,99.08333333333337,0.00033378311404652785,0.09982677297254634
ergo_adaptive,99.16666666666663,0.0005282004352810327,0.09987698955281449
ergo_adaptive,99.25,0.0015763589748484972,0.09991548964136202
ergo_adaptive,99.33333333333337,0.0009515853343291708,0.09996406791030141
ergo_adaptive,99.41666666666663,0.0008940040204291757,0.10000828897116615
ergo_adaptive,99.5,0.0017481800809617943,0.10003321888396577
ergo_adaptive,99.58333333333337,0.001349878801279383,0.10006215103223662
ergo_adaptive,99.66666666666663,0.00033130734952595747,0.10009118086695766
ergo_adaptive,99.75,0.00032910762036084134,0.10013441223231331
ergo_adaptive,99.83333333333337,0.00034830508229517565,0.1001910253704875
ergo_adaptive,99.91666666666663,0.00042860229261474357,0.10024729320239718
ergo_adaptive,100.0,0.0008589011344007184,0.1002985817911176
ergo_adaptive,100.08333333333337,0.0008678879432273523,0.10034922352223404
ergo_adaptive,100.16666666666663,0.0005827950885240361,0.10039400619836489
ergo_adaptive,100.25,0.0011109648124597413,0.10045127437310915
ergo_adaptive,100.33333333333337,0.000753841321285394,0.10051072829740067
ergo_adaptive,100.41666666666663,0.0008487397621161525,0.10055790356000668
ergo_adaptive,100.5,0.0007018667213807429,0.1006041783509351
ergo_adaptive,100.58333333333337,0.0010857080472871452,0.10065094870603743
ergo_adaptive,100.66666666666663,0.0017881806692411056,0.10062553119052704
ergo_adaptive,100.75,0.003204531211323947,0.1005862463399696
ergo_adaptive,100.83333333333337,0.0033018236511963696,0.10049193015223468
ergo_adaptive,100.91666666666663,0.0037017894615962695,0.10035122544780628
ergo_adaptive,101.0,0.0019399674407316488,0.10009160017269125
ergo_adaptive,101.08333333333337,0.0014838865263012498,0.09999651250076559
ergo_adaptive,101.16666666666663,0.001757610507799821,0.09999536780418104
ergo_adaptive,101.25,0.0012738398093028148,0.10000749367623109
ergo_adaptive,101.33333333333337,0.0017559275251079086,0.10001905470962381
ergo_adaptive,101.41666666666663,0.0015584732255329691,0.10000988113235279
ergo_adaptive,101.5,0.001489406239013111,0.09997951144200515
ergo_adaptive,101.58333333333337,0.0027471964858325724,0.09992808704814606
ergo_adaptive,101.66666666666663,0.002274355661236703,0.09983586993720352
ergo_adaptive,101.75,0.0017888451529763064,0.09972361752289614
ergo_adaptive,101.83333333333337,0.0011914273936504821,0.09971945254281041
ergo_adaptive,101.91666666666663,9.063461828358741e-5,0.09978433783374296
ergo_adaptive,102.0,5.646655121412945e-5,0.0998796867293832
ergo_adaptive,102.08333333333337,1.4814934740306099e-5,0.09997678638463128
ergo_adaptive,102.16666666666663,0.0,0.10004203831086099
ergo_adaptive,102.25,0.00013478540524944536,0.10007135926923179
ergo_adaptive,102.33333333333337,0.0002930557969193154,0.10009553746133092
ergo_adaptive,102.41666666666663,0.000688645093906302,0.10015120723353081
ergo_adaptive,102.5,0.0018179286323404468,0.10020543210002629
ergo_adaptive,102.58333333333337,0.0013520567319564008,0.10025653572337369
ergo_adaptive,102.66666666666663,0.0010980748635175687,0.10031154493110361
ergo_adaptive,102.75,0.0011604875664435082,0.10036834856383649
ergo_adaptive,102.83333333333337,0.0005665771515110207,0.10042158720632334
ergo_adaptive,102.91666666666663,0.0005045979149298502,0.10046855606787158
ergo_adaptive,103.0,0.0005741326027118172,0.1005142344862489
ergo_adaptive,103.08333333333337,0.0006973568738648236,0.10054634353284161
ergo_adaptive,103.16666666666663,0.000986891697335107,0.10059561153279041
ergo_adaptive,103.25,0.0014212787593694454,0.10063424651772734
ergo_adaptive,103.33333333333337,0.0014463170428979826,0.1006770556814547
ergo_adaptive,103.41666666666663,0.0012282358789683725,0.10071527411204693
ergo_adaptive,103.5,0.0006384662648960709,0.10076183230492257
ergo_adaptive,103.58333333333337,0.00019425145543862499,0.10078644953928441
ergo_adaptive,103.66666666666663,8.975266348930805e-5,0.10080334489921967
ergo_adaptive,103.75,6.78768753291959e-5,0.10079297046864855
ergo_adaptive,103.83333333333337,0.0003009182167292533,0.10080110218598247
ergo_adaptive,103.91666666666663,6.999883476461258e-5,0.10083067197272665
ergo_adaptive,104.0,0.0,0.10086890028242124
ergo_adaptive,104.08333333333337,7.082140198969809e-6,0.10088570677118407
ergo_adaptive,104.16666666666663,5.414474807664146e-6,0.10086878318295397
ergo_adaptive,104.25,1.1873614953324236e-6,0.10087948400528382
ergo_adaptive,104.33333333333337,5.2908179850829605e-5,0.100900382441011
ergo_adaptive,104.41666666666663,0.00016794944451704134,0.10094269648892146
ergo_adaptive,104.5,0.000685166006635305,0.10098097240386661
ergo_adaptive,104.58333333333337,0.0004743855171697009,0.10099673819040358
ergo_adaptive,104.66666666666663,0.000521848076688561,0.10103761157428517
ergo_adaptive,104.75,0.00047721628596945323,0.10107239674279768
ergo_adaptive,104.83333333333337,0.0004390958923548053,0.10111614323682226
ergo_adaptive,104.91666666666663,0.0,0.10115477764304823
ergo_adaptive,105.0,0.0,0.10119944551230348
ergo_adaptive,105.08333333333337,0.0,0.10122075375148787
ergo_adaptive,105.16666666666663,0.0,0.10110560962231441
ergo_adaptive,105.25,1.700535540521761e-5,0.10076187517489579
ergo_adaptive,105.33333333333337,0.000977341394553282,0.10043300696752024
ergo_adaptive,105.41666666666663,0.0009237338450309992,0.1000621696451435
ergo_adaptive,105.5,0.0011767301332372385,0.09966043465792564
ergo_adaptive,105.58333333333337,0.0008286036395203975,0.0992663791525448
ergo_adaptive,105.66666666666663,0.00036913472663373123,0.09895164208690063
ergo_adaptive,105.75,0.0008743886198991527,0.09885278758256037
ergo_adaptive,105.83333333333337,0.00044264386240921977,0.0988345033401252
ergo_adaptive,105.91666666666663,0.0002237096131492048,0.09887553566854701
ergo_adaptive,106.0,0.00018222885440342813,0.09887409574034765
ergo_adaptive,106.08333333333337,0.0003631381860445068,0.0988155774077088
ergo_adaptive,106.16666666666663,0.000554144223446345,0.09871685178302596
ergo_adaptive,106.25,0.00015327968438619237,0.09856444123241095
ergo_adaptive,106.33333333333337,0.00041837615064986106,0.09838371133030639
ergo_adaptive,106.41666666666663,0.00081447200193702,0.09818868023658622
ergo_adaptive,106.5,0.0015520257169515236,0.09802292377163213
ergo_adaptive,106.58333333333337,0.0006529877784097454,0.09790375640601022
ergo_adaptive,106.66666666666663,0.0011102369801635763,0.09781118200971486
ergo_adaptive,106.75,0.00043258154986094727,0.09771218550647916
ergo_adaptive,106.83333333333337,0.00012727565833671738,0.09774285949341745
ergo_adaptive,106.91666666666663,0.0001427351280797908,0.09783017548638291
ergo_adaptive,107.0,0.0001049485475024296,0.09791737293306113
ergo_adaptive,107.08333333333337,0.00012220517680740472,0.09795361862043302
ergo_adaptive,107.16666666666663,0.00015491260943313885,0.09788385665186569
ergo_adaptive,107.25,7.797877192653457e-6,0.0977074135267472
ergo_adaptive,107.33333333333337,5.796635872126239e-6,0.09759938803685403
ergo_adaptive,107.41666666666663,1.1672473562855377e-5,0.0976337160795921
ergo_adaptive,107.5,5.710719396159154e-6,0.09768180638555607
ergo_adaptive,107.58333333333337,6.622258683552808e-6,0.09775903994952026
ergo_adaptive,107.66666666666663,4.912987048036214e-6,0.09784015687407129
ergo_adaptive,107.75,0.0,0.0979073683101777
ergo_adaptive,107.83333333333337,0.0,0.09800178373857338
ergo_adaptive,107.91666666666663,0.0,0.09808129183199224
ergo_adaptive,108.0,0.0,0.09810912771757867
ergo_adaptive,108.08333333333337,0.0,0.09805374521016709
ergo_adaptive,108.16666666666663,1.5141989027720557e-7,0.09789597526007975
ergo_adaptive,108.25,3.3532515032468217e-6,0.09788513439014206
ergo_adaptive,108.33333333333337,4.301489857569342e-6,0.09795427454282593
ergo_adaptive,108.41666666666663,1.2866014531268409e-5,0.09802911834100093
ergo_adaptive,108.5,9.374298739081177e-7,0.09808317164682939
ergo_adaptive,108.58333333333337,2.1121648768862353e-6,0.09810620679986833
ergo_adaptive,108.66666666666663,5.898458681216718e-7,0.09815565948750718
ergo_adaptive,108.75,0.0,0.09821098754426645
ergo_adaptive,108.83333333333337,1.8820053014555778e-5,0.09827739206194044
ergo_adaptive,108.91666666666663,0.0,0.09833875950666297
ergo_adaptive,109.0,0.0,0.0983922704580115
ergo_adaptive,109.08333333333337,4.255494964564224e-5,0.09840484981429527
ergo_adaptive,109.16666666666663,0.00010208156336686443,0.09834318530188488
ergo_adaptive,109.25,4.219609843776692e-5,0.09819378199185214
ergo_adaptive,109.33333333333337,8.338484490987602e-5,0.09799955043741641
ergo_adaptive,109.41666666666663,0.00019421265729158076,0.09792429725480889
ergo_adaptive,109.5,5.300008959089822e-5,0.09786183681682187
ergo_adaptive,109.58333333333337,1.3002604916027634e-5,0.09790077779874638
ergo_adaptive,109.66666666666663,9.194578227031728e-6,0.09800710318413722
ergo_adaptive,109.75,3.4931740622073795e-6,0.09812384090847749
ergo_adaptive,109.83333333333337,0.0,0.09819095086611382
ergo_adaptive,109.91666666666663,0.0,0.09828051535773949
ergo_adaptive,110.0,0.0,0.09835964062608844
ergo_adaptive,110.08333333333337,0.0,0.09835418587831948
ergo_adaptive,110.16666666666663,0.0,0.0982412131922904
ergo_adaptive,110.25,0.0,0.09804436257708674
ergo_adaptive,110.33333333333337,0.0,0.0977994772520092
ergo_adaptive,110.41666666666663,0.0,0.09752171799801673
ergo_adaptive,110.5,0.0,0.09721330345339324
ergo_adaptive,110.58333333333337,0.00017846986529819128,0.09689455684834476
ergo_adaptive,110.66666666666663,0.0002465508611670108,0.09661057468529059
ergo_adaptive,110.75,0.0001537391994256881,0.09646055435669693
ergo_adaptive,110.83333333333337,5.963626884555426e-5,0.09649186630308622
ergo_adaptive,110.91666666666663,0.0001333458379772891,0.09655816605554184
ergo_adaptive,111.0,3.7618930610033076e-5,0.09658761665453039
ergo_adaptive,111.08333333333337,0.00013726728486605904,0.09666380562520559
ergo_adaptive,111.16666666666663,0.00019372048810983132,0.09673449607511521
ergo_adaptive,111.25,0.00021321773776862373,0.09676977915479326
ergo_adaptive,111.33333333333337,0.00013697797219445795,0.09682004250190347
ergo_adaptive,111.41666666666663,0.00013014077503972096,0.09689719144345264
ergo_adaptive,111.5,0.00012389552602707935,0.09695474786018925
ergo_adaptive,111.58333333333337,0.00021819305514137109,0.09694979489145612
ergo_adaptive,111.66666666666663,0.0002484400404657318,0.09687404661793382
ergo_adaptive,111.75,0.00037348452359943377,0.09673213495428232
ergo_adaptive,111.83333333333337,0.0004284807121547043,0.09654023373658795
ergo_adaptive,111.91666666666663,0.0004079964703274243,0.0963711642695551
ergo_adaptive,112.0,0.0001443841806801924,0.09632681644174193
ergo_adaptive,112.08333333333337,8.718315052497598e-5,0.09639094957099817
ergo_adaptive,112.16666666666663,0.0001170704518556311,0.0965122245498251
ergo_adaptive,112.25,5.97381968347674e-5,0.0966338818297667
ergo_adaptive,112.33333333333337,3.953320257516794e-5,0.09670789677458903
ergo_adaptive,112.41666666666663,2.573424218443908e-5,0.0967211357389046
ergo_adaptive,112.5,1.633999634133843e-5,0.09668752379466734
ergo_adaptive,112.58333333333337,1.1157429063941853e-5,0.09660159697600183
ergo_adaptive,112.66666666666663,0.0,0.09647351826831947
ergo_adaptive,112.75,7.108897126117279e-6,0.09632859386717697
ergo_adaptive,112.83333333333337,2.8919946332830104e-5,0.09627720664575502
ergo_adaptive,112.91666666666663,2.7349871151244212e-5,0.09630610749479937
ergo_adaptive,113.0,4.3043726675847284e-5,0.09637452244575782
ergo_adaptive,113.08333333333337,3.5524325357058547e-7,0.09643163940739785
ergo_adaptive,113.16666666666663,0.0,0.09652717322886847
ergo_adaptive,113.25,8.035561565190615e-6,0.09663211290519445
ergo_adaptive,113.33333333333337,0.0,0.09672702071038262
ergo_adaptive,113.41666666666663,2.5075816248697288e-5,0.0968199073705147
ergo_adaptive,113.5,2.3060416586369543e-5,0.09689743036183542
ergo_adaptive,113.58333333333337,0.0,0.0969405155786601
ergo_adaptive,113.66666666666663,0.0,0.0970000589705111
ergo_adaptive,113.75,0.0,0.09705616236859335
ergo_adaptive,113.83333333333337,0.0,0.09702028051249621
ergo_adaptive,113.91666666666663,0.0,0.09685104071229568
ergo_adaptive,114.0,5.82205575063603e-5,0.09661402759305746
ergo_adaptive,114.08333333333337,3.480821910505401e-6,0.09638437175230914
ergo_adaptive,114.16666666666663,6.60389842011395e-5,0.09627915121149153
ergo_adaptive,114.25,2.53518599979435e-5,0.09616314580925774
ergo_adaptive,114.33333333333337,2.9103317295558665e-5,0.09617897752820379
ergo_adaptive,114.41666666666663,0.00013300951812652564,0.09622612992930367
ergo_adaptive,114.5,1.5994377943728596e-5,0.09625605192592712
ergo_adaptive,114.58333333333337,8.727097916042259e-5,0.09631812596346104
ergo_adaptive,114.66666666666663,0.0001527758324311983,0.09639628509970738
ergo_adaptive,114.75,0.00012906154598125953,0.09646709182482727
ergo_adaptive,114.83333333333337,0.0001537661947907661,0.0965359757178714
ergo_adaptive,114.91666666666663,3.0318270023824372e-5,0.09659757035376004
ergo_adaptive,115.0,0.0002966676265152761,0.09666315433582036
ergo_adaptive,115.08333333333337,7.62793519064963e-5,0.09672334384988875
ergo_adaptive,115.16666666666663,7.893898609802461e-9,0.09678452491044646
ergo_adaptive,115.25,5.3112259215250904e-5,0.09682334368490382
ergo_adaptive,115.33333333333337,2.4717128880268248e-5,0.0968143979788824
ergo_adaptive,115.41666666666663,6.702672332428607e-5,0.09684704565665476
ergo_adaptive,115.5,1.8938116871929324e-5,0.09689624901189361
ergo_adaptive,115.58333333333337,2.676315554195134e-7,0.09694405402784051
ergo_adaptive,115.66666666666663,0.0,0.09700568639742913
ergo_adaptive,115.75,0.0,0.09705705977303959
ergo_adaptive,115.83333333333337,0.0,0.09706135818079215
ergo_adaptive,115.91666666666663,0.0,0.09699019129885048
ergo_adaptive,116.0,0.0,0.0968604488589636
ergo_adaptive,116.08333333333337,0.0,0.09672718095079813
ergo_adaptive,116.16666666666663,0.0,0.09662546452588776
ergo_adaptive,116.25,2.4462218101148277e-5,0.0965334481844101
ergo_adaptive,116.33333333333337,5.427105361743336e-6,0.09657982356899418
ergo_adaptive,116.41666666666663,2.2897195472088278e-5,0.09668985769662582
ergo_adaptive,116.5,4.903136727370937e-5,0.09680597483395775
ergo_adaptive,116.58333333333337,0.0003356592274380021,0.09689921571957998
ergo_adaptive,116.66666666666663,0.0001931271526971057,0.0969552578644794
ergo_adaptive,116.75,0.0004969783357945916,0.09700420195696607
ergo_adaptive,116.83333333333337,0.0005003772668838718,0.09702775716043123
ergo_adaptive,116.91666666666663,0.0006956122632101072,0.09700356393172661
ergo_adaptive,117.0,0.000279759629786061,0.09685021801987193
ergo_adaptive,117.08333333333337,0.00040363714377688654,0.09686073189664365
ergo_adaptive,117.16666666666663,0.0003861594554915636,0.09698206819599889
ergo_adaptive,117.25,0.0005760216967583003,0.0970545457545668
ergo_adaptive,117.33333333333337,0.00025649879348899995,0.09706643325209588
ergo_adaptive,117.41666666666663,0.0001682061468483032,0.09713047090989671
ergo_adaptive,117.5,0.00015375109140291528,0.0972253956611679
ergo_adaptive,117.58333333333337,1.8440053205527047e-5,0.09727469557292978
ergo_adaptive,117.66666666666663,5.530466405075913e-5,0.09729880566044656
ergo_adaptive,117.75,1.3174940859724178e-5,0.09726691700918114
ergo_adaptive,117.83333333333337,0.00016632367398555637,0.0973104160974356
ergo_adaptive,117.91666666666663,0.00016661485149277683,0.09738572958374099
ergo_adaptive,118.0,0.00011782400381152982,0.09744514651347692
ergo_adaptive,118.08333333333337,0.0001469089444204561,0.09751249865947
ergo_adaptive,118.16666666666663,0.0001074509070927098,0.09753403586589059
ergo_adaptive,118.25,3.676877621533532e-6,0.09759571222740808
ergo_adaptive,118.33333333333337,2.53747696219447e-5,0.09765713597770063
ergo_adaptive,118.41666666666663,0.0,0.09766318860833331
ergo_adaptive,118.5,0.0,0.09766710217962049
ergo_adaptive,118.58333333333337,0.0001995264001798891,0.09765933878624887
ergo_adaptive,118.66666666666663,0.00021160721368253247,0.09764914744300708
ergo_adaptive,118.75,0.00010699333601121192,0.09763658704858075
ergo_adaptive,118.83333333333337,0.00012850435838520984,0.09764326491872484
ergo_adaptive,118.91666666666663,1.7572419475226002e-5,0.09762370657565918
ergo_adaptive,119.0,5.081333638055389e-5,0.09766624840747933
ergo_adaptive,119.08333333333337,4.995355080056437e-5,0.09773842377180976
ergo_adaptive,119.16666666666663,1.968361760414152e-5,0.09779705795855308
ergo_adaptive,119.25,3.205257541533678e-7,0.09781154827511329
ergo_adaptive,119.33333333333337,0.0,0.09775203919217969
ergo_adaptive,119.41666666666663,0.0,0.09769209186534186
ergo_adaptive,119.5,0.0,0.09763233373079144
ergo_adaptive,119.58333333333337,0.0,0.09754062598115941
ergo_adaptive,119.66666666666663,0.0,0.09741773419049389
ergo_adaptive,119.75,0.0,0.09729669260920015
ergo_adaptive,119.83333333333337,0.0,0.09721035691217572
ergo_adaptive,119.91666666666663,1.2483106921229943e-6,0.09716063471043844
ergo_adaptive,120.0,4.267453005377316e-5,0.09722773164478231
ergo_adaptive,120.08333333333337,9.388573092325028e-5,0.09734646530126426
ergo_adaptive,120.16666666666663,1.5911583772341466e-6,0.09746916938356334
ergo_adaptive,120.25,8.314717077606939e-6,0.09756562160006171
ergo_adaptive,120.33333333333337,3.08623734916063e-5,0.09762313565871603
ergo_adaptive,120.41666666666663,6.789991075764813e-5,0.09764518217964888
ergo_adaptive,120.5,0.00012449689563542374,0.09763586246676335
ergo_adaptive,120.58333333333337,9.446016634141043e-5,0.09759599855747646
ergo_adaptive,120.66666666666663,0.0,0.09752640847166362
ergo_adaptive,120.75,0.0,0.09753775162753733
ergo_adaptive,120.83333333333337,3.1331776861339115e-5,0.09760688595318746
ergo_adaptive,120.91666666666663,0.0,0.09767770808133047
ergo_adaptive,121.0,1.4321441123175579e-6,0.09772762783357426
ergo_adaptive,121.08333333333337,5.371185002498665e-6,0.09781628282059823
ergo_adaptive,121.16666666666663,8.647381264066129e-5,0.09790489739051195
ergo_adaptive,121.25,1.8811330634894883e-5,0.09795682786715033
ergo_adaptive,121.33333333333337,3.269919010153122e-5,0.09796242473077942
ergo_adaptive,121.41666666666663,2.477856202637732e-5,0.09792867559478066
ergo_adaptive,121.5,6.412562825949816e-5,0.09788097768192126
ergo_adaptive,121.58333333333337,0.0,0.09784008072154583
ergo_adaptive,121.66666666666663,0.0,0.09784420906277916
ergo_adaptive,121.75,1.0604483633126901e-5,0.09787691546005267
ergo_adaptive,121.83333333333337,5.710886212285895e-6,0.09795460702246467
ergo_adaptive,121.91666666666663,2.4038915137341187e-5,0.09804601870905273
ergo_adaptive,122.0,0.00012098579945219022,0.09812751735256528
ergo_adaptive,122.08333333333337,1.584057574454474e-5,0.09819033954220767
ergo_adaptive,122.16666666666663,6.539594434472794e-5,0.09822019485086908
ergo_adaptive,122.25,9.320662859652452e-5,0.09822755276926992
ergo_adaptive,122.33333333333337,2.2945430396269065e-5,0.09822254922125755
ergo_adaptive,122.41666666666663,1.2303718284994813e-6,0.09820987053203388
ergo_adaptive,122.5,3.6965315033531986e-5,0.09823199214504592
ergo_adaptive,122.58333333333337,1.3755504828849142e-5,0.09824080795035538
ergo_adaptive,122.66666666666663,2.79073217146555e-6,0.09825700802397591
ergo_adaptive,122.75,0.0,0.09831155064562283
ergo_adaptive,122.83333333333337,0.0,0.09840173836536978
ergo_adaptive,122.91666666666663,7.163779003622861e-6,0.09849437310752643
ergo_adaptive,123.0,1.893630071206882e-6,0.09857492687329944
ergo_adaptive,123.08333333333337,1.6383189582274967e-5,0.09864822643311646
ergo_adaptive,123.16666666666663,8.351684384218365e-5,0.09873157825580686
ergo_adaptive,123.25,5.843251381274319e-6,0.09880144734380163
ergo_adaptive,123.33333333333337,1.8479576756444748e-6,0.0988743067432727
ergo_adaptive,123.41666666666663,0.0,0.09895178636539749
ergo_adaptive,123.5,0.0,0.09902878645699126
ergo_adaptive,123.58333333333337,0.0,0.09909349459267512
ergo_adaptive,123.66666666666663,0.0,0.0991335870576579
ergo_adaptive,123.75,3.3724838626621805e-5,0.09915491669183996
ergo_adaptive,123.83333333333337,1.639207290393633e-5,0.09918575770646977
ergo_adaptive,123.91666666666663,4.1709537951348686e-6,0.09925130130579198
ergo_adaptive,124.0,1.6332735146469362e-6,0.09933189630506704
ergo_adaptive,124.08333333333337,0.0,0.09940100754690288
ergo_adaptive,124.16666666666663,3.2276081671482315e-6,0.0994798564544565
ergo_adaptive,124.25,3.7803871220274963e-6,0.09954852994846004
ergo_adaptive,124.33333333333337,7.2338160965589715e-6,0.09959472203135182
ergo_adaptive,124.41666666666663,1.2480368194341571e-6,0.09961372234570899
ergo_adaptive,124.5,0.0,0.09958626391057762
ergo_adaptive,124.58333333333337,2.9536554815781116e-7,0.09961955408223377
ergo_adaptive,124.66666666666663,0.0,0.09962922606150518
ergo_adaptive,124.75,4.6101114776883307e-7,0.09968205887310684
ergo_adaptive,124.83333333333337,2.2613496590562117e-6,0.09976483309228207
ergo_adaptive,124.91666666666663,6.037527882724371e-6,0.09982929687051567
ergo_adaptive,125.0,2.3016505807336554e-5,0.09986176474803886
ergo_adaptive,125.08333333333337,2.500381681452192e-5,0.09985338567610604
ergo_adaptive,125.16666666666663,7.767398830606069e-5,0.0998083818768221
ergo_adaptive,125.25,1.3863375121566676e-7,0.09973979242653719
ergo_adaptive,125.33333333333337,7.698270203061336e-6,0.09968351445591389
ergo_adaptive,125.41666666666663,2.2467738555067558e-8,0.0996035482664214
ergo_adaptive,125.5,1.658083244257378e-7,0.09960743306285366
ergo_adaptive,125.58333333333337,1.4032210685444706e-6,0.09966596476229252
ergo_adaptive,125.66666666666663,0.0,0.09973144733701582
ergo_adaptive,125.75,0.0,0.09979463840546567
ergo_adaptive,125.83333333333337,0.0,0.09986039693984149
ergo_adaptive,125.91666666666663,1.5399645773362034e-5,0.0999269477477894
ergo_adaptive,126.0,2.450831953069281e-7,0.0999638261389614
ergo_adaptive,126.08333333333337,8.828900065597601e-7,0.10004775888719206
ergo_adaptive,126.16666666666663,1.6759773313242594e-6,0.10014613766363153
ergo_adaptive,126.25,1.7099357439711733e-6,0.10022046194753968
ergo_adaptive,126.33333333333337,1.9017568247563744e-5,0.10025785794497234
ergo_adaptive,126.41666666666663,5.7186280984762534e-5,0.10025532418974527
ergo_adaptive,126.5,3.012364972972168e-5,0.1002154717327649
ergo_adaptive,126.58333333333337,0.0,0.10014801914755489
ergo_adaptive,126.66666666666663,0.0,0.10013674401549238
ergo_adaptive,126.75,0.0,0.10015353127355706
ergo_adaptive,126.83333333333337,0.0,0.1001834483613
ergo_adaptive,126.91666666666663,0.0,0.10022615052313963
ergo_adaptive,127.0,0.0,0.10026023375646834
ergo_adaptive,127.08333333333337,0.0,0.10026983731203268
ergo_adaptive,127.16666666666663,0.0,0.10027132675170043
ergo_adaptive,127.25,7.036063237599198e-6,0.10028914929501448
ergo_adaptive,127.33333333333337,3.964734032748943e-6,0.10038086635875001
ergo_adaptive,127.41666666666663,0.0,0.10048644993231842
ergo_adaptive,127.5,0.0,0.10059643054223964
ergo_adaptive,127.58333333333337,7.100591562354764e-6,0.10072108759002701
ergo_adaptive,127.66666666666663,5.896098726160342e-6,0.10084010865201326
ergo_adaptive,127.75,8.228297418078128e-6,0.10092117235663191
ergo_adaptive,127.83333333333337,0.0,0.10096126092167837
ergo_adaptive,127.91666666666663,0.0,0.10101641239377308
ergo_adaptive,128.0,6.930455774676225e-7,0.10108881657283844
ergo_adaptive,128.08333333333337,2.3456436169350963e-6,0.10116408288696062
ergo_adaptive,128.16666666666663,1.3629566322036557e-6,0.1012160531312794
ergo_adaptive,128.25,2.3593266045992703e-6,0.1012372756419155
ergo_adaptive,128.33333333333337,3.4071451036199944e-6,0.10123654010901838
ergo_adaptive,128.41666666666663,0.0,0.10121557063702166
ergo_adaptive,128.5,0.0,0.1012486488962911
ergo_adaptive,128.58333333333337,0.0,0.10131522853452612
ergo_adaptive,128.66666666666663,0.0,0.10138381483525677
ergo_adaptive,128.75,4.3072179699054345e-7,0.10145136562662875
ergo_adaptive,128.83333333333337,5.498430359149645e-7,0.10151686736284618
ergo_adaptive,128.91666666666663,4.0533775869617434e-5,0.10157045599587868
ergo_adaptive,129.0,0.0,0.10161211659431077
ergo_adaptive,129.08333333333337,0.0,0.10166033775228792
ergo_adaptive,129.16666666666663,0.0,0.10170574292981426
ergo_adaptive,129.25,0.0,0.10175148663313438
ergo_adaptive,129.33333333333337,0.0,0.10180994344597852
ergo_adaptive,129.41666666666663,0.0,0.10185683841347769
ergo_adaptive,129.5,0.0,0.10187473962002139
ergo_adaptive,129.58333333333337,0.0,0.10189817364115206
ergo_adaptive,129.66666666666663,0.0,0.10195812457385167
ergo_adaptive,129.75,0.0,0.10204826161390396
ergo_adaptive,129.83333333333337,0.0,0.10213927131698085
ergo_adaptive,129.91666666666663,0.0,0.10223038749059289
ergo_adaptive,130.0,0.0,0.10233402152015353
ergo_adaptive,130.08333333333337,0.0,0.10245235067739253
ergo_adaptive,130.16666666666663,0.0,0.10257387228369735
ergo_adaptive,130.25,0.0,0.10269499746220226
ergo_adaptive,130.33333333333337,0.0,0.10282020072073397
ergo_adaptive,130.41666666666663,0.0,0.10295213569474443
ergo_adaptive,130.5,0.0,0.10308785761269713
ergo_adaptive,130.58333333333337,0.0,0.10322330037145619
ergo_adaptive,130.66666666666663,0.0,0.10335897474201494
ergo_adaptive,130.75,0.0,0.10349783961753767
ergo_adaptive,130.83333333333337,0.0,0.10364034965966305
ergo_adaptive,130.91666666666663,0.0,0.10378292064768423
ergo_adaptive,131.0,0.0,0.10392299078148638
ergo_adaptive,131.08333333333337,0.0,0.10406327397543426
ergo_adaptive,131.16666666666663,0.0,0.10420912284002622
ergo_adaptive,131.25,0.0,0.10435535604851344
ergo_adaptive,131.33333333333337,0.0,0.10449062580121296
ergo_adaptive,131.41666666666663,0.0,0.10461956976346516
ergo_adaptive,131.5,0.0,0.10474809963328643
ergo_adaptive,131.58333333333337,0.0,0.10487766890509438
ergo_adaptive,131.66666666666663,0.0,0.10500770475991014
ergo_adaptive,131.75,0.0,0.10513618962809936
ergo_adaptive,131.83333333333337,0.0,0.10525831234569717
ergo_adaptive,131.91666666666663,0.0,0.10537257813042757
ergo_adaptive,132.0,0.0,0.1054802354037474
ergo_adaptive,132.08333333333337,0.0,0.1055830097552532
ergo_adaptive,132.16666666666663,0.0,0.10568491781934129
ergo_adaptive,132.25,0.0,0.10578557006287703
ergo_adaptive,132.33333333333337,0.0,0.10586978494128062
ergo_adaptive,132.41666666666663,0.0,0.10593636815997391
ergo_adaptive,132.5,0.0,0.10599964421534971
ergo_adaptive,132.58333333333337,0.0,0.10606881170499992
ergo_adaptive,132.66666666666663,0.0,0.10612274823932466
ergo_adaptive,132.75,0.0,0.10615410144856277
ergo_adaptive,132.83333333333337,0.0,0.10617816215750879
ergo_adaptive,132.91666666666663,0.0,0.10620673357068496
ergo_adaptive,133.0,0.0,0.10623157751848872
ergo_adaptive,133.08333333333337,0.0,0.10624233787846095
ergo_adaptive,133.16666666666663,0.0,0.10624362015099187
ergo_adaptive,133.25,0.0,0.10624584889927667
ergo_adaptive,133.33333333333337,0.0,0.10625170776209711
ergo_adaptive,133.41666666666663,0.0,0.10625338346949753
ergo_adaptive,133.5,0.0,0.10624505691430591
ergo_adaptive,133.58333333333337,0.0,0.10623519171797567
ergo_adaptive,133.66666666666663,0.0,0.10623804895948871
ergo_adaptive,133.75,0.0,0.1062446065996545
ergo_adaptive,133.83333333333337,0.0,0.1062291715496121
ergo_adaptive,133.91666666666663,0.0,0.10620123324138445
ergo_adaptive,134.0,0.0,0.10624599076662361
ergo_adaptive,134.08333333333337,0.0,0.10632939621842988
ergo_adaptive,134.16666666666663,0.0,0.10642394018522192
ergo_adaptive,134.25,0.0,0.10652621598644475
ergo_adaptive,134.33333333333337,0.0,0.1066328674833429
ergo_adaptive,134.41666666666663,0.0,0.10674168850526809
ergo_adaptive,134.5,0.0,0.1068513089279469
ergo_adaptive,134.58333333333337,0.0,0.10696090199908523
ergo_adaptive,134.66666666666663,0.0,0.10706999207104363
ergo_adaptive,134.75,0.0,0.10717833353537111
ergo_adaptive,134.83333333333337,0.0,0.10728583343575611
ergo_adaptive,134.91666666666663,0.0,0.10739250041247773
ergo_adaptive,135.0,0.0,0.10749840952276249
ergo_adaptive,135.08333333333337,0.0,0.10760367622082298
ergo_adaptive,135.16666666666663,0.0,0.1077084345927219
ergo_adaptive,135.25,0.0,0.10781281625404804
ergo_adaptive,135.33333333333337,0.0,0.10791693161008967
ergo_adaptive,135.41666666666663,0.0,0.10802092557711708
ergo_adaptive,135.5,0.0,0.10810648428136625
ergo_adaptive,135.58333333333337,0.0,0.10820205163375508
ergo_adaptive,135.66666666666663,0.0,0.10830296492219711
ergo_adaptive,135.75,0.0,0.1084033536229445
ergo_adaptive,135.83333333333337,0.0,0.108503844405088
ergo_adaptive,135.91666666666663,0.0,0.10860465991754141
ergo_adaptive,136.0,0.0,0.10870577941296083
ergo_adaptive,136.08333333333337,0.0,0.1088070218788665
ergo_adaptive,136.16666666666663,0.0,0.10890809405382436
ergo_adaptive,136.25,0.0,0.10900863353914383
ergo_adaptive,136.33333333333337,0.0,0.10910825919918896
ergo_adaptive,136.41666666666663,0.0,0.10920662238101922
ergo_adaptive,136.5,0.0,0.10930344429150331
ergo_adaptive,136.58333333333337,0.0,0.10939869701736393
ergo_adaptive,136.66666666666663,0.0,0.1094923696267823
ergo_adaptive,136.75,0.0,0.10958451020466188
ergo_adaptive,136.83333333333337,0.0,0.10967512243365969
ergo_adaptive,136.91666666666663,0.0,0.1097643127349576
ergo_adaptive,137.0,0.0,0.10985128644640739
ergo_adaptive,137.08333333333337,0.0,0.10993730956928907
ergo_adaptive,137.16666666666663,0.0,0.11002228019810138
ergo_adaptive,137.25,0.0,0.11010634102159139
ergo_adaptive,137.33333333333337,0.0,0.11018953034206602
ergo_adaptive,137.41666666666663,0.0,0.11027188992186608
ergo_adaptive,137.5,0.0,0.11035345798366072
ergo_adaptive,137.58333333333337,0.0,0.11043426847960032
ergo_adaptive,137.66666666666663,0.0,0.11051435014570374
ergo_adaptive,137.75,0.0,0.11059372591002131
ergo_adaptive,137.83333333333337,0.0,0.11067241239449895
ergo_adaptive,137.91666666666663,0.0,0.11075041947137564
ergo_adaptive,138.0,0.0,0.11082774990049316
ergo_adaptive,138.08333333333337,0.0,0.11090439933363755
ergo_adaptive,138.16666666666663,0.0,0.11098035749163403
ergo_adaptive,138.25,0.0,0.11105561189703753
ergo_adaptive,138.33333333333337,0.0,0.11111332537059967
ergo_adaptive,138.41666666666663,0.0,0.11117593479091657
ergo_adaptive,138.5,0.0,0.11124143092103685
ergo_adaptive,138.58333333333337,0.0,0.11130844255815861
ergo_adaptive,138.66666666666663,0.0,0.11137632698067763
ergo_adaptive,138.75,0.0,0.11144473099502823
ergo_adaptive,138.83333333333337,0.0,0.11151343515503905
ergo_adaptive,138.91666666666663,0.0,0.11158229435637203
ergo_adaptive,139.0,0.0,0.11165121177537495
ergo_adaptive,139.08333333333337,0.0,0.11172012494277538
ergo_adaptive,139.16666666666663,0.0,0.11178899693680487
ergo_adaptive,139.25,0.0,0.11185781029891526
ergo_adaptive,139.33333333333337,0.0,0.11192656273899013
ergo_adaptive,139.41666666666663,0.0,0.11199526414942544
ergo_adaptive,139.5,0.0,0.1120639345323613
ergo_adaptive,139.58333333333337,0.0,0.11213260234144051
ergo_adaptive,139.66666666666663,0.0,0.1122013025520409
ergo_adaptive,139.75,0.0,0.11227007368677998
ergo_adaptive,139.83333333333337,0.0,0.1123389532874995
ergo_adaptive,139.91666666666663,0.0,0.11240797203708945
ergo_adaptive,140.0,0.0,0.11247714759299969
ergo_adaptive,140.08333333333337,0.0,0.11254647962885991
ergo_adaptive,140.16666666666663,0.0,0.11261594727021203
ergo_adaptive,140.25,0.0,0.11268550929579343
ergo_adaptive,140.33333333333337,0.0,0.11275510668562638
ergo_adaptive,140.41666666666663,0.0,0.11282466668041245
ergo_adaptive,140.5,0.0,0.11289410748827428
ergo_adaptive,140.58333333333337,0.0,0.11296334296645955
ergo_adaptive,140.66666666666663,0.0,0.113032286850027
ergo_adaptive,140.75,0.0,0.11310085630607287
ergo_adaptive,140.83333333333337,0.0,0.1131689747364036
ergo_adaptive,140.91666666666663,0.0,0.11323657384185165
ergo_adaptive,141.0,0.0,0.11330359501347771
ergo_adaptive,141.08333333333337,0.0,0.11336999014266005
ergo_adaptive,141.16666666666663,0.0,0.11343593686362734
ergo_adaptive,141.25,0.0,0.1135014923511077
ergo_adaptive,141.33333333333337,0.0,0.11356677309965788
ergo_adaptive,141.41666666666663,0.0,0.11363175744031519
ergo_adaptive,141.5,0.0,0.11369639482439546
ergo_adaptive,141.58333333333337,0.0,0.11376064028193966
ergo_adaptive,141.66666666666663,0.0,0.1138244620679131
ergo_adaptive,141.75,0.0,0.11388784078812313
ergo_adaptive,141.83333333333337,0.0,0.11395076644160619
ergo_adaptive,141.91666666666663,0.0,0.11401323546096404
ergo_adaptive,142.0,0.0,0.11407524830727468
ergo_adaptive,142.08333333333337,0.0,0.114136807672554
ergo_adaptive,142.16666666666663,0.0,0.1141979171982574
ergo_adaptive,142.25,0.0,0.11425858059539713
ergo_adaptive,142.33333333333337,0.0,0.11431880106625646
ergo_adaptive,142.41666666666663,0.0,0.11437858095023899
ergo_adaptive,142.5,0.0,0.114437921537698
ergo_adaptive,142.58333333333337,0.0,0.11449682301318806
ergo_adaptive,142.66666666666663,0.0,0.11455528450333285
ergo_adaptive,142.75,0.0,0.11461330421490329
ergo_adaptive,142.83333333333337,0.0,0.11467087965628948
ergo_adaptive,142.91666666666663,0.0,0.11472800794073545
ergo_adaptive,143.0,0.0,0.11478468617270854
ergo_adaptive,143.08333333333337,0.0,0.11484091191967319
ergo_adaptive,143.16666666666663,0.0,0.11489668377029338
ergo_adaptive,143.25,0.0,0.11495200197663613
ergo_adaptive,143.33333333333337,0.0,0.11500686917226327
ergo_adaptive,143.41666666666663,0.0,0.11506129115030375
ergo_adaptive,143.5,0.0,0.11511527767603248
ergo_adaptive,143.58333333333337,0.0,0.11516884329779316
ergo_adaptive,143.66666666666663,0.0,0.11522200810925518
ergo_adaptive,143.75,0.0,0.11527479840626692
ergo_adaptive,143.83333333333337,0.0,0.11532724717443468
ergo_adaptive,143.91666666666663,0.0,0.11537939434056328
ergo_adaptive,144.0,0.0,0.11543128672362743
ergo_adaptive,144.08333333333337,0.0,0.11548297763003132
ergo_adaptive,144.16666666666663,0.0,0.11553452605399275
ergo_adaptive,144.25,0.0,0.11558599546664416
ergo_adaptive,144.33333333333337,0.0,0.11563745220567755
ergo_adaptive,144.41666666666663,0.0,0.1156889635089768
ergo_adaptive,144.5,0.0,0.11574059526774672
ergo_adaptive,144.58333333333337,0.0,0.1157924096036082
ergo_adaptive,144.66666666666663,0.0,0.11584446239617407
ergo_adaptive,144.75,0.0,0.1158968008992152
ergo_adaptive,144.83333333333337,0.0,0.11594946158206441
ergo_adaptive,144.91666666666663,0.0,0.11600246831738804
ergo_adaptive,145.0,0.0,0.11605583100800736
ergo_adaptive,145.08333333333337,0.0,0.1161095447075226
ergo_adaptive,145.16666666666663,0.0,0.11616358924754634
ergo_adaptive,145.25,0.0,0.11621792934510478
ergo_adaptive,145.33333333333337,0.0,0.11627251513403528
ergo_adaptive,145.41666666666663,0.0,0.11632728304972999
ergo_adaptive,145.5,0.0,0.11638215700091366
ergo_adaptive,145.58333333333337,0.0,0.11643704978588315
ergo_adaptive,145.66666666666663,0.0,0.11649186475065484
ergo_adaptive,145.75,0.0,0.11654649773506562
ergo_adaptive,145.83333333333337,0.0,0.11660083939680298
ergo_adaptive,145.91666666666663,0.0,0.11665477802347615
ergo_adaptive,146.0,0.0,0.11670820291696968
ergo_adaptive,146.08333333333337,0.0,0.11677512323989865
ergo_adaptive,146.16666666666663,0.0,0.11683321864565754
ergo_adaptive,146.25,0.0,0.11688967477663663
ergo_adaptive,146.33333333333337,0.0,0.11694468484008354
ergo_adaptive,146.41666666666663,0.0,0.11699861604225331
ergo_adaptive,146.5,0.0,0.11705161892082237
ergo_adaptive,146.58333333333337,0.0,0.11710375209363759
ergo_adaptive,146.66666666666663,0.0,0.11715505633394864
ergo_adaptive,146.75,0.0,0.11720557202262259
ergo_adaptive,146.83333333333337,0.0,0.11725534004262236
ergo_adaptive,146.91666666666663,0.0,0.11730439991214711
ergo_adaptive,147.0,0.0,0.11735278812753963
ergo_adaptive,147.08333333333337,0.0,0.11740053708577376
ergo_adaptive,147.16666666666663,0.0,0.11744767447369349
ergo_adaptive,147.25,0.0,0.11749422296848445
ergo_adaptive,147.33333333333337,0.0,0.11754020012023315
ergo_adaptive,147.41666666666663,0.0,0.11758561830889157
ergo_adaptive,147.5,0.0,0.11763048466344761
ergo_adaptive,147.58333333333337,0.0,0.11767480075019966
ergo_adaptive,147.66666666666663,0.0,0.11771856108300804
ergo_adaptive,147.75,0.0,0.11778510562214971
ergo_adaptive,147.83333333333337,0.0,0.1178361806707256
ergo_adaptive,147.91666666666663,0.0,0.11788977555515681
ergo_adaptive,148.0,0.0,0.11794345397636127
ergo_adaptive,148.08333333333337,0.0,0.11799612034678499
ergo_adaptive,148.16666666666663,0.0,0.11804728342265705
ergo_adaptive,148.25,0.0,0.11809677043345715
ergo_adaptive,148.33333333333337,0.0,0.11814457709626744
ergo_adaptive,148.41666666666663,0.0,0.11819078204037665
ergo_adaptive,148.5,0.0,0.11823550050173198
ergo_adaptive,148.58333333333337,0.0,0.11827886047782371
ergo_adaptive,148.66666666666663,0.0,0.1183209908003071
ergo_adaptive,148.75,0.0,0.11836201541635358
ergo_adaptive,148.83333333333337,0.0,0.11840205095595678
ergo_adaptive,148.91666666666663,0.0,0.11844120608712898
ergo_adaptive,149.0,0.0,0.11847958187471096
ergo_adaptive,149.08333333333337,0.0,0.11851727272725213
ergo_adaptive,149.16666666666663,0.0,0.11855436772021398
ergo_adaptive,149.25,0.0,0.11859095221075953
ergo_adaptive,149.33333333333337,0.0,0.11862710975746103
ergo_adaptive,149.41666666666663,0.0,0.11866292446277417
ergo_adaptive,149.5,0.0,0.11869848401189247
ergo_adaptive,149.58333333333337,0.0,0.11873388397937104
ergo_adaptive,149.66666666666663,0.0,0.11876923465539656
ergo_adaptive,149.75,0.0,0.11880467348809606
ergo_adaptive,149.83333333333337,0.0,0.118840392519515
ergo_adaptive,149.91666666666663,0.0,0.11887672573194621
ergo_adaptive,150.0,0.0,0.11893237057140912
ergo_adaptive,150.08333333333337,0.0,0.11897220539717795
ergo_adaptive,150.16666666666663,0.0,0.11901417982952582
ergo_adaptive,150.25,0.0,0.11905624263076725
ergo_adaptive,150.33333333333337,0.0,0.11909825823345191
ergo_adaptive,150.41666666666663,0.0,0.11914032158765404
ergo_adaptive,150.5,0.0,0.11918273408321362
ergo_adaptive,150.58333333333337,0.0,0.1192264213578202
ergo_adaptive,150.66666666666663,0.0,0.11928613117002719
ergo_adaptive,150.75,0.0,0.11933962765929848
ergo_adaptive,150.83333333333337,0.0,0.11939113986538176
ergo_adaptive,150.91666666666663,0.0,0.1194415216394895
ergo_adaptive,151.0,0.0,0.11949119410160573
ergo_adaptive,151.08333333333337,0.0,0.11954053076470583
ergo_adaptive,151.16666666666663,0.0,0.11958990988825251
ergo_adaptive,151.25,0.0,0.11963975834061268
ergo_adaptive,151.33333333333337,0.0,0.11969060756442741
ergo_adaptive,151.41666666666663,0.0,0.11974304978305565
ergo_adaptive,151.5,0.0,0.11979420492625706
ergo_adaptive,151.58333333333337,0.0,0.1198480026579665
ergo_adaptive,151.66666666666663,0.0,0.1199011357481221
ergo_adaptive,151.75,0.0,0.11995253625750087
ergo_adaptive,151.83333333333337,0.0,0.12000035634465109
ergo_adaptive,151.91666666666663,0.0,0.12004511816812838
ergo_adaptive,152.0,0.0,0.12008835505558058
ergo_adaptive,152.08333333333337,0.0,0.12013046778749498
ergo_adaptive,152.16666666666663,0.0,0.12017140026357027
ergo_adaptive,152.25,0.0,0.1202111231929149
ergo_adaptive,152.33333333333337,0.0,0.12024973089837754
ergo_adaptive,152.41666666666663,0.0,0.12028340419498328
ergo_adaptive,152.5,0.0,0.12033142055984807
ergo_adaptive,152.58333333333337,0.0,0.1203786808733583
ergo_adaptive,152.66666666666663,0.0,0.12042217405245559
ergo_adaptive,152.75,0.0,0.12046247248827939
ergo_adaptive,152.83333333333337,0.0,0.120500149840838
ergo_adaptive,152.91666666666663,0.0,0.12053567112194852
ergo_adaptive,153.0,0.0,0.12056936830520901
ergo_adaptive,153.08333333333337,0.0,0.12060144037941341
ergo_adaptive,153.16666666666663,0.0,0.12063194991575125
ergo_adaptive,153.25,0.0,0.12066078231622776
ergo_adaptive,153.33333333333337,0.0,0.12068742894977251
ergo_adaptive,153.41666666666663,0.0,0.12070812536894351
ergo_adaptive,153.5,0.0,0.1207489407322771
ergo_adaptive,153.58333333333337,0.0,0.12076733433231945
ergo_adaptive,153.66666666666663,0.0,0.12079551154431066
ergo_adaptive,153.75,0.0,0.12082451221442558
ergo_adaptive,153.83333333333337,0.0,0.12085333402128519
ergo_adaptive,153.91666666666663,0.0,0.12088123813516201
ergo_adaptive,154.0,0.0,0.1209074314213883
ergo_adaptive,154.08333333333337,0.0,0.1209303276454153
ergo_adaptive,154.16666666666663,0.0,0.12095792986103543
ergo_adaptive,154.25,0.0,0.12098848694912182
ergo_adaptive,154.33333333333337,0.0,0.12102007496450799
ergo_adaptive,154.41666666666663,0.0,0.12105163715261891
ergo_adaptive,154.5,0.0,0.12108257081473353
ergo_adaptive,154.58333333333337,0.0,0.12111252233947076
ergo_adaptive,154.66666666666663,0.0,0.12114133969707352
ergo_adaptive,154.75,0.0,0.12117062906840434
ergo_adaptive,154.83333333333337,0.0,0.12120146133946304
ergo_adaptive,154.91666666666663,0.0,0.1212436270376177
ergo_adaptive,155.0,0.0,0.12128395675445387
ergo_adaptive,155.08333333333337,0.0,0.1213258626915605
ergo_adaptive,155.16666666666663,0.0,0.12136776177910952
ergo_adaptive,155.25,0.0,0.12140896513755847
ergo_adaptive,155.33333333333337,0.0,0.12144911118202245
ergo_adaptive,155.41666666666663,0.0,0.12148947715828419
ergo_adaptive,155.5,0.0,0.12153367852063467
ergo_adaptive,155.58333333333337,0.0,0.12157770833038653
ergo_adaptive,155.66666666666663,0.0,0.12162027512338114
ergo_adaptive,155.75,0.0,0.12166116691623388
ergo_adaptive,155.83333333333337,0.0,0.12170037437535255
ergo_adaptive,155.91666666666663,0.0,0.12173796673671475
ergo_adaptive,156.0,0.0,0.12177457537227875
ergo_adaptive,156.08333333333337,0.0,0.12181053977948429
ergo_adaptive,156.16666666666663,0.0,0.1218459595802046
ergo_adaptive,156.25,0.0,0.1218808365366668
ergo_adaptive,156.33333333333337,0.0,0.12191516063558017
ergo_adaptive,156.41666666666663,0.0,0.12194892904089057
ergo_adaptive,156.5,0.0,0.12198214365471852
ergo_adaptive,156.58333333333337,0.0,0.12201480438311708
ergo_adaptive,156.66666666666663,0.0,0.12204689911843315
ergo_adaptive,156.75,0.0,0.12207837875265871
ergo_adaptive,156.83333333333337,0.0,0.12210891831039737
ergo_adaptive,156.91666666666663,0.0,0.12215080448747828
ergo_adaptive,157.0,0.0,0.12218888243436135
ergo_adaptive,157.08333333333337,0.0,0.1222178725221272
ergo_adaptive,157.16666666666663,0.0,0.12224865712027333
ergo_adaptive,157.25,0.0,0.1222786810082374
ergo_adaptive,157.33333333333337,0.0,0.12230792359470319
ergo_adaptive,157.41666666666663,0.0,0.12233628620364752
ergo_adaptive,157.5,0.0,0.12236346495570519
ergo_adaptive,157.58333333333337,0.0,0.12238765302009835
ergo_adaptive,157.66666666666663,0.0,0.12242509897758035
ergo_adaptive,157.75,0.0,0.12246226205633985
ergo_adaptive,157.83333333333337,0.0,0.12249798203778686
ergo_adaptive,157.91666666666663,0.0,0.12253215891919239
ergo_adaptive,158.0,0.0,0.12256479238788673
ergo_adaptive,158.08333333333337,0.0,0.12259589572386728
ergo_adaptive,158.16666666666663,0.0,0.12262548508310062
ergo_adaptive,158.25,0.0,0.12265356287801858
ergo_adaptive,158.33333333333337,0.0,0.12268009524166586
ergo_adaptive,158.41666666666663,0.0,0.12270496950322453
ergo_adaptive,158.5,0.0,0.12272788116096665
ergo_adaptive,158.58333333333337,0.0,0.12274795926398581
ergo_adaptive,158.66666666666663,0.0,0.12277135037740887
ergo_adaptive,158.75,0.0,0.12279574957595216
ergo_adaptive,158.83333333333337,0.0,0.12282599157615072
ergo_adaptive,158.91666666666663,0.0,0.12286336711569738
ergo_adaptive,159.0,0.0,0.1229027751019857
ergo_adaptive,159.08333333333337,0.0,0.12294182308737948
ergo_adaptive,159.16666666666663,0.0,0.1229795346939682
ergo_adaptive,159.25,0.0,0.12301552627527843
ergo_adaptive,159.33333333333337,0.0,0.12304958778402514
ergo_adaptive,159.41666666666663,0.0,0.12308146012690523
ergo_adaptive,159.5,0.0,0.12311110512645583
ergo_adaptive,159.58333333333337,0.0,0.12315711145518
ergo_adaptive,159.66666666666663,0.0,0.12320015197842213
ergo_adaptive,159.75,0.0,0.12324025332193858
ergo_adaptive,159.83333333333337,0.0,0.12327988923330409
ergo_adaptive,159.91666666666663,0.0,0.12331818215655516
ergo_adaptive,160.0,0.0,0.12335478041128503
ergo_adaptive,160.08333333333337,0.0,0.1233895874027922
ergo_adaptive,160.16666666666663,0.0,0.12342261693087263
ergo_adaptive,160.25,0.0,0.12345392393275548
ergo_adaptive,160.33333333333337,0.0,0.12348369682159147
ergo_adaptive,160.41666666666663,0.0,0.12351255020122749
ergo_adaptive,160.5,0.0,0.12354083946373186
ergo_adaptive,160.58333333333337,0.0,0.12356874689459635
ergo_adaptive,160.66666666666663,0.0,0.12359635455803988
ergo_adaptive,160.75,0.0,0.12362369705093748
ergo_adaptive,160.83333333333337,0.0,0.12365079028753148
ergo_adaptive,160.91666666666663,0.0,0.1236776441536919
ergo_adaptive,161.0,0.0,0.1237042671679023
ergo_adaptive,161.08333333333337,0.0,0.1237306677949265
ergo_adaptive,161.16666666666663,0.0,0.12375685452628467
ergo_adaptive,161.25,0.0,0.12378283558689983
ergo_adaptive,161.33333333333337,0.0,0.12380861858514043
ergo_adaptive,161.41666666666663,0.0,0.12383421020348419
ergo_adaptive,161.5,0.0,0.12385961594150344
ergo_adaptive,161.58333333333337,0.0,0.1238848398907104
ergo_adaptive,161.66666666666663,0.0,0.1239098845076801
ergo_adaptive,161.75,0.0,0.12393475034237546
ergo_adaptive,161.83333333333337,0.0,0.12395943566362475
ergo_adaptive,161.91666666666663,0.0,0.12398393589327805
ergo_adaptive,162.0,0.0,0.12400824269572963
ergo_adaptive,162.08333333333337,0.0,0.12403234242364616
ergo_adaptive,162.16666666666663,0.0,0.12405621326065107
ergo_adaptive,162.25,0.0,0.12407981937780645
ergo_adaptive,162.33333333333337,0.0,0.12410309682455013
ergo_adaptive,162.41666666666663,0.0,0.12412590805031129
ergo_adaptive,162.5,0.0,0.12414776030444452
ergo_adaptive,162.58333333333337,0.0,0.12418478496740226
ergo_adaptive,162.66666666666663,0.0,0.1242197316239887
ergo_adaptive,162.75,0.0,0.12425265002077085
ergo_adaptive,162.83333333333337,0.0,0.12428361764113607
ergo_adaptive,162.91666666666663,0.0,0.12431271793206682
ergo_adaptive,163.0,0.0,0.12434002412668266
ergo_adaptive,163.08333333333337,0.0,0.12436558316570641
ergo_adaptive,163.16666666666663,0.0,0.12438939250872305
ergo_adaptive,163.25,0.0,0.12441135147375845
ergo_adaptive,163.33333333333337,0.0,0.1244311108876575
ergo_adaptive,163.41666666666663,0.0,0.12444728820079162
ergo_adaptive,163.5,0.0,0.1244768552973305
ergo_adaptive,163.58333333333337,0.0,0.12450191725823642
ergo_adaptive,163.66666666666663,0.0,0.12452415240348841
ergo_adaptive,163.75,0.0,0.12454236405144385
ergo_adaptive,163.83333333333337,0.0,0.12456525165701694
ergo_adaptive,163.91666666666663,0.0,0.12458604817403346
ergo_adaptive,164.0,0.0,0.12462231409616134
ergo_adaptive,164.08333333333337,0.0,0.12465930599590949
ergo_adaptive,164.16666666666663,0.0,0.12469563727558765
ergo_adaptive,164.25,0.0,0.12473019625115167
ergo_adaptive,164.33333333333337,0.0,0.12476124511337959
ergo_adaptive,164.41666666666663,0.0,0.12480411531101976
ergo_adaptive,164.5,0.0,0.12484436045437654
ergo_adaptive,164.58333333333337,0.0,0.12488080002806357
ergo_adaptive,164.66666666666663,0.0,0.12491019568402946
ergo_adaptive,164.75,0.0,0.12495027421459172
ergo_adaptive,164.83333333333337,0.0,0.12499024145827144
ergo_adaptive,164.91666666666663,0.0,0.12502950757508047
ergo_adaptive,165.0,0.0,0.12506776996947686
ergo_adaptive,165.08333333333337,0.0,0.12510490209292244
ergo_adaptive,165.16666666666663,0.0,0.12514089130665176
ergo_adaptive,165.25,0.0,0.1251758027308998
ergo_adaptive,165.33333333333337,0.0,0.12520975981041071
ergo_adaptive,165.41666666666663,0.0,0.12524294010581238
ergo_adaptive,165.5,0.0,0.12527559592736928
ergo_adaptive,165.58333333333337,0.0,0.12530815847621352
ergo_adaptive,165.66666666666663,0.0,0.1253422473855367
ergo_adaptive,165.75,0.0,0.1253534827195009
ergo_adaptive,165.83333333333337,0.0,0.1253668583155071
ergo_adaptive,165.91666666666663,0.0,0.12538088280560972
ergo_adaptive,166.0,0.0,0.12539414328844792
ergo_adaptive,166.08333333333337,0.0,0.12542074981798004
ergo_adaptive,166.16666666666663,0.0,0.1254366582810933
ergo_adaptive,166.25,0.0,0.12545193309976885
ergo_adaptive,166.33333333333337,0.0,0.1254659013536431
ergo_adaptive,166.41666666666663,0.0,0.12546804703675415
ergo_adaptive,166.5,0.0,0.12548508775441747
ergo_adaptive,166.58333333333337,0.0,0.12550185352980384
ergo_adaptive,166.66666666666663,0.0,0.1255174089355778
ergo_adaptive,166.75,0.0,0.12552948091389596
ergo_adaptive,166.83333333333337,0.0,0.1255504684472507
ergo_adaptive,166.91666666666663,0.0,0.1255664734169912
ergo_adaptive,167.0,0.0,0.12557992047942362
ergo_adaptive,167.08333333333337,0.0,0.1256032096401196
ergo_adaptive,167.16666666666663,0.0,0.12561789918976954
ergo_adaptive,167.25,0.0,0.12561400715382734
ergo_adaptive,167.33333333333337,0.0,0.12560147250473294
ergo_adaptive,167.41666666666663,0.0,0.125592153091634
ergo_adaptive,167.5,0.0,0.12558738543190706
ergo_adaptive,167.58333333333337,0.0,0.12558167160848557
ergo_adaptive,167.66666666666663,0.0,0.12557444177754298
ergo_adaptive,167.75,0.0,0.12556977259868563
ergo_adaptive,167.83333333333337,0.0,0.1255700572648394
ergo_adaptive,167.91666666666663,0.0,0.12557283710272613
ergo_adaptive,168.0,0.0,0.125574762029513
ergo_adaptive,168.08333333333337,0.0,0.12557706154609324
ergo_adaptive,168.16666666666663,0.0,0.1255844887638609
ergo_adaptive,168.25,0.0,0.12559769894028427
ergo_adaptive,168.33333333333337,0.0,0.12560937626206506
ergo_adaptive,168.41666666666663,0.0,0.12561828832154032
ergo_adaptive,168.5,0.0,0.12563140088183974
ergo_adaptive,168.58333333333337,0.0,0.1256543917666639
ergo_adaptive,168.66666666666663,0.0,0.1256747025703067
ergo_adaptive,168.75,0.0,0.12568768385427384
ergo_adaptive,168.83333333333337,0.0,0.1257000528494471
ergo_adaptive,168.91666666666663,0.0,0.12571730539822143
ergo_adaptive,169.0,0.0,0.1257371923264911
ergo_adaptive,169.08333333333337,0.0,0.12575531349583075
ergo_adaptive,169.16666666666663,0.0,0.12577281214277902
ergo_adaptive,169.25,0.0,0.12579330616749
ergo_adaptive,169.33333333333337,0.0,0.12581787033145975
ergo_adaptive,169.41666666666663,0.0,0.12584464451771887
ergo_adaptive,169.5,0.0,0.12587234508358933
ergo_adaptive,169.58333333333337,0.0,0.1259023045506157
ergo_adaptive,169.66666666666663,0.0,0.1259367907768812
ergo_adaptive,169.75,0.0,0.1259748938202721
ergo_adaptive,169.83333333333337,0.0,0.1260120136565
ergo_adaptive,169.91666666666663,0.0,0.12604822565142773
ergo_adaptive,170.0,0.0,0.12608743502936084
ergo_adaptive,170.08333333333337,0.0,0.1261309932111988
ergo_adaptive,170.16666666666663,0.0,0.1261739137898459
ergo_adaptive,170.25,0.0,0.12621568704743297
ergo_adaptive,170.33333333333337,0.0,0.1262587617139862
ergo_adaptive,170.41666666666663,0.0,0.12630407606329583
ergo_adaptive,170.5,0.0,0.12635036412281403
ergo_adaptive,170.58333333333337,0.0,0.12639588047895756
ergo_adaptive,170.66666666666663,0.0,0.12643995691599927
ergo_adaptive,170.75,0.0,0.12648382116270412
ergo_adaptive,170.83333333333337,0.0,0.1265291551992198
ergo_adaptive,170.91666666666663,0.0,0.12658067042013582
ergo_adaptive,171.0,0.0,0.12662976760548506
ergo_adaptive,171.08333333333337,0.0,0.12668307890537397
ergo_adaptive,171.16666666666663,0.0,0.12673575026387696
ergo_adaptive,171.25,0.0,0.12678697883221096
ergo_adaptive,171.33333333333337,0.0,0.12683824989171888
ergo_adaptive,171.41666666666663,0.0,0.12688399299434963
ergo_adaptive,171.5,0.0,0.12693363557939671
ergo_adaptive,171.58333333333337,0.0,0.12698265851158946
ergo_adaptive,171.66666666666663,0.0,0.12702673999813655
ergo_adaptive,171.75,0.0,0.12707492979762974
ergo_adaptive,171.83333333333337,0.0,0.12712175590804994
ergo_adaptive,171.91666666666663,0.0,0.12716350808308208
ergo_adaptive,172.0,0.0,0.12720926650099193
ergo_adaptive,172.08333333333337,0.0,0.12725333732370073
ergo_adaptive,172.16666666666663,0.0,0.1272920859830984
ergo_adaptive,172.25,0.0,0.12733538231718525
ergo_adaptive,172.33333333333337,0.0,0.12737207974340403
ergo_adaptive,172.41666666666663,0.0,0.1274155771496089
ergo_adaptive,172.5,0.0,0.1274500610207401
ergo_adaptive,172.58333333333337,0.0,0.12748329090671037
ergo_adaptive,172.66666666666663,0.0,0.1275183690450134
ergo_adaptive,172.75,0.0,0.12755046290834846
ergo_adaptive,172.83333333333337,0.0,0.12759229400334565
ergo_adaptive,172.91666666666663,0.0,0.127621239588495
ergo_adaptive,173.0,0.0,0.12765688761989288
ergo_adaptive,173.08333333333337,0.0,0.12769546438718324
ergo_adaptive,173.16666666666663,0.0,0.12772845409538125
ergo_adaptive,173.25,0.0,0.127768546158424
ergo_adaptive,173.33333333333337,0.0,0.12780873103339033
ergo_adaptive,173.41666666666663,0.0,0.12784281193590474
ergo_adaptive,173.5,0.0,0.12787288496997612
ergo_adaptive,173.58333333333337,0.0,0.12789406730558178
ergo_adaptive,173.66666666666663,0.0,0.12791384682452672
ergo_adaptive,173.75,0.0,0.12793410966524538
ergo_adaptive,173.83333333333337,0.0,0.1279526390993927
ergo_adaptive,173.91666666666663,0.0,0.1279677263108664
ergo_adaptive,174.0,0.0,0.12798004585837777
ergo_adaptive,174.08333333333337,0.0,0.12799067612306414
ergo_adaptive,174.16666666666663,0.0,0.12799935875117444
ergo_adaptive,174.25,0.0,0.12800444013078272
ergo_adaptive,174.33333333333337,0.0,0.12800564830125627
ergo_adaptive,174.41666666666663,0.0,0.12800639192269586
ergo_adaptive,174.5,0.0,0.1280113021731508
ergo_adaptive,174.58333333333337,0.0,0.1280126174499458
ergo_adaptive,174.66666666666663,0.0,0.12800514921558473
ergo_adaptive,174.75,0.0,0.12799301258070084
ergo_adaptive,174.83333333333337,0.0,0.12800407737003824
ergo_adaptive,174.91666666666663,0.0,0.1280141929915139
ergo_adaptive,175.0,0.0,0.12803106933957384
ergo_adaptive,175.08333333333337,0.0,0.12803242866975895
ergo_adaptive,175.16666666666663,0.0,0.12804560784150915
ergo_adaptive,175.25,0.0,0.12806601631161307
ergo_adaptive,175.33333333333337,0.0,0.1280756077848891
ergo_adaptive,175.41666666666663,0.0,0.12809133627357822
ergo_adaptive,175.5,0.0,0.1281121042614663
ergo_adaptive,175.58333333333337,0.0,0.12811977627861867
ergo_adaptive,175.66666666666663,0.0,0.12813489394317762
ergo_adaptive,175.75,0.0,0.12813287295957518
ergo_adaptive,175.83333333333337,0.0,0.12812581467015052
ergo_adaptive,175.91666666666663,0.0,0.12811362783133293
ergo_adaptive,176.0,0.0,0.12809655714478987
ergo_adaptive,176.08333333333337,0.0,0.12807430147871965
ergo_adaptive,176.16666666666663,0.0,0.12804959449916442
ergo_adaptive,176.25,0.0,0.12802586300084395
ergo_adaptive,176.33333333333337,0.0,0.1280025101135017
ergo_adaptive,176.41666666666663,0.0,0.12797506319097687
ergo_adaptive,176.5,0.0,0.12794360178919104
ergo_adaptive,176.58333333333337,0.0,0.1279147303374229
ergo_adaptive,176.66666666666663,0.0,0.12789216443789156
ergo_adaptive,176.75,0.0,0.12785965532494123
ergo_adaptive,176.83333333333337,0.0,0.1278159412773248
ergo_adaptive,176.91666666666663,0.0,0.1277720237737995
ergo_adaptive,177.0,0.0,0.12773511632787893
ergo_adaptive,177.08333333333337,0.0,0.12769578523922395
ergo_adaptive,177.16666666666663,0.0,0.12764715971665241
ergo_adaptive,177.25,0.0,0.12759411807995824
ergo_adaptive,177.33333333333337,0.0,0.12754313181552324
ergo_adaptive,177.41666666666663,0.0,0.12749411098025357
ergo_adaptive,177.5,0.0,0.1274425485318741
ergo_adaptive,177.58333333333337,0.0,0.1273866907005464
ergo_adaptive,177.66666666666663,0.0,0.12732972097020465
ergo_adaptive,177.75,0.0,0.12727506288133958
ergo_adaptive,177.83333333333337,0.0,0.12721654071266666
ergo_adaptive,177.91666666666663,0.0,0.12714357453130376
ergo_adaptive,178.0,0.0,0.12705930304413812
ergo_adaptive,178.08333333333337,0.0,0.12697888690035047
ergo_adaptive,178.16666666666663,0.0,0.12690353056889075
ergo_adaptive,178.25,0.0,0.1268036953839988
ergo_adaptive,178.33333333333337,0.0,0.12668698380962262
ergo_adaptive,178.41666666666663,0.0,0.12657166235327144
ergo_adaptive,178.5,0.0,0.12646279432788812
ergo_adaptive,178.58333333333337,0.0,0.12634785697203427
ergo_adaptive,178.66666666666663,0.0,0.1262215845698426
ergo_adaptive,178.75,0.0,0.12609178667694193
ergo_adaptive,178.83333333333337,0.0,0.1259676522805745
ergo_adaptive,178.91666666666663,0.0,0.12584907497108574
ergo_adaptive,179.0,0.0,0.12572584132707862
ergo_adaptive,179.08333333333337,0.0,0.12559322869664896
ergo_adaptive,179.16666666666663,0.0,0.12546326342056408
ergo_adaptive,179.25,0.0,0.12535400316127812
ergo_adaptive,179.33333333333337,0.0,0.12523549309638582
ergo_adaptive,179.41666666666663,0.0,0.12508308689291375
ergo_adaptive,179.5,0.0,0.12491916645893174
ergo_adaptive,179.58333333333337,0.0,0.1247673246240072
ergo_adaptive,179.66666666666663,0.0,0.12462221268214363
ergo_adaptive,179.75,0.0,0.1244663859793569
ergo_adaptive,179.83333333333337,0.0,0.12430050755713598
ergo_adaptive,179.91666666666663,0.0,0.12413645683814022
ergo_adaptive,180.0,0.0,0.12398352049591607
ergo_adaptive,180.08333333333337,0.0,0.1238373485627591
ergo_adaptive,180.16666666666663,0.0,0.12367862305913471
ergo_adaptive,180.25,0.0,0.12350378818418621
ergo_adaptive,180.33333333333337,0.0,0.12333484196689418
ergo_adaptive,180.41666666666663,0.0,0.12318109525906676
ergo_adaptive,180.5,0.0,0.12299612771516069
ergo_adaptive,180.58333333333337,0.0,0.12277224982939244
ergo_adaptive,180.66666666666663,0.0,0.12253682972828517
ergo_adaptive,180.75,0.0,0.12231263064681303
ergo_adaptive,180.83333333333337,0.0,0.12210678589289405
ergo_adaptive,180.91666666666663,0.0,0.12190800160245564
ergo_adaptive,181.0,0.0,0.12169692817301662
ergo_adaptive,181.08333333333337,0.0,0.12148470473947172
ergo_adaptive,181.16666666666663,0.0,0.12130550752414011
ergo_adaptive,181.25,0.0,0.12114775769226815
ergo_adaptive,181.33333333333337,0.0,0.12095284290622332
ergo_adaptive,181.41666666666663,0.0,0.12073798110708431
ergo_adaptive,181.5,0.0,0.12053988575986894
ergo_adaptive,181.58333333333337,0.0,0.12036988121284833
ergo_adaptive,181.66666666666663,0.0,0.12021034379492651
ergo_adaptive,181.75,0.0,0.12004944175872145
ergo_adaptive,181.83333333333337,0.0,0.11989540954076197
ergo_adaptive,181.91666666666663,0.0,0.11976030087680896
ergo_adaptive,182.0,0.0,0.1196407444855702
ergo_adaptive,182.08333333333337,0.0,0.11952367987675257
ergo_adaptive,182.16666666666663,0.0,0.1194082180732086
ergo_adaptive,182.25,0.0,0.11930585925550947
ergo_adaptive,182.33333333333337,0.0,0.11921958954070168
ergo_adaptive,182.41666666666663,0.0,0.11913741468477819
ergo_adaptive,182.5,0.0,0.11905350212616046
ergo_adaptive,182.58333333333337,0.0,0.11897664302046096
ergo_adaptive,182.66666666666663,0.0,0.11891353917518971
ergo_adaptive,182.75,0.0,0.11885613994377402
ergo_adaptive,182.83333333333337,0.0,0.11879656059669476
ergo_adaptive,182.91666666666663,0.0,0.11876700649553375
ergo_adaptive,183.0,0.0,0.11877605716790324
ergo_adaptive,183.08333333333337,0.0,0.11880659185325752
ergo_adaptive,183.16666666666663,0.0,0.11885087484306138
ergo_adaptive,183.25,0.0,0.11890359169971866
ergo_adaptive,183.33333333333337,0.0,0.11896867988406146
ergo_adaptive,183.41666666666663,0.0,0.1190215839439892
ergo_adaptive,183.5,0.0,0.11907524705070184
ergo_adaptive,183.58333333333337,0.0,0.11912991712695291
ergo_adaptive,183.66666666666663,0.0,0.11918650134377369
ergo_adaptive,183.75,0.0,0.1192498327717083
ergo_adaptive,183.83333333333337,0.0,0.11930171155866527
ergo_adaptive,183.91666666666663,0.0,0.11935796777676069
ergo_adaptive,184.0,0.0,0.11941483616686148
ergo_adaptive,184.08333333333337,0.0,0.11947823227059688
ergo_adaptive,184.16666666666663,0.0,0.11953117841017016
ergo_adaptive,184.25,0.0,0.11958294076178531
ergo_adaptive,184.33333333333337,0.0,0.11963436169081636
ergo_adaptive,184.41666666666663,0.0,0.1196863176981419
ergo_adaptive,184.5,0.0,0.11973969304374184
ergo_adaptive,184.58333333333337,0.0,0.11979729206598468
ergo_adaptive,184.66666666666663,0.0,0.11983956160771343
ergo_adaptive,184.75,0.0,0.1198867355264905
ergo_adaptive,184.83333333333337,0.0,0.11993277213451892
ergo_adaptive,184.91666666666663,0.0,0.11997999959618176
ergo_adaptive,185.0,0.0,0.12002909029700985
ergo_adaptive,185.08333333333337,0.0,0.12008444222122262
ergo_adaptive,185.16666666666663,0.0,0.12012051570374943
ergo_adaptive,185.25,0.0,0.1201570584107005
ergo_adaptive,185.33333333333337,0.0,0.12019564336601862
ergo_adaptive,185.41666666666663,0.0,0.12023619111398777
ergo_adaptive,185.5,0.0,0.12027969039336885
ergo_adaptive,185.58333333333337,0.0,0.12032788094799632
ergo_adaptive,185.66666666666663,0.0,0.12036255669973406
ergo_adaptive,185.75,0.0,0.12039825391817796
ergo_adaptive,185.83333333333337,0.0,0.12043774530086009
ergo_adaptive,185.91666666666663,0.0,0.12048142557164887
ergo_adaptive,186.0,0.0,0.12052013283445635
ergo_adaptive,186.08333333333337,0.0,0.12053744306221094
ergo_adaptive,186.16666666666663,0.0,0.12059104860587506
ergo_adaptive,186.25,0.0,0.12062485894082786
ergo_adaptive,186.33333333333337,0.0,0.1206642015032407
ergo_adaptive,186.41666666666663,0.0,0.1207072192084142
ergo_adaptive,186.5,0.0,0.12075604515217211
ergo_adaptive,186.58333333333337,0.0,0.12078868352038268
ergo_adaptive,186.66666666666663,0.0,0.12082805818283957
ergo_adaptive,186.75,0.0,0.12086981895135487
ergo_adaptive,186.83333333333337,0.0,0.12091479670080268
ergo_adaptive,186.91666666666663,0.0,0.12096430493152437
ergo_adaptive,187.0,0.0,0.12100558475987551
ergo_adaptive,187.08333333333337,0.0,0.12105699083548305
ergo_adaptive,187.16666666666663,0.0,0.12109038463948867
ergo_adaptive,187.25,0.0,0.12113036998234054
ergo_adaptive,187.33333333333337,0.0,0.12117002796109698
ergo_adaptive,187.41666666666663,0.0,0.12121155934786475
ergo_adaptive,187.5,0.0,0.12125503232962909
ergo_adaptive,187.58333333333337,0.0,0.12130098681325144
ergo_adaptive,187.66666666666663,0.0,0.12135162577258853
ergo_adaptive,187.75,0.0,0.12137023694467187
ergo_adaptive,187.83333333333337,0.0,0.12138647928765968
ergo_adaptive,187.91666666666663,0.0,0.12143441253376464
ergo_adaptive,188.0,0.0,0.12144903987838879
ergo_adaptive,188.08333333333337,0.0,0.12149273447971508
ergo_adaptive,188.16666666666663,0.0,0.12151598008992305
ergo_adaptive,188.25,0.0,0.12154053026864933
ergo_adaptive,188.33333333333337,0.0,0.12156395455147512
ergo_adaptive,188.41666666666663,0.0,0.12159036737384311
ergo_adaptive,188.5,0.0,0.12161920990474029
ergo_adaptive,188.58333333333337,0.0,0.12165039943017333
ergo_adaptive,188.66666666666663,0.0,0.12168419980220588
ergo_adaptive,188.75,0.0,0.12168552741911193
ergo_adaptive,188.83333333333337,0.0,0.12169989373380062
ergo_adaptive,188.91666666666663,0.0,0.12171546714967524
ergo_adaptive,189.0,0.0,0.12173528598726481
ergo_adaptive,189.08333333333337,0.0,0.12175867667185605
ergo_adaptive,189.16666666666663,0.0,0.12178533704189551
ergo_adaptive,189.25,0.0,0.12181528935747234
ergo_adaptive,189.33333333333337,0.0,0.12185007584182457
ergo_adaptive,189.41666666666663,0.0,0.12185059213700875
ergo_adaptive,189.5,0.0,0.1218836465845338
ergo_adaptive,189.58333333333337,0.0,0.12190189533935089
ergo_adaptive,189.66666666666663,0.0,0.12193428142741625
ergo_adaptive,189.75,0.0,0.12194076617069997
ergo_adaptive,189.83333333333337,0.0,0.12197544731086031
ergo_adaptive,189.91666666666663,0.0,0.12199228530867888
ergo_adaptive,190.0,0.0,0.12202519698994656
ergo_adaptive,190.08333333333337,0.0,0.12204857219706874
ergo_adaptive,190.16666666666663,0.0,0.12207501813581066
ergo_adaptive,190.25,0.0,0.12210062140771533
ergo_adaptive,190.33333333333337,0.0,0.12212859210444785
ergo_adaptive,190.41666666666663,0.0,0.12215908116769256
ergo_adaptive,190.5,0.0,0.12219219223245979
ergo_adaptive,190.58333333333337,0.0,0.12222776787119786
ergo_adaptive,190.66666666666663,0.0,0.12224598618793539
ergo_adaptive,190.75,0.0,0.12228345987923167
ergo_adaptive,190.83333333333337,0.0,0.12231212212794354
ergo_adaptive,190.91666666666663,0.0,0.12233547657722321
ergo_adaptive,191.0,0.0,0.12236086513733882
ergo_adaptive,191.08333333333337,0.0,0.12239207589702493
ergo_adaptive,191.16666666666663,0.0,0.12243076394875076
ergo_adaptive,191.25,0.0,0.12247427422386106
ergo_adaptive,191.33333333333337,0.0,0.12250022065094397
ergo_adaptive,191.41666666666663,0.0,0.12254125073670707
ergo_adaptive,191.5,0.0,0.12257406005512601
ergo_adaptive,191.58333333333337,0.0,0.12260794248935467
ergo_adaptive,191.66666666666663,0.0,0.12264179639044359
ergo_adaptive,191.75,0.0,0.1226752356512573
ergo_adaptive,191.83333333333337,0.0,0.12270847269578326
ergo_adaptive,191.91666666666663,0.0,0.12274154676641272
ergo_adaptive,192.0,0.0,0.12277471841248373
ergo_adaptive,192.08333333333337,0.0,0.12280223297176206
ergo_adaptive,192.16666666666663,0.0,0.12283396870351111
ergo_adaptive,192.25,0.0,0.12284068416587389
ergo_adaptive,192.33333333333337,0.0,0.12287237676003653
ergo_adaptive,192.41666666666663,0.0,0.12287735237657062
ergo_adaptive,192.5,0.0,0.12290811152292624
ergo_adaptive,192.58333333333337,0.0,0.12291056929451563
ergo_adaptive,192.66666666666663,0.0,0.1229405662019061
ergo_adaptive,192.75,0.0,0.12294158134156276
ergo_adaptive,192.83333333333337,0.0,0.12297019560162871
ergo_adaptive,192.91666666666663,0.0,0.12296778998937095
ergo_adaptive,193.0,0.0,0.122995910000255
ergo_adaptive,193.08333333333337,0.0,0.12299559622058422
ergo_adaptive,193.16666666666663,0.0,0.12301824779087164
ergo_adaptive,193.25,0.0,0.12301413258441163
ergo_adaptive,193.33333333333337,0.0,0.12304258196528459
ergo_adaptive,193.41666666666663,0.0,0.12304281589281037
ergo_adaptive,193.5,0.0,0.12303624910259818
ergo_adaptive,193.58333333333337,0.0,0.12306587671618642
ergo_adaptive,193.66666666666663,0.0,0.12306765656450544
ergo_adaptive,193.75,0.0,0.12307441021649694
ergo_adaptive,193.83333333333337,0.0,0.12308329063887974
ergo_adaptive,193.91666666666663,0.0,0.12309393665481703
ergo_adaptive,194.0,0.0,0.12310650490272862
ergo_adaptive,194.08333333333337,0.0,0.12312072927340907
ergo_adaptive,194.16666666666663,0.0,0.12313645037613472
ergo_adaptive,194.25,0.0,0.1231535785107394
ergo_adaptive,194.33333333333337,0.0,0.12317211249353241
ergo_adaptive,194.41666666666663,0.0,0.12319221119916952
ergo_adaptive,194.5,0.0,0.12321460145107363
ergo_adaptive,194.58333333333337,0.0,0.12321142933067694
ergo_adaptive,194.66666666666663,0.0,0.12321394451758093
ergo_adaptive,194.75,0.0,0.12322143604565687
ergo_adaptive,194.83333333333337,0.0,0.12323305009923763
ergo_adaptive,194.91666666666663,0.0,0.12324835054927251
ergo_adaptive,195.0,0.0,0.12326731004912304
ergo_adaptive,195.08333333333337,0.0,0.12329114783139872
ergo_adaptive,195.16666666666663,0.0,0.12329062048477486
ergo_adaptive,195.25,0.0,0.12329616989376736
ergo_adaptive,195.33333333333337,0.0,0.12330783760197335
ergo_adaptive,195.41666666666663,0.0,0.12332408533358066
ergo_adaptive,195.5,0.0,0.12334454495423264
ergo_adaptive,195.58333333333337,0.0,0.12336939936008094
ergo_adaptive,195.66666666666663,0.0,0.12340082051476302
ergo_adaptive,195.75,0.0,0.12340588165453006
ergo_adaptive,195.83333333333337,0.0,0.12341648290643671
ergo_adaptive,195.91666666666663,0.0,0.12344785027684876
ergo_adaptive,196.0,0.0,0.12346023705692899
ergo_adaptive,196.08333333333337,0.0,0.12347932026686925
ergo_adaptive,196.16666666666663,0.0,0.12350060312216313
ergo_adaptive,196.25,0.0,0.12352381647272316
ergo_adaptive,196.33333333333337,0.0,0.12354934578419752
ergo_adaptive,196.41666666666663,0.0,0.12357763177682651
ergo_adaptive,196.5,0.0,0.12358408749629139
ergo_adaptive,196.58333333333337,0.0,0.12361278154879632
ergo_adaptive,196.66666666666663,0.0,0.12362138834102551
ergo_adaptive,196.75,0.0,0.12363792163782712
ergo_adaptive,196.83333333333337,0.0,0.12365388420048554
ergo_adaptive,196.91666666666663,0.0,0.12367066293854444
ergo_adaptive,197.0,0.0,0.12368868504560887
ergo_adaptive,197.08333333333337,0.0,0.12370788743188518
ergo_adaptive,197.16666666666663,0.0,0.12372816371818152
ergo_adaptive,197.25,0.0,0.12374951622796365
ergo_adaptive,197.33333333333337,0.0,0.12377209410863442
ergo_adaptive,197.41666666666663,0.0,0.12379665932104453
ergo_adaptive,197.5,0.0,0.12379357825974573
ergo_adaptive,197.58333333333337,0.0,0.12381908001713464
ergo_adaptive,197.66666666666663,0.0,0.12381425344477885
ergo_adaptive,197.75,0.0,0.12384145661298061
ergo_adaptive,197.83333333333337,0.0,0.12383498605035219
ergo_adaptive,197.91666666666663,0.0,0.12386212019196814
ergo_adaptive,198.0,0.0,0.12385819994127678
ergo_adaptive,198.08333333333337,0.0,0.1238858563688975
ergo_adaptive,198.16666666666663,0.0,0.12387858369022677
ergo_adaptive,198.25,0.0,0.12390535296704186
ergo_adaptive,198.33333333333337,0.0,0.12390117268278074
ergo_adaptive,198.41666666666663,0.0,0.12392673018981694
ergo_adaptive,198.5,0.0,0.1239187311897
ergo_adaptive,198.58333333333337,0.0,0.12394593084865972
ergo_adaptive,198.66666666666663,0.0,0.12394265528455062
ergo_adaptive,198.75,0.0,0.12394306348423656
ergo_adaptive,198.83333333333337,0.0,0.12396861268855863
ergo_adaptive,198.91666666666663,0.0,0.1239678526896579
ergo_adaptive,199.0,0.0,0.12397150240059113
ergo_adaptive,199.08333333333337,0.0,0.12397846231683378
ergo_adaptive,199.16666666666663,0.0,0.12398826074183736
ergo_adaptive,199.25,0.0,0.12400055546394712
ergo_adaptive,199.33333333333337,0.0,0.12401503993515471
ergo_adaptive,199.41666666666663,0.0,0.12403155043984548
ergo_adaptive,199.5,0.0,0.12405004268430973
ergo_adaptive,199.58333333333337,0.0,0.12407068339892499
ergo_adaptive,199.66666666666663,0.0,0.12409453140642118
ergo_adaptive,199.75,0.0,0.1240883365494559
ergo_adaptive,199.83333333333337,0.0,0.12409071838161062
ergo_adaptive,199.91666666666663,0.0,0.1240906015583403
ergo_adaptive,200.0,0.0,0.12410262831177811
ergo_adaptive,200.08333333333337,0.0,0.12411314908441082
ergo_adaptive,200.16666666666663,0.0,0.1241267856294797
ergo_adaptive,200.25,0.0,0.1241430253372981
ergo_adaptive,200.33333333333337,0.0,0.12416169389863424
ergo_adaptive,200.41666666666663,0.0,0.12418278074698177
ergo_adaptive,200.5,0.0,0.12420667092615197
ergo_adaptive,200.58333333333337,0.0,0.12423252201438696
ergo_adaptive,200.66666666666663,0.0,0.12423417159352859
ergo_adaptive,200.75,0.0,0.12425350437759342
ergo_adaptive,200.83333333333337,0.0,0.12427531332452446
ergo_adaptive,200.91666666666663,0.0,0.12430161938236774
ergo_adaptive,201.0,0.0,0.12429712513515971
ergo_adaptive,201.08333333333337,0.0,0.12431497747954443
ergo_adaptive,201.16666666666663,0.0,0.12431576318586189
ergo_adaptive,201.25,0.0,0.12432167318867278
ergo_adaptive,201.33333333333337,0.0,0.12433914905649907
ergo_adaptive,201.41666666666663,0.0,0.1243635050270629
ergo_adaptive,201.5,0.0,0.12439083320344457
ergo_adaptive,201.58333333333337,0.0,0.1244041613648482
ergo_adaptive,201.66666666666663,0.0,0.12441230578137225
ergo_adaptive,201.75,0.0,0.1244262282077715
ergo_adaptive,201.83333333333337,0.0,0.1244424546522212
ergo_adaptive,201.91666666666663,0.0,0.12446134864593726
ergo_adaptive,202.0,0.0,0.12448265784522712
ergo_adaptive,202.08333333333337,0.0,0.12450634013464366
ergo_adaptive,202.16666666666663,0.0,0.12453269164121121
ergo_adaptive,202.25,0.0,0.12452192121819584
ergo_adaptive,202.33333333333337,0.0,0.12454928201937843
ergo_adaptive,202.41666666666663,0.0,0.12454136758642231
ergo_adaptive,202.5,0.0,0.12456687849571778
ergo_adaptive,202.58333333333337,0.0,0.12458160981810938
ergo_adaptive,202.66666666666663,0.0,0.12459461769416447
ergo_adaptive,202.75,0.0,0.12460896780674514
ergo_adaptive,202.83333333333337,0.0,0.12462453506990298
ergo_adaptive,202.91666666666663,0.0,0.12464118269173481
ergo_adaptive,203.0,0.0,0.1246588153080601
ergo_adaptive,203.08333333333337,0.0,0.12467737818044587
ergo_adaptive,203.16666666666663,0.0,0.12469685992521448
ergo_adaptive,203.25,0.0,0.12471731366466933
ergo_adaptive,203.33333333333337,0.0,0.12473901020321022
ergo_adaptive,203.41666666666663,0.0,0.12471950998641214
ergo_adaptive,203.5,0.0,0.12474321803992039
ergo_adaptive,203.58333333333337,0.0,0.12473196567951231
ergo_adaptive,203.66666666666663,0.0,0.12473931859850719
ergo_adaptive,203.75,0.0,0.12475472084010329
ergo_adaptive,203.83333333333337,0.0,0.12477204424652841
ergo_adaptive,203.91666666666663,0.0,0.12479089851034887
ergo_adaptive,204.0,0.0,0.1248119559914634
ergo_adaptive,204.08333333333337,0.0,0.12479044883434759
ergo_adaptive,204.16666666666663,0.0,0.12480169718611582
ergo_adaptive,204.25,0.0,0.1247987086118227
ergo_adaptive,204.33333333333337,0.0,0.12480063080285288
ergo_adaptive,204.41666666666663,0.0,0.12480611156110788
ergo_adaptive,204.5,0.0,0.12481460015484137
ergo_adaptive,204.58333333333337,0.0,0.12482568812089259
ergo_adaptive,204.66666666666663,0.0,0.12483909181528964
ergo_adaptive,204.75,0.0,0.1248546662012649
ergo_adaptive,204.83333333333337,0.0,0.12487248651659438
ergo_adaptive,204.91666666666663,0.0,0.12485537237466741
ergo_adaptive,205.0,0.0,0.12485953342904109
ergo_adaptive,205.08333333333337,0.0,0.12486325915618955
ergo_adaptive,205.16666666666663,0.0,0.12486988211896699
ergo_adaptive,205.25,0.0,0.12487976032728285
ergo_adaptive,205.33333333333337,0.0,0.12489271712014348
ergo_adaptive,205.41666666666663,0.0,0.12490861023632445
ergo_adaptive,205.5,0.0,0.12492754527711933
ergo_adaptive,205.58333333333337,0.0,0.12492092515076321
ergo_adaptive,205.66666666666663,0.0,0.12492208564417347
ergo_adaptive,205.75,0.0,0.1249285289366254
ergo_adaptive,205.83333333333337,0.0,0.1249400744136596
ergo_adaptive,205.91666666666663,0.0,0.12495592658577481
ergo_adaptive,206.0,0.0,0.1249756581327887
ergo_adaptive,206.08333333333337,0.0,0.124999202895989
ergo_adaptive,206.16666666666663,0.0,0.12502705500444294
ergo_adaptive,206.25,0.0,0.1250592615077107
ergo_adaptive,206.33333333333337,0.0,0.12507915344394294
ergo_adaptive,206.41666666666663,0.0,0.12510100303729335
ergo_adaptive,206.5,0.0,0.12512609581684164
ergo_adaptive,206.58333333333337,0.0,0.125154899362639
ergo_adaptive,206.66666666666663,0.0,0.12518705431265015
ergo_adaptive,206.75,0.0,0.1252191564322999
ergo_adaptive,206.83333333333337,0.0,0.12522447440912315
ergo_adaptive,206.91666666666663,0.0,0.12520179577000326
ergo_adaptive,207.0,0.0,0.12518671016106722
ergo_adaptive,207.08333333333337,0.0,0.12517240956878634
ergo_adaptive,207.16666666666663,0.0,0.1251375266882801
ergo_adaptive,207.25,0.0,0.12508877818517447
ergo_adaptive,207.33333333333337,0.0,0.1250406918734667
ergo_adaptive,207.41666666666663,0.0,0.12498977556408171
ergo_adaptive,207.5,0.0,0.12492641147253546
ergo_adaptive,207.58333333333337,0.0,0.12485678449236949
ergo_adaptive,207.66666666666663,0.0,0.12479221782923211
ergo_adaptive,207.75,0.0,0.12473596420260852
ergo_adaptive,207.83333333333337,0.0,0.12468249423950116
ergo_adaptive,207.91666666666663,0.0,0.12462745655583664
ergo_adaptive,208.0,0.0,0.12457401993185277
ergo_adaptive,208.08333333333337,0.0,0.12452862415727249
ergo_adaptive,208.16666666666663,0.0,0.12448973456267905
ergo_adaptive,208.25,0.0,0.12444692184298028
ergo_adaptive,208.33333333333337,0.0,0.12439996272483497
ergo_adaptive,208.41666666666663,0.0,0.12436070821546075
ergo_adaptive,208.5,0.0,0.1243369580712963
ergo_adaptive,208.58333333333337,0.0,0.12430403281425785
ergo_adaptive,208.66666666666663,0.0,0.12425843766042607
ergo_adaptive,208.75,0.0,0.12421501623351607
ergo_adaptive,208.83333333333337,0.0,0.12418446448740969
ergo_adaptive,208.91666666666663,0.0,0.12415484620865115
ergo_adaptive,209.0,0.0,0.12411556525120196
ergo_adaptive,209.08333333333337,0.0,0.12407368600519948
ergo_adaptive,209.16666666666663,0.0,0.12403847405751216
ergo_adaptive,209.25,0.0,0.12400859890173896
ergo_adaptive,209.33333333333337,0.0,0.12397659003730678
ergo_adaptive,209.41666666666663,0.0,0.12394188895852434
ergo_adaptive,209.5,0.0,0.12391015247050063
ergo_adaptive,209.58333333333337,0.0,0.12388430367940918
ergo_adaptive,209.66666666666663,0.0,0.12386070001819705
ergo_adaptive,209.75,0.0,0.12383584121115082
ergo_adaptive,209.83333333333337,0.0,0.12381257632191635
ergo_adaptive,209.91666666666663,0.0,0.12379613025918933
ergo_adaptive,210.0,0.0,0.12378478151792162
ergo_adaptive,210.08333333333337,0.0,0.12377069640554954
ergo_adaptive,210.16666666666663,0.0,0.12375425323031644
ergo_adaptive,210.25,0.0,0.12374435354097463
ergo_adaptive,210.33333333333337,0.0,0.1237449934805287
ergo_adaptive,210.41666666666663,0.0,0.12374054744698615
ergo_adaptive,210.5,0.0,0.12372788836918754
ergo_adaptive,210.58333333333337,0.0,0.12371880318692675
ergo_adaptive,210.66666666666663,0.0,0.12372400957655379
ergo_adaptive,210.75,0.0,0.12372829620623899
ergo_adaptive,210.83333333333337,0.0,0.12372191352927027
ergo_adaptive,210.91666666666663,0.0,0.12371449429395674
ergo_adaptive,211.0,0.0,0.12371583657692328
ergo_adaptive,211.08333333333337,0.0,0.12372289433429004
ergo_adaptive,211.16666666666663,0.0,0.12372689429449339
ergo_adaptive,211.25,0.0,0.12372923623250279
ergo_adaptive,211.33333333333337,0.0,0.12373588744998934
ergo_adaptive,211.41666666666663,0.0,0.12374823364931618
ergo_adaptive,211.5,0.0,0.12376246154316672
ergo_adaptive,211.58333333333337,0.0,0.12377645672325202
ergo_adaptive,211.66666666666663,0.0,0.12379227084323717
ergo_adaptive,211.75,0.0,0.12381247018088895
ergo_adaptive,211.83333333333337,0.0,0.12383583536431926
ergo_adaptive,211.91666666666663,0.0,0.12385883289537597
ergo_adaptive,212.0,0.0,0.12388184384351605
ergo_adaptive,212.08333333333337,0.0,0.12390938146870581
ergo_adaptive,212.16666666666663,0.0,0.12394337018232864
ergo_adaptive,212.25,0.0,0.12397660698124974
ergo_adaptive,212.33333333333337,0.0,0.12400693748088226
ergo_adaptive,212.41666666666663,0.0,0.1240399920340816
ergo_adaptive,212.5,0.0,0.1240804701866953
ergo_adaptive,212.58333333333337,0.0,0.12412175889030147
ergo_adaptive,212.66666666666663,0.0,0.12415931573983224
ergo_adaptive,212.75,0.0,0.1241969091909924
ergo_adaptive,212.83333333333337,0.0,0.12423816235246232
ergo_adaptive,212.91666666666663,0.0,0.12428272375903784
ergo_adaptive,213.0,0.0,0.12432867356025405
ergo_adaptive,213.08333333333337,0.0,0.12437580763380045
ergo_adaptive,213.16666666666663,0.0,0.12442535130864919
ergo_adaptive,213.25,0.0,0.12447847623041969
ergo_adaptive,213.33333333333337,0.0,0.12453437658845151
ergo_adaptive,213.41666666666663,0.0,0.12459368767820021
ergo_adaptive,213.5,0.0,0.12465718404162734
ergo_adaptive,213.58333333333337,0.0,0.12472333612491925
ergo_adaptive,213.66666666666663,0.0,0.12479116136464441
ergo_adaptive,213.75,0.0,0.12485752638998578
ergo_adaptive,213.83333333333337,0.0,0.12492521093456667
ergo_adaptive,213.91666666666663,0.0,0.12499294445903004
ergo_adaptive,214.0,0.0,0.12505988222627934
ergo_adaptive,214.08333333333337,0.0,0.12512559683144506
ergo_adaptive,214.16666666666663,0.0,0.12518987734628834
ergo_adaptive,214.25,0.0,0.125252598735825
ergo_adaptive,214.33333333333337,0.0,0.12531369302892773
ergo_adaptive,214.41666666666663,0.0,0.1253731398166019
ergo_adaptive,214.5,0.0,0.12543095877303825
ergo_adaptive,214.58333333333337,0.0,0.12548720175044428
ergo_adaptive,214.66666666666663,0.0,0.12554194464379098
ergo_adaptive,214.75,0.0,0.12559527965491094
ergo_adaptive,214.83333333333337,0.0,0.12564730846729907
ergo_adaptive,214.91666666666663,0.0,0.12569813660931994
ergo_adaptive,215.0,0.0,0.12574786907582794
ergo_adaptive,215.08333333333337,0.0,0.1257966071348308
ergo_adaptive,215.16666666666663,0.0,0.1258444461652366
ergo_adaptive,215.25,0.0,0.12589147433922732
ergo_adaptive,215.33333333333337,0.0,0.12593777196206402
ergo_adaptive,215.41666666666663,0.0,0.12598341129958338
ergo_adaptive,215.5,0.0,0.12602845674950935
ergo_adaptive,215.58333333333337,0.0,0.12607296524065842
ergo_adaptive,215.66666666666663,0.0,0.12611698677048827
ergo_adaptive,215.75,0.0,0.12616056501442446
ergo_adaptive,215.83333333333337,0.0,0.12620373795936374
ergo_adaptive,215.91666666666663,0.0,0.12624653852876558
ergo_adaptive,216.0,0.0,0.12628899517822031
ergo_adaptive,216.08333333333337,0.0,0.1263311324488888
ergo_adaptive,216.16666666666663,0.0,0.12637297147231966
ergo_adaptive,216.25,0.0,0.12641453042439765
ergo_adaptive,216.33333333333337,0.0,0.12645582492901614
ergo_adaptive,216.41666666666663,0.0,0.12649686841386287
ergo_adaptive,216.5,0.0,0.12653767242176117
ergo_adaptive,216.58333333333337,0.0,0.12657824688153255
ergo_adaptive,216.66666666666663,0.0,0.12661860034252026
ergo_adaptive,216.75,0.0,0.1266587401768481
ergo_adaptive,216.83333333333337,0.0,0.12669867275328467
ergo_adaptive,216.91666666666663,0.0,0.12673840358629196
ergo_adaptive,217.0,0.0,0.1267779374635106
ergo_adaptive,217.08333333333337,0.0,0.12681727855459352
ergo_adaptive,217.16666666666663,0.0,0.12685643050396783
ergo_adaptive,217.25,0.0,0.1268953965097926
ergo_adaptive,217.33333333333337,0.0,0.12693417939108909
ergo_adaptive,217.41666666666663,0.0,0.12697278164476095
ergo_adaptive,217.5,0.0,0.12701120549398606
ergo_adaptive,217.58333333333337,0.0,0.1270494529292578
ergo_adaptive,217.66666666666663,0.0,0.12708752574316948
ergo_adaptive,217.75,0.0,0.12712542555988143
ergo_adaptive,217.83333333333337,0.0,0.12716315386007068
ergo_adaptive,217.91666666666663,0.0,0.12720071200204644
ergo_adaptive,218.0,0.0,0.1272381012396138
ergo_adaptive,218.08333333333337,0.0,0.12727532273717976
ergo_adaptive,218.16666666666663,0.0,0.12731237758252245
ergo_adaptive,218.25,0.0,0.1273492667975797
ergo_adaptive,218.33333333333337,0.0,0.12738599134756018
ergo_adaptive,218.41666666666663,0.0,0.12742255214863318
ergo_adaptive,218.5,0.0,0.127458950074415
ergo_adaptive,218.58333333333337,0.0,0.1274951859614346
ergo_adaptive,218.66666666666663,0.0,0.12753126061373568
ergo_adaptive,218.75,0.0,0.12756717480674554
ergo_adaptive,218.83333333333337,0.0,0.1276029292905228
ergo_adaptive,218.91666666666663,0.0,0.12763852479247756
ergo_adaptive,219.0,0.0,0.1276739620196433
ergo_adaptive,219.08333333333337,0.0,0.1277092416605675
ergo_adaptive,219.16666666666663,0.0,0.12774436438687742
ergo_adaptive,219.25,0.0,0.12777933085456825
ergo_adaptive,219.33333333333337,0.0,0.1278141417050535
ergo_adaptive,219.41666666666663,0.0,0.12784879756601097
ergo_adaptive,219.5,0.0,0.1278832990520522
ergo_adaptive,219.58333333333337,0.0,0.12791764676523842
ergo_adaptive,219.66666666666663,0.0,0.12795184129546205
ergo_adaptive,219.75,0.0,0.12798589708791475
ergo_adaptive,219.83333333333337,0.0,0.12801982260123895
ergo_adaptive,219.91666666666663,0.0,0.12805361488069922
ergo_adaptive,220.0,0.0,0.12808727270912867
ergo_adaptive,220.08333333333337,0.0,0.12812079494355247
ergo_adaptive,220.16666666666663,0.0,0.12815418072682971
ergo_adaptive,220.25,0.0,0.12818742941036182
ergo_adaptive,220.33333333333337,0.0,0.1282205405329653
ergo_adaptive,220.41666666666663,0.0,0.1282535137923977
ergo_adaptive,220.5,0.0,0.1282863490226544
ergo_adaptive,220.58333333333337,0.0,0.12831904617360698
ergo_adaptive,220.66666666666663,0.0,0.12835160529352865
ergo_adaptive,220.75,0.0,0.12838402651396327
ergo_adaptive,220.83333333333337,0.0,0.1284163100367335
ergo_adaptive,220.91666666666663,0.0,0.1284484561227939
ergo_adaptive,221.0,0.0,0.12848046508269792
ergo_adaptive,221.08333333333337,0.0,0.12851233726845684
ergo_adaptive,221.16666666666663,0.0,0.12854407306659976
ergo_adaptive,221.25,0.0,0.12857567289226424
ergo_adaptive,221.33333333333337,0.0,0.12860713718417002
ergo_adaptive,221.41666666666663,0.0,0.1286384664003469
ergo_adaptive,221.5,0.0,0.1286696610145062
ergo_adaptive,221.58333333333337,0.0,0.12870072151295964
ergo_adaptive,221.66666666666663,0.0,0.12873164839200438
ergo_adaptive,221.75,0.0,0.12876244215570307
ergo_adaptive,221.83333333333337,0.0,0.1287931033139993
ergo_adaptive,221.91666666666663,0.0,0.12882363238111752
ergo_adaptive,222.0,0.0,0.1288540298742023
ergo_adaptive,222.08333333333337,0.0,0.12888429631216397
ergo_adaptive,222.16666666666663,0.0,0.1289144322146877
ergo_adaptive,222.25,0.0,0.12894443810140885
ergo_adaptive,222.33333333333337,0.0,0.12897431449114846
ergo_adaptive,222.41666666666663,0.0,0.12900406190145233
ergo_adaptive,222.5,0.0,0.12903368084745784
ergo_adaptive,222.58333333333337,0.0,0.1290631718442196
ergo_adaptive,222.66666666666663,0.0,0.12909253539068793
ergo_adaptive,222.75,0.0,0.12912177208005401
ergo_adaptive,222.83333333333337,0.0,0.12915088155166157
ergo_adaptive,222.91666666666663,0.0,0.12917987718810547
ergo_adaptive,223.0,0.0,0.12920844695077724
ergo_adaptive,223.08333333333337,0.0,0.1292456372256513
ergo_adaptive,223.16666666666663,0.0,0.1292752108096711
ergo_adaptive,223.25,0.0,0.12930114319440628
ergo_adaptive,223.33333333333337,0.0,0.12931728254605662
ergo_adaptive,223.41666666666663,0.0,0.12933184564292607
ergo_adaptive,223.5,0.0,0.12934775426926115
ergo_adaptive,223.58333333333337,0.0,0.12936095976394027
ergo_adaptive,223.66666666666663,0.0,0.12936880148676916
ergo_adaptive,223.75,0.0,0.1293730501898495
ergo_adaptive,223.83333333333337,0.0,0.12937550266853348
ergo_adaptive,223.91666666666663,0.0,0.12937452204258237
ergo_adaptive,224.0,0.0,0.1293673689264921
ergo_adaptive,224.08333333333337,0.0,0.12935416419346465
ergo_adaptive,224.16666666666663,0.0,0.12933858964276673
ergo_adaptive,224.25,0.0,0.1293242116001514
ergo_adaptive,224.33333333333337,0.0,0.12930545525213535
ergo_adaptive,224.41666666666663,0.0,0.1292747636964671
ergo_adaptive,224.5,0.0,0.12923661795771774
ergo_adaptive,224.58333333333337,0.0,0.1291999501474904
ergo_adaptive,224.66666666666663,0.0,0.12915850636662082
ergo_adaptive,224.75,0.0,0.1291253187452291
ergo_adaptive,224.83333333333337,0.0,0.12911380517569807
ergo_adaptive,224.91666666666663,0.0,0.1291139088761084
ergo_adaptive,225.0,0.0,0.12912074589560085
ergo_adaptive,225.08333333333337,0.0,0.12913164903284502
ergo_adaptive,225.16666666666663,0.0,0.12914500194953127
ergo_adaptive,225.25,0.0,0.12915833893857306
ergo_adaptive,225.33333333333337,0.0,0.12918688265084424
ergo_adaptive,225.41666666666663,0.0,0.12921985435372593
ergo_adaptive,225.5,0.0,0.12924497182019595
ergo_adaptive,225.58333333333337,0.0,0.12927832276568957
ergo_adaptive,225.66666666666663,0.0,0.12930151983054475
ergo_adaptive,225.75,0.0,0.12930654608445527
ergo_adaptive,225.83333333333337,0.0,0.12932726941124628
ergo_adaptive,225.91666666666663,0.0,0.12934756865683777
ergo_adaptive,226.0,0.0,0.12936729140954123
ergo_adaptive,226.08333333333337,0.0,0.12938642769055955
ergo_adaptive,226.16666666666663,0.0,0.129404883003873
ergo_adaptive,226.25,0.0,0.1294336106158927
ergo_adaptive,226.33333333333337,0.0,0.12945056474135427
ergo_adaptive,226.41666666666663,0.0,0.12947833933241829
ergo_adaptive,226.5,0.0,0.12949408024597725
ergo_adaptive,226.58333333333337,0.0,0.12952105094234306
ergo_adaptive,226.66666666666663,0.0,0.1295358198475589
ergo_adaptive,226.75,0.0,0.12956215269149732
ergo_adaptive,226.83333333333337,0.0,0.1295759633599538
ergo_adaptive,226.91666666666663,0.0,0.12960178133434566
ergo_adaptive,227.0,0.0,0.1296176647451782
ergo_adaptive,227.08333333333337,0.0,0.12964275611596973
ergo_adaptive,227.16666666666663,0.0,0.12967074877083032
ergo_adaptive,227.25,0.0,0.12968101689905512
ergo_adaptive,227.33333333333337,0.0,0.12967475123099834
ergo_adaptive,227.41666666666663,0.0,0.12966014078009086
ergo_adaptive,227.5,0.0,0.12964063517257418
ergo_adaptive,227.58333333333337,0.0,0.1296064204498994
ergo_adaptive,227.66666666666663,0.0,0.1295677835618008
ergo_adaptive,227.75,0.0,0.12952208487032615
ergo_adaptive,227.83333333333337,0.0,0.1294696675829474
ergo_adaptive,227.91666666666663,0.0,0.1294157751202479
ergo_adaptive,228.0,0.0,0.12936425898040346
ergo_adaptive,228.08333333333337,0.0,0.1293105507281138
ergo_adaptive,228.16666666666663,0.0,0.129247007360786
ergo_adaptive,228.25,0.0,0.12917649181035182
ergo_adaptive,228.33333333333337,0.0,0.12911214860487658
ergo_adaptive,228.41666666666663,0.0,0.12905563834045244
ergo_adaptive,228.5,0.0,0.1289745743949304
ergo_adaptive,228.58333333333337,0.0,0.12887713109995183
ergo_adaptive,228.66666666666663,0.0,0.1287834932927686
ergo_adaptive,228.75,0.0,0.12870060329455124
ergo_adaptive,228.83333333333337,0.0,0.12861527797118405
ergo_adaptive,228.91666666666663,0.0,0.12852049199331222
ergo_adaptive,229.0,0.0,0.1284223187344686
ergo_adaptive,229.08333333333337,0.0,0.12832891747052852
ergo_adaptive,229.16666666666663,0.0,0.12824085177857286
ergo_adaptive,229.25,0.0,0.1281516242702927
ergo_adaptive,229.33333333333337,0.0,0.12805851128964943
ergo_adaptive,229.41666666666663,0.0,0.12796927861030014
ergo_adaptive,229.5,0.0,0.12789290597142924
ergo_adaptive,229.58333333333337,0.0,0.1278159026119694
ergo_adaptive,229.66666666666663,0.0,0.12772126769716938
ergo_adaptive,229.75,0.0,0.1276192023535001
ergo_adaptive,229.83333333333337,0.0,0.12752915622420286
ergo_adaptive,229.91666666666663,0.0,0.12744535587444655
ergo_adaptive,230.0,0.0,0.12734309549599457
ergo_adaptive,230.08333333333337,0.0,0.12722806708332832
ergo_adaptive,230.16666666666663,0.0,0.1271167431606432
ergo_adaptive,230.25,0.0,0.12701465175550689
ergo_adaptive,230.33333333333337,0.0,0.12691336529580924
ergo_adaptive,230.41666666666663,0.0,0.12680719838905294
ergo_adaptive,230.5,0.0,0.126700007485748
ergo_adaptive,230.58333333333337,0.0,0.126599046921333
ergo_adaptive,230.66666666666663,0.0,0.12650426703020362
ergo_adaptive,230.75,0.0,0.12640519641892276
ergo_adaptive,230.83333333333337,0.0,0.12629791336207824
ergo_adaptive,230.91666666666663,0.0,0.12619415399905579
ergo_adaptive,231.0,0.0,0.1261087025059165
ergo_adaptive,231.08333333333337,0.0,0.12601496286918473
ergo_adaptive,231.16666666666663,0.0,0.12589722725477187
ergo_adaptive,231.25,0.0,0.12577343251331202
ergo_adaptive,231.33333333333337,0.0,0.12566169128415533
ergo_adaptive,231.41666666666663,0.0,0.12555407657589446
ergo_adaptive,231.5,0.0,0.1254347728048818
ergo_adaptive,231.58333333333337,0.0,0.12530709573740972
ergo_adaptive,231.66666666666663,0.0,0.12518226478396466
ergo_adaptive,231.75,0.0,0.12506475358670494
ergo_adaptive,231.83333333333337,0.0,0.12494841657550315
ergo_adaptive,231.91666666666663,0.0,0.12482437113199915
ergo_adaptive,232.0,0.0,0.12469477521591749
ergo_adaptive,232.08333333333337,0.0,0.12457499484507589
ergo_adaptive,232.16666666666663,0.0,0.12447041079373877
ergo_adaptive,232.25,0.0,0.12433683524902799
ergo_adaptive,232.33333333333337,0.0,0.12417108650435782
ergo_adaptive,232.41666666666663,0.0,0.12399734505627424
ergo_adaptive,232.5,0.0,0.12382872498258993
ergo_adaptive,232.58333333333337,0.0,0.12365646711617596
ergo_adaptive,232.66666666666663,0.0,0.12347430402345967
ergo_adaptive,232.75,0.0,0.1232877388085804
ergo_adaptive,232.83333333333337,0.0,0.1231102310113908
ergo_adaptive,232.91666666666663,0.0,0.12295403911421429
ergo_adaptive,233.0,0.0,0.12279894882805661
ergo_adaptive,233.08333333333337,0.0,0.12260760178890795
ergo_adaptive,233.16666666666663,0.0,0.1223892733375993
ergo_adaptive,233.25,0.0,0.12216777214481675
ergo_adaptive,233.33333333333337,0.0,0.12193809315990292
ergo_adaptive,233.41666666666663,0.0,0.12168576798925335
ergo_adaptive,233.5,0.0,0.12141429301613928
ergo_adaptive,233.58333333333337,0.0,0.12113041633898443
ergo_adaptive,233.66666666666663,0.0,0.12084589699318214
ergo_adaptive,233.75,0.0,0.12056981668742044
ergo_adaptive,233.83333333333337,0.0,0.12027150010162815
ergo_adaptive,233.91666666666663,0.0,0.11993441143326147
ergo_adaptive,234.0,0.0,0.11958211609585308
ergo_adaptive,234.08333333333337,0.0,0.11923211205086454
ergo_adaptive,234.16666666666663,0.0,0.11889442795442383
ergo_adaptive,234.25,0.0,0.11857896532105713
ergo_adaptive,234.33333333333337,0.0,0.11825532891522118
ergo_adaptive,234.41666666666663,0.0,0.11789652436925156
ergo_adaptive,234.5,0.0,0.11752282630884522
ergo_adaptive,234.58333333333337,0.0,0.11715887918129106
ergo_adaptive,234.66666666666663,0.0,0.1168277549860592
ergo_adaptive,234.75,0.0,0.11656070059212048
ergo_adaptive,234.83333333333337,0.0,0.11629979183197224
ergo_adaptive,234.91666666666663,0.0,0.11596740441608665
ergo_adaptive,235.0,0.0,0.11560373753884802
ergo_adaptive,235.08333333333337,0.0,0.11525979446907213
ergo_adaptive,235.16666666666663,0.0,0.11495556063332936
ergo_adaptive,235.25,0.0,0.11468571433874247
ergo_adaptive,235.33333333333337,0.0,0.11442648353758586
ergo_adaptive,235.41666666666663,0.0,0.11416197280839778
ergo_adaptive,235.5,0.0,0.11391849433971316
ergo_adaptive,235.58333333333337,0.0,0.11372614327605139
ergo_adaptive,235.66666666666663,0.0,0.11349550180437408
ergo_adaptive,235.75,0.0,0.11319119838586218
ergo_adaptive,235.83333333333337,0.0,0.11285517313543338
ergo_adaptive,235.91666666666663,0.0,0.11252117806985748
ergo_adaptive,236.0,0.0,0.11220153680210374
ergo_adaptive,236.08333333333337,0.0,0.1119090902632582
ergo_adaptive,236.16666666666663,0.0,0.11159874326249772
ergo_adaptive,236.25,0.0,0.11118600401299954
ergo_adaptive,236.33333333333337,0.0,0.11070432014109802
ergo_adaptive,236.41666666666663,0.0,0.11022158152953516
ergo_adaptive,236.5,0.0,0.10976827992855309
ergo_adaptive,236.58333333333337,0.00021668142419983716,0.10931091166240844
ergo_adaptive,236.66666666666663,7.240562530675041e-5,0.10881978775372457
ergo_adaptive,236.75,2.9114831275762017e-5,0.10831995736479506
ergo_adaptive,236.83333333333337,0.0001335857577206107,0.10786545484431312
ergo_adaptive,236.91666666666663,6.818587607672992e-5,0.10746220550939894
ergo_adaptive,237.0,0.00010531228378074174,0.1073481492401048
ergo_adaptive,237.08333333333337,0.00011826542133673523,0.10722727258633882
ergo_adaptive,237.16666666666663,7.442795882989977e-5,0.10708643388531676
ergo_adaptive,237.25,8.568645553503712e-5,0.10712365244233933
ergo_adaptive,237.33333333333337,1.2769280118727591e-6,0.10721352506040341
ergo_adaptive,237.41666666666663,3.5989911235953546e-5,0.10727574353325804
ergo_adaptive,237.5,0.0,0.1073567659510389
ergo_adaptive,237.58333333333337,1.2209977784753632e-5,0.10740678368337957
ergo_adaptive,237.66666666666663,1.3158360045299273e-5,0.10736427465823631
ergo_adaptive,237.75,7.112260348305041e-5,0.10718168153944663
ergo_adaptive,237.83333333333337,0.0002518304950257757,0.10686401331213674
ergo_adaptive,237.91666666666663,0.00022559626086273343,0.10647370559378466
ergo_adaptive,238.0,0.0001755024151118705,0.1061665629068722
ergo_adaptive,238.08333333333337,0.00038785204857323647,0.10604400374972478
ergo_adaptive,238.16666666666663,0.0004965411146614185,0.10583352747491494
ergo_adaptive,238.25,0.0005803772419115124,0.10551965722731889
ergo_adaptive,238.33333333333337,0.0005196044384161982,0.10512761471369417
ergo_adaptive,238.41666666666663,0.0006449351620787487,0.1049767746872177
ergo_adaptive,238.5,0.0010668786086354722,0.10480500945209217
ergo_adaptive,238.58333333333337,0.001157677588703146,0.10456031008407396
ergo_adaptive,238.66666666666663,0.0007579240399923481,0.1042573252643515
ergo_adaptive,238.75,0.0014057436328774487,0.10418648190543998
ergo_adaptive,238.83333333333337,0.001087272721203856,0.1040952460384188
ergo_adaptive,238.91666666666663,0.0009740288944858266,0.10400832794553508
ergo_adaptive,239.0,0.0007713890410200281,0.10404383571363397
ergo_adaptive,239.08333333333337,0.0006937103512671947,0.10412608023788637
ergo_adaptive,239.16666666666663,0.0006621324629683396,0.10420799133370039
ergo_adaptive,239.25,0.0006783303336721673,0.10428557114685623
ergo_adaptive,239.33333333333337,0.0004241739654251997,0.10435540792723275
ergo_adaptive,239.41666666666663,0.00014092554258600705,0.10442913788786587
ergo_adaptive,239.5,4.3700438085627485e-5,0.1045020838100687
ergo_adaptive,239.58333333333337,3.3797381289385505e-6,0.10456999032138926
ergo_adaptive,239.66666666666663,2.9212836530705485e-5,0.10461185186394972
ergo_adaptive,239.75,0.00019117920667604095,0.10466827359531464
ergo_adaptive,239.83333333333337,0.0002199937706551483,0.10470742343324495
ergo_adaptive,239.91666666666663,0.00014759954059083172,0.10474611168535405
ergo_adaptive,240.0,7.815536226580812e-5,0.10479697470072823
ergo_adaptive,240.08333333333337,0.00014510128678408538,0.10484701127478012
ergo_adaptive,240.16666666666663,0.00023630943824266842,0.10488191223747294
ergo_adaptive,240.25,0.0005204883168154824,0.10491353142113645
ergo_adaptive,240.33333333333337,0.0004795325970367716,0.10492928681608708
ergo_adaptive,240.41666666666663,0.0006201564413386103,0.10494983576843332
ergo_adaptive,240.5,0.0009842314345741938,0.10494538113581514
ergo_adaptive,240.58333333333337,0.0009989858663626068,0.10485802827723409
ergo_adaptive,240.66666666666663,0.001238161545826193,0.10464283193946154
ergo_adaptive,240.75,0.0016836147583359055,0.10433164518363003
ergo_adaptive,240.83333333333337,0.0013267799432060189,0.10398038386841003
ergo_adaptive,240.91666666666663,0.0013202739484156991,0.1038807893226712
ergo_adaptive,241.0,0.0018601469247180918,0.10385571518885088
ergo_adaptive,241.08333333333337,0.0013625171250563298,0.10378134535890209
ergo_adaptive,241.16666666666663,0.0010077651654413335,0.10379286024697144
ergo_adaptive,241.25,0.0005488530476955304,0.10385569756150699
ergo_adaptive,241.33333333333337,0.0006880092843593307,0.10392746054140674
ergo_adaptive,241.41666666666663,0.00038739278551511586,0.10399155715576706
ergo_adaptive,241.5,0.00026497670677081043,0.10405884832293613
ergo_adaptive,241.58333333333337,0.00014544720618906316,0.10411354392388511
ergo_adaptive,241.66666666666663,2.6899540896281257e-5,0.10417676516501193
ergo_adaptive,241.75,2.3553854698280374e-5,0.10422747544727887
ergo_adaptive,241.83333333333337,1.2544823377069522e-5,0.10427214534343686
ergo_adaptive,241.91666666666663,0.0,0.10433242415759807
ergo_adaptive,242.0,0.0,0.10436812381970044
ergo_adaptive,242.08333333333337,0.0,0.10432971799264078
ergo_adaptive,242.16666666666663,0.0,0.10419895166145278
ergo_adaptive,242.25,0.0,0.10400003284823921
ergo_adaptive,242.33333333333337,0.0,0.1037106018575741
ergo_adaptive,242.41666666666663,2.4302248094343396e-6,0.10328886508076102
ergo_adaptive,242.5,0.0001559805067029711,0.10290665952118766
ergo_adaptive,242.58333333333337,0.0005729733828341701,0.10253458728862638
ergo_adaptive,242.66666666666663,0.0001651927375752868,0.10220917810229983
ergo_adaptive,242.75,1.8153575318864713e-5,0.10201091705821268
ergo_adaptive,242.83333333333337,0.00010483595830558335,0.10201002612191368
ergo_adaptive,242.91666666666663,0.00041714485626107993,0.10199537453870418
ergo_adaptive,243.0,0.00030364156145750126,0.10198006218451758
ergo_adaptive,243.08333333333337,0.0001708933212727557,0.10203193384884958
ergo_adaptive,243.16666666666663,3.817676206668215e-5,0.10211833990410045
ergo_adaptive,243.25,7.688397118500922e-5,0.10221431138914958
ergo_adaptive,243.33333333333337,0.0,0.1023009142322886
ergo_adaptive,243.41666666666663,0.0,0.10235554585960946
ergo_adaptive,243.5,2.1027233720547207e-6,0.10228175780995626
ergo_adaptive,243.58333333333337,0.0,0.1023034005554338
ergo_adaptive,243.66666666666663,0.0,0.10226147820850642
ergo_adaptive,243.75,0.0,0.10205061232653002
ergo_adaptive,243.83333333333337,0.0,0.10171913394121547
ergo_adaptive,243.91666666666663,1.934731692219918e-5,0.10134559982537514
ergo_adaptive,244.0,0.0,0.10110378446105603
ergo_adaptive,244.08333333333337,0.0,0.10084748050482498
ergo_adaptive,244.16666666666663,0.0,0.10053231737229976
ergo_adaptive,244.25,0.0,0.10019347443762293
ergo_adaptive,244.33333333333337,2.2867396299012356e-6,0.0998829901842024
ergo_adaptive,244.41666666666663,1.2654754864245025e-5,0.09982732130938841
ergo_adaptive,244.5,0.00044274627098597123,0.09989204911757354
ergo_adaptive,244.58333333333337,0.0018210190675923023,0.09996992585864863
ergo_adaptive,244.66666666666663,0.0017803974670172816,0.10000843665131318
ergo_adaptive,244.75,0.0006798958880500377,0.1000159119724475
ergo_adaptive,244.83333333333337,0.00020909873340728373,0.10006872063376618
ergo_adaptive,244.91666666666663,0.0002024072879481605,0.1001455235488632
ergo_adaptive,245.0,0.00011629493988076739,0.10023078691769809
ergo_adaptive,245.08333333333337,7.295000057417264e-5,0.10034269955649705
ergo_adaptive,245.16666666666663,7.676241143681651e-5,0.10044300794073642
ergo_adaptive,245.25,0.00011551744297434115,0.10052645584647613
ergo_adaptive,245.33333333333337,0.0007215466165541652,0.10059528691626944
ergo_adaptive,245.41666666666663,0.0007384588940727929,0.1006655924432781
ergo_adaptive,245.5,0.00016738508654138345,0.1006246746501933
ergo_adaptive,245.58333333333337,0.00013556048845668461,0.10068965770728118
ergo_adaptive,245.66666666666663,0.00021040242324741077,0.10081419025965192
ergo_adaptive,245.75,0.0001339731410372712,0.1008975561285228
ergo_adaptive,245.83333333333337,9.410375277717053e-5,0.10099766198919646
ergo_adaptive,245.91666666666663,0.00022233031490422807,0.10109043042211847
ergo_adaptive,246.0,9.488026618925088e-5,0.1011578204738251
ergo_adaptive,246.08333333333337,0.0001881060974189557,0.10124243647408093
ergo_adaptive,246.16666666666663,0.00020665188386422866,0.10131450234097457
ergo_adaptive,246.25,0.0003442606789847966,0.10138166303884501
ergo_adaptive,246.33333333333337,0.00012071448341062035,0.10142447740899713
ergo_adaptive,246.41666666666663,0.00011953984542245964,0.10148194223158379
ergo_adaptive,246.5,0.0002068093238148927,0.10155747241469917
ergo_adaptive,246.58333333333337,0.00012950442582957422,0.1016297880727589
ergo_adaptive,246.66666666666663,0.00016792784361250617,0.10169843529111466
ergo_adaptive,246.75,0.0002461018847872146,0.10176815481316316
ergo_adaptive,246.83333333333337,0.0005213099330878115,0.10182307272290955
ergo_adaptive,246.91666666666663,0.0007124081875727723,0.1018542676095165
ergo_adaptive,247.0,0.00046920327873624726,0.10184045511525829
ergo_adaptive,247.08333333333337,0.0006025811435193414,0.10186348075415176
ergo_adaptive,247.16666666666663,0.0009701622538101878,0.10187938369085192
ergo_adaptive,247.25,0.000469709199872721,0.10187619367382611
ergo_adaptive,247.33333333333337,0.0005878904460496052,0.10190514243188942
ergo_adaptive,247.41666666666663,0.0006723837915301909,0.1019513069862918
ergo_adaptive,247.5,0.0006522916147171346,0.10200044849452486
ergo_adaptive,247.58333333333337,0.000893975926967125,0.1020511773049834
ergo_adaptive,247.66666666666663,0.0014465754453326987,0.10210106974464814
ergo_adaptive,247.75,0.0013270900266624359,0.1021472490367758
ergo_adaptive,247.83333333333337,0.0008567920513793055,0.10219435687272377
ergo_adaptive,247.91666666666663,0.0012999984424051359,0.10224050366185129
ergo_adaptive,248.0,0.0010276707795807897,0.1022864592467831
ergo_adaptive,248.08333333333337,0.0008735374463770322,0.10233217467868372
ergo_adaptive,248.16666666666663,0.0006088966339262337,0.10237861983639991
ergo_adaptive,248.25,0.0004599427251462707,0.10242391827073635
ergo_adaptive,248.33333333333337,0.0005692093458994559,0.10246898150717146
ergo_adaptive,248.41666666666663,0.000960834253388005,0.10251335076985496
ergo_adaptive,248.5,0.0007043544189444123,0.10255672076774545
ergo_adaptive,248.58333333333337,0.0011860369157971307,0.10259971762337705
ergo_adaptive,248.66666666666663,0.0017575944382853114,0.10264231204706062
ergo_adaptive,248.75,0.001293141088541485,0.10268456376731074
ergo_adaptive,248.83333333333337,0.0008828886972742069,0.10273030092339533
ergo_adaptive,248.91666666666663,0.0011589762341437976,0.10276386567778642
ergo_adaptive,249.0,0.0011330383964474903,0.10279585197051465
ergo_adaptive,249.08333333333337,0.000502691007807842,0.10283342554203799
ergo_adaptive,249.16666666666663,0.0003118506101415153,0.10286892873523219
ergo_adaptive,249.25,0.0005940836451852613,0.1028999995305389
ergo_adaptive,249.33333333333337,0.0008215451962792974,0.10293878618115364
ergo_adaptive,249.41666666666663,0.0006258227989136394,0.10297309974725742
ergo_adaptive,249.5,0.0007102317916133903,0.10302635824595013
ergo_adaptive,249.58333333333337,0.0006584929910007882,0.103081579859603
ergo_adaptive,249.66666666666663,0.0005391593475154881,0.10313748315949665
ergo_adaptive,249.75,0.000990320449879571,0.10318655686473857
ergo_adaptive,249.83333333333337,0.0009179333324348068,0.10323417229752473
ergo_adaptive,249.91666666666663,0.0015159047672981501,0.10328024106717892
ergo_adaptive,250.0,0.0011499695454400792,0.10332993188203168
ergo_adaptive,250.08333333333337,0.0011224151097697641,0.10337152515090649
ergo_adaptive,250.16666666666663,0.000993901777871586,0.10341200805886323
ergo_adaptive,250.25,0.0007315862828453877,0.10345587461260972
ergo_adaptive,250.33333333333337,0.0007812476001988452,0.10350238342049632
ergo_adaptive,250.41666666666663,0.0009911087164379455,0.10354994159821175
ergo_adaptive,250.5,0.001352949430205597,0.103598470621099
ergo_adaptive,250.58333333333337,0.0018573355327700747,0.1036378699550429
ergo_adaptive,250.66666666666663,0.0008978912558978463,0.10362627870080417
ergo_adaptive,250.75,0.0010527223560991737,0.10366960812733927
ergo_adaptive,250.83333333333337,0.001607766321614047,0.10371163746294192
ergo_adaptive,250.91666666666663,0.0014381434340215483,0.10370829765132028
ergo_adaptive,251.0,0.0015512048748852305,0.10369009778578943
ergo_adaptive,251.08333333333337,0.00151130372683486,0.10368419132083781
ergo_adaptive,251.16666666666663,0.0012515110163786255,0.10370088245896299
ergo_adaptive,251.25,0.0008567718859382237,0.10372787771155892
ergo_adaptive,251.33333333333337,0.0012847633454455155,0.10376649785999292
ergo_adaptive,251.41666666666663,0.0017339785242703287,0.10380628567166539
ergo_adaptive,251.5,0.0010489562024419755,0.10384886865139731
ergo_adaptive,251.58333333333337,0.002148798845062845,0.10388647124601909
ergo_adaptive,251.66666666666663,0.0007654881258291143,0.10393481065140837
ergo_adaptive,251.75,0.0005320083121282703,0.10397563054968441
ergo_adaptive,251.83333333333337,0.0003774295704268546,0.10401169666334982
ergo_adaptive,251.91666666666663,0.0003815967320815895,0.10405321575519101
ergo_adaptive,252.0,0.00043942193425622003,0.10409850277879373
ergo_adaptive,252.08333333333337,0.0006722622275097687,0.10414493741095339
ergo_adaptive,252.16666666666663,0.0005293044789903271,0.10417890210409267
ergo_adaptive,252.25,0.00039918505029600817,0.10422153304711483
ergo_adaptive,252.33333333333337,0.000357122833805913,0.10426998440778114
ergo_adaptive,252.41666666666663,0.0003381508026769818,0.10431319892959413
ergo_adaptive,252.5,0.00022796259968010387,0.10436516282775249
ergo_adaptive,252.58333333333337,0.0004215562747673319,0.10441028967244076
ergo_adaptive,252.66666666666663,0.0004919145131710641,0.1044600762979841
ergo_adaptive,252.75,0.0005682701231063869,0.10450141926877363
ergo_adaptive,252.83333333333337,0.0003794611372899391,0.10453555936855172
ergo_adaptive,252.91666666666663,0.00017887371731691514,0.10458647548796678
ergo_adaptive,253.0,0.0002464501489784493,0.10461221590953529
ergo_adaptive,253.08333333333337,0.00022684151773882084,0.1046227907155803
ergo_adaptive,253.16666666666663,0.0002888368804800813,0.10463062496533752
ergo_adaptive,253.25,0.00019021332634726483,0.10467908493783808
ergo_adaptive,253.33333333333337,0.0004397561955483242,0.10468999891564339
ergo_adaptive,253.41666666666663,0.0005597280734795859,0.10470389021074766
ergo_adaptive,253.5,0.0008861968779929756,0.10467412590503848
ergo_adaptive,253.58333333333337,0.000995864322759512,0.10454538018491137
ergo_adaptive,253.66666666666663,0.000654097119604837,0.10448211873035466
ergo_adaptive,253.75,0.0003547825347948859,0.10449349576910773
ergo_adaptive,253.83333333333337,0.00029533959478899544,0.10453560544071916
ergo_adaptive,253.91666666666663,0.000456548565987418,0.10456038194280139
ergo_adaptive,254.0,0.0002519413762682441,0.1045700988391996
ergo_adaptive,254.08333333333337,0.00030899039130701997,0.10461129269817258
ergo_adaptive,254.16666666666663,0.0003305136774258702,0.10465105382603083
ergo_adaptive,254.25,0.000146775818480645,0.10469010542569336
ergo_adaptive,254.33333333333337,0.0003850531213427355,0.1047108182887132
ergo_adaptive,254.41666666666663,0.0003627760017143698,0.10472555043093969
ergo_adaptive,254.5,0.0008093006190408561,0.10475289376996953
ergo_adaptive,254.58333333333337,0.0009995213226269115,0.10478847345854883
ergo_adaptive,254.66666666666663,0.0005665471395230092,0.10482858148259752
ergo_adaptive,254.75,0.0006131565216780995,0.10487111545028682
ergo_adaptive,254.83333333333337,0.0006557163719675119,0.10491467990523086
ergo_adaptive,254.91666666666663,0.0004667687283122612,0.10495836897331551
ergo_adaptive,255.0,0.00045905176382750676,0.10500141844753853
ergo_adaptive,255.08333333333337,0.00026264489451020227,0.10504378867934229
ergo_adaptive,255.16666666666663,0.000417927934538272,0.10508256705642285
ergo_adaptive,255.25,0.0005704556777928015,0.10512080575101619
ergo_adaptive,255.33333333333337,0.0010172083990288192,0.10515917772120346
ergo_adaptive,255.41666666666663,0.00045341309331789985,0.10519829446213465
ergo_adaptive,255.5,0.0005343677005188208,0.10523568765378587
ergo_adaptive,255.58333333333337,0.000636503559606145,0.10527345583838289
ergo_adaptive,255.66666666666663,0.0008757842296790758,0.10531085276238389
ergo_adaptive,255.75,0.00081866666112368,0.10534776929655595
ergo_adaptive,255.83333333333337,0.00075195655258309,0.10538310109516968
ergo_adaptive,255.91666666666663,0.000762719241943829,0.1053941008903299
ergo_adaptive,256.0,0.0007945817391087425,0.1054214877952212
ergo_adaptive,256.08333333333337,0.0008023583906922812,0.10545584052287331
ergo_adaptive,256.16666666666663,0.0006500235334303299,0.10548123468119183
ergo_adaptive,256.25,0.0010168890258956222,0.10551652791699048
ergo_adaptive,256.33333333333337,0.0005210135789380268,0.10554995238969803
ergo_adaptive,256.41666666666663,0.00033342580812289454,0.10559285217378887
ergo_adaptive,256.5,0.00043767658737110533,0.1056278633060761
ergo_adaptive,256.58333333333337,0.000487292903165925,0.10565967556451558
ergo_adaptive,256.66666666666663,0.00015731896108737986,0.1056783068277077
ergo_adaptive,256.75,0.0003985905663189824,0.10570130446577991
ergo_adaptive,256.83333333333337,0.0003569635911869339,0.10573278395519536
ergo_adaptive,256.91666666666663,0.0007301370656851351,0.10576901350990485
ergo_adaptive,257.0,0.00044397307370406,0.10577659032520294
ergo_adaptive,257.08333333333337,0.0010666971073635281,0.10578673090227397
ergo_adaptive,257.16666666666663,0.0014841915646709152,0.10581509740707652
ergo_adaptive,257.25,0.0011110526659450298,0.10585110920249176
ergo_adaptive,257.33333333333337,0.001665855562837225,0.10588939835034696
ergo_adaptive,257.41666666666663,0.0033500966480724233,0.1059276607352833
ergo_adaptive,257.5,0.0025958782553525453,0.10596571237907865
ergo_adaptive,257.58333333333337,0.002861763814957444,0.1060030048543183
ergo_adaptive,257.66666666666663,0.00178942296226217,0.10603943572839272
ergo_adaptive,257.75,0.0011148940653022568,0.10607139739969292
ergo_adaptive,257.83333333333337,0.0012955044792050863,0.10609007647095119
ergo_adaptive,257.91666666666663,0.0013349803073978727,0.1061031680645723
ergo_adaptive,258.0,0.0010383608922978156,0.10612356728921266
ergo_adaptive,258.08333333333337,0.0012533835486364664,0.10615184679797159
ergo_adaptive,258.16666666666663,0.001285506013321772,0.10619074597463445
ergo_adaptive,258.25,0.0016273291747227673,0.10623165879927449
ergo_adaptive,258.33333333333337,0.000725568264099494,0.10627055697145313
ergo_adaptive,258.41666666666663,0.0005502148162727335,0.10630756722741502
ergo_adaptive,258.5,0.000535819761798793,0.10634335266524281
ergo_adaptive,258.58333333333337,0.00044445537254963216,0.10637888054318927
ergo_adaptive,258.66666666666663,0.0010025603781583672,0.10641410059231925
ergo_adaptive,258.75,0.000558005160802321,0.10643293228100226
ergo_adaptive,258.83333333333337,0.001030321714244691,0.10645921390057236
ergo_adaptive,258.91666666666663,0.0007191594886356397,0.10649442805799914
ergo_adaptive,259.0,0.00046763597270752893,0.1065328025292531
ergo_adaptive,259.08333333333337,0.0003041011013508546,0.10656748899696489
ergo_adaptive,259.16666666666663,0.0003917559787539077,0.10660098553397124
ergo_adaptive,259.25,0.000217519964375927,0.10663002288393335
ergo_adaptive,259.33333333333337,0.00029822900468107064,0.1066575767349624
ergo_adaptive,259.41666666666663,0.00047823330258723744,0.1066793458825856
ergo_adaptive,259.5,0.00036169676068342055,0.10667590041705773
ergo_adaptive,259.58333333333337,0.0006319734223467269,0.10668308993137472
ergo_adaptive,259.66666666666663,0.0014102761115360385,0.1067045616577888
ergo_adaptive,259.75,0.0017715027586032801,0.10672997401505765
ergo_adaptive,259.83333333333337,0.0007268095172298765,0.10675934412767969
ergo_adaptive,259.91666666666663,0.0005010517543621053,0.1067667609381795
ergo_adaptive,260.0,0.0006572063350134544,0.10676045748009527
ergo_adaptive,260.08333333333337,0.0006738424036182915,0.10674698712544083
ergo_adaptive,260.16666666666663,0.00047223365004722494,0.1067615216683667
ergo_adaptive,260.25,0.0006051787001809106,0.10678362738585619
ergo_adaptive,260.33333333333337,0.00033025796850080465,0.10682196117567903
ergo_adaptive,260.41666666666663,0.0005208068959378921,0.10685249797873392
ergo_adaptive,260.5,0.0005015734348210632,0.10686982242290419
ergo_adaptive,260.58333333333337,0.00028087897807015566,0.10687137030663914
ergo_adaptive,260.66666666666663,0.0003540281651962273,0.10687683509775543
ergo_adaptive,260.75,0.00022542297316127484,0.10689863695033325
ergo_adaptive,260.83333333333337,0.0001905019721781272,0.10692574308761263
ergo_adaptive,260.91666666666663,0.00027257162878813033,0.10695450278008917
ergo_adaptive,261.0,0.00037072236589845073,0.10698474708045153
ergo_adaptive,261.08333333333337,0.00045265726619106845,0.10701701796379992
ergo_adaptive,261.16666666666663,0.00040423706801590405,0.10704971922960654
ergo_adaptive,261.25,0.0005922937418558916,0.10708268544395491
ergo_adaptive,261.33333333333337,0.0006940621993426853,0.10711584931602958
ergo_adaptive,261.41666666666663,0.0007874473595509849,0.10715039449597069
ergo_adaptive,261.5,0.000841374935846439,0.10718599157500137
ergo_adaptive,261.58333333333337,0.00039996708220853787,0.10722116375205905
ergo_adaptive,261.66666666666663,0.0003990915500671288,0.1072504095263348
ergo_adaptive,261.75,0.00048250816125687144,0.10727843091102657
ergo_adaptive,261.83333333333337,0.0005366400734504452,0.10730657459351414
ergo_adaptive,261.91666666666663,0.0007793592589849503,0.10733510478373755
ergo_adaptive,262.0,0.0007550542593206571,0.10734755848091927
ergo_adaptive,262.08333333333337,0.0011144886733862336,0.10734314872220031
ergo_adaptive,262.16666666666663,0.0011643420804583926,0.10731071877333813
ergo_adaptive,262.25,0.0011180422374941097,0.10725928476195498
ergo_adaptive,262.33333333333337,0.001386418708672079,0.10723053466575849
ergo_adaptive,262.41666666666663,0.0009799158293453036,0.10716981068463374
ergo_adaptive,262.5,0.0010457956104188042,0.10718240156840321
ergo_adaptive,262.58333333333337,0.0004505084817917686,0.10722469219032672
ergo_adaptive,262.66666666666663,0.001257688491184721,0.1072467042033039
ergo_adaptive,262.75,0.0010207000295595558,0.10723502946398551
ergo_adaptive,262.83333333333337,0.0006723446183608366,0.10724387697702777
ergo_adaptive,262.91666666666663,0.0007889288391449683,0.10725909138286617
ergo_adaptive,263.0,0.0012093958489586241,0.10727941916373755
ergo_adaptive,263.08333333333337,0.0012147999265860261,0.10730773254773737
ergo_adaptive,263.16666666666663,0.0007317508011346386,0.10734007089704795
ergo_adaptive,263.25,0.0004249645829364109,0.1073749696127503
ergo_adaptive,263.33333333333337,0.0003387774558723963,0.10741065288794635
ergo_adaptive,263.41666666666663,0.00033237946486429067,0.1074461681397533
ergo_adaptive,263.5,0.0006075074451782869,0.10748096738714054
ergo_adaptive,263.58333333333337,0.0004334454663297725,0.10751435852113067
ergo_adaptive,263.66666666666663,0.00028422111309405406,0.10754624005765193
ergo_adaptive,263.75,0.00033596499414327027,0.10757742417080451
ergo_adaptive,263.83333333333337,0.00028361099151981314,0.10760599803092949
ergo_adaptive,263.91666666666663,0.0002324483698665121,0.1076339853619815
ergo_adaptive,264.0,0.0002890570581714414,0.10766048734081372
ergo_adaptive,264.08333333333337,0.00040751536721080766,0.10768621377492504
ergo_adaptive,264.16666666666663,0.0007576129705060752,0.10771062226983509
ergo_adaptive,264.25,0.0010430870812257705,0.1077366217987304
ergo_adaptive,264.33333333333337,0.0007963879945771589,0.10776413506653089
ergo_adaptive,264.41666666666663,0.0008830516498016925,0.10779093606916638
ergo_adaptive,264.5,0.0003788553340634871,0.10781722219736804
ergo_adaptive,264.58333333333337,0.00030862244605325573,0.10782905285999529
ergo_adaptive,264.66666666666663,0.00042792342177506954,0.10784406122532901
ergo_adaptive,264.75,0.0006391125440687563,0.1078633365717613
ergo_adaptive,264.83333333333337,0.0005342354210893348,0.10788760443614107
ergo_adaptive,264.91666666666663,0.0005854870355029916,0.10791232635546937
ergo_adaptive,265.0,0.00039214258050351803,0.10793798092039669
ergo_adaptive,265.08333333333337,0.00022696673195617882,0.10796401201508021
ergo_adaptive,265.16666666666663,0.00030890619609982335,0.10798820604134368
ergo_adaptive,265.25,0.0008237498470211456,0.1080131155766511
ergo_adaptive,265.33333333333337,0.001122819431064797,0.10802525149780218
ergo_adaptive,265.41666666666663,0.0010653490056028237,0.10802796899032847
ergo_adaptive,265.5,0.001414700042536315,0.10803718849309422
ergo_adaptive,265.58333333333337,0.0008389900616673237,0.10802808015671872
ergo_adaptive,265.66666666666663,0.0006564669556899303,0.10802096981322364
ergo_adaptive,265.75,0.0012132842635597914,0.10802800359698965
ergo_adaptive,265.83333333333337,0.0007800665766434416,0.10805047409225689
ergo_adaptive,265.91666666666663,0.0004369372235588272,0.1080772524413726
ergo_adaptive,266.0,0.0010330250462915777,0.10808829822639326
ergo_adaptive,266.08333333333337,0.0010441027226677218,0.10801762353779823
ergo_adaptive,266.16666666666663,0.0003299390931133884,0.10784508941081104
ergo_adaptive,266.25,0.00011525342736569303,0.10772621559030353
ergo_adaptive,266.33333333333337,0.00028005418823042816,0.10764243445017335
ergo_adaptive,266.41666666666663,6.467421514314348e-5,0.10757750513135514
ergo_adaptive,266.5,1.2135083296108605e-5,0.10750108127126873
ergo_adaptive,266.58333333333337,6.410454079945877e-5,0.10738054401952285
ergo_adaptive,266.66666666666663,0.00021510527536368657,0.10718013378970491
ergo_adaptive,266.75,0.0003280446714614834,0.10699053696724131
ergo_adaptive,266.83333333333337,0.00047043630396526064,0.10686644753476088
ergo_adaptive,266.91666666666663,0.001119661883602095,0.10675710211234227
ergo_adaptive,267.0,0.0018426744058954794,0.10663791894990392
ergo_adaptive,267.08333333333337,0.0004962151685727982,0.10645273386915247
ergo_adaptive,267.16666666666663,0.0008132157927388191,0.106433336897929
ergo_adaptive,267.25,0.000438904455943169,0.10646059957905606
ergo_adaptive,267.33333333333337,0.0005596734260117834,0.10654368856972765
ergo_adaptive,267.41666666666663,0.00047613509560409016,0.10661268775766744
ergo_adaptive,267.5,0.0004935131826391894,0.10668098615024636
ergo_adaptive,267.58333333333337,0.0005260076262485522,0.1067451079203035
ergo_adaptive,267.66666666666663,0.00033570948846305435,0.10680467928762473
ergo_adaptive,267.75,0.0001559077481251526,0.10685764776187896
ergo_adaptive,267.83333333333337,0.0002457321908184508,0.1068945080282879
ergo_adaptive,267.91666666666663,0.0003340868192315138,0.10693567612260041
ergo_adaptive,268.0,0.00045993497298537153,0.10698354424641865
ergo_adaptive,268.08333333333337,0.00046700756977985115,0.10703399074994238
ergo_adaptive,268.16666666666663,0.0004081790701191251,0.10708388578122945
ergo_adaptive,268.25,0.0004157437480822681,0.10713527819214518
ergo_adaptive,268.33333333333337,0.0004530200276314131,0.1071865130985605
ergo_adaptive,268.41666666666663,0.0007448203206950168,0.1072302628037161
ergo_adaptive,268.5,0.00039276307385667904,0.10727761488624564
ergo_adaptive,268.58333333333337,0.00020280798083074244,0.10732262969306955
ergo_adaptive,268.66666666666663,0.00031461198289473057,0.10737232849254953
ergo_adaptive,268.75,0.0003070624216944503,0.10742031572862734
ergo_adaptive,268.83333333333337,0.00023650362258379696,0.10746673591459635
ergo_adaptive,268.91666666666663,0.00014930044668089434,0.10751007185665552
ergo_adaptive,269.0,0.00022703033163064975,0.1075481308767472
ergo_adaptive,269.08333333333337,0.00016962548071306028,0.10758220904462988
ergo_adaptive,269.16666666666663,0.0002547631554549824,0.10761098144542132
ergo_adaptive,269.25,0.000249585171403872,0.10764157140113939
ergo_adaptive,269.33333333333337,0.00027756747926678315,0.1076695290482395
ergo_adaptive,269.41666666666663,0.0004054323328816634,0.10770304490834749
ergo_adaptive,269.5,0.0005659251701322199,0.10771630170788518
ergo_adaptive,269.58333333333337,0.000270438391953206,0.10770945468237761
ergo_adaptive,269.66666666666663,0.00033238512909433026,0.10770291173970864
ergo_adaptive,269.75,0.00048747770205348934,0.10770991145347657
ergo_adaptive,269.83333333333337,0.0004016696210840226,0.10772507838937806
ergo_adaptive,269.91666666666663,0.00039897034650350656,0.10775644526320058
ergo_adaptive,270.0,0.00011007164387998414,0.10778635287524972
ergo_adaptive,270.08333333333337,0.00021538447818945366,0.10779430041373633
ergo_adaptive,270.16666666666663,0.00024497490491753356,0.10779421477239877
ergo_adaptive,270.25,0.00040190646541955614,0.10780995183010213
ergo_adaptive,270.33333333333337,0.0005153712328493217,0.10783563055961184
ergo_adaptive,270.41666666666663,0.0005332123879498973,0.10789609152350711
ergo_adaptive,270.5,0.0005783713414478493,0.10794054768920795
ergo_adaptive,270.58333333333337,0.0005252932882421296,0.10798725343424873
ergo_adaptive,270.66666666666663,0.0005320718815363986,0.10803169813244429
ergo_adaptive,270.75,0.0010135007855205883,0.10807346120847243
ergo_adaptive,270.83333333333337,0.001576180350873504,0.10811111959537781
ergo_adaptive,270.91666666666663,0.0021656993698431696,0.108107371447412
ergo_adaptive,271.0,0.002378407198782515,0.10804695998373742
ergo_adaptive,271.08333333333337,0.0014921957588011168,0.10799139516254765
ergo_adaptive,271.16666666666663,0.0011371082105138992,0.10801016301281002
ergo_adaptive,271.25,0.0013167551635726474,0.1080512489147568
ergo_adaptive,271.33333333333337,0.0010790069724755905,0.1080795462026141
ergo_adaptive,271.41666666666663,0.0013462838339592163,0.10810061244812998
ergo_adaptive,271.5,0.0011009540976035961,0.10814579526544897
ergo_adaptive,271.58333333333337,0.0016462284418232427,0.10817476050130513
ergo_adaptive,271.66666666666663,0.001306705231229202,0.10820616855128454
ergo_adaptive,271.75,0.0015720908539408169,0.10822351464682185
ergo_adaptive,271.83333333333337,0.001423544005279418,0.1082302730715371
ergo_adaptive,271.91666666666663,0.0015003318457783952,0.10824139430194554
ergo_adaptive,272.0,0.0011380180577722095,0.1082626670681322
ergo_adaptive,272.08333333333337,0.000723400684457462,0.10828727314672933
ergo_adaptive,272.16666666666663,0.0006279082750136814,0.10831579427921309
ergo_adaptive,272.25,0.0006534546539539298,0.10835429506812855
ergo_adaptive,272.33333333333337,0.0007999293360520757,0.10839174807194042
ergo_adaptive,272.41666666666663,0.0010800986204892661,0.10841287206613036
ergo_adaptive,272.5,0.0006957903864731939,0.10843495237869556
ergo_adaptive,272.58333333333337,0.0010017661181105232,0.10844525131567322
ergo_adaptive,272.66666666666663,0.0007658349229864094,0.10844176681609247
ergo_adaptive,272.75,0.0016581436366892577,0.10847390100432362
ergo_adaptive,272.83333333333337,0.0017431255880726092,0.1084666955325657
ergo_adaptive,272.91666666666663,0.0017385099628849502,0.1083957008511213
ergo_adaptive,273.0,0.00195156500813653,0.10836252608432288
ergo_adaptive,273.08333333333337,0.0011535570480465482,0.10832714229739858
ergo_adaptive,273.16666666666663,0.0011957789165516384,0.10835580410217627
ergo_adaptive,273.25,0.0006945191284364678,0.10840019297202248
ergo_adaptive,273.33333333333337,0.0005648246693102163,0.10844432874023488
ergo_adaptive,273.41666666666663,0.0011707982581498635,0.10848642098255379
ergo_adaptive,273.5,0.0006675114915862745,0.10852256960206484
ergo_adaptive,273.58333333333337,0.0002519036560279231,0.1085617902460463
ergo_adaptive,273.66666666666663,0.00028498710805612985,0.10857538800277589
ergo_adaptive,273.75,0.0005982627361798965,0.10847679362580573
ergo_adaptive,273.83333333333337,0.0004963890398533739,0.10842908256765565
ergo_adaptive,273.91666666666663,0.0005151506651138517,0.10843424952123926
ergo_adaptive,274.0,0.0006146653550232911,0.10844836344695873
ergo_adaptive,274.08333333333337,0.00047119847608822926,0.10844518803431577
ergo_adaptive,274.16666666666663,0.0003544049134255727,0.10846935132651456
ergo_adaptive,274.25,0.0001561257883572732,0.1084919753467567
ergo_adaptive,274.33333333333337,0.00010189764757531494,0.10847717071335254
ergo_adaptive,274.41666666666663,0.00012656618928507326,0.10845541497901845
ergo_adaptive,274.5,0.0001329733628348161,0.1083476965417829
ergo_adaptive,274.58333333333337,8.594154729594833e-5,0.10814373251035407
ergo_adaptive,274.66666666666663,0.00010153775725918373,0.1079100905784389
ergo_adaptive,274.75,0.0003255383571913181,0.10761720007941844
ergo_adaptive,274.83333333333337,0.0004037278811839208,0.10741655372229052
ergo_adaptive,274.91666666666663,0.0005377002912371213,0.1072858658458742
ergo_adaptive,275.0,0.0008863756837361295,0.10716306166479211
ergo_adaptive,275.08333333333337,0.0014505965523780898,0.10701324789123944
ergo_adaptive,275.16666666666663,0.0016239502212620832,0.10681413683944761
ergo_adaptive,275.25,0.000827014515730119,0.106584729459421
ergo_adaptive,275.33333333333337,0.0005780078112207787,0.10651294594458036
ergo_adaptive,275.41666666666663,0.00039796212781666754,0.10650717467853296
ergo_adaptive,275.5,0.0002825915234144376,0.10649595911915023
ergo_adaptive,275.58333333333337,0.00012032582278593758,0.10646205009255606
ergo_adaptive,275.66666666666663,0.00019887891106069915,0.10641208197749666
ergo_adaptive,275.75,5.1285981591451805e-5,0.10634445669728655
ergo_adaptive,275.83333333333337,5.015835105856568e-5,0.10634061772362509
ergo_adaptive,275.91666666666663,4.277598162685624e-5,0.10636240974157316
ergo_adaptive,276.0,3.2387899075856536e-5,0.1063351099410658
ergo_adaptive,276.08333333333337,4.384349715698594e-5,0.10635629708097148
ergo_adaptive,276.16666666666663,0.0001708486288103344,0.10639658508560106
ergo_adaptive,276.25,0.00027619922102704403,0.10645958799588101
ergo_adaptive,276.33333333333337,0.00048509587695155993,0.10651710609280328
ergo_adaptive,276.41666666666663,0.0003694683472668463,0.10656856324306817
ergo_adaptive,276.5,0.00037068158744329457,0.10661443807115138
ergo_adaptive,276.58333333333337,0.00042251438479362874,0.10665969926394231
ergo_adaptive,276.66666666666663,0.0009800161443614809,0.10668563387712802
ergo_adaptive,276.75,0.0004307290306829518,0.1067032551813126
ergo_adaptive,276.83333333333337,0.00023339897022444918,0.10677900977709252
ergo_adaptive,276.91666666666663,0.00012252509286239048,0.10686518520374243
ergo_adaptive,277.0,9.6668739648782e-5,0.10691165329856185
ergo_adaptive,277.08333333333337,1.940460808702263e-5,0.10690052148876876
ergo_adaptive,277.16666666666663,0.00011102938589742955,0.10688759287229731
ergo_adaptive,277.25,0.00010889456336488998,0.10685285454417862
ergo_adaptive,277.33333333333337,3.931962840418302e-6,0.10685492025108753
ergo_adaptive,277.41666666666663,0.0,0.10687892399767053
ergo_adaptive,277.5,0.0,0.10685825690026945
ergo_adaptive,277.58333333333337,2.4238823551837752e-5,0.10676163826425562
ergo_adaptive,277.66666666666663,3.7819071144121774e-5,0.10669871986180385
ergo_adaptive,277.75,7.446671762299949e-5,0.10658664203994991
ergo_adaptive,277.83333333333337,1.5074689815411657e-5,0.10635594213345438
ergo_adaptive,277.91666666666663,4.507677834779119e-6,0.10604284185363978
ergo_adaptive,278.0,0.0,0.10580887048531806
ergo_adaptive,278.08333333333337,0.0,0.1054940958464366
ergo_adaptive,278.16666666666663,0.0,0.10507675805395673
ergo_adaptive,278.25,0.0,0.10462564951194864
ergo_adaptive,278.33333333333337,0.00010712545405117508,0.10417564112321631
ergo_adaptive,278.41666666666663,0.0002410222874512154,0.10394557042447122
ergo_adaptive,278.5,9.09547945216237e-5,0.10385741201482912
ergo_adaptive,278.58333333333337,0.00019523318359800993,0.10390448501874482
ergo_adaptive,278.66666666666663,7.299973173662683e-5,0.10398203192054026
ergo_adaptive,278.75,3.860038438103051e-5,0.1040603005376446
ergo_adaptive,278.83333333333337,7.578754593321373e-5,0.10410245539977189
ergo_adaptive,278.91666666666663,0.0001289402949385832,0.10409076045446114
ergo_adaptive,279.0,0.00012877755221498652,0.10406547928412521
ergo_adaptive,279.08333333333337,1.715929846702494e-5,0.10405778848552318
ergo_adaptive,279.16666666666663,1.3234782185267188e-5,0.10410309666455894
ergo_adaptive,279.25,7.782695432435062e-6,0.10415353709912616
ergo_adaptive,279.33333333333337,7.985180877464644e-5,0.10417461009109427
ergo_adaptive,279.41666666666663,2.655567494049055e-5,0.10414452546608388
ergo_adaptive,279.5,0.0,0.10405030720164607
ergo_adaptive,279.58333333333337,2.915333005361835e-5,0.1038192772901086
ergo_adaptive,279.66666666666663,1.3878924302395798e-5,0.10367806471842779
ergo_adaptive,279.75,2.435698314995755e-5,0.10370465998620154
ergo_adaptive,279.83333333333337,2.2781896865907486e-5,0.10378223261000896
ergo_adaptive,279.91666666666663,5.2173255259085e-5,0.10385380624421617
ergo_adaptive,280.0,6.302979711117193e-5,0.10392016553488648
ergo_adaptive,280.08333333333337,4.2798417874156914e-5,0.10395104333597616
ergo_adaptive,280.16666666666663,4.507014429039521e-5,0.10401480744734899
ergo_adaptive,280.25,3.173856795940567e-6,0.10408355998474546
ergo_adaptive,280.33333333333337,5.315720465734602e-5,0.10410051207008003
ergo_adaptive,280.41666666666663,5.6349877205128875e-6,0.10404621443967609
ergo_adaptive,280.5,0.00016434818526977387,0.10389291193279462
ergo_adaptive,280.58333333333337,0.00011955885357057877,0.10366663348081427
ergo_adaptive,280.66666666666663,9.98490186226895e-5,0.10346217860958697
ergo_adaptive,280.75,2.570786407594491e-5,0.10343165025085706
ergo_adaptive,280.83333333333337,0.0,0.10339267712491385
ergo_adaptive,280.91666666666663,0.0,0.10323610306512356
ergo_adaptive,281.0,0.0,0.10297904259930013
ergo_adaptive,281.08333333333337,7.501023340112691e-7,0.10267481363075573
ergo_adaptive,281.16666666666663,8.99535022783597e-8,0.10260276655610064
ergo_adaptive,281.25,1.2586594745339142e-6,0.10263179122453303
ergo_adaptive,281.33333333333337,4.408413981404488e-5,0.10268381092741752
ergo_adaptive,281.41666666666663,0.0,0.10273503376703001
ergo_adaptive,281.5,0.0,0.10278814634687966
ergo_adaptive,281.58333333333337,6.969833421095566e-6,0.10281091085075499
ergo_adaptive,281.66666666666663,1.3253265182993753e-5,0.10285283057264658
ergo_adaptive,281.75,0.0,0.10290298329835118
ergo_adaptive,281.83333333333337,0.0,0.10294936410380201
ergo_adaptive,281.91666666666663,0.0,0.10296015260701834
ergo_adaptive,282.0,3.249996769465617e-5,0.1029084111456084
ergo_adaptive,282.08333333333337,0.00011203016633493718,0.10278849665769962
ergo_adaptive,282.16666666666663,0.0002597303868370005,0.10261543663609758
ergo_adaptive,282.25,6.448152536363253e-5,0.1024278824567502
ergo_adaptive,282.33333333333337,3.9077262155402176e-5,0.10242158052317797
ergo_adaptive,282.41666666666663,5.6474859349514415e-5,0.10247033702620513
ergo_adaptive,282.5,3.9691887696718504e-5,0.10251535213187273
ergo_adaptive,282.58333333333337,6.0922782321094926e-5,0.1025282280800504
ergo_adaptive,282.66666666666663,1.9860525080272373e-5,0.1025030075114663
ergo_adaptive,282.75,6.809741884826469e-5,0.10247249819199743
ergo_adaptive,282.83333333333337,0.00017781045895222424,0.10242144849045234
ergo_adaptive,282.91666666666663,0.0001969722052613263,0.10236823929039664
ergo_adaptive,283.0,0.0002252335592943455,0.10233754191067222
ergo_adaptive,283.08333333333337,0.000268548305174106,0.10231617354914631
ergo_adaptive,283.16666666666663,0.00018658917630943577,0.10228854745654566
ergo_adaptive,283.25,0.0003278477858368225,0.10231013083993551
ergo_adaptive,283.33333333333337,0.00033761612906216173,0.10230258210084496
ergo_adaptive,283.41666666666663,0.00020372367080980294,0.1022703236583035
ergo_adaptive,283.5,0.0004435827910195406,0.10230374322061868
ergo_adaptive,283.58333333333337,0.00024541651636136755,0.1023327143389328
ergo_adaptive,283.66666666666663,0.0003249343689134152,0.10238958037137831
ergo_adaptive,283.75,0.00033668065497396304,0.10245105528840733
ergo_adaptive,283.83333333333337,0.00011135698656232186,0.10249579636830404
ergo_adaptive,283.91666666666663,0.00015417450349149332,0.10254373425871663
ergo_adaptive,284.0,0.000234402874913181,0.10259610555569082
ergo_adaptive,284.08333333333337,0.00018506459671416872,0.10265264412721688
ergo_adaptive,284.16666666666663,0.00011852561835232129,0.10273046101070088
ergo_adaptive,284.25,0.00016561146270570128,0.10274178856482306
ergo_adaptive,284.33333333333337,8.515842323400284e-5,0.10263137186192398
ergo_adaptive,284.41666666666663,0.00019832517484020526,0.10252095342281047
ergo_adaptive,284.5,6.686948208436307e-5,0.10252941165819916
ergo_adaptive,284.58333333333337,9.923047228085442e-5,0.10249605170101497
ergo_adaptive,284.66666666666663,6.746576643287598e-5,0.1025018979995486
ergo_adaptive,284.75,2.9758666691673844e-5,0.10256842938143183
ergo_adaptive,284.83333333333337,8.935933400824684e-5,0.10261019762634634
ergo_adaptive,284.91666666666663,4.665650579954919e-5,0.10267311624593528
ergo_adaptive,285.0,0.00015025146525040443,0.10270970649314339
ergo_adaptive,285.08333333333337,0.00013604004673196135,0.10277000304661363
ergo_adaptive,285.16666666666663,8.548117876047423e-5,0.10283626829902409
ergo_adaptive,285.25,1.894003660567598e-5,0.10291452757957507
ergo_adaptive,285.33333333333337,9.618229497220569e-5,0.10294444187491046
ergo_adaptive,285.41666666666663,0.0,0.10289440848816071
ergo_adaptive,285.5,0.0,0.1027687822536154
ergo_adaptive,285.58333333333337,0.0,0.10257885503337714
ergo_adaptive,285.66666666666663,0.0,0.10231501363671867
ergo_adaptive,285.75,8.935454609061726e-5,0.10196155106438433
ergo_adaptive,285.83333333333337,2.3273492354071042e-5,0.10155586335966234
ergo_adaptive,285.91666666666663,6.272728892175867e-5,0.1013448787851556
ergo_adaptive,286.0,0.00010770866911906265,0.10116887367974725
ergo_adaptive,286.08333333333337,2.813230457916222e-5,0.10109499771122796
ergo_adaptive,286.16666666666663,6.0766684616996625e-5,0.1010930077096956
ergo_adaptive,286.25,2.9101533722139774e-6,0.1011302662866016
ergo_adaptive,286.33333333333337,5.34713542117882e-6,0.10116303942857083
ergo_adaptive,286.41666666666663,5.2124232852614705e-6,0.10114298597448212
ergo_adaptive,286.5,9.308979472787844e-6,0.10105638806624577
ergo_adaptive,286.58333333333337,2.0343242988113336e-5,0.10104676001979356
ergo_adaptive,286.66666666666663,7.197425509463685e-7,0.10108892795047215
ergo_adaptive,286.75,1.940360025478245e-5,0.10113956015831492
ergo_adaptive,286.83333333333337,6.370483221090781e-6,0.10117598533367887
ergo_adaptive,286.91666666666663,2.2986365889195297e-6,0.10123553540356306
ergo_adaptive,287.0,4.768967603931391e-6,0.10129328576320282
ergo_adaptive,287.08333333333337,0.0,0.10130443544208276
ergo_adaptive,287.16666666666663,0.0,0.10127927947615441
ergo_adaptive,287.25,0.0,0.10119209965493307
ergo_adaptive,287.33333333333337,2.8003620813556744e-5,0.10103070938868934
ergo_adaptive,287.41666666666663,3.610532696456609e-5,0.10089807634762885
ergo_adaptive,287.5,5.7279883939544795e-5,0.10076485327198456
ergo_adaptive,287.58333333333337,2.8343483171021237e-6,0.10063039939938097
ergo_adaptive,287.66666666666663,8.358876255385773e-6,0.10067708316925089
ergo_adaptive,287.75,2.6040391834916223e-5,0.10076190581912714
ergo_adaptive,287.83333333333337,6.346077695100564e-5,0.10080714251143627
ergo_adaptive,287.91666666666663,8.122001864969272e-6,0.10079401248152088
ergo_adaptive,288.0,4.2050232060929035e-6,0.10083976568492428
ergo_adaptive,288.08333333333337,0.0,0.10091079256317095
ergo_adaptive,288.16666666666663,0.0,0.10096689272907652
ergo_adaptive,288.25,0.0,0.10094750892002427
ergo_adaptive,288.33333333333337,0.0,0.10076463231819054
ergo_adaptive,288.41666666666663,0.0,0.10040286625389308
ergo_adaptive,288.5,0.0,0.09994413653169268
ergo_adaptive,288.58333333333337,2.9258507660547392e-5,0.09946926045555947
ergo_adaptive,288.66666666666663,4.551477838031373e-5,0.09898696614661799
ergo_adaptive,288.75,4.6442408320756845e-5,0.0985990825815973
ergo_adaptive,288.83333333333337,0.0,0.09839284985779753
ergo_adaptive,288.91666666666663,9.40764339001738e-6,0.09810826667910136
ergo_adaptive,289.0,1.0162475850842669e-5,0.0979946309287519
ergo_adaptive,289.08333333333337,7.507366820855881e-6,0.09800875506472825
ergo_adaptive,289.16666666666663,4.3643504998637236e-5,0.09808883028441943
ergo_adaptive,289.25,4.9303759765984974e-5,0.09816671573180359
ergo_adaptive,289.33333333333337,0.0,0.09820719322227961
ergo_adaptive,289.41666666666663,0.0,0.0982821975834607
ergo_adaptive,289.5,0.0,0.09838993879297078
ergo_adaptive,289.58333333333337,2.667584757111491e-5,0.09843849640356298
ergo_adaptive,289.66666666666663,5.117871230419559e-5,0.09840071994795595
ergo_adaptive,289.75,9.80655463936928e-6,0.09827295708796795
ergo_adaptive,289.83333333333337,9.413196327472104e-5,0.09810254672233386
ergo_adaptive,289.91666666666663,0.00014869791770970666,0.09794145475374931
ergo_adaptive,290.0,1.7985654968081667e-5,0.09780547324764052
ergo_adaptive,290.08333333333337,0.00024241451626194965,0.09776268390439759
ergo_adaptive,290.16666666666663,0.0001399975414517531,0.09774579499465524
ergo_adaptive,290.25,0.00013004356999427288,0.09776443905717282
ergo_adaptive,290.33333333333337,8.78559475940995e-5,0.09781930103666635
ergo_adaptive,290.41666666666663,0.00010874846320636543,0.09791955610389023
ergo_adaptive,290.5,0.00019281310988423616,0.09799215773738092
ergo_adaptive,290.58333333333337,0.0001808230451672982,0.09805104253233575
ergo_adaptive,290.66666666666663,8.729054519648416e-5,0.09810902799201253
ergo_adaptive,290.75,0.00019114487835884987,0.09817771708167895
ergo_adaptive,290.83333333333337,4.036947450889384e-5,0.0982383094958866
ergo_adaptive,290.91666666666663,2.8721883665016026e-5,0.09825465306630543
ergo_adaptive,291.0,1.6459697447706992e-5,0.09821285433843885
ergo_adaptive,291.08333333333337,0.00033656970681963347,0.09810652644680722
ergo_adaptive,291.16666666666663,0.00019945944162112517,0.0981101090621176
ergo_adaptive,291.25,0.0001181784452661546,0.09807787130429864
ergo_adaptive,291.33333333333337,0.00032066320022511503,0.09796246838942092
ergo_adaptive,291.41666666666663,0.0004179854964277139,0.09794448700080866
ergo_adaptive,291.5,0.00036750549597563004,0.09797765202805475
ergo_adaptive,291.58333333333337,0.0004297354135387546,0.09804289444690115
ergo_adaptive,291.66666666666663,0.00017275712448714254,0.09810760750516198
ergo_adaptive,291.75,0.00010009407846643746,0.09815325220341771
ergo_adaptive,291.83333333333337,8.287252921399633e-5,0.0981408237868864
ergo_adaptive,291.91666666666663,6.884259542794568e-5,0.09806132662575454
ergo_adaptive,292.0,1.0526847609347422e-6,0.09795409832066632
ergo_adaptive,292.08333333333337,0.0,0.0979714738805666
ergo_adaptive,292.16666666666663,0.0,0.0979831402363214
ergo_adaptive,292.25,0.0,0.09779360104587961
ergo_adaptive,292.33333333333337,8.577977539623567e-7,0.09739299213005109
ergo_adaptive,292.41666666666663,0.0,0.09729574960974907
ergo_adaptive,292.5,2.4260612903434197e-6,0.09714817708341439
ergo_adaptive,292.58333333333337,6.501465231087996e-6,0.09714926427229022
ergo_adaptive,292.66666666666663,6.144946900122365e-6,0.09725871724230538
ergo_adaptive,292.75,6.565094620508344e-7,0.09735384025028082
ergo_adaptive,292.83333333333337,6.062181376020415e-6,0.09737488856881409
ergo_adaptive,292.91666666666663,1.0101645608224345e-5,0.09733554565949346
ergo_adaptive,293.0,7.509009320788534e-5,0.09733087460593073
ergo_adaptive,293.08333333333337,0.0,0.09732846181932167
ergo_adaptive,293.16666666666663,0.0,0.09737613552861774
ergo_adaptive,293.25,0.0,0.0974495332877182
ergo_adaptive,293.33333333333337,0.0,0.09752017623665739
ergo_adaptive,293.41666666666663,0.0,0.09755395272337658
ergo_adaptive,293.5,0.0,0.09748063220607732
ergo_adaptive,293.58333333333337,0.0,0.097271612791119
ergo_adaptive,293.66666666666663,0.000195073396845964,0.09698414848657197
ergo_adaptive,293.75,0.00029645997652951654,0.09672346688152533
ergo_adaptive,293.83333333333337,5.482095818479415e-5,0.09645230694811509
ergo_adaptive,293.91666666666663,0.0001654104443014521,0.09640876821459327
ergo_adaptive,294.0,0.0002421741707218665,0.09638330841907744
ergo_adaptive,294.08333333333337,0.0003145666750592296,0.09631762523660135
ergo_adaptive,294.16666666666663,0.00023822575600286337,0.09621542241403973
ergo_adaptive,294.25,0.00011942324833447925,0.09615698357688242
ergo_adaptive,294.33333333333337,0.0002794179856860416,0.0962128651206113
ergo_adaptive,294.41666666666663,0.00041516916755257404,0.09628733891953488
ergo_adaptive,294.5,0.0003004701074929326,0.09633264142307045
ergo_adaptive,294.58333333333337,0.00028699366048973434,0.0964291532518471
ergo_adaptive,294.66666666666663,0.00016414003457878058,0.09653579945487734
ergo_adaptive,294.75,0.0001876045433622902,0.0966119410897509
ergo_adaptive,294.83333333333337,0.00019661469154508065,0.09664356981099732
ergo_adaptive,294.91666666666663,8.701267258390135e-5,0.09668380201283903
ergo_adaptive,295.0,1.268505078910052e-5,0.09671257611512105
ergo_adaptive,295.08333333333337,6.284030991864526e-5,0.09675535609523091
ergo_adaptive,295.16666666666663,4.186081059192257e-5,0.09680760348720546
ergo_adaptive,295.25,0.00015242978646635012,0.09686615579146465
ergo_adaptive,295.33333333333337,0.00014789494150164399,0.09693897871052401
ergo_adaptive,295.41666666666663,0.00017602254721427017,0.09699929590472743
ergo_adaptive,295.5,2.2332496158449455e-5,0.09703333955052759
ergo_adaptive,295.58333333333337,4.2181306579862274e-5,0.09709233477210574
ergo_adaptive,295.66666666666663,5.642045040820331e-6,0.09715395995899938
ergo_adaptive,295.75,7.0191917239245045e-6,0.09719586360782677
ergo_adaptive,295.83333333333337,2.4325814477465827e-5,0.09719937765935162
ergo_adaptive,295.91666666666663,9.221803110537192e-5,0.09715250554674303
ergo_adaptive,296.0,5.286629727245558e-5,0.0970573385158629
ergo_adaptive,296.08333333333337,6.167643462427072e-6,0.09696052255294031
ergo_adaptive,296.16666666666663,1.944506598834425e-5,0.09697399623014107
ergo_adaptive,296.25,4.2771891415572434e-5,0.09704478083786305
ergo_adaptive,296.33333333333337,8.97379066992857e-6,0.09708777747670791
ergo_adaptive,296.41666666666663,3.645281828660358e-6,0.09716773852325335
ergo_adaptive,296.5,1.7251092356917078e-6,0.09726330618428179
ergo_adaptive,296.58333333333337,0.0,0.0973025538555533
ergo_adaptive,296.66666666666663,5.759601523488733e-6,0.09736981903315033
ergo_adaptive,296.75,0.0,0.09745972228733141
ergo_adaptive,296.83333333333337,0.0,0.09748090038401329
ergo_adaptive,296.91666666666663,0.0,0.09741041412749374
ergo_adaptive,297.0,0.0,0.0972709169818407
ergo_adaptive,297.08333333333337,0.0,0.09709841539917409
ergo_adaptive,297.16666666666663,3.981976032841405e-6,0.09680817410452257
ergo_adaptive,297.25,0.00016061678646279287,0.09639500622925258
ergo_adaptive,297.33333333333337,1.0964772534915037e-5,0.0959416058919354
ergo_adaptive,297.41666666666663,0.00037785530940212417,0.09577064856525416
ergo_adaptive,297.5,0.00048477189133693937,0.09560426456936233
ergo_adaptive,297.58333333333337,0.0010389099993115814,0.09536946264621936
ergo_adaptive,297.66666666666663,0.0008490443433008877,0.09509117991768501
ergo_adaptive,297.75,0.0002811610728355077,0.09482637580071931
ergo_adaptive,297.83333333333337,0.0002455674414440103,0.09479902959365416
ergo_adaptive,297.91666666666663,0.00029209425146671427,0.0948674250965007
ergo_adaptive,298.0,0.00018766660194616329,0.09496312554503732
ergo_adaptive,298.08333333333337,0.00014970119329361285,0.09504097856535333
ergo_adaptive,298.16666666666663,0.0,0.09506136382894437
ergo_adaptive,298.25,0.0,0.09504892336303275
ergo_adaptive,298.33333333333337,0.0,0.09496331570847323
ergo_adaptive,298.41666666666663,0.0,0.0947374127532962
ergo_adaptive,298.5,1.69372263653994e-5,0.09439233567168019
ergo_adaptive,298.58333333333337,2.168578687450709e-5,0.09409683319821426
ergo_adaptive,298.66666666666663,6.9521900821826e-6,0.09390476948471484
ergo_adaptive,298.75,7.355768830816422e-6,0.09376621258574487
ergo_adaptive,298.83333333333337,0.0,0.09360570800505316
ergo_adaptive,298.91666666666663,0.0,0.09339955267525783
ergo_adaptive,299.0,0.0,0.09309849405183833
ergo_adaptive,299.08333333333337,7.139891437606631e-7,0.09270811434745706
ergo_adaptive,299.16666666666663,0.00010709112778027986,0.0926025934642463
ergo_adaptive,299.25,0.000257299218384264,0.09265342979458147
ergo_adaptive,299.33333333333337,0.00011312300594585471,0.09271075210916292
ergo_adaptive,299.41666666666663,0.00012865435236894987,0.09281800857783745
ergo_adaptive,299.5,0.00012592779139013925,0.09291901105683573
ergo_adaptive,299.58333333333337,3.479952139155552e-5,0.09298132303862677
ergo_adaptive,299.66666666666663,3.8433667351824175e-5,0.09307948752521555
ergo_adaptive,299.75,4.4959332858151673e-5,0.09319395481661408
ergo_adaptive,299.83333333333337,0.00015083899639632518,0.09327607327045771
ergo_adaptive,299.91666666666663,1.0198723100045593e-5,0.09326764877819253
ergo_adaptive,300.0,0.0,0.09319682813473168
ergo_adaptive,300.08333333333337,0.00016682314218591606,0.09302994270976911
ergo_adaptive,300.16666666666663,0.00016895892236405303,0.09281434908553507
ergo_adaptive,300.25,0.0005210662333481389,0.09280354413999542
ergo_adaptive,300.33333333333337,0.0007481432991645584,0.09285124958381091
ergo_adaptive,300.41666666666663,0.0007378803115086645,0.09284132660948076
ergo_adaptive,300.5,0.00042145454564750074,0.09274982966541383
ergo_adaptive,300.58333333333337,0.0005677393013825258,0.09276932185986443
ergo_adaptive,300.66666666666663,0.0006712778545577428,0.09285462070538768
ergo_adaptive,300.75,0.00030119097785147195,0.09294510565441629
ergo_adaptive,300.83333333333337,0.00011420992179487415,0.09301068640946317
ergo_adaptive,300.91666666666663,0.00010744452013892482,0.0930258305133805
ergo_adaptive,301.0,3.279250273911706e-5,0.09296446368115159
ergo_adaptive,301.08333333333337,0.000352039867451668,0.0928683215260614
ergo_adaptive,301.16666666666663,0.0004598697756742505,0.09267329416143637
ergo_adaptive,301.25,0.00014799178316347161,0.09235467176655418
ergo_adaptive,301.33333333333337,0.0002599221109579617,0.09228317065433425
ergo_adaptive,301.41666666666663,0.00026254208120115273,0.09235633878338928
ergo_adaptive,301.5,0.00016622178385082098,0.09244647624838317
ergo_adaptive,301.58333333333337,0.00027004555411818375,0.0925076724323131
ergo_adaptive,301.66666666666663,0.00014538565867012982,0.09259641537693947
ergo_adaptive,301.75,3.798338443026846e-5,0.09268856886706393
ergo_adaptive,301.83333333333337,0.00038677031554275993,0.09272111896987384
ergo_adaptive,301.91666666666663,0.0001991037622285817,0.09267111329805343
ergo_adaptive,302.0,3.885757973797015e-5,0.09253595324245016
ergo_adaptive,302.08333333333337,2.399744160226488e-5,0.09251981184815256
ergo_adaptive,302.16666666666663,1.82618158824845e-5,0.09255187039030432
ergo_adaptive,302.25,3.8313344925658914e-5,0.09259094619079619
ergo_adaptive,302.33333333333337,3.9876672616204754e-5,0.09263360633966429
ergo_adaptive,302.41666666666663,3.129949973201033e-5,0.09265074238493051
ergo_adaptive,302.5,9.799615497468379e-6,0.09262649869455498
ergo_adaptive,302.58333333333337,3.375967520404608e-6,0.092590199174689
ergo_adaptive,302.66666666666663,0.0,0.092557774050186
ergo_adaptive,302.75,0.0,0.09261066804376022
ergo_adaptive,302.83333333333337,5.333100133541113e-7,0.09270814240694177
ergo_adaptive,302.91666666666663,0.0,0.09280892371507443
ergo_adaptive,303.0,0.0,0.09288881099312268
ergo_adaptive,303.08333333333337,0.0,0.09291120301711994
ergo_adaptive,303.16666666666663,0.0,0.09283296830525997
ergo_adaptive,303.25,0.0,0.09265155195712108
ergo_adaptive,303.33333333333337,3.875846445317345e-7,0.09241632972449987
ergo_adaptive,303.41666666666663,2.8404590719249354e-6,0.09235871540525596
ergo_adaptive,303.5,0.0,0.09238263790607282
ergo_adaptive,303.58333333333337,0.0,0.09237579811441278
ergo_adaptive,303.66666666666663,1.18270666243955e-6,0.09228777534798552
ergo_adaptive,303.75,0.0,0.09229470646637723
ergo_adaptive,303.83333333333337,3.928977715249665e-6,0.09227045029297554
ergo_adaptive,303.91666666666663,5.106952034569235e-6,0.09231624432170529
ergo_adaptive,304.0,7.81234217661225e-7,0.09238360515227836
ergo_adaptive,304.08333333333337,2.4934509142765226e-5,0.09242068953206833
ergo_adaptive,304.16666666666663,2.6135949088563497e-5,0.09241466038842418
ergo_adaptive,304.25,0.0005215034763792652,0.09234892253925232
ergo_adaptive,304.33333333333337,8.631375802202933e-5,0.0922078305854526
ergo_adaptive,304.41666666666663,0.00012039878650303504,0.09201308090974267
ergo_adaptive,304.5,2.8924353504544782e-5,0.09179433714691147
ergo_adaptive,304.58333333333337,0.0003384563857237662,0.09178355857687305
ergo_adaptive,304.66666666666663,0.0003204595351330379,0.09178284146957832
ergo_adaptive,304.75,0.0013058801427015773,0.09173481936290558
ergo_adaptive,304.83333333333337,0.0006500464736454545,0.09162859038342107
ergo_adaptive,304.91666666666663,0.00031090583599052463,0.09146652887081125
ergo_adaptive,305.0,0.0015028096968396762,0.09147867420530555
ergo_adaptive,305.08333333333337,0.0011627589941662596,0.09148419659323775
ergo_adaptive,305.16666666666663,0.0006232557439159988,0.09144409190275347
ergo_adaptive,305.25,0.0009348194258203872,0.09150313693395598
ergo_adaptive,305.33333333333337,0.0005174151057493638,0.09160963769945926
ergo_adaptive,305.41666666666663,0.0007017960407536331,0.0917224563651299
ergo_adaptive,305.5,0.0010688927357405834,0.09179466753195409
ergo_adaptive,305.58333333333337,0.0009398706042489946,0.09181292272864361
ergo_adaptive,305.66666666666663,0.0015292004052477098,0.09185488630611485
ergo_adaptive,305.75,0.001380711380838935,0.09183504167976507
ergo_adaptive,305.83333333333337,0.0015524739258220603,0.09183940014432182
ergo_adaptive,305.91666666666663,0.0011841293870172628,0.09182405652809544
ergo_adaptive,306.0,0.0013631060775091946,0.09187798598701066
ergo_adaptive,306.08333333333337,0.00045303278977077473,0.09195459877889035
ergo_adaptive,306.16666666666663,0.0011184629688268679,0.09202270367725877
ergo_adaptive,306.25,0.0008486574002260811,0.09206868086548371
ergo_adaptive,306.33333333333337,0.0010430321689136055,0.09212437927769723
ergo_adaptive,306.41666666666663,0.0011905917552501365,0.09220822838846662
ergo_adaptive,306.5,0.0013339270934797165,0.09229852109906088
ergo_adaptive,306.58333333333337,0.0014125127761802749,0.09237851671251687
ergo_adaptive,306.66666666666663,0.0011061679710626722,0.09244290261586874
ergo_adaptive,306.75,0.0005921837486628007,0.09251785787360445
ergo_adaptive,306.83333333333337,0.0005285846738027328,0.0925898220600989
ergo_adaptive,306.91666666666663,0.0001663135323311746,0.09263085042981596
ergo_adaptive,307.0,1.8320007648553002e-5,0.09262261571793384
ergo_adaptive,307.08333333333337,2.0186327182310205e-5,0.09261039763615353
ergo_adaptive,307.16666666666663,0.0004166439533289436,0.09258019776571488
ergo_adaptive,307.25,1.2157618483109966e-5,0.0925332706051883
ergo_adaptive,307.33333333333337,0.000350236347689364,0.09250781269265183
ergo_adaptive,307.41666666666663,0.00015059404527065906,0.09249872218808164
ergo_adaptive,307.5,0.0005197699708014526,0.09254191328358337
ergo_adaptive,307.58333333333337,0.0008878739850629978,0.09258421571243991
ergo_adaptive,307.66666666666663,0.0002512550783263108,0.09258732345236559
ergo_adaptive,307.75,0.00012678253983931873,0.09266004521931862
ergo_adaptive,307.83333333333337,2.257358704317877e-5,0.09276930912621008
ergo_adaptive,307.91666666666663,0.0,0.0928539471622332
ergo_adaptive,308.0,6.843376614768976e-5,0.0928903120827562
ergo_adaptive,308.08333333333337,0.0001544064062132007,0.09289187442307696
ergo_adaptive,308.16666666666663,0.00023674435294099012,0.09283684250660333
ergo_adaptive,308.25,0.0006789988773913743,0.09268749570785433
ergo_adaptive,308.33333333333337,0.00030879182726248144,0.0924407127888228
ergo_adaptive,308.41666666666663,7.156420431713112e-5,0.0923006861197846
ergo_adaptive,308.5,5.916171733971902e-5,0.09230797529553712
ergo_adaptive,308.58333333333337,1.9488150237997207e-5,0.0924031671435685
ergo_adaptive,308.66666666666663,6.740350507469343e-5,0.0925108829918148
ergo_adaptive,308.75,0.0001910620023480486,0.09259935609808763
ergo_adaptive,308.83333333333337,1.2601814485481674e-5,0.09265929417013971
ergo_adaptive,308.91666666666663,0.0,0.09270916094502431
ergo_adaptive,309.0,0.0,0.0927912487439663
ergo_adaptive,309.08333333333337,1.9425547425234606e-5,0.09288254791549425
ergo_adaptive,309.16666666666663,8.59215434624213e-6,0.09296139315884691
ergo_adaptive,309.25,0.0,0.09301306008405788
ergo_adaptive,309.33333333333337,0.0,0.0930547467612333
ergo_adaptive,309.41666666666663,2.292259608966794e-5,0.09302018681428569
ergo_adaptive,309.5,0.0,0.09285629730249856
ergo_adaptive,309.58333333333337,2.328356263525746e-7,0.0925987511085417
ergo_adaptive,309.66666666666663,5.5295867137727906e-5,0.09254688721227093
ergo_adaptive,309.75,9.093713905535558e-5,0.09261900832396829
ergo_adaptive,309.83333333333337,5.5127386685018955e-5,0.09270774423004328
ergo_adaptive,309.91666666666663,4.508300743858862e-5,0.09280379643890434
ergo_adaptive,310.0,3.864218803815591e-5,0.09288837141101677
ergo_adaptive,310.08333333333337,0.0,0.09300042953815704
ergo_adaptive,310.16666666666663,0.0,0.09310942586667416
ergo_adaptive,310.25,6.610811356955759e-5,0.09312845010720433
ergo_adaptive,310.33333333333337,1.863701075131348e-5,0.09304683695087251
ergo_adaptive,310.41666666666663,0.0,0.09295498394259165
ergo_adaptive,310.5,0.0,0.09281005835939862
ergo_adaptive,310.58333333333337,1.1270369134444311e-6,0.09260177836077209
ergo_adaptive,310.66666666666663,0.0,0.09258878586344413
ergo_adaptive,310.75,1.2270042018271808e-6,0.09255684230740624
ergo_adaptive,310.83333333333337,2.1529759054801202e-5,0.09261575538274373
ergo_adaptive,310.91666666666663,1.0212945281919551e-5,0.0927157896160979
ergo_adaptive,311.0,9.133011374935951e-5,0.09279469321880934
ergo_adaptive,311.08333333333337,2.5484705763219287e-6,0.09284101761568289
ergo_adaptive,311.16666666666663,1.127292445975619e-5,0.0928714536232913
ergo_adaptive,311.25,4.059047530106038e-5,0.09287395282002185
ergo_adaptive,311.33333333333337,0.00029081214406511226,0.09283541278239295
ergo_adaptive,311.41666666666663,0.00031570217666546704,0.0927722528383248
ergo_adaptive,311.5,0.0007662725527717274,0.09269714535662915
ergo_adaptive,311.58333333333337,0.00055824978724175,0.0926210070799074
ergo_adaptive,311.66666666666663,0.0007784653935650916,0.0925807814701992
ergo_adaptive,311.75,0.0009317373530781203,0.09253563067250299
ergo_adaptive,311.83333333333337,0.0012856110004809533,0.09244693853563812
ergo_adaptive,311.91666666666663,0.0011839134764389508,0.09232018279043704
ergo_adaptive,312.0,0.0005202127939076588,0.09227651707900249
ergo_adaptive,312.08333333333337,0.0004723102120658488,0.09232159579018152
ergo_adaptive,312.16666666666663,0.0010060379651781193,0.09243355790421816
ergo_adaptive,312.25,0.0005816842334760128,0.09255869199733317
ergo_adaptive,312.33333333333337,0.0010008820224799743,0.0926489730510257
ergo_adaptive,312.41666666666663,0.0006239345246053148,0.09274119029261857
ergo_adaptive,312.5,0.00025177016718161367,0.09281273978111247
ergo_adaptive,312.58333333333337,0.0,0.09287026010412248
ergo_adaptive,312.66666666666663,0.0,0.09291274474022979
ergo_adaptive,312.75,0.0,0.09293900042690541
ergo_adaptive,312.83333333333337,0.0,0.09295214823700244
ergo_adaptive,312.91666666666663,0.0,0.09294873956569773
ergo_adaptive,313.0,0.0,0.09292227507068287
ergo_adaptive,313.08333333333337,0.0,0.09287554176301886
ergo_adaptive,313.16666666666663,4.929983638346652e-7,0.09282092062905005
ergo_adaptive,313.25,4.222201893318027e-6,0.09273002684347252
ergo_adaptive,313.33333333333337,0.00031156804844147606,0.09260001732310541
ergo_adaptive,313.41666666666663,0.00046715301359888996,0.09242344858808818
ergo_adaptive,313.5,0.0003465158163559754,0.09219672163050567
ergo_adaptive,313.58333333333337,0.00046007268614507203,0.09191576311069767
ergo_adaptive,313.66666666666663,8.321907965547336e-5,0.09161217170353954
ergo_adaptive,313.75,0.00010257792182897831,0.09153672435055761
ergo_adaptive,313.83333333333337,0.00030415797172937247,0.0915804616973597
ergo_adaptive,313.91666666666663,6.39295278873565e-5,0.09160671187683292
ergo_adaptive,314.0,2.115556566069908e-5,0.0917137325791074
ergo_adaptive,314.08333333333337,3.806609494024636e-5,0.09185481053019064
ergo_adaptive,314.16666666666663,1.9847045832932388e-5,0.0919946932078989
ergo_adaptive,314.25,1.5670917787763385e-5,0.09210182073658717
ergo_adaptive,314.33333333333337,0.0,0.09214338689737601
ergo_adaptive,314.41666666666663,1.1337980899147175e-5,0.09210417940559228
ergo_adaptive,314.5,0.0,0.09197163329372252
ergo_adaptive,314.58333333333337,0.0,0.09177800966465836
ergo_adaptive,314.66666666666663,0.0,0.09155429840317447
ergo_adaptive,314.75,2.7503188964847126e-6,0.09128169338172139
ergo_adaptive,314.83333333333337,5.413482521507856e-6,0.09126810327898933
ergo_adaptive,314.91666666666663,7.105647046173593e-5,0.09137482286836923
ergo_adaptive,315.0,7.1721781348916184e-6,0.09146865086233688
ergo_adaptive,315.08333333333337,0.0,0.09157670502724348
ergo_adaptive,315.16666666666663,0.0,0.09167550536848365
ergo_adaptive,315.25,3.8513624118743234e-5,0.09170379298904945
ergo_adaptive,315.33333333333337,1.6051868495035024e-6,0.0915994355365264
ergo_adaptive,315.41666666666663,7.406667940898105e-6,0.09162703353135931
ergo_adaptive,315.5,4.052192549233735e-5,0.09173525618803957
ergo_adaptive,315.58333333333337,0.00013904022667593095,0.09182774265601666
ergo_adaptive,315.66666666666663,0.0,0.0918630747667006
ergo_adaptive,315.75,0.0,0.09193574755859393
ergo_adaptive,315.83333333333337,6.938336830539296e-5,0.09202306253537956
ergo_adaptive,315.91666666666663,0.00025162174420576206,0.09206036423967519
ergo_adaptive,316.0,0.00039323359966563496,0.09198306922175337
ergo_adaptive,316.08333333333337,0.0009960484697545632,0.09178211660022985
ergo_adaptive,316.16666666666663,0.0005730869361337239,0.09152565863980382
ergo_adaptive,316.25,0.0001677710634666984,0.09129648463196408
ergo_adaptive,316.33333333333337,0.00015742221940407797,0.09127161204778118
ergo_adaptive,316.41666666666663,0.00010028393889008795,0.09132825024669987
ergo_adaptive,316.5,0.00016555661611823984,0.09139349593835513
ergo_adaptive,316.58333333333337,0.00035854605899259185,0.09144627308009844
ergo_adaptive,316.66666666666663,0.0002717232630622587,0.09149635579632903
ergo_adaptive,316.75,0.00041354524025916773,0.09151930358845549
ergo_adaptive,316.83333333333337,0.0008147618427796783,0.09148695731856804
ergo_adaptive,316.91666666666663,0.0008842973152051475,0.09140992324040809
ergo_adaptive,317.0,0.0006049441354893894,0.0913260373894612
ergo_adaptive,317.08333333333337,0.0008875044022265997,0.09134899150186661
ergo_adaptive,317.16666666666663,0.0005585817515942979,0.09137274584873147
ergo_adaptive,317.25,0.00032168194618973056,0.09143287980501967
ergo_adaptive,317.33333333333337,0.0002355785604076906,0.09151662778054694
ergo_adaptive,317.41666666666663,0.0001774005575091285,0.09160289679
ergo_adaptive,317.5,0.0002867495856772138,0.09168437105053634
ergo_adaptive,317.58333333333337,0.00011475847027812229,0.09169062535691316
ergo_adaptive,317.66666666666663,0.00021377605284102926,0.09163828436738063
ergo_adaptive,317.75,0.000188473261025299,0.09150013416846935
ergo_adaptive,317.83333333333337,0.00011049465047076945,0.0915078439589842
ergo_adaptive,317.91666666666663,0.00013787446143710192,0.09161256492202265
ergo_adaptive,318.0,0.00010944987002963558,0.09174143547722857
ergo_adaptive,318.08333333333337,5.589428901344164e-5,0.091849552056435
ergo_adaptive,318.16666666666663,7.733557322817926e-5,0.0918975493198169
ergo_adaptive,318.25,6.657956294298537e-5,0.09186364229366287
ergo_adaptive,318.33333333333337,1.0029527051683979e-5,0.09182539178778702
ergo_adaptive,318.41666666666663,1.3626123258299735e-5,0.09187144493798441
ergo_adaptive,318.5,3.929433149606853e-5,0.09196645691489559
ergo_adaptive,318.58333333333337,9.362291834761121e-6,0.09205989170284164
ergo_adaptive,318.66666666666663,2.5406476448634738e-6,0.09213918086565598
ergo_adaptive,318.75,2.1550182462675013e-5,0.09216546582502969
ergo_adaptive,318.83333333333337,0.0001794415715454958,0.09222868032160218
ergo_adaptive,318.91666666666663,5.215401071828654e-7,0.09226361771234241
ergo_adaptive,319.0,1.1792863344416958e-5,0.09232365554866447
ergo_adaptive,319.08333333333337,2.9300856536024827e-5,0.09243216406884225
ergo_adaptive,319.16666666666663,1.655772371603117e-5,0.0925242644657154
ergo_adaptive,319.25,1.3055840407955746e-6,0.09261036271581974
ergo_adaptive,319.33333333333337,1.6545925922679574e-6,0.09271787340270453
ergo_adaptive,319.41666666666663,1.9990310158124115e-5,0.09275683475840359
ergo_adaptive,319.5,6.881351173372109e-5,0.09271624888242451
ergo_adaptive,319.58333333333337,0.0,0.09262137503958032
ergo_adaptive,319.66666666666663,1.397097883699707e-5,0.09262188831524625
ergo_adaptive,319.75,0.0,0.0926912509634074
ergo_adaptive,319.83333333333337,2.909375167807675e-5,0.09279542589493647
ergo_adaptive,319.91666666666663,6.330496411359934e-5,0.0928747134934508
ergo_adaptive,320.0,0.00021825101920768967,0.09286943264140451
ergo_adaptive,320.08333333333337,0.0001240354787001496,0.09283874762426583
ergo_adaptive,320.16666666666663,0.0001389643185024339,0.09283614723006428
ergo_adaptive,320.25,0.00024374046744037788,0.09288794679865282
ergo_adaptive,320.33333333333337,1.7783895459258066e-5,0.09296672892342178
ergo_adaptive,320.41666666666663,0.0,0.09305478533410584
ergo_adaptive,320.5,0.0,0.09310455266497979
ergo_adaptive,320.58333333333337,0.0,0.0930929306097138
ergo_adaptive,320.66666666666663,0.0,0.093014552833899
ergo_adaptive,320.75,1.3481192243507292e-5,0.09286831197001208
ergo_adaptive,320.83333333333337,0.0005813355262332354,0.09266322984042857
ergo_adaptive,320.91666666666663,0.0005646046138213717,0.09240901532828504
ergo_adaptive,321.0,0.00040997850205818623,0.0920980920049251
ergo_adaptive,321.08333333333337,0.0018488592549544365,0.09176891323367616
ergo_adaptive,321.16666666666663,0.0027651747646598736,0.09146063280128595
ergo_adaptive,321.25,0.001670132412545238,0.09116601779243723
ergo_adaptive,321.33333333333337,0.0020186413861280703,0.09084681268256749
ergo_adaptive,321.41666666666663,0.0016518472425798795,0.09052768825764616
ergo_adaptive,321.5,0.0014243545415638331,0.09034012478216728
ergo_adaptive,321.58333333333337,0.0005690828136602036,0.09032292673266905
ergo_adaptive,321.66666666666663,0.00014550874785113915,0.09037534270520536
ergo_adaptive,321.75,0.0005624914959380157,0.0904720757451431
ergo_adaptive,321.83333333333337,0.0006112696764150431,0.09057730460996832
ergo_adaptive,321.91666666666663,0.0001444492712778064,0.0906806053842913
ergo_adaptive,322.0,0.00010368397673317855,0.09076914320548748
ergo_adaptive,322.08333333333337,8.884608427872427e-5,0.09083532003330522
ergo_adaptive,322.16666666666663,4.1621999017011586e-5,0.09088521944754795
ergo_adaptive,322.25,8.074930340235811e-5,0.09095647454361037
ergo_adaptive,322.33333333333337,0.00017622910650876033,0.09105840813711435
ergo_adaptive,322.41666666666663,0.0007412438988472052,0.09113451022622457
ergo_adaptive,322.5,0.0006267907174542805,0.09117943073452392
ergo_adaptive,322.58333333333337,0.0004465565658251451,0.09122663244902998
ergo_adaptive,322.66666666666663,0.00023340753984533517,0.09132158283606724
ergo_adaptive,322.75,0.0002635414540532519,0.09141884420699975
ergo_adaptive,322.83333333333337,0.00011765724843807747,0.09150419946116635
ergo_adaptive,322.91666666666663,4.7814817880815984e-5,0.09158936806220652
ergo_adaptive,323.0,5.396606316817047e-5,0.09167313897710774
ergo_adaptive,323.08333333333337,0.00017278867006147096,0.09171550936946976
ergo_adaptive,323.16666666666663,0.00015403309655792413,0.09167697450983199
ergo_adaptive,323.25,0.0003642693842136477,0.0915688878934747
ergo_adaptive,323.33333333333337,0.0007977385796990826,0.0914443050624308
ergo_adaptive,323.41666666666663,0.0006935456104995341,0.09135327727517059
ergo_adaptive,323.5,0.0005265866229222298,0.09135417822085082
ergo_adaptive,323.58333333333337,0.00019034410438654244,0.09144488879643635
ergo_adaptive,323.66666666666663,4.3307745636608254e-5,0.09156122463095809
ergo_adaptive,323.75,2.3963317735176142e-5,0.09166774066974814
ergo_adaptive,323.83333333333337,6.596610234201793e-5,0.09174697510721286
ergo_adaptive,323.91666666666663,4.8389461366827514e-5,0.09178793178298882
ergo_adaptive,324.0,1.0225858742506596e-5,0.09178837605887044
ergo_adaptive,324.08333333333337,4.29108979636421e-6,0.09174005051944616
ergo_adaptive,324.16666666666663,1.3881485352529656e-5,0.09177060240758789
ergo_adaptive,324.25,0.00025009999837689796,0.09184840713786173
ergo_adaptive,324.33333333333337,0.00018874115143226934,0.09191444831663469
ergo_adaptive,324.41666666666663,0.00035040706400580365,0.09193810735303483
ergo_adaptive,324.5,5.285818964198192e-5,0.09189153502105318
ergo_adaptive,324.58333333333337,0.00014432468152313107,0.09192427602615445
ergo_adaptive,324.66666666666663,7.065277603217064e-5,0.09201631741776509
ergo_adaptive,324.75,9.828236102803691e-5,0.09210777626806914
ergo_adaptive,324.83333333333337,2.3835449611604422e-5,0.0921693564674528
ergo_adaptive,324.91666666666663,0.0,0.09219758181949038
ergo_adaptive,325.0,4.18620371593344e-7,0.0922483590983632
ergo_adaptive,325.08333333333337,0.0,0.09232505561250828
ergo_adaptive,325.16666666666663,7.736910728883449e-7,0.09238054005724415
ergo_adaptive,325.25,0.0,0.09242880682661632
ergo_adaptive,325.33333333333337,0.0,0.0924378821811535
ergo_adaptive,325.41666666666663,2.067906208102189e-5,0.09237685572838793
ergo_adaptive,325.5,7.24989374450555e-5,0.09224013546784231
ergo_adaptive,325.58333333333337,0.0,0.0920763807148701
ergo_adaptive,325.66666666666663,4.657112984736549e-6,0.0919001473438675
ergo_adaptive,325.75,2.540956156507229e-6,0.09184771914571549
ergo_adaptive,325.83333333333337,2.702491578241449e-6,0.09189974133694184
ergo_adaptive,325.91666666666663,9.16180823817535e-5,0.0919907080119015
ergo_adaptive,326.0,0.00042723724258233466,0.09205798806230182
ergo_adaptive,326.08333333333337,8.229844223159325e-5,0.09207686776400566
ergo_adaptive,326.16666666666663,4.48612227246009e-6,0.09204640142340047
ergo_adaptive,326.25,2.1525881654035807e-5,0.09205911878164758
ergo_adaptive,326.33333333333337,3.7153331111116976e-6,0.09204193424780799
ergo_adaptive,326.41666666666663,0.0,0.09205099298027446
ergo_adaptive,326.5,0.0,0.09213209369373448
ergo_adaptive,326.58333333333337,0.0,0.09225461872027067
ergo_adaptive,326.66666666666663,0.0,0.09236878186472286
ergo_adaptive,326.75,0.0,0.09244521241095209
ergo_adaptive,326.83333333333337,0.0,0.09248561233364515
ergo_adaptive,326.91666666666663,0.0,0.09250893663355675
ergo_adaptive,327.0,0.0,0.09242961468955067
ergo_adaptive,327.08333333333337,0.0,0.09219735242741584
ergo_adaptive,327.16666666666663,0.0,0.09188065533842273
ergo_adaptive,327.25,4.504524596954872e-5,0.0915692406647903
ergo_adaptive,327.33333333333337,1.543530374873502e-5,0.09134078168197653
ergo_adaptive,327.41666666666663,0.0,0.09124094542890705
ergo_adaptive,327.5,0.0,0.09115607626678775
ergo_adaptive,327.58333333333337,3.6839704667990697e-6,0.0910101845488068
ergo_adaptive,327.66666666666663,1.6427198360030882e-5,0.09104692580896137
ergo_adaptive,327.75,2.128744373273913e-5,0.09108556167435486
ergo_adaptive,327.83333333333337,0.00020491492952047705,0.09107462649149281
ergo_adaptive,327.91666666666663,0.0001857996649953826,0.09098123663158675
ergo_adaptive,328.0,0.00019514257603992974,0.09080425738357517
ergo_adaptive,328.08333333333337,0.00033886934951910956,0.09059730157659679
ergo_adaptive,328.16666666666663,0.0010460948954958645,0.09036739215920725
ergo_adaptive,328.25,0.0005170221713560367,0.09009470581051912
ergo_adaptive,328.33333333333337,0.0002243283372429696,0.08978504321140435
ergo_adaptive,328.41666666666663,6.863647605142996e-5,0.08976552387893375
ergo_adaptive,328.5,0.00015556718220470012,0.089900048763168
ergo_adaptive,328.58333333333337,0.00013692242253569221,0.09006775494589671
ergo_adaptive,328.66666666666663,0.00017520913935558725,0.09020934208093197
ergo_adaptive,328.75,6.518767046799288e-5,0.09030408095554406
ergo_adaptive,328.83333333333337,0.00018539336635048115,0.09035243292405543
ergo_adaptive,328.91666666666663,0.00041231234495105163,0.09036560840635452
ergo_adaptive,329.0,0.00037864638253023883,0.09035308088470452
ergo_adaptive,329.08333333333337,0.0011767180558347073,0.09031313123827162
ergo_adaptive,329.16666666666663,0.0006415973617052284,0.09034091425661407
ergo_adaptive,329.25,0.0008842057294528953,0.09037083757668209
ergo_adaptive,329.33333333333337,0.0008319862895781397,0.09045440846615149
ergo_adaptive,329.41666666666663,0.00036675284930373555,0.09055834829037027
ergo_adaptive,329.5,0.00026826939223641567,0.0906268804945935
ergo_adaptive,329.58333333333337,0.00021844738821745474,0.09064586176421474
ergo_adaptive,329.66666666666663,6.201429129958356e-6,0.09066486085699513
ergo_adaptive,329.75,2.2329698074620586e-5,0.09073785462064618
ergo_adaptive,329.83333333333337,0.0,0.0908325778237643
ergo_adaptive,329.91666666666663,0.0,0.09093743388515915
ergo_adaptive,330.0,4.4661564667098986e-5,0.0910334843132861
ergo_adaptive,330.08333333333337,0.00016698525025694234,0.09110229501854565
ergo_adaptive,330.16666666666663,2.2806148630960094e-5,0.09113520433205917
ergo_adaptive,330.25,1.6990590510193653e-6,0.09117918153497954
ergo_adaptive,330.33333333333337,2.5578453805692525e-6,0.09127007374426016
ergo_adaptive,330.41666666666663,9.905218283887153e-6,0.09135497639041673
ergo_adaptive,330.5,0.0,0.09140932224137012
ergo_adaptive,330.58333333333337,1.3820252937561262e-6,0.09148117157648762
ergo_adaptive,330.66666666666663,3.4843576083035176e-5,0.09155159694814562
ergo_adaptive,330.75,3.295590417355453e-5,0.09159504811939936
ergo_adaptive,330.83333333333337,7.700526643003682e-5,0.09162531088908962
ergo_adaptive,330.91666666666663,4.855679751204138e-5,0.0916155998167323
ergo_adaptive,331.0,0.0,0.09155323364546346
ergo_adaptive,331.08333333333337,3.5746691307055343e-6,0.09158515353216515
ergo_adaptive,331.16666666666663,2.751757979448903e-5,0.09161520621585763
ergo_adaptive,331.25,0.0001313200549836467,0.09161607931664832
ergo_adaptive,331.33333333333337,0.00011734020591718648,0.09164287129219927
ergo_adaptive,331.41666666666663,6.174159915844355e-5,0.09172614985656562
ergo_adaptive,331.5,4.24601503499677e-5,0.09183038364683767
ergo_adaptive,331.58333333333337,7.963262697443119e-6,0.09197434994398065
ergo_adaptive,331.66666666666663,0.0,0.09209394336724529
ergo_adaptive,331.75,9.661600091489247e-7,0.09223307630338475
ergo_adaptive,331.83333333333337,8.365783531547163e-5,0.09233887363797705
ergo_adaptive,331.91666666666663,0.0,0.09244248382069804
ergo_adaptive,332.0,4.655956431467982e-5,0.09252986935953735
ergo_adaptive,332.08333333333337,3.775471405938863e-5,0.09258715848674733
ergo_adaptive,332.16666666666663,0.00013399734292986895,0.09263957077140493
ergo_adaptive,332.25,9.541291383111228e-6,0.09264285358076295
ergo_adaptive,332.33333333333337,1.617825168484873e-5,0.0926616535874116
ergo_adaptive,332.41666666666663,8.131368858800655e-5,0.09269273128676722
ergo_adaptive,332.5,0.00011003323999652905,0.09273401606849138
ergo_adaptive,332.58333333333337,0.0,0.09275052963769934
ergo_adaptive,332.66666666666663,0.0,0.09280484528932827
ergo_adaptive,332.75,5.6486668957857535e-8,0.0928719724529202
ergo_adaptive,332.83333333333337,0.0,0.09293387743668612
ergo_adaptive,332.91666666666663,0.0,0.09296019316341504
ergo_adaptive,333.0,0.0,0.0929510503440628
ergo_adaptive,333.08333333333337,0.0,0.09290609906063259
ergo_adaptive,333.16666666666663,7.153014181804388e-5,0.09280785470807802
ergo_adaptive,333.25,3.902368049044745e-5,0.09280630140289162
ergo_adaptive,333.33333333333337,0.0,0.09287249958701847
ergo_adaptive,333.41666666666663,1.7112709273995528e-6,0.09289890225312378
ergo_adaptive,333.5,0.0,0.09299035260692128
ergo_adaptive,333.58333333333337,8.834012887867288e-5,0.09304245646522778
ergo_adaptive,333.66666666666663,7.46224049099001e-5,0.0931453117678027
ergo_adaptive,333.75,3.1371684238409925e-5,0.09326219501733037
ergo_adaptive,333.83333333333337,3.6407137245959545e-6,0.09336386755493155
ergo_adaptive,333.91666666666663,0.0,0.0934388307897476
ergo_adaptive,334.0,0.0,0.09351269798581928
ergo_adaptive,334.08333333333337,0.0,0.09356288855008658
ergo_adaptive,334.16666666666663,0.0,0.09354711852683972
ergo_adaptive,334.25,0.00011303362331060124,0.09344538030284634
ergo_adaptive,334.33333333333337,0.0004977161028765563,0.09331181489395632
ergo_adaptive,334.41666666666663,0.0008088482087010719,0.09317034725747335
ergo_adaptive,334.5,0.00032486658071927685,0.09305700259165582
ergo_adaptive,334.58333333333337,0.0003392613674066292,0.09309166424148699
ergo_adaptive,334.66666666666663,0.0005266182750493686,0.09316865094672405
ergo_adaptive,334.75,0.0008762200041325669,0.09322957335521848
ergo_adaptive,334.83333333333337,0.0012940228062517508,0.09326095272255344
ergo_adaptive,334.91666666666663,0.0005866362201494752,0.09328532690788705
ergo_adaptive,335.0,0.0007413793866384578,0.09337053331059932
ergo_adaptive,335.08333333333337,0.00011451997049946557,0.09347360824325825
ergo_adaptive,335.16666666666663,0.0,0.09356957260085844
ergo_adaptive,335.25,1.6620040730851004e-5,0.09368231956830751
ergo_adaptive,335.33333333333337,1.730756736168404e-5,0.0937826479292526
ergo_adaptive,335.41666666666663,0.000498694833050925,0.0938457804508874
ergo_adaptive,335.5,0.00040407092610914865,0.09391054952310242
ergo_adaptive,335.58333333333337,0.0003006543616207137,0.09400456764295936
ergo_adaptive,335.66666666666663,0.00019173558123100382,0.09409826422111663
ergo_adaptive,335.75,6.548318392167242e-5,0.0941806436511459
ergo_adaptive,335.83333333333337,7.527913098503704e-6,0.09426210036600562
ergo_adaptive,335.91666666666663,0.0,0.09433901714657628
ergo_adaptive,336.0,1.9693299684546222e-7,0.09442546142285224
ergo_adaptive,336.08333333333337,2.584903196075059e-5,0.09450461065757641
ergo_adaptive,336.16666666666663,8.393781920740609e-5,0.09456453536390305
ergo_adaptive,336.25,0.0001526780999678451,0.09456923644323464
ergo_adaptive,336.33333333333337,4.8633246516644134e-5,0.09449755755587715
ergo_adaptive,336.41666666666663,0.00012282462518868018,0.09439737778971027
ergo_adaptive,336.5,7.825539138072378e-5,0.09430364422407149
ergo_adaptive,336.58333333333337,0.0,0.09432671716545997
ergo_adaptive,336.66666666666663,4.077147794624488e-7,0.09436773027130772
ergo_adaptive,336.75,1.7497144291020345e-6,0.09444798301156171
ergo_adaptive,336.83333333333337,0.0,0.09455521720076876
ergo_adaptive,336.91666666666663,5.118514468579748e-5,0.09463390988804797
ergo_adaptive,337.0,0.0,0.0946894930651737
ergo_adaptive,337.08333333333337,5.47336303448995e-5,0.0947021284516854
ergo_adaptive,337.16666666666663,7.928804326613779e-6,0.09473137763615438
ergo_adaptive,337.25,2.2916810400032795e-5,0.09481097981753478
ergo_adaptive,337.33333333333337,0.00017646922099287564,0.09490487685572369
ergo_adaptive,337.41666666666663,1.7599310006421784e-5,0.09498861982369704
ergo_adaptive,337.5,0.00022063165637347797,0.09509301278094978
ergo_adaptive,337.58333333333337,0.00023657258894415538,0.09517174156817368
ergo_adaptive,337.66666666666663,4.197663920529026e-5,0.095199791109115
ergo_adaptive,337.75,3.2043704896371816e-6,0.0952647852861161
ergo_adaptive,337.83333333333337,2.111049061915357e-5,0.09535164060651861
ergo_adaptive,337.91666666666663,5.775703626585701e-6,0.09543067768769085
ergo_adaptive,338.0,1.6865685629848657e-5,0.09544553915137746
ergo_adaptive,338.08333333333337,0.0,0.09542229073180633
ergo_adaptive,338.16666666666663,2.4833168446686352e-6,0.0954738559267305
ergo_adaptive,338.25,2.523700471966692e-5,0.09549715387426272
ergo_adaptive,338.33333333333337,0.0,0.09551885276488231
ergo_adaptive,338.41666666666663,0.0002623453594115901,0.09555062588585984
ergo_adaptive,338.5,0.0013275067409496935,0.09557549771217905
ergo_adaptive,338.58333333333337,0.0019726795190006486,0.09556100946581421
ergo_adaptive,338.66666666666663,0.00097033288936959,0.09550262419616971
ergo_adaptive,338.75,0.0006728725289023893,0.09543935486979598
ergo_adaptive,338.83333333333337,0.0006294130430179427,0.09549129944752446
ergo_adaptive,338.91666666666663,0.00033408468855895585,0.0955825014263954
ergo_adaptive,339.0,0.0003324767341052729,0.09567006736469949
ergo_adaptive,339.08333333333337,9.347990313381637e-6,0.09573486059630039
ergo_adaptive,339.16666666666663,5.360969157634704e-5,0.09581110320377503
ergo_adaptive,339.25,3.0413939769511676e-5,0.09589546745720365
ergo_adaptive,339.33333333333337,0.0001330704123143838,0.09593851359623781
ergo_adaptive,339.41666666666663,0.0003894220087561237,0.09592136053443169
ergo_adaptive,339.5,0.00011107707194182749,0.09590061760922558
ergo_adaptive,339.58333333333337,0.00024239680198003517,0.0959724651089872
ergo_adaptive,339.66666666666663,0.0004234432752727305,0.09608970492404285
ergo_adaptive,339.75,5.7806444323719936e-5,0.09620386269384358
ergo_adaptive,339.83333333333337,7.96298413903254e-5,0.09631761891334842
ergo_adaptive,339.91666666666663,3.849048978392409e-5,0.09639932775594356
ergo_adaptive,340.0,2.3712274945743933e-5,0.09643027575854175
ergo_adaptive,340.08333333333337,0.0,0.09641535646381691
ergo_adaptive,340.16666666666663,0.0,0.0964650271503602
ergo_adaptive,340.25,6.604529394742638e-6,0.0965514408791439
ergo_adaptive,340.33333333333337,0.0,0.09663385639969532
ergo_adaptive,340.41666666666663,6.487853608142411e-6,0.09668662955401416
ergo_adaptive,340.5,2.9402035146909865e-5,0.09669473181229879
ergo_adaptive,340.58333333333337,2.357170204960843e-5,0.09668575162506007
ergo_adaptive,340.66666666666663,0.0002512481736374639,0.09667888720850276
ergo_adaptive,340.75,0.00047360028570193197,0.09663083995080685
ergo_adaptive,340.83333333333337,0.00032190452743857537,0.09652668100203976
ergo_adaptive,340.91666666666663,0.00014562863247256856,0.0963747420168496
ergo_adaptive,341.0,1.4949297557886609e-5,0.09625182281148571
ergo_adaptive,341.08333333333337,2.7901012396204146e-5,0.096280939213161
ergo_adaptive,341.16666666666663,4.396257286847444e-5,0.09638179196662885
ergo_adaptive,341.25,8.24951684962468e-5,0.09649671511755856
ergo_adaptive,341.33333333333337,1.209785209462619e-5,0.09658580558629776
ergo_adaptive,341.41666666666663,0.0,0.09669220061706925
ergo_adaptive,341.5,0.0,0.09681353365525772
ergo_adaptive,341.58333333333337,3.647224849445633e-6,0.09691975757820141
ergo_adaptive,341.66666666666663,0.0,0.09703817148100154
ergo_adaptive,341.75,0.0,0.09714773100861417
ergo_adaptive,341.83333333333337,1.4586014470789045e-6,0.09721532134743026
ergo_adaptive,341.91666666666663,3.347067634562132e-5,0.09730583116910424
ergo_adaptive,342.0,4.7119644144935424e-5,0.09742760282622903
ergo_adaptive,342.08333333333337,4.783334161160197e-5,0.09755344140227347
ergo_adaptive,342.16666666666663,0.00014718947490173465,0.09762592508971825
ergo_adaptive,342.25,4.810861368149951e-5,0.09773368175478679
ergo_adaptive,342.33333333333337,0.0002266093383541187,0.09781241644510742
ergo_adaptive,342.41666666666663,0.00022463045630207498,0.09785446737077877
ergo_adaptive,342.5,0.00014407180629795216,0.09784582344573678
ergo_adaptive,342.58333333333337,0.0006649060961338931,0.09788760354293573
ergo_adaptive,342.66666666666663,0.0015877120136844874,0.09791414420673468
ergo_adaptive,342.75,0.0013622292538898219,0.09789674612169295
ergo_adaptive,342.83333333333337,0.000322251409798139,0.09783215140713
ergo_adaptive,342.91666666666663,0.00010627500892742085,0.09785076488388406
ergo_adaptive,343.0,9.366994386772188e-5,0.09791880592939473
ergo_adaptive,343.08333333333337,0.00023674701256363328,0.09800140965434129
ergo_adaptive,343.16666666666663,0.00018443197523961013,0.09808900137158662
ergo_adaptive,343.25,0.0003702082254443064,0.09817821982954267
ergo_adaptive,343.33333333333337,0.0001265249061557533,0.09822271459763389
ergo_adaptive,343.41666666666663,7.715253867904611e-5,0.09827558525602693
ergo_adaptive,343.5,7.98702316457563e-5,0.098343185521536
ergo_adaptive,343.58333333333337,5.8008698646452015e-5,0.0983847371366878
ergo_adaptive,343.66666666666663,0.0,0.09840216478200509
ergo_adaptive,343.75,1.1466430617561889e-5,0.09846889380580717
ergo_adaptive,343.83333333333337,6.120510601121047e-5,0.0985455065675915
ergo_adaptive,343.91666666666663,0.00010184889932477001,0.09864636968867696
ergo_adaptive,344.0,0.0001850403298730036,0.09875364181947668
ergo_adaptive,344.08333333333337,0.0005284711150020526,0.09880247115280201
ergo_adaptive,344.16666666666663,6.696569475251812e-5,0.0987982041073348
ergo_adaptive,344.25,1.679755100846399e-5,0.09885850795888584
ergo_adaptive,344.33333333333337,9.231704587416672e-6,0.09894361583254843
ergo_adaptive,344.41666666666663,1.2502206572012158e-5,0.099006857784025
ergo_adaptive,344.5,0.0,0.0990164846134606
ergo_adaptive,344.58333333333337,0.0,0.09905624983151172
ergo_adaptive,344.66666666666663,0.0,0.09910371421764917
ergo_adaptive,344.75,0.0,0.09912480194099255
ergo_adaptive,344.83333333333337,0.0,0.09912388428459504
ergo_adaptive,344.91666666666663,3.2289208514474863e-6,0.0991272810274776
ergo_adaptive,345.0,9.945093599640537e-6,0.099194178091094
ergo_adaptive,345.08333333333337,1.276506543508622e-5,0.09924879381311548
ergo_adaptive,345.16666666666663,2.058704469435673e-5,0.09926529137258076
ergo_adaptive,345.25,1.7188394936880378e-5,0.0992455506002271
ergo_adaptive,345.33333333333337,7.925734668700012e-5,0.0991955538721508
ergo_adaptive,345.41666666666663,1.370637025006916e-5,0.09914270500632742
ergo_adaptive,345.5,0.00015092936606234158,0.09905204410833954
ergo_adaptive,345.58333333333337,0.00019075594914019924,0.09890994279838342
ergo_adaptive,345.66666666666663,0.000611408311348137,0.09878756572987854
ergo_adaptive,345.75,0.00015425242054609284,0.09862925713935497
ergo_adaptive,345.83333333333337,8.172521271409923e-5,0.09859740532983233
ergo_adaptive,345.91666666666663,4.471592889020124e-6,0.09865365799740322
ergo_adaptive,346.0,5.509345150171866e-6,0.09873135385379563
ergo_adaptive,346.08333333333337,5.498570373274433e-8,0.09880465918638744
ergo_adaptive,346.16666666666663,2.5334833856451307e-5,0.09887569787450175
ergo_adaptive,346.25,0.0,0.09894514685549642
ergo_adaptive,346.33333333333337,1.403738590829274e-7,0.0990286146577954
ergo_adaptive,346.41666666666663,0.0,0.09913335102157646
ergo_adaptive,346.5,2.363702855868433e-6,0.09924420708186842
ergo_adaptive,346.58333333333337,0.0,0.09935593432579931
ergo_adaptive,346.66666666666663,0.0,0.09946940835004016
ergo_adaptive,346.75,4.148331446859368e-6,0.09955693379285745
ergo_adaptive,346.83333333333337,6.893382934386223e-6,0.09964968931824957
ergo_adaptive,346.91666666666663,3.70965365700517e-6,0.0997304522844184
ergo_adaptive,347.0,0.0,0.09977652353292157
ergo_adaptive,347.08333333333337,0.0,0.09983524285314253
ergo_adaptive,347.16666666666663,0.0,0.09989406411270453
ergo_adaptive,347.25,0.0,0.09992864314789424
ergo_adaptive,347.33333333333337,0.0,0.09993646840252052
ergo_adaptive,347.41666666666663,0.0,0.0999371171831185
ergo_adaptive,347.5,0.0,0.09991048355422653
ergo_adaptive,347.58333333333337,0.0,0.09981115393355232
ergo_adaptive,347.66666666666663,0.0,0.09967077974482712
ergo_adaptive,347.75,0.0,0.09953965994578877
ergo_adaptive,347.83333333333337,0.0,0.09944240562146878
ergo_adaptive,347.91666666666663,2.2192995665093413e-5,0.09937679467206503
ergo_adaptive,348.0,0.00029377960878048325,0.09938313141620632
ergo_adaptive,348.08333333333337,6.7561281867502e-5,0.09939758714231844
ergo_adaptive,348.16666666666663,0.0,0.09940862134004663
ergo_adaptive,348.25,0.0,0.09942309496353206
ergo_adaptive,348.33333333333337,0.0,0.09944826025139412
ergo_adaptive,348.41666666666663,0.0,0.09947708340851956
ergo_adaptive,348.5,0.0,0.09950953009940276
ergo_adaptive,348.58333333333337,0.0,0.09955434466880768
ergo_adaptive,348.66666666666663,0.0,0.09962299987478995
ergo_adaptive,348.75,0.0,0.09972795956130062
ergo_adaptive,348.83333333333337,0.0,0.0998385154619963
ergo_adaptive,348.91666666666663,0.0,0.09993545829046287
ergo_adaptive,349.0,0.0,0.10003474255813159
ergo_adaptive,349.08333333333337,0.0,0.10014935231106072
ergo_adaptive,349.16666666666663,0.0,0.10028385551911195
ergo_adaptive,349.25,0.0,0.10043947118595435
ergo_adaptive,349.33333333333337,0.0,0.10060497870106413
ergo_adaptive,349.41666666666663,0.0,0.1007678947023001
ergo_adaptive,349.5,0.0,0.1009326432911069
ergo_adaptive,349.58333333333337,0.0,0.10110411858833768
ergo_adaptive,349.66666666666663,0.0,0.10128349623896003
ergo_adaptive,349.75,0.0,0.10146905209790305
ergo_adaptive,349.83333333333337,0.0,0.10165683807319911
ergo_adaptive,349.91666666666663,0.0,0.1018444297299338
ergo_adaptive,350.0,0.0,0.10203268143237042
ergo_adaptive,350.08333333333337,0.0,0.10222313043386139
ergo_adaptive,350.16666666666663,0.0,0.10241268016025729
ergo_adaptive,350.25,0.0,0.10259893646208969
ergo_adaptive,350.33333333333337,0.0,0.10278376763396077
ergo_adaptive,350.41666666666663,0.0,0.10296922921394136
ergo_adaptive,350.5,0.0,0.10315477643956206
ergo_adaptive,350.58333333333337,0.0,0.10333814157423767
ergo_adaptive,350.66666666666663,0.0,0.10351971527134682
ergo_adaptive,350.75,0.0,0.1037009614515952
ergo_adaptive,350.83333333333337,0.0,0.10388225004217334
ergo_adaptive,350.91666666666663,0.0,0.10406240610532709
ergo_adaptive,351.0,0.0,0.10424096633118066
ergo_adaptive,351.08333333333337,0.0,0.10441867380308952
ergo_adaptive,351.16666666666663,0.0,0.10459610912660032
ergo_adaptive,351.25,0.0,0.10477285472550367
ergo_adaptive,351.33333333333337,0.0,0.10494833099629519
ergo_adaptive,351.41666666666663,0.0,0.10512271939356706
ergo_adaptive,351.5,0.0,0.1052965522861057
ergo_adaptive,351.58333333333337,0.0,0.10546983635114839
ergo_adaptive,351.66666666666663,0.0,0.1056421161831184
ergo_adaptive,351.75,0.0,0.10581331891638066
ergo_adaptive,351.83333333333337,0.0,0.10598387796817112
ergo_adaptive,351.91666666666663,0.0,0.10615400155280688
ergo_adaptive,352.0,0.0,0.10632319376222363
ergo_adaptive,352.08333333333337,0.0,0.1064909794569235
ergo_adaptive,352.16666666666663,0.0,0.10665760089810299
ergo_adaptive,352.25,0.0,0.10682343199230385
ergo_adaptive,352.33333333333337,0.0,0.10698823701161679
ergo_adaptive,352.41666666666663,0.0,0.10715222963118083
ergo_adaptive,352.5,0.0,0.10731638521200976
ergo_adaptive,352.58333333333337,0.0,0.10748017971320271
ergo_adaptive,352.66666666666663,0.0,0.1076438903197055
ergo_adaptive,352.75,0.0,0.10780438580285492
ergo_adaptive,352.83333333333337,0.0,0.10795841110709181
ergo_adaptive,352.91666666666663,0.0,0.10810561530635275
ergo_adaptive,353.0,0.0,0.1082481340801858
ergo_adaptive,353.08333333333337,0.0,0.10838698811733617
ergo_adaptive,353.16666666666663,0.0,0.10852117244499912
ergo_adaptive,353.25,0.0,0.1086515609203596
ergo_adaptive,353.33333333333337,0.0,0.10878039748450154
ergo_adaptive,353.41666666666663,0.0,0.10890859508995822
ergo_adaptive,353.5,0.0,0.10903490998649183
ergo_adaptive,353.58333333333337,0.0,0.10915751969640658
ergo_adaptive,353.66666666666663,0.0,0.10927685205760357
ergo_adaptive,353.75,0.0,0.1093964820334858
ergo_adaptive,353.83333333333337,0.0,0.10952863489921322
ergo_adaptive,353.91666666666663,0.0,0.10966157074639973
ergo_adaptive,354.0,0.0,0.10979403639720789
ergo_adaptive,354.08333333333337,0.0,0.10992512492195983
ergo_adaptive,354.16666666666663,0.0,0.11005448093995426
ergo_adaptive,354.25,0.0,0.11018189783170897
ergo_adaptive,354.33333333333337,0.0,0.11030730588106424
ergo_adaptive,354.41666666666663,0.0,0.11043071095887746
ergo_adaptive,354.5,0.0,0.11055216550309724
ergo_adaptive,354.58333333333337,0.0,0.11067175278101961
ergo_adaptive,354.66666666666663,0.0,0.1107895725764411
ergo_adaptive,354.75,0.0,0.11090573241345615
ergo_adaptive,354.83333333333337,0.0,0.11102034117183915
ergo_adaptive,354.91666666666663,0.0,0.1111335047734542
ergo_adaptive,355.0,0.0,0.11124532335845337
ergo_adaptive,355.08333333333337,0.0,0.11135588954335839
ergo_adaptive,355.16666666666663,0.0,0.11146528742733897
ergo_adaptive,355.25,0.0,0.1115735920496004
ergo_adaptive,355.33333333333337,0.0,0.11168086895649737
ergo_adaptive,355.41666666666663,0.0,0.11178717316885824
ergo_adaptive,355.5,0.0,0.11189254349015533
ergo_adaptive,355.58333333333337,0.0,0.11199666314122375
ergo_adaptive,355.66666666666663,0.0,0.11209514019692018
ergo_adaptive,355.75,0.0,0.11219712846997781
ergo_adaptive,355.83333333333337,0.0,0.11230117415835898
ergo_adaptive,355.91666666666663,0.0,0.11240302799314504
ergo_adaptive,356.0,0.0,0.11250524869639353
ergo_adaptive,356.08333333333337,0.0,0.11260642107110255
ergo_adaptive,356.16666666666663,0.0,0.11270734382523069
ergo_adaptive,356.25,0.0,0.11280751211320666
ergo_adaptive,356.33333333333337,0.0,0.11290706570985361
ergo_adaptive,356.41666666666663,0.0,0.1130059765099529
ergo_adaptive,356.5,0.0,0.11310425821813114
ergo_adaptive,356.58333333333337,0.0,0.11320192137952886
ergo_adaptive,356.66666666666663,0.0,0.11329897556047734
ergo_adaptive,356.75,0.0,0.1133954282517089
ergo_adaptive,356.83333333333337,0.0,0.1134912826387554
ergo_adaptive,356.91666666666663,0.0,0.1135865265590199
ergo_adaptive,357.0,0.0,0.11368356553351952
ergo_adaptive,357.08333333333337,0.0,0.11377632885424177
ergo_adaptive,357.16666666666663,0.0,0.11387150405433215
ergo_adaptive,357.25,0.0,0.11397066194761038
ergo_adaptive,357.33333333333337,0.0,0.1140636276234508
ergo_adaptive,357.41666666666663,0.0,0.11415546276638466
ergo_adaptive,357.5,0.0,0.11425051963723458
ergo_adaptive,357.58333333333337,0.0,0.11434534994441488
ergo_adaptive,357.66666666666663,0.0,0.11443937420732479
ergo_adaptive,357.75,0.0,0.11453265907854612
ergo_adaptive,357.83333333333337,0.0,0.11462520741838621
ergo_adaptive,357.91666666666663,0.0,0.1147170429361626
ergo_adaptive,358.0,0.0,0.11480819136811725
ergo_adaptive,358.08333333333337,0.0,0.1148986786753146
ergo_adaptive,358.16666666666663,0.0,0.11498852997935388
ergo_adaptive,358.25,0.0,0.11507776881759743
ergo_adaptive,358.33333333333337,0.0,0.11516641654124561
ergo_adaptive,358.41666666666663,0.0,0.11525449108295163
ergo_adaptive,358.5,0.0,0.11534571156391409
ergo_adaptive,358.58333333333337,0.0,0.1154317978164417
ergo_adaptive,358.66666666666663,0.0,0.11552466121812194
ergo_adaptive,358.75,0.0,0.11561334941221459
ergo_adaptive,358.83333333333337,0.0,0.11569570203817423
ergo_adaptive,358.91666666666663,0.0,0.11578324018314447
ergo_adaptive,359.0,0.0,0.11587333207236042
ergo_adaptive,359.08333333333337,0.0,0.11595762410359271
ergo_adaptive,359.16666666666663,0.0,0.11603582072418259
ergo_adaptive,359.25,0.0,0.11612417815678586
ergo_adaptive,359.33333333333337,0.0,0.11620819863359495
ergo_adaptive,359.41666666666663,0.0,0.11629560729283865
ergo_adaptive,359.5,0.0,0.11637997082733267
ergo_adaptive,359.58333333333337,0.0,0.11646669448766855
ergo_adaptive,359.66666666666663,0.0,0.11655447105001258
ergo_adaptive,359.75,0.0,0.11663517190387854
ergo_adaptive,359.83333333333337,0.0,0.11671964857873587
ergo_adaptive,359.91666666666663,0.0,0.11680273384160417
ergo_adaptive,360.0,0.0,0.1168873698152297
