strategy,mission_minutes,estimated_target_deficit,ground_truth_target_deficit
ergo_adaptive,0.0,0.0,0.006600908043597524
ergo_adaptive,0.08333333333337123,0.0,0.006343070822929171
ergo_adaptive,0.16666666666662877,0.0,0.006280200529183202
ergo_adaptive,0.25,0.0,0.006248582376134912
ergo_adaptive,0.33333333333337123,0.0,0.0062268078717164065
ergo_adaptive,0.41666666666662877,0.0,0.006210375050150114
ergo_adaptive,0.5,0.0,0.0061973608192161175
ergo_adaptive,0.5833333333333712,0.0,0.006186595029908624
ergo_adaptive,0.6666666666666288,0.0,0.006177350313223575
ergo_adaptive,0.75,0.0,0.0061692920165148345
ergo_adaptive,0.8333333333333712,0.0,0.0061621536050582345
ergo_adaptive,0.9166666666666288,0.0,0.0061557800077896106
ergo_adaptive,1.0,0.0,0.006150144287334755
ergo_adaptive,1.0833333333333712,0.0,0.006145823807733412
ergo_adaptive,1.1666666666666288,0.0,0.0061413443384213135
ergo_adaptive,1.25,0.0,0.006135605665136499
ergo_adaptive,1.3333333333333712,0.0,0.006127935685939125
ergo_adaptive,1.4166666666666288,0.0,0.006118482597039397
ergo_adaptive,1.5,0.0,0.0061079862962869595
ergo_adaptive,1.5833333333333712,0.0,0.006097199782872576
ergo_adaptive,1.6666666666666288,0.0,0.006086525105084884
ergo_adaptive,1.75,0.0,0.006076055688317327
ergo_adaptive,1.8333333333333712,0.0,0.006065837365947576
ergo_adaptive,1.9166666666666288,0.0,0.006056451255123426
ergo_adaptive,2.0,0.0,0.006047274038709748
ergo_adaptive,2.0833333333333712,0.0,0.006037347929319374
ergo_adaptive,2.1666666666666288,0.0,0.006025749216219626
ergo_adaptive,2.25,0.0,0.006012496068543301
ergo_adaptive,2.3333333333333712,0.0,0.005998440369301062
ergo_adaptive,2.4166666666666288,0.0,0.005984421217943955
ergo_adaptive,2.5,0.0,0.005971281149309629
ergo_adaptive,2.5833333333333712,0.0,0.0059576475094137524
ergo_adaptive,2.6666666666666288,0.0,0.005943053527942679
ergo_adaptive,2.75,0.0,0.00592756789373084
ergo_adaptive,2.8333333333333712,0.0,0.005911336347853413
ergo_adaptive,2.9166666666666288,0.0,0.005894613631730322
ergo_adaptive,3.0,0.0,0.0058782505475299205
ergo_adaptive,3.0833333333333712,0.0,0.005863654721400645
ergo_adaptive,3.1666666666666288,0.0,0.005851260724144388
ergo_adaptive,3.25,0.0,0.005836649990068825
ergo_adaptive,3.3333333333333712,0.0,0.005816813705771371
ergo_adaptive,3.4166666666666288,0.0,0.005793399536336911
ergo_adaptive,3.5,0.0,0.005769269083977338
ergo_adaptive,3.5833333333333712,0.0,0.00574648265640537
ergo_adaptive,3.6666666666666288,0.0,0.005725902931280659
ergo_adaptive,3.75,0.0,0.005707389511096139
ergo_adaptive,3.8333333333333712,0.0,0.005689181040271628
ergo_adaptive,3.9166666666666288,0.0,0.005668822240480435
ergo_adaptive,4.0,0.0,0.005646559393030732
ergo_adaptive,4.083333333333371,0.0,0.005626245470743302
ergo_adaptive,4.166666666666629,0.0,0.005609815622197885
ergo_adaptive,4.25,0.0,0.005593158756168943
ergo_adaptive,4.333333333333371,0.0,0.005572805314340207
ergo_adaptive,4.416666666666629,0.0,0.005550128998730855
ergo_adaptive,4.5,0.0,0.0055281349421963605
ergo_adaptive,4.583333333333371,0.0,0.005509988834012897
ergo_adaptive,4.666666666666629,0.0,0.0054941113021711495
ergo_adaptive,4.75,0.0,0.005478984754630314
ergo_adaptive,4.833333333333371,0.0,0.0054651102469788085
ergo_adaptive,4.916666666666629,0.0,0.005451701925717874
ergo_adaptive,5.0,0.0,0.005441098237362846
ergo_adaptive,5.083333333333371,0.0,0.0054346647373892075
ergo_adaptive,5.166666666666629,0.0,0.005425548383370095
ergo_adaptive,5.25,0.0,0.005413472052154091
ergo_adaptive,5.333333333333371,0.0,0.005401822219883555
ergo_adaptive,5.416666666666629,0.0,0.005392676894517746
ergo_adaptive,5.5,0.0,0.005384544614992479
ergo_adaptive,5.583333333333371,0.0,0.005375694862179993
ergo_adaptive,5.666666666666629,0.0,0.0053667616384341
ergo_adaptive,5.75,0.0,0.005359161070510591
ergo_adaptive,5.833333333333371,0.0,0.005353814726929623
ergo_adaptive,5.916666666666629,0.0,0.0053494426988798735
ergo_adaptive,6.0,0.0,0.005345094044170617
ergo_adaptive,6.083333333333371,0.0,0.005341312534613499
ergo_adaptive,6.166666666666629,0.0,0.005339606648759284
ergo_adaptive,6.25,0.0,0.0053397192479864766
ergo_adaptive,6.333333333333371,0.0,0.00533826546269731
ergo_adaptive,6.416666666666629,0.0,0.005335802582075227
ergo_adaptive,6.5,0.0,0.005334683705360495
ergo_adaptive,6.583333333333371,0.0,0.005336128056933853
ergo_adaptive,6.666666666666629,0.0,0.005337708908521853
ergo_adaptive,6.75,0.0,0.005338981588704976
ergo_adaptive,6.833333333333371,0.0,0.005340689868464946
ergo_adaptive,6.916666666666629,0.0,0.00534349340519722
ergo_adaptive,7.0,0.0,0.0053479847618004865
ergo_adaptive,7.083333333333371,0.0,0.005353954631663151
ergo_adaptive,7.166666666666629,0.0,0.005361879262508397
ergo_adaptive,7.25,0.0,0.005371030111574768
ergo_adaptive,7.333333333333371,0.0,0.005380905433457763
ergo_adaptive,7.416666666666629,0.0,0.0053910705827473595
ergo_adaptive,7.5,0.0,0.005401388808566077
ergo_adaptive,7.583333333333371,0.0,0.005412120665478691
ergo_adaptive,7.666666666666629,0.0,0.005423237618919204
ergo_adaptive,7.75,0.0,0.005434316423735053
ergo_adaptive,7.833333333333371,0.0,0.0054454583875897826
ergo_adaptive,7.916666666666629,0.0,0.005456809644077613
ergo_adaptive,8.0,0.0,0.005468417428932556
ergo_adaptive,8.083333333333371,0.0,0.005480339952560333
ergo_adaptive,8.166666666666629,0.0,0.005492613137706172
ergo_adaptive,8.25,0.0,0.005505621979761217
ergo_adaptive,8.333333333333371,0.0,0.005518844354853939
ergo_adaptive,8.416666666666629,0.0,0.0055319747748337955
ergo_adaptive,8.5,0.0,0.005544897906911412
ergo_adaptive,8.583333333333371,0.0,0.005557532866646867
ergo_adaptive,8.666666666666629,0.0,0.005569800179208892
ergo_adaptive,8.75,0.0,0.005580747162301107
ergo_adaptive,8.833333333333371,0.0,0.005588672303797437
ergo_adaptive,8.916666666666629,0.0,0.005594134526350278
ergo_adaptive,9.0,0.0,0.005599402200663608
ergo_adaptive,9.083333333333371,0.0,0.005604879018355173
ergo_adaptive,9.166666666666629,0.0,0.005608240687327782
ergo_adaptive,9.25,0.0,0.005609799881810395
ergo_adaptive,9.333333333333371,0.0,0.0056117850744204665
ergo_adaptive,9.416666666666629,0.0,0.005614522416032922
ergo_adaptive,9.5,0.0,0.0056155316982090435
ergo_adaptive,9.583333333333371,0.0,0.005613942633384424
ergo_adaptive,9.666666666666629,0.0,0.005611331486798117
ergo_adaptive,9.75,0.0,0.005608953696327866
ergo_adaptive,9.833333333333371,0.0,0.0056070627785007
ergo_adaptive,9.916666666666629,0.0,0.005603426067995301
ergo_adaptive,10.0,0.0,0.005598096003123758
ergo_adaptive,10.083333333333371,0.0,0.00559223010381206
ergo_adaptive,10.166666666666629,0.0,0.0055857798913333135
ergo_adaptive,10.25,0.0,0.005578342683380074
ergo_adaptive,10.333333333333371,0.0,0.00557164148058276
ergo_adaptive,10.416666666666629,0.0,0.005564307566621695
ergo_adaptive,10.5,0.0,0.005557549540761631
ergo_adaptive,10.583333333333371,0.0,0.005550241203465368
ergo_adaptive,10.666666666666629,0.0,0.005540066268837232
ergo_adaptive,10.75,0.0,0.005528141897380962
ergo_adaptive,10.833333333333371,0.0,0.005517921119949105
ergo_adaptive,10.916666666666629,0.0,0.005508958242741376
ergo_adaptive,11.0,0.0,0.00549587742563601
ergo_adaptive,11.083333333333371,0.0,0.005479738891779959
ergo_adaptive,11.166666666666629,0.0,0.005463889284919098
ergo_adaptive,11.25,0.0,0.005449917213394692
ergo_adaptive,11.333333333333371,0.0,0.0054372042084236735
ergo_adaptive,11.416666666666629,0.0,0.005424806093667878
ergo_adaptive,11.5,0.0,0.005412910603312167
ergo_adaptive,11.583333333333371,0.0,0.005403469111764601
ergo_adaptive,11.666666666666629,0.0,0.005398847193946543
ergo_adaptive,11.75,0.0,0.0053941946668949955
ergo_adaptive,11.833333333333371,0.0,0.005386790899069144
ergo_adaptive,11.916666666666629,0.0,0.005379333522882788
ergo_adaptive,12.0,0.0,0.005374056327987049
ergo_adaptive,12.083333333333371,0.0,0.00537095438745927
ergo_adaptive,12.166666666666629,0.0,0.005369208300322495
ergo_adaptive,12.25,0.0,0.005368227442272024
ergo_adaptive,12.333333333333371,0.0,0.005368072535830167
ergo_adaptive,12.416666666666629,0.0,0.005369703946427227
ergo_adaptive,12.5,0.0,0.005373333731601328
ergo_adaptive,12.583333333333371,0.0,0.005375426061704202
ergo_adaptive,12.666666666666629,0.0,0.005375701276507472
ergo_adaptive,12.75,0.0,0.005375637993979822
ergo_adaptive,12.833333333333371,0.0,0.005376302251022445
ergo_adaptive,12.916666666666629,0.0,0.0053780565586462135
ergo_adaptive,13.0,0.0,0.005380458634714767
ergo_adaptive,13.083333333333371,0.0,0.0053820257582933365
ergo_adaptive,13.166666666666629,0.0,0.005382491939711023
ergo_adaptive,13.25,0.0,0.005382830726805638
ergo_adaptive,13.333333333333371,0.0,0.005383299542418122
ergo_adaptive,13.416666666666629,0.0,0.005384620624708025
ergo_adaptive,13.5,0.0,0.005385282001720056
ergo_adaptive,13.583333333333371,0.0,0.00538551106102264
ergo_adaptive,13.666666666666629,0.0,0.005385866163252038
ergo_adaptive,13.75,0.0,0.005387311634446771
ergo_adaptive,13.833333333333371,0.0,0.00538841739306397
ergo_adaptive,13.916666666666629,0.0,0.005386695452803929
ergo_adaptive,14.0,0.0,0.005382921215595266
ergo_adaptive,14.083333333333371,0.0,0.0053786947989387076
ergo_adaptive,14.166666666666629,0.0,0.005375252117385081
ergo_adaptive,14.25,0.0,0.00537375319588403
ergo_adaptive,14.333333333333371,0.0,0.00537311957967741
ergo_adaptive,14.416666666666629,0.0,0.005368329710167904
ergo_adaptive,14.5,0.0,0.0053605687499973355
ergo_adaptive,14.583333333333371,0.0,0.005351976225117521
ergo_adaptive,14.666666666666629,0.0,0.00534363699278161
ergo_adaptive,14.75,0.0,0.005335902907761538
ergo_adaptive,14.833333333333371,0.0,0.00532724760190421
ergo_adaptive,14.916666666666629,0.0,0.0053147922387278505
ergo_adaptive,15.0,0.0,0.00529888241436632
ergo_adaptive,15.083333333333371,0.0,0.005281827868316505
ergo_adaptive,15.166666666666629,0.0,0.005263943456830408
ergo_adaptive,15.25,0.0,0.0052437925765455515
ergo_adaptive,15.333333333333371,0.0,0.005221183248956256
ergo_adaptive,15.416666666666629,0.0,0.005195448718863972
ergo_adaptive,15.5,0.0,0.005167885416741001
ergo_adaptive,15.583333333333371,0.0,0.00513984131604753
ergo_adaptive,15.666666666666629,0.0,0.0051116072593688335
ergo_adaptive,15.75,0.0,0.005079571024584083
ergo_adaptive,15.833333333333371,0.0,0.005047974846456073
ergo_adaptive,15.916666666666629,0.0,0.00501805905033954
ergo_adaptive,16.0,0.0,0.0049898155548649395
ergo_adaptive,16.08333333333337,0.0,0.00496542384357566
ergo_adaptive,16.16666666666663,0.0,0.00493589287204663
ergo_adaptive,16.25,0.0,0.004897770992964998
ergo_adaptive,16.33333333333337,0.0,0.004855258380816656
ergo_adaptive,16.41666666666663,0.0,0.0048126040703072945
ergo_adaptive,16.5,0.0,0.004773064947872115
ergo_adaptive,16.58333333333337,0.0,0.0047420727210696475
ergo_adaptive,16.66666666666663,0.0,0.004706183976438624
ergo_adaptive,16.75,0.0,0.004661431932943401
ergo_adaptive,16.83333333333337,0.0,0.004617233217773638
ergo_adaptive,16.91666666666663,0.0,0.004572898979368697
ergo_adaptive,17.0,0.0,0.004531346160880935
ergo_adaptive,17.08333333333337,0.0,0.004493742367381184
ergo_adaptive,17.16666666666663,0.0,0.00445163239319657
ergo_adaptive,17.25,0.0,0.004399178614153944
ergo_adaptive,17.33333333333337,0.0,0.004341659658455538
ergo_adaptive,17.41666666666663,0.0,0.00428539446892156
ergo_adaptive,17.5,0.0,0.004240154373761039
ergo_adaptive,17.58333333333337,0.0,0.0041972767486327806
ergo_adaptive,17.66666666666663,0.0,0.004154245797884499
ergo_adaptive,17.75,0.0,0.004110245084748675
ergo_adaptive,17.83333333333337,0.0,0.004079733548616437
ergo_adaptive,17.91666666666663,0.0,0.004059943119086611
ergo_adaptive,18.0,0.0,0.004041032780244179
ergo_adaptive,18.08333333333337,0.0,0.004023152813635017
ergo_adaptive,18.16666666666663,0.0,0.0040090215845824334
ergo_adaptive,18.25,0.0,0.0040066686014961946
ergo_adaptive,18.33333333333337,0.0,0.004013788844466055
ergo_adaptive,18.41666666666663,0.0,0.004025692323095636
ergo_adaptive,18.5,0.0,0.004037381222576047
ergo_adaptive,18.58333333333337,0.0,0.004049484517486206
ergo_adaptive,18.66666666666663,0.0,0.0040630027547450326
ergo_adaptive,18.75,0.0,0.0040780522086898245
ergo_adaptive,18.83333333333337,0.0,0.0040941960851732725
ergo_adaptive,18.91666666666663,0.0,0.004110937367235587
ergo_adaptive,19.0,0.0,0.004127948267225092
ergo_adaptive,19.08333333333337,0.0,0.004145303834042653
ergo_adaptive,19.16666666666663,0.0,0.0041632390972139825
ergo_adaptive,19.25,0.0,0.004181233248630926
ergo_adaptive,19.33333333333337,0.0,0.004198755771711402
ergo_adaptive,19.41666666666663,0.0,0.004216113424670495
ergo_adaptive,19.5,0.0,0.004235005557125869
ergo_adaptive,19.58333333333337,0.0,0.004254440112965265
ergo_adaptive,19.66666666666663,0.0,0.004273863268642305
ergo_adaptive,19.75,0.0,0.0042931679914507805
ergo_adaptive,19.83333333333337,0.0,0.004312377620433597
ergo_adaptive,19.91666666666663,0.0,0.004331586016710507
ergo_adaptive,20.0,0.0,0.004350747367139293
ergo_adaptive,20.08333333333337,0.0,0.004369611047160804
ergo_adaptive,20.16666666666663,0.0,0.004388120453096583
ergo_adaptive,20.25,0.0,0.004406425730244733
ergo_adaptive,20.33333333333337,0.0,0.004424473193948868
ergo_adaptive,20.41666666666663,0.0,0.004441806289434606
ergo_adaptive,20.5,0.0,0.004458169551858639
ergo_adaptive,20.58333333333337,0.0,0.004473632943246703
ergo_adaptive,20.66666666666663,0.0,0.004488384784569387
ergo_adaptive,20.75,0.0,0.004502465741524558
ergo_adaptive,20.83333333333337,0.0,0.004515626375742026
ergo_adaptive,20.91666666666663,0.0,0.004527947618758882
ergo_adaptive,21.0,0.0,0.004540049699724023
ergo_adaptive,21.08333333333337,0.0,0.004552155252709205
ergo_adaptive,21.16666666666663,0.0,0.004563436233943504
ergo_adaptive,21.25,0.0,0.004573678941456734
ergo_adaptive,21.33333333333337,0.0,0.004583690825606953
ergo_adaptive,21.41666666666663,0.0,0.0045940179420991
ergo_adaptive,21.5,0.0,0.004603912285151861
ergo_adaptive,21.58333333333337,0.0,0.004612790895577384
ergo_adaptive,21.66666666666663,0.0,0.004621231019776005
ergo_adaptive,21.75,0.0,0.004629919002570396
ergo_adaptive,21.83333333333337,0.0,0.004638586416052389
ergo_adaptive,21.91666666666663,0.0,0.004646624900667401
ergo_adaptive,22.0,0.0,0.004654158887726269
ergo_adaptive,22.08333333333337,0.0,0.00466205138195852
ergo_adaptive,22.16666666666663,0.0,0.004670694568411882
ergo_adaptive,22.25,0.0,0.004679791532416014
ergo_adaptive,22.33333333333337,0.0,0.004688308902820503
ergo_adaptive,22.41666666666663,0.0,0.004696820892908858
ergo_adaptive,22.5,0.0,0.00470620401562273
ergo_adaptive,22.58333333333337,0.0,0.004715897929302086
ergo_adaptive,22.66666666666663,0.0,0.00472429649744194
ergo_adaptive,22.75,0.0,0.00473188759974035
ergo_adaptive,22.83333333333337,0.0,0.004740427352530285
ergo_adaptive,22.91666666666663,0.0,0.004750176812784884
ergo_adaptive,23.0,0.0,0.004758212815725019
ergo_adaptive,23.08333333333337,0.0,0.004764742083699765
ergo_adaptive,23.16666666666663,0.0,0.004771402370324695
ergo_adaptive,23.25,0.0,0.0047788745833877684
ergo_adaptive,23.33333333333337,0.0,0.004786275560413804
ergo_adaptive,23.41666666666663,0.0,0.00479290074813678
ergo_adaptive,23.5,0.0,0.004799086349845066
ergo_adaptive,23.58333333333337,0.0,0.00480551493504635
ergo_adaptive,23.66666666666663,0.0,0.004812619903164763
ergo_adaptive,23.75,0.0,0.004819762535682853
ergo_adaptive,23.83333333333337,0.0,0.004825933271475969
ergo_adaptive,23.91666666666663,0.0,0.004831949964523275
ergo_adaptive,24.0,0.0,0.004839093826147926
ergo_adaptive,24.08333333333337,0.0,0.004845884180229938
ergo_adaptive,24.16666666666663,0.0,0.004850008140779733
ergo_adaptive,24.25,0.0,0.004853524938348287
ergo_adaptive,24.33333333333337,0.0,0.004858673131122356
ergo_adaptive,24.41666666666663,0.0,0.004864353491193971
ergo_adaptive,24.5,0.0,0.004867919810891788
ergo_adaptive,24.58333333333337,0.0,0.0048696677041056395
ergo_adaptive,24.66666666666663,0.0,0.004872042075238831
ergo_adaptive,24.75,0.0,0.00487486856862999
ergo_adaptive,24.83333333333337,0.0,0.004877075541979463
ergo_adaptive,24.91666666666663,0.0,0.004877853115762994
ergo_adaptive,25.0,0.0,0.004877756462402721
ergo_adaptive,25.08333333333337,0.0,0.0048777531418269324
ergo_adaptive,25.16666666666663,0.0,0.0048776684872505836
ergo_adaptive,25.25,0.0,0.004876198950506557
ergo_adaptive,25.33333333333337,0.0,0.00487308009640168
ergo_adaptive,25.41666666666663,0.0,0.004869885326793788
ergo_adaptive,25.5,0.0,0.0048677362630127965
ergo_adaptive,25.58333333333337,0.0,0.0048640052044685396
ergo_adaptive,25.66666666666663,0.0,0.004856777531053107
ergo_adaptive,25.75,0.0,0.004848551020854118
ergo_adaptive,25.83333333333337,0.0,0.004843242203762291
ergo_adaptive,25.91666666666663,0.0,0.004837427374926199
ergo_adaptive,26.0,0.0,0.004825385049041387
ergo_adaptive,26.08333333333337,0.0,0.004812017927800742
ergo_adaptive,26.16666666666663,0.0,0.004801106391897905
ergo_adaptive,26.25,0.0,0.004792016111493125
ergo_adaptive,26.33333333333337,0.0,0.004778668862036346
ergo_adaptive,26.41666666666663,0.0,0.004761142167646447
ergo_adaptive,26.5,0.0,0.004743569319701258
ergo_adaptive,26.58333333333337,0.0,0.004727731134506865
ergo_adaptive,26.66666666666663,0.0,0.00471015475381269
ergo_adaptive,26.75,0.0,0.004688574504852672
ergo_adaptive,26.83333333333337,0.0,0.004665214691825323
ergo_adaptive,26.91666666666663,0.0,0.004642652246102002
ergo_adaptive,27.0,0.0,0.004619641183142229
ergo_adaptive,27.08333333333337,0.0,0.004593411595186087
ergo_adaptive,27.16666666666663,0.0,0.004564364596847101
ergo_adaptive,27.25,0.0,0.004535207333447238
ergo_adaptive,27.33333333333337,0.0,0.004506428776388135
ergo_adaptive,27.41666666666663,0.0,0.004475616290679578
ergo_adaptive,27.5,0.0,0.004449843377691872
ergo_adaptive,27.58333333333337,0.0,0.004424520273079879
ergo_adaptive,27.66666666666663,0.0,0.004401143255266142
ergo_adaptive,27.75,0.0,0.00437707553926349
ergo_adaptive,27.83333333333337,0.0,0.004349423384627464
ergo_adaptive,27.91666666666663,0.0,0.004322179677890192
ergo_adaptive,28.0,0.0,0.004298840017503432
ergo_adaptive,28.08333333333337,0.0,0.0042752515479721614
ergo_adaptive,28.16666666666663,0.0,0.004245363984751246
ergo_adaptive,28.25,0.0,0.0042064637420746
ergo_adaptive,28.33333333333337,0.0,0.004161585193518589
ergo_adaptive,28.41666666666663,0.0,0.004111987727310347
ergo_adaptive,28.5,0.0,0.004058964172064611
ergo_adaptive,28.58333333333337,0.0,0.0040147415521146436
ergo_adaptive,28.66666666666663,0.0,0.003976859578105461
ergo_adaptive,28.75,0.0,0.003930940209140097
ergo_adaptive,28.83333333333337,0.0,0.0038759088793908123
ergo_adaptive,28.91666666666663,0.0,0.0038218612595710562
ergo_adaptive,29.0,0.0,0.0037758337242395235
ergo_adaptive,29.08333333333337,0.0,0.003725727317630661
ergo_adaptive,29.16666666666663,0.0,0.0036651545132922983
ergo_adaptive,29.25,0.0,0.003602856350329803
ergo_adaptive,29.33333333333337,0.0,0.0035480959688139607
ergo_adaptive,29.41666666666663,0.0,0.003498037566461148
ergo_adaptive,29.5,0.0,0.003445552762141742
ergo_adaptive,29.58333333333337,0.0,0.0033988040221038696
ergo_adaptive,29.66666666666663,0.0,0.003362390735560727
ergo_adaptive,29.75,0.0,0.0033418573210656573
ergo_adaptive,29.83333333333337,0.0,0.003326656168889245
ergo_adaptive,29.91666666666663,0.0,0.003315846274905148
ergo_adaptive,30.0,0.0,0.003310537954617451
ergo_adaptive,30.08333333333337,0.0,0.0033108363869857977
ergo_adaptive,30.16666666666663,0.0,0.0033147795296498877
ergo_adaptive,30.25,0.0,0.003320499160441927
ergo_adaptive,30.33333333333337,0.0,0.0033280673237750654
ergo_adaptive,30.41666666666663,0.0,0.0033382116850628305
ergo_adaptive,30.5,0.0,0.0033503177311638432
ergo_adaptive,30.58333333333337,0.0,0.0033626788327984457
ergo_adaptive,30.66666666666663,0.0,0.003374967720367011
ergo_adaptive,30.75,0.0,0.0033881639856755785
ergo_adaptive,30.83333333333337,0.0,0.003402688008303976
ergo_adaptive,30.91666666666663,0.0,0.0034166958956672357
ergo_adaptive,31.0,0.0,0.0034294186242184426
ergo_adaptive,31.08333333333337,0.0,0.003442130827080606
ergo_adaptive,31.16666666666663,0.0,0.003456370377059934
ergo_adaptive,31.25,0.0,0.003470349622291501
ergo_adaptive,31.33333333333337,0.0,0.003482242204540884
ergo_adaptive,31.41666666666663,0.0,0.0034933635916183634
ergo_adaptive,31.5,0.0,0.0035054715073104233
ergo_adaptive,31.58333333333337,0.0,0.0035182738798720634
ergo_adaptive,31.66666666666663,0.0,0.0035294087825725644
ergo_adaptive,31.75,0.0,0.0035392481821556582
ergo_adaptive,31.83333333333337,0.0,0.003549350593743841
ergo_adaptive,31.91666666666663,0.0,0.003560211143191914
ergo_adaptive,32.0,0.0,0.003570335702175343
ergo_adaptive,32.08333333333337,0.0,0.0035790908841659254
ergo_adaptive,32.16666666666663,0.0,0.0035874454825857703
ergo_adaptive,32.25,0.0,0.0035962627314439855
ergo_adaptive,32.33333333333337,0.0,0.00360489190321029
ergo_adaptive,32.41666666666663,0.0,0.0036124221388670547
ergo_adaptive,32.5,0.0,0.0036192418128241383
ergo_adaptive,32.58333333333337,0.0,0.0036262540910706976
ergo_adaptive,32.66666666666663,0.0,0.0036333757650750718
ergo_adaptive,32.75,0.0,0.0036397112879045976
ergo_adaptive,32.83333333333337,0.0,0.0036450780567123023
ergo_adaptive,32.91666666666663,0.0,0.003650279047632164
ergo_adaptive,33.0,0.0,0.0036557431998756793
ergo_adaptive,33.08333333333337,0.0,0.003660837757393222
ergo_adaptive,33.16666666666663,0.0,0.00366510911068312
ergo_adaptive,33.25,0.0,0.0036692113805353237
ergo_adaptive,33.33333333333337,0.0,0.0036742411984349143
ergo_adaptive,33.41666666666663,0.0,0.0036812464292194807
ergo_adaptive,33.5,0.0,0.0036876406784044622
ergo_adaptive,33.58333333333337,0.0,0.00369348075064864
ergo_adaptive,33.66666666666663,0.0,0.003699502911233886
ergo_adaptive,33.75,0.0,0.003705785906591582
ergo_adaptive,33.83333333333337,0.0,0.003712676469269254
ergo_adaptive,33.91666666666663,0.0,0.003721466412171849
ergo_adaptive,34.0,0.0,0.0037292263884950885
ergo_adaptive,34.08333333333337,0.0,0.003734635115942515
ergo_adaptive,34.16666666666663,0.0,0.003738610911001501
ergo_adaptive,34.25,0.0,0.003739541114055662
ergo_adaptive,34.33333333333337,0.0,0.0037355300858613943
ergo_adaptive,34.41666666666663,0.0,0.0037284841158823604
ergo_adaptive,34.5,0.0,0.0037217774450710407
ergo_adaptive,34.58333333333337,0.0,0.0037154689168433577
ergo_adaptive,34.66666666666663,0.0,0.003705817991974042
ergo_adaptive,34.75,0.0,0.0036931402685296062
ergo_adaptive,34.83333333333337,0.0,0.0036799180850972625
ergo_adaptive,34.91666666666663,0.0,0.003666830994495028
ergo_adaptive,35.0,0.0,0.003651865893224527
ergo_adaptive,35.08333333333337,0.0,0.003634015449882869
ergo_adaptive,35.16666666666663,0.0,0.003614763824110681
ergo_adaptive,35.25,0.0,0.003595832234036245
ergo_adaptive,35.33333333333337,0.0,0.0035764802219264862
ergo_adaptive,35.41666666666663,0.0,0.0035544523202354597
ergo_adaptive,35.5,0.0,0.003530039098890604
ergo_adaptive,35.58333333333337,0.0,0.003506807948375753
ergo_adaptive,35.66666666666663,0.0,0.003486565856804083
ergo_adaptive,35.75,0.0,0.0034645176331754277
ergo_adaptive,35.83333333333337,0.0,0.0034418850849214323
ergo_adaptive,35.91666666666663,0.0,0.0034195135674472956
ergo_adaptive,36.0,0.0,0.0034020559610494984
ergo_adaptive,36.08333333333337,0.0,0.00338370227906881
ergo_adaptive,36.16666666666663,0.0,0.003360662228027863
ergo_adaptive,36.25,0.0,0.0033368129617717384
ergo_adaptive,36.33333333333337,0.0,0.003316434431828136
ergo_adaptive,36.41666666666663,0.0,0.003300405558629098
ergo_adaptive,36.5,0.0,0.0032855971496907675
ergo_adaptive,36.58333333333337,0.0,0.0032717242351954176
ergo_adaptive,36.66666666666663,0.0,0.0032605267546610642
ergo_adaptive,36.75,0.0,0.0032540510310551957
ergo_adaptive,36.83333333333337,0.0,0.0032513047200175096
ergo_adaptive,36.91666666666663,0.0,0.003248586707333093
ergo_adaptive,37.0,0.0,0.003249080241993908
ergo_adaptive,37.08333333333337,0.0,0.003253951289983722
ergo_adaptive,37.16666666666663,0.0,0.0032618745770828976
ergo_adaptive,37.25,0.0,0.0032694265154272523
ergo_adaptive,37.33333333333337,0.0,0.0032763491396008535
ergo_adaptive,37.41666666666663,0.0,0.0032849777841635185
ergo_adaptive,37.5,0.0,0.003295184380647945
ergo_adaptive,37.58333333333337,0.0,0.0033065365499200996
ergo_adaptive,37.66666666666663,0.0,0.003318307572360432
ergo_adaptive,37.75,0.0,0.00333019892427469
ergo_adaptive,37.83333333333337,0.0,0.003342770269000893
ergo_adaptive,37.91666666666663,0.0,0.003356964047103305
ergo_adaptive,38.0,0.0,0.0033711115650432015
ergo_adaptive,38.08333333333337,0.0,0.003383245722818577
ergo_adaptive,38.16666666666663,0.0,0.003394470814443251
ergo_adaptive,38.25,0.0,0.003406111486195359
ergo_adaptive,38.33333333333337,0.0,0.0034182937935995825
ergo_adaptive,38.41666666666663,0.0,0.003431904109929779
ergo_adaptive,38.5,0.0,0.0034449852041266655
ergo_adaptive,38.58333333333337,0.0,0.003458043081164817
ergo_adaptive,38.66666666666663,0.0,0.00347178471538821
ergo_adaptive,38.75,0.0,0.0034862782056653374
ergo_adaptive,38.83333333333337,0.0,0.003499805943659165
ergo_adaptive,38.91666666666663,0.0,0.003511781890188464
ergo_adaptive,39.0,0.0,0.0035235299865816034
ergo_adaptive,39.08333333333337,0.0,0.0035358900589832595
ergo_adaptive,39.16666666666663,0.0,0.0035476376685470404
ergo_adaptive,39.25,0.0,0.0035580592967998466
ergo_adaptive,39.33333333333337,0.0,0.0035678478231566425
ergo_adaptive,39.41666666666663,0.0,0.0035779265026868513
ergo_adaptive,39.5,0.0,0.0035887180376630613
ergo_adaptive,39.58333333333337,0.0,0.003599604937139397
ergo_adaptive,39.66666666666663,0.0,0.0036094016723143617
ergo_adaptive,39.75,0.0,0.0036185309277399417
ergo_adaptive,39.83333333333337,0.0,0.0036294483593320723
ergo_adaptive,39.91666666666663,0.0,0.0036409256102509038
ergo_adaptive,40.0,0.0,0.0036505637785604872
ergo_adaptive,40.08333333333337,0.0,0.0036592952806983924
ergo_adaptive,40.16666666666663,0.0,0.0036679550396004315
ergo_adaptive,40.25,0.0,0.0036773883111975857
ergo_adaptive,40.33333333333337,0.0,0.0036890067453800085
ergo_adaptive,40.41666666666663,0.0,0.0037009324266632153
ergo_adaptive,40.5,0.0,0.0037124392494006647
ergo_adaptive,40.58333333333337,0.0,0.003724418849725852
ergo_adaptive,40.66666666666663,0.0,0.003738023497915281
ergo_adaptive,40.75,0.0,0.0037509521481725798
ergo_adaptive,40.83333333333337,0.0,0.0037615541939555585
ergo_adaptive,40.91666666666663,0.0,0.0037714991309373276
ergo_adaptive,41.0,0.0,0.0037824007864382765
ergo_adaptive,41.08333333333337,0.0,0.0037939178363329317
ergo_adaptive,41.16666666666663,0.0,0.003805034177192933
ergo_adaptive,41.25,0.0,0.0038158514406736875
ergo_adaptive,41.33333333333337,0.0,0.0038271202577329928
ergo_adaptive,41.41666666666663,0.0,0.0038393454585679892
ergo_adaptive,41.5,0.0,0.0038521698410011918
ergo_adaptive,41.58333333333337,0.0,0.00386469644965645
ergo_adaptive,41.66666666666663,0.0,0.0038770055982426904
ergo_adaptive,41.75,0.0,0.0038917024950491544
ergo_adaptive,41.83333333333337,0.0,0.0039080864060829995
ergo_adaptive,41.91666666666663,0.0,0.003923196184361268
ergo_adaptive,42.0,0.0,0.003937127344301827
ergo_adaptive,42.08333333333337,0.0,0.003951443974310731
ergo_adaptive,42.16666666666663,0.0,0.003966930196990798
ergo_adaptive,42.25,0.0,0.003982894799527352
ergo_adaptive,42.33333333333337,0.0,0.003998750813775866
ergo_adaptive,42.41666666666663,0.0,0.004014775212026643
ergo_adaptive,42.5,0.0,0.004031402610065247
ergo_adaptive,42.58333333333337,0.0,0.004048621111479378
ergo_adaptive,42.66666666666663,0.0,0.004066036212218426
ergo_adaptive,42.75,0.0,0.004083433203936383
ergo_adaptive,42.83333333333337,0.0,0.004101061242766541
ergo_adaptive,42.91666666666663,0.0,0.004119240905119178
ergo_adaptive,43.0,0.0,0.00413764191582291
ergo_adaptive,43.08333333333337,0.0,0.004155658876440042
ergo_adaptive,43.16666666666663,0.0,0.004175087651374799
ergo_adaptive,43.25,0.0,0.004197876610032617
ergo_adaptive,43.33333333333337,0.0,0.004222473691738715
ergo_adaptive,43.41666666666663,0.0,0.004246494021516216
ergo_adaptive,43.5,0.0,0.004270202777743921
ergo_adaptive,43.58333333333337,0.0,0.004294223827061516
ergo_adaptive,43.66666666666663,0.0,0.004318751876780152
ergo_adaptive,43.75,0.0,0.0043443557079356305
ergo_adaptive,43.83333333333337,0.0,0.004370510857866025
ergo_adaptive,43.91666666666663,0.0,0.004396702004864343
ergo_adaptive,44.0,0.0,0.004422798778988079
ergo_adaptive,44.08333333333337,0.0,0.004448778770469692
ergo_adaptive,44.16666666666663,0.0,0.004474531416313237
ergo_adaptive,44.25,0.0,0.00449991222124429
ergo_adaptive,44.33333333333337,0.0,0.004524867520136467
ergo_adaptive,44.41666666666663,0.0,0.004549436667973223
ergo_adaptive,44.5,0.0,0.004573849598226409
ergo_adaptive,44.58333333333337,0.0,0.004598844955136169
ergo_adaptive,44.66666666666663,0.0,0.004624199121677357
ergo_adaptive,44.75,0.0,0.004648897272695807
ergo_adaptive,44.83333333333337,0.0,0.0046731372227233415
ergo_adaptive,44.91666666666663,0.0,0.004696619136086254
ergo_adaptive,45.0,0.0,0.0047189793651742215
ergo_adaptive,45.08333333333337,0.0,0.004740374148069015
ergo_adaptive,45.16666666666663,0.0,0.004761189795337418
ergo_adaptive,45.25,0.0,0.004781497719476549
ergo_adaptive,45.33333333333337,0.0,0.004800965885523514
ergo_adaptive,45.41666666666663,0.0,0.00481942984807928
ergo_adaptive,45.5,0.0,0.004837291436654536
ergo_adaptive,45.58333333333337,0.0,0.0048550713828779115
ergo_adaptive,45.66666666666663,0.0,0.004872345566913224
ergo_adaptive,45.75,0.0,0.004888211139739705
ergo_adaptive,45.83333333333337,0.0,0.004903033613542626
ergo_adaptive,45.91666666666663,0.0,0.00491829437538328
ergo_adaptive,46.0,0.0,0.004934016153477075
ergo_adaptive,46.08333333333337,0.0,0.0049471776485363285
ergo_adaptive,46.16666666666663,0.0,0.004958158416503176
ergo_adaptive,46.25,0.0,0.004969075419183617
ergo_adaptive,46.33333333333337,0.0,0.004980888372718169
ergo_adaptive,46.41666666666663,0.0,0.004991302885965182
ergo_adaptive,46.5,0.0,0.004999422788335156
ergo_adaptive,46.58333333333337,0.0,0.005006545133822112
ergo_adaptive,46.66666666666663,0.0,0.0050139189064211855
ergo_adaptive,46.75,0.0,0.005021173208727548
ergo_adaptive,46.83333333333337,0.0,0.005027240803466064
ergo_adaptive,46.91666666666663,0.0,0.005032195367552045
ergo_adaptive,47.0,0.0,0.005037126116174032
ergo_adaptive,47.08333333333337,0.0,0.005042746650864504
ergo_adaptive,47.16666666666663,0.0,0.005049056473119574
ergo_adaptive,47.25,0.0,0.005057067284921416
ergo_adaptive,47.33333333333337,0.0,0.005067899072438099
ergo_adaptive,47.41666666666663,0.0,0.00507778078105259
ergo_adaptive,47.5,0.0,0.005087620462571954
ergo_adaptive,47.58333333333337,0.0,0.005098487554729872
ergo_adaptive,47.66666666666663,0.0,0.005110484047818392
ergo_adaptive,47.75,0.0,0.005123721631502693
ergo_adaptive,47.83333333333337,0.0,0.005135192203659932
ergo_adaptive,47.91666666666663,0.0,0.005145499370027858
ergo_adaptive,48.0,0.0,0.005154345157041239
ergo_adaptive,48.08333333333337,0.0,0.00516195562830985
ergo_adaptive,48.16666666666663,0.0,0.0051687831067009716
ergo_adaptive,48.25,0.0,0.005175570990818659
ergo_adaptive,48.33333333333337,0.0,0.005182692466576541
ergo_adaptive,48.41666666666663,0.0,0.005190091086643787
ergo_adaptive,48.5,0.0,0.005196841306316208
ergo_adaptive,48.58333333333337,0.0,0.005203501194752168
ergo_adaptive,48.66666666666663,0.0,0.005209717601239866
ergo_adaptive,48.75,0.0,0.005215227102928574
ergo_adaptive,48.83333333333337,0.0,0.005219948815524755
ergo_adaptive,48.91666666666663,0.0,0.005223968101814049
ergo_adaptive,49.0,0.0,0.005227295078668597
ergo_adaptive,49.08333333333337,0.0,0.005229434904508465
ergo_adaptive,49.16666666666663,0.0,0.005229900218847887
ergo_adaptive,49.25,0.0,0.005228925392010027
ergo_adaptive,49.33333333333337,0.0,0.005226678557026081
ergo_adaptive,49.41666666666663,0.0,0.005223814542785106
ergo_adaptive,49.5,0.0,0.005220979934944703
ergo_adaptive,49.58333333333337,0.0,0.0052174214252868395
ergo_adaptive,49.66666666666663,0.0,0.005210273633079359
ergo_adaptive,49.75,0.0,0.005200138396248997
ergo_adaptive,49.83333333333337,0.0,0.005190302078485699
ergo_adaptive,49.91666666666663,0.0,0.005183254445700792
ergo_adaptive,50.0,0.0,0.005178823408104784
ergo_adaptive,50.08333333333337,0.0,0.005168531901591562
ergo_adaptive,50.16666666666663,0.0,0.005151473164439294
ergo_adaptive,50.25,0.0,0.005131152718739577
ergo_adaptive,50.33333333333337,0.0,0.00511176731899266
ergo_adaptive,50.41666666666663,0.0,0.0050924531627801195
ergo_adaptive,50.5,0.0,0.005070146979292734
ergo_adaptive,50.58333333333337,0.0,0.005045358683482218
ergo_adaptive,50.66666666666663,0.0,0.0050205091945408386
ergo_adaptive,50.75,0.0,0.0049964791338886864
ergo_adaptive,50.83333333333337,0.0,0.004971489515563082
ergo_adaptive,50.91666666666663,0.0,0.004946463478653549
ergo_adaptive,51.0,0.0,0.004920815533319499
ergo_adaptive,51.08333333333337,0.0,0.004900696020726056
ergo_adaptive,51.16666666666663,0.0,0.004883545140721179
ergo_adaptive,51.25,0.0,0.004863872861724816
ergo_adaptive,51.33333333333337,0.0,0.004842280002824394
ergo_adaptive,51.41666666666663,0.0,0.004823530636114376
ergo_adaptive,51.5,0.0,0.004809937405094336
ergo_adaptive,51.58333333333337,0.0,0.004791172782812404
ergo_adaptive,51.66666666666663,0.0,0.004767918033027044
ergo_adaptive,51.75,0.0,0.004746403609765829
ergo_adaptive,51.83333333333337,0.0,0.004730352994282162
ergo_adaptive,51.91666666666663,0.0,0.004714289698300334
ergo_adaptive,52.0,0.0,0.004694855369201766
ergo_adaptive,52.08333333333337,0.0,0.004675486778837264
ergo_adaptive,52.16666666666663,0.0,0.004659851389982136
ergo_adaptive,52.25,0.0,0.00464679218999844
ergo_adaptive,52.33333333333337,0.0,0.004633317649079086
ergo_adaptive,52.41666666666663,0.0,0.004619939638152812
ergo_adaptive,52.5,0.0,0.0046090379887708055
ergo_adaptive,52.58333333333337,0.0,0.004601076384153679
ergo_adaptive,52.66666666666663,0.0,0.004594176642390905
ergo_adaptive,52.75,0.0,0.004587340300280998
ergo_adaptive,52.83333333333337,0.0,0.00458174927223797
ergo_adaptive,52.91666666666663,0.0,0.004578601118645052
ergo_adaptive,53.0,0.0,0.004576878301060215
ergo_adaptive,53.08333333333337,0.0,0.004574831061748014
ergo_adaptive,53.16666666666663,0.0,0.0045729642869472035
ergo_adaptive,53.25,0.0,0.0045733282524595435
ergo_adaptive,53.33333333333337,0.0,0.004575963524303085
ergo_adaptive,53.41666666666663,0.0,0.004577675287904365
ergo_adaptive,53.5,0.0,0.004578130236459756
ergo_adaptive,53.58333333333337,0.0,0.004580165027538447
ergo_adaptive,53.66666666666663,0.0,0.004586158488123048
ergo_adaptive,53.75,0.0,0.004590866250002083
ergo_adaptive,53.83333333333337,0.0,0.00459383878239752
ergo_adaptive,53.91666666666663,0.0,0.004597434386758677
ergo_adaptive,54.0,0.0,0.004603285109951975
ergo_adaptive,54.08333333333337,0.0,0.004610205454039141
ergo_adaptive,54.16666666666663,0.0,0.004616457845985394
ergo_adaptive,54.25,0.0,0.004622506128318992
ergo_adaptive,54.33333333333337,0.0,0.004629483417993417
ergo_adaptive,54.41666666666663,0.0,0.004637810845138957
ergo_adaptive,54.5,0.0,0.004646980766858797
ergo_adaptive,54.58333333333337,0.0,0.004657537509559793
ergo_adaptive,54.66666666666663,0.0,0.004668763932278039
ergo_adaptive,54.75,0.0,0.004681269460715609
ergo_adaptive,54.83333333333337,0.0,0.004694549594484451
ergo_adaptive,54.91666666666663,0.0,0.0047094869286271965
ergo_adaptive,55.0,0.0,0.004724832148958186
ergo_adaptive,55.08333333333337,0.0,0.004741174253670205
ergo_adaptive,55.16666666666663,0.0,0.004758203781094066
ergo_adaptive,55.25,0.0,0.004776344905908722
ergo_adaptive,55.33333333333337,0.0,0.004795490991660079
ergo_adaptive,55.41666666666663,0.0,0.004815149403806907
ergo_adaptive,55.5,0.0,0.00483514940377847
ergo_adaptive,55.58333333333337,0.0,0.004856849683649791
ergo_adaptive,55.66666666666663,0.0,0.004878741169047394
ergo_adaptive,55.75,0.0,0.004900267406445101
ergo_adaptive,55.83333333333337,0.0,0.004921305260411697
ergo_adaptive,55.91666666666663,0.0,0.004941780592685842
ergo_adaptive,56.0,0.0,0.004961654584082564
ergo_adaptive,56.08333333333337,0.0,0.0049809141214904205
ergo_adaptive,56.16666666666663,0.0,0.004999564784396604
ergo_adaptive,56.25,0.0,0.005017625391699267
ergo_adaptive,56.33333333333337,0.0,0.005035244407174521
ergo_adaptive,56.41666666666663,0.0,0.005053688241757612
ergo_adaptive,56.5,0.0,0.005072700425413308
ergo_adaptive,56.58333333333337,0.0,0.005091376162862308
ergo_adaptive,56.66666666666663,0.0,0.005109598486871462
ergo_adaptive,56.75,0.0,0.005127403757266068
ergo_adaptive,56.83333333333337,0.0,0.005144825783364489
ergo_adaptive,56.91666666666663,0.0,0.005161895480527537
ergo_adaptive,57.0,0.0,0.005178640747311254
ergo_adaptive,57.08333333333337,0.0,0.005195086495988795
ergo_adaptive,57.16666666666663,0.0,0.005211254784054056
ergo_adaptive,57.25,0.0,0.005227165007264458
ergo_adaptive,57.33333333333337,0.0,0.005242834125477703
ergo_adaptive,57.41666666666663,0.0,0.005258276901028959
ergo_adaptive,57.5,0.0,0.0052735061359198065
ergo_adaptive,57.58333333333337,0.0,0.005288532898965064
ergo_adaptive,57.66666666666663,0.0,0.005303366737592585
ergo_adaptive,57.75,0.0,0.005318015871506938
ergo_adaptive,57.83333333333337,0.0,0.005332487367160776
ergo_adaptive,57.91666666666663,0.0,0.005346787293128988
ergo_adaptive,58.0,0.0,0.005360920857209951
ergo_adaptive,58.08333333333337,0.0,0.0053748925265065806
ergo_adaptive,58.16666666666663,0.0,0.005388706131959209
ergo_adaptive,58.25,0.0,0.005402364958879876
ergo_adaptive,58.33333333333337,0.0,0.005415871825022123
ergo_adaptive,58.41666666666663,0.0,0.005429229147647101
ergo_adaptive,58.5,0.0,0.0054424390009397096
ergo_adaptive,58.58333333333337,0.0,0.005455503165004461
ergo_adaptive,58.66666666666663,0.0,0.005468423167540742
ergo_adaptive,58.75,0.0,0.005481200319168068
ergo_adaptive,58.83333333333337,0.0,0.005493835743247951
ergo_adaptive,58.91666666666663,0.0,0.005506330400931312
ergo_adaptive,59.0,0.0,0.005518685112049061
ergo_adaptive,59.08333333333337,0.0,0.005530900572353594
ergo_adaptive,59.16666666666663,0.0,0.0055419080555520455
ergo_adaptive,59.25,0.0,0.00554404353600441
ergo_adaptive,59.33333333333337,0.0,0.005539084954968916
ergo_adaptive,59.41666666666663,0.0,0.005532044737216186
ergo_adaptive,59.5,0.0,0.005526740383903137
ergo_adaptive,59.58333333333337,0.0,0.005520028109215925
ergo_adaptive,59.66666666666663,0.0,0.0055089456444445545
ergo_adaptive,59.75,0.0,0.0054954723735597165
ergo_adaptive,59.83333333333337,0.0,0.005482524721026574
ergo_adaptive,59.91666666666663,0.0,0.005468635959018095
ergo_adaptive,60.0,0.0,0.005450251311170081
ergo_adaptive,60.08333333333337,0.0,0.005427852762629858
ergo_adaptive,60.16666666666663,0.0,0.005404296297409883
ergo_adaptive,60.25,0.0,0.005380162437996107
ergo_adaptive,60.33333333333337,0.0,0.005353016056128407
ergo_adaptive,60.41666666666663,0.0,0.005321677390207514
ergo_adaptive,60.5,0.0,0.005291283239216838
ergo_adaptive,60.58333333333337,0.0,0.005263268926299546
ergo_adaptive,60.66666666666663,0.0,0.005234373448123428
ergo_adaptive,60.75,0.0,0.005201288848588172
ergo_adaptive,60.83333333333337,0.0,0.005167748967934035
ergo_adaptive,60.91666666666663,0.0,0.005136099961295788
ergo_adaptive,61.0,0.0,0.005108346151915245
ergo_adaptive,61.08333333333337,0.0,0.005077488591091454
ergo_adaptive,61.16666666666663,0.0,0.005040462468496934
ergo_adaptive,61.25,0.0,0.0050030426102555805
ergo_adaptive,61.33333333333337,0.0,0.0049738876690155025
ergo_adaptive,61.41666666666663,0.0,0.004946264474771918
ergo_adaptive,61.5,0.0,0.004913601644546718
ergo_adaptive,61.58333333333337,0.0,0.0048800868766401655
ergo_adaptive,61.66666666666663,0.0,0.004849913339783728
ergo_adaptive,61.75,0.0,0.004823013883522539
ergo_adaptive,61.83333333333337,0.0,0.004797414344803255
ergo_adaptive,61.91666666666663,0.0,0.00477328827706374
ergo_adaptive,62.0,0.0,0.004759065083526397
ergo_adaptive,62.08333333333337,0.0,0.004751556323717489
ergo_adaptive,62.16666666666663,0.0,0.004749395940270124
ergo_adaptive,62.25,0.0,0.0047476756438234406
ergo_adaptive,62.33333333333337,0.0,0.004746255958879475
ergo_adaptive,62.41666666666663,0.0,0.004747816671500938
ergo_adaptive,62.5,0.0,0.004752888891993368
ergo_adaptive,62.58333333333337,0.0,0.0047576151197609995
ergo_adaptive,62.66666666666663,0.0,0.00476197499412629
ergo_adaptive,62.75,0.0,0.004766990162690326
ergo_adaptive,62.83333333333337,0.0,0.004773211139459981
ergo_adaptive,62.91666666666663,0.0,0.004780215963561032
ergo_adaptive,63.0,0.0,0.004787402260929757
ergo_adaptive,63.08333333333337,0.0,0.004795031324587598
ergo_adaptive,63.16666666666663,0.0,0.004804020564914198
ergo_adaptive,63.25,0.0,0.0048148823166776645
ergo_adaptive,63.33333333333337,0.0,0.004826167655711971
ergo_adaptive,63.41666666666663,0.0,0.004836359596783681
ergo_adaptive,63.5,0.0,0.004846645378065773
ergo_adaptive,63.58333333333337,0.0,0.004857246816477749
ergo_adaptive,63.66666666666663,0.0,0.00486852224595046
ergo_adaptive,63.75,0.0,0.004880945328529505
ergo_adaptive,63.83333333333337,0.0,0.004892958933021306
ergo_adaptive,63.91666666666663,0.0,0.004905572691399316
ergo_adaptive,64.0,0.0,0.0049191613890301146
ergo_adaptive,64.08333333333337,0.0,0.004934624553309828
ergo_adaptive,64.16666666666663,0.0,0.004950189636972361
ergo_adaptive,64.25,0.0,0.004965600439416187
ergo_adaptive,64.33333333333337,0.0,0.004980526456817694
ergo_adaptive,64.41666666666663,0.0,0.004995473780690425
ergo_adaptive,64.5,0.0,0.005009975334910398
ergo_adaptive,64.58333333333337,0.0,0.005023659381169399
ergo_adaptive,64.66666666666663,0.0,0.005036634835271317
ergo_adaptive,64.75,0.0,0.005049462769676545
ergo_adaptive,64.83333333333337,0.0,0.005063437624640688
ergo_adaptive,64.91666666666663,0.0,0.005077933766934723
ergo_adaptive,65.0,0.0,0.005088440404125806
ergo_adaptive,65.08333333333337,0.0,0.0050956388846019034
ergo_adaptive,65.16666666666663,0.0,0.005101603257176206
ergo_adaptive,65.25,0.0,0.005107966804523062
ergo_adaptive,65.33333333333337,0.0,0.005117599610748171
ergo_adaptive,65.41666666666663,0.0,0.005129005668896614
ergo_adaptive,65.5,0.0,0.0051356793809369805
ergo_adaptive,65.58333333333337,0.0,0.005137910849754145
ergo_adaptive,65.66666666666663,0.0,0.005138425468639629
ergo_adaptive,65.75,0.0,0.005139378517791431
ergo_adaptive,65.83333333333337,0.0,0.0051421530990869045
ergo_adaptive,65.91666666666663,0.0,0.005145711113278389
ergo_adaptive,66.0,0.0,0.00514482703423228
ergo_adaptive,66.08333333333337,0.0,0.0051393234488287115
ergo_adaptive,66.16666666666663,0.0,0.005132388098968182
ergo_adaptive,66.25,0.0,0.005125304486855187
ergo_adaptive,66.33333333333337,0.0,0.005117165591422956
ergo_adaptive,66.41666666666663,0.0,0.005107198192331327
ergo_adaptive,66.5,0.0,0.005095170566349749
ergo_adaptive,66.58333333333337,0.0,0.005082767553903801
ergo_adaptive,66.66666666666663,0.0,0.005073445075006441
ergo_adaptive,66.75,0.0,0.005062352713591794
ergo_adaptive,66.83333333333337,0.0,0.005042428394612536
ergo_adaptive,66.91666666666663,0.0,0.00501690616729959
ergo_adaptive,67.0,0.0,0.004990427332865515
ergo_adaptive,67.08333333333337,0.0,0.004965253517791902
ergo_adaptive,67.16666666666663,0.0,0.00494116560925493
ergo_adaptive,67.25,0.0,0.004914281576691357
ergo_adaptive,67.33333333333337,0.0,0.004881816591683505
ergo_adaptive,67.41666666666663,0.0,0.0048494543544015094
ergo_adaptive,67.5,0.0,0.004820410917349958
ergo_adaptive,67.58333333333337,0.0,0.004786622063368949
ergo_adaptive,67.66666666666663,0.0,0.004743027937960444
ergo_adaptive,67.75,0.0,0.004694454985228172
ergo_adaptive,67.83333333333337,0.0,0.004649897324475777
ergo_adaptive,67.91666666666663,0.0,0.0046075099666585215
ergo_adaptive,68.0,0.0,0.004569554052102488
ergo_adaptive,68.08333333333337,0.0,0.004540035609211395
ergo_adaptive,68.16666666666663,0.0,0.004512007714172533
ergo_adaptive,68.25,0.0,0.0044902113586987305
ergo_adaptive,68.33333333333337,0.0,0.0044765598383733705
ergo_adaptive,68.41666666666663,0.0,0.004457070377028345
ergo_adaptive,68.5,0.0,0.004433258733126256
ergo_adaptive,68.58333333333337,0.0,0.004409395701780799
ergo_adaptive,68.66666666666663,0.0,0.004389100159948407
ergo_adaptive,68.75,0.0,0.0043722697458083186
ergo_adaptive,68.83333333333337,0.0,0.004357552240861788
ergo_adaptive,68.91666666666663,0.0,0.0043451025034623465
ergo_adaptive,69.0,0.0,0.0043380990245149
ergo_adaptive,69.08333333333337,0.0,0.00434031809389899
ergo_adaptive,69.16666666666663,0.0,0.004347983067026483
ergo_adaptive,69.25,0.0,0.0043554412198107935
ergo_adaptive,69.33333333333337,0.0,0.0043655405124163995
ergo_adaptive,69.41666666666663,0.0,0.004379402967160866
ergo_adaptive,69.5,0.0,0.004396600646068043
ergo_adaptive,69.58333333333337,0.0,0.0044158575188023505
ergo_adaptive,69.66666666666663,0.0,0.004436486464778098
ergo_adaptive,69.75,0.0,0.004460277573362656
ergo_adaptive,69.83333333333337,0.0,0.0044859379812098405
ergo_adaptive,69.91666666666663,0.0,0.004512936064504159
ergo_adaptive,70.0,0.0,0.004539911439550841
ergo_adaptive,70.08333333333337,0.0,0.004566511731741931
ergo_adaptive,70.16666666666663,0.0,0.004593129906890609
ergo_adaptive,70.25,0.0,0.0046199701708351274
ergo_adaptive,70.33333333333337,0.0,0.0046467876404406
ergo_adaptive,70.41666666666663,0.0,0.00467379682536145
ergo_adaptive,70.5,0.0,0.004700703145029249
ergo_adaptive,70.58333333333337,0.0,0.00472753723874926
ergo_adaptive,70.66666666666663,0.0,0.004754291530679357
ergo_adaptive,70.75,0.0,0.004780682697952696
ergo_adaptive,70.83333333333337,0.0,0.004806088465584939
ergo_adaptive,70.91666666666663,0.0,0.00482964883956563
ergo_adaptive,71.0,0.0,0.004851136629882868
ergo_adaptive,71.08333333333337,0.0,0.0048707504538753514
ergo_adaptive,71.16666666666663,0.0,0.0048884519251951196
ergo_adaptive,71.25,0.0,0.004904273986411903
ergo_adaptive,71.33333333333337,0.0,0.004919008070686978
ergo_adaptive,71.41666666666663,0.0,0.004933465510095497
ergo_adaptive,71.5,0.0,0.004947309904066773
ergo_adaptive,71.58333333333337,0.0,0.00495982779474083
ergo_adaptive,71.66666666666663,0.0,0.004971432779140663
ergo_adaptive,71.75,0.0,0.004983105403241741
ergo_adaptive,71.83333333333337,0.0,0.004994822011544952
ergo_adaptive,71.91666666666663,0.0,0.005005705005678806
ergo_adaptive,72.0,0.0,0.005015781355674326
ergo_adaptive,72.08333333333337,0.0,0.005026018871607409
ergo_adaptive,72.16666666666663,0.0,0.005036788247311353
ergo_adaptive,72.25,0.0,0.0050473574564072025
ergo_adaptive,72.33333333333337,0.0,0.0050574010192953826
ergo_adaptive,72.41666666666663,0.0,0.005068642519002007
ergo_adaptive,72.5,0.0,0.005080347673988485
ergo_adaptive,72.58333333333337,0.0,0.005092152851123337
ergo_adaptive,72.66666666666663,0.0,0.005103480157429839
ergo_adaptive,72.75,0.0,0.005114539773804396
ergo_adaptive,72.83333333333337,0.0,0.005125999796012128
ergo_adaptive,72.91666666666663,0.0,0.005137816526412822
ergo_adaptive,73.0,0.0,0.005149106039954183
ergo_adaptive,73.08333333333337,0.0,0.005159701288084241
ergo_adaptive,73.16666666666663,0.0,0.005170517441379624
ergo_adaptive,73.25,0.0,0.005182147234168574
ergo_adaptive,73.33333333333337,0.0,0.005193174029647697
ergo_adaptive,73.41666666666663,0.0,0.005202697662736787
ergo_adaptive,73.5,0.0,0.00521192138581685
ergo_adaptive,73.58333333333337,0.0,0.005222866811665212
ergo_adaptive,73.66666666666663,0.0,0.005235810302653148
ergo_adaptive,73.75,0.0,0.005246234971471586
ergo_adaptive,73.83333333333337,0.0,0.005255500905634339
ergo_adaptive,73.91666666666663,0.0,0.005265739537673515
ergo_adaptive,74.0,0.0,0.005276754177309703
ergo_adaptive,74.08333333333337,0.0,0.0052860550161190605
ergo_adaptive,74.16666666666663,0.0,0.005293706666637012
ergo_adaptive,74.25,0.0,0.00530131828742477
ergo_adaptive,74.33333333333337,0.0,0.005309526938822541
ergo_adaptive,74.41666666666663,0.0,0.0053171404581230965
ergo_adaptive,74.5,0.0,0.005323356137236861
ergo_adaptive,74.58333333333337,0.0,0.00532886954408533
ergo_adaptive,74.66666666666663,0.0,0.005334558014778861
ergo_adaptive,74.75,0.0,0.005340073196391057
ergo_adaptive,74.83333333333337,0.0,0.005346624162497946
ergo_adaptive,74.91666666666663,0.0,0.005352114023398213
ergo_adaptive,75.0,0.0,0.005357481955589987
ergo_adaptive,75.08333333333337,0.0,0.005363015476490452
ergo_adaptive,75.16666666666663,0.0,0.005367592713430066
ergo_adaptive,75.25,0.0,0.005370566727468844
ergo_adaptive,75.33333333333337,0.0,0.005373057701777624
ergo_adaptive,75.41666666666663,0.0,0.005376281888901124
ergo_adaptive,75.5,0.0,0.005378973937861448
ergo_adaptive,75.58333333333337,0.0,0.005379270414404311
ergo_adaptive,75.66666666666663,0.0,0.00537933261161413
ergo_adaptive,75.75,0.0,0.00538190951635477
ergo_adaptive,75.83333333333337,0.0,0.005385279667484755
ergo_adaptive,75.91666666666663,0.0,0.005386067312291016
ergo_adaptive,76.0,0.0,0.00538496149467042
ergo_adaptive,76.08333333333337,0.0,0.005385167439479842
ergo_adaptive,76.16666666666663,0.0,0.005388523068521349
ergo_adaptive,76.25,0.0,0.0053884745609899766
ergo_adaptive,76.33333333333337,0.0,0.005384228588119941
ergo_adaptive,76.41666666666663,0.0,0.0053802981183379145
ergo_adaptive,76.5,0.0,0.00538121305193183
ergo_adaptive,76.58333333333337,0.0,0.00538051116092304
ergo_adaptive,76.66666666666663,0.0,0.0053743919340923495
ergo_adaptive,76.75,0.0,0.005367210304394132
ergo_adaptive,76.83333333333337,0.0,0.00536424073815034
ergo_adaptive,76.91666666666663,0.0,0.0053636743400296075
ergo_adaptive,77.0,0.0,0.005357743896138328
ergo_adaptive,77.08333333333337,0.0,0.005350317244241805
ergo_adaptive,77.16666666666663,0.0,0.005347635875311837
ergo_adaptive,77.25,0.0,0.005349194865897975
ergo_adaptive,77.33333333333337,0.0,0.005347501008497868
ergo_adaptive,77.41666666666663,0.0,0.005343860167452116
ergo_adaptive,77.5,0.0,0.005341435978338154
ergo_adaptive,77.58333333333337,0.0,0.0053434502159399955
ergo_adaptive,77.66666666666663,0.0,0.005344951460317228
ergo_adaptive,77.75,0.0,0.0053428629357130395
ergo_adaptive,77.83333333333337,0.0,0.0053405982720736616
ergo_adaptive,77.91666666666663,0.0,0.005342014947889263
ergo_adaptive,78.0,0.0,0.005353465921867716
ergo_adaptive,78.08333333333337,0.0,0.005367719534052935
ergo_adaptive,78.16666666666663,0.0,0.00538372909075373
ergo_adaptive,78.25,0.0,0.005403489018180197
ergo_adaptive,78.33333333333337,0.0,0.005425614995696741
ergo_adaptive,78.41666666666663,0.0,0.0054471852897776535
ergo_adaptive,78.5,0.0,0.005468141233050434
ergo_adaptive,78.58333333333337,0.0,0.005488357547794099
ergo_adaptive,78.66666666666663,0.0,0.005506467390500608
ergo_adaptive,78.75,0.0,0.005520242137643913
ergo_adaptive,78.83333333333337,0.0,0.005528337335162639
ergo_adaptive,78.91666666666663,0.0,0.005529254661663138
ergo_adaptive,79.0,0.0,0.005522929052960302
ergo_adaptive,79.08333333333337,0.0,0.005512087687530213
ergo_adaptive,79.16666666666663,0.0,0.005499166914858721
ergo_adaptive,79.25,0.0,0.0054856500528006995
ergo_adaptive,79.33333333333337,0.0,0.005473055276511884
ergo_adaptive,79.41666666666663,0.0,0.005461334247731241
ergo_adaptive,79.5,0.0,0.005448679877415732
ergo_adaptive,79.58333333333337,0.0,0.005434840156333009
ergo_adaptive,79.66666666666663,0.0,0.00541942079676041
ergo_adaptive,79.75,0.0,0.005403536481985589
ergo_adaptive,79.83333333333337,0.0,0.00538855161203666
ergo_adaptive,79.91666666666663,0.0,0.005375715891615297
ergo_adaptive,80.0,0.0,0.005365878784576002
ergo_adaptive,80.08333333333337,0.0,0.0053593634261571415
ergo_adaptive,80.16666666666663,0.0,0.005355857745025382
ergo_adaptive,80.25,0.0,0.005354128691784226
ergo_adaptive,80.33333333333337,0.0,0.005352539552973182
ergo_adaptive,80.41666666666663,0.0,0.005350986474418817
ergo_adaptive,80.5,0.0,0.0053492731340336695
ergo_adaptive,80.58333333333337,0.0,0.005346970096052554
ergo_adaptive,80.66666666666663,0.0,0.005343749984429303
ergo_adaptive,80.75,0.0,0.0053400275872408955
ergo_adaptive,80.83333333333337,0.0,0.00533555317673886
ergo_adaptive,80.91666666666663,0.0,0.0053300169963879035
ergo_adaptive,81.0,0.0,0.005323262545936687
ergo_adaptive,81.08333333333337,0.0,0.0053153537182464
ergo_adaptive,81.16666666666663,0.0,0.005306554121022923
ergo_adaptive,81.25,0.0,0.0052972783044802985
ergo_adaptive,81.33333333333337,0.0,0.005288051498490172
ergo_adaptive,81.41666666666663,0.0,0.0052794754869366365
ergo_adaptive,81.5,0.0,0.005273026266325665
ergo_adaptive,81.58333333333337,0.0,0.005268964651671274
ergo_adaptive,81.66666666666663,0.0,0.005266126998017994
ergo_adaptive,81.75,0.0,0.0052604629313876775
ergo_adaptive,81.83333333333337,0.0,0.005254390366233483
ergo_adaptive,81.91666666666663,0.0,0.005250007330389004
ergo_adaptive,82.0,0.0,0.005246766309546181
ergo_adaptive,82.08333333333337,0.0,0.005244728427664724
ergo_adaptive,82.16666666666663,0.0,0.005244924823354621
ergo_adaptive,82.25,0.0,0.005245999158457152
ergo_adaptive,82.33333333333337,0.0,0.005246025880485658
ergo_adaptive,82.41666666666663,0.0,0.0052444205303981
ergo_adaptive,82.5,0.0,0.0052406139290012
ergo_adaptive,82.58333333333337,0.0,0.00523416320029993
ergo_adaptive,82.66666666666663,0.0,0.005224927539193575
ergo_adaptive,82.75,0.0,0.005213220229285972
ergo_adaptive,82.83333333333337,0.0,0.00519984767473552
ergo_adaptive,82.91666666666663,0.0,0.005185988751502014
ergo_adaptive,83.0,0.0,0.005172774450601946
ergo_adaptive,83.08333333333337,0.0,0.00516030909520036
ergo_adaptive,83.16666666666663,0.0,0.005146842466098643
ergo_adaptive,83.25,0.0,0.005133935047168446
ergo_adaptive,83.33333333333337,0.0,0.005124384565930743
ergo_adaptive,83.41666666666663,0.0,0.005118420826935964
ergo_adaptive,83.5,0.0,0.005116421626684282
ergo_adaptive,83.58333333333337,0.0,0.005115690176168539
ergo_adaptive,83.66666666666663,0.0,0.005115541949444495
ergo_adaptive,83.75,0.0,0.005115397736355355
ergo_adaptive,83.83333333333337,0.0,0.005114745550098848
ergo_adaptive,83.91666666666663,0.0,0.005113109083341288
ergo_adaptive,84.0,0.0,0.0051101886586425145
ergo_adaptive,84.08333333333337,0.0,0.005106398898274124
ergo_adaptive,84.16666666666663,0.0,0.00510035085773809
ergo_adaptive,84.25,0.0,0.005091798718378551
ergo_adaptive,84.33333333333337,0.0,0.005080721411579992
ergo_adaptive,84.41666666666663,0.0,0.0050674123669414255
ergo_adaptive,84.5,0.0,0.005052488180645668
ergo_adaptive,84.58333333333337,0.0,0.00503672625932709
ergo_adaptive,84.66666666666663,0.0,0.0050207778504581975
ergo_adaptive,84.75,0.0,0.005007492746248082
ergo_adaptive,84.83333333333337,0.0,0.004993825744976207
ergo_adaptive,84.91666666666663,0.0,0.00498213878003211
ergo_adaptive,85.0,0.0,0.004974367550166087
ergo_adaptive,85.08333333333337,0.0,0.004969975312200353
ergo_adaptive,85.16666666666663,0.0,0.004968046861686898
ergo_adaptive,85.25,0.0,0.00496777844374725
ergo_adaptive,85.33333333333337,0.0,0.004968531229264121
ergo_adaptive,85.41666666666663,0.0,0.004969792223159442
ergo_adaptive,85.5,0.0,0.004971126506911554
ergo_adaptive,85.58333333333337,0.0,0.0049721365515347365
ergo_adaptive,85.66666666666663,0.0,0.00497242937752743
ergo_adaptive,85.75,0.0,0.004971591153544892
ergo_adaptive,85.83333333333337,0.0,0.004969172133926689
ergo_adaptive,85.91666666666663,0.0,0.004964691097753226
ergo_adaptive,86.0,0.0,0.004957676187025134
ergo_adaptive,86.08333333333337,0.0,0.004947760648109608
ergo_adaptive,86.16666666666663,0.0,0.004934830868476889
ergo_adaptive,86.25,0.0,0.004919172514973944
ergo_adaptive,86.33333333333337,0.0,0.004901514462750029
ergo_adaptive,86.41666666666663,6.731887837340338e-6,0.004882893057020136
ergo_adaptive,86.5,5.176785952333848e-6,0.004850005601552538
ergo_adaptive,86.58333333333337,0.0,0.0048104014736864605
ergo_adaptive,86.66666666666663,6.23901105798095e-5,0.004786174457801576
ergo_adaptive,86.75,0.00017022104849531017,0.004757986605229696
ergo_adaptive,86.83333333333337,0.00018426340119794712,0.00471777735367693
ergo_adaptive,86.91666666666663,0.00017424417504406807,0.004673152180624671
ergo_adaptive,87.0,0.00013703437524524418,0.00464087437070134
ergo_adaptive,87.08333333333337,0.00011086178456414287,0.0046343651728539955
ergo_adaptive,87.16666666666663,0.00010665080967184626,0.004638819947594912
ergo_adaptive,87.25,1.0064568921596264e-5,0.0046466831676567205
ergo_adaptive,87.33333333333337,6.7509299526948654e-6,0.004656882162966478
ergo_adaptive,87.41666666666663,1.6524508123226411e-6,0.004668199471257903
ergo_adaptive,87.5,4.4794667241337804e-6,0.004681934386930032
ergo_adaptive,87.58333333333337,0.0,0.0046965554316500124
ergo_adaptive,87.66666666666663,0.0,0.004712608555913199
ergo_adaptive,87.75,0.0,0.0047285076833705735
ergo_adaptive,87.83333333333337,0.0,0.004743344917991026
ergo_adaptive,87.91666666666663,0.0,0.004756460124013348
ergo_adaptive,88.0,0.0,0.004767308603437507
ergo_adaptive,88.08333333333337,0.0,0.004775521490646404
ergo_adaptive,88.16666666666663,0.0,0.004781003871747562
ergo_adaptive,88.25,0.0,0.004783939714695602
ergo_adaptive,88.33333333333337,0.0,0.004784761588317863
ergo_adaptive,88.41666666666663,0.0,0.00478559462031127
ergo_adaptive,88.5,0.0,0.00478674203548865
ergo_adaptive,88.58333333333337,9.241642697823635e-7,0.0047893352078750865
ergo_adaptive,88.66666666666663,0.0,0.004787349602108154
ergo_adaptive,88.75,0.0,0.004793216219664848
ergo_adaptive,88.83333333333337,0.0,0.00480130793437598
ergo_adaptive,88.91666666666663,0.0,0.004809248851956231
ergo_adaptive,89.0,0.0,0.004816772903766507
ergo_adaptive,89.08333333333337,0.0,0.004824286717866289
ergo_adaptive,89.16666666666663,0.0,0.004832692414145314
ergo_adaptive,89.25,6.392247209534136e-6,0.00484099308924481
ergo_adaptive,89.33333333333337,1.607167578793196e-5,0.0048450615541743795
ergo_adaptive,89.41666666666663,1.5522687218551045e-5,0.004846338463905128
ergo_adaptive,89.5,2.5350549755763014e-5,0.004846942970944469
ergo_adaptive,89.58333333333337,1.2256385172693024e-5,0.004850283874130041
ergo_adaptive,89.66666666666663,9.288614863797692e-6,0.004862085599087894
ergo_adaptive,89.75,5.386915307253808e-5,0.0048746087719738354
ergo_adaptive,89.83333333333337,1.42962111958723e-5,0.0048861762372920435
ergo_adaptive,89.91666666666663,7.098802351454286e-8,0.00489733730410205
ergo_adaptive,90.0,1.8139837254511927e-5,0.004905099884241416
ergo_adaptive,90.08333333333337,0.0001241486659777234,0.00491599192322918
ergo_adaptive,90.16666666666663,0.0001614668971710356,0.004925383946210126
ergo_adaptive,90.25,0.00015593136981690778,0.0049313779149530125
ergo_adaptive,90.33333333333337,0.00012553454475607397,0.004942071666951668
ergo_adaptive,90.41666666666663,5.10849908797462e-5,0.004954073140093859
ergo_adaptive,90.5,1.7348271174319162e-5,0.004965117222425309
ergo_adaptive,90.58333333333337,9.167126395493127e-6,0.004976227100752663
ergo_adaptive,90.66666666666663,0.0,0.004989372633102905
ergo_adaptive,90.75,0.0,0.005001595900138499
ergo_adaptive,90.83333333333337,0.0,0.005012372035909717
ergo_adaptive,90.91666666666663,0.0,0.005020097672040567
ergo_adaptive,91.0,0.0,0.005024369397532988
ergo_adaptive,91.08333333333337,0.0,0.005023228591778622
ergo_adaptive,91.16666666666663,0.0,0.005018525641694785
ergo_adaptive,91.25,3.699021903453904e-5,0.005014120851333657
ergo_adaptive,91.33333333333337,0.0,0.005015566884633239
ergo_adaptive,91.41666666666663,0.0,0.005020235586133281
ergo_adaptive,91.5,0.0,0.005021295588019116
ergo_adaptive,91.58333333333337,0.0,0.005018386536309445
ergo_adaptive,91.66666666666663,0.0,0.0050203447548991505
ergo_adaptive,91.75,0.0,0.005029158737545921
ergo_adaptive,91.83333333333337,0.0,0.005040539893080087
ergo_adaptive,91.91666666666663,0.0,0.0050526815741784754
ergo_adaptive,92.0,0.0,0.005064975885373132
ergo_adaptive,92.08333333333337,0.0,0.005077039581133716
ergo_adaptive,92.16666666666663,0.0,0.0050886225486067955
ergo_adaptive,92.25,0.0,0.0051000509897144415
ergo_adaptive,92.33333333333337,0.0,0.005113546936485139
ergo_adaptive,92.41666666666663,0.0,0.005126960765683198
ergo_adaptive,92.5,0.0,0.005140602291162206
ergo_adaptive,92.58333333333337,0.0,0.005153495112135575
ergo_adaptive,92.66666666666663,0.0,0.005170263606464332
ergo_adaptive,92.75,0.0,0.005183017637745347
ergo_adaptive,92.83333333333337,0.0,0.0051955899920497215
ergo_adaptive,92.91666666666663,0.0,0.0052087634211650325
ergo_adaptive,93.0,0.0,0.005221972705328065
ergo_adaptive,93.08333333333337,0.0,0.005234960204883685
ergo_adaptive,93.16666666666663,0.0,0.005247603535078281
ergo_adaptive,93.25,0.0,0.005260293090224696
ergo_adaptive,93.33333333333337,0.0,0.005273056606039895
ergo_adaptive,93.41666666666663,0.0,0.005285405125756211
ergo_adaptive,93.5,0.0,0.005297349151694149
ergo_adaptive,93.58333333333337,0.0,0.005308901933927101
ergo_adaptive,93.66666666666663,0.0,0.005320075389189398
ergo_adaptive,93.75,0.0,0.005330876805042313
ergo_adaptive,93.83333333333337,0.0,0.005341305568427944
ergo_adaptive,93.91666666666663,0.0,0.005351349199888523
ergo_adaptive,94.0,0.0,0.005360977777954437
ergo_adaptive,94.08333333333337,0.0,0.005370135194686293
ergo_adaptive,94.16666666666663,0.0,0.005378723711425989
ergo_adaptive,94.25,0.0,0.005386571277385977
ergo_adaptive,94.33333333333337,0.0,0.005393341037742551
ergo_adaptive,94.41666666666663,9.844975496377131e-6,0.005398244448374602
ergo_adaptive,94.5,0.0,0.005400895981984517
ergo_adaptive,94.58333333333337,0.0,0.005410936368503437
ergo_adaptive,94.66666666666663,0.0,0.00542010253679242
ergo_adaptive,94.75,0.0,0.005427836385070974
ergo_adaptive,94.83333333333337,0.0,0.0054327603312745495
ergo_adaptive,94.91666666666663,0.0,0.005434128541663419
ergo_adaptive,95.0,0.0,0.005432662521472338
ergo_adaptive,95.08333333333337,0.0,0.005433072075978097
ergo_adaptive,95.16666666666663,0.0,0.005428840358007874
ergo_adaptive,95.25,0.0,0.005418070351582433
ergo_adaptive,95.33333333333337,0.0,0.0054058024711326124
ergo_adaptive,95.41666666666663,0.0,0.0053972549561159145
ergo_adaptive,95.5,0.0,0.005389578360989858
ergo_adaptive,95.58333333333337,0.0,0.005377997166703365
ergo_adaptive,95.66666666666663,0.0,0.0053653435368394824
ergo_adaptive,95.75,0.0,0.0053551704605671055
ergo_adaptive,95.83333333333337,0.0,0.005347384215862478
ergo_adaptive,95.91666666666663,0.0,0.005337868083346628
ergo_adaptive,96.0,0.0,0.005328144180857955
ergo_adaptive,96.08333333333337,0.0,0.005318835521875298
ergo_adaptive,96.16666666666663,0.0,0.005311707826793628
ergo_adaptive,96.25,0.0,0.0053044927795746245
ergo_adaptive,96.33333333333337,0.0,0.005295558666928551
ergo_adaptive,96.41666666666663,0.0,0.005286637340057576
ergo_adaptive,96.5,0.0,0.005279611405077248
ergo_adaptive,96.58333333333337,0.0,0.005273443154869768
ergo_adaptive,96.66666666666663,0.0,0.005265975240354072
ergo_adaptive,96.75,0.0,0.005257280665249873
ergo_adaptive,96.83333333333337,0.0,0.005249272893382735
ergo_adaptive,96.91666666666663,0.0,0.005242483289115923
ergo_adaptive,97.0,0.0,0.005235478612778848
ergo_adaptive,97.08333333333337,0.0,0.0052279488140692006
ergo_adaptive,97.16666666666663,0.0,0.005221522012158109
ergo_adaptive,97.25,0.0,0.0052175316856273735
ergo_adaptive,97.33333333333337,0.0,0.005215744357191677
ergo_adaptive,97.41666666666663,0.0,0.0052121487574886645
ergo_adaptive,97.5,0.0,0.0052071786465759055
ergo_adaptive,97.58333333333337,0.0,0.005202374546755434
ergo_adaptive,97.66666666666663,0.0,0.0051980578470747964
ergo_adaptive,97.75,0.0,0.005196862043291267
ergo_adaptive,97.83333333333337,0.0,0.005193914102063746
ergo_adaptive,97.91666666666663,0.0,0.00518622077609081
ergo_adaptive,98.0,0.0,0.0051725419132068835
ergo_adaptive,98.08333333333337,0.0,0.00515258933377374
ergo_adaptive,98.16666666666663,0.0,0.0051239758493710945
ergo_adaptive,98.25,0.0,0.005093037657541769
ergo_adaptive,98.33333333333337,0.0,0.005061310237093177
ergo_adaptive,98.41666666666663,0.0,0.005020728156956067
ergo_adaptive,98.5,0.0,0.004972579122145821
ergo_adaptive,98.58333333333337,0.0,0.004927961976458856
ergo_adaptive,98.66666666666663,0.0,0.004887771878535934
ergo_adaptive,98.75,0.0,0.004844314248423474
ergo_adaptive,98.83333333333337,0.0,0.004792952634715908
ergo_adaptive,98.91666666666663,0.0,0.004736437426453926
ergo_adaptive,99.0,0.0,0.004678796178263343
ergo_adaptive,99.08333333333337,0.0,0.0046189135853612374
ergo_adaptive,99.16666666666663,0.0,0.0045521680282833
ergo_adaptive,99.25,0.0,0.00447775799866926
ergo_adaptive,99.33333333333337,0.0,0.004401388921373762
ergo_adaptive,99.41666666666663,0.0,0.0043343940156769555
ergo_adaptive,99.5,0.0,0.004267040438280294
ergo_adaptive,99.58333333333337,0.0,0.004186086195825693
ergo_adaptive,99.66666666666663,0.0,0.004108127984741801
ergo_adaptive,99.75,0.0,0.0040395009776192205
ergo_adaptive,99.83333333333337,0.0,0.003969954945880128
ergo_adaptive,99.91666666666663,0.0,0.0038808494610153765
ergo_adaptive,100.0,0.0,0.0037811968787822793
ergo_adaptive,100.08333333333337,2.6184726490873694e-5,0.0036864835155282338
ergo_adaptive,100.16666666666663,0.0,0.0036028752559390045
ergo_adaptive,100.25,0.00013795810053106954,0.003536982600878142
ergo_adaptive,100.33333333333337,3.23467525033205e-5,0.003478814184275805
ergo_adaptive,100.41666666666663,5.578880623026978e-5,0.0034255819645509556
ergo_adaptive,100.5,2.2346357837482934e-5,0.0033836064286985796
ergo_adaptive,100.58333333333337,0.00011537952853702944,0.0033606913030452667
ergo_adaptive,100.66666666666663,0.00031458695075421825,0.003346967051517203
ergo_adaptive,100.75,0.0007191520359640419,0.0033363410348504685
ergo_adaptive,100.83333333333337,0.0005611365015567849,0.003338731242721225
ergo_adaptive,100.91666666666663,0.0005450380496321075,0.0033469646478419732
ergo_adaptive,101.0,0.00016880464032387828,0.0033577820472645253
ergo_adaptive,101.08333333333337,0.00012133407657048224,0.0033716012684537047
ergo_adaptive,101.16666666666663,0.00014913750612489813,0.003389454807467454
ergo_adaptive,101.25,0.00011672133408769818,0.003407922304329748
ergo_adaptive,101.33333333333337,0.0001587080967541656,0.003426126065298693
ergo_adaptive,101.41666666666663,0.00015795503559575422,0.003443637382076573
ergo_adaptive,101.5,0.00016351250199125663,0.0034606411285848784
ergo_adaptive,101.58333333333337,0.00029049227701259174,0.00347687468010428
ergo_adaptive,101.66666666666663,0.00026843473029609265,0.003490860780468143
ergo_adaptive,101.75,0.0002387147380333326,0.003505188197315549
ergo_adaptive,101.83333333333337,0.00018963829301039067,0.0035194609555715627
ergo_adaptive,101.91666666666663,3.5067841841665356e-5,0.0035331816386502935
ergo_adaptive,102.0,3.294315960526761e-5,0.0035475257678355115
ergo_adaptive,102.08333333333337,2.1686693608302967e-5,0.0035616458358159802
ergo_adaptive,102.16666666666663,1.1392714779114075e-5,0.0035773696277232973
ergo_adaptive,102.25,5.940037521058328e-5,0.00359285302964731
ergo_adaptive,102.33333333333337,0.00010605431070819554,0.003606849378694605
ergo_adaptive,102.41666666666663,0.00019520914307329852,0.003615203665643545
ergo_adaptive,102.5,0.0003957684860278933,0.003620996472211667
ergo_adaptive,102.58333333333337,0.00032355858917558033,0.0036263601367277857
ergo_adaptive,102.66666666666663,0.00026607931350326736,0.00363335074938478
ergo_adaptive,102.75,0.0002896941736145629,0.0036425134286271373
ergo_adaptive,102.83333333333337,0.00017039251953736932,0.0036522325079013187
ergo_adaptive,102.91666666666663,0.00015687911241484389,0.003661788345760364
ergo_adaptive,103.0,0.00017934989971454064,0.003671395857862494
ergo_adaptive,103.08333333333337,0.0002098361438257874,0.003681156797029958
ergo_adaptive,103.16666666666663,0.0002677561028076585,0.0036902276173685616
ergo_adaptive,103.25,0.00034180197235825286,0.0036993166621669417
ergo_adaptive,103.33333333333337,0.0003456580530716247,0.0037083484680772816
ergo_adaptive,103.41666666666663,0.0003102299247804724,0.003716883454864391
ergo_adaptive,103.5,0.00020624889455565898,0.0037256937447732435
ergo_adaptive,103.58333333333337,0.00010399521546902223,0.003734423647108027
ergo_adaptive,103.66666666666663,6.515222147575114e-5,0.0037433313118063263
ergo_adaptive,103.75,5.153166475358338e-5,0.0037518847941386637
ergo_adaptive,103.83333333333337,0.00012793792272550075,0.0037602550323105107
ergo_adaptive,103.91666666666663,4.551957200012295e-5,0.003767190920273038
ergo_adaptive,104.0,1.2060734594977097e-5,0.0037748268359639875
ergo_adaptive,104.08333333333337,1.9004390708217064e-5,0.00378265930687414
ergo_adaptive,104.16666666666663,1.8502326101331438e-5,0.0037918706209566387
ergo_adaptive,104.25,1.616693496511682e-5,0.0038025468470430403
ergo_adaptive,104.33333333333337,4.559511012919504e-5,0.0038142511127870265
ergo_adaptive,104.41666666666663,9.439851081258926e-5,0.0038255490558699746
ergo_adaptive,104.5,0.00020733904020106913,0.0038314325218159937
ergo_adaptive,104.58333333333337,0.00015289772737634116,0.0038310178313272314
ergo_adaptive,104.66666666666663,0.000156485705592705,0.00383366383310465
ergo_adaptive,104.75,0.00014071682988473568,0.0038378109597476296
ergo_adaptive,104.83333333333337,0.00013234523505730052,0.0038425815910500772
ergo_adaptive,104.91666666666663,1.2376952952195778e-5,0.0038484133858810565
ergo_adaptive,105.0,1.2392033263108513e-5,0.003854481158980265
ergo_adaptive,105.08333333333337,7.571335998042141e-7,0.0038616623954381775
ergo_adaptive,105.16666666666663,0.0,0.003870562671377262
ergo_adaptive,105.25,6.819355613404609e-6,0.003879490795290826
ergo_adaptive,105.33333333333337,6.610774771886538e-5,0.003891305960826072
ergo_adaptive,105.41666666666663,8.077794084664014e-5,0.0039013102706142765
ergo_adaptive,105.5,0.0001193922955871602,0.003910861956162965
ergo_adaptive,105.58333333333337,0.00010057117759520135,0.003919962132373702
ergo_adaptive,105.66666666666663,4.997772020302609e-5,0.003929241340938859
ergo_adaptive,105.75,0.00012969796617607257,0.0039392239386695895
ergo_adaptive,105.83333333333337,6.485992811786706e-5,0.003948258471911272
ergo_adaptive,105.91666666666663,1.773642761125522e-5,0.003958834918035961
ergo_adaptive,106.0,1.4337435903885446e-5,0.003970425164293113
ergo_adaptive,106.08333333333337,4.780353674986533e-5,0.003981727494857459
ergo_adaptive,106.16666666666663,9.769805353040111e-5,0.003992782117378571
ergo_adaptive,106.25,4.7601203421748346e-5,0.004001730124185805
ergo_adaptive,106.33333333333337,0.00011235985924404712,0.0040128321550548345
ergo_adaptive,106.41666666666663,0.0002158250431709495,0.004021235277075444
ergo_adaptive,106.5,0.00040196606166309197,0.004023755476782811
ergo_adaptive,106.58333333333337,0.0002802547329059431,0.004028082291994785
ergo_adaptive,106.66666666666663,0.00038887260638513277,0.004033010869872799
ergo_adaptive,106.75,0.0002651025700652652,0.004038177021595975
ergo_adaptive,106.83333333333337,0.00011667164372169335,0.004042544223543355
ergo_adaptive,106.91666666666663,0.00011923311154095306,0.004051639563153343
ergo_adaptive,107.0,9.998206871588463e-5,0.004060284050147849
ergo_adaptive,107.08333333333337,0.00013005690509853397,0.004070779788972798
ergo_adaptive,107.16666666666663,0.00017748327879849973,0.004079148971158989
ergo_adaptive,107.25,5.084886092495724e-5,0.0040856076819679454
ergo_adaptive,107.33333333333337,1.387434526727882e-6,0.004095050339086055
ergo_adaptive,107.41666666666663,4.534573228562311e-5,0.004105769886441034
ergo_adaptive,107.5,1.0679216533911423e-5,0.004118692323356671
ergo_adaptive,107.58333333333337,7.701260218653359e-6,0.004129362685094085
ergo_adaptive,107.66666666666663,4.9243304878200894e-6,0.004139648797493605
ergo_adaptive,107.75,1.4701243343837682e-5,0.004149501260437837
ergo_adaptive,107.83333333333337,6.114706908321051e-6,0.00415901193677169
ergo_adaptive,107.91666666666663,0.0,0.004168231350203098
ergo_adaptive,108.0,1.070072195566837e-5,0.0041792278332463545
ergo_adaptive,108.08333333333337,0.0,0.004189710872223372
ergo_adaptive,108.16666666666663,2.5119193020987886e-6,0.0042015066740778385
ergo_adaptive,108.25,2.2097480815240506e-5,0.004211478224149171
ergo_adaptive,108.33333333333337,2.0883779719847424e-5,0.004219440019137674
ergo_adaptive,108.41666666666663,0.00011647981311281241,0.004226615890442145
ergo_adaptive,108.5,7.835133043413864e-5,0.004229609140414408
ergo_adaptive,108.58333333333337,3.762840488242818e-5,0.004236250039682294
ergo_adaptive,108.66666666666663,5.411153815716616e-5,0.004245511389010084
ergo_adaptive,108.75,5.161612592229891e-5,0.004254740999591389
ergo_adaptive,108.83333333333337,0.0001816671742083273,0.004264241071885626
ergo_adaptive,108.91666666666663,5.402477462793791e-5,0.004269213165001223
ergo_adaptive,109.0,3.622510438104294e-5,0.004276989618378373
ergo_adaptive,109.08333333333337,0.0001943971064818719,0.00428813678157529
ergo_adaptive,109.16666666666663,0.0002461001513307536,0.004297701672696804
ergo_adaptive,109.25,0.00020728582772175553,0.004304284236002634
ergo_adaptive,109.33333333333337,0.0002451565212520984,0.004313805810182036
ergo_adaptive,109.41666666666663,0.00031382019753172636,0.00432310529303633
ergo_adaptive,109.5,0.0001715650971385532,0.0043332651954345125
ergo_adaptive,109.58333333333337,6.943964982252513e-5,0.004341030194194626
ergo_adaptive,109.66666666666663,3.689849068242239e-5,0.004350149588022363
ergo_adaptive,109.75,9.544616789023619e-6,0.004360297183566289
ergo_adaptive,109.83333333333337,0.0,0.004367285542358177
ergo_adaptive,109.91666666666663,0.0,0.00437647178390143
ergo_adaptive,110.0,0.0,0.004386953915756628
ergo_adaptive,110.08333333333337,0.0,0.004398111573177945
ergo_adaptive,110.16666666666663,0.0,0.0044110484603767895
ergo_adaptive,110.25,0.0,0.0044258337761683446
ergo_adaptive,110.33333333333337,0.0,0.004441441761731094
ergo_adaptive,110.41666666666663,0.0,0.004456196131187607
ergo_adaptive,110.5,0.0,0.004471144327744678
ergo_adaptive,110.58333333333337,0.0,0.004486875852656248
ergo_adaptive,110.66666666666663,0.0,0.004501970190423085
ergo_adaptive,110.75,0.0,0.004516305313676846
ergo_adaptive,110.83333333333337,0.0,0.004531979691885318
ergo_adaptive,110.91666666666663,0.0,0.004548024894797953
ergo_adaptive,111.0,0.0,0.0045645407181009465
ergo_adaptive,111.08333333333337,0.0,0.004580955080125017
ergo_adaptive,111.16666666666663,0.0,0.004596641502247396
ergo_adaptive,111.25,0.0,0.004612045846504082
ergo_adaptive,111.33333333333337,0.0,0.004628358090740363
ergo_adaptive,111.41666666666663,0.0,0.004644733051184627
ergo_adaptive,111.5,0.0,0.004659014945405544
ergo_adaptive,111.58333333333337,0.0,0.0046738780293345585
ergo_adaptive,111.66666666666663,0.0,0.004689682521185693
ergo_adaptive,111.75,0.0,0.004705994267702596
ergo_adaptive,111.83333333333337,0.0,0.004722520967276732
ergo_adaptive,111.91666666666663,0.0,0.004739466995430504
ergo_adaptive,112.0,0.0,0.004757130146931318
ergo_adaptive,112.08333333333337,0.0,0.004775074510068299
ergo_adaptive,112.16666666666663,0.0,0.004794424354798224
ergo_adaptive,112.25,0.0,0.004812473422496904
ergo_adaptive,112.33333333333337,0.0,0.0048281471979302795
ergo_adaptive,112.41666666666663,0.0,0.0048429612589096635
ergo_adaptive,112.5,0.0,0.004860365391914113
ergo_adaptive,112.58333333333337,0.0,0.004878396573872659
ergo_adaptive,112.66666666666663,0.0,0.004896342743353983
ergo_adaptive,112.75,0.0,0.004913781185461879
ergo_adaptive,112.83333333333337,0.0,0.004931032022418456
ergo_adaptive,112.91666666666663,0.0,0.0049492828595025535
ergo_adaptive,113.0,0.0,0.0049687478112492
ergo_adaptive,113.08333333333337,0.0,0.004985536624871262
ergo_adaptive,113.16666666666663,0.0,0.005000138834056519
ergo_adaptive,113.25,0.0,0.0050144881549118335
ergo_adaptive,113.33333333333337,0.0,0.005029542980115223
ergo_adaptive,113.41666666666663,0.0,0.005045020106949748
ergo_adaptive,113.5,0.0,0.005060316884913528
ergo_adaptive,113.58333333333337,0.0,0.005075152091048315
ergo_adaptive,113.66666666666663,0.0,0.0050907117601544025
ergo_adaptive,113.75,0.0,0.0051088414849227645
ergo_adaptive,113.83333333333337,0.0,0.0051269124174849546
ergo_adaptive,113.91666666666663,0.0,0.005142278222883146
ergo_adaptive,114.0,0.0,0.005156307581730403
ergo_adaptive,114.08333333333337,0.0,0.005170677419017143
ergo_adaptive,114.16666666666663,0.0,0.005185916992693243
ergo_adaptive,114.25,0.0,0.005201739685872317
ergo_adaptive,114.33333333333337,0.0,0.00521735006614512
ergo_adaptive,114.41666666666663,0.0,0.005232801095180462
ergo_adaptive,114.5,0.0,0.005249004642066903
ergo_adaptive,114.58333333333337,0.0,0.005266951448171656
ergo_adaptive,114.66666666666663,0.0,0.0052835452316984995
ergo_adaptive,114.75,0.0,0.0052980123092144634
ergo_adaptive,114.83333333333337,0.0,0.0053120377746910105
ergo_adaptive,114.91666666666663,0.0,0.005326807055632338
ergo_adaptive,115.0,0.0,0.005342199067926873
ergo_adaptive,115.08333333333337,0.0,0.005357695995478187
ergo_adaptive,115.16666666666663,0.0,0.005373066488247378
ergo_adaptive,115.25,0.0,0.005388660633188582
ergo_adaptive,115.33333333333337,0.0,0.005405374497240763
ergo_adaptive,115.41666666666663,0.0,0.005423190400490047
ergo_adaptive,115.5,0.0,0.005439223158407597
ergo_adaptive,115.58333333333337,0.0,0.00545501467125987
ergo_adaptive,115.66666666666663,0.0,0.005471402353099551
ergo_adaptive,115.75,0.0,0.005488522084024115
ergo_adaptive,115.83333333333337,0.0,0.005506107514442612
ergo_adaptive,115.91666666666663,0.0,0.005525725266878744
ergo_adaptive,116.0,0.0,0.005545804455465798
ergo_adaptive,116.08333333333337,0.0,0.0055666263915162655
ergo_adaptive,116.16666666666663,0.0,0.005588407846764091
ergo_adaptive,116.25,0.0,0.005609698752237903
ergo_adaptive,116.33333333333337,0.0,0.005628738919160096
ergo_adaptive,116.41666666666663,0.0,0.0056462001438519925
ergo_adaptive,116.5,0.0,0.005663003365169508
ergo_adaptive,116.58333333333337,0.0,0.0056796815003118985
ergo_adaptive,116.66666666666663,0.0,0.0056965278832169395
ergo_adaptive,116.75,0.0,0.005712066852007751
ergo_adaptive,116.83333333333337,0.0,0.0057245379813590375
ergo_adaptive,116.91666666666663,0.0,0.00573515580618686
ergo_adaptive,117.0,0.0,0.005746115479129107
ergo_adaptive,117.08333333333337,0.0,0.005756686762587513
ergo_adaptive,117.16666666666663,0.0,0.005763771718471179
ergo_adaptive,117.25,0.0,0.005768400144815037
ergo_adaptive,117.33333333333337,0.0,0.0057736443221455165
ergo_adaptive,117.41666666666663,0.0,0.005782142653736446
ergo_adaptive,117.5,0.0,0.005788972944389001
ergo_adaptive,117.58333333333337,0.0,0.005792549833506208
ergo_adaptive,117.66666666666663,0.0,0.00579616794442748
ergo_adaptive,117.75,0.0,0.005803523276301211
ergo_adaptive,117.83333333333337,0.0,0.0058101210515817655
ergo_adaptive,117.91666666666663,0.0,0.005812988229210762
ergo_adaptive,118.0,0.0,0.0058151713960590025
ergo_adaptive,118.08333333333337,0.0,0.00582053794027385
ergo_adaptive,118.16666666666663,0.0,0.0058278426455845534
ergo_adaptive,118.25,0.0,0.005831748568477044
ergo_adaptive,118.33333333333337,0.0,0.0058341683978761745
ergo_adaptive,118.41666666666663,0.0,0.005838798364196251
ergo_adaptive,118.5,0.0,0.005846478202777787
ergo_adaptive,118.58333333333337,0.0,0.005852899157507018
ergo_adaptive,118.66666666666663,0.0,0.00585804958756028
ergo_adaptive,118.75,0.0,0.0058650676035185145
ergo_adaptive,118.83333333333337,0.0,0.00587484344271369
ergo_adaptive,118.91666666666663,0.0,0.005885143063382626
ergo_adaptive,119.0,0.0,0.005894299823551412
ergo_adaptive,119.08333333333337,0.0,0.005903758878348151
ergo_adaptive,119.16666666666663,0.0,0.00591518548370696
ergo_adaptive,119.25,0.0,0.00592794735926587
ergo_adaptive,119.33333333333337,0.0,0.005940471549379985
ergo_adaptive,119.41666666666663,0.0,0.0059530567543193335
ergo_adaptive,119.5,0.0,0.005966860997524183
ergo_adaptive,119.58333333333337,0.0,0.005981978815036706
ergo_adaptive,119.66666666666663,0.0,0.0059989858838777645
ergo_adaptive,119.75,0.0,0.006019760535519592
ergo_adaptive,119.83333333333337,0.0,0.006040454887339987
ergo_adaptive,119.91666666666663,0.0,0.006056447477693176
ergo_adaptive,120.0,0.0,0.006065696832780828
ergo_adaptive,120.08333333333337,0.0,0.006067976004045234
ergo_adaptive,120.16666666666663,0.0,0.006071184967386872
ergo_adaptive,120.25,0.0,0.0060798730077893225
ergo_adaptive,120.33333333333337,0.0,0.006092433020396195
ergo_adaptive,120.41666666666663,0.0,0.006102061265485257
ergo_adaptive,120.5,0.0,0.006114345193341485
ergo_adaptive,120.58333333333337,0.0,0.0061286163028756255
ergo_adaptive,120.66666666666663,0.0,0.006140375032110993
ergo_adaptive,120.75,0.0,0.006159114170193914
ergo_adaptive,120.83333333333337,0.0,0.00617220046270354
ergo_adaptive,120.91666666666663,0.0,0.0061889474340639725
ergo_adaptive,121.0,0.0,0.006209257390336906
ergo_adaptive,121.08333333333337,0.0,0.006227231341586103
ergo_adaptive,121.16666666666663,0.0,0.006237182013950096
ergo_adaptive,121.25,0.0,0.006253582009867516
ergo_adaptive,121.33333333333337,0.0,0.006270241239617933
ergo_adaptive,121.41666666666663,0.0,0.006287234901359661
ergo_adaptive,121.5,0.0,0.006308468109908547
ergo_adaptive,121.58333333333337,0.0,0.006330078743311251
ergo_adaptive,121.66666666666663,0.0,0.0063516387252826444
ergo_adaptive,121.75,0.0,0.006373513112288926
ergo_adaptive,121.83333333333337,0.0,0.00639569523141026
ergo_adaptive,121.91666666666663,0.0,0.006419226044396286
ergo_adaptive,122.0,0.0,0.006443572904734093
ergo_adaptive,122.08333333333337,0.0,0.0064681839421414115
ergo_adaptive,122.16666666666663,0.0,0.006492014525716189
ergo_adaptive,122.25,0.0,0.006515268208524805
ergo_adaptive,122.33333333333337,0.0,0.006538638860530846
ergo_adaptive,122.41666666666663,0.0,0.006561227618516366
ergo_adaptive,122.5,0.0,0.0065835837085153484
ergo_adaptive,122.58333333333337,0.0,0.006603652695603369
ergo_adaptive,122.66666666666663,0.0,0.006624438851259943
ergo_adaptive,122.75,0.0,0.0066445488417216335
ergo_adaptive,122.83333333333337,0.0,0.006661997060723906
ergo_adaptive,122.91666666666663,0.0,0.006676675916041012
ergo_adaptive,123.0,0.0,0.006688359926433658
ergo_adaptive,123.08333333333337,0.0,0.006696595851301028
ergo_adaptive,123.16666666666663,0.0,0.006698561474792292
ergo_adaptive,123.25,0.0,0.006691557148856476
ergo_adaptive,123.33333333333337,0.0,0.00667816646894632
ergo_adaptive,123.41666666666663,0.0,0.006663418590289171
ergo_adaptive,123.5,0.0,0.006646700550002795
ergo_adaptive,123.58333333333337,0.0,0.00662310699258419
ergo_adaptive,123.66666666666663,0.0,0.006597801810585871
ergo_adaptive,123.75,0.0,0.006573154949194892
ergo_adaptive,123.83333333333337,0.0,0.006550173441975585
ergo_adaptive,123.91666666666663,0.0,0.006524539973332078
ergo_adaptive,124.0,0.0,0.006495005086463474
ergo_adaptive,124.08333333333337,0.0,0.006465642987159062
ergo_adaptive,124.16666666666663,0.0,0.006439492688108503
ergo_adaptive,124.25,0.0,0.006413476126071882
ergo_adaptive,124.33333333333337,0.0,0.006384523853401836
ergo_adaptive,124.41666666666663,0.0,0.006355250754680515
ergo_adaptive,124.5,0.0,0.006329574301678965
ergo_adaptive,124.58333333333337,0.0,0.006307749735098932
ergo_adaptive,124.66666666666663,0.0,0.006285691091725014
ergo_adaptive,124.75,0.0,0.006263738085695878
ergo_adaptive,124.83333333333337,0.0,0.006245214441230332
ergo_adaptive,124.91666666666663,0.0,0.00623084288506948
ergo_adaptive,125.0,0.0,0.006218233774109924
ergo_adaptive,125.08333333333337,0.0,0.0062102675176568265
ergo_adaptive,125.16666666666663,0.0,0.0062080493289966105
ergo_adaptive,125.25,0.0,0.006208804109007921
ergo_adaptive,125.33333333333337,0.0,0.0062112050343295176
ergo_adaptive,125.41666666666663,0.0,0.006213972423724691
ergo_adaptive,125.5,0.0,0.0062174897030011665
ergo_adaptive,125.58333333333337,0.0,0.006222561412180711
ergo_adaptive,125.66666666666663,0.0,0.0062286540740612425
ergo_adaptive,125.75,0.0,0.00623449155665057
ergo_adaptive,125.83333333333337,0.0,0.006239978445324499
ergo_adaptive,125.91666666666663,0.0,0.006246942815623026
ergo_adaptive,126.0,0.0,0.006256905211286473
ergo_adaptive,126.08333333333337,0.0,0.006266877667137643
ergo_adaptive,126.16666666666663,0.0,0.006275707916635976
ergo_adaptive,126.25,0.0,0.006284481040411218
ergo_adaptive,126.33333333333337,0.0,0.006294222519496154
ergo_adaptive,126.41666666666663,0.0,0.006304385402094664
ergo_adaptive,126.5,0.0,0.006312703092800867
ergo_adaptive,126.58333333333337,0.0,0.006320236926452732
ergo_adaptive,126.66666666666663,0.0,0.006328972508308948
ergo_adaptive,126.75,0.0,0.006338176656588327
ergo_adaptive,126.83333333333337,0.0,0.006345387906423987
ergo_adaptive,126.91666666666663,0.0,0.006351687503593943
ergo_adaptive,127.0,0.0,0.006359037171910709
ergo_adaptive,127.08333333333337,0.0,0.006368415909517622
ergo_adaptive,127.16666666666663,0.0,0.006375084561574196
ergo_adaptive,127.25,0.0,0.00637876479615437
ergo_adaptive,127.33333333333337,0.0,0.0063827896481339986
ergo_adaptive,127.41666666666663,0.0,0.006390302413937041
ergo_adaptive,127.5,0.0,0.006396039658027227
ergo_adaptive,127.58333333333337,0.0,0.006397653719538805
ergo_adaptive,127.66666666666663,0.0,0.00639844738797831
ergo_adaptive,127.75,0.0,0.0064021895837911725
ergo_adaptive,127.83333333333337,0.0,0.006406870716378347
ergo_adaptive,127.91666666666663,0.0,0.006407318918351708
ergo_adaptive,128.0,0.0,0.0064055681090133005
ergo_adaptive,128.08333333333337,0.0,0.006405620905888409
ergo_adaptive,128.16666666666663,0.0,0.006408594361616438
ergo_adaptive,128.25,0.0,0.006409062990855784
ergo_adaptive,128.33333333333337,0.0,0.006406361300963372
ergo_adaptive,128.41666666666663,0.0,0.006404090403662552
ergo_adaptive,128.5,0.0,0.006404320468551223
ergo_adaptive,128.58333333333337,0.0,0.006403524844850336
ergo_adaptive,128.66666666666663,0.0,0.006399326207310339
ergo_adaptive,128.75,0.0,0.0063940728328328944
ergo_adaptive,128.83333333333337,0.0,0.006390434428338818
ergo_adaptive,128.91666666666663,0.0,0.006387049263685145
ergo_adaptive,129.0,0.0,0.006381210575578883
ergo_adaptive,129.08333333333337,0.0,0.006373762001979599
ergo_adaptive,129.16666666666663,0.0,0.006367328848695233
ergo_adaptive,129.25,0.0,0.006362312567041896
ergo_adaptive,129.33333333333337,0.0,0.006356693782380296
ergo_adaptive,129.41666666666663,0.0,0.0063499689052278095
ergo_adaptive,129.5,0.0,0.006343972528116874
ergo_adaptive,129.58333333333337,0.0,0.006339876994932709
ergo_adaptive,129.66666666666663,0.0,0.006336314158898835
ergo_adaptive,129.75,0.0,0.0063318567273109505
ergo_adaptive,129.83333333333337,0.0,0.006327390034226369
ergo_adaptive,129.91666666666663,0.0,0.00632439607489347
ergo_adaptive,130.0,0.0,0.006322205575835609
ergo_adaptive,130.08333333333337,0.0,0.006319131505286373
ergo_adaptive,130.16666666666663,0.0,0.006315327447136597
ergo_adaptive,130.25,0.0,0.006312428234195016
ergo_adaptive,130.33333333333337,0.0,0.006310700711942433
ergo_adaptive,130.41666666666663,0.0,0.006308743455761076
ergo_adaptive,130.5,0.0,0.006306111246062011
ergo_adaptive,130.58333333333337,0.0,0.006304049330170456
ergo_adaptive,130.66666666666663,0.0,0.006303242112536454
ergo_adaptive,130.75,0.0,0.006302473088743465
ergo_adaptive,130.83333333333337,0.0,0.006300494171866286
ergo_adaptive,130.91666666666663,0.0,0.006297957085253123
ergo_adaptive,131.0,0.0,0.0062984540953643425
ergo_adaptive,131.08333333333337,0.0,0.006299950015096118
ergo_adaptive,131.16666666666663,0.0,0.006305593567303295
ergo_adaptive,131.25,0.0,0.006318070316309964
ergo_adaptive,131.33333333333337,0.0,0.0063374955155147865
ergo_adaptive,131.41666666666663,0.0,0.006357577167534832
ergo_adaptive,131.5,0.0,0.006377817965323563
ergo_adaptive,131.58333333333337,0.0,0.006397878124070666
ergo_adaptive,131.66666666666663,0.0,0.006417568566359186
ergo_adaptive,131.75,0.0,0.006436790242757392
ergo_adaptive,131.83333333333337,0.0,0.006455495831772318
ergo_adaptive,131.91666666666663,0.0,0.006473668848053969
ergo_adaptive,132.0,0.0,0.0064913119071828415
ergo_adaptive,132.08333333333337,0.0,0.00650843964097299
ergo_adaptive,132.16666666666663,0.0,0.006525074091280826
ergo_adaptive,132.25,0.0,0.00654124154936834
ergo_adaptive,132.33333333333337,0.0,0.006556970330014194
ergo_adaptive,132.41666666666663,0.0,0.006572289203272961
ergo_adaptive,132.5,0.0,0.006588774453701645
ergo_adaptive,132.58333333333337,0.0,0.00660517806543157
ergo_adaptive,132.66666666666663,0.0,0.006621240826609595
ergo_adaptive,132.75,0.0,0.00663698611682753
ergo_adaptive,132.83333333333337,0.0,0.006652435168465223
ergo_adaptive,132.91666666666663,0.0,0.006667607080824883
ergo_adaptive,133.0,0.0,0.006682518903668828
ergo_adaptive,133.08333333333337,0.0,0.00669803997660555
ergo_adaptive,133.16666666666663,0.0,0.006713550330181665
ergo_adaptive,133.25,0.0,0.006728829296461359
ergo_adaptive,133.33333333333337,0.0,0.006744294423466299
ergo_adaptive,133.41666666666663,0.0,0.006760706849494287
ergo_adaptive,133.5,0.0,0.006776904998234702
ergo_adaptive,133.58333333333337,0.0,0.006792896105674637
ergo_adaptive,133.66666666666663,0.0,0.006808686496117901
ergo_adaptive,133.75,0.0,0.006824281699417702
ergo_adaptive,133.83333333333337,0.0,0.0068396865553591165
ergo_adaptive,133.91666666666663,0.0,0.006854905305923179
ergo_adaptive,134.0,0.0,0.00686010445868661
ergo_adaptive,134.08333333333337,0.0,0.006854470033095671
ergo_adaptive,134.16666666666663,0.0,0.006836430508173211
ergo_adaptive,134.25,0.0,0.0068071509491448075
ergo_adaptive,134.33333333333337,0.0,0.006769702687312258
ergo_adaptive,134.41666666666663,0.0,0.006730576763413147
ergo_adaptive,134.5,0.0,0.006693899448576665
ergo_adaptive,134.58333333333337,0.0,0.006653930887708254
ergo_adaptive,134.66666666666663,0.0,0.006605118524649607
ergo_adaptive,134.75,0.0,0.006552286649381487
ergo_adaptive,134.83333333333337,0.0,0.0065042491473840305
ergo_adaptive,134.91666666666663,0.0,0.006457988300171087
ergo_adaptive,135.0,0.0,0.006423946394427005
ergo_adaptive,135.08333333333337,0.0,0.0064055402642991185
ergo_adaptive,135.16666666666663,0.0,0.0063961757615440505
ergo_adaptive,135.25,0.0,0.0063905257791991455
ergo_adaptive,135.33333333333337,0.0,0.006385992357938353
ergo_adaptive,135.41666666666663,0.0,0.006381078918439613
ergo_adaptive,135.5,0.0,0.006374439694098279
ergo_adaptive,135.58333333333337,0.0,0.006364951624353586
ergo_adaptive,135.66666666666663,0.0,0.00635268914841665
ergo_adaptive,135.75,0.0,0.006339010183068509
ergo_adaptive,135.83333333333337,0.0,0.006325506724977393
ergo_adaptive,135.91666666666663,0.0,0.006313102748700147
ergo_adaptive,136.0,0.0,0.00629763490453583
ergo_adaptive,136.08333333333337,0.0,0.00627036572565623
ergo_adaptive,136.16666666666663,0.0,0.0062331656252277365
ergo_adaptive,136.25,0.0,0.006188199915236787
ergo_adaptive,136.33333333333337,0.0,0.006138826912200913
ergo_adaptive,136.41666666666663,0.0,0.0060891131364842485
ergo_adaptive,136.5,0.0,0.006041002808826718
ergo_adaptive,136.58333333333337,0.0,0.0059848163212983165
ergo_adaptive,136.66666666666663,0.0,0.005911938079499474
ergo_adaptive,136.75,0.0,0.005836877921723745
ergo_adaptive,136.83333333333337,0.0,0.005773943033899228
ergo_adaptive,136.91666666666663,0.0,0.0057180023998299155
ergo_adaptive,137.0,0.0,0.005660074790065956
ergo_adaptive,137.08333333333337,0.0,0.005595572437539904
ergo_adaptive,137.16666666666663,0.0,0.005538545740321156
ergo_adaptive,137.25,0.0,0.005489751630575163
ergo_adaptive,137.33333333333337,0.0,0.005445549801501423
ergo_adaptive,137.41666666666663,0.0,0.005402217734834584
ergo_adaptive,137.5,0.0,0.005360441784576709
ergo_adaptive,137.58333333333337,0.0,0.005325111124328514
ergo_adaptive,137.66666666666663,0.0,0.0052952534041884975
ergo_adaptive,137.75,0.0,0.005268172194691346
ergo_adaptive,137.83333333333337,0.0,0.005242487247371536
ergo_adaptive,137.91666666666663,0.0,0.005220705810605989
ergo_adaptive,138.0,0.0,0.005207516079462361
ergo_adaptive,138.08333333333337,0.0,0.005196009033689952
ergo_adaptive,138.16666666666663,0.0,0.005183321579501087
ergo_adaptive,138.25,0.0,0.00517118872593866
ergo_adaptive,138.33333333333337,0.0,0.005161818352102201
ergo_adaptive,138.41666666666663,0.0,0.005155179494707055
ergo_adaptive,138.5,0.0,0.0051460208949551545
ergo_adaptive,138.58333333333337,0.0,0.005135051515328927
ergo_adaptive,138.66666666666663,0.0,0.0051279468658555
ergo_adaptive,138.75,0.0,0.005126421549427944
ergo_adaptive,138.83333333333337,0.0,0.005122254049585291
ergo_adaptive,138.91666666666663,0.0,0.0051148446856648985
ergo_adaptive,139.0,0.0,0.005109487942641293
ergo_adaptive,139.08333333333337,0.0,0.005109103481442682
ergo_adaptive,139.16666666666663,0.0,0.005109318392029768
ergo_adaptive,139.25,0.0,0.005105855600991343
ergo_adaptive,139.33333333333337,0.0,0.005101835029851708
ergo_adaptive,139.41666666666663,0.0,0.0051009883608436665
ergo_adaptive,139.5,0.0,0.005102578152915076
ergo_adaptive,139.58333333333337,0.0,0.005104504026087601
ergo_adaptive,139.66666666666663,0.0,0.005105335803720394
ergo_adaptive,139.75,0.0,0.00510822738252023
ergo_adaptive,139.83333333333337,0.0,0.005113401710820553
ergo_adaptive,139.91666666666663,0.0,0.005118988605618751
ergo_adaptive,140.0,0.0,0.005125035407292466
ergo_adaptive,140.08333333333337,0.0,0.0051322030791998855
ergo_adaptive,140.16666666666663,0.0,0.005141102811016494
ergo_adaptive,140.25,0.0,0.005150841529795657
ergo_adaptive,140.33333333333337,0.0,0.005160105033716637
ergo_adaptive,140.41666666666663,0.0,0.005169085978292041
ergo_adaptive,140.5,0.0,0.005178919590392587
ergo_adaptive,140.58333333333337,0.0,0.005189749540264075
ergo_adaptive,140.66666666666663,0.0,0.0052007044673838786
ergo_adaptive,140.75,0.0,0.005211707089984484
ergo_adaptive,140.83333333333337,0.0,0.0052237020921210384
ergo_adaptive,140.91666666666663,0.0,0.005236976298779541
ergo_adaptive,141.0,0.0,0.005250495480496251
ergo_adaptive,141.08333333333337,0.0,0.0052640161464562185
ergo_adaptive,141.16666666666663,0.0,0.005278296452533124
ergo_adaptive,141.25,0.0,0.005292957375794634
ergo_adaptive,141.33333333333337,0.0,0.005308191299618661
ergo_adaptive,141.41666666666663,0.0,0.0053262353418949224
ergo_adaptive,141.5,0.0,0.005344072361601228
ergo_adaptive,141.58333333333337,0.0,0.005357717488591531
ergo_adaptive,141.66666666666663,0.0,0.005365875185144649
ergo_adaptive,141.75,0.0,0.005366697603851517
ergo_adaptive,141.83333333333337,0.0,0.005358205746904854
ergo_adaptive,141.91666666666663,0.0,0.005343720686485052
ergo_adaptive,142.0,0.0,0.005328163696371711
ergo_adaptive,142.08333333333337,0.0,0.005310396304694034
ergo_adaptive,142.16666666666663,0.0,0.005285949157535279
ergo_adaptive,142.25,0.0,0.005255880859828404
ergo_adaptive,142.33333333333337,0.0,0.0052243157589277455
ergo_adaptive,142.41666666666663,0.0,0.005191893678676217
ergo_adaptive,142.5,0.0,0.005154998495311784
ergo_adaptive,142.58333333333337,0.0,0.00511227114825892
ergo_adaptive,142.66666666666663,0.0,0.005071442816967488
ergo_adaptive,142.75,0.0,0.005033572951248223
ergo_adaptive,142.83333333333337,0.0,0.004994696678689647
ergo_adaptive,142.91666666666663,0.0,0.0049494190792741125
ergo_adaptive,143.0,0.0,0.004898503465075859
ergo_adaptive,143.08333333333337,0.0,0.0048489387801302925
ergo_adaptive,143.16666666666663,0.0,0.004803644391426047
ergo_adaptive,143.25,0.0,0.004747675084162885
ergo_adaptive,143.33333333333337,0.0,0.004677450507218279
ergo_adaptive,143.41666666666663,0.0,0.0046106546606704156
ergo_adaptive,143.5,0.0,0.004555147778288552
ergo_adaptive,143.58333333333337,0.0,0.004493766404813219
ergo_adaptive,143.66666666666663,0.0,0.004418915987009952
ergo_adaptive,143.75,0.0,0.004337757705976921
ergo_adaptive,143.83333333333337,0.0,0.004259292213690346
ergo_adaptive,143.91666666666663,0.0,0.004184445740244298
ergo_adaptive,144.0,0.0,0.004106293900121937
ergo_adaptive,144.08333333333337,0.0,0.0040236483728003656
ergo_adaptive,144.16666666666663,0.0,0.003953984447225111
ergo_adaptive,144.25,0.0,0.0039030818869042454
ergo_adaptive,144.33333333333337,0.0,0.0038567430419108074
ergo_adaptive,144.41666666666663,0.0,0.003803833514047556
ergo_adaptive,144.5,0.0,0.0037559439684906244
ergo_adaptive,144.58333333333337,0.0,0.0037230163284656757
ergo_adaptive,144.66666666666663,0.0,0.003698927035286417
ergo_adaptive,144.75,0.0,0.003673378406592044
ergo_adaptive,144.83333333333337,0.0,0.0036471091665556798
ergo_adaptive,144.91666666666663,0.0,0.0036382643415188505
ergo_adaptive,145.0,0.0,0.003636250938861445
ergo_adaptive,145.08333333333337,0.0,0.003639421715766839
ergo_adaptive,145.16666666666663,0.0,0.0036455940869220887
ergo_adaptive,145.25,0.0,0.0036541167136545827
ergo_adaptive,145.33333333333337,0.0,0.003666201850948323
ergo_adaptive,145.41666666666663,0.0,0.003683128731515069
ergo_adaptive,145.5,0.0,0.0037011935154831993
ergo_adaptive,145.58333333333337,0.0,0.0037177138498245507
ergo_adaptive,145.66666666666663,0.0,0.0037344408694614316
ergo_adaptive,145.75,0.0,0.003752935867467697
ergo_adaptive,145.83333333333337,0.0,0.003772622303620868
ergo_adaptive,145.91666666666663,0.0,0.003792333007477994
ergo_adaptive,146.0,0.0,0.0038119795464707992
ergo_adaptive,146.08333333333337,0.0,0.0038320756831027006
ergo_adaptive,146.16666666666663,0.0,0.0038531052479252336
ergo_adaptive,146.25,0.0,0.003874850804396529
ergo_adaptive,146.33333333333337,0.0,0.0038972987203319135
ergo_adaptive,146.41666666666663,0.0,0.003919450548209617
ergo_adaptive,146.5,0.0,0.003941927000851784
ergo_adaptive,146.58333333333337,0.0,0.003965264073468367
ergo_adaptive,146.66666666666663,0.0,0.003987718013884738
ergo_adaptive,146.75,0.0,0.004009877674271771
ergo_adaptive,146.83333333333337,0.0,0.004032410777192321
ergo_adaptive,146.91666666666663,0.0,0.0040553227359825285
ergo_adaptive,147.0,0.0,0.004078552211434718
ergo_adaptive,147.08333333333337,0.0,0.004101603370177827
ergo_adaptive,147.16666666666663,0.0,0.004124611815213851
ergo_adaptive,147.25,0.0,0.004149328971391478
ergo_adaptive,147.33333333333337,0.0,0.00417491705284235
ergo_adaptive,147.41666666666663,0.0,0.00420064320108432
ergo_adaptive,147.5,0.0,0.004224633350353358
ergo_adaptive,147.58333333333337,0.0,0.004247603537138884
ergo_adaptive,147.66666666666663,0.0,0.004272075763038558
ergo_adaptive,147.75,0.0,0.004298042772168803
ergo_adaptive,147.83333333333337,0.0,0.004323539121432832
ergo_adaptive,147.91666666666663,0.0,0.004348091697574025
ergo_adaptive,148.0,0.0,0.004372537402336229
ergo_adaptive,148.08333333333337,0.0,0.004397421989534108
ergo_adaptive,148.16666666666663,0.0,0.004423278155953643
ergo_adaptive,148.25,0.0,0.0044492138060675595
ergo_adaptive,148.33333333333337,0.0,0.004474816590513587
ergo_adaptive,148.41666666666663,0.0,0.004500743955785835
ergo_adaptive,148.5,0.0,0.004527432161492053
ergo_adaptive,148.58333333333337,0.0,0.004553596754224735
ergo_adaptive,148.66666666666663,0.0,0.004578531712146088
ergo_adaptive,148.75,0.0,0.004603296865295379
ergo_adaptive,148.83333333333337,0.0,0.004629959911704605
ergo_adaptive,148.91666666666663,0.0,0.004657583842596762
ergo_adaptive,149.0,0.0,0.004683908911728458
ergo_adaptive,149.08333333333337,0.0,0.0047097439871631825
ergo_adaptive,149.16666666666663,0.0,0.004736111476970622
ergo_adaptive,149.25,0.0,0.004762987301968109
ergo_adaptive,149.33333333333337,0.0,0.004789645135364988
ergo_adaptive,149.41666666666663,0.0,0.004815978833864593
ergo_adaptive,149.5,0.0,0.004842449350997791
ergo_adaptive,149.58333333333337,0.0,0.004869315696803343
ergo_adaptive,149.66666666666663,0.0,0.004896304657871061
ergo_adaptive,149.75,0.0,0.004923145344056565
ergo_adaptive,149.83333333333337,0.0,0.00495000698534362
ergo_adaptive,149.91666666666663,0.0,0.004977184576736085
ergo_adaptive,150.0,0.0,0.005004577752182442
ergo_adaptive,150.08333333333337,0.0,0.005031878770788278
ergo_adaptive,150.16666666666663,0.0,0.005059129149207706
ergo_adaptive,150.25,0.0,0.005087401337725043
ergo_adaptive,150.33333333333337,0.0,0.0051156061480178315
ergo_adaptive,150.41666666666663,0.0,0.00514357525112675
ergo_adaptive,150.5,0.0,0.005171366817970728
ergo_adaptive,150.58333333333337,0.0,0.005198441590404358
ergo_adaptive,150.66666666666663,0.0,0.00522526264431387
ergo_adaptive,150.75,0.0,0.005250958310705989
ergo_adaptive,150.83333333333337,0.0,0.0052763244666260865
ergo_adaptive,150.91666666666663,0.0,0.005301728007996465
ergo_adaptive,151.0,0.0,0.005326130575209719
ergo_adaptive,151.08333333333337,0.0,0.005351278003623518
ergo_adaptive,151.16666666666663,0.0,0.0053752203918766926
ergo_adaptive,151.25,0.0,0.005399706968736682
ergo_adaptive,151.33333333333337,0.0,0.005424430666767921
ergo_adaptive,151.41666666666663,0.0,0.005449271486632881
ergo_adaptive,151.5,0.0,0.0054723939615440595
ergo_adaptive,151.58333333333337,0.0,0.005495716788721257
ergo_adaptive,151.66666666666663,0.0,0.005519266465792703
ergo_adaptive,151.75,0.0,0.005540823792491262
ergo_adaptive,151.83333333333337,0.0,0.005562655356407752
ergo_adaptive,151.91666666666663,0.0,0.005584835313026093
ergo_adaptive,152.0,0.0,0.005606628450716772
ergo_adaptive,152.08333333333337,0.0,0.005626259877793409
ergo_adaptive,152.16666666666663,0.0,0.0056493998683124404
ergo_adaptive,152.25,0.0,0.005670675958972332
ergo_adaptive,152.33333333333337,0.0,0.005692578042309581
ergo_adaptive,152.41666666666663,0.0,0.00571511717715498
ergo_adaptive,152.5,0.0,0.005736822924849929
ergo_adaptive,152.58333333333337,0.0,0.005759211689510361
ergo_adaptive,152.66666666666663,0.0,0.005782201917589301
ergo_adaptive,152.75,0.0,0.005805951159077896
ergo_adaptive,152.83333333333337,0.0,0.005827377248113063
ergo_adaptive,152.91666666666663,0.0,0.005849386499389433
ergo_adaptive,153.0,0.0,0.0058718574392495945
ergo_adaptive,153.08333333333337,0.0,0.005890793944533432
ergo_adaptive,153.16666666666663,0.0,0.00591028868801124
ergo_adaptive,153.25,0.0,0.005930157255734967
ergo_adaptive,153.33333333333337,0.0,0.005950321689595328
ergo_adaptive,153.41666666666663,0.0,0.005970532844873171
ergo_adaptive,153.5,0.0,0.005986956605256501
ergo_adaptive,153.58333333333337,0.0,0.00600431078935979
ergo_adaptive,153.66666666666663,0.0,0.006022261253358604
ergo_adaptive,153.75,0.0,0.006038837646295584
ergo_adaptive,153.83333333333337,0.0,0.0060542121291092725
ergo_adaptive,153.91666666666663,0.0,0.006070423898836283
ergo_adaptive,154.0,0.0,0.006087526183797398
ergo_adaptive,154.08333333333337,0.0,0.006105243596294246
ergo_adaptive,154.16666666666663,0.0,0.006120980667746237
ergo_adaptive,154.25,0.0,0.006137806527614252
ergo_adaptive,154.33333333333337,0.0,0.0061552763648770855
ergo_adaptive,154.41666666666663,0.0,0.006173247542854079
ergo_adaptive,154.5,0.0,0.006191568426195302
ergo_adaptive,154.58333333333337,0.0,0.006208333553229261
ergo_adaptive,154.66666666666663,0.0,0.006225827396055782
ergo_adaptive,154.75,0.0,0.006243673336454977
ergo_adaptive,154.83333333333337,0.0,0.00626154225927745
ergo_adaptive,154.91666666666663,0.0,0.006277790163896841
ergo_adaptive,155.0,0.0,0.006294564909819312
ergo_adaptive,155.08333333333337,0.0,0.006311582338978127
ergo_adaptive,155.16666666666663,0.0,0.006328697836783618
ergo_adaptive,155.25,0.0,0.006345815418381697
ergo_adaptive,155.33333333333337,0.0,0.006362869506861528
ergo_adaptive,155.41666666666663,0.0,0.006379813121688104
ergo_adaptive,155.5,0.0,0.0063966084886372095
ergo_adaptive,155.58333333333337,0.0,0.006413213207421633
ergo_adaptive,155.66666666666663,0.0,0.006429498720520549
ergo_adaptive,155.75,0.0,0.006442104580601023
ergo_adaptive,155.83333333333337,0.0,0.006455302056224473
ergo_adaptive,155.91666666666663,0.0,0.00646891781100551
ergo_adaptive,156.0,0.0,0.006482813879552579
ergo_adaptive,156.08333333333337,0.0,0.006496782274789905
ergo_adaptive,156.16666666666663,0.0,0.00650688816258446
ergo_adaptive,156.25,0.0,0.006518544249738024
ergo_adaptive,156.33333333333337,0.0,0.0065317967035745505
ergo_adaptive,156.41666666666663,0.0,0.006542272605552254
ergo_adaptive,156.5,0.0,0.006555108055418139
ergo_adaptive,156.58333333333337,0.0,0.006565979447299931
ergo_adaptive,156.66666666666663,0.0,0.006579250309754276
ergo_adaptive,156.75,0.0,0.006590868731822295
ergo_adaptive,156.83333333333337,0.0,0.0066042325776000735
ergo_adaptive,156.91666666666663,0.0,0.006618167936015401
ergo_adaptive,157.0,0.0,0.006632172755141644
ergo_adaptive,157.08333333333337,0.0,0.00664721161819247
ergo_adaptive,157.16666666666663,0.0,0.006663126048941492
ergo_adaptive,157.25,0.0,0.006679077279533702
ergo_adaptive,157.33333333333337,0.0,0.006689802193782612
ergo_adaptive,157.41666666666663,0.0,0.006703960855951707
ergo_adaptive,157.5,0.0,0.006716435553927263
ergo_adaptive,157.58333333333337,0.0,0.00673008744731793
ergo_adaptive,157.66666666666663,0.0,0.006745509780238565
ergo_adaptive,157.75,0.0,0.006761368469441872
ergo_adaptive,157.83333333333337,0.0,0.006777559855223572
ergo_adaptive,157.91666666666663,0.0,0.006793942490990842
ergo_adaptive,158.0,0.0,0.006808124281257651
ergo_adaptive,158.08333333333337,0.0,0.006820429935145903
ergo_adaptive,158.16666666666663,0.0,0.0068337621255587545
ergo_adaptive,158.25,0.0,0.006847839776074866
ergo_adaptive,158.33333333333337,0.0,0.006862364972411869
ergo_adaptive,158.41666666666663,0.0,0.00687391690555772
ergo_adaptive,158.5,0.0,0.006883232642449738
ergo_adaptive,158.58333333333337,0.0,0.0068948519752833615
ergo_adaptive,158.66666666666663,0.0,0.006907694381263167
ergo_adaptive,158.75,0.0,0.0069214263997425035
ergo_adaptive,158.83333333333337,0.0,0.006935702615200213
ergo_adaptive,158.91666666666663,0.0,0.006947011849030488
ergo_adaptive,159.0,0.0,0.006956455405401567
ergo_adaptive,159.08333333333337,0.0,0.006969244755062949
ergo_adaptive,159.16666666666663,0.0,0.006982743962076325
ergo_adaptive,159.25,0.0,0.006996777475845127
ergo_adaptive,159.33333333333337,0.0,0.007011092751598259
ergo_adaptive,159.41666666666663,0.0,0.007022919863598659
ergo_adaptive,159.5,0.0,0.007034206402104026
ergo_adaptive,159.58333333333337,0.0,0.007046474927097355
ergo_adaptive,159.66666666666663,0.0,0.007059252669292688
ergo_adaptive,159.75,0.0,0.00707315026969344
ergo_adaptive,159.83333333333337,0.0,0.007087153301392475
ergo_adaptive,159.91666666666663,0.0,0.00710092367628214
ergo_adaptive,160.0,0.0,0.00711160877073828
ergo_adaptive,160.08333333333337,0.0,0.007121673096300994
ergo_adaptive,160.16666666666663,0.0,0.007132561474219594
ergo_adaptive,160.25,0.0,0.007143804117583822
ergo_adaptive,160.33333333333337,0.0,0.007155092918586442
ergo_adaptive,160.41666666666663,0.0,0.007165848065930027
ergo_adaptive,160.5,0.0,0.007172804453374828
ergo_adaptive,160.58333333333337,0.0,0.00718183793595607
ergo_adaptive,160.66666666666663,0.0,0.007191536686833537
ergo_adaptive,160.75,0.0,0.007201283057026531
ergo_adaptive,160.83333333333337,0.0,0.007209499624353373
ergo_adaptive,160.91666666666663,0.0,0.00721930502173774
ergo_adaptive,161.0,0.0,0.007228397099249177
ergo_adaptive,161.08333333333337,0.0,0.007237629790828267
ergo_adaptive,161.16666666666663,0.0,0.007243388157104706
ergo_adaptive,161.25,0.0,0.007251741464634482
ergo_adaptive,161.33333333333337,0.0,0.007261716017303861
ergo_adaptive,161.41666666666663,0.0,0.007272655975204525
ergo_adaptive,161.5,0.0,0.007284284965787425
ergo_adaptive,161.58333333333337,0.0,0.007296433375920662
ergo_adaptive,161.66666666666663,0.0,0.007309185673720891
ergo_adaptive,161.75,0.0,0.007322145327249396
ergo_adaptive,161.83333333333337,0.0,0.007335319817472423
ergo_adaptive,161.91666666666663,0.0,0.007348753279127269
ergo_adaptive,162.0,0.0,0.0073527588652214084
ergo_adaptive,162.08333333333337,0.0,0.007360671274706869
ergo_adaptive,162.16666666666663,0.0,0.007370094589346802
ergo_adaptive,162.25,0.0,0.007379957526212411
ergo_adaptive,162.33333333333337,0.0,0.007389796420159554
ergo_adaptive,162.41666666666663,0.0,0.0073994991772645975
ergo_adaptive,162.5,0.0,0.007408970706838116
ergo_adaptive,162.58333333333337,0.0,0.007418123647507713
ergo_adaptive,162.66666666666663,0.0,0.007426869728465918
ergo_adaptive,162.75,0.0,0.007435109778223248
ergo_adaptive,162.83333333333337,0.0,0.0074432677367723375
ergo_adaptive,162.91666666666663,0.0,0.007450637019853208
ergo_adaptive,163.0,0.0,0.007456876505916715
ergo_adaptive,163.08333333333337,0.0,0.007461479322294883
ergo_adaptive,163.16666666666663,0.0,0.0074643391453485365
ergo_adaptive,163.25,0.0,0.007465345600326584
ergo_adaptive,163.33333333333337,0.0,0.007466157932096235
ergo_adaptive,163.41666666666663,0.0,0.007460848233262333
ergo_adaptive,163.5,0.0,0.0074606181723529145
ergo_adaptive,163.58333333333337,0.0,0.007463035780581918
ergo_adaptive,163.66666666666663,0.0,0.007466835414273095
ergo_adaptive,163.75,0.0,0.007471183409846655
ergo_adaptive,163.83333333333337,0.0,0.007475361927095355
ergo_adaptive,163.91666666666663,0.0,0.007478780497572685
ergo_adaptive,164.0,0.0,0.007481421904062043
ergo_adaptive,164.08333333333337,0.0,0.00748334563936033
ergo_adaptive,164.16666666666663,0.0,0.007484311283987661
ergo_adaptive,164.25,0.0,0.00748514661300501
ergo_adaptive,164.33333333333337,0.0,0.007486456086569009
ergo_adaptive,164.41666666666663,0.0,0.007489163041755016
ergo_adaptive,164.5,0.0,0.0074928769176417056
ergo_adaptive,164.58333333333337,0.0,0.007497238698665547
ergo_adaptive,164.66666666666663,0.0,0.0075018930073038215
ergo_adaptive,164.75,0.0,0.007506528620909189
ergo_adaptive,164.83333333333337,0.0,0.007510875772704946
ergo_adaptive,164.91666666666663,0.0,0.007514732489146564
ergo_adaptive,165.0,0.0,0.007518419425123771
ergo_adaptive,165.08333333333337,0.0,0.007521536426528165
ergo_adaptive,165.16666666666663,0.0,0.007524383162053664
ergo_adaptive,165.25,0.0,0.007521985492460585
ergo_adaptive,165.33333333333337,0.0,0.00752344064364929
ergo_adaptive,165.41666666666663,0.0,0.007526286167652209
ergo_adaptive,165.5,0.0,0.007529416854117017
ergo_adaptive,165.58333333333337,0.0,0.007532177247207106
ergo_adaptive,165.66666666666663,0.0,0.007534188625572746
ergo_adaptive,165.75,0.0,0.007535330086030949
ergo_adaptive,165.83333333333337,0.0,0.007535692573078192
ergo_adaptive,165.91666666666663,0.0,0.007535469289186196
ergo_adaptive,166.0,0.0,0.007534864761917829
ergo_adaptive,166.08333333333337,0.0,0.007534052404485663
ergo_adaptive,166.16666666666663,0.0,0.007533160327499317
ergo_adaptive,166.25,0.0,0.0075322694863946904
ergo_adaptive,166.33333333333337,0.0,0.007531417618094829
ergo_adaptive,166.41666666666663,0.0,0.007530606232319764
ergo_adaptive,166.5,0.0,0.007529809118828809
ergo_adaptive,166.58333333333337,0.0,0.007528981249807102
ergo_adaptive,166.66666666666663,0.0,0.007528067211771012
ergo_adaptive,166.75,0.0,0.007527008563386266
ergo_adaptive,166.83333333333337,0.0,0.007525749795989316
ergo_adaptive,166.91666666666663,0.0,0.007524831998964555
ergo_adaptive,167.0,0.0,0.0075247712123770825
ergo_adaptive,167.08333333333337,0.0,0.007525572278064001
ergo_adaptive,167.16666666666663,0.0,0.007527082818505778
ergo_adaptive,167.25,0.0,0.007529120773241782
ergo_adaptive,167.33333333333337,0.0,0.00753151580991852
ergo_adaptive,167.41666666666663,0.0,0.007534119330028775
ergo_adaptive,167.5,0.0,0.007536803833418901
ergo_adaptive,167.58333333333337,0.0,0.007539459267606553
ergo_adaptive,167.66666666666663,0.0,0.007541989049684793
ergo_adaptive,167.75,0.0,0.007544306631102849
ergo_adaptive,167.83333333333337,0.0,0.007546332832190329
ergo_adaptive,167.91666666666663,0.0,0.007547993968082342
ergo_adaptive,168.0,0.0,0.007549220741214488
ergo_adaptive,168.08333333333337,0.0,0.007549947879748859
ergo_adaptive,168.16666666666663,0.0,0.007550114512772121
ergo_adaptive,168.25,0.0,0.007549665273206757
ergo_adaptive,168.33333333333337,0.0,0.007548552099677797
ergo_adaptive,168.41666666666663,0.0,0.007546736666157229
ergo_adaptive,168.5,0.0,0.007544193304247391
ergo_adaptive,168.58333333333337,0.0,0.007540912201918078
ergo_adaptive,168.66666666666663,0.0,0.007536902570799749
ergo_adaptive,168.75,0.0,0.0075321953786293885
ergo_adaptive,168.83333333333337,0.0,0.007526845151032398
ergo_adaptive,168.91666666666663,0.0,0.007520930267001756
ergo_adaptive,169.0,0.0,0.007514551124684858
ergo_adaptive,169.08333333333337,0.0,0.007507825579774091
ergo_adaptive,169.16666666666663,0.0,0.007500881231004073
ergo_adaptive,169.25,0.0,0.007493844539680307
ergo_adaptive,169.33333333333337,0.0,0.007486827476874258
ergo_adaptive,169.41666666666663,0.0,0.007479913295465288
ergo_adaptive,169.5,0.0,0.007473143799081233
ergo_adaptive,169.58333333333337,0.0,0.007466510696132353
ergo_adaptive,169.66666666666663,0.0,0.007459953097803527
ergo_adaptive,169.75,0.0,0.007453362239608683
ergo_adaptive,169.83333333333337,0.0,0.0074466540296678554
ergo_adaptive,169.91666666666663,0.0,0.0074435775811749405
ergo_adaptive,170.0,0.0,0.007441665242443998
ergo_adaptive,170.08333333333337,0.0,0.007438952049267848
ergo_adaptive,170.16666666666663,0.0,0.007436664572054866
ergo_adaptive,170.25,0.0,0.007434856666713941
ergo_adaptive,170.33333333333337,0.0,0.007433308837734934
ergo_adaptive,170.41666666666663,0.0,0.007431832578360695
ergo_adaptive,170.5,0.0,0.007430261423982187
ergo_adaptive,170.58333333333337,0.0,0.007428412968970812
ergo_adaptive,170.66666666666663,0.0,0.0074342325762216934
ergo_adaptive,170.75,0.0,0.00743264941319032
ergo_adaptive,170.83333333333337,0.0,0.007436982504620053
ergo_adaptive,170.91666666666663,0.0,0.007440294901130954
ergo_adaptive,171.0,0.0,0.007442684890189311
ergo_adaptive,171.08333333333337,0.0,0.00744420739398406
ergo_adaptive,171.16666666666663,0.0,0.00744489774159556
ergo_adaptive,171.25,0.0,0.00744478023716335
ergo_adaptive,171.33333333333337,0.0,0.0074438711164079895
ergo_adaptive,171.41666666666663,0.0,0.00744217913087156
ergo_adaptive,171.5,0.0,0.007439704860220649
ergo_adaptive,171.58333333333337,0.0,0.007436438947900808
ergo_adaptive,171.66666666666663,0.0,0.007432358858894577
ergo_adaptive,171.75,0.0,0.00742742295334863
ergo_adaptive,171.83333333333337,0.0,0.007421558809164937
ergo_adaptive,171.91666666666663,0.0,0.007414636851513835
ergo_adaptive,172.0,0.0,0.00740639413160809
ergo_adaptive,172.08333333333337,0.0,0.007396028287250889
ergo_adaptive,172.16666666666663,0.0,0.007390152955434204
ergo_adaptive,172.25,0.0,0.0073799790135817295
ergo_adaptive,172.33333333333337,0.0,0.007370062220049597
ergo_adaptive,172.41666666666663,0.0,0.007363778301098562
ergo_adaptive,172.5,0.0,0.007358943785464457
ergo_adaptive,172.58333333333337,0.0,0.007354601755899576
ergo_adaptive,172.66666666666663,0.0,0.0073502527938151775
ergo_adaptive,172.75,0.0,0.007345597992643211
ergo_adaptive,172.83333333333337,0.0,0.007340398474628591
ergo_adaptive,172.91666666666663,0.0,0.007334323459225179
ergo_adaptive,173.0,0.0,0.007326197661201734
ergo_adaptive,173.08333333333337,0.0,0.007322925023420009
ergo_adaptive,173.16666666666663,0.0,0.007318691057677604
ergo_adaptive,173.25,0.0,0.007314818815622636
ergo_adaptive,173.33333333333337,0.0,0.0073121767382454935
ergo_adaptive,173.41666666666663,0.0,0.007309993984132343
ergo_adaptive,173.5,0.0,0.007308104568413686
ergo_adaptive,173.58333333333337,0.0,0.007306350079448596
ergo_adaptive,173.66666666666663,0.0,0.007304578029660033
ergo_adaptive,173.75,0.0,0.007302582311457732
ergo_adaptive,173.83333333333337,0.0,0.00729986852649187
ergo_adaptive,173.91666666666663,0.0,0.007292715232610461
ergo_adaptive,174.0,0.0,0.007284212433597587
ergo_adaptive,174.08333333333337,0.0,0.007281338870637353
ergo_adaptive,174.16666666666663,0.0,0.007280661749752266
ergo_adaptive,174.25,0.0,0.007281016083272904
ergo_adaptive,174.33333333333337,0.0,0.0072818150591468355
ergo_adaptive,174.41666666666663,0.0,0.007282730173472167
ergo_adaptive,174.5,0.0,0.007283563446987568
ergo_adaptive,174.58333333333337,0.0,0.007284187341580449
ergo_adaptive,174.66666666666663,0.0,0.007284513183787589
ergo_adaptive,174.75,0.0,0.007284472842254635
ergo_adaptive,174.83333333333337,0.0,0.0072840068809063305
ergo_adaptive,174.91666666666663,0.0,0.007283055705161707
ergo_adaptive,175.0,0.0,0.007281551425702008
ergo_adaptive,175.08333333333337,0.0,0.0072794081777334835
ergo_adaptive,175.16666666666663,0.0,0.007276507187947731
ergo_adaptive,175.25,0.0,0.007272667625928485
ergo_adaptive,175.33333333333337,0.0,0.0072675733889415615
ergo_adaptive,175.41666666666663,0.0,0.007260500873784861
ergo_adaptive,175.5,0.0,0.0072472949052788714
ergo_adaptive,175.58333333333337,0.0,0.007225906188941008
ergo_adaptive,175.66666666666663,0.0,0.007206108365884242
ergo_adaptive,175.75,0.0,0.007187485831031428
ergo_adaptive,175.83333333333337,0.0,0.007169248026923926
ergo_adaptive,175.91666666666663,0.0,0.007150528822243142
ergo_adaptive,176.0,0.0,0.007130001870199831
ergo_adaptive,176.08333333333337,0.0,0.007104136912576721
ergo_adaptive,176.16666666666663,0.0,0.007062603227954914
ergo_adaptive,176.25,0.0,0.00702476752069713
ergo_adaptive,176.33333333333337,0.0,0.006982679457794209
ergo_adaptive,176.41666666666663,0.0,0.006928795296928823
ergo_adaptive,176.5,0.0,0.006890045537554776
ergo_adaptive,176.58333333333337,0.0,0.006862566619655875
ergo_adaptive,176.66666666666663,0.0,0.006841124042786502
ergo_adaptive,176.75,0.0,0.006824206987972926
ergo_adaptive,176.83333333333337,0.0,0.006820464095741349
ergo_adaptive,176.91666666666663,0.0,0.0068119136760261085
ergo_adaptive,177.0,0.0,0.00680170072659556
ergo_adaptive,177.08333333333337,0.0,0.00678390086382575
ergo_adaptive,177.16666666666663,0.0,0.00676486212326989
ergo_adaptive,177.25,0.0,0.006757450244496246
ergo_adaptive,177.33333333333337,0.0,0.006744581326743444
ergo_adaptive,177.41666666666663,0.0,0.006734839155066226
ergo_adaptive,177.5,0.0,0.006726466911881674
ergo_adaptive,177.58333333333337,0.0,0.00671898720990664
ergo_adaptive,177.66666666666663,0.0,0.006712076704476489
ergo_adaptive,177.75,0.0,0.006705475531299779
ergo_adaptive,177.83333333333337,0.0,0.006698965240242791
ergo_adaptive,177.91666666666663,0.0,0.0066923442350218095
ergo_adaptive,178.0,0.0,0.006685398293181024
ergo_adaptive,178.08333333333337,0.0,0.006677846479399228
ergo_adaptive,178.16666666666663,0.0,0.006669176714412201
ergo_adaptive,178.25,0.0,0.006657498236283041
ergo_adaptive,178.33333333333337,0.0,0.00664200075896907
ergo_adaptive,178.41666666666663,0.0,0.006628663009435116
ergo_adaptive,178.5,0.0,0.0066164643026205405
ergo_adaptive,178.58333333333337,0.0,0.006604816994960738
ergo_adaptive,178.66666666666663,0.0,0.00659317898791782
ergo_adaptive,178.75,0.0,0.006581095888652737
ergo_adaptive,178.83333333333337,0.0,0.006562410066281551
ergo_adaptive,178.91666666666663,0.0,0.006547044327406549
ergo_adaptive,179.0,0.0,0.006534597549297526
ergo_adaptive,179.08333333333337,0.0,0.006523350535233291
ergo_adaptive,179.16666666666663,0.0,0.006512040535608516
ergo_adaptive,179.25,0.0,0.006494846444964345
ergo_adaptive,179.33333333333337,0.0,0.006480862029091042
ergo_adaptive,179.41666666666663,0.0,0.0064710958781136465
ergo_adaptive,179.5,0.0,0.0064625376632079555
ergo_adaptive,179.58333333333337,0.0,0.006454579327671332
ergo_adaptive,179.66666666666663,0.0,0.006446731121580403
ergo_adaptive,179.75,0.0,0.006438188985551549
ergo_adaptive,179.83333333333337,0.0,0.006426163184089541
ergo_adaptive,179.91666666666663,0.0,0.006415912424180602
ergo_adaptive,180.0,0.0,0.0064070001792876224
ergo_adaptive,180.08333333333337,0.0,0.006398475825008466
ergo_adaptive,180.16666666666663,0.0,0.006389783548042404
ergo_adaptive,180.25,0.0,0.006381291686996022
ergo_adaptive,180.33333333333337,0.0,0.006373035776313925
ergo_adaptive,180.41666666666663,0.0,0.006364505643335017
ergo_adaptive,180.5,0.0,0.00635802624758682
ergo_adaptive,180.58333333333337,0.0,0.006353290438006017
ergo_adaptive,180.66666666666663,0.0,0.006349388721404418
ergo_adaptive,180.75,1.7401755515272232e-6,0.006346935680055889
ergo_adaptive,180.83333333333337,0.0,0.006319627497198943
ergo_adaptive,180.91666666666663,0.0,0.0062909812282491515
ergo_adaptive,181.0,0.0,0.006286094449189098
ergo_adaptive,181.08333333333337,0.0,0.006289218187253935
ergo_adaptive,181.16666666666663,0.0,0.006292673394027675
ergo_adaptive,181.25,0.0,0.00629683749697501
ergo_adaptive,181.33333333333337,0.0,0.006300787602498792
ergo_adaptive,181.41666666666663,0.0,0.006304445485448525
ergo_adaptive,181.5,0.0,0.006307801350026722
ergo_adaptive,181.58333333333337,0.0,0.006310874061073347
ergo_adaptive,181.66666666666663,0.0,0.006313696790734948
ergo_adaptive,181.75,0.0,0.006316310263241942
ergo_adaptive,181.83333333333337,0.0,0.006318760667406125
ergo_adaptive,181.91666666666663,0.0,0.006321224607682
ergo_adaptive,182.0,0.0,0.006323510101189684
ergo_adaptive,182.08333333333337,0.0,0.006324814988563517
ergo_adaptive,182.16666666666663,0.0,0.0063256367723619035
ergo_adaptive,182.25,0.0,0.00632616266150853
ergo_adaptive,182.33333333333337,0.0,0.00632649949864078
ergo_adaptive,182.41666666666663,0.0,0.006326712320265197
ergo_adaptive,182.5,0.0,0.006326841344832539
ergo_adaptive,182.58333333333337,0.0,0.00632691119180284
ergo_adaptive,182.66666666666663,0.0,0.006327963925704745
ergo_adaptive,182.75,0.0,0.006329033697657323
ergo_adaptive,182.83333333333337,0.0,0.006330066841504573
ergo_adaptive,182.91666666666663,0.0,0.006331063460321817
ergo_adaptive,183.0,0.0,0.006332021342784402
ergo_adaptive,183.08333333333337,0.0,0.006332936418875094
ergo_adaptive,183.16666666666663,0.0,0.006333802909172298
ergo_adaptive,183.25,0.0,0.006334613195944604
ergo_adaptive,183.33333333333337,0.0,0.006335357399909853
ergo_adaptive,183.41666666666663,0.0,0.006336022599698694
ergo_adaptive,183.5,0.0,0.00633659157271498
ergo_adaptive,183.58333333333337,0.0,0.006337040854116156
ergo_adaptive,183.66666666666663,0.0,0.006337337783799657
ergo_adaptive,183.75,0.0,0.006337435991675911
ergo_adaptive,183.83333333333337,0.0,0.006337268327888275
ergo_adaptive,183.91666666666663,0.0,0.006336735165076117
ergo_adaptive,184.0,0.0,0.00633568282676392
ergo_adaptive,184.08333333333337,0.0,0.006333855500043713
ergo_adaptive,184.16666666666663,0.0,0.006330749146574326
ergo_adaptive,184.25,0.0,0.00632481583581128
ergo_adaptive,184.33333333333337,0.0,0.00629975700161353
ergo_adaptive,184.41666666666663,0.0,0.00625773069061938
ergo_adaptive,184.5,0.0,0.006197304838096925
ergo_adaptive,184.58333333333337,0.00017380307493448626,0.006124465002954476
ergo_adaptive,184.66666666666663,1.7911425854593578e-5,0.006032148529339587
ergo_adaptive,184.75,6.497650099610938e-5,0.00592059106834505
ergo_adaptive,184.83333333333337,3.611980295179553e-5,0.005805275992648879
ergo_adaptive,184.91666666666663,0.0014258629814680446,0.005693741541476419
ergo_adaptive,185.0,0.0006582250218601982,0.005588894964988636
ergo_adaptive,185.08333333333337,0.0013944195044913617,0.005494406641110838
ergo_adaptive,185.16666666666663,0.001110968568657781,0.005413696888999542
ergo_adaptive,185.25,0.000760028429703342,0.005352430867334072
ergo_adaptive,185.33333333333337,0.0007867288371188884,0.005311786822348396
ergo_adaptive,185.41666666666663,0.0011740443489081348,0.005301310499113184
ergo_adaptive,185.5,0.001123333707966337,0.005305669656311711
ergo_adaptive,185.58333333333337,0.0009027779188811328,0.005312502830241956
ergo_adaptive,185.66666666666663,0.00022703173224608458,0.005325202027448627
ergo_adaptive,185.75,0.00015608549410671473,0.005341198395054419
ergo_adaptive,185.83333333333337,9.849493524370161e-5,0.00535722352307418
ergo_adaptive,185.91666666666663,8.775542549046596e-5,0.005369811707917857
ergo_adaptive,186.0,3.179501203079685e-5,0.005370623673759917
ergo_adaptive,186.08333333333337,1.334162844983366e-6,0.005359483145650444
ergo_adaptive,186.16666666666663,2.6606898369823308e-5,0.0053482129172089604
ergo_adaptive,186.25,0.0,0.005336920066950518
ergo_adaptive,186.33333333333337,4.414074057792169e-5,0.005338601573748378
ergo_adaptive,186.41666666666663,8.51568473072214e-5,0.005350984765095514
ergo_adaptive,186.5,7.362851558260641e-5,0.005366708863097318
ergo_adaptive,186.58333333333337,0.00013983483816177157,0.005382123448365763
ergo_adaptive,186.66666666666663,0.00011104352799961782,0.005397280133131451
ergo_adaptive,186.75,0.0003496764025124282,0.005410782422470054
ergo_adaptive,186.83333333333337,0.00030633905782935836,0.0054240046550252455
ergo_adaptive,186.91666666666663,0.00017527263485919237,0.005435606658433178
ergo_adaptive,187.0,4.8057634387023785e-5,0.005446238223735296
ergo_adaptive,187.08333333333337,2.7412841983880906e-6,0.0054539600507849005
ergo_adaptive,187.16666666666663,0.0,0.0054527895090404985
ergo_adaptive,187.25,0.0,0.00545417050433435
ergo_adaptive,187.33333333333337,6.151194625949619e-5,0.005458590936995443
ergo_adaptive,187.41666666666663,0.00014765770152211648,0.0054662419344908685
ergo_adaptive,187.5,0.0002310435569608841,0.005472724904756024
ergo_adaptive,187.58333333333337,0.00016094589895291058,0.0054785278566548985
ergo_adaptive,187.66666666666663,7.014631982328559e-5,0.005484113966454058
ergo_adaptive,187.75,9.889033690771745e-6,0.005489671648689879
ergo_adaptive,187.83333333333337,1.006293261823194e-5,0.005491371573702833
ergo_adaptive,187.91666666666663,2.11344787310272e-5,0.005481327398407179
ergo_adaptive,188.0,0.0,0.0054533420493627985
ergo_adaptive,188.08333333333337,2.030853169676583e-5,0.005433031338200432
ergo_adaptive,188.16666666666663,2.642485716859716e-6,0.0054020930935075075
ergo_adaptive,188.25,0.0,0.00538990632988975
ergo_adaptive,188.33333333333337,0.0,0.005387558013590494
ergo_adaptive,188.41666666666663,0.0,0.005385934349776676
ergo_adaptive,188.5,0.0,0.005379796736379203
ergo_adaptive,188.58333333333337,4.7012218428036765e-7,0.005369986838603412
ergo_adaptive,188.66666666666663,0.0,0.005372847210862128
ergo_adaptive,188.75,0.0,0.0053769422661272505
ergo_adaptive,188.83333333333337,5.694831021501088e-6,0.005380163340432392
ergo_adaptive,188.91666666666663,0.0,0.005389102582540283
ergo_adaptive,189.0,0.0,0.0053996160934627405
ergo_adaptive,189.08333333333337,0.0,0.005409117278711475
ergo_adaptive,189.16666666666663,0.0,0.005414745913152253
ergo_adaptive,189.25,0.0,0.00541832029186844
ergo_adaptive,189.33333333333337,0.0,0.005423315135387634
ergo_adaptive,189.41666666666663,0.0,0.005430849210420785
ergo_adaptive,189.5,0.0,0.0054392849494443235
ergo_adaptive,189.58333333333337,0.0,0.0054477949280965915
ergo_adaptive,189.66666666666663,0.0,0.005457037264681122
ergo_adaptive,189.75,0.0,0.005467614288375864
ergo_adaptive,189.83333333333337,0.0,0.005479261538928958
ergo_adaptive,189.91666666666663,0.0,0.005491382462747827
ergo_adaptive,190.0,0.0,0.005503883698814829
ergo_adaptive,190.08333333333337,0.0,0.005518050394037843
ergo_adaptive,190.16666666666663,0.0,0.00553486954435201
ergo_adaptive,190.25,0.0,0.005552014521873664
ergo_adaptive,190.33333333333337,0.0,0.005568464947173953
ergo_adaptive,190.41666666666663,0.0,0.00558487688003256
ergo_adaptive,190.5,0.0,0.005601917228428077
ergo_adaptive,190.58333333333337,0.0,0.005619406886006307
ergo_adaptive,190.66666666666663,0.0,0.005636988823023386
ergo_adaptive,190.75,0.0,0.005654699930757259
ergo_adaptive,190.83333333333337,0.0,0.005673598046092622
ergo_adaptive,190.91666666666663,0.0,0.005695192689461474
ergo_adaptive,191.0,0.0,0.005717438202390331
ergo_adaptive,191.08333333333337,0.0,0.005739100912735825
ergo_adaptive,191.16666666666663,0.0,0.005759877867693684
ergo_adaptive,191.25,0.0,0.005780197017712877
ergo_adaptive,191.33333333333337,0.0,0.005799692543523672
ergo_adaptive,191.41666666666663,0.0,0.00582009408963659
ergo_adaptive,191.5,0.0,0.005840352840947509
ergo_adaptive,191.58333333333337,0.0,0.005860234729529262
ergo_adaptive,191.66666666666663,0.0,0.005879878514193207
ergo_adaptive,191.75,0.0,0.005899601047522821
ergo_adaptive,191.83333333333337,0.0,0.005919493079394346
ergo_adaptive,191.91666666666663,0.0,0.0059393876557625545
ergo_adaptive,192.0,0.0,0.005959284039750665
ergo_adaptive,192.08333333333337,0.0,0.005979306955725105
ergo_adaptive,192.16666666666663,0.0,0.005999513203392567
ergo_adaptive,192.25,0.0,0.006020945348934835
ergo_adaptive,192.33333333333337,0.0,0.00604452450796569
ergo_adaptive,192.41666666666663,0.0,0.006068954555561076
ergo_adaptive,192.5,0.0,0.006094255885055332
ergo_adaptive,192.58333333333337,0.0,0.006118926370837978
ergo_adaptive,192.66666666666663,0.0,0.006142932508600826
ergo_adaptive,192.75,0.0,0.006166265706647159
ergo_adaptive,192.83333333333337,0.0,0.006188934895542953
ergo_adaptive,192.91666666666663,0.0,0.006210961465429423
ergo_adaptive,193.0,0.0,0.00623237534425618
ergo_adaptive,193.08333333333337,0.0,0.006253211837958854
ergo_adaptive,193.16666666666663,0.0,0.006273509097185416
ergo_adaptive,193.25,0.0,0.006293306142052508
ergo_adaptive,193.33333333333337,0.0,0.006312641384886653
ergo_adaptive,193.41666666666663,0.0,0.006331551584344986
ergo_adaptive,193.5,0.0,0.006350071158722123
ergo_adaptive,193.58333333333337,0.0,0.0063683820408417585
ergo_adaptive,193.66666666666663,0.0,0.0063866935562320905
ergo_adaptive,193.75,0.0,0.006404695592728308
ergo_adaptive,193.83333333333337,0.0,0.006422411471218376
ergo_adaptive,193.91666666666663,0.0,0.00643986178734451
ergo_adaptive,194.0,0.0,0.006458092284805806
ergo_adaptive,194.08333333333337,0.0,0.006476656096229849
ergo_adaptive,194.16666666666663,0.0,0.006494990945692627
ergo_adaptive,194.25,0.0,0.006513109291471585
ergo_adaptive,194.33333333333337,0.0,0.006531021921669472
ergo_adaptive,194.41666666666663,0.0,0.006548738163745217
ergo_adaptive,194.5,0.0,0.006566266074739556
ergo_adaptive,194.58333333333337,0.0,0.006583612611689755
ergo_adaptive,194.66666666666663,0.0,0.0066007837827028884
ergo_adaptive,194.75,0.0,0.006617784779763487
ergo_adaptive,194.83333333333337,0.0,0.006634620094694092
ergo_adaptive,194.91666666666663,0.0,0.0066512936198469316
ergo_adaptive,195.0,0.0,0.006667808735140417
ergo_adaptive,195.08333333333337,0.0,0.006684168383010395
ergo_adaptive,195.16666666666663,0.0,0.00670065094797597
ergo_adaptive,195.25,0.0,0.006717041077676822
ergo_adaptive,195.33333333333337,0.0,0.006733282514320671
ergo_adaptive,195.41666666666663,0.0,0.006749377026128357
ergo_adaptive,195.5,0.0,0.006765326182066445
ergo_adaptive,195.58333333333337,0.0,0.0067811313813150725
ergo_adaptive,195.66666666666663,0.0,0.006796793878303527
ergo_adaptive,195.75,0.0,0.006813153981474373
ergo_adaptive,195.83333333333337,0.0,0.006830174725723267
ergo_adaptive,195.91666666666663,0.0,0.0068470449808579175
ergo_adaptive,196.0,0.0,0.0068637657039668076
ergo_adaptive,196.08333333333337,0.0,0.00688033777928901
ergo_adaptive,196.16666666666663,0.0,0.00689676202838402
ergo_adaptive,196.25,0.0,0.006913039218733219
ergo_adaptive,196.33333333333337,0.0,0.00692917007101128
ergo_adaptive,196.41666666666663,0.0,0.0069451552652294805
ergo_adaptive,196.5,0.0,0.006960995445923862
ergo_adaptive,196.58333333333337,0.0,0.006976691226524699
ergo_adaptive,196.66666666666663,0.0,0.006992243193132338
ergo_adaptive,196.75,0.0,0.007007651903617402
ergo_adaptive,196.83333333333337,0.0,0.007022914734173505
ergo_adaptive,196.91666666666663,0.0,0.007031136671795971
ergo_adaptive,197.0,0.0,0.007034353746861569
ergo_adaptive,197.08333333333337,0.0,0.0070354773665257
ergo_adaptive,197.16666666666663,0.0,0.00703622549046873
ergo_adaptive,197.25,0.0,0.0070351403476768635
ergo_adaptive,197.33333333333337,0.0,0.007031086941244084
ergo_adaptive,197.41666666666663,0.0,0.007025068364888666
ergo_adaptive,197.5,0.0,0.007018369115378187
ergo_adaptive,197.58333333333337,0.0,0.007010604119745453
ergo_adaptive,197.66666666666663,0.0,0.00700060810645764
ergo_adaptive,197.75,0.0,0.0069893855552988805
ergo_adaptive,197.83333333333337,0.0,0.0069779969639821434
ergo_adaptive,197.91666666666663,0.0,0.006967008207865028
ergo_adaptive,198.0,0.0,0.00695580719345762
ergo_adaptive,198.08333333333337,0.0,0.006943679759237348
ergo_adaptive,198.16666666666663,0.0,0.006932196685662786
ergo_adaptive,198.25,0.0,0.006924024132939409
ergo_adaptive,198.33333333333337,0.0,0.006915363871247222
ergo_adaptive,198.41666666666663,0.0,0.0069003562116096056
ergo_adaptive,198.5,0.0,0.006881430176031215
ergo_adaptive,198.58333333333337,0.0,0.006863443860233755
ergo_adaptive,198.66666666666663,0.0,0.006845490440411085
ergo_adaptive,198.75,0.0,0.006821882553039523
ergo_adaptive,198.83333333333337,0.0,0.006792397295944709
ergo_adaptive,198.91666666666663,0.0,0.006760412759998709
ergo_adaptive,199.0,0.0,0.006728006376182076
ergo_adaptive,199.08333333333337,0.0,0.0066940986626336865
ergo_adaptive,199.16666666666663,0.0,0.006656140793814899
ergo_adaptive,199.25,0.0,0.006615273923701429
ergo_adaptive,199.33333333333337,0.0,0.006574540126779486
ergo_adaptive,199.41666666666663,0.0,0.006539866380887441
ergo_adaptive,199.5,0.0,0.0064949777217436595
ergo_adaptive,199.58333333333337,0.0,0.006433885008970907
ergo_adaptive,199.66666666666663,0.0,0.00636556909781919
ergo_adaptive,199.75,0.0,0.006300468278534983
ergo_adaptive,199.83333333333337,0.0,0.006247985605445091
ergo_adaptive,199.91666666666663,0.0,0.00619260565120624
ergo_adaptive,200.0,0.0,0.006128957852040756
ergo_adaptive,200.08333333333337,0.0,0.0060657409321109345
ergo_adaptive,200.16666666666663,0.0,0.006011692905956078
ergo_adaptive,200.25,0.0,0.005959033432775347
ergo_adaptive,200.33333333333337,0.0,0.005904123379505256
ergo_adaptive,200.41666666666663,0.0,0.005851031291245654
ergo_adaptive,200.5,0.0,0.00580201015975389
ergo_adaptive,200.58333333333337,0.0,0.005761928315921217
ergo_adaptive,200.66666666666663,0.0,0.005726213740541624
ergo_adaptive,200.75,0.0,0.005686902246902932
ergo_adaptive,200.83333333333337,0.0,0.005648085202915942
ergo_adaptive,200.91666666666663,0.0,0.005627131625714715
ergo_adaptive,201.0,0.0,0.005614304750864217
ergo_adaptive,201.08333333333337,0.0,0.0055984321590118805
ergo_adaptive,201.16666666666663,0.0,0.005582959613500959
ergo_adaptive,201.25,4.224924514719688e-6,0.005571387679382558
ergo_adaptive,201.33333333333337,0.0,0.0055578959769366585
ergo_adaptive,201.41666666666663,0.0,0.005551772093454083
ergo_adaptive,201.5,0.0,0.0055507795284490714
ergo_adaptive,201.58333333333337,0.0,0.005551617939374481
ergo_adaptive,201.66666666666663,0.0,0.005553703863854689
ergo_adaptive,201.75,0.0,0.005557365227105582
ergo_adaptive,201.83333333333337,1.0225421138181896e-7,0.005562336002692641
ergo_adaptive,201.91666666666663,6.217064283323312e-6,0.005567588122387277
ergo_adaptive,202.0,1.6122788814052806e-5,0.005568340048049998
ergo_adaptive,202.08333333333337,2.3910640670653014e-5,0.005562401654820099
ergo_adaptive,202.16666666666663,0.00011570692615141062,0.00554910488829913
ergo_adaptive,202.25,0.00011791239713888877,0.0055318025154233175
ergo_adaptive,202.33333333333337,7.972619893156877e-5,0.005506473929442942
ergo_adaptive,202.41666666666663,6.362963915143452e-5,0.005469991512398932
ergo_adaptive,202.5,1.3854844034074105e-5,0.00543039916664886
ergo_adaptive,202.58333333333337,6.053530091696767e-6,0.005404476819192803
ergo_adaptive,202.66666666666663,1.1478587730548222e-5,0.005396764815077863
ergo_adaptive,202.75,4.8130554201532615e-5,0.005386360107783962
ergo_adaptive,202.83333333333337,1.9662651963431246e-5,0.0053703191521504035
ergo_adaptive,202.91666666666663,4.112393084752004e-5,0.005358850124468741
ergo_adaptive,203.0,2.4819559119921105e-5,0.005348275409305679
ergo_adaptive,203.08333333333337,0.0,0.005348121397294545
ergo_adaptive,203.16666666666663,0.0,0.005355573600929516
ergo_adaptive,203.25,3.2438259516619016e-6,0.0053649950295487575
ergo_adaptive,203.33333333333337,1.9489979857510427e-5,0.005372206300183734
ergo_adaptive,203.41666666666663,1.9319555495744875e-5,0.00537973352199548
ergo_adaptive,203.5,2.851427010256924e-5,0.005385503170823169
ergo_adaptive,203.58333333333337,5.29041227499919e-5,0.0053925912878764245
ergo_adaptive,203.66666666666663,5.85704227313871e-5,0.005397168530202941
ergo_adaptive,203.75,6.162058078559556e-5,0.00540331138762521
ergo_adaptive,203.83333333333337,4.104617101688613e-5,0.005407264142789246
ergo_adaptive,203.91666666666663,3.566250241439518e-5,0.005413529236096244
ergo_adaptive,204.0,4.470673848932493e-5,0.005416274721812843
ergo_adaptive,204.08333333333337,2.9412899221367753e-5,0.005418755480571841
ergo_adaptive,204.16666666666663,3.2111243682186705e-5,0.0054228014936836925
ergo_adaptive,204.25,6.546034950885668e-6,0.0054232136595439686
ergo_adaptive,204.33333333333337,2.82959631379612e-7,0.0054264782513454585
ergo_adaptive,204.41666666666663,0.0,0.005432638351793632
ergo_adaptive,204.5,0.0,0.005438244603612058
ergo_adaptive,204.58333333333337,2.7227963382889992e-6,0.005443231341309708
ergo_adaptive,204.66666666666663,1.7716901758342525e-5,0.0054464243518315475
ergo_adaptive,204.75,3.6372234706668546e-5,0.005446201855904601
ergo_adaptive,204.83333333333337,1.0451936213756553e-5,0.005438944397156922
ergo_adaptive,204.91666666666663,1.8979452733970954e-5,0.0054386182528804415
ergo_adaptive,205.0,3.679165799317248e-5,0.005435658960926179
ergo_adaptive,205.08333333333337,9.988516079897858e-6,0.005424069866985893
ergo_adaptive,205.16666666666663,2.099064865693648e-5,0.005420667525454952
ergo_adaptive,205.25,6.670932094536791e-5,0.005425208465813181
ergo_adaptive,205.33333333333337,2.0293209869104426e-5,0.0054266568898810475
ergo_adaptive,205.41666666666663,2.5311359764818534e-5,0.005431292733472017
ergo_adaptive,205.5,7.3191050393651645e-6,0.00543629611777373
ergo_adaptive,205.58333333333337,3.9328755731780365e-5,0.005441100409028624
ergo_adaptive,205.66666666666663,9.29700042244229e-6,0.005443537806208611
ergo_adaptive,205.75,2.1944590722869846e-5,0.005447442687779086
ergo_adaptive,205.83333333333337,2.2741515363090153e-5,0.005449414572421484
ergo_adaptive,205.91666666666663,6.563219578877827e-5,0.005450572853340078
ergo_adaptive,206.0,7.880443296824367e-5,0.005444922528211575
ergo_adaptive,206.08333333333337,5.495880473767024e-5,0.005433885061728379
ergo_adaptive,206.16666666666663,4.2768203226457446e-5,0.005433142185462367
ergo_adaptive,206.25,2.3902692007766268e-5,0.005434569197701459
ergo_adaptive,206.33333333333337,3.661464490731933e-5,0.005438491209963177
ergo_adaptive,206.41666666666663,0.00010729037838164923,0.005438757385070868
ergo_adaptive,206.5,0.0002434164331558793,0.005436607317459061
ergo_adaptive,206.58333333333337,0.00015307091378524706,0.005438148243627048
ergo_adaptive,206.66666666666663,0.00010201919141073901,0.0054336244913858415
ergo_adaptive,206.75,0.00028574300725204795,0.005431878629952929
ergo_adaptive,206.83333333333337,0.0001244408544266013,0.005434263320699444
ergo_adaptive,206.91666666666663,9.847991292056826e-5,0.005431723835350788
ergo_adaptive,207.0,4.751351240794231e-5,0.0054318097829023195
ergo_adaptive,207.08333333333337,7.420199371337682e-6,0.005429543362170045
ergo_adaptive,207.16666666666663,1.1788812859177505e-5,0.005431620668167224
ergo_adaptive,207.25,0.0,0.005438166181498019
ergo_adaptive,207.33333333333337,0.0,0.005442673998732051
ergo_adaptive,207.41666666666663,0.0,0.0054449975226672845
ergo_adaptive,207.5,0.0,0.005446724907907031
ergo_adaptive,207.58333333333337,0.0,0.0054490443853497566
ergo_adaptive,207.66666666666663,0.0,0.005451524344873996
ergo_adaptive,207.75,0.0,0.005453394688080783
ergo_adaptive,207.83333333333337,0.0,0.0054546432165491565
ergo_adaptive,207.91666666666663,0.0,0.005455577786654125
ergo_adaptive,208.0,0.0,0.005456176856732671
ergo_adaptive,208.08333333333337,0.0,0.0054571339967277015
ergo_adaptive,208.16666666666663,0.0,0.005459563323419789
ergo_adaptive,208.25,0.0,0.005462781289485705
ergo_adaptive,208.33333333333337,0.0,0.005468590173329244
ergo_adaptive,208.41666666666663,0.0,0.005474874925701228
ergo_adaptive,208.5,0.0,0.005480409808337199
ergo_adaptive,208.58333333333337,0.0,0.005484798299854496
ergo_adaptive,208.66666666666663,0.0,0.00548981072365466
ergo_adaptive,208.75,0.0,0.005495464483813691
ergo_adaptive,208.83333333333337,0.0,0.005500918066621943
ergo_adaptive,208.91666666666663,0.0,0.005505571206659597
ergo_adaptive,209.0,0.0,0.005509672946594389
ergo_adaptive,209.08333333333337,0.0,0.005514602790665032
ergo_adaptive,209.16666666666663,0.0,0.005520960805346469
ergo_adaptive,209.25,0.0,0.0055235419359798785
ergo_adaptive,209.33333333333337,0.0,0.005522053759279914
ergo_adaptive,209.41666666666663,0.0,0.005519181486504467
ergo_adaptive,209.5,0.0,0.005517353068932274
ergo_adaptive,209.58333333333337,0.0,0.005516934486793094
ergo_adaptive,209.66666666666663,0.0,0.005518435401348425
ergo_adaptive,209.75,0.0,0.005516055233044714
ergo_adaptive,209.83333333333337,0.0,0.005509867802089416
ergo_adaptive,209.91666666666663,0.0,0.00550428192024558
ergo_adaptive,210.0,0.0,0.00549898023405747
ergo_adaptive,210.08333333333337,0.0,0.0054953686007739875
ergo_adaptive,210.16666666666663,0.0,0.005493178508021634
ergo_adaptive,210.25,0.0,0.005487993095239124
ergo_adaptive,210.33333333333337,0.0,0.005478437301386112
ergo_adaptive,210.41666666666663,0.0,0.005467655708852775
ergo_adaptive,210.5,0.0,0.005457233245856686
ergo_adaptive,210.58333333333337,0.0,0.005446076202937616
ergo_adaptive,210.66666666666663,0.0,0.005432746276778022
ergo_adaptive,210.75,0.0,0.005417859600355523
ergo_adaptive,210.83333333333337,0.0,0.005403127334752368
ergo_adaptive,210.91666666666663,0.0,0.005391694858796464
ergo_adaptive,211.0,0.0,0.00538164451493847
ergo_adaptive,211.08333333333337,0.0,0.0053623794565877195
ergo_adaptive,211.16666666666663,0.0,0.005336507756878443
ergo_adaptive,211.25,0.0,0.005311791645849882
ergo_adaptive,211.33333333333337,0.0,0.005289153674879678
ergo_adaptive,211.41666666666663,0.0,0.005274446285762457
ergo_adaptive,211.5,0.0,0.005260548372553354
ergo_adaptive,211.58333333333337,0.0,0.005240798488433784
ergo_adaptive,211.66666666666663,0.0,0.005218773296321487
ergo_adaptive,211.75,0.0,0.005196570749755559
ergo_adaptive,211.83333333333337,0.0,0.005173902646156804
ergo_adaptive,211.91666666666663,0.0,0.005150104388226953
ergo_adaptive,212.0,0.0,0.005124642470476458
ergo_adaptive,212.08333333333337,0.0,0.00509635300448683
ergo_adaptive,212.16666666666663,0.0,0.005066721371644445
ergo_adaptive,212.25,0.0,0.0050382573421879654
ergo_adaptive,212.33333333333337,0.0,0.005006484053399267
ergo_adaptive,212.41666666666663,0.0,0.004972244787914727
ergo_adaptive,212.5,0.0,0.004933392562624915
ergo_adaptive,212.58333333333337,0.0,0.004893571430594395
ergo_adaptive,212.66666666666663,0.0,0.004856697690662627
ergo_adaptive,212.75,0.0,0.004827022391116776
ergo_adaptive,212.83333333333337,0.0,0.0047912324599156935
ergo_adaptive,212.91666666666663,0.0,0.004741080432083405
ergo_adaptive,213.0,0.0,0.0046870213698793515
ergo_adaptive,213.08333333333337,0.0,0.00463936907378317
ergo_adaptive,213.16666666666663,0.0,0.0045981941902430165
ergo_adaptive,213.25,0.0,0.004566912198572478
ergo_adaptive,213.33333333333337,0.0,0.0045362423793809895
ergo_adaptive,213.41666666666663,0.0,0.004504497824459431
ergo_adaptive,213.5,0.0,0.004482697194233386
ergo_adaptive,213.58333333333337,0.0,0.004469033114462333
ergo_adaptive,213.66666666666663,0.0,0.004460086744684511
ergo_adaptive,213.75,0.0,0.004455788885831948
ergo_adaptive,213.83333333333337,0.0,0.004454193615648074
ergo_adaptive,213.91666666666663,0.0,0.004454570477977688
ergo_adaptive,214.0,0.0,0.004459060796399779
ergo_adaptive,214.08333333333337,0.0,0.00446773319157787
ergo_adaptive,214.16666666666663,0.0,0.004478354268730323
ergo_adaptive,214.25,0.0,0.0044900454925861305
ergo_adaptive,214.33333333333337,0.0,0.004503490539137839
ergo_adaptive,214.41666666666663,0.0,0.004520142998935943
ergo_adaptive,214.5,0.0,0.004539227054942551
ergo_adaptive,214.58333333333337,0.0,0.004559849375366121
ergo_adaptive,214.66666666666663,0.0,0.0045805347610646885
ergo_adaptive,214.75,0.0,0.004601267511562432
ergo_adaptive,214.83333333333337,0.0,0.004622712223743
ergo_adaptive,214.91666666666663,0.0,0.004644830478263985
ergo_adaptive,215.0,0.0,0.004666685397678128
ergo_adaptive,215.08333333333337,0.0,0.004688198369026252
ergo_adaptive,215.16666666666663,0.0,0.004709773633319483
ergo_adaptive,215.25,0.0,0.00473389328447274
ergo_adaptive,215.33333333333337,0.0,0.004759368482352997
ergo_adaptive,215.41666666666663,0.0,0.004785724209862034
ergo_adaptive,215.5,0.0,0.004811850415146259
ergo_adaptive,215.58333333333337,0.0,0.004836519396116412
ergo_adaptive,215.66666666666663,0.0,0.004858595170699772
ergo_adaptive,215.75,0.0,0.004878573650882936
ergo_adaptive,215.83333333333337,0.0,0.0048972992379692345
ergo_adaptive,215.91666666666663,0.0,0.004913367097550612
ergo_adaptive,216.0,0.0,0.004926656863988825
ergo_adaptive,216.08333333333337,0.0,0.004938740649875812
ergo_adaptive,216.16666666666663,0.0,0.004950969279253136
ergo_adaptive,216.25,0.0,0.0049622442748546575
ergo_adaptive,216.33333333333337,0.0,0.004971339004825563
ergo_adaptive,216.41666666666663,0.0,0.004979304496998987
ergo_adaptive,216.5,0.0,0.004987800605514044
ergo_adaptive,216.58333333333337,0.0,0.004997354324155868
ergo_adaptive,216.66666666666663,0.0,0.005006338519757697
ergo_adaptive,216.75,0.0,0.005014821180389202
ergo_adaptive,216.83333333333337,0.0,0.00502407625338864
ergo_adaptive,216.91666666666663,0.0,0.0050345048441577615
ergo_adaptive,217.0,0.0,0.0050450931055597585
ergo_adaptive,217.08333333333337,0.0,0.005055312780890027
ergo_adaptive,217.16666666666663,0.0,0.0050659010593793515
ergo_adaptive,217.25,0.0,0.005077467533279079
ergo_adaptive,217.33333333333337,0.0,0.005089391390073512
ergo_adaptive,217.41666666666663,0.0,0.005100819480097582
ergo_adaptive,217.5,0.0,0.005112370368691457
ergo_adaptive,217.58333333333337,0.0,0.0051254889959211365
ergo_adaptive,217.66666666666663,0.0,0.00513883770238395
ergo_adaptive,217.75,0.0,0.0051514983786366516
ergo_adaptive,217.83333333333337,0.0,0.005163367194574415
ergo_adaptive,217.91666666666663,0.0,0.005175219993242521
ergo_adaptive,218.0,0.0,0.005187283175335252
ergo_adaptive,218.08333333333337,0.0,0.005198650116300857
ergo_adaptive,218.16666666666663,0.0,0.00520977179933043
ergo_adaptive,218.25,0.0,0.00522044133495857
ergo_adaptive,218.33333333333337,0.0,0.005231332273423006
ergo_adaptive,218.41666666666663,0.0,0.005241710782196109
ergo_adaptive,218.5,0.0,0.005250546476920591
ergo_adaptive,218.58333333333337,0.0,0.005258366729358156
ergo_adaptive,218.66666666666663,0.0,0.005266416944948183
ergo_adaptive,218.75,0.0,0.005274404231654321
ergo_adaptive,218.83333333333337,0.0,0.005280667265729829
ergo_adaptive,218.91666666666663,0.0,0.005285231889176989
ergo_adaptive,219.0,0.0,0.005290160367056835
ergo_adaptive,219.08333333333337,0.0,0.005296690674722119
ergo_adaptive,219.16666666666663,0.0,0.005301679281295447
ergo_adaptive,219.25,0.0,0.005304199682201671
ergo_adaptive,219.33333333333337,0.0,0.005306248807659522
ergo_adaptive,219.41666666666663,0.0,0.005309812352322121
ergo_adaptive,219.5,0.0,0.005312756845098284
ergo_adaptive,219.58333333333337,0.0,0.005313077328401623
ergo_adaptive,219.66666666666663,0.0,0.0053119600040848645
ergo_adaptive,219.75,0.0,0.005312783844782894
ergo_adaptive,219.83333333333337,0.0,0.005314614497380664
ergo_adaptive,219.91666666666663,0.0,0.005311946235574992
ergo_adaptive,220.0,0.0,0.005307629300688844
ergo_adaptive,220.08333333333337,0.0,0.005304799884236665
ergo_adaptive,220.16666666666663,0.0,0.0053055039270832605
ergo_adaptive,220.25,0.0,0.005301688151588319
ergo_adaptive,220.33333333333337,0.0,0.005293358061010831
ergo_adaptive,220.41666666666663,0.0,0.005286274698861519
ergo_adaptive,220.5,0.0,0.00528293020868761
ergo_adaptive,220.58333333333337,0.0,0.005279772721485232
ergo_adaptive,220.66666666666663,0.0,0.005271438947163268
ergo_adaptive,220.75,0.0,0.0052619326138192025
ergo_adaptive,220.83333333333337,0.0,0.005255038478727636
ergo_adaptive,220.91666666666663,0.0,0.005248957818144567
ergo_adaptive,221.0,0.0,0.00523993907284258
ergo_adaptive,221.08333333333337,0.0,0.005229057224479938
ergo_adaptive,221.16666666666663,0.0,0.005220092967227424
ergo_adaptive,221.25,0.0,0.0052126296972586274
ergo_adaptive,221.33333333333337,0.0,0.005203284277580018
ergo_adaptive,221.41666666666663,0.0,0.005190876045384183
ergo_adaptive,221.5,0.0,0.005177918362582101
ergo_adaptive,221.58333333333337,0.0,0.005166299043153574
ergo_adaptive,221.66666666666663,0.0,0.005154285633813481
ergo_adaptive,221.75,0.0,0.005139913461099342
ergo_adaptive,221.83333333333337,0.0,0.005124481446594378
ergo_adaptive,221.91666666666663,0.0,0.005110464725911306
ergo_adaptive,222.0,0.0,0.005097701077748356
ergo_adaptive,222.08333333333337,0.0,0.00508451838106998
ergo_adaptive,222.16666666666663,0.0,0.005070296189121895
ergo_adaptive,222.25,0.0,0.005057539194195242
ergo_adaptive,222.33333333333337,0.0,0.005048509533787148
ergo_adaptive,222.41666666666663,0.0,0.005039761806759555
ergo_adaptive,222.5,0.0,0.00503037658810118
ergo_adaptive,222.58333333333337,0.0,0.005022195842165272
ergo_adaptive,222.66666666666663,0.0,0.005016729255202437
ergo_adaptive,222.75,0.0,0.005012604994976592
ergo_adaptive,222.83333333333337,0.0,0.005008112442957026
ergo_adaptive,222.91666666666663,0.0,0.00500409436170269
ergo_adaptive,223.0,0.0,0.005004661514398002
ergo_adaptive,223.08333333333337,0.0,0.005007524780006324
ergo_adaptive,223.16666666666663,0.0,0.005010882311070068
ergo_adaptive,223.25,0.0,0.005014804526114011
ergo_adaptive,223.33333333333337,0.0,0.005020502813724119
ergo_adaptive,223.41666666666663,0.0,0.005027921201450008
ergo_adaptive,223.5,0.0,0.005035394493622103
ergo_adaptive,223.58333333333337,0.0,0.005041962409226353
ergo_adaptive,223.66666666666663,0.0,0.005048542905334705
ergo_adaptive,223.75,0.0,0.0050564479507366035
ergo_adaptive,223.83333333333337,0.0,0.005065139166409446
ergo_adaptive,223.91666666666663,0.0,0.005080236714104842
ergo_adaptive,224.0,0.0,0.005102452606250395
ergo_adaptive,224.08333333333337,0.0,0.00512545494307849
ergo_adaptive,224.16666666666663,0.0,0.00514878472378073
ergo_adaptive,224.25,0.0,0.005171919424265089
ergo_adaptive,224.33333333333337,0.0,0.0051945851562891126
ergo_adaptive,224.41666666666663,0.0,0.005216652894995558
ergo_adaptive,224.5,0.0,0.005238064344237193
ergo_adaptive,224.58333333333337,0.0,0.005258799890711698
ergo_adaptive,224.66666666666663,0.0,0.00527929256535147
ergo_adaptive,224.75,0.0,0.005301838482177693
ergo_adaptive,224.83333333333337,0.0,0.005323832191070647
ergo_adaptive,224.91666666666663,0.0,0.005345208740341232
ergo_adaptive,225.0,0.0,0.005366005743903647
ergo_adaptive,225.08333333333337,0.0,0.005386261694634491
ergo_adaptive,225.16666666666663,0.0,0.005406014500784297
ergo_adaptive,225.25,0.0,0.00542575176860619
ergo_adaptive,225.33333333333337,0.0,0.005446535473658991
ergo_adaptive,225.41666666666663,0.0,0.005466907521381851
ergo_adaptive,225.5,0.0,0.005487379516949156
ergo_adaptive,225.58333333333337,0.0,0.005507751065913892
ergo_adaptive,225.66666666666663,0.0,0.00552777629261315
ergo_adaptive,225.75,0.0,0.005547477606918529
ergo_adaptive,225.83333333333337,0.0,0.005566874814829343
ergo_adaptive,225.91666666666663,0.0,0.005585985343794419
ergo_adaptive,226.0,0.0,0.005604824474543683
ergo_adaptive,226.08333333333337,0.0,0.005623405568940304
ergo_adaptive,226.16666666666663,0.0,0.005641740287031519
ergo_adaptive,226.25,0.0,0.005659838789192654
ergo_adaptive,226.33333333333337,0.0,0.005677709921218902
ergo_adaptive,226.41666666666663,0.0,0.005695361381594012
ergo_adaptive,226.5,0.0,0.005712799871094981
ergo_adaptive,226.58333333333337,0.0,0.005730031225492472
ergo_adaptive,226.66666666666663,0.0,0.005747060532467628
ergo_adaptive,226.75,0.0,0.005763892234056695
ergo_adaptive,226.83333333333337,0.0,0.005780530216008129
ergo_adaptive,226.91666666666663,0.0,0.005796977885431081
ergo_adaptive,227.0,0.0,0.005813238238058079
ergo_adaptive,227.08333333333337,0.0,0.005829313916358337
ergo_adaptive,227.16666666666663,0.0,0.0058452072596359775
ergo_adaptive,227.25,0.0,0.005860920347138873
ergo_adaptive,227.33333333333337,0.0,0.005876455035095611
ergo_adaptive,227.41666666666663,0.0,0.005891812988494318
ergo_adaptive,227.5,0.0,0.005906995708319499
ergo_adaptive,227.58333333333337,0.0,0.00592200455487656
ergo_adaptive,227.66666666666663,0.0,0.005936840767729002
ergo_adaptive,227.75,0.0,0.005951505483333697
ergo_adaptive,227.83333333333337,0.0,0.005961952955962462
ergo_adaptive,227.91666666666663,0.0,0.005964062454851739
ergo_adaptive,228.0,0.0,0.00595661784791501
ergo_adaptive,228.08333333333337,0.0,0.005935920953302957
ergo_adaptive,228.16666666666663,0.0,0.005903869533940566
ergo_adaptive,228.25,0.0,0.0058751955454529005
ergo_adaptive,228.33333333333337,0.0,0.005858442441418016
ergo_adaptive,228.41666666666663,0.0,0.005849783691373727
ergo_adaptive,228.5,0.0,0.005846583498849031
ergo_adaptive,228.58333333333337,0.0,0.0058403746378800315
ergo_adaptive,228.66666666666663,0.0,0.005840463691973965
ergo_adaptive,228.75,0.0,0.005843878491189733
ergo_adaptive,228.83333333333337,0.0,0.005849461152814371
ergo_adaptive,228.91666666666663,0.0,0.005856460474691176
ergo_adaptive,229.0,0.0,0.005864258315400449
ergo_adaptive,229.08333333333337,0.0,0.005872600280671796
ergo_adaptive,229.16666666666663,0.0,0.005881303314099054
ergo_adaptive,229.25,0.0,0.005890228851455515
ergo_adaptive,229.33333333333337,0.0,0.005899262414937616
ergo_adaptive,229.41666666666663,0.0,0.005908291642376043
ergo_adaptive,229.5,0.0,0.005917166433510134
ergo_adaptive,229.58333333333337,0.0,0.005925579436568994
ergo_adaptive,229.66666666666663,0.0,0.005932934247017986
ergo_adaptive,229.75,0.0,0.005938818359563516
ergo_adaptive,229.83333333333337,0.0,0.005945220380605018
ergo_adaptive,229.91666666666663,0.0,0.005951842148492896
ergo_adaptive,230.0,0.0,0.005958701610450958
ergo_adaptive,230.08333333333337,0.0,0.005965558518867635
ergo_adaptive,230.16666666666663,0.0,0.005972377815588511
ergo_adaptive,230.25,0.0,0.005979190408263765
ergo_adaptive,230.33333333333337,0.0,0.005985920666767218
ergo_adaptive,230.41666666666663,0.0,0.005992402489489418
ergo_adaptive,230.5,0.0,0.005997890147979179
ergo_adaptive,230.58333333333337,0.0,0.005994261901108775
ergo_adaptive,230.66666666666663,0.0,0.005996080028186018
ergo_adaptive,230.75,0.0,0.005994684158256872
ergo_adaptive,230.83333333333337,0.0,0.005994272202897198
ergo_adaptive,230.91666666666663,0.0,0.005995451758959089
ergo_adaptive,231.0,0.0,0.005998544224324426
ergo_adaptive,231.08333333333337,0.0,0.006002160831569953
ergo_adaptive,231.16666666666663,0.0,0.00600604523950224
ergo_adaptive,231.25,0.0,0.006010069169427414
ergo_adaptive,231.33333333333337,0.0,0.006014122561477962
ergo_adaptive,231.41666666666663,0.0,0.006018105161825559
ergo_adaptive,231.5,0.0,0.00602191931432923
ergo_adaptive,231.58333333333337,0.0,0.006025461583354179
ergo_adaptive,231.66666666666663,0.0,0.006028610388094399
ergo_adaptive,231.75,0.0,0.006031204625336121
ergo_adaptive,231.83333333333337,0.0,0.006033007809374095
ergo_adaptive,231.91666666666663,0.0,0.006033712776345582
ergo_adaptive,232.0,0.0,0.006034423283362268
ergo_adaptive,232.08333333333337,0.0,0.006034974038862014
ergo_adaptive,232.16666666666663,0.0,0.00603258412199433
ergo_adaptive,232.25,0.0,0.006029637413550013
ergo_adaptive,232.33333333333337,0.0,0.006029936376947424
ergo_adaptive,232.41666666666663,0.0,0.0060319759581869995
ergo_adaptive,232.5,0.0,0.006035131285124896
ergo_adaptive,232.58333333333337,0.0,0.0060390914118727615
ergo_adaptive,232.66666666666663,0.0,0.006043670299673122
ergo_adaptive,232.75,0.0,0.006048790115215645
ergo_adaptive,232.83333333333337,0.0,0.006055016684698227
ergo_adaptive,232.91666666666663,0.0,0.0060615541378728054
ergo_adaptive,233.0,0.0,0.006069399434848064
ergo_adaptive,233.08333333333337,0.0,0.006077272865174129
ergo_adaptive,233.16666666666663,0.0,0.006084117857422525
ergo_adaptive,233.25,0.0,0.006090518838628304
ergo_adaptive,233.33333333333337,0.0,0.006096626478671027
ergo_adaptive,233.41666666666663,0.0,0.006102192700604314
ergo_adaptive,233.5,0.0,0.006107584479186649
ergo_adaptive,233.58333333333337,0.0,0.006112674645922301
ergo_adaptive,233.66666666666663,0.0,0.0061176207786474285
ergo_adaptive,233.75,0.0,0.006120653491696403
ergo_adaptive,233.83333333333337,0.0,0.006123981475772944
ergo_adaptive,233.91666666666663,0.0,0.006127724095608903
ergo_adaptive,234.0,0.0,0.006130628052002089
ergo_adaptive,234.08333333333337,0.0,0.006132748806626268
ergo_adaptive,234.16666666666663,0.0,0.006134123509669528
ergo_adaptive,234.25,0.0,0.006134772146217356
ergo_adaptive,234.33333333333337,0.0,0.0061347018641746895
ergo_adaptive,234.41666666666663,0.0,0.006134024579190723
ergo_adaptive,234.5,0.0,0.006132858979070353
ergo_adaptive,234.58333333333337,0.0,0.0061312667239311535
ergo_adaptive,234.66666666666663,0.0,0.006131215246341725
ergo_adaptive,234.75,0.0,0.006130642519270865
ergo_adaptive,234.83333333333337,0.0,0.006129537128978279
ergo_adaptive,234.91666666666663,0.0,0.006128048699907049
ergo_adaptive,235.0,0.0,0.006127794140032712
ergo_adaptive,235.08333333333337,0.0,0.006127705587586386
ergo_adaptive,235.16666666666663,0.0,0.006127979819935381
ergo_adaptive,235.25,0.0,0.006128796151858341
ergo_adaptive,235.33333333333337,0.0,0.006130305295256888
ergo_adaptive,235.41666666666663,0.0,0.006132601886500301
ergo_adaptive,235.5,0.0,0.006136548653720245
ergo_adaptive,235.58333333333337,0.0,0.0061417242295169205
ergo_adaptive,235.66666666666663,0.0,0.006147776507968675
ergo_adaptive,235.75,0.0,0.006154481031332922
ergo_adaptive,235.83333333333337,0.0,0.006161864670427434
ergo_adaptive,235.91666666666663,0.0,0.006169349009559067
ergo_adaptive,236.0,0.0,0.006176507929492402
ergo_adaptive,236.08333333333337,0.0,0.0061833356164895815
ergo_adaptive,236.16666666666663,0.0,0.006189743443097336
ergo_adaptive,236.25,0.0,0.006196696686769577
ergo_adaptive,236.33333333333337,0.0,0.006204206955314066
ergo_adaptive,236.41666666666663,0.0,0.006211656968395836
ergo_adaptive,236.5,0.0,0.006218938356816097
ergo_adaptive,236.58333333333337,0.0,0.006225968330925815
ergo_adaptive,236.66666666666663,0.0,0.0062326603858558136
ergo_adaptive,236.75,0.0,0.006238899202925085
ergo_adaptive,236.83333333333337,0.0,0.006244453760271903
ergo_adaptive,236.91666666666663,0.0,0.006240382247561356
ergo_adaptive,237.0,0.0,0.006237156920025292
ergo_adaptive,237.08333333333337,0.0,0.006234787309846182
ergo_adaptive,237.16666666666663,0.0,0.0062337430385805
ergo_adaptive,237.25,0.0,0.006233844949553773
ergo_adaptive,237.33333333333337,0.0,0.006235669246950213
ergo_adaptive,237.41666666666663,0.0,0.006238311182768104
ergo_adaptive,237.5,0.0,0.0062409645621975506
ergo_adaptive,237.58333333333337,0.0,0.006243563136316696
ergo_adaptive,237.66666666666663,0.0,0.006246065521603552
ergo_adaptive,237.75,0.0,0.006248461430893313
ergo_adaptive,237.83333333333337,0.0,0.0062507399083394505
ergo_adaptive,237.91666666666663,0.0,0.006252887914502373
ergo_adaptive,238.0,0.0,0.006254900639061871
ergo_adaptive,238.08333333333337,0.0,0.0062567987109681525
ergo_adaptive,238.16666666666663,0.0,0.006258664433418369
ergo_adaptive,238.25,0.0,0.006260699238290998
ergo_adaptive,238.33333333333337,0.0,0.006263244840333827
ergo_adaptive,238.41666666666663,0.0,0.006266668384857291
ergo_adaptive,238.5,0.0,0.006271165287378826
ergo_adaptive,238.58333333333337,0.0,0.00627664454618989
ergo_adaptive,238.66666666666663,0.0,0.006282737155401658
ergo_adaptive,238.75,0.0,0.006288915938842579
ergo_adaptive,238.83333333333337,0.0,0.0062947044696405755
ergo_adaptive,238.91666666666663,0.0,0.006300869015098732
ergo_adaptive,239.0,0.0,0.006307756785082329
ergo_adaptive,239.08333333333337,0.0,0.0063149103100486525
ergo_adaptive,239.16666666666663,0.0,0.006322236592805985
ergo_adaptive,239.25,0.0,0.006329622710666765
ergo_adaptive,239.33333333333337,0.0,0.006336971381952952
ergo_adaptive,239.41666666666663,0.0,0.006344207264038626
ergo_adaptive,239.5,0.0,0.0063517837132099015
ergo_adaptive,239.58333333333337,0.0,0.006359307085607747
ergo_adaptive,239.66666666666663,0.0,0.006366581934232203
ergo_adaptive,239.75,0.0,0.006373588928354918
ergo_adaptive,239.83333333333337,0.0,0.006380311076748018
ergo_adaptive,239.91666666666663,0.0,0.006386732027238197
ergo_adaptive,240.0,0.0,0.006392834965441759
ergo_adaptive,240.08333333333337,0.0,0.006398602147357866
ergo_adaptive,240.16666666666663,0.0,0.006404015240856436
ergo_adaptive,240.25,0.0,0.006409056815158302
ergo_adaptive,240.33333333333337,0.0,0.006413713421715989
ergo_adaptive,240.41666666666663,0.0,0.006417980535232002
ergo_adaptive,240.5,0.0,0.00642186886504906
ergo_adaptive,240.58333333333337,0.0,0.0064254102583255
ergo_adaptive,240.66666666666663,0.0,0.006428660620296391
ergo_adaptive,240.75,0.0,0.006431698270580672
ergo_adaptive,240.83333333333337,0.0,0.006434618368663667
ergo_adaptive,240.91666666666663,0.0,0.0064375253218959625
ergo_adaptive,241.0,0.0,0.006440524759464108
ergo_adaptive,241.08333333333337,0.0,0.0064437158379683675
ergo_adaptive,241.16666666666663,0.0,0.006447184167463562
ergo_adaptive,241.25,0.0,0.006450995514119235
ergo_adaptive,241.33333333333337,0.0,0.006455190441271986
ergo_adaptive,241.41666666666663,0.0,0.006459780091795555
ergo_adaptive,241.5,0.0,0.0064647433881488674
ergo_adaptive,241.58333333333337,0.0,0.0064700260819016454
ergo_adaptive,241.66666666666663,0.0,0.00647554236867836
ergo_adaptive,241.75,0.0,0.006481180103726563
ergo_adaptive,241.83333333333337,0.0,0.006486810570675044
ergo_adaptive,241.91666666666663,0.0,0.00649230259970658
ergo_adaptive,242.0,0.0,0.006497538628219675
ergo_adaptive,242.08333333333337,0.0,0.006502594560450494
ergo_adaptive,242.16666666666663,0.0,0.006507605591676805
ergo_adaptive,242.25,0.0,0.0065125926099334885
ergo_adaptive,242.33333333333337,0.0,0.006517530474553397
ergo_adaptive,242.41666666666663,0.0,0.006522381852601101
ergo_adaptive,242.5,0.0,0.006527111448071141
ergo_adaptive,242.58333333333337,0.0,0.006531690589165095
ergo_adaptive,242.66666666666663,0.0,0.006536097622453016
ergo_adaptive,242.75,0.0,0.006540316747336285
ergo_adaptive,242.83333333333337,0.0,0.0065444442752429
ergo_adaptive,242.91666666666663,0.0,0.006550042652357257
ergo_adaptive,243.0,0.0,0.006556734966632566
ergo_adaptive,243.08333333333337,0.0,0.006563196680784173
ergo_adaptive,243.16666666666663,0.0,0.00656942202761835
ergo_adaptive,243.25,0.0,0.006575405539465643
ergo_adaptive,243.33333333333337,0.0,0.006581142483726105
ergo_adaptive,243.41666666666663,0.0,0.006586938214970209
ergo_adaptive,243.5,0.0,0.006593008940096604
ergo_adaptive,243.58333333333337,0.0,0.006598862348028928
ergo_adaptive,243.66666666666663,0.0,0.006604516321503306
ergo_adaptive,243.75,0.0,0.0066100023033509765
ergo_adaptive,243.83333333333337,0.0,0.006615369612430276
ergo_adaptive,243.91666666666663,0.0,0.006620688322838535
ergo_adaptive,244.0,0.0,0.0066260478744265845
ergo_adaptive,244.08333333333337,0.0,0.006631761153047887
ergo_adaptive,244.16666666666663,0.0,0.006638028341955735
ergo_adaptive,244.25,0.0,0.0066452806055825545
ergo_adaptive,244.33333333333337,0.0,0.006652881854380952
ergo_adaptive,244.41666666666663,0.0,0.00666077269013725
ergo_adaptive,244.5,0.0,0.006668594655135696
ergo_adaptive,244.58333333333337,0.0,0.00667614784651681
ergo_adaptive,244.66666666666663,0.0,0.0066849024320319505
ergo_adaptive,244.75,0.0,0.0066934655115647446
ergo_adaptive,244.83333333333337,0.0,0.0067019445249532125
ergo_adaptive,244.91666666666663,0.0,0.006710420822335442
ergo_adaptive,245.0,0.0,0.006718946713238614
ergo_adaptive,245.08333333333337,0.0,0.006727550371768898
ergo_adaptive,245.16666666666663,0.0,0.006736242909957898
ergo_adaptive,245.25,0.0,0.006745024480875481
ergo_adaptive,245.33333333333337,0.0,0.006753888217631895
ergo_adaptive,245.41666666666663,0.0,0.006762913005249878
ergo_adaptive,245.5,0.0,0.006772707427257434
ergo_adaptive,245.58333333333337,0.0,0.006782523195736752
ergo_adaptive,245.66666666666663,0.0,0.00679233528002129
ergo_adaptive,245.75,0.0,0.006802115165710904
ergo_adaptive,245.83333333333337,0.0,0.006811832597083087
ergo_adaptive,245.91666666666663,0.0,0.006825321133231227
ergo_adaptive,246.0,0.0,0.006835781858204043
ergo_adaptive,246.08333333333337,0.0,0.006847324881378549
ergo_adaptive,246.16666666666663,0.0,0.0068585427037018
ergo_adaptive,246.25,0.0,0.006869240488528338
ergo_adaptive,246.33333333333337,0.0,0.006879379565836253
ergo_adaptive,246.41666666666663,0.0,0.0068898773231438285
ergo_adaptive,246.5,0.0,0.006900209990940357
ergo_adaptive,246.58333333333337,0.0,0.006910061308402605
ergo_adaptive,246.66666666666663,0.0,0.006919483343231694
ergo_adaptive,246.75,0.0,0.006928619091053509
ergo_adaptive,246.83333333333337,0.0,0.006937531278056145
ergo_adaptive,246.91666666666663,0.0,0.006946239878741701
ergo_adaptive,247.0,0.0,0.006954749972367654
ergo_adaptive,247.08333333333337,0.0,0.006963063487790434
ergo_adaptive,247.16666666666663,0.0,0.0069711831177717365
ergo_adaptive,247.25,0.0,0.006979113091772102
ergo_adaptive,247.33333333333337,0.0,0.006986858904221066
ergo_adaptive,247.41666666666663,0.0,0.006994426810622836
ergo_adaptive,247.5,0.0,0.007001823366187715
ergo_adaptive,247.58333333333337,0.0,0.007009055076953674
ergo_adaptive,247.66666666666663,0.0,0.007016128162388268
ergo_adaptive,247.75,0.0,0.00702304840817012
ergo_adaptive,247.83333333333337,0.0,0.007029821085592853
ergo_adaptive,247.91666666666663,0.0,0.007036450917405257
ergo_adaptive,248.0,0.0,0.007042942074374412
ergo_adaptive,248.08333333333337,0.0,0.007049298190919118
ergo_adaptive,248.16666666666663,0.0,0.007055522391420414
ergo_adaptive,248.25,0.0,0.0070616173212788656
ergo_adaptive,248.33333333333337,0.0,0.007067585178577978
ergo_adaptive,248.41666666666663,0.0,0.00707342774346822
ergo_adaptive,248.5,0.0,0.007079146403225863
ergo_adaptive,248.58333333333337,0.0,0.007084742171456955
ergo_adaptive,248.66666666666663,0.0,0.0070902157001703206
ergo_adaptive,248.75,0.0,0.007095567283466908
ergo_adaptive,248.83333333333337,0.0,0.00710079685138628
ergo_adaptive,248.91666666666663,0.0,0.007105903951978073
ergo_adaptive,249.0,0.0,0.007110887718851559
ergo_adaptive,249.08333333333337,0.0,0.007115746820223293
ergo_adaptive,249.16666666666663,0.0,0.007120479384030941
ergo_adaptive,249.25,0.0,0.007125082894134124
ergo_adaptive,249.33333333333337,0.0,0.0071295540692386606
ergo_adaptive,249.41666666666663,0.0,0.007133888872983132
ergo_adaptive,249.5,0.0,0.007138084142586207
ergo_adaptive,249.58333333333337,0.0,0.0071421754690942085
ergo_adaptive,249.66666666666663,0.0,0.007148328690267828
ergo_adaptive,249.75,0.0,0.007153931781376066
ergo_adaptive,249.83333333333337,0.0,0.007159230767807653
ergo_adaptive,249.91666666666663,0.0,0.007164272989106155
ergo_adaptive,250.0,0.0,0.007169321133277154
ergo_adaptive,250.08333333333337,0.0,0.007174093460018346
ergo_adaptive,250.16666666666663,0.0,0.007178610438234926
ergo_adaptive,250.25,0.0,0.007182897695810365
ergo_adaptive,250.33333333333337,0.0,0.007186989007010593
ergo_adaptive,250.41666666666663,0.0,0.007190934595168101
ergo_adaptive,250.5,0.0,0.007194822699031388
ergo_adaptive,250.58333333333337,0.0,0.0071994003813486696
ergo_adaptive,250.66666666666663,0.0,0.007204907730773749
ergo_adaptive,250.75,0.0,0.007213911638677102
ergo_adaptive,250.83333333333337,0.0,0.0072224244542629795
ergo_adaptive,250.91666666666663,0.0,0.007230692752364711
ergo_adaptive,251.0,0.0,0.007238585591716598
ergo_adaptive,251.08333333333337,0.0,0.0072460767097554234
ergo_adaptive,251.16666666666663,0.0,0.007254157702839759
ergo_adaptive,251.25,0.0,0.007262036825005366
ergo_adaptive,251.33333333333337,0.0,0.00726960077811016
ergo_adaptive,251.41666666666663,0.0,0.007276885186918426
ergo_adaptive,251.5,0.0,0.007283924429158631
ergo_adaptive,251.58333333333337,0.0,0.007291371843538931
ergo_adaptive,251.66666666666663,0.0,0.0072997122491337526
ergo_adaptive,251.75,0.0,0.00730794603809794
ergo_adaptive,251.83333333333337,0.0,0.0073161213641753315
ergo_adaptive,251.91666666666663,0.0,0.007324127486946511
ergo_adaptive,252.0,0.0,0.007333972140756674
ergo_adaptive,252.08333333333337,0.0,0.007343915061453586
ergo_adaptive,252.16666666666663,0.0,0.007353168943605906
ergo_adaptive,252.25,0.0,0.007361820943374419
ergo_adaptive,252.33333333333337,0.0,0.007369944182287447
ergo_adaptive,252.41666666666663,0.0,0.007377596587597996
ergo_adaptive,252.5,0.0,0.00738482323448519
ergo_adaptive,252.58333333333337,0.0,0.007391660005407624
ergo_adaptive,252.66666666666663,0.0,0.007398136885025976
ergo_adaptive,252.75,0.0,0.007404280195599978
ergo_adaptive,252.83333333333337,0.0,0.007410113800547789
ergo_adaptive,252.91666666666663,0.0,0.007415659596050467
ergo_adaptive,253.0,0.0,0.007420937607859913
ergo_adaptive,253.08333333333337,0.0,0.007425965898686595
ergo_adaptive,253.16666666666663,0.0,0.007430760370887051
ergo_adaptive,253.25,0.0,0.007435334434020789
ergo_adaptive,253.33333333333337,0.0,0.007439698367650073
ergo_adaptive,253.41666666666663,0.0,0.007444996339500746
ergo_adaptive,253.5,0.0,0.007450672231618246
ergo_adaptive,253.58333333333337,0.0,0.007460541024728711
ergo_adaptive,253.66666666666663,0.0,0.007465305801373187
ergo_adaptive,253.75,0.0,0.00747360244318134
ergo_adaptive,253.83333333333337,0.0,0.007481421520963882
ergo_adaptive,253.91666666666663,0.0,0.007488727836914608
ergo_adaptive,254.0,0.0,0.007495525710304518
ergo_adaptive,254.08333333333337,0.0,0.007501840967104836
ergo_adaptive,254.16666666666663,0.0,0.007507710252958866
ergo_adaptive,254.25,0.0,0.0075136258636182415
ergo_adaptive,254.33333333333337,0.0,0.007519355768271155
ergo_adaptive,254.41666666666663,0.0,0.007524785555433272
ergo_adaptive,254.5,0.0,0.007529970207112851
ergo_adaptive,254.58333333333337,0.0,0.007534996613930476
ergo_adaptive,254.66666666666663,0.0,0.007540113799009575
ergo_adaptive,254.75,0.0,0.007545951085718178
ergo_adaptive,254.83333333333337,0.0,0.007552423128849151
ergo_adaptive,254.91666666666663,0.0,0.007559643220705301
ergo_adaptive,255.0,0.0,0.007567146027211075
ergo_adaptive,255.08333333333337,0.0,0.007573993767225549
ergo_adaptive,255.16666666666663,0.0,0.007579715252619392
ergo_adaptive,255.25,0.0,0.007584298602560316
ergo_adaptive,255.33333333333337,0.0,0.0075890573695273035
ergo_adaptive,255.41666666666663,0.0,0.0075947978194288585
ergo_adaptive,255.5,0.0,0.007600834008003862
ergo_adaptive,255.58333333333337,0.0,0.007606788170309662
ergo_adaptive,255.66666666666663,0.0,0.007612422706768118
ergo_adaptive,255.75,0.0,0.007617519236537211
ergo_adaptive,255.83333333333337,0.0,0.007623245435455315
ergo_adaptive,255.91666666666663,0.0,0.007629238667822752
ergo_adaptive,256.0,0.0,0.00763492935994699
ergo_adaptive,256.08333333333337,0.0,0.007640565427776352
ergo_adaptive,256.16666666666663,0.0,0.007645875863476952
ergo_adaptive,256.25,0.0,0.0076507675045273905
ergo_adaptive,256.33333333333337,0.0,0.0076552440529725485
ergo_adaptive,256.41666666666663,0.0,0.007659317394264987
ergo_adaptive,256.5,0.0,0.007663881019381051
ergo_adaptive,256.58333333333337,0.0,0.007668526559608958
ergo_adaptive,256.66666666666663,0.0,0.007675382605782596
ergo_adaptive,256.75,0.0,0.00768250617020192
ergo_adaptive,256.83333333333337,0.0,0.007689540388416232
ergo_adaptive,256.91666666666663,0.0,0.007696248278455716
ergo_adaptive,257.0,0.0,0.007701827818205314
ergo_adaptive,257.08333333333337,0.0,0.0077049471852455535
ergo_adaptive,257.16666666666663,0.0,0.007706434185023597
ergo_adaptive,257.25,0.0,0.007705208133599676
ergo_adaptive,257.33333333333337,0.0,0.0077025300892841105
ergo_adaptive,257.41666666666663,0.0,0.007702366643177802
ergo_adaptive,257.5,0.0,0.0077038750160149955
ergo_adaptive,257.58333333333337,0.0,0.007705764403956243
ergo_adaptive,257.66666666666663,0.0,0.007705523151172382
ergo_adaptive,257.75,0.0,0.007703230560793088
ergo_adaptive,257.83333333333337,0.0,0.007700034039467773
ergo_adaptive,257.91666666666663,0.0,0.0076976139173910415
ergo_adaptive,258.0,0.0,0.007695445387874009
ergo_adaptive,258.08333333333337,0.0,0.007691944298884616
ergo_adaptive,258.16666666666663,0.0,0.007687042774052028
ergo_adaptive,258.25,0.0,0.0076822464803893
ergo_adaptive,258.33333333333337,0.0,0.007678367467750865
ergo_adaptive,258.41666666666663,0.0,0.0076744561031579965
ergo_adaptive,258.5,0.0,0.007669787181527459
ergo_adaptive,258.58333333333337,0.0,0.007665109332150407
ergo_adaptive,258.66666666666663,0.0,0.00766127850843548
ergo_adaptive,258.75,0.0,0.007657796951010714
ergo_adaptive,258.83333333333337,0.0,0.007653667254061068
ergo_adaptive,258.91666666666663,0.0,0.00764904863935391
ergo_adaptive,259.0,0.0,0.007644917523826414
ergo_adaptive,259.08333333333337,0.0,0.007641458825551124
ergo_adaptive,259.16666666666663,0.0,0.007637910403537929
ergo_adaptive,259.25,0.0,0.007634153397254684
ergo_adaptive,259.33333333333337,0.0,0.007631278401673536
ergo_adaptive,259.41666666666663,0.0,0.007630420382620902
ergo_adaptive,259.5,0.0,0.007629584956163069
ergo_adaptive,259.58333333333337,0.0,0.0076279991268775335
ergo_adaptive,259.66666666666663,0.0,0.007625917236742323
ergo_adaptive,259.75,0.0,0.007623951860064991
ergo_adaptive,259.83333333333337,0.0,0.007621926917728306
ergo_adaptive,259.91666666666663,0.0,0.007621847456712344
ergo_adaptive,260.0,0.0,0.007621686414935756
ergo_adaptive,260.08333333333337,0.0,0.0076183178548906326
ergo_adaptive,260.16666666666663,0.0,0.007611081060607776
ergo_adaptive,260.25,0.0,0.007599859725708313
ergo_adaptive,260.33333333333337,0.0,0.007582601922187477
ergo_adaptive,260.41666666666663,0.0,0.007561036279468538
ergo_adaptive,260.5,0.0,0.007538922092735749
ergo_adaptive,260.58333333333337,0.0,0.007515781399662276
ergo_adaptive,260.66666666666663,0.0,0.007488387180106268
ergo_adaptive,260.75,0.0,0.0074570510711316615
ergo_adaptive,260.83333333333337,0.0,0.007424545571548472
ergo_adaptive,260.91666666666663,0.0,0.007391660925010836
ergo_adaptive,261.0,0.0,0.007356107722877876
ergo_adaptive,261.08333333333337,0.0,0.007316389691796089
ergo_adaptive,261.16666666666663,0.0,0.007274233517841084
ergo_adaptive,261.25,0.0,0.007232248048037899
ergo_adaptive,261.33333333333337,0.0,0.00718937357346149
ergo_adaptive,261.41666666666663,0.0,0.0071411873645598305
ergo_adaptive,261.5,0.0,0.007087894233548288
ergo_adaptive,261.58333333333337,0.0,0.007036234276273433
ergo_adaptive,261.66666666666663,0.0,0.006990969124143911
ergo_adaptive,261.75,0.0,0.006935661206921419
ergo_adaptive,261.83333333333337,0.0,0.0068673460226021926
ergo_adaptive,261.91666666666663,0.0,0.006796395990282016
ergo_adaptive,262.0,0.0,0.006729777638646989
ergo_adaptive,262.08333333333337,0.0,0.0066595360357537756
ergo_adaptive,262.16666666666663,0.0,0.006584672480039466
ergo_adaptive,262.25,0.0,0.0065077983971246695
ergo_adaptive,262.33333333333337,0.0,0.006431228736884424
ergo_adaptive,262.41666666666663,0.0,0.006357132692459032
ergo_adaptive,262.5,0.0,0.006280234667108807
ergo_adaptive,262.58333333333337,0.0,0.006196848096214814
ergo_adaptive,262.66666666666663,0.0,0.006112230750697722
ergo_adaptive,262.75,0.0,0.006035816506755841
ergo_adaptive,262.83333333333337,0.0,0.005963109672146046
ergo_adaptive,262.91666666666663,0.0,0.005873227585659727
ergo_adaptive,263.0,0.0,0.00577151964481467
ergo_adaptive,263.08333333333337,0.0,0.0056718814154645475
ergo_adaptive,263.16666666666663,0.0,0.005583000963646678
ergo_adaptive,263.25,0.0,0.005495289477236759
ergo_adaptive,263.33333333333337,0.0,0.005398522409345217
ergo_adaptive,263.41666666666663,0.0,0.005302817459471456
ergo_adaptive,263.5,0.0,0.0052235909607827044
ergo_adaptive,263.58333333333337,0.0,0.005156531542031084
ergo_adaptive,263.66666666666663,0.0,0.005090242212201623
ergo_adaptive,263.75,0.0,0.005023901196312302
ergo_adaptive,263.83333333333337,0.0,0.004964206015362364
ergo_adaptive,263.91666666666663,0.0,0.004929267614943895
ergo_adaptive,264.0,0.0,0.004899573790507712
ergo_adaptive,264.08333333333337,0.0,0.004865696841998348
ergo_adaptive,264.16666666666663,0.0,0.004834262929329316
ergo_adaptive,264.25,0.0,0.004811581931031287
ergo_adaptive,264.33333333333337,0.0,0.004795256538611683
ergo_adaptive,264.41666666666663,0.0,0.004780479771575682
ergo_adaptive,264.5,0.0,0.004767716683651713
ergo_adaptive,264.58333333333337,0.0,0.00475911140020989
ergo_adaptive,264.66666666666663,0.0,0.004755314913103177
ergo_adaptive,264.75,0.0,0.004754897367874443
ergo_adaptive,264.83333333333337,0.0,0.004755512949886434
ergo_adaptive,264.91666666666663,0.0,0.004756625526448743
ergo_adaptive,265.0,0.0,0.004759894492904614
ergo_adaptive,265.08333333333337,0.0,0.004766335266400908
ergo_adaptive,265.16666666666663,0.0,0.004770575557514247
ergo_adaptive,265.25,0.0,0.004773411752800093
ergo_adaptive,265.33333333333337,0.0,0.0047761885377829005
ergo_adaptive,265.41666666666663,0.0,0.004780184318876707
ergo_adaptive,265.5,0.0,0.004784773551691512
ergo_adaptive,265.58333333333337,0.0,0.0047889212150452045
ergo_adaptive,265.66666666666663,0.0,0.004792465896393027
ergo_adaptive,265.75,0.0,0.004796259162780153
ergo_adaptive,265.83333333333337,0.0,0.004801788863417142
ergo_adaptive,265.91666666666663,0.0,0.004809373123836096
ergo_adaptive,266.0,0.0,0.004814496453450613
ergo_adaptive,266.08333333333337,0.0,0.004818547560615838
ergo_adaptive,266.16666666666663,0.0,0.004822913379074287
ergo_adaptive,266.25,0.0,0.004828543081524288
ergo_adaptive,266.33333333333337,0.0,0.004833418438323223
ergo_adaptive,266.41666666666663,0.0,0.004836905249895787
ergo_adaptive,266.5,0.0,0.004840006262337145
ergo_adaptive,266.58333333333337,0.0,0.004844075540723236
ergo_adaptive,266.66666666666663,0.0,0.0048500725061256635
ergo_adaptive,266.75,0.0,0.004857084113728687
ergo_adaptive,266.83333333333337,0.0,0.004860916502496701
ergo_adaptive,266.91666666666663,0.0,0.004863402644562917
ergo_adaptive,267.0,0.0,0.004866558251545181
ergo_adaptive,267.08333333333337,0.0,0.00486958194663971
ergo_adaptive,267.16666666666663,0.0,0.004871182825419654
ergo_adaptive,267.25,0.0,0.004871626417340298
ergo_adaptive,267.33333333333337,0.0,0.0048720353700964615
ergo_adaptive,267.41666666666663,0.0,0.00487413192161764
ergo_adaptive,267.5,0.0,0.004879602280150655
ergo_adaptive,267.58333333333337,0.0,0.004881939312543061
ergo_adaptive,267.66666666666663,0.0,0.004879964133761096
ergo_adaptive,267.75,0.0,0.0048770604050023
ergo_adaptive,267.83333333333337,0.0,0.0048753449040804826
ergo_adaptive,267.91666666666663,0.0,0.004874552021199351
ergo_adaptive,268.0,0.0,0.004873841818252131
ergo_adaptive,268.08333333333337,0.0,0.004872645601374568
ergo_adaptive,268.16666666666663,0.0,0.004871822218000466
ergo_adaptive,268.25,0.0,0.004873820793488361
ergo_adaptive,268.33333333333337,0.0,0.004877646871820483
ergo_adaptive,268.41666666666663,0.0,0.00487718074189245
ergo_adaptive,268.5,0.0,0.004874127299353647
ergo_adaptive,268.58333333333337,0.0,0.004871950833823874
ergo_adaptive,268.66666666666663,0.0,0.004872263386900717
ergo_adaptive,268.75,0.0,0.004874756745917595
ergo_adaptive,268.83333333333337,0.0,0.004878228444746339
ergo_adaptive,268.91666666666663,0.0,0.004882878485820908
ergo_adaptive,269.0,0.0,0.004889736811428584
ergo_adaptive,269.08333333333337,0.0,0.0049003647658188276
ergo_adaptive,269.16666666666663,0.0,0.004911283458214938
ergo_adaptive,269.25,0.0,0.004919886254891718
ergo_adaptive,269.33333333333337,0.0,0.004928417819854243
ergo_adaptive,269.41666666666663,0.0,0.004939848129750458
ergo_adaptive,269.5,0.0,0.004953765450046418
ergo_adaptive,269.58333333333337,0.0,0.004968582068848066
ergo_adaptive,269.66666666666663,0.0,0.004983560553247015
ergo_adaptive,269.75,0.0,0.004998755764846688
ergo_adaptive,269.83333333333337,0.0,0.005014455814358956
ergo_adaptive,269.91666666666663,0.0,0.00503051646342612
ergo_adaptive,270.0,0.0,0.005044687575378456
ergo_adaptive,270.08333333333337,0.0,0.005055284536917451
ergo_adaptive,270.16666666666663,0.0,0.005062910803295396
ergo_adaptive,270.25,0.0,0.005068206993165854
ergo_adaptive,270.33333333333337,0.0,0.005071732187853713
ergo_adaptive,270.41666666666663,0.0,0.005073249625688115
ergo_adaptive,270.5,0.0,0.005071718136341668
ergo_adaptive,270.58333333333337,0.0,0.005067627826197273
ergo_adaptive,270.66666666666663,0.0,0.005062926793529932
ergo_adaptive,270.75,0.0,0.005058275374392336
ergo_adaptive,270.83333333333337,0.0,0.005052449782740447
ergo_adaptive,270.91666666666663,0.0,0.005045131998205248
ergo_adaptive,271.0,0.0,0.005038040311092448
ergo_adaptive,271.08333333333337,0.0,0.0050325910043077125
ergo_adaptive,271.16666666666663,0.0,0.005027813663886047
ergo_adaptive,271.25,0.0,0.005022364529592304
ergo_adaptive,271.33333333333337,0.0,0.00501736253680503
ergo_adaptive,271.41666666666663,0.0,0.005014980406374222
ergo_adaptive,271.5,0.0,0.005014870265819439
ergo_adaptive,271.58333333333337,0.0,0.005014638723216092
ergo_adaptive,271.66666666666663,0.0,0.005014605281651374
ergo_adaptive,271.75,0.0,0.005017288589367367
ergo_adaptive,271.83333333333337,0.0,0.005023386184050052
ergo_adaptive,271.91666666666663,0.0,0.005029922644894938
ergo_adaptive,272.0,0.0,0.005036124835044158
ergo_adaptive,272.08333333333337,0.0,0.005044220683778209
ergo_adaptive,272.16666666666663,0.0,0.005057502264829817
ergo_adaptive,272.25,0.0,0.005071525008581698
ergo_adaptive,272.33333333333337,0.0,0.005084884118791345
ergo_adaptive,272.41666666666663,0.0,0.00509873064270758
ergo_adaptive,272.5,0.0,0.005114422380860023
ergo_adaptive,272.58333333333337,0.0,0.005131283312181216
ergo_adaptive,272.66666666666663,0.0,0.005147402861952804
ergo_adaptive,272.75,0.0,0.005163352998555143
ergo_adaptive,272.83333333333337,0.0,0.005180267608554479
ergo_adaptive,272.91666666666663,0.0,0.00519844504423355
ergo_adaptive,273.0,0.0,0.005216104825077392
ergo_adaptive,273.08333333333337,0.0,0.005233314541654419
ergo_adaptive,273.16666666666663,0.0,0.005250896009813272
ergo_adaptive,273.25,0.0,0.005269321532546203
ergo_adaptive,273.33333333333337,0.0,0.005287632089550215
ergo_adaptive,273.41666666666663,0.0,0.005305310949354846
ergo_adaptive,273.5,0.0,0.005324437267831192
ergo_adaptive,273.58333333333337,0.0,0.005344172105744377
ergo_adaptive,273.66666666666663,0.0,0.005363490953637216
ergo_adaptive,273.75,0.0,0.005383378519963642
ergo_adaptive,273.83333333333337,0.0,0.005403401077211888
ergo_adaptive,273.91666666666663,0.0,0.005422983622709968
ergo_adaptive,274.0,0.0,0.005442112440596942
ergo_adaptive,274.08333333333337,0.0,0.005460787478604834
ergo_adaptive,274.16666666666663,0.0,0.005479018187175257
ergo_adaptive,274.25,0.0,0.005496820450033468
ergo_adaptive,274.33333333333337,0.0,0.005514214265875334
ergo_adaptive,274.41666666666663,0.0,0.0055312219677050075
ergo_adaptive,274.5,0.0,0.005547866867215597
ergo_adaptive,274.58333333333337,0.0,0.005564172249705301
ergo_adaptive,274.66666666666663,0.0,0.005580160658591069
ergo_adaptive,274.75,0.0,0.0055958534148855005
ergo_adaptive,274.83333333333337,0.0,0.005611270322228025
ergo_adaptive,274.91666666666663,0.0,0.005626429513884607
ergo_adaptive,275.0,0.0,0.005641347404557427
ergo_adaptive,275.08333333333337,0.0,0.005656038716408829
ergo_adaptive,275.16666666666663,0.0,0.005670516554931345
ergo_adaptive,275.25,0.0,0.005684792515863478
ergo_adaptive,275.33333333333337,0.0,0.005698876809097802
ergo_adaptive,275.41666666666663,0.0,0.0057135255092393925
ergo_adaptive,275.5,0.0,0.005728828344870799
ergo_adaptive,275.58333333333337,0.0,0.0057438077615248094
ergo_adaptive,275.66666666666663,0.0,0.005758400151503639
ergo_adaptive,275.75,0.0,0.005772682234929486
ergo_adaptive,275.83333333333337,0.0,0.005786673528418645
ergo_adaptive,275.91666666666663,0.0,0.005800379567689525
ergo_adaptive,276.0,0.0,0.005813853581514432
ergo_adaptive,276.08333333333337,0.0,0.005827031708065388
ergo_adaptive,276.16666666666663,0.0,0.0058400854999456015
ergo_adaptive,276.25,0.0,0.005852451654205014
ergo_adaptive,276.33333333333337,0.0,0.00586489387543675
ergo_adaptive,276.41666666666663,0.0,0.00587668054962089
ergo_adaptive,276.5,0.0,0.0058841611362425794
ergo_adaptive,276.58333333333337,0.0,0.005885644757366227
ergo_adaptive,276.66666666666663,0.0,0.0058843854353722875
ergo_adaptive,276.75,0.0,0.0058837261971878075
ergo_adaptive,276.83333333333337,0.0,0.005883595753745176
ergo_adaptive,276.91666666666663,0.0,0.00588197695354074
ergo_adaptive,277.0,0.0,0.005879355141991537
ergo_adaptive,277.08333333333337,0.0,0.005876946749830923
ergo_adaptive,277.16666666666663,0.0,0.00587402560775068
ergo_adaptive,277.25,0.0,0.0058720150469286254
ergo_adaptive,277.33333333333337,0.0,0.005880256951169907
ergo_adaptive,277.41666666666663,0.0,0.005888363285077125
ergo_adaptive,277.5,0.0,0.005894595296635177
ergo_adaptive,277.58333333333337,0.0,0.0059071899325523905
ergo_adaptive,277.66666666666663,0.0,0.005918089309511884
ergo_adaptive,277.75,0.0,0.005926044379140605
ergo_adaptive,277.83333333333337,0.0,0.005938691015968256
ergo_adaptive,277.91666666666663,0.0,0.005949772423518139
ergo_adaptive,278.0,0.0,0.005957926488092342
ergo_adaptive,278.08333333333337,0.0,0.005970149659631976
ergo_adaptive,278.16666666666663,0.0,0.00598119585338326
ergo_adaptive,278.25,0.0,0.005989668068456484
ergo_adaptive,278.33333333333337,0.0,0.006001034015411383
ergo_adaptive,278.41666666666663,0.0,0.006008219557212046
ergo_adaptive,278.5,0.0,0.006017948537421712
ergo_adaptive,278.58333333333337,0.0,0.006030398811724023
ergo_adaptive,278.66666666666663,0.0,0.006042171647454479
ergo_adaptive,278.75,0.0,0.006051523175249301
ergo_adaptive,278.83333333333337,0.0,0.006063584243111117
ergo_adaptive,278.91666666666663,0.0,0.006074834504802393
ergo_adaptive,279.0,0.0,0.006081666129162085
ergo_adaptive,279.08333333333337,0.0,0.0060839582291575935
ergo_adaptive,279.16666666666663,0.0,0.006082277605156508
ergo_adaptive,279.25,0.0,0.006078835485481715
ergo_adaptive,279.33333333333337,0.0,0.006073092543110185
ergo_adaptive,279.41666666666663,0.0,0.00607804261987063
ergo_adaptive,279.5,0.0,0.006084559499474401
ergo_adaptive,279.58333333333337,0.0,0.006094430768670659
ergo_adaptive,279.66666666666663,0.0,0.006105076593546723
ergo_adaptive,279.75,0.0,0.0061107327975003034
ergo_adaptive,279.83333333333337,0.0,0.006113570956292333
ergo_adaptive,279.91666666666663,0.0,0.00611407194253068
ergo_adaptive,280.0,0.0,0.00612155248564875
ergo_adaptive,280.08333333333337,0.0,0.006131833125535619
ergo_adaptive,280.16666666666663,0.0,0.006142718212550365
ergo_adaptive,280.25,0.0,0.006152179751929409
ergo_adaptive,280.33333333333337,0.0,0.006159746912949495
ergo_adaptive,280.41666666666663,0.0,0.0061658777044429685
ergo_adaptive,280.5,0.0,0.006171261756593558
ergo_adaptive,280.58333333333337,0.0,0.006176187795791583
ergo_adaptive,280.66666666666663,0.0,0.006180993937897843
ergo_adaptive,280.75,0.0,0.00618645303436038
ergo_adaptive,280.83333333333337,0.0,0.006192977531576868
ergo_adaptive,280.91666666666663,0.0,0.006199423639979756
ergo_adaptive,281.0,0.0,0.006204731031826383
ergo_adaptive,281.08333333333337,0.0,0.0062099654494067675
ergo_adaptive,281.16666666666663,0.0,0.0062173016055600775
ergo_adaptive,281.25,0.0,0.006225590872747914
ergo_adaptive,281.33333333333337,0.0,0.00623245952773352
ergo_adaptive,281.41666666666663,0.0,0.006237398413821729
ergo_adaptive,281.5,0.0,0.006240854454196662
ergo_adaptive,281.58333333333337,0.0,0.006243439273242989
ergo_adaptive,281.66666666666663,0.0,0.006244979030034364
ergo_adaptive,281.75,0.0,0.006244879085591534
ergo_adaptive,281.83333333333337,0.0,0.00624335217883572
ergo_adaptive,281.91666666666663,0.0,0.0062412311422721505
ergo_adaptive,282.0,0.0,0.0062387051950225205
ergo_adaptive,282.08333333333337,0.0,0.00623507133017697
ergo_adaptive,282.16666666666663,0.0,0.0062304522224575385
ergo_adaptive,282.25,0.0,0.006225820475134449
ergo_adaptive,282.33333333333337,0.0,0.006221384998228089
ergo_adaptive,282.41666666666663,0.0,0.006216483699642143
ergo_adaptive,282.5,0.0,0.006210743590610536
ergo_adaptive,282.58333333333337,0.0,0.00620686809465468
ergo_adaptive,282.66666666666663,0.0,0.006203547928051865
ergo_adaptive,282.75,0.0,0.006201028952673911
ergo_adaptive,282.83333333333337,0.0,0.006198579653608687
ergo_adaptive,282.91666666666663,0.0,0.0061959621695544705
ergo_adaptive,283.0,0.0,0.006194096173700621
ergo_adaptive,283.08333333333337,0.0,0.0061930348648777545
ergo_adaptive,283.16666666666663,0.0,0.0061919992377169435
ergo_adaptive,283.25,0.0,0.006190838127857914
ergo_adaptive,283.33333333333337,0.0,0.006190298322789629
ergo_adaptive,283.41666666666663,0.0,0.006190751661901543
ergo_adaptive,283.5,0.0,0.006191581357739607
ergo_adaptive,283.58333333333337,0.0,0.006192341718922505
ergo_adaptive,283.66666666666663,0.0,0.006193530194020121
ergo_adaptive,283.75,0.0,0.006195731296893872
ergo_adaptive,283.83333333333337,0.0,0.006198597971108196
ergo_adaptive,283.91666666666663,0.0,0.006201490994538763
ergo_adaptive,284.0,0.0,0.006204551776486497
ergo_adaptive,284.08333333333337,0.0,0.006208382967313192
ergo_adaptive,284.16666666666663,0.0,0.006212986888496818
ergo_adaptive,284.25,0.0,0.006217795400939952
ergo_adaptive,284.33333333333337,0.0,0.0062227368759514064
ergo_adaptive,284.41666666666663,0.0,0.006228331575111979
ergo_adaptive,284.5,0.0,0.006234783498092119
ergo_adaptive,284.58333333333337,0.0,0.006241654052471656
ergo_adaptive,284.66666666666663,0.0,0.0062487338374473175
ergo_adaptive,284.75,0.0,0.006256447390280256
ergo_adaptive,284.83333333333337,0.0,0.006265030497634181
ergo_adaptive,284.91666666666663,0.0,0.006273808232499644
ergo_adaptive,285.0,0.0,0.00628236371125386
ergo_adaptive,285.08333333333337,0.0,0.0062908119781348295
ergo_adaptive,285.16666666666663,0.0,0.006299410249022763
ergo_adaptive,285.25,0.0,0.0063080069544360975
ergo_adaptive,285.33333333333337,0.0,0.006316666331035748
ergo_adaptive,285.41666666666663,0.0,0.00632430829846439
ergo_adaptive,285.5,0.0,0.006330444980219793
ergo_adaptive,285.58333333333337,0.0,0.006335385010649343
ergo_adaptive,285.66666666666663,0.0,0.006339581048356849
ergo_adaptive,285.75,0.0,0.00634048446693231
ergo_adaptive,285.83333333333337,0.0,0.0063381988015161215
ergo_adaptive,285.91666666666663,0.0,0.006334794918827611
ergo_adaptive,286.0,0.0,0.00633160609785159
ergo_adaptive,286.08333333333337,0.0,0.006327564361959442
ergo_adaptive,286.16666666666663,0.0,0.006321400822268852
ergo_adaptive,286.25,0.0,0.006313826600868304
ergo_adaptive,286.33333333333337,0.0,0.006306016793440404
ergo_adaptive,286.41666666666663,0.0,0.006297940338233112
ergo_adaptive,286.5,0.0,0.006288240255438186
ergo_adaptive,286.58333333333337,0.0,0.006276646817291575
ergo_adaptive,286.66666666666663,0.0,0.006264554962146823
ergo_adaptive,286.75,0.0,0.006252790124574701
ergo_adaptive,286.83333333333337,0.0,0.006250195052759912
ergo_adaptive,286.91666666666663,0.0,0.006248374352867085
ergo_adaptive,287.0,0.0,0.006249546841104037
ergo_adaptive,287.08333333333337,0.0,0.006252518535061696
ergo_adaptive,287.16666666666663,0.0,0.006256511985494316
ergo_adaptive,287.25,0.0,0.006261089144880328
ergo_adaptive,287.33333333333337,0.0,0.006262307263096805
ergo_adaptive,287.41666666666663,0.0,0.006264502999894754
ergo_adaptive,287.5,0.0,0.006267544542788541
ergo_adaptive,287.58333333333337,0.0,0.006271756113946306
ergo_adaptive,287.66666666666663,0.0,0.006276606341587432
ergo_adaptive,287.75,0.0,0.0062783492413025915
ergo_adaptive,287.83333333333337,0.0,0.0062810088621569025
ergo_adaptive,287.91666666666663,0.0,0.006284321391658644
ergo_adaptive,288.0,0.0,0.006284860489588113
ergo_adaptive,288.08333333333337,0.0,0.006288536208285525
ergo_adaptive,288.16666666666663,0.0,0.00629198165833726
ergo_adaptive,288.25,0.0,0.006291377077868186
ergo_adaptive,288.33333333333337,0.0,0.006292488971424934
ergo_adaptive,288.41666666666663,0.0,0.006294786683676979
ergo_adaptive,288.5,0.0,0.0062979043183864535
ergo_adaptive,288.58333333333337,0.0,0.006301618001791947
ergo_adaptive,288.66666666666663,0.0,0.006305759186858376
ergo_adaptive,288.75,0.0,0.00630793795596445
ergo_adaptive,288.83333333333337,0.0,0.00631102932870902
ergo_adaptive,288.91666666666663,0.0,0.006315183783310092
ergo_adaptive,289.0,0.0,0.006320312832515983
ergo_adaptive,289.08333333333337,0.0,0.006324220814803273
ergo_adaptive,289.16666666666663,0.0,0.006329146180742877
ergo_adaptive,289.25,0.0,0.006334689600147838
ergo_adaptive,289.33333333333337,0.0,0.006340710087702545
ergo_adaptive,289.41666666666663,0.0,0.006347330773547641
ergo_adaptive,289.5,0.0,0.006351081527618561
ergo_adaptive,289.58333333333337,0.0,0.006355792479824145
ergo_adaptive,289.66666666666663,0.0,0.006360873737441997
ergo_adaptive,289.75,0.0,0.006366345009724718
ergo_adaptive,289.83333333333337,0.0,0.006372281268795263
ergo_adaptive,289.91666666666663,0.0,0.006373333402374388
ergo_adaptive,290.0,0.0,0.006375413433139252
ergo_adaptive,290.08333333333337,0.0,0.006378202639256071
ergo_adaptive,290.16666666666663,0.0,0.006381458705349056
ergo_adaptive,290.25,0.0,0.006385094344203356
ergo_adaptive,290.33333333333337,0.0,0.00638901464817697
ergo_adaptive,290.41666666666663,0.0,0.006391624254365836
ergo_adaptive,290.5,0.0,0.00638962325425987
ergo_adaptive,290.58333333333337,0.0,0.00638899839201756
ergo_adaptive,290.66666666666663,0.0,0.006389650396189153
ergo_adaptive,290.75,0.0,0.006391024630344261
ergo_adaptive,290.83333333333337,0.0,0.006392990018142584
ergo_adaptive,290.91666666666663,0.0,0.0063959345931625
ergo_adaptive,291.0,0.0,0.006395251513991893
ergo_adaptive,291.08333333333337,0.0,0.006395892634015482
ergo_adaptive,291.16666666666663,0.0,0.006397471590943618
ergo_adaptive,291.25,0.0,0.006399723233666865
ergo_adaptive,291.33333333333337,0.0,0.006402438734107982
ergo_adaptive,291.41666666666663,0.0,0.006403193316193292
ergo_adaptive,291.5,0.0,0.006404919461191583
ergo_adaptive,291.58333333333337,0.0,0.006407339990520247
ergo_adaptive,291.66666666666663,0.0,0.0064102563164526
ergo_adaptive,291.75,0.0,0.006412059976081178
ergo_adaptive,291.83333333333337,0.0,0.006415555097045363
ergo_adaptive,291.91666666666663,0.0,0.0064178417599745664
ergo_adaptive,292.0,0.0,0.006420839276134832
ergo_adaptive,292.08333333333337,0.0,0.006424264216960964
ergo_adaptive,292.16666666666663,0.0,0.006427920568735742
ergo_adaptive,292.25,0.0,0.006431414186650397
ergo_adaptive,292.33333333333337,0.0,0.006433858196324937
ergo_adaptive,292.41666666666663,0.0,0.006436543213517252
ergo_adaptive,292.5,0.0,0.00643920163843077
ergo_adaptive,292.58333333333337,0.0,0.00644122395241199
ergo_adaptive,292.66666666666663,0.0,0.006438864052612326
ergo_adaptive,292.75,0.0,0.006437603816775388
ergo_adaptive,292.83333333333337,0.0,0.0064370695279895715
ergo_adaptive,292.91666666666663,0.0,0.006437006257780493
ergo_adaptive,293.0,0.0,0.00643721606717298
ergo_adaptive,293.08333333333337,0.0,0.006437479567760788
ergo_adaptive,293.16666666666663,0.0,0.006436994180967656
ergo_adaptive,293.25,0.0,0.006433493768055866
ergo_adaptive,293.33333333333337,0.0,0.006431450045511961
ergo_adaptive,293.41666666666663,0.0,0.006430352408280749
ergo_adaptive,293.5,0.0,0.00642923103381299
ergo_adaptive,293.58333333333337,0.0,0.006424896916011922
ergo_adaptive,293.66666666666663,0.0,0.006422953707260731
ergo_adaptive,293.75,0.0,0.006422242457808304
ergo_adaptive,293.83333333333337,0.0,0.0064159274316728755
ergo_adaptive,293.91666666666663,0.0,0.006413137080661367
ergo_adaptive,294.0,0.0,0.006412395141732233
ergo_adaptive,294.08333333333337,0.0,0.006412599875269889
ergo_adaptive,294.16666666666663,0.0,0.006410890776926366
ergo_adaptive,294.25,0.0,0.0064103646865651615
ergo_adaptive,294.33333333333337,0.0,0.006406999123593204
ergo_adaptive,294.41666666666663,0.0,0.006405492180949555
ergo_adaptive,294.5,0.0,0.006405469493117164
ergo_adaptive,294.58333333333337,0.0,0.006406704582934361
ergo_adaptive,294.66666666666663,0.0,0.006408457676518334
ergo_adaptive,294.75,0.0,0.006410353634996607
ergo_adaptive,294.83333333333337,0.0,0.006408922529227512
ergo_adaptive,294.91666666666663,0.0,0.006408724770121171
ergo_adaptive,295.0,0.0,0.006409655067826427
ergo_adaptive,295.08333333333337,0.0,0.006411596861828774
ergo_adaptive,295.16666666666663,0.0,0.00641388400346966
ergo_adaptive,295.25,0.0,0.006416281283204348
ergo_adaptive,295.33333333333337,0.0,0.006414720232443265
ergo_adaptive,295.41666666666663,0.0,0.006414611423727243
ergo_adaptive,295.5,0.0,0.006415343951404644
ergo_adaptive,295.58333333333337,0.0,0.006416262451142446
ergo_adaptive,295.66666666666663,0.0,0.006413853553133346
ergo_adaptive,295.75,0.0,0.006412917636607102
ergo_adaptive,295.83333333333337,0.0,0.006412975374358142
ergo_adaptive,295.91666666666663,0.0,0.006413664907112774
ergo_adaptive,296.0,0.0,0.0064141818234525
ergo_adaptive,296.08333333333337,0.0,0.006411005351864395
ergo_adaptive,296.16666666666663,0.0,0.006409635416072753
ergo_adaptive,296.25,0.0,0.0064094935543215605
ergo_adaptive,296.33333333333337,0.0,0.006410190744118678
ergo_adaptive,296.41666666666663,0.0,0.006411425704164464
ergo_adaptive,296.5,0.0,0.006412664754137233
ergo_adaptive,296.58333333333337,0.0,0.006411179345873706
ergo_adaptive,296.66666666666663,0.0,0.006410973712485887
ergo_adaptive,296.75,0.0,0.006411612925164466
ergo_adaptive,296.83333333333337,0.0,0.006412827293137344
ergo_adaptive,296.91666666666663,0.0,0.006414415099442626
ergo_adaptive,297.0,0.0,0.00641598663010379
ergo_adaptive,297.08333333333337,0.0,0.00641270798049632
ergo_adaptive,297.16666666666663,0.0,0.0064108427752015895
ergo_adaptive,297.25,0.0,0.006410092041345851
ergo_adaptive,297.33333333333337,0.0,0.006410048896504637
ergo_adaptive,297.41666666666663,0.0,0.006410466439298162
ergo_adaptive,297.5,0.0,0.006411206585304126
ergo_adaptive,297.58333333333337,0.0,0.006412171819431006
ergo_adaptive,297.66666666666663,0.0,0.006413285843228782
ergo_adaptive,297.75,0.0,0.006414484227853353
ergo_adaptive,297.83333333333337,0.0,0.006415706325822348
ergo_adaptive,297.91666666666663,0.0,0.006416883313211128
ergo_adaptive,298.0,0.0,0.006417904948229793
ergo_adaptive,298.08333333333337,0.0,0.006418374261331799
ergo_adaptive,298.16666666666663,0.0,0.006415548012378143
ergo_adaptive,298.25,0.0,0.006413897001570209
ergo_adaptive,298.33333333333337,0.0,0.006412979098666263
ergo_adaptive,298.41666666666663,0.0,0.006412596592470026
ergo_adaptive,298.5,0.0,0.006412605010395629
ergo_adaptive,298.58333333333337,0.0,0.006412890045848641
ergo_adaptive,298.66666666666663,0.0,0.00641335659116611
ergo_adaptive,298.75,0.0,0.00641391877130011
ergo_adaptive,298.83333333333337,0.0,0.006414486472001594
ergo_adaptive,298.91666666666663,0.0,0.006414931136659146
ergo_adaptive,299.0,0.0,0.006414845448776627
ergo_adaptive,299.08333333333337,0.0,0.006411195499481047
ergo_adaptive,299.16666666666663,0.0,0.006408817637288825
ergo_adaptive,299.25,0.0,0.0064073649402776895
ergo_adaptive,299.33333333333337,0.0,0.006406637285845252
ergo_adaptive,299.41666666666663,0.0,0.0064063838719684175
ergo_adaptive,299.5,0.0,0.006406468325453786
ergo_adaptive,299.58333333333337,0.0,0.006406796980167167
ergo_adaptive,299.66666666666663,0.0,0.006407298722052701
ergo_adaptive,299.75,0.0,0.006407914751165798
ergo_adaptive,299.83333333333337,0.0,0.006408586872519196
ergo_adaptive,299.91666666666663,0.0,0.006409221965591143
ergo_adaptive,300.0,0.0,0.00640924532636535
ergo_adaptive,300.08333333333337,0.0,0.006410542169969546
ergo_adaptive,300.16666666666663,0.0,0.006412104204431039
ergo_adaptive,300.25,0.0,0.006413954937364601
ergo_adaptive,300.33333333333337,0.0,0.0064160054324273515
ergo_adaptive,300.41666666666663,0.0,0.006418195937949433
ergo_adaptive,300.5,0.0,0.00641983867268268
ergo_adaptive,300.58333333333337,0.0,0.006419689838808204
ergo_adaptive,300.66666666666663,0.0,0.006420305912397098
ergo_adaptive,300.75,0.0,0.006421246871178848
ergo_adaptive,300.83333333333337,0.0,0.006422404342357514
ergo_adaptive,300.91666666666663,0.0,0.00642369440912672
ergo_adaptive,301.0,0.0,0.006425023119641856
ergo_adaptive,301.08333333333337,0.0,0.006426239255533708
ergo_adaptive,301.16666666666663,0.0,0.006427146071844767
ergo_adaptive,301.25,0.0,0.006427635033847576
ergo_adaptive,301.33333333333337,0.0,0.006427736449705005
ergo_adaptive,301.41666666666663,0.0,0.0064274925306681
ergo_adaptive,301.5,0.0,0.0064269206929968665
ergo_adaptive,301.58333333333337,0.0,0.00642601397524373
ergo_adaptive,301.66666666666663,0.0,0.0064247374016777525
ergo_adaptive,301.75,0.0,0.006423011559271984
ergo_adaptive,301.83333333333337,0.0,0.00642064970942499
ergo_adaptive,301.91666666666663,0.0,0.006416912159776879
ergo_adaptive,302.0,0.0,0.006407840831029224
ergo_adaptive,302.08333333333337,0.0,0.006400413708544641
ergo_adaptive,302.16666666666663,0.0,0.006394366233301017
ergo_adaptive,302.25,0.0,0.006390206068140157
ergo_adaptive,302.33333333333337,0.0,0.006386797800861584
ergo_adaptive,302.41666666666663,0.0,0.006383789056433951
ergo_adaptive,302.5,0.0,0.0063810303603156265
ergo_adaptive,302.58333333333337,0.0,0.006378390556552635
ergo_adaptive,302.66666666666663,0.0,0.006375739912261182
ergo_adaptive,302.75,0.0,0.006372950290097177
ergo_adaptive,302.83333333333337,0.0,0.006369817052412293
ergo_adaptive,302.91666666666663,0.0,0.006365914877491037
ergo_adaptive,303.0,0.0,0.0063603091961369086
ergo_adaptive,303.08333333333337,0.0,0.006353334300547687
ergo_adaptive,303.16666666666663,0.0,0.006346041412025716
ergo_adaptive,303.25,0.0,0.006338324489050051
ergo_adaptive,303.33333333333337,0.0,0.0063307981528121626
ergo_adaptive,303.41666666666663,0.0,0.006322121892266661
ergo_adaptive,303.5,0.0,0.006312934330810805
ergo_adaptive,303.58333333333337,0.0,0.006303432560808201
ergo_adaptive,303.66666666666663,0.0,0.006293901740161223
ergo_adaptive,303.75,0.0,0.006286434962536718
ergo_adaptive,303.83333333333337,0.0,0.0062795834273640175
ergo_adaptive,303.91666666666663,0.0,0.006273032350599535
ergo_adaptive,304.0,0.0,0.006266821189115077
ergo_adaptive,304.08333333333337,0.0,0.006260971133304055
ergo_adaptive,304.16666666666663,0.0,0.006255490030161307
ergo_adaptive,304.25,0.0,0.0062503702606800954
ergo_adaptive,304.33333333333337,0.0,0.006245593969537225
ergo_adaptive,304.41666666666663,0.0,0.0062411275428929346
ergo_adaptive,304.5,0.0,0.006236929496187004
ergo_adaptive,304.58333333333337,0.0,0.0062334319909407975
ergo_adaptive,304.66666666666663,0.0,0.006230271356065514
ergo_adaptive,304.75,0.0,0.006227187827250771
ergo_adaptive,304.83333333333337,0.0,0.006224106611404471
ergo_adaptive,304.91666666666663,0.0,0.006220952123009989
ergo_adaptive,305.0,0.0,0.006217652118433254
ergo_adaptive,305.08333333333337,0.0,0.006214549193242918
ergo_adaptive,305.16666666666663,0.0,0.006212957987952233
ergo_adaptive,305.25,0.0,0.006211670604458505
ergo_adaptive,305.33333333333337,0.0,0.006210622187446946
ergo_adaptive,305.41666666666663,0.0,0.006209724300744277
ergo_adaptive,305.5,0.0,0.0062088848639959525
ergo_adaptive,305.58333333333337,0.0,0.006208464808713379
ergo_adaptive,305.66666666666663,0.0,0.0062084667094738245
ergo_adaptive,305.75,0.0,0.006208293817561991
ergo_adaptive,305.83333333333337,0.0,0.0062078931099088415
ergo_adaptive,305.91666666666663,0.0,0.006207226746939065
ergo_adaptive,306.0,0.0,0.0062062729686698315
ergo_adaptive,306.08333333333337,0.0,0.006205026281420008
ergo_adaptive,306.16666666666663,0.0,0.006203496893350057
ergo_adaptive,306.25,0.0,0.006201709429271263
ergo_adaptive,306.33333333333337,0.0,0.006199700983168362
ergo_adaptive,306.41666666666663,0.0,0.006197518582679743
ergo_adaptive,306.5,0.0,0.006195216164689846
ergo_adaptive,306.58333333333337,0.0,0.006192851193320562
ergo_adaptive,306.66666666666663,0.0,0.006190481078216752
ergo_adaptive,306.75,0.0,0.0061881595604396855
ergo_adaptive,306.83333333333337,0.0,0.006185933220401409
ergo_adaptive,306.91666666666663,0.0,0.006183838230519292
ergo_adaptive,307.0,0.0,0.006181897438051499
ergo_adaptive,307.08333333333337,0.0,0.006180117845565734
ergo_adaptive,307.16666666666663,0.0,0.006178488592317248
ergo_adaptive,307.25,0.0,0.006176979665714485
ergo_adaptive,307.33333333333337,0.0,0.0061762629175285836
ergo_adaptive,307.41666666666663,0.0,0.0061760544056620745
ergo_adaptive,307.5,0.0,0.006175766654205884
ergo_adaptive,307.58333333333337,0.0,0.006175505453402551
ergo_adaptive,307.66666666666663,0.0,0.00617546914741686
ergo_adaptive,307.75,0.0,0.006175731615796317
ergo_adaptive,307.83333333333337,0.0,0.006176281369645957
ergo_adaptive,307.91666666666663,0.0,0.006177058521789448
ergo_adaptive,308.0,0.0,0.006177985374244686
ergo_adaptive,308.08333333333337,0.0,0.006178985499117062
ergo_adaptive,308.16666666666663,0.0,0.0061799916541461835
ergo_adaptive,308.25,0.0,0.006180946504323111
ergo_adaptive,308.33333333333337,0.0,0.0061817995639884
ergo_adaptive,308.41666666666663,0.0,0.006182500461327851
ergo_adaptive,308.5,0.0,0.0061839286512421635
ergo_adaptive,308.58333333333337,0.0,0.006183154935458574
ergo_adaptive,308.66666666666663,0.0,0.006181424477315635
ergo_adaptive,308.75,0.0,0.006181191879997038
ergo_adaptive,308.83333333333337,0.0,0.006181672708721396
ergo_adaptive,308.91666666666663,0.0,0.00618246325872077
ergo_adaptive,309.0,0.0,0.0061833308541314105
ergo_adaptive,309.08333333333337,0.0,0.00618413371493462
ergo_adaptive,309.16666666666663,0.0,0.006184782888785596
ergo_adaptive,309.25,0.0,0.006185221897554053
ergo_adaptive,309.33333333333337,0.0,0.006185414890949991
ergo_adaptive,309.41666666666663,0.0,0.006185339245675626
ergo_adaptive,309.5,0.0,0.006184980610301817
ergo_adaptive,309.58333333333337,0.0,0.006184329292910603
ergo_adaptive,309.66666666666663,0.0,0.006183377262754248
ergo_adaptive,309.75,0.0,0.006182115087187772
ergo_adaptive,309.83333333333337,0.0,0.006180527763473782
ergo_adaptive,309.91666666666663,0.0,0.006178586905387185
ergo_adaptive,310.0,0.0,0.006176229917926919
ergo_adaptive,310.08333333333337,0.0,0.006173259475584882
ergo_adaptive,310.16666666666663,0.0,0.00616845231594648
ergo_adaptive,310.25,0.0,0.00616443726279407
ergo_adaptive,310.33333333333337,0.0,0.0061610393050158425
ergo_adaptive,310.41666666666663,0.0,0.00615846108561151
ergo_adaptive,310.5,0.0,0.006156310379715675
ergo_adaptive,310.58333333333337,0.0,0.006154418569519519
ergo_adaptive,310.66666666666663,0.0,0.006152701616371851
ergo_adaptive,310.75,0.0,0.006151109197495613
ergo_adaptive,310.83333333333337,0.0,0.006149607982968299
ergo_adaptive,310.91666666666663,0.0,0.006148767805210107
ergo_adaptive,311.0,0.0,0.006148170809538605
ergo_adaptive,311.08333333333337,0.0,0.006147611463545918
ergo_adaptive,311.16666666666663,0.0,0.0061470803797740855
ergo_adaptive,311.25,0.0,0.006146569250024598
ergo_adaptive,311.33333333333337,0.0,0.006146068489222718
ergo_adaptive,311.41666666666663,0.0,0.00614556212692746
ergo_adaptive,311.5,0.0,0.006145011124548168
ergo_adaptive,311.58333333333337,0.0,0.0061442546471514635
ergo_adaptive,311.66666666666663,0.0,0.00614256254035657
ergo_adaptive,311.75,0.0,0.006142817459909318
ergo_adaptive,311.83333333333337,0.0,0.0061431626591471385
ergo_adaptive,311.91666666666663,0.0,0.006143549559740721
ergo_adaptive,312.0,0.0,0.006143362050916415
ergo_adaptive,312.08333333333337,0.0,0.0061436015182380465
ergo_adaptive,312.16666666666663,0.0,0.006138295930243088
ergo_adaptive,312.25,0.0,0.006134689613784918
ergo_adaptive,312.33333333333337,0.0,0.006132113663902607
ergo_adaptive,312.41666666666663,0.0,0.00613014753794603
ergo_adaptive,312.5,0.0,0.0061285158253331865
ergo_adaptive,312.58333333333337,0.0,0.0061270316630182625
ergo_adaptive,312.66666666666663,0.0,0.006125563661473256
ergo_adaptive,312.75,0.0,0.006124015429445289
ergo_adaptive,312.83333333333337,0.0,0.0061226213928674295
ergo_adaptive,312.91666666666663,0.0,0.006121515376101873
ergo_adaptive,313.0,0.0,0.00612013925479285
ergo_adaptive,313.08333333333337,0.0,0.006118433161741121
ergo_adaptive,313.16666666666663,0.0,0.006116325952423745
ergo_adaptive,313.25,0.0,0.006113720805297061
ergo_adaptive,313.33333333333337,0.0,0.0061104640291159045
ergo_adaptive,313.41666666666663,0.0,0.0061062533214236185
ergo_adaptive,313.5,0.0,0.006100196108982392
ergo_adaptive,313.58333333333337,0.0,0.006087208333292864
ergo_adaptive,313.66666666666663,0.0,0.006068923353217844
ergo_adaptive,313.75,0.0,0.006053904740679423
ergo_adaptive,313.83333333333337,0.0,0.006036689485517347
ergo_adaptive,313.91666666666663,0.0,0.006016269572867951
ergo_adaptive,314.0,0.0,0.0059922125742877105
ergo_adaptive,314.08333333333337,0.0,0.005960232188459663
ergo_adaptive,314.16666666666663,0.0,0.005920245598376406
ergo_adaptive,314.25,0.0,0.005882024887822325
ergo_adaptive,314.33333333333337,0.0,0.005849052867547605
ergo_adaptive,314.41666666666663,0.0,0.005817508837856978
ergo_adaptive,314.5,0.0,0.005785502209522718
ergo_adaptive,314.58333333333337,0.0,0.005752574808467336
ergo_adaptive,314.66666666666663,0.0,0.005721403847829564
ergo_adaptive,314.75,0.0,0.005696864087250516
ergo_adaptive,314.83333333333337,0.0,0.005679770497573741
ergo_adaptive,314.91666666666663,0.0,0.0056602863146829685
ergo_adaptive,315.0,0.0,0.0056406411436774155
ergo_adaptive,315.08333333333337,0.0,0.005625044009428254
ergo_adaptive,315.16666666666663,0.0,0.005612195997257416
ergo_adaptive,315.25,0.0,0.005597004130351583
ergo_adaptive,315.33333333333337,0.0,0.005581186739805165
ergo_adaptive,315.41666666666663,0.0,0.005568014907169593
ergo_adaptive,315.5,0.0,0.005558097402393857
ergo_adaptive,315.58333333333337,0.0,0.005549179054330399
ergo_adaptive,315.66666666666663,0.0,0.005540287582624987
ergo_adaptive,315.75,0.0,0.005532424170210531
ergo_adaptive,315.83333333333337,0.0,0.005526392053404461
ergo_adaptive,315.91666666666663,0.0,0.005521637414232962
ergo_adaptive,316.0,0.0,0.005517330142543212
ergo_adaptive,316.08333333333337,0.0,0.0055135613559351496
ergo_adaptive,316.16666666666663,0.0,0.0055112083607535434
ergo_adaptive,316.25,0.0,0.005510890156734042
ergo_adaptive,316.33333333333337,0.0,0.005511083569126652
ergo_adaptive,316.41666666666663,0.0,0.00551041058293572
ergo_adaptive,316.5,0.0,0.005512477896474747
ergo_adaptive,316.58333333333337,0.0,0.005516943211118571
ergo_adaptive,316.66666666666663,0.0,0.00552159942371571
ergo_adaptive,316.75,0.0,0.005527564281074327
ergo_adaptive,316.83333333333337,0.0,0.005533141407120524
ergo_adaptive,316.91666666666663,0.0,0.005538936577227246
ergo_adaptive,317.0,0.0,0.005544478375167173
ergo_adaptive,317.08333333333337,0.0,0.005550102550487729
ergo_adaptive,317.16666666666663,0.0,0.005555482245346863
ergo_adaptive,317.25,0.0,0.005560607287043914
ergo_adaptive,317.33333333333337,0.0,0.005565114385089947
ergo_adaptive,317.41666666666663,0.0,0.005569818022489058
ergo_adaptive,317.5,0.0,0.005574313433862085
ergo_adaptive,317.58333333333337,0.0,0.005578614753740058
ergo_adaptive,317.66666666666663,0.0,0.005582973482294961
ergo_adaptive,317.75,0.0,0.005587308517858382
ergo_adaptive,317.83333333333337,0.0,0.00559122762778635
ergo_adaptive,317.91666666666663,0.0,0.005594891374047901
ergo_adaptive,318.0,0.0,0.005598357998050002
ergo_adaptive,318.08333333333337,0.0,0.005602918580836334
ergo_adaptive,318.16666666666663,0.0,0.005607758806522733
ergo_adaptive,318.25,0.0,0.005612029698219476
ergo_adaptive,318.33333333333337,0.0,0.005616678608957645
ergo_adaptive,318.41666666666663,0.0,0.005621333523054376
ergo_adaptive,318.5,0.0,0.005625678094778714
ergo_adaptive,318.58333333333337,0.0,0.005629779641252077
ergo_adaptive,318.66666666666663,0.0,0.005633782261742927
ergo_adaptive,318.75,0.0,0.005637882306479859
ergo_adaptive,318.83333333333337,0.0,0.005641808423677779
ergo_adaptive,318.91666666666663,0.0,0.005645629013604652
ergo_adaptive,319.0,0.0,0.005650156539078495
ergo_adaptive,319.08333333333337,0.0,0.005653129178397256
ergo_adaptive,319.16666666666663,0.0,0.00565575496939149
ergo_adaptive,319.25,0.0,0.005659277500459001
ergo_adaptive,319.33333333333337,0.0,0.005662998870169421
ergo_adaptive,319.41666666666663,0.0,0.005666344437645236
ergo_adaptive,319.5,0.0,0.00566839392360963
ergo_adaptive,319.58333333333337,0.0,0.005671169904658173
ergo_adaptive,319.66666666666663,0.0,0.00567353179318761
ergo_adaptive,319.75,0.0,0.0056754780432756655
ergo_adaptive,319.83333333333337,0.0,0.005678429646845795
ergo_adaptive,319.91666666666663,0.0,0.005680726583175171
ergo_adaptive,320.0,0.0,0.005682859489701557
ergo_adaptive,320.08333333333337,0.0,0.005685207844520073
ergo_adaptive,320.16666666666663,0.0,0.005687177241842829
ergo_adaptive,320.25,0.0,0.005688920012836804
ergo_adaptive,320.33333333333337,0.0,0.005690629104548233
ergo_adaptive,320.41666666666663,0.0,0.005692039515532533
ergo_adaptive,320.5,0.0,0.005692620584228155
ergo_adaptive,320.58333333333337,0.0,0.005694892194784428
ergo_adaptive,320.66666666666663,0.0,0.0056966805298922125
ergo_adaptive,320.75,0.0,0.005699075963810064
ergo_adaptive,320.83333333333337,0.0,0.005700374194403699
ergo_adaptive,320.91666666666663,0.0,0.005701980041880708
ergo_adaptive,321.0,0.0,0.005703308692581182
ergo_adaptive,321.08333333333337,0.0,0.005704668948472265
ergo_adaptive,321.16666666666663,0.0,0.0057067652218129065
ergo_adaptive,321.25,0.0,0.005709120716684901
ergo_adaptive,321.33333333333337,0.0,0.0057112355869768806
ergo_adaptive,321.41666666666663,0.0,0.005713482185461632
ergo_adaptive,321.5,0.0,0.00571548857412724
ergo_adaptive,321.58333333333337,0.0,0.00571763497483296
ergo_adaptive,321.66666666666663,0.0,0.00571951124612734
ergo_adaptive,321.75,0.0,0.005721711476151713
ergo_adaptive,321.83333333333337,0.0,0.005723434012702907
ergo_adaptive,321.91666666666663,0.0,0.005725261352755387
ergo_adaptive,322.0,0.0,0.005726788481714541
ergo_adaptive,322.08333333333337,0.0,0.005728803241722307
ergo_adaptive,322.16666666666663,0.0,0.005730394549142398
ergo_adaptive,322.25,0.0,0.005732310928079181
ergo_adaptive,322.33333333333337,0.0,0.005734212941049504
ergo_adaptive,322.41666666666663,0.0,0.0057361874327713416
ergo_adaptive,322.5,0.0,0.005738175312889314
ergo_adaptive,322.58333333333337,0.0,0.005740190355136457
ergo_adaptive,322.66666666666663,0.0,0.005743376793104724
ergo_adaptive,322.75,0.0,0.005746359102316639
ergo_adaptive,322.83333333333337,0.0,0.005749735535398546
ergo_adaptive,322.91666666666663,0.0,0.005752553503505022
ergo_adaptive,323.0,0.0,0.005755347581593693
ergo_adaptive,323.08333333333337,0.0,0.005757990444801497
ergo_adaptive,323.16666666666663,0.0,0.005760680183284512
ergo_adaptive,323.25,0.0,0.0057632732824811315
ergo_adaptive,323.33333333333337,0.0,0.0057658296049557835
ergo_adaptive,323.41666666666663,0.0,0.005768300270761843
ergo_adaptive,323.5,0.0,0.005770733242451704
ergo_adaptive,323.58333333333337,0.0,0.00577305294481999
ergo_adaptive,323.66666666666663,0.0,0.005775297983994284
ergo_adaptive,323.75,0.0,0.005777556962991941
ergo_adaptive,323.83333333333337,0.0,0.005779726929563171
ergo_adaptive,323.91666666666663,0.0,0.005781825610929316
ergo_adaptive,324.0,0.0,0.005783840037612248
ergo_adaptive,324.08333333333337,0.0,0.005785778054630643
ergo_adaptive,324.16666666666663,0.0,0.005788048895484435
ergo_adaptive,324.25,0.0,0.005791255902832688
ergo_adaptive,324.33333333333337,0.0,0.005794247297465367
ergo_adaptive,324.41666666666663,0.0,0.005797073919736411
ergo_adaptive,324.5,0.0,0.005799757325442351
ergo_adaptive,324.58333333333337,0.0,0.005802252540355777
ergo_adaptive,324.66666666666663,0.0,0.005804889692975057
ergo_adaptive,324.75,0.0,0.005807566074090077
ergo_adaptive,324.83333333333337,0.0,0.005810175527747377
ergo_adaptive,324.91666666666663,0.0,0.00581271299478589
ergo_adaptive,325.0,0.0,0.005815176464133325
ergo_adaptive,325.08333333333337,0.0,0.0058175650292854675
ergo_adaptive,325.16666666666663,0.0,0.0058198780437101975
ergo_adaptive,325.25,0.0,0.005822114534731504
ergo_adaptive,325.33333333333337,0.0,0.005824272447130596
ergo_adaptive,325.41666666666663,0.0,0.005826346811898233
ergo_adaptive,325.5,0.0,0.00582832114559138
ergo_adaptive,325.58333333333337,0.0,0.005829361435587241
ergo_adaptive,325.66666666666663,0.0,0.005828544014212582
ergo_adaptive,325.75,0.0,0.005827378708881256
ergo_adaptive,325.83333333333337,0.0,0.0058215507729002984
ergo_adaptive,325.91666666666663,0.0,0.0058118393364891986
ergo_adaptive,326.0,0.0,0.005799872808085718
ergo_adaptive,326.08333333333337,0.0,0.005788990389955038
ergo_adaptive,326.16666666666663,0.0,0.005777084090022038
ergo_adaptive,326.25,0.0,0.005762621625732079
ergo_adaptive,326.33333333333337,0.0,0.005747849830547815
ergo_adaptive,326.41666666666663,0.0,0.005734969455013563
ergo_adaptive,326.5,0.0,0.005722820470614411
ergo_adaptive,326.58333333333337,0.0,0.0057095285425705624
ergo_adaptive,326.66666666666663,0.0,0.005695633060665937
ergo_adaptive,326.75,0.0,0.005682454962987582
ergo_adaptive,326.83333333333337,0.0,0.005670496280995269
ergo_adaptive,326.91666666666663,0.0,0.005659080698791848
ergo_adaptive,327.0,0.0,0.005647495242461754
ergo_adaptive,327.08333333333337,0.0,0.005636266664703682
ergo_adaptive,327.16666666666663,0.0,0.005626652507220662
ergo_adaptive,327.25,0.0,0.005618608051180623
ergo_adaptive,327.33333333333337,0.0,0.005610385612718484
ergo_adaptive,327.41666666666663,0.0,0.0056019376986022815
ergo_adaptive,327.5,0.0,0.005594990300333007
ergo_adaptive,327.58333333333337,0.0,0.005590555262609224
ergo_adaptive,327.66666666666663,0.0,0.005585317356299695
ergo_adaptive,327.75,0.0,0.00557876467462587
ergo_adaptive,327.83333333333337,0.0,0.0055724223643631296
ergo_adaptive,327.91666666666663,0.0,0.005567290279432703
ergo_adaptive,328.0,0.0,0.005562981433211047
ergo_adaptive,328.08333333333337,0.0,0.00555971607934254
ergo_adaptive,328.16666666666663,0.0,0.005556339852484757
ergo_adaptive,328.25,0.0,0.005553310603989703
ergo_adaptive,328.33333333333337,0.0,0.005550796433623627
ergo_adaptive,328.41666666666663,0.0,0.005548169370817764
ergo_adaptive,328.5,0.0,0.005544684086072502
ergo_adaptive,328.58333333333337,0.0,0.005540678666055152
ergo_adaptive,328.66666666666663,0.0,0.005537358427610921
ergo_adaptive,328.75,0.0,0.005534179830285915
ergo_adaptive,328.83333333333337,0.0,0.005528657997319261
ergo_adaptive,328.91666666666663,0.0,0.005521773217764213
ergo_adaptive,329.0,0.0,0.005515427013834758
ergo_adaptive,329.08333333333337,0.0,0.005509948607830395
ergo_adaptive,329.16666666666663,0.0,0.0055038347300090515
ergo_adaptive,329.25,0.0,0.0054967185471818635
ergo_adaptive,329.33333333333337,0.0,0.0054894324646544415
ergo_adaptive,329.41666666666663,0.0,0.005482678950030546
ergo_adaptive,329.5,0.0,0.005476316629635637
ergo_adaptive,329.58333333333337,0.0,0.005470185460984841
ergo_adaptive,329.66666666666663,0.0,0.0054638624602561655
ergo_adaptive,329.75,0.0,0.005459469537132458
ergo_adaptive,329.83333333333337,0.0,0.005456960437478175
ergo_adaptive,329.91666666666663,0.0,0.0054536262579654255
ergo_adaptive,330.0,0.0,0.005447736577071384
ergo_adaptive,330.08333333333337,0.0,0.0054408052665889705
ergo_adaptive,330.16666666666663,0.0,0.0054344816447656555
ergo_adaptive,330.25,0.0,0.005428369483975997
ergo_adaptive,330.33333333333337,0.0,0.0054214084557411835
ergo_adaptive,330.41666666666663,0.0,0.00541385539204116
ergo_adaptive,330.5,0.0,0.0054066527624622475
ergo_adaptive,330.58333333333337,0.0,0.005400461026713656
ergo_adaptive,330.66666666666663,0.0,0.005394859989740877
ergo_adaptive,330.75,0.0,0.0053883480109535005
ergo_adaptive,330.83333333333337,0.0,0.005381079198599532
ergo_adaptive,330.91666666666663,0.0,0.005375873168692801
ergo_adaptive,331.0,0.0,0.0053713896481172715
ergo_adaptive,331.08333333333337,0.0,0.005364947998201036
ergo_adaptive,331.16666666666663,0.0,0.005356116399479803
ergo_adaptive,331.25,0.0,0.0053464159277061786
ergo_adaptive,331.33333333333337,0.0,0.005337326736784134
ergo_adaptive,331.41666666666663,0.0,0.005330128655429015
ergo_adaptive,331.5,0.0,0.005324342834472891
ergo_adaptive,331.58333333333337,0.0,0.005315238094497415
ergo_adaptive,331.66666666666663,0.0,0.005302990502215552
ergo_adaptive,331.75,0.0,0.005290063623054802
ergo_adaptive,331.83333333333337,0.0,0.0052780656482764084
ergo_adaptive,331.91666666666663,0.0,0.00526802044303062
ergo_adaptive,332.0,0.0,0.005259918778685109
ergo_adaptive,332.08333333333337,0.0,0.005249892644903363
ergo_adaptive,332.16666666666663,0.0,0.00523725535568645
ergo_adaptive,332.25,0.0,0.005224376623744022
ergo_adaptive,332.33333333333337,0.0,0.005213123048412298
ergo_adaptive,332.41666666666663,0.0,0.005204618517592225
ergo_adaptive,332.5,0.0,0.005198941114456971
ergo_adaptive,332.58333333333337,0.0,0.005192749577568791
ergo_adaptive,332.66666666666663,0.0,0.005185047386733125
ergo_adaptive,332.75,0.0,0.005177644781146358
ergo_adaptive,332.83333333333337,0.0,0.005171847214165983
ergo_adaptive,332.91666666666663,0.0,0.005168137995710798
ergo_adaptive,333.0,0.0,0.005166652717954226
ergo_adaptive,333.08333333333337,0.0,0.005165494223763649
ergo_adaptive,333.16666666666663,0.0,0.005163569410165741
ergo_adaptive,333.25,0.0,0.005161347384143476
ergo_adaptive,333.33333333333337,0.0,0.005159145917630195
ergo_adaptive,333.41666666666663,0.0,0.0051572185741018215
ergo_adaptive,333.5,0.0,0.005156262163105075
ergo_adaptive,333.58333333333337,0.0,0.005155050990918022
ergo_adaptive,333.66666666666663,0.0,0.005151178787190779
ergo_adaptive,333.75,0.0,0.005145304847083332
ergo_adaptive,333.83333333333337,0.0,0.005139080358484659
ergo_adaptive,333.91666666666663,0.0,0.00513330187322048
ergo_adaptive,334.0,0.0,0.005127396356880477
ergo_adaptive,334.08333333333337,0.0,0.005120546814983514
ergo_adaptive,334.16666666666663,0.0,0.005113069111667271
ergo_adaptive,334.25,0.0,0.005106036295957369
ergo_adaptive,334.33333333333337,0.0,0.005099538219810616
ergo_adaptive,334.41666666666663,0.0,0.005092557309976564
ergo_adaptive,334.5,0.0,0.005084983319831583
ergo_adaptive,334.58333333333337,0.0,0.005077963054194523
ergo_adaptive,334.66666666666663,0.0,0.00507207283297546
ergo_adaptive,334.75,0.0,0.005067054117608528
ergo_adaptive,334.83333333333337,0.0,0.00506207889090648
ergo_adaptive,334.91666666666663,0.0,0.005057729420371415
ergo_adaptive,335.0,0.0,0.005054779939403532
ergo_adaptive,335.08333333333337,0.0,0.005052803770029544
ergo_adaptive,335.16666666666663,0.0,0.0050510765319420605
ergo_adaptive,335.25,0.0,0.005049827173570389
ergo_adaptive,335.33333333333337,0.0,0.0050497618786713395
ergo_adaptive,335.41666666666663,0.0,0.005050844925785578
ergo_adaptive,335.5,0.0,0.005052396418133686
ergo_adaptive,335.58333333333337,0.0,0.005054281736675697
ergo_adaptive,335.66666666666663,0.0,0.005057030882586259
ergo_adaptive,335.75,0.0,0.00506082830274798
ergo_adaptive,335.83333333333337,0.0,0.005065079987079202
ergo_adaptive,335.91666666666663,0.0,0.005069376011493979
ergo_adaptive,336.0,0.0,0.005074051188878108
ergo_adaptive,336.08333333333337,0.0,0.005079508124108224
ergo_adaptive,336.16666666666663,0.0,0.005085410984931403
ergo_adaptive,336.25,0.0,0.005091200195733284
ergo_adaptive,336.33333333333337,0.0,0.005097019889957798
ergo_adaptive,336.41666666666663,0.0,0.005103991064395773
ergo_adaptive,336.5,0.0,0.005111406335098532
ergo_adaptive,336.58333333333337,0.0,0.005117912422834928
ergo_adaptive,336.66666666666663,0.0,0.005123411761872665
ergo_adaptive,336.75,0.0,0.005126893733536693
ergo_adaptive,336.83333333333337,0.0,0.005128159469221259
ergo_adaptive,336.91666666666663,0.0,0.005127447308843601
ergo_adaptive,337.0,0.0,0.00512588813033326
ergo_adaptive,337.08333333333337,0.0,0.005124198214525334
ergo_adaptive,337.16666666666663,0.0,0.005120237277237383
ergo_adaptive,337.25,0.0,0.005113700753404417
ergo_adaptive,337.33333333333337,0.0,0.005106929114571074
ergo_adaptive,337.41666666666663,0.0,0.005102029926764393
ergo_adaptive,337.5,0.0,0.005095451633505845
ergo_adaptive,337.58333333333337,0.0,0.005085303272383099
ergo_adaptive,337.66666666666663,0.0,0.005074327916295855
ergo_adaptive,337.75,0.0,0.005065721754887868
ergo_adaptive,337.83333333333337,0.0,0.005059017443746644
ergo_adaptive,337.91666666666663,0.0,0.005050133125856598
ergo_adaptive,338.0,0.0,0.005039773892949796
ergo_adaptive,338.08333333333337,0.0,0.0050310941912453545
ergo_adaptive,338.16666666666663,0.0,0.005024258171855184
ergo_adaptive,338.25,0.0,0.005015803252181608
ergo_adaptive,338.33333333333337,0.0,0.005005641117691775
ergo_adaptive,338.41666666666663,0.0,0.004996236601359105
ergo_adaptive,338.5,0.0,0.004988732845049536
ergo_adaptive,338.58333333333337,0.0,0.004981272548346818
ergo_adaptive,338.66666666666663,0.0,0.004972694959415988
ergo_adaptive,338.75,0.0,0.004964221966251758
ergo_adaptive,338.83333333333337,0.0,0.004957153625196084
ergo_adaptive,338.91666666666663,0.0,0.004950921284471799
ergo_adaptive,339.0,0.0,0.004944324092359766
ergo_adaptive,339.08333333333337,0.0,0.004937542469270907
ergo_adaptive,339.16666666666663,0.0,0.00493162468749
ergo_adaptive,339.25,0.0,0.004926729008915332
ergo_adaptive,339.33333333333337,0.0,0.004921860931202024
ergo_adaptive,339.41666666666663,0.0,0.004916541423534504
ergo_adaptive,339.5,0.0,0.004911573230417559
ergo_adaptive,339.58333333333337,0.0,0.004907682747753038
ergo_adaptive,339.66666666666663,0.0,0.0049040156475213745
ergo_adaptive,339.75,0.0,0.004899393440982984
ergo_adaptive,339.83333333333337,0.0,0.004894419279632993
ergo_adaptive,339.91666666666663,0.0,0.004890574019806054
ergo_adaptive,340.0,0.0,0.004887475963689571
ergo_adaptive,340.08333333333337,0.0,0.004882771923955339
ergo_adaptive,340.16666666666663,0.0,0.0048766606480146165
ergo_adaptive,340.25,0.0,0.004871411011110728
ergo_adaptive,340.33333333333337,0.0,0.004868139130519983
ergo_adaptive,340.41666666666663,0.0,0.004862808733472854
ergo_adaptive,340.5,0.0,0.0048546809772085815
ergo_adaptive,340.58333333333337,0.0,0.004846577315857382
ergo_adaptive,340.66666666666663,0.0,0.004841261451405721
ergo_adaptive,340.75,0.0,0.004834960800587716
ergo_adaptive,340.83333333333337,0.0,0.004824833057139252
ergo_adaptive,340.91666666666663,0.0,0.00481350020745384
ergo_adaptive,341.0,0.0,0.004804148108545063
ergo_adaptive,341.08333333333337,0.0,0.004795734679495571
ergo_adaptive,341.16666666666663,0.0,0.004783960151394685
ergo_adaptive,341.25,0.0,0.004772079756717912
ergo_adaptive,341.33333333333337,0.0,0.004761439256241474
ergo_adaptive,341.41666666666663,0.0,0.0047522700081770244
ergo_adaptive,341.5,0.0,0.0047411496108476685
ergo_adaptive,341.58333333333337,0.0,0.004727088325658734
ergo_adaptive,341.66666666666663,0.0,0.0047125534566800735
ergo_adaptive,341.75,0.0,0.0046994161946708225
ergo_adaptive,341.83333333333337,0.0,0.004686556278181963
ergo_adaptive,341.91666666666663,0.0,0.004671763305944341
ergo_adaptive,342.0,0.0,0.004655507551639779
ergo_adaptive,342.08333333333337,0.0,0.00464017051956787
ergo_adaptive,342.16666666666663,0.0,0.004625074827101446
ergo_adaptive,342.25,0.0,0.004607374230531354
ergo_adaptive,342.33333333333337,0.0,0.004587234180140993
ergo_adaptive,342.41666666666663,0.0,0.004567239864384269
ergo_adaptive,342.5,0.0,0.004548059780917633
ergo_adaptive,342.58333333333337,0.0,0.004526930517785679
ergo_adaptive,342.66666666666663,0.0,0.004502776384325723
ergo_adaptive,342.75,0.0,0.0044780403067940225
ergo_adaptive,342.83333333333337,0.0,0.0044547657687274865
ergo_adaptive,342.91666666666663,0.0,0.004430765565001454
ergo_adaptive,343.0,0.0,0.004404174237460368
ergo_adaptive,343.08333333333337,0.0,0.004376707977335895
ergo_adaptive,343.16666666666663,0.0,0.004352025306287797
ergo_adaptive,343.25,0.0,0.0043286350995678695
ergo_adaptive,343.33333333333337,0.0,0.00430229353308354
ergo_adaptive,343.41666666666663,0.0,0.004273387500804674
ergo_adaptive,343.5,0.0,0.004245540598004727
ergo_adaptive,343.58333333333337,0.0,0.004219412966840871
ergo_adaptive,343.66666666666663,0.0,0.004213480268518927
ergo_adaptive,343.75,0.0,0.004209735128987749
ergo_adaptive,343.83333333333337,0.0,0.004206710988178803
ergo_adaptive,343.91666666666663,0.0,0.004205103389115499
ergo_adaptive,344.0,0.0,0.004205385642908141
ergo_adaptive,344.08333333333337,0.0,0.004206650414830997
ergo_adaptive,344.16666666666663,0.0,0.004207440192886011
ergo_adaptive,344.25,0.0,0.004201453028275754
ergo_adaptive,344.33333333333337,0.0,0.004196064050234014
ergo_adaptive,344.41666666666663,0.0,0.004192487602873729
ergo_adaptive,344.5,0.0,0.004189337107695187
ergo_adaptive,344.58333333333337,0.0,0.004183450945376325
ergo_adaptive,344.66666666666663,0.0,0.00417697995135485
ergo_adaptive,344.75,0.0,0.0041713676964664275
ergo_adaptive,344.83333333333337,0.0,0.004161751815058402
ergo_adaptive,344.91666666666663,0.0,0.004156042589038131
ergo_adaptive,345.0,0.0,0.004152930710431786
ergo_adaptive,345.08333333333337,0.0,0.004149139262215466
ergo_adaptive,345.16666666666663,0.0,0.004146457580700012
ergo_adaptive,345.25,0.0,0.0041469053283677846
ergo_adaptive,345.33333333333337,0.0,0.00415011849386907
ergo_adaptive,345.41666666666663,0.0,0.004154405088351806
ergo_adaptive,345.5,0.0,0.0041588639567623435
ergo_adaptive,345.58333333333337,0.0,0.004163169193528528
ergo_adaptive,345.66666666666663,0.0,0.004166911129957074
ergo_adaptive,345.75,0.0,0.004168277658118181
ergo_adaptive,345.83333333333337,0.0,0.004170653520365028
ergo_adaptive,345.91666666666663,0.0,0.00417332526049163
ergo_adaptive,346.0,0.0,0.004175931456399964
ergo_adaptive,346.08333333333337,0.0,0.004178030556511967
ergo_adaptive,346.16666666666663,0.0,0.004177316726738012
ergo_adaptive,346.25,0.0,0.004175251325380786
ergo_adaptive,346.33333333333337,0.0,0.00417602183992578
ergo_adaptive,346.41666666666663,0.0,0.004177239052203944
ergo_adaptive,346.5,0.0,0.004175859848289933
ergo_adaptive,346.58333333333337,0.0,0.004174164653097392
ergo_adaptive,346.66666666666663,0.0,0.004169534766636631
ergo_adaptive,346.75,0.0,0.004156761254343678
ergo_adaptive,346.83333333333337,0.0,0.0041334167094993325
ergo_adaptive,346.91666666666663,0.0,0.004098688180627703
ergo_adaptive,347.0,0.0,0.004057808774702325
ergo_adaptive,347.08333333333337,0.0,0.004017219104139008
ergo_adaptive,347.16666666666663,0.0,0.003986207665493772
ergo_adaptive,347.25,0.0,0.0039607919599203515
ergo_adaptive,347.33333333333337,0.0,0.003950563429955773
ergo_adaptive,347.41666666666663,0.0,0.003954266717754716
ergo_adaptive,347.5,0.0,0.003960794699344013
ergo_adaptive,347.58333333333337,0.0,0.0039691856198945325
ergo_adaptive,347.66666666666663,0.0,0.003978561464910359
ergo_adaptive,347.75,0.0,0.003988414005668539
ergo_adaptive,347.83333333333337,0.0,0.003998450950461886
ergo_adaptive,347.91666666666663,0.0,0.00400849892743397
ergo_adaptive,348.0,0.0,0.004018453832481255
ergo_adaptive,348.08333333333337,0.0,0.004028254049637665
ergo_adaptive,348.16666666666663,0.0,0.004037864946810048
ergo_adaptive,348.25,0.0,0.004047269341859336
ergo_adaptive,348.33333333333337,0.0,0.0040564613673078394
ergo_adaptive,348.41666666666663,0.0,0.004065442397225824
ergo_adaptive,348.5,0.0,0.004074218293002929
ergo_adaptive,348.58333333333337,0.0,0.004082797527371427
ergo_adaptive,348.66666666666663,0.0,0.004091189910035089
ergo_adaptive,348.75,0.0,0.004099405732637533
ergo_adaptive,348.83333333333337,0.0,0.004107455208443475
ergo_adaptive,348.91666666666663,0.0,0.004115348119283007
ergo_adaptive,349.0,0.0,0.004123093607410962
ergo_adaptive,349.08333333333337,0.0,0.004130700067482401
ergo_adaptive,349.16666666666663,0.0,0.004138175106407033
ergo_adaptive,349.25,0.0,0.004145525547965213
ergo_adaptive,349.33333333333337,0.0,0.0041527574657325315
ergo_adaptive,349.41666666666663,0.0,0.004159876232736711
ergo_adaptive,349.5,0.0,0.004166886579827784
ergo_adaptive,349.58333333333337,0.0,0.004173792657323596
ergo_adaptive,349.66666666666663,0.0,0.0041805980963489755
ergo_adaptive,349.75,0.0,0.004187306067608513
ergo_adaptive,349.83333333333337,0.0,0.004193919336261033
ergo_adaptive,349.91666666666663,0.0,0.004200440312204887
ergo_adaptive,350.0,0.0,0.004206871095516407
ergo_adaptive,350.08333333333337,0.0,0.004213213517067767
ergo_adaptive,350.16666666666663,0.0,0.004219469174529126
ergo_adaptive,350.25,0.0,0.004225639464064245
ergo_adaptive,350.33333333333337,0.0,0.004231725608082591
ergo_adaptive,350.41666666666663,0.0,0.004237728679430407
ergo_adaptive,350.5,0.0,0.004243649622400567
ergo_adaptive,350.58333333333337,0.0,0.004249489270924339
ergo_adaptive,350.66666666666663,0.0,0.004255248364283354
ergo_adaptive,350.75,0.0,0.004260927560651461
ergo_adaptive,350.83333333333337,0.0,0.004266527448745651
ergo_adaptive,350.91666666666663,0.0,0.00427204855783538
ergo_adaptive,351.0,0.0,0.004277491366330961
ergo_adaptive,351.08333333333337,0.0,0.004282856309145202
ergo_adaptive,351.16666666666663,0.0,0.004288143783998
ergo_adaptive,351.25,0.0,0.004293354156811761
ergo_adaptive,351.33333333333337,0.0,0.004298487766326075
ergo_adaptive,351.41666666666663,0.0,0.004303544928042576
ergo_adaptive,351.5,0.0,0.004308525937595869
ergo_adaptive,351.58333333333337,0.0,0.004313431073633213
ergo_adaptive,351.66666666666663,0.0,0.004318260600273635
ergo_adaptive,351.75,0.0,0.004323014769208257
ergo_adaptive,351.83333333333337,0.0,0.004328156426818729
ergo_adaptive,351.91666666666663,0.0,0.004333490329567259
ergo_adaptive,352.0,0.0,0.004338750732929244
ergo_adaptive,352.08333333333337,0.0,0.004343937842782921
ergo_adaptive,352.16666666666663,0.0,0.004349051858750568
ergo_adaptive,352.25,0.0,0.0043540929858373574
ergo_adaptive,352.33333333333337,0.0,0.004359061307210266
ergo_adaptive,352.41666666666663,0.0,0.004363977417225574
ergo_adaptive,352.5,0.0,0.004369487260994433
ergo_adaptive,352.58333333333337,0.0,0.004373245784080623
ergo_adaptive,352.66666666666663,0.0,0.004377320932713861
ergo_adaptive,352.75,0.0,0.004380193324405899
ergo_adaptive,352.83333333333337,0.0,0.0043770532725620846
ergo_adaptive,352.91666666666663,0.0,0.004359078593986975
ergo_adaptive,353.0,0.0,0.004325675878400709
ergo_adaptive,353.08333333333337,0.0,0.004276792010563799
ergo_adaptive,353.16666666666663,0.0,0.004220279451053149
ergo_adaptive,353.25,0.0,0.0041645998713116675
ergo_adaptive,353.33333333333337,0.0,0.00411060441150181
ergo_adaptive,353.41666666666663,0.0,0.004052598509978937
ergo_adaptive,353.5,0.0,0.003984310537548606
ergo_adaptive,353.58333333333337,0.0,0.0039111953040356475
ergo_adaptive,353.66666666666663,0.0,0.0038561671859504293
ergo_adaptive,353.75,0.0,0.0038270260484776636
ergo_adaptive,353.83333333333337,0.0,0.0038099421859774415
ergo_adaptive,353.91666666666663,0.0,0.0037993393140172693
ergo_adaptive,354.0,0.0,0.0037925141906396593
ergo_adaptive,354.08333333333337,0.0,0.003787970428951121
ergo_adaptive,354.16666666666663,0.0,0.00378476610942025
ergo_adaptive,354.25,0.0,0.003782167108122258
ergo_adaptive,354.33333333333337,0.0,0.0037787877324087452
ergo_adaptive,354.41666666666663,0.0,0.003774510605521915
ergo_adaptive,354.5,0.0,0.0037720925935269714
ergo_adaptive,354.58333333333337,0.0,0.003768237234982917
ergo_adaptive,354.66666666666663,0.0,0.003767113292232218
ergo_adaptive,354.75,0.0,0.003768450495862819
ergo_adaptive,354.83333333333337,0.0,0.003768706628722397
ergo_adaptive,354.91666666666663,0.0,0.0037678726763645636
ergo_adaptive,355.0,0.0,0.0037659426963571087
ergo_adaptive,355.08333333333337,0.0,0.0037628969973567666
ergo_adaptive,355.16666666666663,0.0,0.003758686310361544
ergo_adaptive,355.25,0.0,0.0037532174355204145
ergo_adaptive,355.33333333333337,0.0,0.003746334467453579
ergo_adaptive,355.41666666666663,0.0,0.0037377872532417997
ergo_adaptive,355.5,0.0,0.0037273900409628426
ergo_adaptive,355.58333333333337,0.0,0.0037165772828286602
ergo_adaptive,355.66666666666663,0.0,0.0037046960188800307
ergo_adaptive,355.75,0.0,0.0036901931392602995
ergo_adaptive,355.83333333333337,0.0,0.0036740490249416577
ergo_adaptive,355.91666666666663,0.0,0.003656404577644364
ergo_adaptive,356.0,0.0,0.0036395722454929816
ergo_adaptive,356.08333333333337,0.0,0.003623306935599724
ergo_adaptive,356.16666666666663,0.0,0.003608258818059274
ergo_adaptive,356.25,0.0,0.0035949890152328795
ergo_adaptive,356.33333333333337,0.0,0.003583744568466383
ergo_adaptive,356.41666666666663,0.0,0.0035745091105965996
ergo_adaptive,356.5,0.0,0.00356681199779912
ergo_adaptive,356.58333333333337,0.0,0.0035610103039419327
ergo_adaptive,356.66666666666663,0.0,0.0035574008664629037
ergo_adaptive,356.75,0.0,0.0035509772158680048
ergo_adaptive,356.83333333333337,0.0,0.003541912789805253
ergo_adaptive,356.91666666666663,0.0,0.0035305204034626627
ergo_adaptive,357.0,0.0,0.0035171760994067982
ergo_adaptive,357.08333333333337,0.0,0.0035023511320976326
ergo_adaptive,357.16666666666663,0.0,0.0034866351186822273
ergo_adaptive,357.25,0.0,0.0034706877730814284
ergo_adaptive,357.33333333333337,0.0,0.0034571744007731798
ergo_adaptive,357.41666666666663,0.0,0.003448428218794336
ergo_adaptive,357.5,0.0,0.003440962144947826
ergo_adaptive,357.58333333333337,0.0,0.0034364264316581405
ergo_adaptive,357.66666666666663,0.0,0.003433554676097171
ergo_adaptive,357.75,0.0,0.003432286068111124
ergo_adaptive,357.83333333333337,5.6372220459661955e-6,0.0034323989047999395
ergo_adaptive,357.91666666666663,4.39087823746804e-5,0.0034353734161136993
ergo_adaptive,358.0,1.2455804741799626e-6,0.0034392963917666214
ergo_adaptive,358.08333333333337,0.0,0.00345131296426846
ergo_adaptive,358.16666666666663,0.0,0.003457025314681387
ergo_adaptive,358.25,0.0,0.0034615403139656212
ergo_adaptive,358.33333333333337,0.0,0.0034630748612207106
ergo_adaptive,358.41666666666663,1.1172462665384488e-5,0.003461749752021379
ergo_adaptive,358.5,9.405931413198203e-5,0.0034682414584845857
ergo_adaptive,358.58333333333337,5.1652044180527597e-5,0.0034721044374215596
ergo_adaptive,358.66666666666663,5.642031493335691e-5,0.00348152042042528
ergo_adaptive,358.75,0.0,0.0034889476808905497
ergo_adaptive,358.83333333333337,3.5310929852302556e-5,0.003492776396607416
ergo_adaptive,358.91666666666663,8.764053624882061e-5,0.003496275545407152
ergo_adaptive,359.0,7.746461639512084e-6,0.0034955952788149097
ergo_adaptive,359.08333333333337,2.1554331425921362e-5,0.0035062572552511787
ergo_adaptive,359.16666666666663,0.0,0.0035141773209371417
ergo_adaptive,359.25,1.0499857898419355e-7,0.0035220279147536843
ergo_adaptive,359.33333333333337,5.8615099344602484e-5,0.0035292210188007907
ergo_adaptive,359.41666666666663,7.541536888580227e-5,0.00352587841232706
ergo_adaptive,359.5,0.0,0.003512490211360255
ergo_adaptive,359.58333333333337,0.0,0.003505087109251979
ergo_adaptive,359.66666666666663,0.0,0.0035090292085843064
ergo_adaptive,359.75,0.0,0.0035149073472752227
ergo_adaptive,359.83333333333337,6.516492127811403e-7,0.003521766282830322
ergo_adaptive,359.91666666666663,1.9364500754316156e-5,0.003530335511184062
ergo_adaptive,360.0,2.0847467773514e-5,0.0035393290644917504
