strategy,mission_minutes,estimated_target_deficit,ground_truth_target_deficit
ergo_adaptive,0.0,0.07463779011616437,0.061907259531769905
ergo_adaptive,0.08333333333337123,0.05899213498564959,0.05858604049834409
ergo_adaptive,0.16666666666662877,0.054027644121890615,0.057764560480409545
ergo_adaptive,0.25,0.05073111154727625,0.05732784081870205
ergo_adaptive,0.33333333333337123,0.05097935636721799,0.05701495451503673
ergo_adaptive,0.41666666666662877,0.05161736990025076,0.056761771608674697
ergo_adaptive,0.5,0.050020742955909234,0.05654437508524009
ergo_adaptive,0.5833333333333712,0.05048072208225555,0.056355421204223925
ergo_adaptive,0.6666666666666288,0.05213418488288562,0.05619342478578905
ergo_adaptive,0.75,0.05173059316541484,0.056053781682832655
ergo_adaptive,0.8333333333333712,0.05078180404494867,0.05592528018874271
ergo_adaptive,0.9166666666666288,0.052004530897203305,0.05579859718525613
ergo_adaptive,1.0,0.05006255319760464,0.05566284959100113
ergo_adaptive,1.0833333333333712,0.04816629708908486,0.05551499140057236
ergo_adaptive,1.1666666666666288,0.050018177567870005,0.055353587066799013
ergo_adaptive,1.25,0.04977989290075229,0.05518339148627082
ergo_adaptive,1.3333333333333712,0.0492113331919291,0.05501159764298313
ergo_adaptive,1.4166666666666288,0.045478392058726363,0.054845762173448005
ergo_adaptive,1.5,0.043385778019344894,0.05468805532235312
ergo_adaptive,1.5833333333333712,0.04529525041419339,0.05453877333035875
ergo_adaptive,1.6666666666666288,0.04717396316570926,0.05438934217674683
ergo_adaptive,1.75,0.04681939617948044,0.05422628375535787
ergo_adaptive,1.8333333333333712,0.04578740383426579,0.054041468420361526
ergo_adaptive,1.9166666666666288,0.04103895883103153,0.053841142957121405
ergo_adaptive,2.0,0.03968880761766278,0.05364025889582022
ergo_adaptive,2.0833333333333712,0.040774637044985115,0.05345923108737237
ergo_adaptive,2.1666666666666288,0.04120639624479547,0.05331206227357988
ergo_adaptive,2.25,0.040156093584169446,0.05317206762939978
ergo_adaptive,2.3333333333333712,0.0394687516480225,0.052978805624520335
ergo_adaptive,2.4166666666666288,0.03946779009796828,0.05273255105205349
ergo_adaptive,2.5,0.041272238020135237,0.05246101251441005
ergo_adaptive,2.5833333333333712,0.040281271084683025,0.052195127200681604
ergo_adaptive,2.6666666666666288,0.04060622294060609,0.05195325993841308
ergo_adaptive,2.75,0.04111699225773037,0.05172773747394877
ergo_adaptive,2.8333333333333712,0.04110815387072159,0.051504337492537744
ergo_adaptive,2.9166666666666288,0.03990737091828237,0.05126534899573029
ergo_adaptive,3.0,0.041451772156698645,0.05101379849177167
ergo_adaptive,3.0833333333333712,0.044925405924970484,0.050756598184165336
ergo_adaptive,3.1666666666666288,0.0428973628310521,0.05051055397434289
ergo_adaptive,3.25,0.04356270769236869,0.050281444567651414
ergo_adaptive,3.3333333333333712,0.04248683217781489,0.05006012947200455
ergo_adaptive,3.4166666666666288,0.04040450187290438,0.04982911707163225
ergo_adaptive,3.5,0.04119180935159167,0.04957649735400655
ergo_adaptive,3.5833333333333712,0.03760835140721486,0.04931408650643894
ergo_adaptive,3.6666666666666288,0.04035955425025275,0.04907597256913699
ergo_adaptive,3.75,0.041182550908537355,0.04888830880925226
ergo_adaptive,3.8333333333333712,0.04241860703243417,0.048697157856721435
ergo_adaptive,3.9166666666666288,0.0414231481731316,0.048439840537970076
ergo_adaptive,4.0,0.04354391930724198,0.04814737335969112
ergo_adaptive,4.083333333333371,0.04212292688855872,0.0478711594695984
ergo_adaptive,4.166666666666629,0.041729578076530986,0.04763810999636648
ergo_adaptive,4.25,0.039855479958743036,0.04742079199088167
ergo_adaptive,4.333333333333371,0.03932196784835069,0.04718228204268413
ergo_adaptive,4.416666666666629,0.04154806098852689,0.04693319703630381
ergo_adaptive,4.5,0.04253024253276057,0.04669054606789781
ergo_adaptive,4.583333333333371,0.041996317850662074,0.046472405957859515
ergo_adaptive,4.666666666666629,0.04412807186826001,0.046266517966933624
ergo_adaptive,4.75,0.04199317627926489,0.04605495253809479
ergo_adaptive,4.833333333333371,0.04215709382913464,0.04584000830005462
ergo_adaptive,4.916666666666629,0.04022633517502756,0.04563410224869804
ergo_adaptive,5.0,0.03906617613433768,0.045448668579648695
ergo_adaptive,5.083333333333371,0.0380368346884363,0.045278327777592685
ergo_adaptive,5.166666666666629,0.036775503671003615,0.045107208033611436
ergo_adaptive,5.25,0.03843934766284634,0.04492951521063546
ergo_adaptive,5.333333333333371,0.03746971898653785,0.044774555372876
ergo_adaptive,5.416666666666629,0.04024054074310535,0.044652462080250394
ergo_adaptive,5.5,0.04002233412003866,0.044521154662114766
ergo_adaptive,5.583333333333371,0.03803814978073939,0.04436747184697845
ergo_adaptive,5.666666666666629,0.03883222754647966,0.04422328368218794
ergo_adaptive,5.75,0.04056727684802625,0.044122787670847034
ergo_adaptive,5.833333333333371,0.03896326377357274,0.04402684580011085
ergo_adaptive,5.916666666666629,0.03720316010532149,0.043896468768573005
ergo_adaptive,6.0,0.035645196218195174,0.04376867998120824
ergo_adaptive,6.083333333333371,0.035486720810044003,0.04367001555029396
ergo_adaptive,6.166666666666629,0.03641476900115838,0.0435941885451005
ergo_adaptive,6.25,0.03738966251023877,0.0434992489644976
ergo_adaptive,6.333333333333371,0.03806545252188107,0.04339342966137038
ergo_adaptive,6.416666666666629,0.038786802283126906,0.04330561905451171
ergo_adaptive,6.5,0.03859919295651275,0.04325028269774541
ergo_adaptive,6.583333333333371,0.038084294773830275,0.04317594531807437
ergo_adaptive,6.666666666666629,0.037397841210702255,0.04305639389005598
ergo_adaptive,6.75,0.03570686372250368,0.04290963566155446
ergo_adaptive,6.833333333333371,0.03584038203203655,0.04275228585597442
ergo_adaptive,6.916666666666629,0.03565761694741892,0.04259396148730488
ergo_adaptive,7.0,0.03696892630425937,0.042443437814166256
ergo_adaptive,7.083333333333371,0.03988122040830674,0.042273551115167306
ergo_adaptive,7.166666666666629,0.04060369531557459,0.04205815462644965
ergo_adaptive,7.25,0.04189609201007073,0.0418225556023578
ergo_adaptive,7.333333333333371,0.045026945962307274,0.041614075660865675
ergo_adaptive,7.416666666666629,0.04504389830226735,0.04141595919237661
ergo_adaptive,7.5,0.04683055196186279,0.04119139490704033
ergo_adaptive,7.583333333333371,0.04989623626251821,0.040945916976323056
ergo_adaptive,7.666666666666629,0.050486689817248055,0.040703248839509466
ergo_adaptive,7.75,0.05054092298960673,0.040476316802516225
ergo_adaptive,7.833333333333371,0.048961405348239354,0.04024888490170105
ergo_adaptive,7.916666666666629,0.050734449260371295,0.0400106599888738
ergo_adaptive,8.0,0.05339214396416828,0.03978392305681461
ergo_adaptive,8.083333333333371,0.05600720133918366,0.03959040143582532
ergo_adaptive,8.166666666666629,0.055706604790864964,0.039431817230954874
ergo_adaptive,8.25,0.055858586300924995,0.03920682237259479
ergo_adaptive,8.333333333333371,0.05674917501519616,0.038935423351720504
ergo_adaptive,8.416666666666629,0.0600877204108717,0.038673493966524294
ergo_adaptive,8.5,0.06182035829466337,0.038462738817754825
ergo_adaptive,8.583333333333371,0.06457056447154723,0.03825554438961591
ergo_adaptive,8.666666666666629,0.06319997804178018,0.03803148193754037
ergo_adaptive,8.75,0.0643347879102052,0.03780174781233679
ergo_adaptive,8.833333333333371,0.06525058544670807,0.03760659907759621
ergo_adaptive,8.916666666666629,0.06565284428075518,0.03744969560012684
ergo_adaptive,9.0,0.06460638061935192,0.0372950365993335
ergo_adaptive,9.083333333333371,0.06723161489656933,0.03713049772735621
ergo_adaptive,9.166666666666629,0.0664726333190081,0.03699269964875052
ergo_adaptive,9.25,0.06426146657150929,0.036893580539750045
ergo_adaptive,9.333333333333371,0.062005859336560824,0.03680510839081161
ergo_adaptive,9.416666666666629,0.06137677557647823,0.03669243833301761
ergo_adaptive,9.5,0.06288957738594764,0.03658607640594737
ergo_adaptive,9.583333333333371,0.06129609523536257,0.036520000238901326
ergo_adaptive,9.666666666666629,0.0606595413742838,0.03647224250984545
ergo_adaptive,9.75,0.059794138676549424,0.036434140504903074
ergo_adaptive,9.833333333333371,0.05744109413659687,0.0364080878932572
ergo_adaptive,9.916666666666629,0.05502990655409608,0.03640471350966704
ergo_adaptive,10.0,0.055296414360428106,0.03641687175920427
ergo_adaptive,10.083333333333371,0.05540861759233174,0.03644657214356472
ergo_adaptive,10.166666666666629,0.055608400393370436,0.03647667883467872
ergo_adaptive,10.25,0.05390199417619384,0.03650588539828464
ergo_adaptive,10.333333333333371,0.05457030580806311,0.03654604626377669
ergo_adaptive,10.416666666666629,0.05069461789007763,0.03660477666258311
ergo_adaptive,10.5,0.048272605716783254,0.036662435906812445
ergo_adaptive,10.583333333333371,0.04744742272805223,0.03671486501944543
ergo_adaptive,10.666666666666629,0.04637118399856967,0.03677060463675031
ergo_adaptive,10.75,0.04345185426453701,0.0368385251162405
ergo_adaptive,10.833333333333371,0.0404649998048222,0.03691605378236116
ergo_adaptive,10.916666666666629,0.040310736345567276,0.0369942791371134
ergo_adaptive,11.0,0.03825346506489709,0.037073663551798704
ergo_adaptive,11.083333333333371,0.03597739077301571,0.03715694992922822
ergo_adaptive,11.166666666666629,0.0353737062717281,0.03724459023576803
ergo_adaptive,11.25,0.03434745839409695,0.03733880070381709
ergo_adaptive,11.333333333333371,0.032834929214336256,0.037422721071241685
ergo_adaptive,11.416666666666629,0.031268432020130514,0.037491660449166575
ergo_adaptive,11.5,0.030684249946756458,0.0375536381723601
ergo_adaptive,11.583333333333371,0.02959387105628766,0.03761605230403978
ergo_adaptive,11.666666666666629,0.029588012308868164,0.037678736831999814
ergo_adaptive,11.75,0.029933102051427678,0.037737278602240756
ergo_adaptive,11.833333333333371,0.0296053714471475,0.03778778912513202
ergo_adaptive,11.916666666666629,0.029373005064984206,0.03783432782246827
ergo_adaptive,12.0,0.02979780028906575,0.037883961439426884
ergo_adaptive,12.083333333333371,0.028040282359216327,0.037930244084603174
ergo_adaptive,12.166666666666629,0.028252656859043553,0.03796940116023834
ergo_adaptive,12.25,0.02778923433837934,0.03800097322274993
ergo_adaptive,12.333333333333371,0.027826905014536243,0.03803261925446331
ergo_adaptive,12.416666666666629,0.027968694362902894,0.038062768120607555
ergo_adaptive,12.5,0.028319075316440713,0.038085798446123316
ergo_adaptive,12.583333333333371,0.02630970794391959,0.03809887121999583
ergo_adaptive,12.666666666666629,0.02411471905971108,0.038109298923405886
ergo_adaptive,12.75,0.024106378922341375,0.03812361743042498
ergo_adaptive,12.833333333333371,0.024945014837591543,0.03813485521702582
ergo_adaptive,12.916666666666629,0.024070665890979427,0.0381315553411262
ergo_adaptive,13.0,0.023763666997537278,0.03811918750499744
ergo_adaptive,13.083333333333371,0.024423711539260005,0.0381157177785911
ergo_adaptive,13.166666666666629,0.023676836215413104,0.03811798176284585
ergo_adaptive,13.25,0.022054385297045894,0.03808962926207484
ergo_adaptive,13.333333333333371,0.02250158058552402,0.03803571260148885
ergo_adaptive,13.416666666666629,0.022171713600107102,0.03798071785594379
ergo_adaptive,13.5,0.02211087596337809,0.037932446348998575
ergo_adaptive,13.583333333333371,0.022358115892139766,0.037885480079444714
ergo_adaptive,13.666666666666629,0.020620160602565298,0.03783211837237211
ergo_adaptive,13.75,0.020977236285212964,0.037765578990095576
ergo_adaptive,13.833333333333371,0.021545319433095986,0.037698957380169304
ergo_adaptive,13.916666666666629,0.022098920678364324,0.03764915600440086
ergo_adaptive,14.0,0.023191625171029042,0.03758553113133325
ergo_adaptive,14.083333333333371,0.023468240712266643,0.03747873375938447
ergo_adaptive,14.166666666666629,0.0213484273478313,0.03735137320601216
ergo_adaptive,14.25,0.022268527712656708,0.03722303706264737
ergo_adaptive,14.333333333333371,0.02140521475316342,0.03710112095182605
ergo_adaptive,14.416666666666629,0.021742575949675033,0.036978104170575246
ergo_adaptive,14.5,0.023640687371095054,0.03684450006833758
ergo_adaptive,14.583333333333371,0.02393910193073326,0.03669560124816882
ergo_adaptive,14.666666666666629,0.02469188370791224,0.03655365674511935
ergo_adaptive,14.75,0.025844700529752716,0.03644171499006339
ergo_adaptive,14.833333333333371,0.02816734305035161,0.03627856773823429
ergo_adaptive,14.916666666666629,0.02770903388417879,0.03606194566198835
ergo_adaptive,15.0,0.02845040943275525,0.035829656278311944
ergo_adaptive,15.083333333333371,0.028983607594189522,0.03561636638915168
ergo_adaptive,15.166666666666629,0.030727450788584906,0.03540621778484644
ergo_adaptive,15.25,0.03091609526618008,0.03517342575518426
ergo_adaptive,15.333333333333371,0.03305727501830064,0.034917969213354855
ergo_adaptive,15.416666666666629,0.03277893124270777,0.03467003035350776
ergo_adaptive,15.5,0.03549031077681267,0.03443603988430799
ergo_adaptive,15.583333333333371,0.039331481282726254,0.03418474418247746
ergo_adaptive,15.666666666666629,0.039730310489214576,0.03390758343894417
ergo_adaptive,15.75,0.041540623085636406,0.03362318918557026
ergo_adaptive,15.833333333333371,0.047329577099554244,0.03335310482043651
ergo_adaptive,15.916666666666629,0.04764122430117359,0.033082808107143986
ergo_adaptive,16.0,0.05125482866743213,0.03279864395939015
ergo_adaptive,16.08333333333337,0.0523136488762495,0.03250837519264023
ergo_adaptive,16.16666666666663,0.055206505123354746,0.032243326753325835
ergo_adaptive,16.25,0.057668083830039595,0.03198845688921587
ergo_adaptive,16.33333333333337,0.060831831725918696,0.03171572454765292
ergo_adaptive,16.41666666666663,0.06290079602531776,0.031432964501358886
ergo_adaptive,16.5,0.0660092118538529,0.03117243004471184
ergo_adaptive,16.58333333333337,0.06590633660042866,0.030949934536782905
ergo_adaptive,16.66666666666663,0.06659726219475572,0.030731420425097522
ergo_adaptive,16.75,0.06852813019748533,0.030492762819032033
ergo_adaptive,16.83333333333337,0.06790114754051346,0.030261209334542016
ergo_adaptive,16.91666666666663,0.06685072526221272,0.030060434721801612
ergo_adaptive,17.0,0.06763322192560545,0.029875537162105587
ergo_adaptive,17.08333333333337,0.06812793620168539,0.029686325386142708
ergo_adaptive,17.16666666666663,0.06647772825415262,0.029507215279765492
ergo_adaptive,17.25,0.06813271008654262,0.029356324101893847
ergo_adaptive,17.33333333333337,0.06832336018111196,0.029232397279114388
ergo_adaptive,17.41666666666663,0.067627815461712,0.029118235812812327
ergo_adaptive,17.5,0.06788133308528176,0.02903152156111339
ergo_adaptive,17.58333333333337,0.06712556480816502,0.028974500504077173
ergo_adaptive,17.66666666666663,0.06482553747644984,0.028953584680574962
ergo_adaptive,17.75,0.06391609319247474,0.028964961480898988
ergo_adaptive,17.83333333333337,0.06228311228645729,0.028993729123846953
ergo_adaptive,17.91666666666663,0.06154459460681033,0.02904764681569277
ergo_adaptive,18.0,0.061614416587042836,0.02912970629984708
ergo_adaptive,18.08333333333337,0.05882773320223865,0.029221135578850164
ergo_adaptive,18.16666666666663,0.05665881143152971,0.02931306251073844
ergo_adaptive,18.25,0.05550676900266939,0.02941196402249978
ergo_adaptive,18.33333333333337,0.05407027023539599,0.02952831162655866
ergo_adaptive,18.41666666666663,0.051624594429424346,0.02965413592134049
ergo_adaptive,18.5,0.05125111619734263,0.029779670456204117
ergo_adaptive,18.58333333333337,0.052041857470985955,0.029901183672229336
ergo_adaptive,18.66666666666663,0.05192723904897437,0.030023218984701238
ergo_adaptive,18.75,0.04668458552382388,0.03014725578633557
ergo_adaptive,18.83333333333337,0.04581918496295088,0.030264421291696143
ergo_adaptive,18.91666666666663,0.04565954557440795,0.03037183028523312
ergo_adaptive,19.0,0.046337636899552066,0.03047431295752435
ergo_adaptive,19.08333333333337,0.042519978650035595,0.03057739110892604
ergo_adaptive,19.16666666666663,0.04107781698759672,0.030682790085399723
ergo_adaptive,19.25,0.04082099967982882,0.030788880520872114
ergo_adaptive,19.33333333333337,0.042148330749641055,0.030893996654198588
ergo_adaptive,19.41666666666663,0.03990711321427527,0.030999717783077772
ergo_adaptive,19.5,0.04018806180510332,0.03112028105889562
ergo_adaptive,19.58333333333337,0.039711948302569786,0.031240536814068867
ergo_adaptive,19.66666666666663,0.038702348948715784,0.03134758980025796
ergo_adaptive,19.75,0.03882186335383079,0.031453362737903265
ergo_adaptive,19.83333333333337,0.03854249304933079,0.03156816104665551
ergo_adaptive,19.91666666666663,0.037677413233493065,0.03168760605540171
ergo_adaptive,20.0,0.03792803678878885,0.03179952587536552
ergo_adaptive,20.08333333333337,0.03494637517500782,0.03190540361227815
ergo_adaptive,20.16666666666663,0.03596383567111277,0.03205385811613565
ergo_adaptive,20.25,0.03626770840273528,0.03221680364145121
ergo_adaptive,20.33333333333337,0.03675299291123631,0.03237362544075663
ergo_adaptive,20.41666666666663,0.037849459133786206,0.032517070465394635
ergo_adaptive,20.5,0.03508235930168463,0.032642732123453984
ergo_adaptive,20.58333333333337,0.034222469583089034,0.03279407759922874
ergo_adaptive,20.66666666666663,0.03437315680431407,0.03295144416017829
ergo_adaptive,20.75,0.034701595868667105,0.03309535651845553
ergo_adaptive,20.83333333333337,0.03497853597782212,0.033214161521064954
ergo_adaptive,20.91666666666663,0.03516902952927316,0.033301463290684924
ergo_adaptive,21.0,0.035892058344194226,0.033361419514361425
ergo_adaptive,21.08333333333337,0.03789709351823314,0.033407067526582075
ergo_adaptive,21.16666666666663,0.03763429307838296,0.03345537684411488
ergo_adaptive,21.25,0.038680378204882605,0.033522182647262165
ergo_adaptive,21.33333333333337,0.03847782058337226,0.0335781154839687
ergo_adaptive,21.41666666666663,0.0407465695688331,0.03360256601870792
ergo_adaptive,21.5,0.041668266623032774,0.033608893511658564
ergo_adaptive,21.58333333333337,0.04216198904913389,0.033618959258279575
ergo_adaptive,21.66666666666663,0.04463456208287912,0.033628651686904834
ergo_adaptive,21.75,0.0461435299083622,0.03363494993088088
ergo_adaptive,21.83333333333337,0.0456220186869661,0.03363256838610237
ergo_adaptive,21.91666666666663,0.05008618537480434,0.03363326513276578
ergo_adaptive,22.0,0.050476040531777816,0.03364239459846144
ergo_adaptive,22.08333333333337,0.052221621220351955,0.03366664614242273
ergo_adaptive,22.16666666666663,0.05072217291413052,0.03365656915476203
ergo_adaptive,22.25,0.05402271789193337,0.03360910109407387
ergo_adaptive,22.33333333333337,0.0555288035435675,0.03355484178743536
ergo_adaptive,22.41666666666663,0.05868525120881671,0.03350793986044677
ergo_adaptive,22.5,0.05976351602623483,0.033469009547769074
ergo_adaptive,22.58333333333337,0.06237998146288528,0.03342463982270241
ergo_adaptive,22.66666666666663,0.06396017637456143,0.03337749281885779
ergo_adaptive,22.75,0.0640215785481965,0.03333417229488671
ergo_adaptive,22.83333333333337,0.06271381986289397,0.03330812399932443
ergo_adaptive,22.91666666666663,0.06472845795060926,0.033291792883132276
ergo_adaptive,23.0,0.0658463761053321,0.03324841056258841
ergo_adaptive,23.08333333333337,0.06806101666672039,0.03318601973582203
ergo_adaptive,23.16666666666663,0.06506782968968071,0.033132642159114885
ergo_adaptive,23.25,0.0631515717271088,0.03309974181352359
ergo_adaptive,23.33333333333337,0.06280661076182137,0.033072465883639185
ergo_adaptive,23.41666666666663,0.05995992435843991,0.03305222804321972
ergo_adaptive,23.5,0.056866270437615364,0.033048414047319376
ergo_adaptive,23.58333333333337,0.05860745202744619,0.033083454378508535
ergo_adaptive,23.66666666666663,0.05799287528981064,0.03316870317996706
ergo_adaptive,23.75,0.05714017428722904,0.03326435307705898
ergo_adaptive,23.83333333333337,0.0569291449853897,0.03337938027006267
ergo_adaptive,23.91666666666663,0.056068347554411015,0.03351321327314363
ergo_adaptive,24.0,0.053965156673472105,0.033664592004089715
ergo_adaptive,24.08333333333337,0.05384710565981299,0.0338161790892931
ergo_adaptive,24.16666666666663,0.052396583213053016,0.033963033877298834
ergo_adaptive,24.25,0.05323204055993074,0.03410101766928261
ergo_adaptive,24.33333333333337,0.05426064267576528,0.03422797245243945
ergo_adaptive,24.41666666666663,0.05397292148790486,0.03432459414867391
ergo_adaptive,24.5,0.054629979048054174,0.03438800447123676
ergo_adaptive,24.58333333333337,0.0540379751756309,0.03442467999141809
ergo_adaptive,24.66666666666663,0.05380762021571332,0.03444260008504661
ergo_adaptive,24.75,0.05476832618090047,0.034440438563424006
ergo_adaptive,24.83333333333337,0.05697566361044309,0.03440726824878215
ergo_adaptive,24.91666666666663,0.05643412989975205,0.03434299462234786
ergo_adaptive,25.0,0.05512108452196241,0.034273165824134116
ergo_adaptive,25.08333333333337,0.056295015024925565,0.03420208873689816
ergo_adaptive,25.16666666666663,0.05572673332005872,0.03412855229336
ergo_adaptive,25.25,0.0598239542681708,0.034045372943176874
ergo_adaptive,25.33333333333337,0.059654918059052355,0.03397000823747454
ergo_adaptive,25.41666666666663,0.060088626168715804,0.03391801608276341
ergo_adaptive,25.5,0.062275458548393524,0.03386952328906769
ergo_adaptive,25.58333333333337,0.062290702503779403,0.03380566497831847
ergo_adaptive,25.66666666666663,0.060225120732798954,0.03373102406569544
ergo_adaptive,25.75,0.05930412732865122,0.03367318740957784
ergo_adaptive,25.83333333333337,0.05788712812865625,0.0336275022456535
ergo_adaptive,25.91666666666663,0.05930089429192731,0.03357755347558804
ergo_adaptive,26.0,0.062447865593996725,0.033539586420720274
ergo_adaptive,26.08333333333337,0.06241052022259256,0.03351871987656301
ergo_adaptive,26.16666666666663,0.05924248171945217,0.03351672356352881
ergo_adaptive,26.25,0.05930912742909494,0.033515600476619715
ergo_adaptive,26.33333333333337,0.05794318167025098,0.03351834580883687
ergo_adaptive,26.41666666666663,0.05428321920495009,0.03353674986333876
ergo_adaptive,26.5,0.05540371935806138,0.03356640197310468
ergo_adaptive,26.58333333333337,0.05509172630610373,0.03360069205357633
ergo_adaptive,26.66666666666663,0.052818351583987504,0.03363054156057874
ergo_adaptive,26.75,0.05203271175603523,0.03366147779923483
ergo_adaptive,26.83333333333337,0.050131094935621005,0.033700713912429056
ergo_adaptive,26.91666666666663,0.047099671407297816,0.03374509138840168
ergo_adaptive,27.0,0.045202467391979737,0.033786070278370633
ergo_adaptive,27.08333333333337,0.04251438222454004,0.033821786191730464
ergo_adaptive,27.16666666666663,0.04104731936179301,0.03386126705290343
ergo_adaptive,27.25,0.04255529719602818,0.033905097815883314
ergo_adaptive,27.33333333333337,0.0412956035332307,0.03394226338216796
ergo_adaptive,27.41666666666663,0.03998219809867609,0.033970480906604636
ergo_adaptive,27.5,0.038777348761040234,0.034004141545243706
ergo_adaptive,27.58333333333337,0.040111335408276313,0.034052442523043125
ergo_adaptive,27.66666666666663,0.039879175181426925,0.03409973986245093
ergo_adaptive,27.75,0.03901198089972136,0.03412759454540239
ergo_adaptive,27.83333333333337,0.036924087130459665,0.034149307356645106
ergo_adaptive,27.91666666666663,0.03722907623674791,0.034189496977314826
ergo_adaptive,28.0,0.036277619533699096,0.03423555205016845
ergo_adaptive,28.08333333333337,0.034582391919931656,0.03425145890791678
ergo_adaptive,28.16666666666663,0.035238706365518735,0.03425905102422292
ergo_adaptive,28.25,0.034274436102427655,0.03427836454421786
ergo_adaptive,28.33333333333337,0.03307098896142408,0.03430775187559453
ergo_adaptive,28.41666666666663,0.0340543319237366,0.03433216098933697
ergo_adaptive,28.5,0.03323062095182101,0.0343412058970735
ergo_adaptive,28.58333333333337,0.03320032729059443,0.034338945897058534
ergo_adaptive,28.66666666666663,0.03373465814880035,0.0343387141119478
ergo_adaptive,28.75,0.0349141988645229,0.03434919712668911
ergo_adaptive,28.83333333333337,0.03439821478997821,0.03435004894713208
ergo_adaptive,28.91666666666663,0.03547677132679895,0.034292769097366955
ergo_adaptive,29.0,0.037071956349171285,0.03420072955054027
ergo_adaptive,29.08333333333337,0.036686743423746705,0.03411340152071233
ergo_adaptive,29.16666666666663,0.03551276077494023,0.03404024358698359
ergo_adaptive,29.25,0.03843005466302422,0.03395130657470713
ergo_adaptive,29.33333333333337,0.03853011421237409,0.033838687568309316
ergo_adaptive,29.41666666666663,0.03671772546052276,0.03372881585555958
ergo_adaptive,29.5,0.03707461355158804,0.03363523138243028
ergo_adaptive,29.58333333333337,0.03800649101216799,0.033536443329392054
ergo_adaptive,29.66666666666663,0.03688665214611125,0.03341407138634554
ergo_adaptive,29.75,0.03794766117847063,0.03327546720582567
ergo_adaptive,29.83333333333337,0.03944424292824153,0.03314128249245393
ergo_adaptive,29.91666666666663,0.039615631182373184,0.03300970196745101
ergo_adaptive,30.0,0.03853686714720352,0.032864026215543386
ergo_adaptive,30.08333333333337,0.040486696511987205,0.03270045416134557
ergo_adaptive,30.16666666666663,0.04292663377057232,0.03254746831571266
ergo_adaptive,30.25,0.04251955074221727,0.03240775857139588
ergo_adaptive,30.33333333333337,0.04340108981249968,0.032256467522058296
ergo_adaptive,30.41666666666663,0.043288895244511946,0.03208291835392173
ergo_adaptive,30.5,0.045467117139038046,0.03190766551499779
ergo_adaptive,30.58333333333337,0.044796391004464524,0.03174841867590675
ergo_adaptive,30.66666666666663,0.044982770583896624,0.03159105521893546
ergo_adaptive,30.75,0.04744024779444596,0.03141277106044195
ergo_adaptive,30.83333333333337,0.045813511257419504,0.03121886882925489
ergo_adaptive,30.91666666666663,0.04523507453051117,0.031042882243939536
ergo_adaptive,31.0,0.044558274465950086,0.030878849853310554
ergo_adaptive,31.08333333333337,0.04290840765328776,0.030691307440805077
ergo_adaptive,31.16666666666663,0.04339003018838282,0.030495988207664224
ergo_adaptive,31.25,0.046149102458222624,0.030309317612852937
ergo_adaptive,31.33333333333337,0.04907239117898366,0.03014037470914536
ergo_adaptive,31.41666666666663,0.049559190527396914,0.029965429436789152
ergo_adaptive,31.5,0.048014552517778086,0.029769745893769736
ergo_adaptive,31.58333333333337,0.04902123088558507,0.029581763495679918
ergo_adaptive,31.66666666666663,0.046700666627627195,0.029420047752828634
ergo_adaptive,31.75,0.04864423136328908,0.029262391463372908
ergo_adaptive,31.83333333333337,0.04854170758311599,0.02909349974919151
ergo_adaptive,31.91666666666663,0.04721609801253836,0.028917734800781823
ergo_adaptive,32.0,0.04809000954832057,0.028767720104074978
ergo_adaptive,32.08333333333337,0.04879312507195342,0.028637330360639875
ergo_adaptive,32.16666666666663,0.048279105201564816,0.028501378531048185
ergo_adaptive,32.25,0.046282676271515145,0.028358465643263053
ergo_adaptive,32.33333333333337,0.04583176285644282,0.02823079061091294
ergo_adaptive,32.41666666666663,0.04654884704043643,0.02812424397521751
ergo_adaptive,32.5,0.049575730231403096,0.028012988069103562
ergo_adaptive,32.58333333333337,0.04886081700704162,0.027887714601502904
ergo_adaptive,32.66666666666663,0.04908172538255652,0.02777247785904692
ergo_adaptive,32.75,0.04915545999006089,0.027683832682130167
ergo_adaptive,32.83333333333337,0.04677155236109873,0.027613084995505015
ergo_adaptive,32.91666666666663,0.04587734793592368,0.027538273459608124
ergo_adaptive,33.0,0.04657705324337233,0.027463790987108178
ergo_adaptive,33.08333333333337,0.04576214546344597,0.02740718668350564
ergo_adaptive,33.16666666666663,0.04607523919374629,0.027362844203724312
ergo_adaptive,33.25,0.044182122044506784,0.02731459164343349
ergo_adaptive,33.33333333333337,0.0452338560308961,0.02727198867820271
ergo_adaptive,33.41666666666663,0.04346971340519918,0.02724473278268173
ergo_adaptive,33.5,0.042672794701612636,0.027230755368304483
ergo_adaptive,33.58333333333337,0.04161139850804154,0.02722027423079556
ergo_adaptive,33.66666666666663,0.04192650357898342,0.027208000950081326
ergo_adaptive,33.75,0.0406216743383401,0.027206757566073495
ergo_adaptive,33.83333333333337,0.040280859684973205,0.027220920362854204
ergo_adaptive,33.91666666666663,0.04088005113584355,0.02724013558470463
ergo_adaptive,34.0,0.040762603249891866,0.027251985384203772
ergo_adaptive,34.08333333333337,0.03960205681448263,0.027260589358671806
ergo_adaptive,34.16666666666663,0.03942846842170971,0.027278372482670014
ergo_adaptive,34.25,0.03996955782953768,0.027309102933761778
ergo_adaptive,34.33333333333337,0.03822430104911638,0.027318649642578862
ergo_adaptive,34.41666666666663,0.03913716597585965,0.02729059467275353
ergo_adaptive,34.5,0.038350962332640036,0.027244479813128795
ergo_adaptive,34.58333333333337,0.03865802071909299,0.027187967565454104
ergo_adaptive,34.66666666666663,0.03966259603935964,0.02712731928390995
ergo_adaptive,34.75,0.039450931627762205,0.02707929737537943
ergo_adaptive,34.83333333333337,0.039408749900543084,0.027015533450562946
ergo_adaptive,34.91666666666663,0.0399532389199148,0.026922096713393805
ergo_adaptive,35.0,0.04186419013661093,0.026819664845184665
ergo_adaptive,35.08333333333337,0.04247873258965228,0.026736551750124755
ergo_adaptive,35.16666666666663,0.04310170546130244,0.026656256231520487
ergo_adaptive,35.25,0.043005624348309,0.02654819697980485
ergo_adaptive,35.33333333333337,0.04499125650667593,0.02641751392763104
ergo_adaptive,35.41666666666663,0.04601241631965588,0.026291862089504677
ergo_adaptive,35.5,0.04596588587801018,0.02617396649994102
ergo_adaptive,35.58333333333337,0.04497788780480397,0.026042061307580983
ergo_adaptive,35.66666666666663,0.04530837366952706,0.02590518836374625
ergo_adaptive,35.75,0.044764027938967776,0.025776649340828774
ergo_adaptive,35.83333333333337,0.04720407889525751,0.025658876684507753
ergo_adaptive,35.91666666666663,0.04859420623985263,0.025543615220202986
ergo_adaptive,36.0,0.048302699078781264,0.02541683175424061
ergo_adaptive,36.08333333333337,0.05140061771999366,0.025280138208679383
ergo_adaptive,36.16666666666663,0.05109620216197505,0.025179038370084922
ergo_adaptive,36.25,0.0512067983620773,0.025108637050513104
ergo_adaptive,36.33333333333337,0.051489126237113034,0.02501327697370013
ergo_adaptive,36.41666666666663,0.05254581054433105,0.02488157792366672
ergo_adaptive,36.5,0.052048884064021646,0.02475495167553476
ergo_adaptive,36.58333333333337,0.054484009263611126,0.024668447813567872
ergo_adaptive,36.66666666666663,0.05362474414721666,0.024585150014296793
ergo_adaptive,36.75,0.05283118414689692,0.024475063307244676
ergo_adaptive,36.83333333333337,0.051768512368439934,0.02436152303978017
ergo_adaptive,36.91666666666663,0.053175407822810404,0.024266550581357994
ergo_adaptive,37.0,0.05203297231378868,0.02419448067640455
ergo_adaptive,37.08333333333337,0.05683611914566921,0.02413453764180482
ergo_adaptive,37.16666666666663,0.05723939077926079,0.02407813827854894
ergo_adaptive,37.25,0.057108022768193815,0.024036088009101887
ergo_adaptive,37.33333333333337,0.05546842506546909,0.024025750540544896
ergo_adaptive,37.41666666666663,0.05512974690797733,0.024024068893522803
ergo_adaptive,37.5,0.054087143006727366,0.02402969020404651
ergo_adaptive,37.58333333333337,0.05292774937825789,0.024054965350908845
ergo_adaptive,37.66666666666663,0.05391151571344832,0.02410921942926341
ergo_adaptive,37.75,0.05253447536490042,0.02417924149794593
ergo_adaptive,37.83333333333337,0.052327417042724526,0.024252778503422417
ergo_adaptive,37.91666666666663,0.051153677625614326,0.024327409334242225
ergo_adaptive,38.0,0.050128353810811335,0.024426682801173726
ergo_adaptive,38.08333333333337,0.04893282410377487,0.02454241653797491
ergo_adaptive,38.16666666666663,0.04875635043163388,0.024661883560219602
ergo_adaptive,38.25,0.04664878315040752,0.024788061682463513
ergo_adaptive,38.33333333333337,0.04639066078755338,0.024921522555879858
ergo_adaptive,38.41666666666663,0.04677595291825989,0.025063551378997285
ergo_adaptive,38.5,0.04693023237453802,0.025210256740265273
ergo_adaptive,38.58333333333337,0.0454135952286607,0.025359545449378528
ergo_adaptive,38.66666666666663,0.04521255486845587,0.025514161967345208
ergo_adaptive,38.75,0.044644638958462816,0.02567573394059013
ergo_adaptive,38.83333333333337,0.04317173850414159,0.02584452725246126
ergo_adaptive,38.91666666666663,0.04286333237759513,0.026013836084992595
ergo_adaptive,39.0,0.04069808926805694,0.026183845375671744
ergo_adaptive,39.08333333333337,0.042012370387396566,0.026359100898456667
ergo_adaptive,39.16666666666663,0.04306821108449772,0.02653816415730305
ergo_adaptive,39.25,0.04352966370053161,0.026716627109725548
ergo_adaptive,39.33333333333337,0.043970693566754884,0.026896020946255417
ergo_adaptive,39.41666666666663,0.0431183182019076,0.02707526396535202
ergo_adaptive,39.5,0.043503216738483036,0.02725995935345708
ergo_adaptive,39.58333333333337,0.04301779974154525,0.027446366018699195
ergo_adaptive,39.66666666666663,0.04359997808391619,0.02763315062553651
ergo_adaptive,39.75,0.04389690369886011,0.027816585766997595
ergo_adaptive,39.83333333333337,0.0442699562224719,0.027997938305351334
ergo_adaptive,39.91666666666663,0.04483234694326554,0.028176021759449884
ergo_adaptive,40.0,0.045476585154816465,0.028350736007110678
ergo_adaptive,40.08333333333337,0.04501491665963314,0.028519393239681553
ergo_adaptive,40.16666666666663,0.04402638669143337,0.028692615467493004
ergo_adaptive,40.25,0.043690473467156016,0.02886288326588142
ergo_adaptive,40.33333333333337,0.043804446044913244,0.029029711773628935
ergo_adaptive,40.41666666666663,0.04520932067254092,0.029193716801218933
ergo_adaptive,40.5,0.04511411946778869,0.029348041699225294
ergo_adaptive,40.58333333333337,0.04493048008918578,0.029481828616475365
ergo_adaptive,40.66666666666663,0.045079044050339245,0.02959900444332893
ergo_adaptive,40.75,0.04603965936007687,0.02970343111704112
ergo_adaptive,40.83333333333337,0.04658954685745876,0.029791373957396127
ergo_adaptive,40.91666666666663,0.04639235076462294,0.029863457913769757
ergo_adaptive,41.0,0.049067195548216855,0.029930992876930188
ergo_adaptive,41.08333333333337,0.04836156795025082,0.02999893846194304
ergo_adaptive,41.16666666666663,0.04892477511803017,0.030051767692284275
ergo_adaptive,41.25,0.05025818112536362,0.03008512486229083
ergo_adaptive,41.33333333333337,0.05072097185921234,0.030114913219637676
ergo_adaptive,41.41666666666663,0.05101029231318026,0.030147992634838257
ergo_adaptive,41.5,0.05255158963414482,0.030171235137926862
ergo_adaptive,41.58333333333337,0.05376028676949573,0.030175365631086942
ergo_adaptive,41.66666666666663,0.05387994107932051,0.030170452373524587
ergo_adaptive,41.75,0.05644459267710628,0.030168504571750042
ergo_adaptive,41.83333333333337,0.057563621074040706,0.030163198550830016
ergo_adaptive,41.91666666666663,0.057407272769812015,0.030143354253701897
ergo_adaptive,42.0,0.05443191827405894,0.030113315299122565
ergo_adaptive,42.08333333333337,0.056356864223816874,0.03008565614416487
ergo_adaptive,42.16666666666663,0.05702032931138748,0.030061617349307096
ergo_adaptive,42.25,0.05833332666170189,0.03002887794849174
ergo_adaptive,42.33333333333337,0.05664741763999393,0.02998296751990434
ergo_adaptive,42.41666666666663,0.05622333346960684,0.029937900734208957
ergo_adaptive,42.5,0.05773374449925373,0.02989866933040536
ergo_adaptive,42.58333333333337,0.05699377766590637,0.02985800126699346
ergo_adaptive,42.66666666666663,0.06026709827525166,0.02980824011142461
ergo_adaptive,42.75,0.05872167006581083,0.02975475415305027
ergo_adaptive,42.83333333333337,0.06040879977660405,0.02970937510436491
ergo_adaptive,42.91666666666663,0.05978337836803173,0.029672701815038064
ergo_adaptive,43.0,0.06056599265429867,0.02963711554236574
ergo_adaptive,43.08333333333337,0.061508703947823117,0.029595321249748698
ergo_adaptive,43.16666666666663,0.061290236439076,0.029565799468227474
ergo_adaptive,43.25,0.062285591255036216,0.029571386622001816
ergo_adaptive,43.33333333333337,0.061474344924171434,0.029568897414691694
ergo_adaptive,43.41666666666663,0.06107330818381008,0.029542193417445146
ergo_adaptive,43.5,0.060790710247114556,0.029510674693349923
ergo_adaptive,43.58333333333337,0.0629696118779713,0.029487318083609614
ergo_adaptive,43.66666666666663,0.0631674502416485,0.02950295343560859
ergo_adaptive,43.75,0.0627138121134505,0.029542930326598164
ergo_adaptive,43.83333333333337,0.06254390995091252,0.02963749101725839
ergo_adaptive,43.91666666666663,0.06368167398546581,0.029753269302024377
ergo_adaptive,44.0,0.06408246567985709,0.029867416301030385
ergo_adaptive,44.08333333333337,0.06276475847293472,0.029978200224694638
ergo_adaptive,44.16666666666663,0.062447652595500426,0.03010191922207511
ergo_adaptive,44.25,0.0639583170346936,0.030217835605243895
ergo_adaptive,44.33333333333337,0.06434753475242364,0.03032675776637082
ergo_adaptive,44.41666666666663,0.06477416705994163,0.03044282194704553
ergo_adaptive,44.5,0.06566058138359451,0.030557839773758085
ergo_adaptive,44.58333333333337,0.06956535422967092,0.03066498650036912
ergo_adaptive,44.66666666666663,0.06953135958690439,0.030742510202467023
ergo_adaptive,44.75,0.0716990946708974,0.030777740413371654
ergo_adaptive,44.83333333333337,0.07021873951844594,0.030783087862959878
ergo_adaptive,44.91666666666663,0.07087306590263799,0.03080281626602355
ergo_adaptive,45.0,0.06907971537933504,0.030847115025283704
ergo_adaptive,45.08333333333337,0.06990638174562083,0.030946717047590035
ergo_adaptive,45.16666666666663,0.0694570810663032,0.031061342885086368
ergo_adaptive,45.25,0.06894664637752677,0.031175089388125514
ergo_adaptive,45.33333333333337,0.0678434732408087,0.03128468032284432
ergo_adaptive,45.41666666666663,0.06730632089552714,0.031381131482140175
ergo_adaptive,45.5,0.06977709118529386,0.03145290071802132
ergo_adaptive,45.58333333333337,0.069934688128298,0.03150579457815952
ergo_adaptive,45.66666666666663,0.07123366791023406,0.031554713910899916
ergo_adaptive,45.75,0.07152234383237073,0.03160864568710547
ergo_adaptive,45.83333333333337,0.0720376485616251,0.03166439729029868
ergo_adaptive,45.91666666666663,0.07186730704394777,0.031717692968277776
ergo_adaptive,46.0,0.07320483774017997,0.031801615994017506
ergo_adaptive,46.08333333333337,0.07265471581905378,0.031902939536652464
ergo_adaptive,46.16666666666663,0.07381135765442859,0.032019373214518795
ergo_adaptive,46.25,0.07506288103948895,0.032139556859826064
ergo_adaptive,46.33333333333337,0.07505330715412503,0.03225020474380308
ergo_adaptive,46.41666666666663,0.07492576893498266,0.032341743890458755
ergo_adaptive,46.5,0.07385514274317229,0.032413508420969975
ergo_adaptive,46.58333333333337,0.07135084850756446,0.03247410877332724
ergo_adaptive,46.66666666666663,0.07173049264544797,0.03253222745736815
ergo_adaptive,46.75,0.06976389578119373,0.03257949093769675
ergo_adaptive,46.83333333333337,0.07105932114625979,0.032622344508825785
ergo_adaptive,46.91666666666663,0.07257264177058596,0.032658749316188236
ergo_adaptive,47.0,0.07036250858194418,0.03269294229985303
ergo_adaptive,47.08333333333337,0.07305252551538399,0.032721622837467136
ergo_adaptive,47.16666666666663,0.07130723130297568,0.03272057718637292
ergo_adaptive,47.25,0.07097444265728044,0.03271894083481938
ergo_adaptive,47.33333333333337,0.07014132790224924,0.032745267587909944
ergo_adaptive,47.41666666666663,0.06950449046557797,0.03279039960443798
ergo_adaptive,47.5,0.06827699516590428,0.032816768830840067
ergo_adaptive,47.58333333333337,0.06732433713197288,0.032864519753775516
ergo_adaptive,47.66666666666663,0.06824017750907799,0.03297350771657384
ergo_adaptive,47.75,0.0671577230853288,0.03312155712551879
ergo_adaptive,47.83333333333337,0.06689340647887941,0.03326850718412373
ergo_adaptive,47.91666666666663,0.06737759995318914,0.03338989496172676
ergo_adaptive,48.0,0.06892217540090358,0.033486978605742915
ergo_adaptive,48.08333333333337,0.06884886456087791,0.03357170257018424
ergo_adaptive,48.16666666666663,0.06789953390252423,0.03365364761369915
ergo_adaptive,48.25,0.06837685205916202,0.03371879452852291
ergo_adaptive,48.33333333333337,0.07075628308969065,0.03376529224972699
ergo_adaptive,48.41666666666663,0.07394605033598886,0.033804808172743034
ergo_adaptive,48.5,0.07417274686739521,0.033848595338233436
ergo_adaptive,48.58333333333337,0.07557322597393291,0.03389396515212808
ergo_adaptive,48.66666666666663,0.07452947125799733,0.03393550884906144
ergo_adaptive,48.75,0.07327816022930417,0.033974962262952206
ergo_adaptive,48.83333333333337,0.07596187877072375,0.034014295627602824
ergo_adaptive,48.91666666666663,0.07729884365182588,0.03405246567379245
ergo_adaptive,49.0,0.07696987123427951,0.03408104784043789
ergo_adaptive,49.08333333333337,0.07696059690729166,0.034100924112926645
ergo_adaptive,49.16666666666663,0.0772069687530212,0.03412210307274818
ergo_adaptive,49.25,0.07585033226780251,0.03416339707677462
ergo_adaptive,49.33333333333337,0.07791391489680448,0.034206672515662326
ergo_adaptive,49.41666666666663,0.07852196492208958,0.03423155393160256
ergo_adaptive,49.5,0.07958609692519635,0.03425180939945444
ergo_adaptive,49.58333333333337,0.07750267247806232,0.0343044355713512
ergo_adaptive,49.66666666666663,0.07728630628430411,0.034377898098599195
ergo_adaptive,49.75,0.077235074937716,0.03443585498093374
ergo_adaptive,49.83333333333337,0.07940283821503537,0.034490272512292384
ergo_adaptive,49.91666666666663,0.07953973798292185,0.03457427992755253
ergo_adaptive,50.0,0.08004786326905036,0.03468215375644427
ergo_adaptive,50.08333333333337,0.07975845809353926,0.03480330361112937
ergo_adaptive,50.16666666666663,0.08077112118923517,0.034940735524067484
ergo_adaptive,50.25,0.08045743764389723,0.03507461825484524
ergo_adaptive,50.33333333333337,0.0801613545570129,0.03520553187660142
ergo_adaptive,50.41666666666663,0.0803019902276269,0.03533340429870331
ergo_adaptive,50.5,0.07945628914719717,0.0354573359264789
ergo_adaptive,50.58333333333337,0.08026976777075932,0.03558623012209724
ergo_adaptive,50.66666666666663,0.08174555077179756,0.03571500292391008
ergo_adaptive,50.75,0.08220403897312596,0.03583388937225122
ergo_adaptive,50.83333333333337,0.08330083454780324,0.03593152132206028
ergo_adaptive,50.91666666666663,0.0843286341781679,0.03600072558522376
ergo_adaptive,51.0,0.08398383292850786,0.036061993169554725
ergo_adaptive,51.08333333333337,0.08611505876834698,0.036153224415255904
ergo_adaptive,51.16666666666663,0.08450868902928911,0.036232694478325896
ergo_adaptive,51.25,0.08482060231056082,0.036334033093457674
ergo_adaptive,51.33333333333337,0.0855665841224709,0.0364414859727795
ergo_adaptive,51.41666666666663,0.08512345439859198,0.0365294574545496
ergo_adaptive,51.5,0.084502599451977,0.03661980926576139
ergo_adaptive,51.58333333333337,0.08500494297516739,0.036716189734083325
ergo_adaptive,51.66666666666663,0.08251793178893606,0.03681205068887265
ergo_adaptive,51.75,0.08338648807311444,0.03691997650588957
ergo_adaptive,51.83333333333337,0.08481531597024965,0.037036593489478783
ergo_adaptive,51.91666666666663,0.08574910964913891,0.03715486364417002
ergo_adaptive,52.0,0.08658531950670285,0.03726151911559012
ergo_adaptive,52.08333333333337,0.08427858031624667,0.0373472251150565
ergo_adaptive,52.16666666666663,0.08265407293424082,0.03741805639843953
ergo_adaptive,52.25,0.08115004704384506,0.0374874074964408
ergo_adaptive,52.33333333333337,0.08251725699635763,0.03755893118764889
ergo_adaptive,52.41666666666663,0.08582267802032811,0.037622530140048
ergo_adaptive,52.5,0.0862169062518331,0.03768899758720804
ergo_adaptive,52.58333333333337,0.08342867564325701,0.037777950211959205
ergo_adaptive,52.66666666666663,0.08278397205980526,0.0379030664189048
ergo_adaptive,52.75,0.07959982264113352,0.038043290170160074
ergo_adaptive,52.83333333333337,0.0792833890996014,0.038203757196624326
ergo_adaptive,52.91666666666663,0.07898734125231095,0.03834149858538394
ergo_adaptive,53.0,0.07840387188464472,0.03845101637962345
ergo_adaptive,53.08333333333337,0.07960158222818928,0.0385359727296026
ergo_adaptive,53.16666666666663,0.08004190449268257,0.03861036512548743
ergo_adaptive,53.25,0.07984125226704375,0.03866863985488335
ergo_adaptive,53.33333333333337,0.08057709513182167,0.03870001236253291
ergo_adaptive,53.41666666666663,0.08113995185986131,0.03871111572252999
ergo_adaptive,53.5,0.08015532303930155,0.03871146548420456
ergo_adaptive,53.58333333333337,0.08378103334760462,0.038684851624640915
ergo_adaptive,53.66666666666663,0.08681658887872033,0.03861026272475599
ergo_adaptive,53.75,0.08574101898414146,0.03849772259302565
ergo_adaptive,53.83333333333337,0.0847907855398701,0.038369779427383455
ergo_adaptive,53.91666666666663,0.08259558618074318,0.038252852648675985
ergo_adaptive,54.0,0.08336343953669129,0.038180603305497426
ergo_adaptive,54.08333333333337,0.08191887227680633,0.03809937114261035
ergo_adaptive,54.16666666666663,0.07975546546443278,0.03797734666949222
ergo_adaptive,54.25,0.07459213619928516,0.0378564543570896
ergo_adaptive,54.33333333333337,0.07170533022011472,0.03778431284610971
ergo_adaptive,54.41666666666663,0.07205534654101238,0.037748540232447544
ergo_adaptive,54.5,0.07653856773517753,0.03773358020657667
ergo_adaptive,54.58333333333337,0.07783711538186397,0.03772194993454255
ergo_adaptive,54.66666666666663,0.07426980723921112,0.037710661863881875
ergo_adaptive,54.75,0.07338800997549019,0.03771484637150026
ergo_adaptive,54.83333333333337,0.068049714138139,0.03774270368057767
ergo_adaptive,54.91666666666663,0.06658180474686794,0.03774433548493001
ergo_adaptive,55.0,0.06610923891711652,0.03771169546674579
ergo_adaptive,55.08333333333337,0.06132040228505218,0.03767751633716699
ergo_adaptive,55.16666666666663,0.05913267604723644,0.03766169622061917
ergo_adaptive,55.25,0.05839869939839696,0.037647335780376795
ergo_adaptive,55.33333333333337,0.056978954477952926,0.03761515396200217
ergo_adaptive,55.41666666666663,0.056430443808129734,0.03757560743997696
ergo_adaptive,55.5,0.05484413997948031,0.037546845066542274
ergo_adaptive,55.58333333333337,0.0535011636098199,0.03752832814383219
ergo_adaptive,55.66666666666663,0.05436713907521045,0.03750501786903445
ergo_adaptive,55.75,0.05004531230543613,0.03747092964931492
ergo_adaptive,55.83333333333337,0.04756877884682295,0.03744225408462738
ergo_adaptive,55.91666666666663,0.04895533660714445,0.037427353145391
ergo_adaptive,56.0,0.046712023862135896,0.037412514648685315
ergo_adaptive,56.08333333333337,0.0441075865509925,0.037389400487795696
ergo_adaptive,56.16666666666663,0.04477093987474341,0.037364479023120276
ergo_adaptive,56.25,0.04178634544148121,0.03735103284775222
ergo_adaptive,56.33333333333337,0.04090699974452862,0.03734519152480152
ergo_adaptive,56.41666666666663,0.04168333573096748,0.03733040514311858
ergo_adaptive,56.5,0.04113121751999804,0.037304000421207725
ergo_adaptive,56.58333333333337,0.04079854009618988,0.037289336347915404
ergo_adaptive,56.66666666666663,0.037884415891914186,0.037305726123795034
ergo_adaptive,56.75,0.03707706554390142,0.03729643827199733
ergo_adaptive,56.83333333333337,0.03651500223137328,0.03725060988503884
ergo_adaptive,56.91666666666663,0.03865152104728512,0.037200451444652526
ergo_adaptive,57.0,0.034563184938541096,0.0371611042125759
ergo_adaptive,57.08333333333337,0.035419114892892616,0.03712180772225548
ergo_adaptive,57.16666666666663,0.03548775953273888,0.0370684156099025
ergo_adaptive,57.25,0.03473243626256787,0.0370043390558511
ergo_adaptive,57.33333333333337,0.035792560418370485,0.03694707916740244
ergo_adaptive,57.41666666666663,0.035247257805015614,0.036912513257760696
ergo_adaptive,57.5,0.03433510023431544,0.036889160400640296
ergo_adaptive,57.58333333333337,0.03523228992557863,0.03682294462743555
ergo_adaptive,57.66666666666663,0.03446046216433015,0.03671693451814788
ergo_adaptive,57.75,0.0329425199021971,0.03660989363059177
ergo_adaptive,57.83333333333337,0.03168960360317903,0.036516794484510846
ergo_adaptive,57.91666666666663,0.03583320885380995,0.036410266059805234
ergo_adaptive,58.0,0.03598513142770861,0.03628085967350266
ergo_adaptive,58.08333333333337,0.03671041436735398,0.03614528268520195
ergo_adaptive,58.16666666666663,0.03677815601058731,0.03602288830355462
ergo_adaptive,58.25,0.03629370684868059,0.03591759126357227
ergo_adaptive,58.33333333333337,0.03751316446573665,0.03579945076261555
ergo_adaptive,58.41666666666663,0.03758899019066233,0.03564696160157948
ergo_adaptive,58.5,0.038752515314299046,0.035491005362403044
ergo_adaptive,58.58333333333337,0.04041812291542218,0.035372777826325724
ergo_adaptive,58.66666666666663,0.04358231483237564,0.03524656304141653
ergo_adaptive,58.75,0.04427873151732565,0.03506178661885307
ergo_adaptive,58.83333333333337,0.04600730584975831,0.03484063572750463
ergo_adaptive,58.91666666666663,0.04525177808125139,0.034629483751515144
ergo_adaptive,59.0,0.04595657641912182,0.03443539298583494
ergo_adaptive,59.08333333333337,0.05166163602016869,0.03423208305197453
ergo_adaptive,59.16666666666663,0.05441594664785602,0.03401658970536949
ergo_adaptive,59.25,0.05751004623863073,0.033801270657199574
ergo_adaptive,59.33333333333337,0.054749093452600664,0.03362153058505272
ergo_adaptive,59.41666666666663,0.05731248583203596,0.033456421951929834
ergo_adaptive,59.5,0.06226122471751388,0.03326391058150463
ergo_adaptive,59.58333333333337,0.06251687802617201,0.033039605770194755
ergo_adaptive,59.66666666666663,0.06125180175468586,0.032838127179051484
ergo_adaptive,59.75,0.06279601815762237,0.03270773085666627
ergo_adaptive,59.83333333333337,0.061995740482893504,0.03255300826062253
ergo_adaptive,59.91666666666663,0.06329310883794007,0.03235147374948176
ergo_adaptive,60.0,0.06209414065439844,0.032154388669501974
ergo_adaptive,60.08333333333337,0.06183185220880618,0.032001840587222524
ergo_adaptive,60.16666666666663,0.0645833090604168,0.03188240753340468
ergo_adaptive,60.25,0.06633209086360464,0.031777887729675124
ergo_adaptive,60.33333333333337,0.0684033272951537,0.03168001681913349
ergo_adaptive,60.41666666666663,0.0690655601991289,0.031599304819813594
ergo_adaptive,60.5,0.06705274786569812,0.03155260741712534
ergo_adaptive,60.58333333333337,0.06644378881435921,0.03153120359900148
ergo_adaptive,60.66666666666663,0.06754185061689842,0.031498825316800164
ergo_adaptive,60.75,0.06786175795580454,0.03145954844601666
ergo_adaptive,60.83333333333337,0.06677239836591069,0.03144500396360612
ergo_adaptive,60.91666666666663,0.06758467418209267,0.03146916733567932
ergo_adaptive,61.0,0.06608487425972288,0.031505871538730204
ergo_adaptive,61.08333333333337,0.06550161440502178,0.0315493171379441
ergo_adaptive,61.16666666666663,0.06485025929970363,0.03160667900848177
ergo_adaptive,61.25,0.06558977288686708,0.03172056022168658
ergo_adaptive,61.33333333333337,0.06341145154080734,0.03188459096752972
ergo_adaptive,61.41666666666663,0.061083220177932475,0.032057919786700154
ergo_adaptive,61.5,0.05817655290282078,0.032235139236049086
ergo_adaptive,61.58333333333337,0.057907182497918375,0.03241943755426831
ergo_adaptive,61.66666666666663,0.05530950131174981,0.03261743395995204
ergo_adaptive,61.75,0.0546969442568439,0.03282164690959083
ergo_adaptive,61.83333333333337,0.05390906745758227,0.03302719937661074
ergo_adaptive,61.91666666666663,0.05103601789940189,0.03323688185550082
ergo_adaptive,62.0,0.05109642943737625,0.03345114713304865
ergo_adaptive,62.08333333333337,0.05011389382159184,0.033669974378063544
ergo_adaptive,62.16666666666663,0.04847325323461075,0.033892895982357014
ergo_adaptive,62.25,0.04784857374275412,0.034113920312461375
ergo_adaptive,62.33333333333337,0.04523697295597052,0.034332577573647605
ergo_adaptive,62.41666666666663,0.04431819387080225,0.03455235429403595
ergo_adaptive,62.5,0.044730475129064876,0.03477636698175345
ergo_adaptive,62.58333333333337,0.04451732167668417,0.035004483913911394
ergo_adaptive,62.66666666666663,0.044362036774141196,0.03523088795958994
ergo_adaptive,62.75,0.04360755292269836,0.03545202909163977
ergo_adaptive,62.83333333333337,0.04359910617417385,0.03566670215475291
ergo_adaptive,62.91666666666663,0.04239035652844681,0.03587422085710406
ergo_adaptive,63.0,0.04128152465417443,0.03607365239729281
ergo_adaptive,63.08333333333337,0.041778773301748826,0.03626491926781708
ergo_adaptive,63.16666666666663,0.04190893689298072,0.03644509777760969
ergo_adaptive,63.25,0.04496725170622383,0.036612635409102784
ergo_adaptive,63.33333333333337,0.046540476004768586,0.03677082762121284
ergo_adaptive,63.41666666666663,0.04671133755523556,0.036923981299873815
ergo_adaptive,63.5,0.046052254998640074,0.03706982736057768
ergo_adaptive,63.58333333333337,0.0458842969303751,0.03720552115469457
ergo_adaptive,63.66666666666663,0.04282773258673919,0.03733160620901785
ergo_adaptive,63.75,0.04333343047301762,0.03745260511845894
ergo_adaptive,63.83333333333337,0.043339967786098416,0.037567709053612605
ergo_adaptive,63.91666666666663,0.04405245516368128,0.03767914534101242
ergo_adaptive,64.0,0.04394963049852916,0.03778591492587889
ergo_adaptive,64.08333333333337,0.04353593510118407,0.03787817329131568
ergo_adaptive,64.16666666666663,0.04237616229803064,0.03795743316449463
ergo_adaptive,64.25,0.04288323865906227,0.0380326192694152
ergo_adaptive,64.33333333333337,0.04063468451011699,0.03810270658639714
ergo_adaptive,64.41666666666663,0.042381412175491726,0.03818253427611366
ergo_adaptive,64.5,0.04350362610530378,0.03826069707413379
ergo_adaptive,64.58333333333337,0.040075777469629044,0.0383211590522044
ergo_adaptive,64.66666666666663,0.03934392742126631,0.03835970545533225
ergo_adaptive,64.75,0.04021615339176529,0.03838446512036094
ergo_adaptive,64.83333333333337,0.041670177350376175,0.03841850805157085
ergo_adaptive,64.91666666666663,0.04102907271196131,0.038484168810840574
ergo_adaptive,65.0,0.04018895678671394,0.0385668676115592
ergo_adaptive,65.08333333333337,0.040308577059776786,0.03862376843370653
ergo_adaptive,65.16666666666663,0.04043317857570332,0.03865388552165256
ergo_adaptive,65.25,0.03995028301228157,0.038692259415414744
ergo_adaptive,65.33333333333337,0.04123266112000351,0.03873933908464459
ergo_adaptive,65.41666666666663,0.043369562098647854,0.03878203600340206
ergo_adaptive,65.5,0.04091932768316854,0.038828731997660834
ergo_adaptive,65.58333333333337,0.0412271605196189,0.038869178422018036
ergo_adaptive,65.66666666666663,0.041263641172596614,0.03891826030062543
ergo_adaptive,65.75,0.039196818552077406,0.03898375174462754
ergo_adaptive,65.83333333333337,0.03786242794122714,0.03904827181672922
ergo_adaptive,65.91666666666663,0.03739148745477574,0.03908321131947563
ergo_adaptive,66.0,0.03755616893185598,0.039102701402747686
ergo_adaptive,66.08333333333337,0.03655098634123296,0.039130153848278275
ergo_adaptive,66.16666666666663,0.03610008530260906,0.03916763112198789
ergo_adaptive,66.25,0.03524794434895966,0.039201848505220245
ergo_adaptive,66.33333333333337,0.03506757363631145,0.03922965090728806
ergo_adaptive,66.41666666666663,0.036621347215054306,0.0392605897515644
ergo_adaptive,66.5,0.03567414695911736,0.03930241066594124
ergo_adaptive,66.58333333333337,0.03841100335056445,0.039351723330105365
ergo_adaptive,66.66666666666663,0.03653624867261545,0.03939405208421283
ergo_adaptive,66.75,0.03579923127032414,0.039423412318372084
ergo_adaptive,66.83333333333337,0.03317043937259983,0.0394548890509738
ergo_adaptive,66.91666666666663,0.03316011271833924,0.03950054640576328
ergo_adaptive,67.0,0.03419206249057496,0.03953094362630531
ergo_adaptive,67.08333333333337,0.030015827566051617,0.03952901111948873
ergo_adaptive,67.16666666666663,0.02953985220064479,0.039514033906004616
ergo_adaptive,67.25,0.030094192030057833,0.03950402873794451
ergo_adaptive,67.33333333333337,0.031034632857471853,0.03949740927528956
ergo_adaptive,67.41666666666663,0.03187765096003888,0.03948246728767437
ergo_adaptive,67.5,0.03160959708924328,0.03945645652650786
ergo_adaptive,67.58333333333337,0.030449867376909752,0.039427440761875314
ergo_adaptive,67.66666666666663,0.03250932256176466,0.03941266683822318
ergo_adaptive,67.75,0.033047409788737714,0.03939947614338881
ergo_adaptive,67.83333333333337,0.03056745693776819,0.03935682053064623
ergo_adaptive,67.91666666666663,0.02882144249502135,0.0392915274161491
ergo_adaptive,68.0,0.03055992564022286,0.039244631845214414
ergo_adaptive,68.08333333333337,0.03056248299769197,0.039222283976057454
ergo_adaptive,68.16666666666663,0.030615022900067478,0.03915548162276601
ergo_adaptive,68.25,0.0319772563602265,0.03904615366014711
ergo_adaptive,68.33333333333337,0.031166181954340306,0.03893420127694161
ergo_adaptive,68.41666666666663,0.03180340069168094,0.03883853083903752
ergo_adaptive,68.5,0.03130543136048066,0.03873601106632372
ergo_adaptive,68.58333333333337,0.030754339305684966,0.03860854306989983
ergo_adaptive,68.66666666666663,0.03192275090336125,0.03846690128339037
ergo_adaptive,68.75,0.03335364873455893,0.03833156778145935
ergo_adaptive,68.83333333333337,0.034429966219968314,0.03820844812753315
ergo_adaptive,68.91666666666663,0.031502188259075074,0.03808418132158947
ergo_adaptive,69.0,0.03197732784246079,0.03793840581920402
ergo_adaptive,69.08333333333337,0.031265773641566935,0.03778956875778154
ergo_adaptive,69.16666666666663,0.029091949142630268,0.03768308947267368
ergo_adaptive,69.25,0.030706030079114863,0.03757480831642965
ergo_adaptive,69.33333333333337,0.03481679088690184,0.037389269651678804
ergo_adaptive,69.41666666666663,0.03643976108103422,0.037167441279103944
ergo_adaptive,69.5,0.03416329521679052,0.036966047505663964
ergo_adaptive,69.58333333333337,0.034092012533397324,0.03678706218699216
ergo_adaptive,69.66666666666663,0.033882615125702564,0.03658760267748317
ergo_adaptive,69.75,0.0338773062680102,0.0363702842159048
ergo_adaptive,69.83333333333337,0.03455146569784353,0.03615438859755414
ergo_adaptive,69.91666666666663,0.03461390907550698,0.03595775047232354
ergo_adaptive,70.0,0.03615355179233486,0.035780898331495635
ergo_adaptive,70.08333333333337,0.03460505072526765,0.03559295935762197
ergo_adaptive,70.16666666666663,0.03485166710032686,0.03537715562688395
ergo_adaptive,70.25,0.03599470103535553,0.03517497202899097
ergo_adaptive,70.33333333333337,0.038599192637517446,0.035032863627276076
ergo_adaptive,70.41666666666663,0.03893439352121349,0.03484406682491399
ergo_adaptive,70.5,0.040329360844804124,0.034588274694222924
ergo_adaptive,70.58333333333337,0.03927049584209217,0.03432346464016154
ergo_adaptive,70.66666666666663,0.040875774877291236,0.034079595526076895
ergo_adaptive,70.75,0.04262273760978596,0.03385713466246019
ergo_adaptive,70.83333333333337,0.04048858419161612,0.03363951513140531
ergo_adaptive,70.91666666666663,0.04111967497641203,0.03341701749668054
ergo_adaptive,71.0,0.040144777678665845,0.03321081701350065
ergo_adaptive,71.08333333333337,0.04099947775971729,0.03305317789182649
ergo_adaptive,71.16666666666663,0.03908699184932485,0.03293630238235687
ergo_adaptive,71.25,0.04073467485930041,0.03274951929009832
ergo_adaptive,71.33333333333337,0.0408154951782502,0.032516328957767696
ergo_adaptive,71.41666666666663,0.041484988342553826,0.032303233481371506
ergo_adaptive,71.5,0.04291394042107854,0.03213834770153481
ergo_adaptive,71.58333333333337,0.0424096959351887,0.03200057303953504
ergo_adaptive,71.66666666666663,0.042423044438514565,0.03187011746582704
ergo_adaptive,71.75,0.04272976778617772,0.03174984185933634
ergo_adaptive,71.83333333333337,0.04202043111851583,0.031660696747208415
ergo_adaptive,71.91666666666663,0.041387513041133174,0.0316248993991402
ergo_adaptive,72.0,0.042587733134803574,0.03160099092990667
ergo_adaptive,72.08333333333337,0.043407845775400286,0.0315403029873027
ergo_adaptive,72.16666666666663,0.04086168154573963,0.03146265721531403
ergo_adaptive,72.25,0.04265557670126188,0.031400092021131136
ergo_adaptive,72.33333333333337,0.04341624995973782,0.03137105008492177
ergo_adaptive,72.41666666666663,0.041704730869378114,0.031381535834816746
ergo_adaptive,72.5,0.04241422047008306,0.03140870382694095
ergo_adaptive,72.58333333333337,0.04063565514273628,0.03142190978058441
ergo_adaptive,72.66666666666663,0.03953162022299582,0.03143194755623424
ergo_adaptive,72.75,0.03786822045093589,0.031458138911123985
ergo_adaptive,72.83333333333337,0.039398403580916196,0.03151413581998059
ergo_adaptive,72.91666666666663,0.03926120248173803,0.031594935377591685
ergo_adaptive,73.0,0.038747115829807985,0.03169419867206602
ergo_adaptive,73.08333333333337,0.037811504000777506,0.03179049909890633
ergo_adaptive,73.16666666666663,0.03724107711311921,0.03188137372206925
ergo_adaptive,73.25,0.03730228694390707,0.031979076556501805
ergo_adaptive,73.33333333333337,0.03683765479191129,0.03207261077112119
ergo_adaptive,73.41666666666663,0.03664718316202465,0.032225015338674695
ergo_adaptive,73.5,0.03614222624139731,0.032405171235855734
ergo_adaptive,73.58333333333337,0.03599300515758617,0.03258107706327137
ergo_adaptive,73.66666666666663,0.03572904697176893,0.03273704200524053
ergo_adaptive,73.75,0.036502825632166835,0.032864745754278564
ergo_adaptive,73.83333333333337,0.03454343085930926,0.032960663938893645
ergo_adaptive,73.91666666666663,0.034844501500564735,0.033041173119353964
ergo_adaptive,74.0,0.03426542556048094,0.03311850707395607
ergo_adaptive,74.08333333333337,0.034548926016468605,0.03318158308068423
ergo_adaptive,74.16666666666663,0.03622004522812615,0.03322089496312098
ergo_adaptive,74.25,0.03763725927952106,0.033241386474505315
ergo_adaptive,74.33333333333337,0.03850250576009564,0.03325310565029141
ergo_adaptive,74.41666666666663,0.037984908871644116,0.03325319640720078
ergo_adaptive,74.5,0.037885698113687236,0.03322846056836523
ergo_adaptive,74.58333333333337,0.03738347710083261,0.03317817237387448
ergo_adaptive,74.66666666666663,0.03764145433916988,0.033119724218847305
ergo_adaptive,74.75,0.03880335370396243,0.033061304378619295
ergo_adaptive,74.83333333333337,0.03876633678913797,0.03298859253130461
ergo_adaptive,74.91666666666663,0.04038688148943963,0.0328998470694632
ergo_adaptive,75.0,0.041027760256695855,0.03280298622722343
ergo_adaptive,75.08333333333337,0.04230591393950051,0.03273265425330633
ergo_adaptive,75.16666666666663,0.04274822109820323,0.03266804121547775
ergo_adaptive,75.25,0.04309368522275586,0.03256473293832428
ergo_adaptive,75.33333333333337,0.04397091187388864,0.03243948147976018
ergo_adaptive,75.41666666666663,0.04587520705439512,0.03234458505544098
ergo_adaptive,75.5,0.048043972845287546,0.03226507665834095
ergo_adaptive,75.58333333333337,0.04791442129245805,0.03216152285314815
ergo_adaptive,75.66666666666663,0.04897578699094559,0.03203422807536273
ergo_adaptive,75.75,0.04905815768437992,0.03190877518852127
ergo_adaptive,75.83333333333337,0.04920677322911384,0.03179991022132698
ergo_adaptive,75.91666666666663,0.05073730699570378,0.031698800687247855
ergo_adaptive,76.0,0.05104654333042341,0.031593532543254844
ergo_adaptive,76.08333333333337,0.05228488545895805,0.03148652595538537
ergo_adaptive,76.16666666666663,0.051783249424943806,0.03139400653320996
ergo_adaptive,76.25,0.051168610316355674,0.03132142633955001
ergo_adaptive,76.33333333333337,0.051650888284202355,0.031247573147099597
ergo_adaptive,76.41666666666663,0.05267807109050088,0.031158464418132338
ergo_adaptive,76.5,0.05330584923654923,0.03107802547933112
ergo_adaptive,76.58333333333337,0.05314495823001475,0.031043424625201644
ergo_adaptive,76.66666666666663,0.05386557193227865,0.031019481315994576
ergo_adaptive,76.75,0.05245749787443619,0.030971972484398844
ergo_adaptive,76.83333333333337,0.0525207902017409,0.03092928358219012
ergo_adaptive,76.91666666666663,0.05317799006677972,0.030930936613217296
ergo_adaptive,77.0,0.05396890822824982,0.03097132284423284
ergo_adaptive,77.08333333333337,0.05262363506759985,0.030997821286944442
ergo_adaptive,77.16666666666663,0.05248125135801921,0.031024361783919943
ergo_adaptive,77.25,0.050635642368722485,0.03109345253925287
ergo_adaptive,77.33333333333337,0.04820096595548793,0.031198545394183808
ergo_adaptive,77.41666666666663,0.04891068934314406,0.03132295092397619
ergo_adaptive,77.5,0.04791170750408448,0.03145449830285131
ergo_adaptive,77.58333333333337,0.04652919321512023,0.03160721553724472
ergo_adaptive,77.66666666666663,0.04493812303764428,0.031774969136006435
ergo_adaptive,77.75,0.04514808367697528,0.03194988370183908
ergo_adaptive,77.83333333333337,0.04490365367955935,0.032127890290013214
ergo_adaptive,77.91666666666663,0.04255812765962052,0.03231684038633177
ergo_adaptive,78.0,0.04245191321086405,0.03252004952906395
ergo_adaptive,78.08333333333337,0.04383268546253465,0.032732987500127014
ergo_adaptive,78.16666666666663,0.043953679850195805,0.03294542283243406
ergo_adaptive,78.25,0.04444807141380023,0.03314945727838996
ergo_adaptive,78.33333333333337,0.0420397174761711,0.03335093446927926
ergo_adaptive,78.41666666666663,0.04100262227106201,0.03356227527726687
ergo_adaptive,78.5,0.040360916131962764,0.03376918612049561
ergo_adaptive,78.58333333333337,0.040031480013469435,0.03396469465135676
ergo_adaptive,78.66666666666663,0.041050166263786006,0.03413574842824336
ergo_adaptive,78.75,0.04326224100554963,0.03427385891055607
ergo_adaptive,78.83333333333337,0.04281933240402537,0.034386586292860156
ergo_adaptive,78.91666666666663,0.04476213667857245,0.0344893557975367
ergo_adaptive,79.0,0.04474486740176404,0.03458761205754742
ergo_adaptive,79.08333333333337,0.04512352975882783,0.03466035612863502
ergo_adaptive,79.16666666666663,0.04637746793307179,0.03471004025192989
ergo_adaptive,79.25,0.04710795600337947,0.03475499277651582
ergo_adaptive,79.33333333333337,0.047717261962664605,0.03480930995808827
ergo_adaptive,79.41666666666663,0.049347571569127224,0.034843003139173045
ergo_adaptive,79.5,0.05052006682496905,0.03484827188898815
ergo_adaptive,79.58333333333337,0.04917733513302509,0.03484827683964829
ergo_adaptive,79.66666666666663,0.047889749170237195,0.034861238139949194
ergo_adaptive,79.75,0.04883534511035302,0.03486990081165492
ergo_adaptive,79.83333333333337,0.04963429835393857,0.03485419152622167
ergo_adaptive,79.91666666666663,0.05063353217208028,0.03482579845872487
ergo_adaptive,80.0,0.05218106292405645,0.03481281017567497
ergo_adaptive,80.08333333333337,0.05315613741199097,0.03480851766174158
ergo_adaptive,80.16666666666663,0.054551168028184015,0.0347889698553649
ergo_adaptive,80.25,0.051588539863305395,0.03475715606121557
ergo_adaptive,80.33333333333337,0.053300122727249405,0.034733711166457445
ergo_adaptive,80.41666666666663,0.05417799853987403,0.03472436569573993
ergo_adaptive,80.5,0.05508358253877286,0.03471301800841139
ergo_adaptive,80.58333333333337,0.05847732024088172,0.03469116806189539
ergo_adaptive,80.66666666666663,0.05752170688367808,0.03466532731294213
ergo_adaptive,80.75,0.05950819641777973,0.03464703724860146
ergo_adaptive,80.83333333333337,0.05848636939237627,0.03463518694540447
ergo_adaptive,80.91666666666663,0.058903927298331944,0.034620017357180066
ergo_adaptive,81.0,0.05995177783449899,0.034610227929243245
ergo_adaptive,81.08333333333337,0.056002640065930934,0.034613922348529766
ergo_adaptive,81.16666666666663,0.05690954352540618,0.03464258594363057
ergo_adaptive,81.25,0.055996272201758,0.034682384826191064
ergo_adaptive,81.33333333333337,0.054792510109837336,0.03472770771158878
ergo_adaptive,81.41666666666663,0.053769253403889807,0.03479362190953703
ergo_adaptive,81.5,0.0560641376061161,0.034912611991984276
ergo_adaptive,81.58333333333337,0.055371594938120904,0.03503262916947109
ergo_adaptive,81.66666666666663,0.05517570664715014,0.03517317168918396
ergo_adaptive,81.75,0.0559993474886011,0.035323099323377925
ergo_adaptive,81.83333333333337,0.05641056103214025,0.03547828880806167
ergo_adaptive,81.91666666666663,0.05653891317283797,0.035636998818967626
ergo_adaptive,82.0,0.05597018264209915,0.03577734068500205
ergo_adaptive,82.08333333333337,0.05560362246925714,0.035891014526575164
ergo_adaptive,82.16666666666663,0.054484946333520426,0.0359892603601327
ergo_adaptive,82.25,0.054160082742548986,0.0360909250565883
ergo_adaptive,82.33333333333337,0.05615085738269499,0.03618723690114583
ergo_adaptive,82.41666666666663,0.05531122885784859,0.03627016801072284
ergo_adaptive,82.5,0.05698546591498056,0.03634212960916646
ergo_adaptive,82.58333333333337,0.055897595541275026,0.036415204135786035
ergo_adaptive,82.66666666666663,0.055103281487963535,0.03649350553533153
ergo_adaptive,82.75,0.05738898304176026,0.036584054262489424
ergo_adaptive,82.83333333333337,0.05754994740429893,0.03669378831445719
ergo_adaptive,82.91666666666663,0.05841683484278086,0.03682674420480745
ergo_adaptive,83.0,0.05919907670054918,0.03696223738609126
ergo_adaptive,83.08333333333337,0.05900007271488116,0.037088073660715946
ergo_adaptive,83.16666666666663,0.06071591702758818,0.037200149137188984
ergo_adaptive,83.25,0.06011866822447014,0.03730179542822327
ergo_adaptive,83.33333333333337,0.062499894604976715,0.03739725802815694
ergo_adaptive,83.41666666666663,0.06279655167241702,0.0374788782586144
ergo_adaptive,83.5,0.06153671026877591,0.03754605644822008
ergo_adaptive,83.58333333333337,0.05999531042012334,0.03760937007629725
ergo_adaptive,83.66666666666663,0.05977868859935244,0.03767331415280675
ergo_adaptive,83.75,0.05966358795909308,0.03772054753355784
ergo_adaptive,83.83333333333337,0.0610181425535509,0.037745936795861426
ergo_adaptive,83.91666666666663,0.05869139374928748,0.03775926732781758
ergo_adaptive,84.0,0.05992522399148197,0.03778373938294267
ergo_adaptive,84.08333333333337,0.06246019626320192,0.03779482224510047
ergo_adaptive,84.16666666666663,0.05997558643143043,0.037783048920236414
ergo_adaptive,84.25,0.05887858963909549,0.0377774453345746
ergo_adaptive,84.33333333333337,0.05870287652451133,0.03780378518095097
ergo_adaptive,84.41666666666663,0.059450978445798525,0.03784487183529395
ergo_adaptive,84.5,0.05952709775129402,0.037861585781282264
ergo_adaptive,84.58333333333337,0.06015815907439724,0.03786510650230026
ergo_adaptive,84.66666666666663,0.06087892280643888,0.03788556930066299
ergo_adaptive,84.75,0.06113600121432911,0.03792579736217913
ergo_adaptive,84.83333333333337,0.06060091442625826,0.037936739084188285
ergo_adaptive,84.91666666666663,0.06128318436447955,0.03792165218473939
ergo_adaptive,85.0,0.06104469391787756,0.03791567051362691
ergo_adaptive,85.08333333333337,0.062262906955150035,0.037932001629205576
ergo_adaptive,85.16666666666663,0.06428366697204382,0.03793530510871356
ergo_adaptive,85.25,0.061416319503176595,0.0379088388702648
ergo_adaptive,85.33333333333337,0.061270595203380546,0.03787859552500703
ergo_adaptive,85.41666666666663,0.06178041750112842,0.03786955066815461
ergo_adaptive,85.5,0.06250695954182965,0.037861610581720065
ergo_adaptive,85.58333333333337,0.06179037521941795,0.0378405073445335
ergo_adaptive,85.66666666666663,0.062211970107285186,0.03781185702092012
ergo_adaptive,85.75,0.06432301604743028,0.03780051628492595
ergo_adaptive,85.83333333333337,0.06345386190575385,0.037795607310333226
ergo_adaptive,85.91666666666663,0.06320842646351273,0.03777877422799102
ergo_adaptive,86.0,0.06335629164607158,0.03777096324680297
ergo_adaptive,86.08333333333337,0.06158642395922075,0.03778086328349615
ergo_adaptive,86.16666666666663,0.0619345588857024,0.037822847940703584
ergo_adaptive,86.25,0.06284766695670148,0.03787730329561374
ergo_adaptive,86.33333333333337,0.06376019249439187,0.03796371468031485
ergo_adaptive,86.41666666666663,0.06446803219866305,0.0380746061433619
ergo_adaptive,86.5,0.06397309522161944,0.038216035166961676
ergo_adaptive,86.58333333333337,0.06330943501519251,0.038381900033864096
ergo_adaptive,86.66666666666663,0.06400168770943068,0.03853911038128043
ergo_adaptive,86.75,0.06423615209762033,0.038690009684600096
ergo_adaptive,86.83333333333337,0.063971353203152,0.03883778630850711
ergo_adaptive,86.91666666666663,0.0641592813897472,0.03896871135894161
ergo_adaptive,87.0,0.06467368677624735,0.03905148807027552
ergo_adaptive,87.08333333333337,0.06546088715009422,0.03907145462301606
ergo_adaptive,87.16666666666663,0.06679620699350573,0.03904625629638839
ergo_adaptive,87.25,0.06614449567296507,0.03900393835628468
ergo_adaptive,87.33333333333337,0.06726372504633059,0.0389595678866346
ergo_adaptive,87.41666666666663,0.06852761105363539,0.038877341107194215
ergo_adaptive,87.5,0.07110268358876332,0.038780753162909666
ergo_adaptive,87.58333333333337,0.07095391432713406,0.038683453586424714
ergo_adaptive,87.66666666666663,0.07062538219772675,0.038578577785107336
ergo_adaptive,87.75,0.0722524219031853,0.0384430237689011
ergo_adaptive,87.83333333333337,0.07874819102177555,0.03827954551417034
ergo_adaptive,87.91666666666663,0.07953998885323914,0.038128398392595575
ergo_adaptive,88.0,0.08046118673701498,0.03799488455112125
ergo_adaptive,88.08333333333337,0.08306131924449343,0.037851957072279376
ergo_adaptive,88.16666666666663,0.0848434888507059,0.03768203354863397
ergo_adaptive,88.25,0.08623986042825138,0.03750254541502049
ergo_adaptive,88.33333333333337,0.08803439604478733,0.03736105268291504
ergo_adaptive,88.41666666666663,0.08888537554999336,0.037256713985539085
ergo_adaptive,88.5,0.09069997203763094,0.037082999572319156
ergo_adaptive,88.58333333333337,0.09300381094594301,0.03685770051282955
ergo_adaptive,88.66666666666663,0.09287587501729745,0.03664657330882818
ergo_adaptive,88.75,0.09324062052625037,0.0364700394662769
ergo_adaptive,88.83333333333337,0.09600025885153594,0.03628728886895827
ergo_adaptive,88.91666666666663,0.09886700230353586,0.03607485850941262
ergo_adaptive,89.0,0.09773730530850934,0.03585838153324845
ergo_adaptive,89.08333333333337,0.09873385714093633,0.0356692442617062
ergo_adaptive,89.16666666666663,0.10042828905439495,0.035510894646937005
ergo_adaptive,89.25,0.1028684193076585,0.03535777407700283
ergo_adaptive,89.33333333333337,0.10366793600380306,0.03519140825969234
ergo_adaptive,89.41666666666663,0.1036615256559733,0.03503528949708779
ergo_adaptive,89.5,0.10421850020894982,0.03494279220596375
ergo_adaptive,89.58333333333337,0.1034115422884762,0.03486371398566343
ergo_adaptive,89.66666666666663,0.10345701145941673,0.034712732005361666
ergo_adaptive,89.75,0.105137230576379,0.03453638500563757
ergo_adaptive,89.83333333333337,0.10344742339468485,0.03439108321888052
ergo_adaptive,89.91666666666663,0.1025154614778352,0.0342797112907766
ergo_adaptive,90.0,0.10352887244151036,0.03417144749809833
ergo_adaptive,90.08333333333337,0.10576241784194894,0.03405806124248152
ergo_adaptive,90.16666666666663,0.10535474094699718,0.03396283712263818
ergo_adaptive,90.25,0.10411735930701495,0.03390920116375722
ergo_adaptive,90.33333333333337,0.10245205792527924,0.03389279127810295
ergo_adaptive,90.41666666666663,0.09927922622636315,0.03387800761019699
ergo_adaptive,90.5,0.09716129052102956,0.033879990133664384
ergo_adaptive,90.58333333333337,0.09595430691402684,0.03392082387763173
ergo_adaptive,90.66666666666663,0.0932360054302916,0.03403549745023397
ergo_adaptive,90.75,0.0917274653868958,0.03413933011913749
ergo_adaptive,90.83333333333337,0.08718065538983001,0.034222034802058564
ergo_adaptive,90.91666666666663,0.08799128352074223,0.034322011040158286
ergo_adaptive,91.0,0.0877127017366333,0.03445026461617391
ergo_adaptive,91.08333333333337,0.08604919700362423,0.034585578440970585
ergo_adaptive,91.16666666666663,0.08551934340093921,0.03471531371887573
ergo_adaptive,91.25,0.08934506847968837,0.034844253748416314
ergo_adaptive,91.33333333333337,0.08604285172043341,0.03498440096935029
ergo_adaptive,91.41666666666663,0.08282813437638288,0.035133454485657814
ergo_adaptive,91.5,0.08348835329929662,0.035319116942418426
ergo_adaptive,91.58333333333337,0.08480111875926362,0.03551915092484375
ergo_adaptive,91.66666666666663,0.08365537937807833,0.03571049561586864
ergo_adaptive,91.75,0.08318376553366022,0.03588350831994965
ergo_adaptive,91.83333333333337,0.08359250921170303,0.03603686081598596
ergo_adaptive,91.91666666666663,0.08455267395666495,0.03616558548130489
ergo_adaptive,92.0,0.08526435573200523,0.036265069407271186
ergo_adaptive,92.08333333333337,0.08695672006717561,0.03634008046336279
ergo_adaptive,92.16666666666663,0.08769067379910873,0.036400601203094046
ergo_adaptive,92.25,0.08947395955961458,0.03645271551099749
ergo_adaptive,92.33333333333337,0.0884046671720461,0.03648729538071397
ergo_adaptive,92.41666666666663,0.08902523232236662,0.036511332656352764
ergo_adaptive,92.5,0.09145558649152843,0.03654510953701631
ergo_adaptive,92.58333333333337,0.09194665363110562,0.03659708782262142
ergo_adaptive,92.66666666666663,0.09103580761388962,0.03661739731911225
ergo_adaptive,92.75,0.089270682842788,0.036610764440830716
ergo_adaptive,92.83333333333337,0.08880563698167643,0.03666965533571328
ergo_adaptive,92.91666666666663,0.08953643870514601,0.036792809043691886
ergo_adaptive,93.0,0.08882633894857739,0.03691850962092591
ergo_adaptive,93.08333333333337,0.08978428150448817,0.03705362132091791
ergo_adaptive,93.16666666666663,0.08960476584766025,0.0371878363032205
ergo_adaptive,93.25,0.08832786919922953,0.03732231804279109
ergo_adaptive,93.33333333333337,0.08924971845005168,0.03746587427093119
ergo_adaptive,93.41666666666663,0.08995252298184808,0.03762103629251174
ergo_adaptive,93.5,0.09018705586192964,0.03778179858048126
ergo_adaptive,93.58333333333337,0.09150016457588447,0.037921963074191024
ergo_adaptive,93.66666666666663,0.09148213757598034,0.038035363444154875
ergo_adaptive,93.75,0.0908511859362352,0.038140916090870995
ergo_adaptive,93.83333333333337,0.0926840404210637,0.038253279545351446
ergo_adaptive,93.91666666666663,0.09345677892609301,0.03836396179783323
ergo_adaptive,94.0,0.09513638410141301,0.038456601470243566
ergo_adaptive,94.08333333333337,0.09554774383311604,0.038521882582872945
ergo_adaptive,94.16666666666663,0.09585892885184215,0.03856915321081411
ergo_adaptive,94.25,0.09623796890906904,0.0386316675268417
ergo_adaptive,94.33333333333337,0.09796079883143377,0.03870904567369328
ergo_adaptive,94.41666666666663,0.10014492053104532,0.038782729714536224
ergo_adaptive,94.5,0.09894847725770124,0.038833121283494955
ergo_adaptive,94.58333333333337,0.09953255287745424,0.038931462914646955
ergo_adaptive,94.66666666666663,0.0990794080776519,0.03903766752422511
ergo_adaptive,94.75,0.10062265807301597,0.039149360311383156
ergo_adaptive,94.83333333333337,0.09992196295306208,0.03925912993698173
ergo_adaptive,94.91666666666663,0.09832999089666383,0.03935804717938193
ergo_adaptive,95.0,0.09997328372688524,0.039482143001063036
ergo_adaptive,95.08333333333337,0.0988698178622479,0.039604499483482776
ergo_adaptive,95.16666666666663,0.09794476117195937,0.0397248911144377
ergo_adaptive,95.25,0.09974579143469404,0.03984381355105135
ergo_adaptive,95.33333333333337,0.09960816987666182,0.039945911828749514
ergo_adaptive,95.41666666666663,0.10078044552194343,0.04005260020946159
ergo_adaptive,95.5,0.0997426093726647,0.04016449974230878
ergo_adaptive,95.58333333333337,0.09808641309287192,0.040266562655170667
ergo_adaptive,95.66666666666663,0.09820220085416599,0.0403828919411725
ergo_adaptive,95.75,0.0978868607798723,0.04049751156419346
ergo_adaptive,95.83333333333337,0.09849507452205016,0.04060505840661831
ergo_adaptive,95.91666666666663,0.09640089966517447,0.04069955671940476
ergo_adaptive,96.0,0.09692216880734195,0.04081238643909203
ergo_adaptive,96.08333333333337,0.09830791910377751,0.04092054829219818
ergo_adaptive,96.16666666666663,0.0993885661269102,0.041023388437582145
ergo_adaptive,96.25,0.09917640622790484,0.041110339499729004
ergo_adaptive,96.33333333333337,0.09908692416550191,0.04120804403110817
ergo_adaptive,96.41666666666663,0.10066990128370266,0.041319980808787495
ergo_adaptive,96.5,0.10002260765041109,0.04139997440884399
ergo_adaptive,96.58333333333337,0.10205483120821436,0.04150909919543937
ergo_adaptive,96.66666666666663,0.10204851019518747,0.0416182784986258
ergo_adaptive,96.75,0.10154047845370526,0.04171438333432582
ergo_adaptive,96.83333333333337,0.10279427956234073,0.041828464168275195
ergo_adaptive,96.91666666666663,0.10278315295607768,0.041941502315520685
ergo_adaptive,97.0,0.1043385321494568,0.04204071434718642
ergo_adaptive,97.08333333333337,0.10459970032510056,0.042139405053326445
ergo_adaptive,97.16666666666663,0.1039891671438864,0.042236976364309065
ergo_adaptive,97.25,0.10393545633058804,0.042337229075966876
ergo_adaptive,97.33333333333337,0.1033971677905457,0.04243762498201328
ergo_adaptive,97.41666666666663,0.10490369054272684,0.04253869283498049
ergo_adaptive,97.5,0.10634532336263183,0.042639646974612214
ergo_adaptive,97.58333333333337,0.1061787128149128,0.04273970415173581
ergo_adaptive,97.66666666666663,0.10662748995451143,0.04283992033619216
ergo_adaptive,97.75,0.1073898042834432,0.0429405346129061
ergo_adaptive,97.83333333333337,0.10903707878187786,0.043040497728818655
ergo_adaptive,97.91666666666663,0.11049532210808004,0.04314088862538024
ergo_adaptive,98.0,0.10980048289218466,0.04324341661748382
ergo_adaptive,98.08333333333337,0.10902953418866547,0.04334290596530845
ergo_adaptive,98.16666666666663,0.10850876805532354,0.043422662099731855
ergo_adaptive,98.25,0.10995219270481478,0.0434983971791861
ergo_adaptive,98.33333333333337,0.10912621084082695,0.04358861472149435
ergo_adaptive,98.41666666666663,0.10953161136012052,0.04369161117733858
ergo_adaptive,98.5,0.10929449174142777,0.04379396799432735
ergo_adaptive,98.58333333333337,0.11068359421640783,0.04389518378225839
ergo_adaptive,98.66666666666663,0.1111868968516019,0.04399762282335354
ergo_adaptive,98.75,0.11247182541779291,0.04410207554416498
ergo_adaptive,98.83333333333337,0.11258538441976404,0.04420973485191327
ergo_adaptive,98.91666666666663,0.11168555291895152,0.04430709079790197
ergo_adaptive,99.0,0.10970055238493782,0.044389896388722205
ergo_adaptive,99.08333333333337,0.10879979941789271,0.0444770928394796
ergo_adaptive,99.16666666666663,0.10974253986869253,0.0445881515853947
ergo_adaptive,99.25,0.11253391498696547,0.04467843958950036
ergo_adaptive,99.33333333333337,0.11134123817830952,0.0447007885335316
ergo_adaptive,99.41666666666663,0.11149060585671675,0.04465004840017794
ergo_adaptive,99.5,0.11377747422950796,0.04455413865107333
ergo_adaptive,99.58333333333337,0.11300644485505967,0.04443815203996813
ergo_adaptive,99.66666666666663,0.110271271593302,0.04434417387287773
ergo_adaptive,99.75,0.11087020758914183,0.044394136734524525
ergo_adaptive,99.83333333333337,0.11132989782241802,0.04450458152332216
ergo_adaptive,99.91666666666663,0.11191018758811136,0.04462673777376594
ergo_adaptive,100.0,0.11328742043446464,0.04474653777797182
ergo_adaptive,100.08333333333337,0.11340788660905458,0.0448612963677688
ergo_adaptive,100.16666666666663,0.11262731189288,0.04495904112518829
ergo_adaptive,100.25,0.11415372485201401,0.04503230769172948
ergo_adaptive,100.33333333333337,0.1129106953017249,0.04508765391336977
ergo_adaptive,100.41666666666663,0.11317777411294,0.04513905815588801
ergo_adaptive,100.5,0.11252454289998813,0.04519967802356249
ergo_adaptive,100.58333333333337,0.11383029122965486,0.04526207829703725
ergo_adaptive,100.66666666666663,0.11574463774752111,0.045322612417349174
ergo_adaptive,100.75,0.11852065273903235,0.045395770139015
ergo_adaptive,100.83333333333337,0.11825788125100235,0.04550146771831363
ergo_adaptive,100.91666666666663,0.11860627243973805,0.04561225603303772
ergo_adaptive,101.0,0.11428466262438444,0.04570929291147718
ergo_adaptive,101.08333333333337,0.11218543329020013,0.04580301908148042
ergo_adaptive,101.16666666666663,0.11293700712662755,0.045906678876979336
ergo_adaptive,101.25,0.11085706263863822,0.0460145177956259
ergo_adaptive,101.33333333333337,0.11193788380834145,0.046112775440180005
ergo_adaptive,101.41666666666663,0.11048140291048607,0.04620144557904529
ergo_adaptive,101.5,0.10916800378766031,0.046287061146497645
ergo_adaptive,101.58333333333337,0.1110182669875782,0.04637462573250845
ergo_adaptive,101.66666666666663,0.10807955481538627,0.046461255815720505
ergo_adaptive,101.75,0.10493814488898182,0.046540459463400595
ergo_adaptive,101.83333333333337,0.10127321898083759,0.046616748818164855
ergo_adaptive,101.91666666666663,0.09428174983568054,0.0467170352486256
ergo_adaptive,102.0,0.09389834235710945,0.046863717181474
ergo_adaptive,102.08333333333337,0.09299018813900851,0.047011207401863264
ergo_adaptive,102.16666666666663,0.0919878613360785,0.04715075252070042
ergo_adaptive,102.25,0.09424091835290667,0.047271371295041054
ergo_adaptive,102.33333333333337,0.09519094112850544,0.04735763065820854
ergo_adaptive,102.41666666666663,0.09716427714144112,0.047412634182109135
ergo_adaptive,102.5,0.10028840373073979,0.047453136284505856
ergo_adaptive,102.58333333333337,0.09889013843977217,0.0474875119059472
ergo_adaptive,102.66666666666663,0.09812795191020043,0.047504061914835076
ergo_adaptive,102.75,0.0984178653404434,0.04750287457306712
ergo_adaptive,102.83333333333337,0.09676330577676935,0.04749487673992846
ergo_adaptive,102.91666666666663,0.0969564477052886,0.047487861060763886
ergo_adaptive,103.0,0.09769939354534703,0.04747049962415513
ergo_adaptive,103.08333333333337,0.09854120891038466,0.047434416346931185
ergo_adaptive,103.16666666666663,0.0995774380048978,0.047383632113488824
ergo_adaptive,103.25,0.10083416844013735,0.0473365145919091
ergo_adaptive,103.33333333333337,0.10085115432277354,0.047282729679346464
ergo_adaptive,103.41666666666663,0.10029892870377159,0.04720970942281797
ergo_adaptive,103.5,0.09881236235841198,0.04711703869996258
ergo_adaptive,103.58333333333337,0.09702296492020505,0.04701962814062005
ergo_adaptive,103.66666666666663,0.09692043751231912,0.04692411361634408
ergo_adaptive,103.75,0.09743357821139782,0.04682017871932654
ergo_adaptive,103.83333333333337,0.09987236034028073,0.04669590322801151
ergo_adaptive,103.91666666666663,0.09847645765348684,0.04656271937415711
ergo_adaptive,104.0,0.0970829743469733,0.04643332043447284
ergo_adaptive,104.08333333333337,0.09825044218464996,0.046294032467057766
ergo_adaptive,104.16666666666663,0.09844450840560824,0.04613047376458532
ergo_adaptive,104.25,0.09844111388667273,0.04595392997420413
ergo_adaptive,104.33333333333337,0.1002688382845719,0.04581014745998184
ergo_adaptive,104.41666666666663,0.10122647646249835,0.04571374718743418
ergo_adaptive,104.5,0.10297938223478113,0.04557972382988783
ergo_adaptive,104.58333333333337,0.10173332333983963,0.04539771312245108
ergo_adaptive,104.66666666666663,0.10164186613251183,0.04522543214968539
ergo_adaptive,104.75,0.10126556094937993,0.04508755750957705
ergo_adaptive,104.83333333333337,0.10103584449384154,0.044967395755047775
ergo_adaptive,104.91666666666663,0.09758842914178772,0.04484393425524064
ergo_adaptive,105.0,0.09795584455251947,0.044739504326517
ergo_adaptive,105.08333333333337,0.09754957990571679,0.04466850971120809
ergo_adaptive,105.16666666666663,0.09598703121798566,0.04463347735441473
ergo_adaptive,105.25,0.09870826838938443,0.0446230794323651
ergo_adaptive,105.33333333333337,0.10090693513427353,0.04465870961132057
ergo_adaptive,105.41666666666663,0.10113624027849064,0.044760794533010344
ergo_adaptive,105.5,0.10180851304453847,0.04490023748919725
ergo_adaptive,105.58333333333337,0.10190663683052281,0.04505323648046745
ergo_adaptive,105.66666666666663,0.1016354921780299,0.04523185398333493
ergo_adaptive,105.75,0.1028470240427046,0.04539536258981639
ergo_adaptive,105.83333333333337,0.10234014404217981,0.04555013866635533
ergo_adaptive,105.91666666666663,0.10171091278987442,0.04572186038334048
ergo_adaptive,106.0,0.1017833129433821,0.04587193913958903
ergo_adaptive,106.08333333333337,0.10302458968992156,0.04601568616317875
ergo_adaptive,106.16666666666663,0.1040724320122015,0.046151561791229485
ergo_adaptive,106.25,0.10348834332103954,0.046281755727905355
ergo_adaptive,106.33333333333337,0.10479644308085363,0.04640461564712555
ergo_adaptive,106.41666666666663,0.1063476159219544,0.0465417977234157
ergo_adaptive,106.5,0.10806738991702157,0.046659327430920466
ergo_adaptive,106.58333333333337,0.10706540717595103,0.046753299233283085
ergo_adaptive,106.66666666666663,0.10819194482638719,0.04686722169701176
ergo_adaptive,106.75,0.10725313860713681,0.04698597541490718
ergo_adaptive,106.83333333333337,0.10577467944780668,0.04710783095528895
ergo_adaptive,106.91666666666663,0.10618352224341523,0.04721043357538102
ergo_adaptive,107.0,0.10612280300059568,0.04732906001312931
ergo_adaptive,107.08333333333337,0.10674413510872723,0.04742192559565188
ergo_adaptive,107.16666666666663,0.1076239490701175,0.04753106738829294
ergo_adaptive,107.25,0.10574715208006039,0.04761961777969024
ergo_adaptive,107.33333333333337,0.10404272242388117,0.04771629779343353
ergo_adaptive,107.41666666666663,0.10631878456720824,0.04780070782260532
ergo_adaptive,107.5,0.10507470113661072,0.04788945796039751
ergo_adaptive,107.58333333333337,0.10516056955368187,0.047990971401546255
ergo_adaptive,107.66666666666663,0.10512433622542373,0.04808797208016381
ergo_adaptive,107.75,0.10588006518101241,0.048184268672062686
ergo_adaptive,107.83333333333337,0.105422358760968,0.0482799729309842
ergo_adaptive,107.91666666666663,0.1048934222772939,0.04837314151825307
ergo_adaptive,108.0,0.10604608043302056,0.04846167198475739
ergo_adaptive,108.08333333333337,0.10530976234508593,0.04855427681793797
ergo_adaptive,108.16666666666663,0.10587010140909507,0.04864275045531019
ergo_adaptive,108.25,0.10756876231503402,0.0487279727364833
ergo_adaptive,108.33333333333337,0.10783049976119498,0.048804288581466376
ergo_adaptive,108.41666666666663,0.10994462136741688,0.048887951145703476
ergo_adaptive,108.5,0.1093050206149479,0.04890865357932442
ergo_adaptive,108.58333333333337,0.10853501114181344,0.04897907747993205
ergo_adaptive,108.66666666666663,0.10911671591546968,0.049068764323113155
ergo_adaptive,108.75,0.1091996381243781,0.049122359798426864
ergo_adaptive,108.83333333333337,0.11147714891020984,0.04921509717478987
ergo_adaptive,108.91666666666663,0.10966109037850254,0.04930191777289353
ergo_adaptive,109.0,0.10945465862262858,0.049392336735933524
ergo_adaptive,109.08333333333337,0.11244251580734756,0.04945424738873923
ergo_adaptive,109.16666666666663,0.11309782716382813,0.049469086103540956
ergo_adaptive,109.25,0.11238863139304024,0.04946910863502144
ergo_adaptive,109.33333333333337,0.11272451568279597,0.04950950801512587
ergo_adaptive,109.41666666666663,0.11346815337300883,0.04955263286701372
ergo_adaptive,109.5,0.11227867475027305,0.04953433984438984
ergo_adaptive,109.58333333333337,0.11059618044458569,0.04952948681933558
ergo_adaptive,109.66666666666663,0.11013127924303082,0.0496254357464665
ergo_adaptive,109.75,0.10915274610814703,0.04975889033591547
ergo_adaptive,109.83333333333337,0.10740531735071637,0.04986609516285205
ergo_adaptive,109.91666666666663,0.10794838187176842,0.049935557508261924
ergo_adaptive,110.0,0.10699229858517562,0.04997560464710102
ergo_adaptive,110.08333333333337,0.1085735510223356,0.050001035412634606
ergo_adaptive,110.16666666666663,0.10744095546940248,0.04997429449261864
ergo_adaptive,110.25,0.1067783864980596,0.04990106397268495
ergo_adaptive,110.33333333333337,0.10686018671161447,0.049891151779424145
ergo_adaptive,110.41666666666663,0.10857097066102092,0.049976044348286106
ergo_adaptive,110.5,0.10916474418725589,0.050079965354860013
ergo_adaptive,110.58333333333337,0.11121233512769203,0.05016473147306203
ergo_adaptive,110.66666666666663,0.11199852587688441,0.05022144774962388
ergo_adaptive,110.75,0.1119146115643192,0.05022601500579069
ergo_adaptive,110.83333333333337,0.11103464338735157,0.05028736925517014
ergo_adaptive,110.91666666666663,0.11219727633025135,0.050377406331156685
ergo_adaptive,111.0,0.11127805302911027,0.05048462234008874
ergo_adaptive,111.08333333333337,0.1130204739591148,0.05057796968469875
ergo_adaptive,111.16666666666663,0.11373429729708572,0.05065561583610084
ergo_adaptive,111.25,0.11403288774504994,0.050715927495838475
ergo_adaptive,111.33333333333337,0.11353829326274871,0.05077118877384002
ergo_adaptive,111.41666666666663,0.11369685129869035,0.05086195528792734
ergo_adaptive,111.5,0.11392860739991702,0.05096246285249332
ergo_adaptive,111.58333333333337,0.11485068502668755,0.05105559833373605
ergo_adaptive,111.66666666666663,0.11536600077437148,0.05113015995420996
ergo_adaptive,111.75,0.11629759429183016,0.051189701701771236
ergo_adaptive,111.83333333333337,0.11685376768330047,0.05124587079696763
ergo_adaptive,111.91666666666663,0.1171470296143681,0.05128774568607693
ergo_adaptive,112.0,0.11581069166074223,0.05126683279581433
ergo_adaptive,112.08333333333337,0.11533031894313445,0.05119330420373875
ergo_adaptive,112.16666666666663,0.11690407769169633,0.0511101492853192
ergo_adaptive,112.25,0.11640352611338467,0.05105486037561356
ergo_adaptive,112.33333333333337,0.11668774453350704,0.05099356268493241
ergo_adaptive,112.41666666666663,0.11726146167350934,0.05090841704859911
ergo_adaptive,112.5,0.11768191600704614,0.05081524065734822
ergo_adaptive,112.58333333333337,0.11796640892387468,0.050759981949038656
ergo_adaptive,112.66666666666663,0.11620822484068043,0.050729724102300235
ergo_adaptive,112.75,0.11746866525912647,0.05076333462338812
ergo_adaptive,112.83333333333337,0.11873742963671506,0.050842821222749315
ergo_adaptive,112.91666666666663,0.11897890850937848,0.05093839878634608
ergo_adaptive,113.0,0.11986710072213318,0.05103840552344672
ergo_adaptive,113.08333333333337,0.11920510434365496,0.05113475189167639
ergo_adaptive,113.16666666666663,0.11926725679718214,0.05124604983030633
ergo_adaptive,113.25,0.12042271983888242,0.051363868357160315
ergo_adaptive,113.33333333333337,0.12005313261181023,0.051457362289587756
ergo_adaptive,113.41666666666663,0.1216627061133748,0.0515588976530446
ergo_adaptive,113.5,0.12193134773864286,0.051672326183893606
ergo_adaptive,113.58333333333337,0.1212787392423798,0.05176596236952621
ergo_adaptive,113.66666666666663,0.12044808165721425,0.05187198034819361
ergo_adaptive,113.75,0.11987854672377818,0.051960541865752524
ergo_adaptive,113.83333333333337,0.12060203482786491,0.052045777371148585
ergo_adaptive,113.91666666666663,0.12170153500190058,0.05213756126719814
ergo_adaptive,114.0,0.1230113201074339,0.05220274908906462
ergo_adaptive,114.08333333333337,0.12253988052860619,0.05228331312910478
ergo_adaptive,114.16666666666663,0.12381196816312072,0.05235738622356327
ergo_adaptive,114.25,0.12368420553861632,0.05244216212556874
ergo_adaptive,114.33333333333337,0.12385562892484452,0.05251574408156144
ergo_adaptive,114.41666666666663,0.12522041268852058,0.05258792870524075
ergo_adaptive,114.5,0.12381654341008644,0.05266309714878039
ergo_adaptive,114.58333333333337,0.1254691605365597,0.05275295670649262
ergo_adaptive,114.66666666666663,0.12620473694919151,0.05281892032288765
ergo_adaptive,114.75,0.12612480896914682,0.05284857771605599
ergo_adaptive,114.83333333333337,0.12641305964905264,0.052864513480659577
ergo_adaptive,114.91666666666663,0.1251403271800991,0.05293246002731942
ergo_adaptive,115.0,0.12758139709015484,0.053008549293503675
ergo_adaptive,115.08333333333337,0.1262900473077131,0.05306518131765148
ergo_adaptive,115.16666666666663,0.12472990827450352,0.053133829265517574
ergo_adaptive,115.25,0.12622730202542437,0.05323203496637388
ergo_adaptive,115.33333333333337,0.1260768399271284,0.05331078148466852
ergo_adaptive,115.41666666666663,0.12691564141740372,0.053352298885161915
ergo_adaptive,115.5,0.1259057237242122,0.05335967710700651
ergo_adaptive,115.58333333333337,0.12468447751832197,0.05333920654288306
ergo_adaptive,115.66666666666663,0.12120242714972083,0.053293325379161885
ergo_adaptive,115.75,0.12255385696324947,0.05321802380536277
ergo_adaptive,115.83333333333337,0.11962652064126963,0.05313633489487314
ergo_adaptive,115.91666666666663,0.12224114397071284,0.05306728670522762
ergo_adaptive,116.0,0.12117700445184895,0.05303281231302528
ergo_adaptive,116.08333333333337,0.11980217803346983,0.05300464173668442
ergo_adaptive,116.16666666666663,0.1214580541846435,0.05297637241537086
ergo_adaptive,116.25,0.12279620829214592,0.052969225571306566
ergo_adaptive,116.33333333333337,0.12118846065692475,0.05300163770544781
ergo_adaptive,116.41666666666663,0.12166137462977143,0.053034209680102085
ergo_adaptive,116.5,0.12182875520973573,0.05304727603143121
ergo_adaptive,116.58333333333337,0.12479156716308391,0.053063729320262404
ergo_adaptive,116.66666666666663,0.12232631337487258,0.053097421252031686
ergo_adaptive,116.75,0.12373359375196404,0.053142988397989775
ergo_adaptive,116.83333333333337,0.12246988925325206,0.053188524934001696
ergo_adaptive,116.91666666666663,0.12200178352637532,0.05323209192564639
ergo_adaptive,117.0,0.11854957927791583,0.05328082799939211
ergo_adaptive,117.08333333333337,0.1186759784584052,0.05333814095116948
ergo_adaptive,117.16666666666663,0.11769096251999776,0.05339646488617911
ergo_adaptive,117.25,0.11837611514175383,0.05344614341629991
ergo_adaptive,117.33333333333337,0.11488433115458314,0.05348792501307007
ergo_adaptive,117.41666666666663,0.11355943582256284,0.053543902296780105
ergo_adaptive,117.5,0.11325255158277779,0.0536200792672263
ergo_adaptive,117.58333333333337,0.10971501980714299,0.05366730910631948
ergo_adaptive,117.66666666666663,0.10928630316855,0.05369785567074218
ergo_adaptive,117.75,0.10639762542721999,0.05373852926443547
ergo_adaptive,117.83333333333337,0.10828142199985621,0.053803530544056156
ergo_adaptive,117.91666666666663,0.10604346243401885,0.05386823482689573
ergo_adaptive,118.0,0.10321558840844634,0.05392579323802148
ergo_adaptive,118.08333333333337,0.10285533384567977,0.05405713286167401
ergo_adaptive,118.16666666666663,0.10251271460166439,0.05422111862760293
ergo_adaptive,118.25,0.10139765390976166,0.05438001641178571
ergo_adaptive,118.33333333333337,0.10228739187236972,0.05451429743565543
ergo_adaptive,118.41666666666663,0.10219691908724786,0.054617318449637665
ergo_adaptive,118.5,0.10257671531857958,0.05469728938180521
ergo_adaptive,118.58333333333337,0.10527652023353981,0.05476285863661363
ergo_adaptive,118.66666666666663,0.10546953865252053,0.054794113244716516
ergo_adaptive,118.75,0.10474551433533524,0.05479195736052219
ergo_adaptive,118.83333333333337,0.10479482947941096,0.05477774368963304
ergo_adaptive,118.91666666666663,0.10272840565643704,0.0547706657645067
ergo_adaptive,119.0,0.10387161532319285,0.054747857425562756
ergo_adaptive,119.08333333333337,0.10385523313135253,0.054695801381789276
ergo_adaptive,119.16666666666663,0.103312227997598,0.05463415622382426
ergo_adaptive,119.25,0.10319134108276111,0.05458338269173002
ergo_adaptive,119.33333333333337,0.10164671331465602,0.05452653182324623
ergo_adaptive,119.41666666666663,0.10348929082102405,0.054444034996970016
ergo_adaptive,119.5,0.10454749174454295,0.05434577428787531
ergo_adaptive,119.58333333333337,0.10407708121606295,0.0542532148213594
ergo_adaptive,119.66666666666663,0.10401177826854285,0.054166126444911096
ergo_adaptive,119.75,0.10383566119527614,0.054054446923638165
ergo_adaptive,119.83333333333337,0.10447215637940677,0.05391420267646953
ergo_adaptive,119.91666666666663,0.10458901513359378,0.053774095187143905
ergo_adaptive,120.0,0.10644192933432275,0.05366102426087229
ergo_adaptive,120.08333333333337,0.10768769641456824,0.053525821243834155
ergo_adaptive,120.16666666666663,0.10577787445856622,0.05333749582730398
ergo_adaptive,120.25,0.10715807508411977,0.05313047745996564
ergo_adaptive,120.33333333333337,0.10854221698963143,0.05296824680109167
ergo_adaptive,120.41666666666663,0.10968644475457907,0.05280422355633719
ergo_adaptive,120.5,0.1107524474862734,0.052563359586312315
ergo_adaptive,120.58333333333337,0.11073083843088206,0.05228298545766306
ergo_adaptive,120.66666666666663,0.10893204168833093,0.052022940141430545
ergo_adaptive,120.75,0.10840661838987559,0.05179548951752272
ergo_adaptive,120.83333333333337,0.11059750468731153,0.051559318558262936
ergo_adaptive,120.91666666666663,0.10766418418073859,0.05129900553391456
ergo_adaptive,121.0,0.10841809417752116,0.05104960636322639
ergo_adaptive,121.08333333333337,0.10898560371363719,0.050834003203243515
ergo_adaptive,121.16666666666663,0.11054079052770098,0.050630444879034016
ergo_adaptive,121.25,0.1091377667857428,0.050407103323531925
ergo_adaptive,121.33333333333337,0.10909095533084748,0.05018077500187352
ergo_adaptive,121.41666666666663,0.10865835095294729,0.04999012513441422
ergo_adaptive,121.5,0.10883987658493026,0.04983505415580137
ergo_adaptive,121.58333333333337,0.10560354689521086,0.04965949366817714
ergo_adaptive,121.66666666666663,0.10503879810596957,0.04946836460052514
ergo_adaptive,121.75,0.1068890668789091,0.049323558815302065
ergo_adaptive,121.83333333333337,0.10613857591640272,0.04925576010337205
ergo_adaptive,121.91666666666663,0.10672373556325605,0.04914549540101551
ergo_adaptive,122.0,0.10775912716859291,0.048991087691024116
ergo_adaptive,122.08333333333337,0.10551658779810714,0.04885390518454559
ergo_adaptive,122.16666666666663,0.10568781495731096,0.04875454113906521
ergo_adaptive,122.25,0.10526901186791472,0.04870024430682226
ergo_adaptive,122.33333333333337,0.10386114133509722,0.04869143930437263
ergo_adaptive,122.41666666666663,0.10246317068991294,0.048715547871209235
ergo_adaptive,122.5,0.1028163131056627,0.048767665602181515
ergo_adaptive,122.58333333333337,0.10194750676271444,0.04884927663870063
ergo_adaptive,122.66666666666663,0.10109520996322384,0.048945399677494464
ergo_adaptive,122.75,0.0989143069268038,0.0490342919703903
ergo_adaptive,122.83333333333337,0.09839441406469633,0.04912874353644103
ergo_adaptive,122.91666666666663,0.09982120068144468,0.049231713511457866
ergo_adaptive,123.0,0.09884500992611286,0.04935607381547186
ergo_adaptive,123.08333333333337,0.09910161709513204,0.049499234048191815
ergo_adaptive,123.16666666666663,0.09900251343075188,0.0496565865641175
ergo_adaptive,123.25,0.09733589714898559,0.04981426952547271
ergo_adaptive,123.33333333333337,0.0955786329578863,0.04997202345080799
ergo_adaptive,123.41666666666663,0.09450785005138937,0.050135154448002615
ergo_adaptive,123.5,0.09368179993034659,0.050306432719080786
ergo_adaptive,123.58333333333337,0.09358764534655754,0.05048473376929739
ergo_adaptive,123.66666666666663,0.09375814378913615,0.050668084585360824
ergo_adaptive,123.75,0.0939191728400865,0.05085326128451458
ergo_adaptive,123.83333333333337,0.09336715402340066,0.051041761118185015
ergo_adaptive,123.91666666666663,0.09268504332202175,0.05122919442348278
ergo_adaptive,124.0,0.09236108810829172,0.051403566803510416
ergo_adaptive,124.08333333333337,0.0921098298843088,0.05155990019398766
ergo_adaptive,124.16666666666663,0.09308805537103249,0.051698703431710354
ergo_adaptive,124.25,0.0934342841596755,0.051818204268759736
ergo_adaptive,124.33333333333337,0.09418251119491751,0.051917747105195276
ergo_adaptive,124.41666666666663,0.09401477603330347,0.0519994004404358
ergo_adaptive,124.5,0.09401644179064664,0.05207658909680634
ergo_adaptive,124.58333333333337,0.0947099172339797,0.052160139987347746
ergo_adaptive,124.66666666666663,0.09488299101748388,0.052236969411094396
ergo_adaptive,124.75,0.0953795049988384,0.05229572164102019
ergo_adaptive,124.83333333333337,0.09558003879313538,0.05233678483568492
ergo_adaptive,124.91666666666663,0.09592263374158287,0.052369308525694325
ergo_adaptive,125.0,0.09630494022480801,0.052393818526536136
ergo_adaptive,125.08333333333337,0.09639094966942417,0.05239915706250605
ergo_adaptive,125.16666666666663,0.09701704879869325,0.05238101644852634
ergo_adaptive,125.25,0.09585488805355286,0.05236773819176309
ergo_adaptive,125.33333333333337,0.09640190721415383,0.052364876032726965
ergo_adaptive,125.41666666666663,0.09608208642134268,0.05235312210911096
ergo_adaptive,125.5,0.09586060979766549,0.052305032705744985
ergo_adaptive,125.58333333333337,0.09700167562364197,0.052239949848488114
ergo_adaptive,125.66666666666663,0.09637889863488093,0.05220359141468685
ergo_adaptive,125.75,0.09730451652635054,0.05218733646109789
ergo_adaptive,125.83333333333337,0.09764227125867207,0.05214427595754348
ergo_adaptive,125.91666666666663,0.09984045451304138,0.05207950962869672
ergo_adaptive,126.0,0.0987602124620849,0.05201561563462226
ergo_adaptive,126.08333333333337,0.09900103760422165,0.051959405509152394
ergo_adaptive,126.16666666666663,0.09985877134955363,0.05189897319563233
ergo_adaptive,126.25,0.10069819373525443,0.05182439645241415
ergo_adaptive,126.33333333333337,0.10372244579076484,0.05173914316770467
ergo_adaptive,126.41666666666663,0.10504509833214314,0.051659703696125714
ergo_adaptive,126.5,0.10489313505807768,0.05161020455635038
ergo_adaptive,126.58333333333337,0.1038394878819028,0.05156306485859622
ergo_adaptive,126.66666666666663,0.10436289007408017,0.051498252787231795
ergo_adaptive,126.75,0.10282020353354825,0.05143455522391554
ergo_adaptive,126.83333333333337,0.10500649567268822,0.051394474407601566
ergo_adaptive,126.91666666666663,0.10427013268503005,0.051358201841595445
ergo_adaptive,127.0,0.10548413661415246,0.051296092172556006
ergo_adaptive,127.08333333333337,0.10538603092087766,0.05121788504699295
ergo_adaptive,127.16666666666663,0.10532871209219234,0.05114202438476784
ergo_adaptive,127.25,0.10686090750992856,0.05107902238441058
ergo_adaptive,127.33333333333337,0.10591737058062507,0.05102451901586462
ergo_adaptive,127.41666666666663,0.10325892169246317,0.0509652215068173
ergo_adaptive,127.5,0.10199204628682058,0.05090474912666213
ergo_adaptive,127.58333333333337,0.10617580822625408,0.05085758548781184
ergo_adaptive,127.66666666666663,0.10509179556142835,0.05081687187971468
ergo_adaptive,127.75,0.10508161555966034,0.050752946781740624
ergo_adaptive,127.83333333333337,0.1002878889645587,0.050667564862995694
ergo_adaptive,127.91666666666663,0.10311427550433523,0.05057667337340488
ergo_adaptive,128.0,0.1031474454571924,0.050489969494026184
ergo_adaptive,128.08333333333337,0.10285392152602581,0.05042595027113978
ergo_adaptive,128.16666666666663,0.10189401171915338,0.050366618914639595
ergo_adaptive,128.25,0.10181188713614117,0.05027924616118529
ergo_adaptive,128.33333333333337,0.10196241822119147,0.050187503088630826
ergo_adaptive,128.41666666666663,0.09931273672112867,0.05011312267252603
ergo_adaptive,128.5,0.09738859964941786,0.05005529185911113
ergo_adaptive,128.58333333333337,0.09755684999759398,0.04998042483776885
ergo_adaptive,128.66666666666663,0.09474359151532745,0.04988811359067635
ergo_adaptive,128.75,0.099193500763298,0.049792908216527675
ergo_adaptive,128.83333333333337,0.09737441095970299,0.049717274406803603
ergo_adaptive,128.91666666666663,0.09830470570057187,0.04965849968402289
ergo_adaptive,129.0,0.09174357946779214,0.049579627903239415
ergo_adaptive,129.08333333333337,0.08575640452548701,0.04947148080922195
ergo_adaptive,129.16666666666663,0.08769524885630381,0.049370177274938976
ergo_adaptive,129.25,0.08761358143376065,0.04929500755719701
ergo_adaptive,129.33333333333337,0.0852253863910226,0.04920618477894613
ergo_adaptive,129.41666666666663,0.08393539515043186,0.049087327418185556
ergo_adaptive,129.5,0.08581821747183054,0.04895858065192799
ergo_adaptive,129.58333333333337,0.08451342207264052,0.04884367461184945
ergo_adaptive,129.66666666666663,0.0827216526056017,0.04875750061451341
ergo_adaptive,129.75,0.0774483184491323,0.04868354287847237
ergo_adaptive,129.83333333333337,0.07580083677420318,0.04857728234331186
ergo_adaptive,129.91666666666663,0.07412936622653556,0.04844571365120169
ergo_adaptive,130.0,0.07143992099768283,0.04832984460646657
ergo_adaptive,130.08333333333337,0.07132017909890398,0.04824396920829439
ergo_adaptive,130.16666666666663,0.0716048088845044,0.048098713471461496
ergo_adaptive,130.25,0.06822951539936864,0.04790730240487883
ergo_adaptive,130.33333333333337,0.06630306330880799,0.047744055719936083
ergo_adaptive,130.41666666666663,0.06296406167919516,0.047623456590438006
ergo_adaptive,130.5,0.062427283543458514,0.047537730594670896
ergo_adaptive,130.58333333333337,0.06514928650424413,0.047490473835836926
ergo_adaptive,130.66666666666663,0.06443651612537649,0.04747465871296846
ergo_adaptive,130.75,0.06405810965829986,0.047432750570396684
ergo_adaptive,130.83333333333337,0.06368690347050279,0.04733947746974177
ergo_adaptive,130.91666666666663,0.061515719288003826,0.0472336062099825
ergo_adaptive,131.0,0.06347116390796169,0.047171289357532134
ergo_adaptive,131.08333333333337,0.06165097828071583,0.0471115805724452
ergo_adaptive,131.16666666666663,0.06277521314066836,0.046991732996765234
ergo_adaptive,131.25,0.06297804586981712,0.046840653939884375
ergo_adaptive,131.33333333333337,0.06514710074876877,0.046709138627228426
ergo_adaptive,131.41666666666663,0.06334141114395418,0.04659333738580518
ergo_adaptive,131.5,0.06078232417840358,0.04643389965497402
ergo_adaptive,131.58333333333337,0.06210243324347756,0.04624880423743694
ergo_adaptive,131.66666666666663,0.0652545052454103,0.046071204428977455
ergo_adaptive,131.75,0.0662852980021484,0.045918646913778734
ergo_adaptive,131.83333333333337,0.0675281287731778,0.04575596649503332
ergo_adaptive,131.91666666666663,0.0664861673443462,0.04556497867555786
ergo_adaptive,132.0,0.06769089003388014,0.04536119230674597
ergo_adaptive,132.08333333333337,0.06734740371758038,0.04516543229434956
ergo_adaptive,132.16666666666663,0.06900216290219313,0.04497641250072928
ergo_adaptive,132.25,0.07001809326301497,0.044783250664100965
ergo_adaptive,132.33333333333337,0.06941061380499901,0.04457412654402758
ergo_adaptive,132.41666666666663,0.06828695796599459,0.04437671937218316
ergo_adaptive,132.5,0.06920032229856622,0.044222276274783846
ergo_adaptive,132.58333333333337,0.06876788752621481,0.044053124379860066
ergo_adaptive,132.66666666666663,0.06954498675283118,0.04382075091962171
ergo_adaptive,132.75,0.06957513034449674,0.04358764182204743
ergo_adaptive,132.83333333333337,0.07135142729893952,0.043397230330594755
ergo_adaptive,132.91666666666663,0.07177703500764863,0.043217852763845085
ergo_adaptive,133.0,0.07250965681747791,0.04299478462177535
ergo_adaptive,133.08333333333337,0.07186167136686118,0.04274966292561023
ergo_adaptive,133.16666666666663,0.07180465203497251,0.04251830607687796
ergo_adaptive,133.25,0.07106561423944452,0.04233176492185397
ergo_adaptive,133.33333333333337,0.0733817826895524,0.04216822947673164
ergo_adaptive,133.41666666666663,0.07346580917673158,0.041996484567889444
ergo_adaptive,133.5,0.07347101331058549,0.04181760524736619
ergo_adaptive,133.58333333333337,0.073972238232775,0.04168622564447496
ergo_adaptive,133.66666666666663,0.07378961262166754,0.041617257317916295
ergo_adaptive,133.75,0.07350912509479283,0.04150088847568607
ergo_adaptive,133.83333333333337,0.070804357495097,0.04132955055206196
ergo_adaptive,133.91666666666663,0.07059506158727208,0.04116135715473883
ergo_adaptive,134.0,0.07070871572736377,0.041036571509321156
ergo_adaptive,134.08333333333337,0.0697927802790347,0.04097074240738472
ergo_adaptive,134.16666666666663,0.07133555843170296,0.04094989057904914
ergo_adaptive,134.25,0.06964371110486148,0.04092179867629012
ergo_adaptive,134.33333333333337,0.06655631178511191,0.04087225853268345
ergo_adaptive,134.41666666666663,0.06773353154134149,0.04083624625389058
ergo_adaptive,134.5,0.06650791765963451,0.04083526223633782
ergo_adaptive,134.58333333333337,0.06893503713919559,0.04087482713703416
ergo_adaptive,134.66666666666663,0.06929699994514782,0.04093903405633359
ergo_adaptive,134.75,0.07014324568764056,0.040998781801346064
ergo_adaptive,134.83333333333337,0.06948406899361612,0.04104501841770868
ergo_adaptive,134.91666666666663,0.06782362936135959,0.04110959298670223
ergo_adaptive,135.0,0.06784165828671389,0.04120740849561662
ergo_adaptive,135.08333333333337,0.06809217004168353,0.04128595946671823
ergo_adaptive,135.16666666666663,0.0689364407859642,0.04133263075255127
ergo_adaptive,135.25,0.07044451137948195,0.04137532601869445
ergo_adaptive,135.33333333333337,0.06962698939896185,0.04144109686378788
ergo_adaptive,135.41666666666663,0.06724497155920969,0.041514262667142726
ergo_adaptive,135.5,0.06749238504321278,0.041572736842807205
ergo_adaptive,135.58333333333337,0.06791325303399343,0.041622709376368076
ergo_adaptive,135.66666666666663,0.06694337666475933,0.04168420615509653
ergo_adaptive,135.75,0.06653261824427807,0.041772714035180215
ergo_adaptive,135.83333333333337,0.0691323072604962,0.04188186561307181
ergo_adaptive,135.91666666666663,0.06928712190543859,0.041997820486959436
ergo_adaptive,136.0,0.06793121703694108,0.04211764870323977
ergo_adaptive,136.08333333333337,0.06706993641658927,0.0422546086378329
ergo_adaptive,136.16666666666663,0.06765763675115824,0.04241394053349478
ergo_adaptive,136.25,0.06767487370172612,0.042575718420799144
ergo_adaptive,136.33333333333337,0.06780012959219457,0.04273589295393425
ergo_adaptive,136.41666666666663,0.067227918995666,0.04289779487136428
ergo_adaptive,136.5,0.06782363388374038,0.04306859508826258
ergo_adaptive,136.58333333333337,0.0686219501395306,0.04322557783462898
ergo_adaptive,136.66666666666663,0.06815571455105356,0.04335378003655222
ergo_adaptive,136.75,0.0676697485402567,0.043455724699756636
ergo_adaptive,136.83333333333337,0.06832520672683019,0.04353981961863456
ergo_adaptive,136.91666666666663,0.06709616182889609,0.04361408571813303
ergo_adaptive,137.0,0.06589309401732041,0.043678046836527415
ergo_adaptive,137.08333333333337,0.06664228525484478,0.04372542737152091
ergo_adaptive,137.16666666666663,0.06650282954367347,0.043752503269701454
ergo_adaptive,137.25,0.06813575646233538,0.04377161873358967
ergo_adaptive,137.33333333333337,0.06721512012245313,0.04379633824080923
ergo_adaptive,137.41666666666663,0.06723363121999865,0.04381352427956692
ergo_adaptive,137.5,0.06693543040889254,0.04381052675952918
ergo_adaptive,137.58333333333337,0.0684751368632744,0.04379710961930528
ergo_adaptive,137.66666666666663,0.0684186808234778,0.04379402313286811
ergo_adaptive,137.75,0.0705298067934954,0.043787825164734014
ergo_adaptive,137.83333333333337,0.07027957590704215,0.04374813628207148
ergo_adaptive,137.91666666666663,0.07102062578640306,0.04369497997477925
ergo_adaptive,138.0,0.07083214298765585,0.04366136388661846
ergo_adaptive,138.08333333333337,0.07214468080808788,0.0436420191726289
ergo_adaptive,138.16666666666663,0.0740584880714486,0.043593668340719816
ergo_adaptive,138.25,0.07451456700873549,0.04352037135072943
ergo_adaptive,138.33333333333337,0.07615363091015084,0.04344828714387408
ergo_adaptive,138.41666666666663,0.07406437380325848,0.043390229191618813
ergo_adaptive,138.5,0.0731386263268044,0.04333718140171068
ergo_adaptive,138.58333333333337,0.07107060473824564,0.043274449517826524
ergo_adaptive,138.66666666666663,0.07229267348889333,0.043206236779605785
ergo_adaptive,138.75,0.07118358732016919,0.04314866930846256
ergo_adaptive,138.83333333333337,0.07176043280200992,0.043115033175152216
ergo_adaptive,138.91666666666663,0.07357560188186871,0.04308323926456064
ergo_adaptive,139.0,0.07522983935598315,0.04303181416779053
ergo_adaptive,139.08333333333337,0.07630714378346828,0.04298178099201431
ergo_adaptive,139.16666666666663,0.07833637080189668,0.042963325832474565
ergo_adaptive,139.25,0.07807108003320534,0.04294873819836894
ergo_adaptive,139.33333333333337,0.08016190438249403,0.04290763830881667
ergo_adaptive,139.41666666666663,0.0812519042881845,0.04285698511874291
ergo_adaptive,139.5,0.08392563577643508,0.04282197827625143
ergo_adaptive,139.58333333333337,0.0847010284366531,0.04280238777786287
ergo_adaptive,139.66666666666663,0.08604779643420087,0.04279331487063799
ergo_adaptive,139.75,0.08353269402000843,0.042785826322633606
ergo_adaptive,139.83333333333337,0.085348096269414,0.04278508558659014
ergo_adaptive,139.91666666666663,0.08455264626043325,0.042815205691696334
ergo_adaptive,140.0,0.08298980360073563,0.042877259213834944
ergo_adaptive,140.08333333333337,0.08660887227894362,0.042927938172718005
ergo_adaptive,140.16666666666663,0.08504020953072679,0.04297603570296851
ergo_adaptive,140.25,0.08363548660837371,0.04304651926965877
ergo_adaptive,140.33333333333337,0.08543587577424575,0.04313750899596745
ergo_adaptive,140.41666666666663,0.08493247912060045,0.04323723222599537
ergo_adaptive,140.5,0.08326419934669524,0.04334077743212029
ergo_adaptive,140.58333333333337,0.08434106187751009,0.043452248771352196
ergo_adaptive,140.66666666666663,0.08362472551472269,0.04357516991195065
ergo_adaptive,140.75,0.08260020987419886,0.04371684328172831
ergo_adaptive,140.83333333333337,0.08101763978233968,0.04386417775932839
ergo_adaptive,140.91666666666663,0.08153116144697166,0.04399843643612827
ergo_adaptive,141.0,0.08156496882083411,0.0441244149045785
ergo_adaptive,141.08333333333337,0.07977518415070523,0.044252736686401985
ergo_adaptive,141.16666666666663,0.07807073584243882,0.044384054911333765
ergo_adaptive,141.25,0.0787842067836924,0.044514755117286274
ergo_adaptive,141.33333333333337,0.07953043554007201,0.04464403351546479
ergo_adaptive,141.41666666666663,0.0760663012845299,0.04477035258201975
ergo_adaptive,141.5,0.07463817794161472,0.044903650972131406
ergo_adaptive,141.58333333333337,0.07387353495674098,0.04505070491337702
ergo_adaptive,141.66666666666663,0.07455702025453351,0.04518148652450218
ergo_adaptive,141.75,0.07635644775650045,0.045285218699492355
ergo_adaptive,141.83333333333337,0.07323714516822556,0.045375014895306175
ergo_adaptive,141.91666666666663,0.07243864876282287,0.045466732552912836
ergo_adaptive,142.0,0.07140040866003661,0.04556720942275351
ergo_adaptive,142.08333333333337,0.0715440540065371,0.04567738776397248
ergo_adaptive,142.16666666666663,0.0697025357053679,0.04577902784008626
ergo_adaptive,142.25,0.06684400696685658,0.04586875981255845
ergo_adaptive,142.33333333333337,0.06501442255563139,0.045973544429498095
ergo_adaptive,142.41666666666663,0.062422106536789305,0.0461301487203169
ergo_adaptive,142.5,0.06372054073695053,0.04632953480191584
ergo_adaptive,142.58333333333337,0.06271086583996797,0.046538384864794856
ergo_adaptive,142.66666666666663,0.06262235044939211,0.04675121752525686
ergo_adaptive,142.75,0.06300819716857024,0.04696024622375927
ergo_adaptive,142.83333333333337,0.06304201786724611,0.04715804917433841
ergo_adaptive,142.91666666666663,0.06301728186041063,0.04734283458152227
ergo_adaptive,143.0,0.06342895909056896,0.047515983722444276
ergo_adaptive,143.08333333333337,0.06306184798328099,0.047661229612335126
ergo_adaptive,143.16666666666663,0.06474542839408912,0.047765145393484296
ergo_adaptive,143.25,0.06584280652947715,0.04783088475084509
ergo_adaptive,143.33333333333337,0.06533652461969303,0.04787097876306461
ergo_adaptive,143.41666666666663,0.06616182556707184,0.047891369097824626
ergo_adaptive,143.5,0.06369277100187354,0.047885466284302056
ergo_adaptive,143.58333333333337,0.06589589408026532,0.04785398988347506
ergo_adaptive,143.66666666666663,0.06849986419665036,0.047811906693290544
ergo_adaptive,143.75,0.06811714966455142,0.04776950891868397
ergo_adaptive,143.83333333333337,0.06647035300531202,0.047711612287659556
ergo_adaptive,143.91666666666663,0.0665112240157721,0.04762787460421151
ergo_adaptive,144.0,0.06661251476717824,0.047540025607290745
ergo_adaptive,144.08333333333337,0.0693301162284141,0.04748484431964562
ergo_adaptive,144.16666666666663,0.0687472844921704,0.04742430450475055
ergo_adaptive,144.25,0.0686092387054193,0.04730824746278843
ergo_adaptive,144.33333333333337,0.06670781195748036,0.04717068907445457
ergo_adaptive,144.41666666666663,0.06711387233183655,0.047055443659792244
ergo_adaptive,144.5,0.06939824327720467,0.04695962595246865
ergo_adaptive,144.58333333333337,0.07081096057477722,0.04685309246730573
ergo_adaptive,144.66666666666663,0.07066549756221943,0.046736557242797225
ergo_adaptive,144.75,0.07064407635921974,0.04662929638081099
ergo_adaptive,144.83333333333337,0.069661821033259,0.04655613807823915
ergo_adaptive,144.91666666666663,0.06889272486188774,0.0464890386585955
ergo_adaptive,145.0,0.06998967089413309,0.046402446309473495
ergo_adaptive,145.08333333333337,0.07148203596185716,0.04629592176263059
ergo_adaptive,145.16666666666663,0.07269206916158227,0.046205395170957356
ergo_adaptive,145.25,0.07487972741698985,0.04615128712454427
ergo_adaptive,145.33333333333337,0.07473561935631212,0.046059828273907755
ergo_adaptive,145.41666666666663,0.07562897922195912,0.04591338451675583
ergo_adaptive,145.5,0.07673824043235863,0.045764385069890286
ergo_adaptive,145.58333333333337,0.07509201369096857,0.045669040192539735
ergo_adaptive,145.66666666666663,0.07541921235972274,0.04556493708851326
ergo_adaptive,145.75,0.07585437491088237,0.045403188775593344
ergo_adaptive,145.83333333333337,0.07712551629360148,0.04522071763757691
ergo_adaptive,145.91666666666663,0.07561051320472043,0.045064542112014834
ergo_adaptive,146.0,0.07415833191481183,0.04493723214741021
ergo_adaptive,146.08333333333337,0.0723509322084488,0.044787357203158684
ergo_adaptive,146.16666666666663,0.0749648537591751,0.044614458863409895
ergo_adaptive,146.25,0.07496240850715247,0.044450155331870064
ergo_adaptive,146.33333333333337,0.07311780550065117,0.04430996440851405
ergo_adaptive,146.41666666666663,0.0753977673817308,0.04417035706752648
ergo_adaptive,146.5,0.07463281177883255,0.04401268849282811
ergo_adaptive,146.58333333333337,0.07433178288550382,0.04384962317425846
ergo_adaptive,146.66666666666663,0.07379178929614673,0.0437059492368862
ergo_adaptive,146.75,0.07323126057409962,0.04357784748909051
ergo_adaptive,146.83333333333337,0.07378498298001615,0.043430567580178346
ergo_adaptive,146.91666666666663,0.07301481843765917,0.043266184711619055
ergo_adaptive,147.0,0.07106482049592211,0.04312172129609113
ergo_adaptive,147.08333333333337,0.07223750038114365,0.04299215015221139
ergo_adaptive,147.16666666666663,0.07251000597520624,0.04283495982931877
ergo_adaptive,147.25,0.07208805866419214,0.042640456619746976
ergo_adaptive,147.33333333333337,0.07080026764569011,0.04243136003019457
ergo_adaptive,147.41666666666663,0.07200962389730367,0.04225082297556472
ergo_adaptive,147.5,0.06800121983937467,0.04204812445569641
ergo_adaptive,147.58333333333337,0.06840997159787092,0.041805223570568165
ergo_adaptive,147.66666666666663,0.06976771791892772,0.04154618997184492
ergo_adaptive,147.75,0.06727664378354345,0.041315208377726204
ergo_adaptive,147.83333333333337,0.06895634944050039,0.041157122247300615
ergo_adaptive,147.91666666666663,0.07123073739493513,0.04106013375832742
ergo_adaptive,148.0,0.07214720573217237,0.04092468262318861
ergo_adaptive,148.08333333333337,0.07023591354003983,0.04071086621258364
ergo_adaptive,148.16666666666663,0.07112680232513549,0.04047384938643536
ergo_adaptive,148.25,0.07096250118292731,0.04026126537250414
ergo_adaptive,148.33333333333337,0.06978612275738547,0.04006737737185254
ergo_adaptive,148.41666666666663,0.07077106758477177,0.03986840946128926
ergo_adaptive,148.5,0.07318477492059787,0.03965177697550785
ergo_adaptive,148.58333333333337,0.07101432130148423,0.03944398280939495
ergo_adaptive,148.66666666666663,0.07434721682565665,0.03926075910245159
ergo_adaptive,148.75,0.07858536891060651,0.03909051982699244
ergo_adaptive,148.83333333333337,0.08051982948799889,0.03889967855417856
ergo_adaptive,148.91666666666663,0.08199329793674077,0.03869946844462955
ergo_adaptive,149.0,0.08122483179108804,0.03851841869757238
ergo_adaptive,149.08333333333337,0.08137051943178417,0.03835500821794022
ergo_adaptive,149.16666666666663,0.08197100523293445,0.03818714616227815
ergo_adaptive,149.25,0.08134402004849799,0.03801955739344139
ergo_adaptive,149.33333333333337,0.08010003740074688,0.037870460153360944
ergo_adaptive,149.41666666666663,0.08005102108737239,0.03775134535171776
ergo_adaptive,149.5,0.07898480177870067,0.037644438147408074
ergo_adaptive,149.58333333333337,0.08042424681049673,0.03752867979558043
ergo_adaptive,149.66666666666663,0.0818008804013447,0.037429760234399465
ergo_adaptive,149.75,0.08249221840565209,0.03737175841539044
ergo_adaptive,149.83333333333337,0.08237399518274337,0.03734695592372156
ergo_adaptive,149.91666666666663,0.08203263757364905,0.037310895876627705
ergo_adaptive,150.0,0.08074840474108942,0.03727059802274386
ergo_adaptive,150.08333333333337,0.08026085162012171,0.03728106396147573
ergo_adaptive,150.16666666666663,0.08051508547204907,0.0373410743886513
ergo_adaptive,150.25,0.08023341421781696,0.037377272084443545
ergo_adaptive,150.33333333333337,0.07753109801965484,0.037422266834438264
ergo_adaptive,150.41666666666663,0.07661676289375312,0.03752702707848402
ergo_adaptive,150.5,0.07844904288928266,0.037684339858120836
ergo_adaptive,150.58333333333337,0.07610119338117416,0.03785197437577989
ergo_adaptive,150.66666666666663,0.07414155379400526,0.038013943988637756
ergo_adaptive,150.75,0.07328495496673054,0.03818920415810639
ergo_adaptive,150.83333333333337,0.07197230728994218,0.03839065685306722
ergo_adaptive,150.91666666666663,0.07302136613840622,0.03860486541245999
ergo_adaptive,151.0,0.07043968415906023,0.0388159407944145
ergo_adaptive,151.08333333333337,0.06709360143694967,0.03903107931959789
ergo_adaptive,151.16666666666663,0.06632752915987532,0.039264527264016136
ergo_adaptive,151.25,0.06689497310312335,0.03951248277905527
ergo_adaptive,151.33333333333337,0.06353474509867471,0.039758483031194926
ergo_adaptive,151.41666666666663,0.06350809560440282,0.04000886590602673
ergo_adaptive,151.5,0.062172482986477186,0.04026208764412645
ergo_adaptive,151.58333333333337,0.06229428120398392,0.04051165101563659
ergo_adaptive,151.66666666666663,0.062409367127728786,0.04075066592747445
ergo_adaptive,151.75,0.06376876051802788,0.04097491235031254
ergo_adaptive,151.83333333333337,0.0647453574978659,0.041183983755336086
ergo_adaptive,151.91666666666663,0.06489301503674938,0.041385520332085556
ergo_adaptive,152.0,0.06487698598907113,0.04157857660315101
ergo_adaptive,152.08333333333337,0.06525768865300606,0.041744528972353936
ergo_adaptive,152.16666666666663,0.06594656214108094,0.04188218441204931
ergo_adaptive,152.25,0.06522882150838386,0.042009783717867184
ergo_adaptive,152.33333333333337,0.06616165554878548,0.04213947211283674
ergo_adaptive,152.41666666666663,0.06621619639113097,0.04223416479853781
ergo_adaptive,152.5,0.06534744462948805,0.042292350776499434
ergo_adaptive,152.58333333333337,0.06563798001034041,0.04233705956161763
ergo_adaptive,152.66666666666663,0.06534672666770569,0.04239155988050958
ergo_adaptive,152.75,0.06616122188057685,0.04242261320640436
ergo_adaptive,152.83333333333337,0.06629000679621741,0.04239816187074288
ergo_adaptive,152.91666666666663,0.0668317963616054,0.042340264705248015
ergo_adaptive,153.0,0.06417838456869018,0.0422960984801054
ergo_adaptive,153.08333333333337,0.06357225841696443,0.04224878214961153
ergo_adaptive,153.16666666666663,0.06563835099866412,0.04215936430746078
ergo_adaptive,153.25,0.06777267028608824,0.0420346286013966
ergo_adaptive,153.33333333333337,0.06663540822765165,0.04190604461982368
ergo_adaptive,153.41666666666663,0.066599165620127,0.04179305253737855
ergo_adaptive,153.5,0.06784321022076323,0.04167405990596235
ergo_adaptive,153.58333333333337,0.06723800613545099,0.04153758102700257
ergo_adaptive,153.66666666666663,0.07025808115114097,0.04139781061294267
ergo_adaptive,153.75,0.07036133274142296,0.041273365019867246
ergo_adaptive,153.83333333333337,0.07042017650111637,0.041165433790939204
ergo_adaptive,153.91666666666663,0.07206109210792805,0.04105872194816418
ergo_adaptive,154.0,0.07103524500318309,0.04095254008102141
ergo_adaptive,154.08333333333337,0.07097342668600407,0.040873630526505916
ergo_adaptive,154.16666666666663,0.07083643545510009,0.04085416012931062
ergo_adaptive,154.25,0.07034629755481059,0.04081745712470056
ergo_adaptive,154.33333333333337,0.07216292270997415,0.04073086615609169
ergo_adaptive,154.41666666666663,0.07073035595853241,0.04063458236446239
ergo_adaptive,154.5,0.07204359120210067,0.040556504316253884
ergo_adaptive,154.58333333333337,0.07252608391998307,0.04048245556093243
ergo_adaptive,154.66666666666663,0.0710689047168103,0.04038558637349065
ergo_adaptive,154.75,0.07003392872003064,0.04026995759339299
ergo_adaptive,154.83333333333337,0.07148703152995804,0.04016210985963925
ergo_adaptive,154.91666666666663,0.06914444464732115,0.04007612208024422
ergo_adaptive,155.0,0.07007680481589391,0.03999881905337159
ergo_adaptive,155.08333333333337,0.06929933830985852,0.03992021451583283
ergo_adaptive,155.16666666666663,0.07306358750029929,0.039844002850207935
ergo_adaptive,155.25,0.07076242755360997,0.039787626244144544
ergo_adaptive,155.33333333333337,0.06948838545627947,0.03975839237387018
ergo_adaptive,155.41666666666663,0.0721308899843821,0.039738035296167644
ergo_adaptive,155.5,0.07158499495448588,0.03972748918834847
ergo_adaptive,155.58333333333337,0.06862040508686931,0.039744580459068334
ergo_adaptive,155.66666666666663,0.06814246095932977,0.03977812353195999
ergo_adaptive,155.75,0.06881402678606706,0.03981608638981374
ergo_adaptive,155.83333333333337,0.06849431570329088,0.039843901453586884
ergo_adaptive,155.91666666666663,0.06687364647491675,0.03988146939209245
ergo_adaptive,156.0,0.0669480467098168,0.03993737443325446
ergo_adaptive,156.08333333333337,0.0659058271178447,0.039995378332574195
ergo_adaptive,156.16666666666663,0.06643176102321197,0.040034276284749676
ergo_adaptive,156.25,0.06800109472771983,0.04007221044561864
ergo_adaptive,156.33333333333337,0.06813914163842988,0.04013823680377099
ergo_adaptive,156.41666666666663,0.06639543355175426,0.04021226060132401
ergo_adaptive,156.5,0.06534436699458437,0.04027393011815253
ergo_adaptive,156.58333333333337,0.06449574384767255,0.04035178563408583
ergo_adaptive,156.66666666666663,0.06523061634882611,0.04044904599012696
ergo_adaptive,156.75,0.06659686567794448,0.04056169802418167
ergo_adaptive,156.83333333333337,0.06576604514699871,0.040663030007284315
ergo_adaptive,156.91666666666663,0.06576763234165758,0.04074946796605986
ergo_adaptive,157.0,0.0651649257535976,0.040843159334627545
ergo_adaptive,157.08333333333337,0.06551871183588608,0.04095616673617672
ergo_adaptive,157.16666666666663,0.06672561022999897,0.041044752517663284
ergo_adaptive,157.25,0.06743503749543131,0.0410763329371712
ergo_adaptive,157.33333333333337,0.06652388583583278,0.04107403469266687
ergo_adaptive,157.41666666666663,0.06531998366956204,0.04105980626919305
ergo_adaptive,157.5,0.06691656998917266,0.04103919531135154
ergo_adaptive,157.58333333333337,0.06747427800849691,0.04100632090750547
ergo_adaptive,157.66666666666663,0.06791821651413242,0.040954884430589054
ergo_adaptive,157.75,0.06943978282943807,0.04089184910663621
ergo_adaptive,157.83333333333337,0.07125726199192181,0.04083009670730569
ergo_adaptive,157.91666666666663,0.070590549721838,0.040772577503453034
ergo_adaptive,158.0,0.07045299004237342,0.04069814770892819
ergo_adaptive,158.08333333333337,0.07039372748106518,0.04060677220700918
ergo_adaptive,158.16666666666663,0.07172071040239164,0.0405158349825634
ergo_adaptive,158.25,0.0727627808635653,0.0404386755652176
ergo_adaptive,158.33333333333337,0.07510834158749538,0.040366788541639415
ergo_adaptive,158.41666666666663,0.07634051427350073,0.040271730364571275
ergo_adaptive,158.5,0.07738903970151949,0.040169621974281026
ergo_adaptive,158.58333333333337,0.07878351570201443,0.040101708093391746
ergo_adaptive,158.66666666666663,0.07702028646147545,0.040058088673628645
ergo_adaptive,158.75,0.07541460919095347,0.0399619878479708
ergo_adaptive,158.83333333333337,0.07622072859778514,0.03983275017126597
ergo_adaptive,158.91666666666663,0.07712818450329914,0.03971672016451727
ergo_adaptive,159.0,0.0802923865791374,0.03962795935891997
ergo_adaptive,159.08333333333337,0.07708882805288457,0.0395374702257602
ergo_adaptive,159.16666666666663,0.07660361464804527,0.03943450379138865
ergo_adaptive,159.25,0.07804465871028371,0.039334788541921566
ergo_adaptive,159.33333333333337,0.07719099132952878,0.03925398539961024
ergo_adaptive,159.41666666666663,0.07731260529720153,0.03919210680584495
ergo_adaptive,159.5,0.07612870866082867,0.03913166622745517
ergo_adaptive,159.58333333333337,0.07560008092385696,0.039064523947056874
ergo_adaptive,159.66666666666663,0.07792068180815423,0.03900591464200874
ergo_adaptive,159.75,0.0823215642115367,0.038997119785191055
ergo_adaptive,159.83333333333337,0.08010276854450367,0.03897922270046434
ergo_adaptive,159.91666666666663,0.08123193254432082,0.038925069672747004
ergo_adaptive,160.0,0.07945145868911223,0.03886038084239548
ergo_adaptive,160.08333333333337,0.08120108193012825,0.038823273721556965
ergo_adaptive,160.16666666666663,0.0819955186047819,0.038821481874449566
ergo_adaptive,160.25,0.08011986590564003,0.03884536437889015
ergo_adaptive,160.33333333333337,0.08119684089217179,0.03888215784399594
ergo_adaptive,160.41666666666663,0.08108117541820388,0.038927692784306876
ergo_adaptive,160.5,0.0815627030916757,0.038989950840497875
ergo_adaptive,160.58333333333337,0.08323928858396115,0.039063069799469795
ergo_adaptive,160.66666666666663,0.08379560125805594,0.03911418211022442
ergo_adaptive,160.75,0.0827201544506253,0.03914016813293187
ergo_adaptive,160.83333333333337,0.08029266945032514,0.039167039541047166
ergo_adaptive,160.91666666666663,0.08271500754033922,0.03920306989449633
ergo_adaptive,161.0,0.07919414055438642,0.03925719751489682
ergo_adaptive,161.08333333333337,0.07907000169549641,0.0393255870846952
ergo_adaptive,161.16666666666663,0.0750028380186663,0.03938700819385354
ergo_adaptive,161.25,0.07420340910447241,0.039445246997728396
ergo_adaptive,161.33333333333337,0.07388052255819261,0.03951834865958171
ergo_adaptive,161.41666666666663,0.07192727692709507,0.039593226485163086
ergo_adaptive,161.5,0.07376710178087008,0.039643351557829956
ergo_adaptive,161.58333333333337,0.07051366415426297,0.03967119000447717
ergo_adaptive,161.66666666666663,0.07094004198893011,0.03969446325564697
ergo_adaptive,161.75,0.0713507484084076,0.03972498567705873
ergo_adaptive,161.83333333333337,0.07035101970167375,0.03975367916019717
ergo_adaptive,161.91666666666663,0.07135440597723686,0.03976830462725245
ergo_adaptive,162.0,0.06922795869244792,0.039774006189534514
ergo_adaptive,162.08333333333337,0.06719750259977161,0.03979009513992286
ergo_adaptive,162.16666666666663,0.06737679355740414,0.03981706200742233
ergo_adaptive,162.25,0.0650816595423775,0.039819595864564315
ergo_adaptive,162.33333333333337,0.06442322360762781,0.039789879659827214
ergo_adaptive,162.41666666666663,0.06364152847406074,0.0397626615932029
ergo_adaptive,162.5,0.06357013122163073,0.0397502911605631
ergo_adaptive,162.58333333333337,0.06181839764881772,0.039733794967476234
ergo_adaptive,162.66666666666663,0.06110756538423991,0.03972735719431249
ergo_adaptive,162.75,0.06045547333240391,0.03973766156395549
ergo_adaptive,162.83333333333337,0.06133916380943331,0.039755186687635224
ergo_adaptive,162.91666666666663,0.06191831418087775,0.039766119116687045
ergo_adaptive,163.0,0.06218214696828075,0.03977120005781404
ergo_adaptive,163.08333333333337,0.0616941141431306,0.03977783376604826
ergo_adaptive,163.16666666666663,0.060499572297759,0.03979446277427713
ergo_adaptive,163.25,0.060130483965165946,0.039801219005824395
ergo_adaptive,163.33333333333337,0.06051457449370325,0.039782742611877815
ergo_adaptive,163.41666666666663,0.06032143817146871,0.0397529124026872
ergo_adaptive,163.5,0.060426420010502246,0.03974142217911172
ergo_adaptive,163.58333333333337,0.0634680951840779,0.03972918476302753
ergo_adaptive,163.66666666666663,0.06210987866768677,0.03966741863984468
ergo_adaptive,163.75,0.060785646613594306,0.039590544370665524
ergo_adaptive,163.83333333333337,0.06060145269913948,0.039537547982149146
ergo_adaptive,163.91666666666663,0.06238950867562402,0.039524505954551384
ergo_adaptive,164.0,0.0641719847388879,0.03945640404045148
ergo_adaptive,164.08333333333337,0.06498214209732912,0.03934947056380174
ergo_adaptive,164.16666666666663,0.06477482189972653,0.03925243843133103
ergo_adaptive,164.25,0.06340725613154503,0.03919346424755888
ergo_adaptive,164.33333333333337,0.06167677256296881,0.03912087162677643
ergo_adaptive,164.41666666666663,0.06231697264535752,0.03900918933291482
ergo_adaptive,164.5,0.06230413153313674,0.038892689517174055
ergo_adaptive,164.58333333333337,0.06370040955517255,0.03880915381751596
ergo_adaptive,164.66666666666663,0.063637684464392,0.03873213292650716
ergo_adaptive,164.75,0.06547201481410116,0.038610233644584276
ergo_adaptive,164.83333333333337,0.06489810304770231,0.03847317599595128
ergo_adaptive,164.91666666666663,0.06492908084070384,0.03836549284367541
ergo_adaptive,165.0,0.0658906744248486,0.03828553302390869
ergo_adaptive,165.08333333333337,0.06780429590682696,0.038179275751775606
ergo_adaptive,165.16666666666663,0.06761537090652928,0.03803891818930771
ergo_adaptive,165.25,0.06791678628634414,0.03791276511168101
ergo_adaptive,165.33333333333337,0.06774256657990556,0.037831445981089694
ergo_adaptive,165.41666666666663,0.06956940517252402,0.03773966668266208
ergo_adaptive,165.5,0.07023508529470249,0.03760984083787951
ergo_adaptive,165.58333333333337,0.06744590036614227,0.037474888384377646
ergo_adaptive,165.66666666666663,0.06930946900693266,0.03737819027709861
ergo_adaptive,165.75,0.07124551734972501,0.037301013099601835
ergo_adaptive,165.83333333333337,0.071782364488652,0.03718671391489469
ergo_adaptive,165.91666666666663,0.07132460901618332,0.0370515001049711
ergo_adaptive,166.0,0.07315376530240475,0.03694205632845038
ergo_adaptive,166.08333333333337,0.07231101601774917,0.03686322551547798
ergo_adaptive,166.16666666666663,0.07230530557547478,0.03675887656524577
ergo_adaptive,166.25,0.0712763201900803,0.036619946896647375
ergo_adaptive,166.33333333333337,0.07189933811992791,0.036487993179970625
ergo_adaptive,166.41666666666663,0.07208312845722417,0.03639529615589838
ergo_adaptive,166.5,0.07309429708843777,0.036296484373461405
ergo_adaptive,166.58333333333337,0.07168202064083948,0.03615578093799645
ergo_adaptive,166.66666666666663,0.07182108163918159,0.036007795440713884
ergo_adaptive,166.75,0.07198993345677045,0.03591988629266261
ergo_adaptive,166.83333333333337,0.06975920756801347,0.035880361326100826
ergo_adaptive,166.91666666666663,0.07028932932341228,0.03583302919708821
ergo_adaptive,167.0,0.0694908522396021,0.03580427176337063
ergo_adaptive,167.08333333333337,0.06912749397219593,0.035854004393898006
ergo_adaptive,167.16666666666663,0.06698642968671879,0.035961230446053774
ergo_adaptive,167.25,0.06550712627313887,0.03610632065994219
ergo_adaptive,167.33333333333337,0.0631043927444706,0.03627502518959538
ergo_adaptive,167.41666666666663,0.06250486429088661,0.03645724478002462
ergo_adaptive,167.5,0.061990469107804036,0.0366504865246808
ergo_adaptive,167.58333333333337,0.06309705713694155,0.0368433728944212
ergo_adaptive,167.66666666666663,0.06222260521464486,0.037024466235887905
ergo_adaptive,167.75,0.06286622515133909,0.037200219942052117
ergo_adaptive,167.83333333333337,0.06468952541693453,0.03737489734311028
ergo_adaptive,167.91666666666663,0.06339205935797297,0.03754297022066393
ergo_adaptive,168.0,0.06422339943919957,0.03769903532873806
ergo_adaptive,168.08333333333337,0.0630772945237965,0.03784643811684906
ergo_adaptive,168.16666666666663,0.06164438000998938,0.03799287955528346
ergo_adaptive,168.25,0.06105321498269578,0.038142802841135685
ergo_adaptive,168.33333333333337,0.05991970072910894,0.03828824694691965
ergo_adaptive,168.41666666666663,0.059662099930214325,0.03842922886458409
ergo_adaptive,168.5,0.05922719531602797,0.03857451988651641
ergo_adaptive,168.58333333333337,0.06040218215699813,0.038730958955967405
ergo_adaptive,168.66666666666663,0.058888227372743275,0.038885645395990126
ergo_adaptive,168.75,0.05935531921517216,0.0390357937291682
ergo_adaptive,168.83333333333337,0.059151829311103736,0.039184606460650875
ergo_adaptive,168.91666666666663,0.0582549489035412,0.0393349450683707
ergo_adaptive,169.0,0.05946592693921538,0.039489003943856384
ergo_adaptive,169.08333333333337,0.05930754125355153,0.039632604544902236
ergo_adaptive,169.16666666666663,0.05737291362101437,0.03976334424745232
ergo_adaptive,169.25,0.05751344160425275,0.039896775026542715
ergo_adaptive,169.33333333333337,0.058269661174636334,0.040040049312078295
ergo_adaptive,169.41666666666663,0.057976669925332645,0.040171383511346435
ergo_adaptive,169.5,0.05969697750973194,0.040278571773537435
ergo_adaptive,169.58333333333337,0.059966271562499486,0.04037388797872414
ergo_adaptive,169.66666666666663,0.06057326898510891,0.040473901411365865
ergo_adaptive,169.75,0.05885026501939978,0.0405676052991613
ergo_adaptive,169.83333333333337,0.06041268307366809,0.040642460479713746
ergo_adaptive,169.91666666666663,0.061749906740998596,0.040702794267952654
ergo_adaptive,170.0,0.06092473662824694,0.04076166108513114
ergo_adaptive,170.08333333333337,0.06163851532053526,0.04082933400219124
ergo_adaptive,170.16666666666663,0.061819195308406336,0.040915229867776015
ergo_adaptive,170.25,0.063552499154232,0.04096161259084722
ergo_adaptive,170.33333333333337,0.06283629179864715,0.040948841061983966
ergo_adaptive,170.41666666666663,0.06361334108728683,0.04091112713851268
ergo_adaptive,170.5,0.06172514913778618,0.04088359255083813
ergo_adaptive,170.58333333333337,0.06432080163029454,0.040861674988679736
ergo_adaptive,170.66666666666663,0.06422641318344072,0.040825408006347375
ergo_adaptive,170.75,0.064649610024892,0.040782277008596324
ergo_adaptive,170.83333333333337,0.06452048989937247,0.04075178713257479
ergo_adaptive,170.91666666666663,0.06571778784477107,0.04074175707700129
ergo_adaptive,171.0,0.06563438768084558,0.040717197683195955
ergo_adaptive,171.08333333333337,0.06583193562160954,0.04067686681265545
ergo_adaptive,171.16666666666663,0.06504396362770262,0.04063579481509835
ergo_adaptive,171.25,0.06416620104847849,0.040617827010321905
ergo_adaptive,171.33333333333337,0.06457913874349268,0.04058851766346678
ergo_adaptive,171.41666666666663,0.06736950315261353,0.04051766692052814
ergo_adaptive,171.5,0.0663249749891818,0.04043385579352563
ergo_adaptive,171.58333333333337,0.06808230279160811,0.040391082229272755
ergo_adaptive,171.66666666666663,0.06656918384680924,0.040358889920526275
ergo_adaptive,171.75,0.06797800118717973,0.04027628769325592
ergo_adaptive,171.83333333333337,0.06741033150347518,0.04016170278069323
ergo_adaptive,171.91666666666663,0.06982513567956343,0.04005403067330349
ergo_adaptive,172.0,0.07001084955922368,0.0399724467229582
ergo_adaptive,172.08333333333337,0.0715823794068901,0.0398937472703857
ergo_adaptive,172.16666666666663,0.07307270437074276,0.03980794185954796
ergo_adaptive,172.25,0.07385282830662178,0.03972491973994193
ergo_adaptive,172.33333333333337,0.0763135586582522,0.03966026983913766
ergo_adaptive,172.41666666666663,0.0766503286581197,0.03961709641271726
ergo_adaptive,172.5,0.07479281107952848,0.0395717771909347
ergo_adaptive,172.58333333333337,0.07713543887553122,0.03950675431100469
ergo_adaptive,172.66666666666663,0.07429907308300973,0.03944753641084586
ergo_adaptive,172.75,0.07704122943749167,0.0394350093761941
ergo_adaptive,172.83333333333337,0.08025547596894458,0.03941095572183759
ergo_adaptive,172.91666666666663,0.07893349623893019,0.039344389308036014
ergo_adaptive,173.0,0.07675459118663307,0.03926341389698504
ergo_adaptive,173.08333333333337,0.07725110618432351,0.039197829215345086
ergo_adaptive,173.16666666666663,0.07714893781967652,0.03916289966502879
ergo_adaptive,173.25,0.08054220849465167,0.039147011678090315
ergo_adaptive,173.33333333333337,0.07933596506447446,0.03913512583337739
ergo_adaptive,173.41666666666663,0.07749987565077754,0.039125340857928
ergo_adaptive,173.5,0.07600121254275571,0.03914965751530654
ergo_adaptive,173.58333333333337,0.07743020801560507,0.039205409999452816
ergo_adaptive,173.66666666666663,0.07722383437401603,0.039242206957538134
ergo_adaptive,173.75,0.07344496609889571,0.03926147144911317
ergo_adaptive,173.83333333333337,0.07659132648944637,0.039294579629153045
ergo_adaptive,173.91666666666663,0.0763636041899747,0.039346799184414735
ergo_adaptive,174.0,0.0775018015712679,0.039417585806075336
ergo_adaptive,174.08333333333337,0.07773765758332586,0.03949971198704411
ergo_adaptive,174.16666666666663,0.07450138356728206,0.0395840289718119
ergo_adaptive,174.25,0.07339462031292487,0.03966713864406164
ergo_adaptive,174.33333333333337,0.0716712617850596,0.03975874415872216
ergo_adaptive,174.41666666666663,0.07428018873656062,0.0398537331914422
ergo_adaptive,174.5,0.07466153739995918,0.039940387071861476
ergo_adaptive,174.58333333333337,0.0726270293276447,0.04002276034289759
ergo_adaptive,174.66666666666663,0.07412031491056269,0.04010844861656166
ergo_adaptive,174.75,0.07434867333954766,0.040208589663350676
ergo_adaptive,174.83333333333337,0.07211721647639749,0.04033656355551836
ergo_adaptive,174.91666666666663,0.0719672967144444,0.04045758754276963
ergo_adaptive,175.0,0.07247046372321982,0.04054667925374309
ergo_adaptive,175.08333333333337,0.07013825924059239,0.04061941240587635
ergo_adaptive,175.16666666666663,0.06887018347180554,0.040697338029960915
ergo_adaptive,175.25,0.07138865676252688,0.04078999066496355
ergo_adaptive,175.33333333333337,0.06866075465144152,0.040902202689780905
ergo_adaptive,175.41666666666663,0.06748507368373753,0.041006973706246244
ergo_adaptive,175.5,0.06630907712186479,0.0410756738001132
ergo_adaptive,175.58333333333337,0.06460036069226777,0.041122642336889705
ergo_adaptive,175.66666666666663,0.05967801622250627,0.04116598188515421
ergo_adaptive,175.75,0.05966816909983447,0.04121103693472348
ergo_adaptive,175.83333333333337,0.060665251756691116,0.04125661214984861
ergo_adaptive,175.91666666666663,0.05784621302004527,0.041292836363881154
ergo_adaptive,176.0,0.055802107784391354,0.0413260077882763
ergo_adaptive,176.08333333333337,0.05786890820092248,0.04137596426020377
ergo_adaptive,176.16666666666663,0.05657298116067172,0.04144819930582009
ergo_adaptive,176.25,0.05864318084935083,0.0414924061968697
ergo_adaptive,176.33333333333337,0.056187509074231874,0.04149759966080003
ergo_adaptive,176.41666666666663,0.05244123448265441,0.041501247974601425
ergo_adaptive,176.5,0.05108585058680264,0.04161296640759141
ergo_adaptive,176.58333333333337,0.04995483222489394,0.04182002867948298
ergo_adaptive,176.66666666666663,0.05177808304095683,0.04205329072450874
ergo_adaptive,176.75,0.05164349880939087,0.042287788887481276
ergo_adaptive,176.83333333333337,0.05252035689487327,0.042519012963704896
ergo_adaptive,176.91666666666663,0.052377906483945046,0.04274687896937367
ergo_adaptive,177.0,0.05224508887377337,0.04297123670681864
ergo_adaptive,177.08333333333337,0.05270078710843262,0.043189439047501
ergo_adaptive,177.16666666666663,0.052357869446838755,0.043397541932162956
ergo_adaptive,177.25,0.05365623434469376,0.04359626369819577
ergo_adaptive,177.33333333333337,0.053223116802053674,0.04378751633596081
ergo_adaptive,177.41666666666663,0.05254301791140219,0.043966161070698125
ergo_adaptive,177.5,0.05252772641709249,0.044127209597245344
ergo_adaptive,177.58333333333337,0.052545404040810754,0.04427595615683561
ergo_adaptive,177.66666666666663,0.05202266613921893,0.04441458635510725
ergo_adaptive,177.75,0.05284984610488123,0.044535668851226284
ergo_adaptive,177.83333333333337,0.05314875242107812,0.04463481822701578
ergo_adaptive,177.91666666666663,0.053809120321875854,0.04471334579356668
ergo_adaptive,178.0,0.055063106233390405,0.04477919027908919
ergo_adaptive,178.08333333333337,0.05537767710562196,0.044834210254076697
ergo_adaptive,178.16666666666663,0.054891183335390815,0.04486351411948843
ergo_adaptive,178.25,0.053704966495978994,0.04485659723804874
ergo_adaptive,178.33333333333337,0.05282596177944115,0.044827169514174446
ergo_adaptive,178.41666666666663,0.053134009315958367,0.04479419287883832
ergo_adaptive,178.5,0.05359129359894588,0.04472927520956941
ergo_adaptive,178.58333333333337,0.05518862469679735,0.04459925048944963
ergo_adaptive,178.66666666666663,0.056856642874241525,0.04442405787445888
ergo_adaptive,178.75,0.05941959693172741,0.04425101147145232
ergo_adaptive,178.83333333333337,0.06071103864056482,0.04409254163458897
ergo_adaptive,178.91666666666663,0.060297854277661544,0.043918957599542584
ergo_adaptive,179.0,0.061458735563684294,0.04374132546294538
ergo_adaptive,179.08333333333337,0.06195194305789248,0.04359227918124941
ergo_adaptive,179.16666666666663,0.06316184860967135,0.04347178542137295
ergo_adaptive,179.25,0.06393365763851136,0.0433552819032669
ergo_adaptive,179.33333333333337,0.06320793664707006,0.043230713300427416
ergo_adaptive,179.41666666666663,0.06387231147542012,0.043110986450878
ergo_adaptive,179.5,0.06645193983438871,0.04301327703476348
ergo_adaptive,179.58333333333337,0.06870839144762732,0.04292276062194701
ergo_adaptive,179.66666666666663,0.06809185049879156,0.042811442933518205
ergo_adaptive,179.75,0.06703792637620742,0.042683480872790606
ergo_adaptive,179.83333333333337,0.06570805328438571,0.04256729491759065
ergo_adaptive,179.91666666666663,0.06762481522277951,0.04248103955003381
ergo_adaptive,180.0,0.06789034131318158,0.0423634448826349
ergo_adaptive,180.08333333333337,0.06687720533347127,0.04220521506080954
ergo_adaptive,180.16666666666663,0.06566429944420704,0.04205556629485365
ergo_adaptive,180.25,0.06558378316852664,0.04197192488789346
ergo_adaptive,180.33333333333337,0.06632535238081619,0.04186043817844584
ergo_adaptive,180.41666666666663,0.06615021632433297,0.04168548567775708
ergo_adaptive,180.5,0.06556612598916284,0.04150000833108149
ergo_adaptive,180.58333333333337,0.066026096225111,0.04135744754352575
ergo_adaptive,180.66666666666663,0.06733182467734977,0.04124146487767101
ergo_adaptive,180.75,0.06887531083078914,0.04109167730757736
ergo_adaptive,180.83333333333337,0.06716026406170199,0.04092187191422287
ergo_adaptive,180.91666666666663,0.06458815840346933,0.04077122234776331
ergo_adaptive,181.0,0.063810635862007,0.04065170506974068
ergo_adaptive,181.08333333333337,0.06439248701339395,0.040533777413979934
ergo_adaptive,181.16666666666663,0.06492495185302662,0.040401526045935214
ergo_adaptive,181.25,0.06450555735440727,0.04027494763519276
ergo_adaptive,181.33333333333337,0.06462915894974222,0.04017282533324858
ergo_adaptive,181.41666666666663,0.06451512299113,0.040088152103672
ergo_adaptive,181.5,0.0620743264149356,0.03999121383674123
ergo_adaptive,181.58333333333337,0.06324218966048693,0.03989170751294325
ergo_adaptive,181.66666666666663,0.06200275992517481,0.03982100180938716
ergo_adaptive,181.75,0.06336796834261477,0.039784866579604776
ergo_adaptive,181.83333333333337,0.06064382490845428,0.0397024114382903
ergo_adaptive,181.91666666666663,0.060243037094321696,0.03957435146080696
ergo_adaptive,182.0,0.06038857295669834,0.039460328378216995
ergo_adaptive,182.08333333333337,0.060434434188324795,0.039383771920903775
ergo_adaptive,182.16666666666663,0.059875959094863686,0.039292137139967764
ergo_adaptive,182.25,0.05697345066268951,0.0391391421926317
ergo_adaptive,182.33333333333337,0.06022756514293981,0.03898007026667953
ergo_adaptive,182.41666666666663,0.059732212090687166,0.03886255337765539
ergo_adaptive,182.5,0.05827979344086196,0.038766703909960155
ergo_adaptive,182.58333333333337,0.06183600838941839,0.03856856432874487
ergo_adaptive,182.66666666666663,0.06342609552218932,0.038291960101022204
ergo_adaptive,182.75,0.0610815715724434,0.03802508643600835
ergo_adaptive,182.83333333333337,0.06275832053217868,0.037837326440041605
ergo_adaptive,182.91666666666663,0.06447287728827425,0.03762223624209225
ergo_adaptive,183.0,0.06685544215179555,0.03735983664370309
ergo_adaptive,183.08333333333337,0.06862944789364162,0.0371247570707162
ergo_adaptive,183.16666666666663,0.06816908056569668,0.036996407715762895
ergo_adaptive,183.25,0.07088068886677824,0.03689416725390566
ergo_adaptive,183.33333333333337,0.06957982949847154,0.03673140972556113
ergo_adaptive,183.41666666666663,0.06996642988023676,0.036560787983299224
ergo_adaptive,183.5,0.07260826208643803,0.03645507208078731
ergo_adaptive,183.58333333333337,0.07409372631691473,0.0364081554118808
ergo_adaptive,183.66666666666663,0.07122782194177664,0.03630569580726856
ergo_adaptive,183.75,0.07254158491400015,0.03617100086597428
ergo_adaptive,183.83333333333337,0.07359564127901015,0.0360698313929615
ergo_adaptive,183.91666666666663,0.07512193263078454,0.03603715781117256
ergo_adaptive,184.0,0.07364197877318385,0.03598832044602316
ergo_adaptive,184.08333333333337,0.07470034457760873,0.03590680677690615
ergo_adaptive,184.16666666666663,0.07625259657273317,0.03584204880893224
ergo_adaptive,184.25,0.07526302755974003,0.0358409858060453
ergo_adaptive,184.33333333333337,0.07539861502726031,0.03587103875336132
ergo_adaptive,184.41666666666663,0.0749363162626449,0.03587240364128791
ergo_adaptive,184.5,0.07367468918689137,0.03588608575833841
ergo_adaptive,184.58333333333337,0.07659534686358847,0.03596345077640502
ergo_adaptive,184.66666666666663,0.0743920679186187,0.0360834559275922
ergo_adaptive,184.75,0.07336803051578099,0.036212223634158526
ergo_adaptive,184.83333333333337,0.07140891988412455,0.03634895098288065
ergo_adaptive,184.91666666666663,0.07427081538353662,0.036513894670217616
ergo_adaptive,185.0,0.07101227782132812,0.0367118405820877
ergo_adaptive,185.08333333333337,0.07156974061792702,0.036903095213045405
ergo_adaptive,185.16666666666663,0.06920032475378461,0.037085931672577614
ergo_adaptive,185.25,0.06668633547017054,0.03727355180701635
ergo_adaptive,185.33333333333337,0.06559057612660883,0.03747506439148183
ergo_adaptive,185.41666666666663,0.06580272615170128,0.037680433917312656
ergo_adaptive,185.5,0.06471026622644385,0.03788172958580647
ergo_adaptive,185.58333333333337,0.0631687622258002,0.038082870568982664
ergo_adaptive,185.66666666666663,0.06004366627099678,0.0382914931566018
ergo_adaptive,185.75,0.0590623003506097,0.038517067495917705
ergo_adaptive,185.83333333333337,0.05787906235083298,0.03875466223965787
ergo_adaptive,185.91666666666663,0.057801533628718135,0.038991794093532706
ergo_adaptive,186.0,0.057000126056595456,0.03922379483613055
ergo_adaptive,186.08333333333337,0.0561279525874354,0.039462746834759026
ergo_adaptive,186.16666666666663,0.05695682023532079,0.039699623384787906
ergo_adaptive,186.25,0.05520245969811469,0.03992030051903128
ergo_adaptive,186.33333333333337,0.05681916464037303,0.04015713115597265
ergo_adaptive,186.41666666666663,0.05777015455363611,0.04039359983136377
ergo_adaptive,186.5,0.05815586776974567,0.04060826517508368
ergo_adaptive,186.58333333333337,0.05902204880824403,0.04079523774698906
ergo_adaptive,186.66666666666663,0.059428796894597305,0.040959396997531816
ergo_adaptive,186.75,0.061104547174608614,0.041112564207464924
ergo_adaptive,186.83333333333337,0.061147372766268776,0.04125983424967717
ergo_adaptive,186.91666666666663,0.06064942336297618,0.04139317768575663
ergo_adaptive,187.0,0.05995158847288009,0.04150831253308228
ergo_adaptive,187.08333333333337,0.05959290543349388,0.0416240438144088
ergo_adaptive,187.16666666666663,0.060283459555055985,0.041754193774349725
ergo_adaptive,187.25,0.06080697549076432,0.04184734121482938
ergo_adaptive,187.33333333333337,0.06318544742890313,0.04189138028411248
ergo_adaptive,187.41666666666663,0.06466778182866066,0.04191847546255651
ergo_adaptive,187.5,0.06566230246664438,0.04196893545472357
ergo_adaptive,187.58333333333337,0.06554107264202427,0.042002601037170115
ergo_adaptive,187.66666666666663,0.06526638188358522,0.04197687663345352
ergo_adaptive,187.75,0.06467889574765127,0.04192201774952941
ergo_adaptive,187.83333333333337,0.0657222960980203,0.041895626287392775
ergo_adaptive,187.91666666666663,0.06709388558253358,0.04187987054125068
ergo_adaptive,188.0,0.06682456595010938,0.04181577363091931
ergo_adaptive,188.08333333333337,0.06905911786254469,0.04171126138288114
ergo_adaptive,188.16666666666663,0.06916521685603916,0.04161274681387857
ergo_adaptive,188.25,0.06917345153191329,0.04154413498343671
ergo_adaptive,188.33333333333337,0.06863878293946311,0.041462175083926134
ergo_adaptive,188.41666666666663,0.0691688490933103,0.04134364765445966
ergo_adaptive,188.5,0.07077976381721096,0.04121774424847896
ergo_adaptive,188.58333333333337,0.07240251163699819,0.0411135419566304
ergo_adaptive,188.66666666666663,0.07070382524339207,0.04101641258906293
ergo_adaptive,188.75,0.07255708143307098,0.040897778622132876
ergo_adaptive,188.83333333333337,0.07489805262486701,0.04076427226767672
ergo_adaptive,188.91666666666663,0.07221541830632937,0.040646984434250064
ergo_adaptive,189.0,0.07203315661292065,0.0405449893970204
ergo_adaptive,189.08333333333337,0.07170522609392545,0.04042836658791475
ergo_adaptive,189.16666666666663,0.0707029574724878,0.04029176724210083
ergo_adaptive,189.25,0.07122729013381111,0.04015748387822107
ergo_adaptive,189.33333333333337,0.07225099927792475,0.04004199216197229
ergo_adaptive,189.41666666666663,0.06977855725116713,0.03992751098751731
ergo_adaptive,189.5,0.0720846260124606,0.03979216905752405
ergo_adaptive,189.58333333333337,0.07118163219011227,0.03965654212819945
ergo_adaptive,189.66666666666663,0.07195065024386774,0.03955137385599284
ergo_adaptive,189.75,0.06969067098545195,0.03947169868315487
ergo_adaptive,189.83333333333337,0.07051448182955017,0.039383367732029245
ergo_adaptive,189.91666666666663,0.06795475515341741,0.03930168576411092
ergo_adaptive,190.0,0.06686136469286147,0.03923568595094917
ergo_adaptive,190.08333333333337,0.06528583898790374,0.03915837277855361
ergo_adaptive,190.16666666666663,0.0643168306554896,0.039187625774482766
ergo_adaptive,190.25,0.06296983161692978,0.039289329337381704
ergo_adaptive,190.33333333333337,0.06368425283749535,0.039417769201130416
ergo_adaptive,190.41666666666663,0.06644468184045468,0.03955316964214613
ergo_adaptive,190.5,0.06695513391259451,0.03968884475285707
ergo_adaptive,190.58333333333337,0.06500125137184452,0.0398195245052394
ergo_adaptive,190.66666666666663,0.06518442969949789,0.039933831242395294
ergo_adaptive,190.75,0.06665948619928859,0.040031935837421026
ergo_adaptive,190.83333333333337,0.06813410799940765,0.040128742068895426
ergo_adaptive,190.91666666666663,0.06796633801849669,0.04023199194482081
ergo_adaptive,191.0,0.07009465472028853,0.04032454842754455
ergo_adaptive,191.08333333333337,0.06915253704949431,0.04040392381243478
ergo_adaptive,191.16666666666663,0.06999974017694882,0.0404848259450933
ergo_adaptive,191.25,0.07124408310305846,0.04058549214579004
ergo_adaptive,191.33333333333337,0.07004858464193943,0.04068031853502994
ergo_adaptive,191.41666666666663,0.07025115452275131,0.04075591322244271
ergo_adaptive,191.5,0.07139702037808464,0.04082823230387179
ergo_adaptive,191.58333333333337,0.07262746209243011,0.04091931174662232
ergo_adaptive,191.66666666666663,0.07563049155029648,0.041015723554852314
ergo_adaptive,191.75,0.07574022088936547,0.041101822302360536
ergo_adaptive,191.83333333333337,0.07501368648749782,0.04118381017418706
ergo_adaptive,191.91666666666663,0.07387643978894746,0.04128200740132772
ergo_adaptive,192.0,0.07484587463242624,0.041394213309654086
ergo_adaptive,192.08333333333337,0.07373458766153522,0.04150241215803654
ergo_adaptive,192.16666666666663,0.07422572112784147,0.041611209039348916
ergo_adaptive,192.25,0.07278782371695147,0.04173134336516203
ergo_adaptive,192.33333333333337,0.07259353768356488,0.04189287732260589
ergo_adaptive,192.41666666666663,0.0730237467944218,0.04206590812880285
ergo_adaptive,192.5,0.07312476088804853,0.042217159496270945
ergo_adaptive,192.58333333333337,0.07472094890268703,0.04235060355402293
ergo_adaptive,192.66666666666663,0.07498181156398896,0.042454064085535634
ergo_adaptive,192.75,0.07581785613710913,0.042540240872477895
ergo_adaptive,192.83333333333337,0.07636013499356588,0.042636642095289896
ergo_adaptive,192.91666666666663,0.07598558109274009,0.042736195420312074
ergo_adaptive,193.0,0.07584565204727314,0.04279651097909666
ergo_adaptive,193.08333333333337,0.07546563774622678,0.042834477237751176
ergo_adaptive,193.16666666666663,0.0743230334737496,0.04288572696678051
ergo_adaptive,193.25,0.07544798647156588,0.0429576096850483
ergo_adaptive,193.33333333333337,0.07551373103761394,0.04302586596914256
ergo_adaptive,193.41666666666663,0.07620684783066586,0.04308768617341475
ergo_adaptive,193.5,0.07594521180168907,0.043150712102348936
ergo_adaptive,193.58333333333337,0.07630102638738888,0.04321822685960283
ergo_adaptive,193.66666666666663,0.07528486027813909,0.04330698874690754
ergo_adaptive,193.75,0.07614933319631292,0.04339803494778541
ergo_adaptive,193.83333333333337,0.07427942965807345,0.04349522988021626
ergo_adaptive,193.91666666666663,0.07286748359191443,0.04362430566845592
ergo_adaptive,194.0,0.07313301091124724,0.04376078085035577
ergo_adaptive,194.08333333333337,0.07259388792452884,0.043901442719147955
ergo_adaptive,194.16666666666663,0.07265449198385819,0.044037499770393645
ergo_adaptive,194.25,0.07234556643132445,0.04421647365601114
ergo_adaptive,194.33333333333337,0.07328420984127997,0.04441841376377531
ergo_adaptive,194.41666666666663,0.07206794458904453,0.04462011013414863
ergo_adaptive,194.5,0.07204944164227273,0.044809091626587555
ergo_adaptive,194.58333333333337,0.07320295622354143,0.04498182354938577
ergo_adaptive,194.66666666666663,0.07309585509672059,0.04514417984720541
ergo_adaptive,194.75,0.07279989971811296,0.045298076118690404
ergo_adaptive,194.83333333333337,0.07213315263184396,0.045434315817728055
ergo_adaptive,194.91666666666663,0.07449160912297385,0.045543720102338835
ergo_adaptive,195.0,0.07443219386095154,0.045623262479941425
ergo_adaptive,195.08333333333337,0.07345411259631526,0.045675329312752824
ergo_adaptive,195.16666666666663,0.07580261859996432,0.04570182579508519
ergo_adaptive,195.25,0.07729746049954998,0.04571335789264052
ergo_adaptive,195.33333333333337,0.07791304866225193,0.045706034162761804
ergo_adaptive,195.41666666666663,0.07488439305362488,0.04566707168079846
ergo_adaptive,195.5,0.07714343987289775,0.0456105755176502
ergo_adaptive,195.58333333333337,0.07603922846043248,0.04557013313020723
ergo_adaptive,195.66666666666663,0.07839193085026856,0.045529292453243525
ergo_adaptive,195.75,0.07841777474830836,0.04544963156990468
ergo_adaptive,195.83333333333337,0.07898157928149065,0.04533299331155387
ergo_adaptive,195.91666666666663,0.07736913657867542,0.04521499737201891
ergo_adaptive,196.0,0.0795833161722477,0.045091392108348526
ergo_adaptive,196.08333333333337,0.08296621567573494,0.04490474881526215
ergo_adaptive,196.16666666666663,0.08334481826553551,0.0446719592215098
ergo_adaptive,196.25,0.08010940183376569,0.04445753776348243
ergo_adaptive,196.33333333333337,0.07881870788393232,0.04432038048251647
ergo_adaptive,196.41666666666663,0.07955674467507218,0.04417355402642521
ergo_adaptive,196.5,0.07875844874812556,0.04400645292298176
ergo_adaptive,196.58333333333337,0.0783071842985838,0.043872291554316586
ergo_adaptive,196.66666666666663,0.07719398224703311,0.043823506397362835
ergo_adaptive,196.75,0.08029651935101315,0.043770162094946316
ergo_adaptive,196.83333333333337,0.07623258625985967,0.04368577139316576
ergo_adaptive,196.91666666666663,0.075818498242942,0.04361535725848512
ergo_adaptive,197.0,0.07770779534030998,0.043583062422542534
ergo_adaptive,197.08333333333337,0.07641932107746319,0.043572683370473854
ergo_adaptive,197.16666666666663,0.07487541843960227,0.043540666111821245
ergo_adaptive,197.25,0.07518797039987363,0.04349695468131364
ergo_adaptive,197.33333333333337,0.0748339470314822,0.04347484688716409
ergo_adaptive,197.41666666666663,0.07347201665324041,0.04347350777477728
ergo_adaptive,197.5,0.0706371388156307,0.04346055343213199
ergo_adaptive,197.58333333333337,0.06717610983238596,0.043420803844025656
ergo_adaptive,197.66666666666663,0.06737540428582128,0.04337265111909381
ergo_adaptive,197.75,0.06345882215991458,0.043327808434078775
ergo_adaptive,197.83333333333337,0.06384469078320237,0.04333492275628961
ergo_adaptive,197.91666666666663,0.06427505837136756,0.04335562594259282
ergo_adaptive,198.0,0.06480377068110997,0.04335570160941292
ergo_adaptive,198.08333333333337,0.06391041486583124,0.04334082571248848
ergo_adaptive,198.16666666666663,0.06462328164926126,0.043328292040550914
ergo_adaptive,198.25,0.06389432973585973,0.043333078230378304
ergo_adaptive,198.33333333333337,0.0625034982430165,0.043358402996340084
ergo_adaptive,198.41666666666663,0.06343455016757343,0.04336035367986473
ergo_adaptive,198.5,0.06446522984647216,0.04333145771506394
ergo_adaptive,198.58333333333337,0.06534332469910217,0.043291259741208725
ergo_adaptive,198.66666666666663,0.06608487718612703,0.04325265418405308
ergo_adaptive,198.75,0.06387206273616639,0.043210688371526786
ergo_adaptive,198.83333333333337,0.06473949535124733,0.043151440850693536
ergo_adaptive,198.91666666666663,0.06677897020648292,0.04307326440946433
ergo_adaptive,199.0,0.06778627014396589,0.04299205462943445
ergo_adaptive,199.08333333333337,0.06557079434588298,0.042942058987297985
ergo_adaptive,199.16666666666663,0.06538591286080132,0.04288299333282457
ergo_adaptive,199.25,0.06705756351160104,0.042759337501500995
ergo_adaptive,199.33333333333337,0.06651744561244527,0.04259340302706897
ergo_adaptive,199.41666666666663,0.06530293558936456,0.042423591336608335
ergo_adaptive,199.5,0.06302657743862711,0.042282084770132754
ergo_adaptive,199.58333333333337,0.06429790074920191,0.04218607447845949
ergo_adaptive,199.66666666666663,0.06518088714484223,0.04210889710379385
ergo_adaptive,199.75,0.06731683903619655,0.04200135406215018
ergo_adaptive,199.83333333333337,0.0675326316483645,0.041871453540203746
ergo_adaptive,199.91666666666663,0.0681441649203102,0.04174959348210589
ergo_adaptive,200.0,0.06697120928381586,0.04164831661923958
ergo_adaptive,200.08333333333337,0.06379140092782319,0.04156995125475376
ergo_adaptive,200.16666666666663,0.06480915072751034,0.0415006694442047
ergo_adaptive,200.25,0.06509240633771815,0.04143590681482684
ergo_adaptive,200.33333333333337,0.06423596917301644,0.041404471474690854
ergo_adaptive,200.41666666666663,0.06032002723149054,0.0414211868601016
ergo_adaptive,200.5,0.06397478344550846,0.04140871724002979
ergo_adaptive,200.58333333333337,0.06208542847205407,0.04135410628825004
ergo_adaptive,200.66666666666663,0.06343191213327619,0.041297657504969464
ergo_adaptive,200.75,0.0627106832315543,0.041289755178752184
ergo_adaptive,200.83333333333337,0.06402948336512342,0.04127969550928998
ergo_adaptive,200.91666666666663,0.06175331329228977,0.04122636957342247
ergo_adaptive,201.0,0.06160810215695364,0.04116462238809454
ergo_adaptive,201.08333333333337,0.061818598699395044,0.04114169531104751
ergo_adaptive,201.16666666666663,0.06240246972708053,0.04115077216240625
ergo_adaptive,201.25,0.06249767993454844,0.04113050358723473
ergo_adaptive,201.33333333333337,0.06011231061466223,0.04109052859884388
ergo_adaptive,201.41666666666663,0.06001687415402299,0.0410807485806883
ergo_adaptive,201.5,0.05987003608151758,0.04110553685720838
ergo_adaptive,201.58333333333337,0.06089483279007905,0.04111438902066403
ergo_adaptive,201.66666666666663,0.05799223142239247,0.041098413175292614
ergo_adaptive,201.75,0.059038304344378595,0.04109521938149499
ergo_adaptive,201.83333333333337,0.061315103163224124,0.04113498283901483
ergo_adaptive,201.91666666666663,0.062096425220253236,0.04118536110379078
ergo_adaptive,202.0,0.06219769530039535,0.04120922201860963
ergo_adaptive,202.08333333333337,0.06178266616051333,0.0412315421404886
ergo_adaptive,202.16666666666663,0.06330975958155981,0.04128662257178834
ergo_adaptive,202.25,0.06248142641160123,0.04136551606870105
ergo_adaptive,202.33333333333337,0.061138248189178755,0.041401784167542074
ergo_adaptive,202.41666666666663,0.060067905065248534,0.041419285606321354
ergo_adaptive,202.5,0.05779942292450729,0.04144192451699867
ergo_adaptive,202.58333333333337,0.056972529730193185,0.04149372390153028
ergo_adaptive,202.66666666666663,0.05723240411547208,0.041526363248221364
ergo_adaptive,202.75,0.05883334176539928,0.04153379074301319
ergo_adaptive,202.83333333333337,0.05851946512008555,0.04151755435985161
ergo_adaptive,202.91666666666663,0.060005897643792286,0.04148751540033479
ergo_adaptive,203.0,0.060416104083534344,0.041433217379839314
ergo_adaptive,203.08333333333337,0.0602784789151098,0.041353795442204695
ergo_adaptive,203.16666666666663,0.060611281122706855,0.04127126111937556
ergo_adaptive,203.25,0.06298014066446994,0.041192620453750155
ergo_adaptive,203.33333333333337,0.06478813229659552,0.04111555256091967
ergo_adaptive,203.41666666666663,0.06573669360445974,0.041010939062979625
ergo_adaptive,203.5,0.06724017972385432,0.040880689121376844
ergo_adaptive,203.58333333333337,0.06972277809176303,0.04077198546212012
ergo_adaptive,203.66666666666663,0.0705397302722873,0.040713419750130195
ergo_adaptive,203.75,0.0716666428291236,0.040603756167501254
ergo_adaptive,203.83333333333337,0.07121061937752028,0.040433606257475385
ergo_adaptive,203.91666666666663,0.07177775282656211,0.040250338977660935
ergo_adaptive,204.0,0.07361421066301183,0.040088507899508505
ergo_adaptive,204.08333333333337,0.0734432829314466,0.039938214336732336
ergo_adaptive,204.16666666666663,0.07493482799409075,0.03978342115807434
ergo_adaptive,204.25,0.07441104940414535,0.039618566897012555
ergo_adaptive,204.33333333333337,0.07524716618239495,0.03946339703830701
ergo_adaptive,204.41666666666663,0.0751552532776692,0.03934902165439355
ergo_adaptive,204.5,0.07773339577578971,0.0392656223247736
ergo_adaptive,204.58333333333337,0.0791353743851138,0.03912681073338317
ergo_adaptive,204.66666666666663,0.08099249035617348,0.0389468256544026
ergo_adaptive,204.75,0.08265936783960792,0.038774147163821986
ergo_adaptive,204.83333333333337,0.0812027138026419,0.03862177084101876
ergo_adaptive,204.91666666666663,0.08198399536315482,0.03847444868179053
ergo_adaptive,205.0,0.08344804345112916,0.03832899432903174
ergo_adaptive,205.08333333333337,0.08187751965793488,0.0381897659362021
ergo_adaptive,205.16666666666663,0.0834781696959324,0.03807463286504618
ergo_adaptive,205.25,0.08667638419308352,0.03802667031641788
ergo_adaptive,205.33333333333337,0.08333381927638107,0.03797398923487803
ergo_adaptive,205.41666666666663,0.08375433376345862,0.037860349725646184
ergo_adaptive,205.5,0.0814918702712963,0.03772534468361878
ergo_adaptive,205.58333333333337,0.08443041104815065,0.037607615357959534
ergo_adaptive,205.66666666666663,0.08094232364043553,0.037523060523693814
ergo_adaptive,205.75,0.08236359875682062,0.03747386124034763
ergo_adaptive,205.83333333333337,0.08212844672162581,0.03744143711323687
ergo_adaptive,205.91666666666663,0.0844270351611463,0.03743286428678989
ergo_adaptive,206.0,0.08397080952413792,0.0374666683643791
ergo_adaptive,206.08333333333337,0.08214310741214402,0.03754353869102616
ergo_adaptive,206.16666666666663,0.08063382985299018,0.03761423860761892
ergo_adaptive,206.25,0.07830253380374357,0.03766523331134085
ergo_adaptive,206.33333333333337,0.07879974934642239,0.03772411246704229
ergo_adaptive,206.41666666666663,0.08145604230471033,0.037807025995667654
ergo_adaptive,206.5,0.08202894672343351,0.03790239565003679
ergo_adaptive,206.58333333333337,0.0788745753893175,0.03800069901414983
ergo_adaptive,206.66666666666663,0.07629711986678063,0.03809736832257646
ergo_adaptive,206.75,0.0779365987392358,0.03820042763500645
ergo_adaptive,206.83333333333337,0.07393592865740742,0.03832478487039901
ergo_adaptive,206.91666666666663,0.07259255022326991,0.0384615669863118
ergo_adaptive,207.0,0.0702254020398785,0.038570078466344415
ergo_adaptive,207.08333333333337,0.06610922297171427,0.03866500975933402
ergo_adaptive,207.16666666666663,0.06693721277710271,0.03877971271577962
ergo_adaptive,207.25,0.06511433514343974,0.03891960049394746
ergo_adaptive,207.33333333333337,0.0638651548151117,0.03905847848044803
ergo_adaptive,207.41666666666663,0.06458482289566854,0.039192526355548464
ergo_adaptive,207.5,0.061406374086210844,0.03933318098794495
ergo_adaptive,207.58333333333337,0.06056030956945107,0.039504020010527705
ergo_adaptive,207.66666666666663,0.06002043806455166,0.03969215085765782
ergo_adaptive,207.75,0.05948553821871329,0.03989243833656714
ergo_adaptive,207.83333333333337,0.06063017688213278,0.040111897792548125
ergo_adaptive,207.91666666666663,0.06111994644661355,0.04034056008400567
ergo_adaptive,208.0,0.06133527704582371,0.04056113908809339
ergo_adaptive,208.08333333333337,0.059990821910134,0.040767756607324616
ergo_adaptive,208.16666666666663,0.06104719516344049,0.040966579209176644
ergo_adaptive,208.25,0.06129378724248078,0.04116055332245305
ergo_adaptive,208.33333333333337,0.06139214906278119,0.041334674462004874
ergo_adaptive,208.41666666666663,0.060596159588834256,0.04148615141069673
ergo_adaptive,208.5,0.06194071736197744,0.041619719665130575
ergo_adaptive,208.58333333333337,0.0609341582043602,0.04174283384755337
ergo_adaptive,208.66666666666663,0.06186500927719284,0.04185034666573973
ergo_adaptive,208.75,0.06226135227291762,0.04193137123025886
ergo_adaptive,208.83333333333337,0.06394381465129706,0.04198698786881667
ergo_adaptive,208.91666666666663,0.06494477288753259,0.04202625791950745
ergo_adaptive,209.0,0.06539395332453958,0.04205150566339489
ergo_adaptive,209.08333333333337,0.06872492135330009,0.04205106433078099
ergo_adaptive,209.16666666666663,0.0681261772926588,0.04202261418480094
ergo_adaptive,209.25,0.06758888971238104,0.041977685329399
ergo_adaptive,209.33333333333337,0.06507429372378606,0.041924101754001075
ergo_adaptive,209.41666666666663,0.06754730227027528,0.041850953472810135
ergo_adaptive,209.5,0.06628180946600075,0.04174335147849209
ergo_adaptive,209.58333333333337,0.06695598400862192,0.04161143736675068
ergo_adaptive,209.66666666666663,0.06838086094707288,0.04148053367623238
ergo_adaptive,209.75,0.07031472648405514,0.041347020482176956
ergo_adaptive,209.83333333333337,0.06806351246899925,0.041194752140957004
ergo_adaptive,209.91666666666663,0.06962393393917751,0.04102563565867551
ergo_adaptive,210.0,0.06960266356708125,0.04086276505919176
ergo_adaptive,210.08333333333337,0.0704526383497893,0.040720126837880004
ergo_adaptive,210.16666666666663,0.07112641357927861,0.04058573304076362
ergo_adaptive,210.25,0.07100254481164714,0.04045469601916146
ergo_adaptive,210.33333333333337,0.07015792986240127,0.04034335997740858
ergo_adaptive,210.41666666666663,0.07318467985863507,0.040274997801107756
ergo_adaptive,210.5,0.07376344584799166,0.04023635882739464
ergo_adaptive,210.58333333333337,0.07233295130791616,0.0401497948318131
ergo_adaptive,210.66666666666663,0.0706024818114809,0.04002190583671397
ergo_adaptive,210.75,0.0706568121371076,0.03989451639072191
ergo_adaptive,210.83333333333337,0.07036204277472852,0.0397766553298111
ergo_adaptive,210.91666666666663,0.07091419374423491,0.03965420158663935
ergo_adaptive,211.0,0.0702456227910801,0.03952023192824825
ergo_adaptive,211.08333333333337,0.06991585554347472,0.0393858029351438
ergo_adaptive,211.16666666666663,0.06977793322172152,0.03926770061568452
ergo_adaptive,211.25,0.06934967553007676,0.039192887652876235
ergo_adaptive,211.33333333333337,0.06873028934793657,0.03910356542942662
ergo_adaptive,211.41666666666663,0.06650957982820503,0.03896364781929764
ergo_adaptive,211.5,0.06741715464443246,0.0388114242701152
ergo_adaptive,211.58333333333337,0.0681920816556115,0.038680296517649905
ergo_adaptive,211.66666666666663,0.06916774496472408,0.03857804502594891
ergo_adaptive,211.75,0.06803573163575663,0.03849427429465584
ergo_adaptive,211.83333333333337,0.06787383429408876,0.03840510089670786
ergo_adaptive,211.91666666666663,0.06499966456708876,0.03830224081247544
ergo_adaptive,212.0,0.06435013207012838,0.038227073012264835
ergo_adaptive,212.08333333333337,0.06405383528177702,0.03819786293034001
ergo_adaptive,212.16666666666663,0.0630769993972201,0.0381080306916076
ergo_adaptive,212.25,0.06221509189931218,0.03796292831284861
ergo_adaptive,212.33333333333337,0.06386649775341913,0.03782449513396686
ergo_adaptive,212.41666666666663,0.06221197598204634,0.037752588015768695
ergo_adaptive,212.5,0.06451156396082024,0.037651312584420345
ergo_adaptive,212.58333333333337,0.06263034338053254,0.037483737726973464
ergo_adaptive,212.66666666666663,0.0641391575332471,0.03729679620155589
ergo_adaptive,212.75,0.06461582291743832,0.03716447176041528
ergo_adaptive,212.83333333333337,0.06270826316081292,0.03705858748329812
ergo_adaptive,212.91666666666663,0.06217043612151613,0.03688567215241721
ergo_adaptive,213.0,0.06158384414013836,0.036688037073244514
ergo_adaptive,213.08333333333337,0.062349540958808514,0.03652799150059951
ergo_adaptive,213.16666666666663,0.06083042938558,0.036439907126418175
ergo_adaptive,213.25,0.060514600129712263,0.036312388827825094
ergo_adaptive,213.33333333333337,0.06179255473784977,0.03615436500210666
ergo_adaptive,213.41666666666663,0.06074449407272318,0.036036083537077435
ergo_adaptive,213.5,0.06420081097424361,0.035992803313003724
ergo_adaptive,213.58333333333337,0.06314620293927238,0.035964388577094615
ergo_adaptive,213.66666666666663,0.06266454997767144,0.035924069508486894
ergo_adaptive,213.75,0.06156695304483292,0.035907259342733255
ergo_adaptive,213.83333333333337,0.06385953148207552,0.03592867591435004
ergo_adaptive,213.91666666666663,0.06695376446531216,0.03596031551969859
ergo_adaptive,214.0,0.06851296563436869,0.035965712287872535
ergo_adaptive,214.08333333333337,0.06798554910753866,0.035954377594008144
ergo_adaptive,214.16666666666663,0.07040534481206757,0.03595216127871556
ergo_adaptive,214.25,0.06933101878830111,0.03597453266197348
ergo_adaptive,214.33333333333337,0.06875125144074608,0.036016308873246
ergo_adaptive,214.41666666666663,0.0639644006349897,0.036068575302557825
ergo_adaptive,214.5,0.06340861031605272,0.03614929566325903
ergo_adaptive,214.58333333333337,0.06432293956269654,0.03625649980252933
ergo_adaptive,214.66666666666663,0.062095510632183624,0.03637435572339683
ergo_adaptive,214.75,0.062178228226034235,0.036493285468793095
ergo_adaptive,214.83333333333337,0.06351654069609151,0.03662545770853236
ergo_adaptive,214.91666666666663,0.05897226434447783,0.036768518761384414
ergo_adaptive,215.0,0.060455802735704646,0.03692380357322082
ergo_adaptive,215.08333333333337,0.05943222421901996,0.03708086283628711
ergo_adaptive,215.16666666666663,0.05762694784449688,0.03722893754176703
ergo_adaptive,215.25,0.05725739850308203,0.037372848515172856
ergo_adaptive,215.33333333333337,0.05417747556823238,0.03752120079655311
ergo_adaptive,215.41666666666663,0.05341873720500262,0.037669865477152
ergo_adaptive,215.5,0.051675060371223935,0.03781376923842648
ergo_adaptive,215.58333333333337,0.05140247889995482,0.037960474128337855
ergo_adaptive,215.66666666666663,0.05138948235466691,0.03811981416372245
ergo_adaptive,215.75,0.050667883450745244,0.038294744474233436
ergo_adaptive,215.83333333333337,0.050830037514750646,0.0384796663735505
ergo_adaptive,215.91666666666663,0.05030632484038997,0.0386610362016663
ergo_adaptive,216.0,0.0488805977555273,0.038837980110419563
ergo_adaptive,216.08333333333337,0.047713691408820896,0.039032767784327696
ergo_adaptive,216.16666666666663,0.047858795321395343,0.03924920981423549
ergo_adaptive,216.25,0.04892909829926277,0.039462497006968585
ergo_adaptive,216.33333333333337,0.04982613990471978,0.03966425253915924
ergo_adaptive,216.41666666666663,0.04926644902357373,0.039848319883295596
ergo_adaptive,216.5,0.04895648938671677,0.040012806305149355
ergo_adaptive,216.58333333333337,0.04903110711706607,0.0401594877199378
ergo_adaptive,216.66666666666663,0.04938101857891844,0.040297249187937825
ergo_adaptive,216.75,0.05084106337248511,0.040430024090876364
ergo_adaptive,216.83333333333337,0.05244861991267256,0.0405529854186993
ergo_adaptive,216.91666666666663,0.05330035707087714,0.040656685913082524
ergo_adaptive,217.0,0.053697842941973696,0.04073926687531372
ergo_adaptive,217.08333333333337,0.05470662752166521,0.04081531941477228
ergo_adaptive,217.16666666666663,0.054778197707112716,0.04088622613259847
ergo_adaptive,217.25,0.05543632047526988,0.04093012243591272
ergo_adaptive,217.33333333333337,0.053863741297972265,0.04094957313869983
ergo_adaptive,217.41666666666663,0.05298943992412374,0.04095874742555225
ergo_adaptive,217.5,0.055070072974272785,0.040963750020790814
ergo_adaptive,217.58333333333337,0.05712984792030226,0.04098490344223952
ergo_adaptive,217.66666666666663,0.05787682975767536,0.04101127687485792
ergo_adaptive,217.75,0.05782605156485184,0.04099976331842752
ergo_adaptive,217.83333333333337,0.05747598731326939,0.04095096661310315
ergo_adaptive,217.91666666666663,0.05875714900833514,0.04088345893153658
ergo_adaptive,218.0,0.05744790025227344,0.04082571108152324
ergo_adaptive,218.08333333333337,0.059382506246136474,0.0407976234526072
ergo_adaptive,218.16666666666663,0.05970998244540222,0.04079152351264221
ergo_adaptive,218.25,0.06116637395285292,0.04074011469401877
ergo_adaptive,218.33333333333337,0.06230873955359518,0.04065154176354192
ergo_adaptive,218.41666666666663,0.06268091659675569,0.04057571596598961
ergo_adaptive,218.5,0.06214469841880922,0.040517946273389824
ergo_adaptive,218.58333333333337,0.060846044156680136,0.04047059378840755
ergo_adaptive,218.66666666666663,0.06235595136031019,0.040430246702958715
ergo_adaptive,218.75,0.06428347240399708,0.04038812557254805
ergo_adaptive,218.83333333333337,0.0620418937321015,0.040333092654072866
ergo_adaptive,218.91666666666663,0.064556018526441,0.04028058104421099
ergo_adaptive,219.0,0.0638987297065616,0.04022344610659996
ergo_adaptive,219.08333333333337,0.06548925666044596,0.04016148990282739
ergo_adaptive,219.16666666666663,0.06566374038927845,0.04011734118475137
ergo_adaptive,219.25,0.0654920733032389,0.04008761512829979
ergo_adaptive,219.33333333333337,0.0645008937391973,0.04004147773371068
ergo_adaptive,219.41666666666663,0.06395964863340016,0.03998850393667198
ergo_adaptive,219.5,0.06375605926027483,0.03994067871980454
ergo_adaptive,219.58333333333337,0.06289823401444156,0.03992700004684739
ergo_adaptive,219.66666666666663,0.0626972940228873,0.03993337860980882
ergo_adaptive,219.75,0.06403810948541638,0.039939041170287744
ergo_adaptive,219.83333333333337,0.06281824073242602,0.03994594172565909
ergo_adaptive,219.91666666666663,0.062328997867853064,0.0399736071344492
ergo_adaptive,220.0,0.062331398264818136,0.04003050670462945
ergo_adaptive,220.08333333333337,0.06282571497423803,0.04007768621798353
ergo_adaptive,220.16666666666663,0.0649991601752433,0.04010745755480921
ergo_adaptive,220.25,0.0655903150089346,0.04014885778657856
ergo_adaptive,220.33333333333337,0.06391530929565076,0.040224220689074955
ergo_adaptive,220.41666666666663,0.06231804379936646,0.040312589461147866
ergo_adaptive,220.5,0.058021062976163267,0.04038201398453723
ergo_adaptive,220.58333333333337,0.057237265356958764,0.04044665400219801
ergo_adaptive,220.66666666666663,0.05635272894701745,0.040535562784188385
ergo_adaptive,220.75,0.05474167919326945,0.04064361221191694
ergo_adaptive,220.83333333333337,0.05271974816962037,0.040750962104598464
ergo_adaptive,220.91666666666663,0.05154512465851985,0.04085371048263053
ergo_adaptive,221.0,0.05306284236751553,0.04096066281509669
ergo_adaptive,221.08333333333337,0.05144625613413336,0.0410776354851741
ergo_adaptive,221.16666666666663,0.05037625328773526,0.04119840059249774
ergo_adaptive,221.25,0.049905958548192804,0.04131604215078826
ergo_adaptive,221.33333333333337,0.04786240292976963,0.04143177457328599
ergo_adaptive,221.41666666666663,0.04738177726640999,0.04155783826872538
ergo_adaptive,221.5,0.047596643492982406,0.041693851786510444
ergo_adaptive,221.58333333333337,0.04770207559867611,0.041829875151258446
ergo_adaptive,221.66666666666663,0.04688444247465857,0.041961317907598994
ergo_adaptive,221.75,0.045861992799006684,0.04209762250844325
ergo_adaptive,221.83333333333337,0.04518186138147383,0.04225275429347319
ergo_adaptive,221.91666666666663,0.04642359501706435,0.04242180678307037
ergo_adaptive,222.0,0.04608197848244307,0.04257764470628373
ergo_adaptive,222.08333333333337,0.0459549001502125,0.0427265267083525
ergo_adaptive,222.16666666666663,0.04443188052360865,0.04288523473374537
ergo_adaptive,222.25,0.044130612345319696,0.04306695132343776
ergo_adaptive,222.33333333333337,0.04464076035698131,0.04324475982216818
ergo_adaptive,222.41666666666663,0.045081803148443074,0.04340639796635716
ergo_adaptive,222.5,0.04195438445407557,0.04355843963564146
ergo_adaptive,222.58333333333337,0.04173068278073992,0.043761505468366504
ergo_adaptive,222.66666666666663,0.04096354428853375,0.04398469860570674
ergo_adaptive,222.75,0.04111430185586565,0.04420808819204872
ergo_adaptive,222.83333333333337,0.041198196085025014,0.04442446300090137
ergo_adaptive,222.91666666666663,0.041336194898201,0.04462704039740539
ergo_adaptive,223.0,0.04226415104101634,0.044810116750506265
ergo_adaptive,223.08333333333337,0.04146087668314083,0.04497257576562684
ergo_adaptive,223.16666666666663,0.041697686862222784,0.04512016022205613
ergo_adaptive,223.25,0.042721430843587545,0.04525361019180481
ergo_adaptive,223.33333333333337,0.042191667202259656,0.045357724128559374
ergo_adaptive,223.41666666666663,0.041737545667728096,0.045432574103741755
ergo_adaptive,223.5,0.04373346154910515,0.045493352349066644
ergo_adaptive,223.58333333333337,0.044365761293299104,0.04554427011619582
ergo_adaptive,223.66666666666663,0.04449732879218651,0.045565581005487084
ergo_adaptive,223.75,0.04718215996851915,0.04555198246537882
ergo_adaptive,223.83333333333337,0.047787268571747775,0.04551479716084866
ergo_adaptive,223.91666666666663,0.04641094210197468,0.04546991077538331
ergo_adaptive,224.0,0.04732390554890414,0.04542987997761367
ergo_adaptive,224.08333333333337,0.04773518382301,0.04538661622586512
ergo_adaptive,224.16666666666663,0.0484325712666926,0.045320131986564025
ergo_adaptive,224.25,0.05121983944908912,0.04524034885610816
ergo_adaptive,224.33333333333337,0.051413806271112104,0.0451656298097683
ergo_adaptive,224.41666666666663,0.04981373294932905,0.04509250612134037
ergo_adaptive,224.5,0.050850154218376346,0.045006246461512515
ergo_adaptive,224.58333333333337,0.051514767897323226,0.0449109230604547
ergo_adaptive,224.66666666666663,0.05274293868470956,0.04482641190940446
ergo_adaptive,224.75,0.05121632300103621,0.04477742526869018
ergo_adaptive,224.83333333333337,0.052180177727587346,0.04477731208335183
ergo_adaptive,224.91666666666663,0.054009918362850094,0.04474140134273309
ergo_adaptive,225.0,0.05446640176613845,0.04464209752903357
ergo_adaptive,225.08333333333337,0.055140608886947565,0.04451468507219839
ergo_adaptive,225.16666666666663,0.05619639056462527,0.04439551416825063
ergo_adaptive,225.25,0.05663457073520628,0.04430891057654647
ergo_adaptive,225.33333333333337,0.05751564397028584,0.044268286137865716
ergo_adaptive,225.41666666666663,0.057665156449716135,0.04421831170257332
ergo_adaptive,225.5,0.057582094016317184,0.04411837176695155
ergo_adaptive,225.58333333333337,0.058503766067325824,0.043997078220187634
ergo_adaptive,225.66666666666663,0.057343618110352025,0.04388365802608453
ergo_adaptive,225.75,0.05764862725769072,0.0437852668009476
ergo_adaptive,225.83333333333337,0.0597412428455497,0.043702608860789936
ergo_adaptive,225.91666666666663,0.06169845339104123,0.04362364064084974
ergo_adaptive,226.0,0.06230398990986675,0.04354532018399189
ergo_adaptive,226.08333333333337,0.06305371132588572,0.04348327792085981
ergo_adaptive,226.16666666666663,0.06662725700398148,0.0434522453009911
ergo_adaptive,226.25,0.06915880135851532,0.043417952481284605
ergo_adaptive,226.33333333333337,0.07022972571426846,0.043371635946165506
ergo_adaptive,226.41666666666663,0.06859793191795198,0.04333005708900202
ergo_adaptive,226.5,0.06515485895721466,0.04331028511915574
ergo_adaptive,226.58333333333337,0.06472880391915277,0.0433258927420913
ergo_adaptive,226.66666666666663,0.06508411053463131,0.04336941851581671
ergo_adaptive,226.75,0.06609166900500514,0.0434092992735536
ergo_adaptive,226.83333333333337,0.06611552027069006,0.04345393865628388
ergo_adaptive,226.91666666666663,0.06549782996702086,0.04351943450856483
ergo_adaptive,227.0,0.0637323498587659,0.043593741118153576
ergo_adaptive,227.08333333333337,0.06182392388787373,0.04366551716843556
ergo_adaptive,227.16666666666663,0.06154966391272564,0.04373720268572131
ergo_adaptive,227.25,0.06000694318295946,0.04381659381150798
ergo_adaptive,227.33333333333337,0.06153709663333694,0.04390218947280968
ergo_adaptive,227.41666666666663,0.0605138658880543,0.04399475057753471
ergo_adaptive,227.5,0.05871234299930059,0.04408578278261771
ergo_adaptive,227.58333333333337,0.05991502562895811,0.044174604424413774
ergo_adaptive,227.66666666666663,0.0607872063682638,0.04427203983824215
ergo_adaptive,227.75,0.05911211491243848,0.04437549600224548
ergo_adaptive,227.83333333333337,0.05943776545612943,0.044461342468370656
ergo_adaptive,227.91666666666663,0.05982865582701894,0.044525978769884074
ergo_adaptive,228.0,0.056827597286492254,0.04458090958817742
ergo_adaptive,228.08333333333337,0.05801375564191101,0.044640789050341835
ergo_adaptive,228.16666666666663,0.05717181507326782,0.04470594675886203
ergo_adaptive,228.25,0.05661033776236147,0.044764086040534
ergo_adaptive,228.33333333333337,0.056814419103402375,0.044804724979409113
ergo_adaptive,228.41666666666663,0.053735747766728174,0.0448369037539015
ergo_adaptive,228.5,0.051748008857158675,0.0448923410942037
ergo_adaptive,228.58333333333337,0.05070852541670721,0.04495041611525232
ergo_adaptive,228.66666666666663,0.052033551689154384,0.044979390652038743
ergo_adaptive,228.75,0.05120818252212578,0.04498954694848358
ergo_adaptive,228.83333333333337,0.05223987768711198,0.04500526525847035
ergo_adaptive,228.91666666666663,0.05222290238266445,0.045030088047613645
ergo_adaptive,229.0,0.046443836090410084,0.04505346206978454
ergo_adaptive,229.08333333333337,0.046321671704375206,0.045188405770547314
ergo_adaptive,229.16666666666663,0.047014686576172145,0.04538168133114237
ergo_adaptive,229.25,0.04688902004240989,0.04558150383824927
ergo_adaptive,229.33333333333337,0.04624508711133564,0.04577363832101634
ergo_adaptive,229.41666666666663,0.047468253479917344,0.045957393539481854
ergo_adaptive,229.5,0.048565304822019324,0.04613163909996432
ergo_adaptive,229.58333333333337,0.04874554796648442,0.04628954744113245
ergo_adaptive,229.66666666666663,0.04859366403835208,0.04643026498657309
ergo_adaptive,229.75,0.04793621031205532,0.046559529876590025
ergo_adaptive,229.83333333333337,0.047650076598546566,0.04668336181812507
ergo_adaptive,229.91666666666663,0.046777281492192034,0.046801570756191194
ergo_adaptive,230.0,0.04881455472585961,0.04691342888504382
ergo_adaptive,230.08333333333337,0.050273408076341355,0.04701740072572957
ergo_adaptive,230.16666666666663,0.04904074059311228,0.04712121086011914
ergo_adaptive,230.25,0.05061423324354118,0.04722857108148797
ergo_adaptive,230.33333333333337,0.05058910627896943,0.047317741035584636
ergo_adaptive,230.41666666666663,0.050061718525011616,0.04738467245521029
ergo_adaptive,230.5,0.04893869491010582,0.04744841015373706
ergo_adaptive,230.58333333333337,0.04866347455119822,0.04752195028774729
ergo_adaptive,230.66666666666663,0.050276920054373855,0.04758799683460817
ergo_adaptive,230.75,0.052361844858654256,0.047635635393047174
ergo_adaptive,230.83333333333337,0.05111623404928568,0.047678324451214234
ergo_adaptive,230.91666666666663,0.05130724464901299,0.047733197627764894
ergo_adaptive,231.0,0.051138568988080925,0.04779446191690201
ergo_adaptive,231.08333333333337,0.05144159254305639,0.04785027005311132
ergo_adaptive,231.16666666666663,0.05271260250771451,0.04790151278689732
ergo_adaptive,231.25,0.053240378090101084,0.0479645570820773
ergo_adaptive,231.33333333333337,0.05338844745325256,0.048037683658075384
ergo_adaptive,231.41666666666663,0.052539558932942626,0.048117641004049
ergo_adaptive,231.5,0.05226866693999516,0.048182428417447354
ergo_adaptive,231.58333333333337,0.05297597438555974,0.04824265971173916
ergo_adaptive,231.66666666666663,0.05190978591171253,0.0483251155983145
ergo_adaptive,231.75,0.05173594136408627,0.04842013740877075
ergo_adaptive,231.83333333333337,0.05077381124980952,0.048496180491465715
ergo_adaptive,231.91666666666663,0.05137723149499885,0.04855652678963751
ergo_adaptive,232.0,0.051455877003480456,0.04861941976059622
ergo_adaptive,232.08333333333337,0.05167718569976074,0.04868187484290863
ergo_adaptive,232.16666666666663,0.051584431682279955,0.04873446869977762
ergo_adaptive,232.25,0.05161877657232396,0.04878296348814307
ergo_adaptive,232.33333333333337,0.05139351372027749,0.048815669171425116
ergo_adaptive,232.41666666666663,0.05035807536153441,0.048824703135738334
ergo_adaptive,232.5,0.0505511933363477,0.048800768644097825
ergo_adaptive,232.58333333333337,0.0514250688066151,0.04874339854845884
ergo_adaptive,232.66666666666663,0.05271305141830026,0.048675253539355715
ergo_adaptive,232.75,0.05355278455319841,0.0486000760777987
ergo_adaptive,232.83333333333337,0.052558641597564515,0.048506183527091844
ergo_adaptive,232.91666666666663,0.05201072170607132,0.04837782040007587
ergo_adaptive,233.0,0.054331092591691534,0.04823453704440836
ergo_adaptive,233.08333333333337,0.05554796687448252,0.048105847246536174
ergo_adaptive,233.16666666666663,0.05586908216471729,0.04799702583280629
ergo_adaptive,233.25,0.05623567511637601,0.04786834459401633
ergo_adaptive,233.33333333333337,0.05758788461616495,0.04772392049453554
ergo_adaptive,233.41666666666663,0.05981235548080839,0.047587632117119895
ergo_adaptive,233.5,0.05785474116403626,0.047450919434426815
ergo_adaptive,233.58333333333337,0.05950850938319009,0.04726497181301839
ergo_adaptive,233.66666666666663,0.05799222968030941,0.04702495532956707
ergo_adaptive,233.75,0.05831788841611388,0.0467546534692814
ergo_adaptive,233.83333333333337,0.057973092870490586,0.04648761601034498
ergo_adaptive,233.91666666666663,0.058187952383472234,0.04624571165375079
ergo_adaptive,234.0,0.058740588751160214,0.04601380294663419
ergo_adaptive,234.08333333333337,0.05934142110129949,0.045764809183991666
ergo_adaptive,234.16666666666663,0.05594421123217156,0.045529016051109567
ergo_adaptive,234.25,0.05716390450075609,0.04532829208873685
ergo_adaptive,234.33333333333337,0.05748874503392314,0.045128106159664366
ergo_adaptive,234.41666666666663,0.05908268518388285,0.044889138474124235
ergo_adaptive,234.5,0.061337923205674404,0.04462682044794054
ergo_adaptive,234.58333333333337,0.06054849275541605,0.04436871204071484
ergo_adaptive,234.66666666666663,0.061427572048592075,0.044153883285285224
ergo_adaptive,234.75,0.06126253034767416,0.04395232852281439
ergo_adaptive,234.83333333333337,0.057567967593815154,0.04372896684821371
ergo_adaptive,234.91666666666663,0.05577644683306344,0.04349387721807948
ergo_adaptive,235.0,0.05623694638548922,0.043287879813233184
ergo_adaptive,235.08333333333337,0.05467935171882859,0.04313234928038904
ergo_adaptive,235.16666666666663,0.05273896916873574,0.04295975340868934
ergo_adaptive,235.25,0.052100887916592696,0.042791579259003315
ergo_adaptive,235.33333333333337,0.05163957517976067,0.04267269862892123
ergo_adaptive,235.41666666666663,0.049486360674109,0.042636027998560755
ergo_adaptive,235.5,0.048298650388269186,0.0427023708177311
ergo_adaptive,235.58333333333337,0.048016108204319514,0.042811739212525665
ergo_adaptive,235.66666666666663,0.04717776914682168,0.04294443072719627
ergo_adaptive,235.75,0.0486845100299553,0.04308797256453522
ergo_adaptive,235.83333333333337,0.049228737046546935,0.0432294083692002
ergo_adaptive,235.91666666666663,0.04970088808344577,0.043369103623165976
ergo_adaptive,236.0,0.04961180471413123,0.04351288582771312
ergo_adaptive,236.08333333333337,0.04882902122079839,0.043650878703670105
ergo_adaptive,236.16666666666663,0.05032564897114659,0.04376081611211093
ergo_adaptive,236.25,0.0508836940500364,0.043849899991796046
ergo_adaptive,236.33333333333337,0.04985117711924464,0.04393121463285684
ergo_adaptive,236.41666666666663,0.049523995765209126,0.04400738361100039
ergo_adaptive,236.5,0.05107410166582,0.04406862088561896
ergo_adaptive,236.58333333333337,0.05273635910222099,0.04410709698153254
ergo_adaptive,236.66666666666663,0.052033272796357576,0.044124761211852666
ergo_adaptive,236.75,0.051865197008608935,0.04413210346878208
ergo_adaptive,236.83333333333337,0.052789052302462,0.044134656462972544
ergo_adaptive,236.91666666666663,0.05267727125233587,0.044123627692834406
ergo_adaptive,237.0,0.053478315013525894,0.04409524260038811
ergo_adaptive,237.08333333333337,0.05395217127764837,0.04406523800231781
ergo_adaptive,237.16666666666663,0.053717997912986974,0.04404804138743435
ergo_adaptive,237.25,0.05448344294466882,0.04404207818870337
ergo_adaptive,237.33333333333337,0.053355476480128894,0.04403595172800737
ergo_adaptive,237.41666666666663,0.054528529283927436,0.044034588791551636
ergo_adaptive,237.5,0.05336966390808164,0.04404782246220391
ergo_adaptive,237.58333333333337,0.05484931876434735,0.04406799652432429
ergo_adaptive,237.66666666666663,0.05487922600196115,0.0440855424461138
ergo_adaptive,237.75,0.05553664493970995,0.0441074360982273
ergo_adaptive,237.83333333333337,0.0566513949197392,0.04414334343674961
ergo_adaptive,237.91666666666663,0.05620424505213463,0.04419289588964459
ergo_adaptive,238.0,0.05581785832493585,0.04424392369314971
ergo_adaptive,238.08333333333337,0.056760537451360435,0.04429682406286663
ergo_adaptive,238.16666666666663,0.05693381392591031,0.04438467046933055
ergo_adaptive,238.25,0.05698810308195505,0.044511593394127275
ergo_adaptive,238.33333333333337,0.056646499875658035,0.04465399969535817
ergo_adaptive,238.41666666666663,0.05696182616489919,0.0448075864929633
ergo_adaptive,238.5,0.05792750810978978,0.044957889047047984
ergo_adaptive,238.58333333333337,0.05814270537636383,0.04510771271720405
ergo_adaptive,238.66666666666663,0.057417809820361154,0.04526127155246251
ergo_adaptive,238.75,0.059133445138195406,0.04541041399796767
ergo_adaptive,238.83333333333337,0.05856048465522588,0.04554655911629839
ergo_adaptive,238.91666666666663,0.05840292481717121,0.04568536681587482
ergo_adaptive,239.0,0.058014234607858574,0.045839476167763925
ergo_adaptive,239.08333333333337,0.05805720079180319,0.045993616842197826
ergo_adaptive,239.16666666666663,0.05823714054728513,0.04614238728867348
ergo_adaptive,239.25,0.058508763376350456,0.04628458841755851
ergo_adaptive,239.33333333333337,0.05710567205621659,0.046410398494564256
ergo_adaptive,239.41666666666663,0.05543958645963687,0.04650682634959703
ergo_adaptive,239.5,0.05434725012996327,0.04657684863685316
ergo_adaptive,239.58333333333337,0.05345920687149178,0.046631188040849245
ergo_adaptive,239.66666666666663,0.05458845274542445,0.04667188475984829
ergo_adaptive,239.75,0.0571498975839801,0.046683318549951586
ergo_adaptive,239.83333333333337,0.057008478371870945,0.046684218684300366
ergo_adaptive,239.91666666666663,0.05588315957501017,0.046700654928858706
ergo_adaptive,240.0,0.05473811018012279,0.04674320656350424
ergo_adaptive,240.08333333333337,0.05520363121231013,0.04677905205465857
ergo_adaptive,240.16666666666663,0.055355640543643066,0.04681044089629448
ergo_adaptive,240.25,0.05657697974724618,0.046848209899667884
ergo_adaptive,240.33333333333337,0.055374520759576634,0.04689484781435741
ergo_adaptive,240.41666666666663,0.055538198432903293,0.047004168888907384
ergo_adaptive,240.5,0.05654619795517094,0.047137599079938655
ergo_adaptive,240.58333333333337,0.05676639012788782,0.04727177897196377
ergo_adaptive,240.66666666666663,0.05760874452452201,0.04739681397952498
ergo_adaptive,240.75,0.05892223859328895,0.04750702340285864
ergo_adaptive,240.83333333333337,0.058884167341536106,0.04758913093055737
ergo_adaptive,240.91666666666663,0.05973262859929365,0.0476323325433809
ergo_adaptive,241.0,0.0625707222554195,0.047642439101029346
ergo_adaptive,241.08333333333337,0.06163658646587967,0.0476398704967143
ergo_adaptive,241.16666666666663,0.060911246340752206,0.04763979231010501
ergo_adaptive,241.25,0.05936079429827209,0.04763782598123978
ergo_adaptive,241.33333333333337,0.06149807245709096,0.0476388121253061
ergo_adaptive,241.41666666666663,0.06045461057612897,0.047646524159176945
ergo_adaptive,241.5,0.060620679370360614,0.04766782633108073
ergo_adaptive,241.58333333333337,0.060784383948931875,0.047709465297267356
ergo_adaptive,241.66666666666663,0.059868920422265944,0.04775826076368863
ergo_adaptive,241.75,0.06088160328797035,0.047816894537518834
ergo_adaptive,241.83333333333337,0.06137453776974345,0.0478945999432197
ergo_adaptive,241.91666666666663,0.06070822312323215,0.04798955646902785
ergo_adaptive,242.0,0.05874918761895335,0.04807745221268174
ergo_adaptive,242.08333333333337,0.06061560744405727,0.04815637574042571
ergo_adaptive,242.16666666666663,0.06181482164929701,0.04823798339357025
ergo_adaptive,242.25,0.06191609891261711,0.04832963724427442
ergo_adaptive,242.33333333333337,0.06352157543074848,0.04843128741150777
ergo_adaptive,242.41666666666663,0.0631623702279726,0.048545261294786556
ergo_adaptive,242.5,0.06369113514725482,0.0486685793876115
ergo_adaptive,242.58333333333337,0.06412993105306292,0.048804270117878475
ergo_adaptive,242.66666666666663,0.0627873837883895,0.048949724143768386
ergo_adaptive,242.75,0.061744205530799075,0.04909429104663788
ergo_adaptive,242.83333333333337,0.062023001864864424,0.049219335497970175
ergo_adaptive,242.91666666666663,0.0626570635014876,0.04932895869971598
ergo_adaptive,243.0,0.061936748935807334,0.049429602025675666
ergo_adaptive,243.08333333333337,0.06095450607653933,0.049526717532260595
ergo_adaptive,243.16666666666663,0.05990314044478287,0.049618267762035546
ergo_adaptive,243.25,0.06044245481766316,0.049701219436887344
ergo_adaptive,243.33333333333337,0.05901432290544137,0.04977553780719621
ergo_adaptive,243.41666666666663,0.059788746386920465,0.049847433924241916
ergo_adaptive,243.5,0.06007265730116012,0.049914076197658794
ergo_adaptive,243.58333333333337,0.058344349825544824,0.04996781529011175
ergo_adaptive,243.66666666666663,0.057315058208275205,0.05000944548550242
ergo_adaptive,243.75,0.058426730623743095,0.050044227343939984
ergo_adaptive,243.83333333333337,0.059654858458827675,0.05007579909390272
ergo_adaptive,243.91666666666663,0.06030276314002449,0.05009817359076367
ergo_adaptive,244.0,0.057087110177458204,0.050107213154584614
ergo_adaptive,244.08333333333337,0.05647110234146635,0.05011126074218951
ergo_adaptive,244.16666666666663,0.055658637268000466,0.05011727140499419
ergo_adaptive,244.25,0.05668111397744296,0.05012643848271599
ergo_adaptive,244.33333333333337,0.05738136904288798,0.050127784619800525
ergo_adaptive,244.41666666666663,0.05860976997200957,0.05011769947576957
ergo_adaptive,244.5,0.06252778771414554,0.05011346149696985
ergo_adaptive,244.58333333333337,0.0658855636359122,0.05012447255102681
ergo_adaptive,244.66666666666663,0.06455735530392001,0.05011802923382368
ergo_adaptive,244.75,0.06079645608010972,0.050088469083198583
ergo_adaptive,244.83333333333337,0.05726080437416408,0.05004981490690512
ergo_adaptive,244.91666666666663,0.05673091873113145,0.05001415825930303
ergo_adaptive,245.0,0.0536808016980202,0.04998227223455233
ergo_adaptive,245.08333333333337,0.05183736587434457,0.049947502196994516
ergo_adaptive,245.16666666666663,0.051773251379091265,0.049900377099471066
ergo_adaptive,245.25,0.05290118722506752,0.049843749708637954
ergo_adaptive,245.33333333333337,0.057666634253449124,0.04979806680058242
ergo_adaptive,245.41666666666663,0.056077640781188653,0.0497481142743982
ergo_adaptive,245.5,0.051227808751949745,0.04964858944942329
ergo_adaptive,245.58333333333337,0.04938681778370448,0.04951222908390683
ergo_adaptive,245.66666666666663,0.05001778321860258,0.049368000359169176
ergo_adaptive,245.75,0.04814906995784076,0.04923734869930559
ergo_adaptive,245.83333333333337,0.0468967027315733,0.04914693820667133
ergo_adaptive,245.91666666666663,0.04876586570240108,0.049068336263538466
ergo_adaptive,246.0,0.04582995089988862,0.04891678694463781
ergo_adaptive,246.08333333333337,0.04677807791651292,0.04873862962847182
ergo_adaptive,246.16666666666663,0.04622536192532291,0.04857247775790439
ergo_adaptive,246.25,0.04679662674769921,0.048435007069396775
ergo_adaptive,246.33333333333337,0.04365010772615819,0.04830025946308468
ergo_adaptive,246.41666666666663,0.043275866963350014,0.04818032912072638
ergo_adaptive,246.5,0.044144765658334265,0.04807826690569498
ergo_adaptive,246.58333333333337,0.042569126002004666,0.04800397223724287
ergo_adaptive,246.66666666666663,0.0431420116830228,0.04797416561763085
ergo_adaptive,246.75,0.04382192828370997,0.04791989680085455
ergo_adaptive,246.83333333333337,0.04479395117718627,0.04781762969541173
ergo_adaptive,246.91666666666663,0.04498645670542702,0.04769517863714971
ergo_adaptive,247.0,0.0436105025917969,0.04758069977236674
ergo_adaptive,247.08333333333337,0.04375871406128305,0.0474856987692359
ergo_adaptive,247.16666666666663,0.04472171959502077,0.047421233568325824
ergo_adaptive,247.25,0.04288862959230706,0.047343163616926844
ergo_adaptive,247.33333333333337,0.04356594770752655,0.0472036133269004
ergo_adaptive,247.41666666666663,0.044045514154659966,0.04702563346684981
ergo_adaptive,247.5,0.043961678696151994,0.04684239996496986
ergo_adaptive,247.58333333333337,0.04495773826791029,0.04667643877335059
ergo_adaptive,247.66666666666663,0.04669621567587901,0.04653062069631443
ergo_adaptive,247.75,0.04622093283147355,0.046366961242019916
ergo_adaptive,247.83333333333337,0.04471041526375933,0.04616649681811646
ergo_adaptive,247.91666666666663,0.04661804989268558,0.045958642964617345
ergo_adaptive,248.0,0.04564028909121153,0.04579362351203833
ergo_adaptive,248.08333333333337,0.0454285833658552,0.04565052771572422
ergo_adaptive,248.16666666666663,0.04479214269820745,0.045490152827347495
ergo_adaptive,248.25,0.04439586917915299,0.045323599728860374
ergo_adaptive,248.33333333333337,0.04513498184034984,0.045172264510640915
ergo_adaptive,248.41666666666663,0.04655959118761239,0.04503953933655914
ergo_adaptive,248.5,0.04563099679716073,0.04492765613371461
ergo_adaptive,248.58333333333337,0.04708063942045949,0.044823790145065025
ergo_adaptive,248.66666666666663,0.048300986269045686,0.04472854099522815
ergo_adaptive,248.75,0.046851118153599554,0.04466048120997484
ergo_adaptive,248.83333333333337,0.04574385355444142,0.044606152440988235
ergo_adaptive,248.91666666666663,0.04658440396230126,0.044529194010259676
ergo_adaptive,249.0,0.046579104087586774,0.04445562713049213
ergo_adaptive,249.08333333333337,0.04474215369348097,0.044409843179505665
ergo_adaptive,249.16666666666663,0.044605121657893515,0.0444042903071316
ergo_adaptive,249.25,0.046457012331753804,0.04436320115347475
ergo_adaptive,249.33333333333337,0.04734380240434683,0.044293655915416195
ergo_adaptive,249.41666666666663,0.046649300534166986,0.04425526655252478
ergo_adaptive,249.5,0.04693566188836258,0.044251826768026394
ergo_adaptive,249.58333333333337,0.04666496368622123,0.0442459784545583
ergo_adaptive,249.66666666666663,0.04605997519800265,0.04422354897453007
ergo_adaptive,249.75,0.047558933465982424,0.04421000592843095
ergo_adaptive,249.83333333333337,0.04699741057845487,0.044225983194643936
ergo_adaptive,249.91666666666663,0.048255487521408146,0.044250261252057436
ergo_adaptive,250.0,0.046821687898986296,0.04426619721871766
ergo_adaptive,250.08333333333337,0.046386967944918825,0.04428497074349303
ergo_adaptive,250.16666666666663,0.04561562882261352,0.04431799171535119
ergo_adaptive,250.25,0.04462988901720524,0.04436972302880556
ergo_adaptive,250.33333333333337,0.04452174107909875,0.04442911180536685
ergo_adaptive,250.41666666666663,0.04472435150965222,0.04449348727393061
ergo_adaptive,250.5,0.045055905429369214,0.0445650498497689
ergo_adaptive,250.58333333333337,0.04553172020538284,0.04465342753975426
ergo_adaptive,250.66666666666663,0.04287222405525214,0.04476143343918565
ergo_adaptive,250.75,0.04277358397047039,0.04486561227677347
ergo_adaptive,250.83333333333337,0.04332020273290175,0.04495960299636324
ergo_adaptive,250.91666666666663,0.04207857063563462,0.045049145249580626
ergo_adaptive,251.0,0.0414892470240048,0.04513719034195212
ergo_adaptive,251.08333333333337,0.04065423761009578,0.04522418729461703
ergo_adaptive,251.16666666666663,0.03938387277216375,0.045308221437363246
ergo_adaptive,251.25,0.03781846197997412,0.04538697423108485
ergo_adaptive,251.33333333333337,0.0383237752881362,0.045473199534663694
ergo_adaptive,251.41666666666663,0.038611819783769256,0.04556423284855463
ergo_adaptive,251.5,0.03656266068873271,0.045658952050556575
ergo_adaptive,251.58333333333337,0.038066135926624146,0.04577466053271833
ergo_adaptive,251.66666666666663,0.03488576653513726,0.04586717001234332
ergo_adaptive,251.75,0.03449589468935579,0.04600563239902138
ergo_adaptive,251.83333333333337,0.0343044745585777,0.04617052257215274
ergo_adaptive,251.91666666666663,0.03454317829290065,0.04632961447570539
ergo_adaptive,252.0,0.034836488374453745,0.04646746405358623
ergo_adaptive,252.08333333333337,0.0354673789411273,0.04658546609945294
ergo_adaptive,252.16666666666663,0.03519551637294399,0.04669287020270466
ergo_adaptive,252.25,0.03490042437990366,0.04679105959850857
ergo_adaptive,252.33333333333337,0.03492864287859715,0.04686425704972153
ergo_adaptive,252.41666666666663,0.03498138840784575,0.04691023236587011
ergo_adaptive,252.5,0.03449649133852197,0.04694005292086488
ergo_adaptive,252.58333333333337,0.03585633950734923,0.04696002692240499
ergo_adaptive,252.66666666666663,0.03627496114751028,0.04696192065844187
ergo_adaptive,252.75,0.03670800160548747,0.04694032237094783
ergo_adaptive,252.83333333333337,0.03615051026795483,0.0469037014263398
ergo_adaptive,252.91666666666663,0.03506959494422798,0.04687260093172743
ergo_adaptive,253.0,0.03604425877719567,0.04685023881764764
ergo_adaptive,253.08333333333337,0.03635086009552217,0.04681252356438284
ergo_adaptive,253.16666666666663,0.037454377610757685,0.046746334258976806
ergo_adaptive,253.25,0.0373541331753954,0.046666056291615285
ergo_adaptive,253.33333333333337,0.03951433952616279,0.04659776496117562
ergo_adaptive,253.41666666666663,0.04037365399860855,0.04653542259550277
ergo_adaptive,253.5,0.041720123872817746,0.04646353477468586
ergo_adaptive,253.58333333333337,0.04250402926923154,0.046385898070614155
ergo_adaptive,253.66666666666663,0.04238989882966392,0.046317117269170344
ergo_adaptive,253.75,0.041918745353592274,0.046270818126404385
ergo_adaptive,253.83333333333337,0.0425126110555004,0.04625499205614759
ergo_adaptive,253.91666666666663,0.044353544211815484,0.04621903302198345
ergo_adaptive,254.0,0.043719237687823716,0.04614858606440141
ergo_adaptive,254.08333333333337,0.045183432783911015,0.04607037217982127
ergo_adaptive,254.16666666666663,0.04613708217700766,0.04601028390490556
ergo_adaptive,254.25,0.045241239305020935,0.04596454218784134
ergo_adaptive,254.33333333333337,0.04806781358446212,0.0459200807978038
ergo_adaptive,254.41666666666663,0.048553142471374294,0.045882631353407144
ergo_adaptive,254.5,0.05110629582063729,0.04586349135317739
ergo_adaptive,254.58333333333337,0.051898868681247906,0.045870976600613636
ergo_adaptive,254.66666666666663,0.05090172204126457,0.045896649526397035
ergo_adaptive,254.75,0.05149625974633578,0.045915925424559904
ergo_adaptive,254.83333333333337,0.05201543025256638,0.04593301458990505
ergo_adaptive,254.91666666666663,0.051478344682812,0.04598438024236281
ergo_adaptive,255.0,0.0517874964019119,0.04606022217296583
ergo_adaptive,255.08333333333337,0.05062042574221856,0.04611611570359562
ergo_adaptive,255.16666666666663,0.051875532229297826,0.04617477809004895
ergo_adaptive,255.25,0.05247072033222661,0.046251320456360066
ergo_adaptive,255.33333333333337,0.05334325565481382,0.04635924653171838
ergo_adaptive,255.41666666666663,0.050660528286651345,0.04647364012680795
ergo_adaptive,255.5,0.05060757049842031,0.046585811827370864
ergo_adaptive,255.58333333333337,0.05038539099909129,0.046703928398985184
ergo_adaptive,255.66666666666663,0.05036930596332185,0.04683343889175897
ergo_adaptive,255.75,0.049491631834022255,0.04697167171940783
ergo_adaptive,255.83333333333337,0.04863858858078648,0.04711373035552576
ergo_adaptive,255.91666666666663,0.048142868552469284,0.04725758649164296
ergo_adaptive,256.0,0.04785335945155184,0.047398039008875875
ergo_adaptive,256.08333333333337,0.04762119353116601,0.04753048617192821
ergo_adaptive,256.16666666666663,0.04705079752940322,0.047646889591519026
ergo_adaptive,256.25,0.04789047253480785,0.04775279391747763
ergo_adaptive,256.33333333333337,0.04638105758313836,0.04786115824379422
ergo_adaptive,256.41666666666663,0.045462342155440476,0.04795888140653996
ergo_adaptive,256.5,0.04624116194057999,0.04803137098853186
ergo_adaptive,256.58333333333337,0.046549403996675925,0.04809311700536275
ergo_adaptive,256.66666666666663,0.044402429142000974,0.048165838687805884
ergo_adaptive,256.75,0.046431777213013566,0.04824738890760554
ergo_adaptive,256.83333333333337,0.04590417098891427,0.04831062022240525
ergo_adaptive,256.91666666666663,0.04739354291112779,0.04836051554589675
ergo_adaptive,257.0,0.04586242935203502,0.04841704587947427
ergo_adaptive,257.08333333333337,0.04768222452215789,0.048489905264748175
ergo_adaptive,257.16666666666663,0.0479762903815801,0.04855094618777897
ergo_adaptive,257.25,0.046252616596564204,0.048593942541345456
ergo_adaptive,257.33333333333337,0.046981182421775076,0.04863711647243399
ergo_adaptive,257.41666666666663,0.04932732048273493,0.04869832100663958
ergo_adaptive,257.5,0.047145515932480855,0.04875406575094563
ergo_adaptive,257.58333333333337,0.04685285234320767,0.04878791238938669
ergo_adaptive,257.66666666666663,0.04395605773344997,0.04881457445637829
ergo_adaptive,257.75,0.042410792487814014,0.0488597752309374
ergo_adaptive,257.83333333333337,0.043172760375679506,0.04891667646844491
ergo_adaptive,257.91666666666663,0.043220927549669635,0.04894737112931121
ergo_adaptive,258.0,0.042179870994115604,0.04896194714007156
ergo_adaptive,258.08333333333337,0.042612395907120265,0.048985587304049436
ergo_adaptive,258.16666666666663,0.042672659055965505,0.049030010429330785
ergo_adaptive,258.25,0.04309667905061656,0.04905081609403401
ergo_adaptive,258.33333333333337,0.039883390174537736,0.049043608332703915
ergo_adaptive,258.41666666666663,0.039057562907670686,0.04903702010910102
ergo_adaptive,258.5,0.03909061310160993,0.0490505189576541
ergo_adaptive,258.58333333333337,0.03875776115456696,0.04905606618720681
ergo_adaptive,258.66666666666663,0.04144502036279304,0.04903175652075414
ergo_adaptive,258.75,0.039139913181033346,0.04899269625507296
ergo_adaptive,258.83333333333337,0.040873004320108916,0.048963631375346456
ergo_adaptive,258.91666666666663,0.03918118802464462,0.04893424482453897
ergo_adaptive,259.0,0.03732520282661185,0.04888148752103036
ergo_adaptive,259.08333333333337,0.03610150296973789,0.04881810810121537
ergo_adaptive,259.16666666666663,0.03690488237995186,0.04878411779724837
ergo_adaptive,259.25,0.03563014828626753,0.048768886238073454
ergo_adaptive,259.33333333333337,0.03640817375008917,0.0487677477894069
ergo_adaptive,259.41666666666663,0.03749647791856499,0.04872356987793311
ergo_adaptive,259.5,0.036615783152989745,0.04865183958338751
ergo_adaptive,259.58333333333337,0.037959006876729345,0.048599043552602895
ergo_adaptive,259.66666666666663,0.040085716145676666,0.04853590387555327
ergo_adaptive,259.75,0.04011033700701398,0.04841513941656278
ergo_adaptive,259.83333333333337,0.036353580339146915,0.048256677154676804
ergo_adaptive,259.91666666666663,0.035334637346360144,0.048128329093634896
ergo_adaptive,260.0,0.03638022141642681,0.04809366433902505
ergo_adaptive,260.08333333333337,0.03677055222738862,0.048047647503815606
ergo_adaptive,260.16666666666663,0.035955146778875784,0.04793471633569195
ergo_adaptive,260.25,0.03706800497908902,0.0478059082410361
ergo_adaptive,260.33333333333337,0.035528072242318735,0.04768541105317272
ergo_adaptive,260.41666666666663,0.03722337247651631,0.04761895372567852
ergo_adaptive,260.5,0.03742671184686515,0.04749823729878597
ergo_adaptive,260.58333333333337,0.036530496307931905,0.047318111065044674
ergo_adaptive,260.66666666666663,0.03789902404988282,0.047144586413033915
ergo_adaptive,260.75,0.037659074996689364,0.04698332126058128
ergo_adaptive,260.83333333333337,0.03812078389078193,0.046793953489383165
ergo_adaptive,260.91666666666663,0.03975096928498357,0.04657117995035111
ergo_adaptive,261.0,0.04147487309867528,0.046339289319906926
ergo_adaptive,261.08333333333337,0.042800428038009604,0.04612443102821483
ergo_adaptive,261.16666666666663,0.04327178613887272,0.045929290437108194
ergo_adaptive,261.25,0.04567270666357308,0.04571847939589899
ergo_adaptive,261.33333333333337,0.047367376749212556,0.04547985506979703
ergo_adaptive,261.41666666666663,0.04896473909649847,0.04524712922488039
ergo_adaptive,261.5,0.050349431774560804,0.045071062683780166
ergo_adaptive,261.58333333333337,0.04862324151398104,0.044866591323813605
ergo_adaptive,261.66666666666663,0.05046229449662502,0.044579892310881705
ergo_adaptive,261.75,0.05328203095238615,0.04429828123225942
ergo_adaptive,261.83333333333337,0.055671570395137995,0.04405314485489722
ergo_adaptive,261.91666666666663,0.058679021562622405,0.04383362724667734
ergo_adaptive,262.0,0.05999813857260891,0.04360400639801237
ergo_adaptive,262.08333333333337,0.0630789447847018,0.043366761926075026
ergo_adaptive,262.16666666666663,0.06448348408627665,0.04316054365987397
ergo_adaptive,262.25,0.06541503144109105,0.04298886135706415
ergo_adaptive,262.33333333333337,0.06724666894891947,0.04282635587853391
ergo_adaptive,262.41666666666663,0.06700493711264326,0.04265361614980401
ergo_adaptive,262.5,0.06809314823495069,0.04249275334088132
ergo_adaptive,262.58333333333337,0.06614445678077745,0.04237734652490904
ergo_adaptive,262.66666666666663,0.07071880963151647,0.04228251180091196
ergo_adaptive,262.75,0.0701821351751365,0.04219379413722569
ergo_adaptive,262.83333333333337,0.06852178310361683,0.04211071372676092
ergo_adaptive,262.91666666666663,0.06919889499866574,0.04205383661262583
ergo_adaptive,263.0,0.07040453250488236,0.0420301178971118
ergo_adaptive,263.08333333333337,0.06988352631983645,0.04202358675641282
ergo_adaptive,263.16666666666663,0.06734961276644436,0.042024881811775175
ergo_adaptive,263.25,0.06477360435197742,0.04204520441353846
ergo_adaptive,263.33333333333337,0.06414392422347485,0.04209424970616831
ergo_adaptive,263.41666666666663,0.06402395457629785,0.04215586770780122
ergo_adaptive,263.5,0.06530896348561804,0.04220881825710069
ergo_adaptive,263.58333333333337,0.06310008236965105,0.042275594150260595
ergo_adaptive,263.66666666666663,0.061261239020370804,0.04236832486690386
ergo_adaptive,263.75,0.06108217774336289,0.04247023112089227
ergo_adaptive,263.83333333333337,0.05993889704209294,0.04253839511601885
ergo_adaptive,263.91666666666663,0.05872286054529656,0.04257868446656717
ergo_adaptive,264.0,0.058683549836252756,0.04261173550259607
ergo_adaptive,264.08333333333337,0.05903193686713709,0.04264158499917959
ergo_adaptive,264.16666666666663,0.060542084864415785,0.04267098060264571
ergo_adaptive,264.25,0.060933880317102694,0.04271150554142866
ergo_adaptive,264.33333333333337,0.05907313959286965,0.04271265786069675
ergo_adaptive,264.41666666666663,0.05904534590657526,0.04266600924640034
ergo_adaptive,264.5,0.05546323111248005,0.04261864009924975
ergo_adaptive,264.58333333333337,0.05542186092756231,0.04259112639533542
ergo_adaptive,264.66666666666663,0.056855034159100974,0.0425710150840038
ergo_adaptive,264.75,0.05846627475605595,0.04253756856159101
ergo_adaptive,264.83333333333337,0.05752493159970249,0.04249726707325116
ergo_adaptive,264.91666666666663,0.057696212996231455,0.04247405836820377
ergo_adaptive,265.0,0.056259989510669677,0.04246233982950715
ergo_adaptive,265.08333333333337,0.054618396420627054,0.04244964346469175
ergo_adaptive,265.16666666666663,0.05534805291474617,0.04243738734768121
ergo_adaptive,265.25,0.05821826601765596,0.04243168803024848
ergo_adaptive,265.33333333333337,0.058395372695105634,0.042437085735113386
ergo_adaptive,265.41666666666663,0.05710835473278323,0.04244363405510744
ergo_adaptive,265.5,0.057067807421749904,0.042446391493471694
ergo_adaptive,265.58333333333337,0.05423615965620355,0.04245975751572394
ergo_adaptive,265.66666666666663,0.052580909305976205,0.042510982150234
ergo_adaptive,265.75,0.05375571279601544,0.04264751297785912
ergo_adaptive,265.83333333333337,0.05273312495033314,0.042812255439767744
ergo_adaptive,265.91666666666663,0.051674609205194705,0.04297979450371426
ergo_adaptive,266.0,0.05335804871228856,0.04314560345371481
ergo_adaptive,266.08333333333337,0.05364041305101184,0.04330162939889369
ergo_adaptive,266.16666666666663,0.05248680741625079,0.04344133614935942
ergo_adaptive,266.25,0.05212633539093984,0.04357059787914515
ergo_adaptive,266.33333333333337,0.05349896563965795,0.04369391362572094
ergo_adaptive,266.41666666666663,0.05312406127525726,0.043808383854954704
ergo_adaptive,266.5,0.05302965009821196,0.043914916842352485
ergo_adaptive,266.58333333333337,0.054331235882747735,0.04401468917285269
ergo_adaptive,266.66666666666663,0.055639323302618164,0.04411115739555468
ergo_adaptive,266.75,0.05640544645339311,0.0442104662538804
ergo_adaptive,266.83333333333337,0.057043224398793564,0.04431221331508846
ergo_adaptive,266.91666666666663,0.05835729406417716,0.044409301609924366
ergo_adaptive,267.0,0.059257435139892914,0.0445036948142592
ergo_adaptive,267.08333333333337,0.057025990855034105,0.04460626685692636
ergo_adaptive,267.16666666666663,0.057701072922423165,0.04472504165666613
ergo_adaptive,267.25,0.05610231198568703,0.04485024394584409
ergo_adaptive,267.33333333333337,0.056156274287891036,0.04498468498856851
ergo_adaptive,267.41666666666663,0.055300537644244044,0.04513327260553248
ergo_adaptive,267.5,0.05484817121835541,0.04529679848241707
ergo_adaptive,267.58333333333337,0.05431973534473346,0.045469454329171766
ergo_adaptive,267.66666666666663,0.053037471611970366,0.045648734073898835
ergo_adaptive,267.75,0.05214664008558652,0.04583285822240346
ergo_adaptive,267.83333333333337,0.05259925817916259,0.04600975667269443
ergo_adaptive,267.91666666666663,0.053135777993763754,0.046173295596967805
ergo_adaptive,268.0,0.053950915861696154,0.04630641210571479
ergo_adaptive,268.08333333333337,0.05418189354123517,0.04640175155652282
ergo_adaptive,268.16666666666663,0.05409508203013482,0.046462782623616763
ergo_adaptive,268.25,0.05460443793018864,0.04650122824477195
ergo_adaptive,268.33333333333337,0.055586532553561996,0.046524465111042475
ergo_adaptive,268.41666666666663,0.05764866733273096,0.046530255165617644
ergo_adaptive,268.5,0.05688745935071515,0.046522757047136425
ergo_adaptive,268.58333333333337,0.05653412788768995,0.04651219797679564
ergo_adaptive,268.66666666666663,0.0590577654624119,0.046501433036196256
ergo_adaptive,268.75,0.06047863271866481,0.04648911944907835
ergo_adaptive,268.83333333333337,0.061384746486613406,0.04647088974583947
ergo_adaptive,268.91666666666663,0.061920952198868014,0.046449789544534804
ergo_adaptive,269.0,0.06419217993269982,0.046439667583070866
ergo_adaptive,269.08333333333337,0.06477088623720739,0.04643156036730615
ergo_adaptive,269.16666666666663,0.06682551052297815,0.04640489889871782
ergo_adaptive,269.25,0.06769303016634945,0.04636294778838514
ergo_adaptive,269.33333333333337,0.06864084767546669,0.04633323301529012
ergo_adaptive,269.41666666666663,0.07007628451029728,0.046313932855532
ergo_adaptive,269.5,0.07125248722265301,0.0462564098408566
ergo_adaptive,269.58333333333337,0.06909284753442779,0.046168690617644795
ergo_adaptive,269.66666666666663,0.06972660199376597,0.046094230973296235
ergo_adaptive,269.75,0.07090807364585303,0.04606837947539542
ergo_adaptive,269.83333333333337,0.0692717619701565,0.04601926495587017
ergo_adaptive,269.91666666666663,0.06832879473219061,0.045951230260871515
ergo_adaptive,270.0,0.06372573445334521,0.045895722027348325
ergo_adaptive,270.08333333333337,0.0649305423361939,0.04587979271192342
ergo_adaptive,270.16666666666663,0.06404783604401675,0.04586853106685414
ergo_adaptive,270.25,0.06479807487802143,0.04583801394079712
ergo_adaptive,270.33333333333337,0.0642381602511949,0.04581788268765627
ergo_adaptive,270.41666666666663,0.0625731534473125,0.04582987800027883
ergo_adaptive,270.5,0.0612365979521915,0.04586333526202337
ergo_adaptive,270.58333333333337,0.05886500026526522,0.04588267587145886
ergo_adaptive,270.66666666666663,0.05724689416758623,0.04588811230401933
ergo_adaptive,270.75,0.05840397981391638,0.0458932934638793
ergo_adaptive,270.83333333333337,0.058264531535031854,0.04591172169637911
ergo_adaptive,270.91666666666663,0.057553065056177626,0.04592924721990873
ergo_adaptive,271.0,0.055894575226865,0.045934016790452996
ergo_adaptive,271.08333333333337,0.05319045424313022,0.045957870179972674
ergo_adaptive,271.16666666666663,0.05219830754170468,0.04599881933206865
ergo_adaptive,271.25,0.053014638969417965,0.04604705154389504
ergo_adaptive,271.33333333333337,0.05318414559958065,0.046081952442574965
ergo_adaptive,271.41666666666663,0.05478991893856509,0.04608767507076611
ergo_adaptive,271.5,0.05503614673796393,0.04607867480333088
ergo_adaptive,271.58333333333337,0.057428562044269826,0.04607602939633149
ergo_adaptive,271.66666666666663,0.0578068030320233,0.04607079647081839
ergo_adaptive,271.75,0.05965790847330952,0.04604025666229198
ergo_adaptive,271.83333333333337,0.0607796629446999,0.045999161837018084
ergo_adaptive,271.91666666666663,0.06244141631906215,0.04596193151876179
ergo_adaptive,272.0,0.06301251581455744,0.045932758944598015
ergo_adaptive,272.08333333333337,0.0632731019551706,0.045904208654270126
ergo_adaptive,272.16666666666663,0.06447221863349839,0.045862777366591535
ergo_adaptive,272.25,0.0665769884335007,0.045817000976253894
ergo_adaptive,272.33333333333337,0.06906164817008129,0.04578072404469316
ergo_adaptive,272.41666666666663,0.07145142373133752,0.04575833238671057
ergo_adaptive,272.5,0.07149337210809278,0.04572790023837921
ergo_adaptive,272.58333333333337,0.07404869683808596,0.04569064889440748
ergo_adaptive,272.66666666666663,0.07480255004641678,0.045662593158823074
ergo_adaptive,272.75,0.07889500928283255,0.0456514779570284
ergo_adaptive,272.83333333333337,0.07984497065030033,0.04564119639635083
ergo_adaptive,272.91666666666663,0.08037083938912538,0.04563108408305413
ergo_adaptive,273.0,0.08122958235990511,0.045626526664375444
ergo_adaptive,273.08333333333337,0.07965040679706308,0.045636202988287584
ergo_adaptive,273.16666666666663,0.08027571117551537,0.04565293370422491
ergo_adaptive,273.25,0.07848773261016859,0.045664986750752756
ergo_adaptive,273.33333333333337,0.07832238081155439,0.04567679622743127
ergo_adaptive,273.41666666666663,0.08226823826834959,0.045703882805504435
ergo_adaptive,273.5,0.07980236399833335,0.04574093990774412
ergo_adaptive,273.58333333333337,0.07632541510980945,0.0457846921618393
ergo_adaptive,273.66666666666663,0.07689475122508105,0.04582808942503105
ergo_adaptive,273.75,0.07892034880853128,0.04587884384651181
ergo_adaptive,273.83333333333337,0.07760098952238133,0.04594273568855661
ergo_adaptive,273.91666666666663,0.07701193969886144,0.046006009710667775
ergo_adaptive,274.0,0.07629710017764284,0.046065563486893946
ergo_adaptive,274.08333333333337,0.0732136418184676,0.04612967472391047
ergo_adaptive,274.16666666666663,0.07041164670656429,0.046204845516783145
ergo_adaptive,274.25,0.06731608271572972,0.046279115468040755
ergo_adaptive,274.33333333333337,0.06630166675497251,0.0463501210418249
ergo_adaptive,274.41666666666663,0.06682521014488361,0.04641479297902604
ergo_adaptive,274.5,0.0673684611085113,0.04645001279219428
ergo_adaptive,274.58333333333337,0.06768008916338458,0.04644833178895954
ergo_adaptive,274.66666666666663,0.06882380488109051,0.04642163706484077
ergo_adaptive,274.75,0.07100625535990918,0.04639048637038987
ergo_adaptive,274.83333333333337,0.0727310923759128,0.04637455478073574
ergo_adaptive,274.91666666666663,0.07425337828983787,0.04637770801811366
ergo_adaptive,275.0,0.07623903505114049,0.0463660242346702
ergo_adaptive,275.08333333333337,0.07857450863908298,0.04633542428967007
ergo_adaptive,275.16666666666663,0.07980810943958318,0.04631187957555383
ergo_adaptive,275.25,0.07901633381576043,0.04631183163410688
ergo_adaptive,275.33333333333337,0.07900217960924161,0.0463035797114778
ergo_adaptive,275.41666666666663,0.07922984201898765,0.04626718273209214
ergo_adaptive,275.5,0.0797257430817543,0.04622169525932452
ergo_adaptive,275.58333333333337,0.0795535774600086,0.04619044623167395
ergo_adaptive,275.66666666666663,0.081803423980999,0.04616533926792455
ergo_adaptive,275.75,0.08129910385300237,0.04613312159189521
ergo_adaptive,275.83333333333337,0.08205887964503204,0.04609624493878652
ergo_adaptive,275.91666666666663,0.08240664399211191,0.04607467227341363
ergo_adaptive,276.0,0.08240226131665704,0.046078665618264375
ergo_adaptive,276.08333333333337,0.08226040410119614,0.046123112435871506
ergo_adaptive,276.16666666666663,0.08387512842826765,0.04619592404950031
ergo_adaptive,276.25,0.08517949862086552,0.046301134158966084
ergo_adaptive,276.33333333333337,0.08656975392854165,0.046420455544654314
ergo_adaptive,276.41666666666663,0.08539395316191246,0.04652679980648466
ergo_adaptive,276.5,0.08491160757477871,0.046623686571426515
ergo_adaptive,276.58333333333337,0.08513940022930164,0.04673377790052866
ergo_adaptive,276.66666666666663,0.08690450847537451,0.04684216980302496
ergo_adaptive,276.75,0.08551132158994555,0.0469480096712248
ergo_adaptive,276.83333333333337,0.08381851309452473,0.047043944959267364
ergo_adaptive,276.91666666666663,0.08282615858436136,0.04710528894877634
ergo_adaptive,277.0,0.0833348861165873,0.04711252068704239
ergo_adaptive,277.08333333333337,0.08290135216034097,0.04706526314642153
ergo_adaptive,277.16666666666663,0.08581832594410357,0.04699449318788382
ergo_adaptive,277.25,0.08669773795274083,0.04689764964241897
ergo_adaptive,277.33333333333337,0.08349921568508552,0.04682656738290886
ergo_adaptive,277.41666666666663,0.08361316806145581,0.04674567367606347
ergo_adaptive,277.5,0.08516185759753073,0.04677531159442394
ergo_adaptive,277.58333333333337,0.08720974377923064,0.046868356527795266
ergo_adaptive,277.66666666666663,0.0880413371741666,0.0469648835563875
ergo_adaptive,277.75,0.08883676399102475,0.047051962771971705
ergo_adaptive,277.83333333333337,0.08864442456481851,0.04712994977334714
ergo_adaptive,277.91666666666663,0.08858141253276429,0.047205856767640574
ergo_adaptive,278.0,0.08743960040801767,0.04728548663144837
ergo_adaptive,278.08333333333337,0.0876940413000892,0.04737463904737759
ergo_adaptive,278.16666666666663,0.08772240884654005,0.04746377530389252
ergo_adaptive,278.25,0.08711406543463251,0.04754490929031433
ergo_adaptive,278.33333333333337,0.08959449348233942,0.04761419558843998
ergo_adaptive,278.41666666666663,0.09068052216984682,0.04768991034281174
ergo_adaptive,278.5,0.08968596010005535,0.04776918234863122
ergo_adaptive,278.58333333333337,0.0906993514898811,0.04784566821799987
ergo_adaptive,278.66666666666663,0.08923152883833388,0.04791484620466023
ergo_adaptive,278.75,0.08886884155295793,0.04799506695518677
ergo_adaptive,278.83333333333337,0.08969027383781385,0.04807264269804581
ergo_adaptive,278.91666666666663,0.09078287380125766,0.048133885470343404
ergo_adaptive,279.0,0.09143755001697204,0.04817581570670519
ergo_adaptive,279.08333333333337,0.09007945925200556,0.04821548123106577
ergo_adaptive,279.16666666666663,0.09042486218290804,0.04824346109295173
ergo_adaptive,279.25,0.09097232522953784,0.04824638425215134
ergo_adaptive,279.33333333333337,0.09393087171842576,0.048225497793511186
ergo_adaptive,279.41666666666663,0.09325098791192067,0.04825113104477722
ergo_adaptive,279.5,0.09169939002199518,0.04830084116400755
ergo_adaptive,279.58333333333337,0.09322542928869519,0.04837453362646254
ergo_adaptive,279.66666666666663,0.09304898455442091,0.048462280302803855
ergo_adaptive,279.75,0.09378232174080528,0.04854920553716201
ergo_adaptive,279.83333333333337,0.09394644512663422,0.048627482857460116
ergo_adaptive,279.91666666666663,0.09537326042087385,0.04869815219820587
ergo_adaptive,280.0,0.09557331707822354,0.048756671146239966
ergo_adaptive,280.08333333333337,0.09438770919304904,0.04879788359211983
ergo_adaptive,280.16666666666663,0.09370256136889385,0.04883437398240869
ergo_adaptive,280.25,0.09058272008505204,0.04888323673638177
ergo_adaptive,280.33333333333337,0.09250804492647087,0.0489354343627687
ergo_adaptive,280.41666666666663,0.09115521594602762,0.04898120614262851
ergo_adaptive,280.5,0.09368194811605339,0.04901877706349106
ergo_adaptive,280.58333333333337,0.09353836627581714,0.04904329120883351
ergo_adaptive,280.66666666666663,0.09353917804500189,0.049051663051524474
ergo_adaptive,280.75,0.09239937753720433,0.04904795645878143
ergo_adaptive,280.83333333333337,0.09199372462140092,0.04901965503812763
ergo_adaptive,280.91666666666663,0.0918204212023527,0.04889820414221655
ergo_adaptive,281.0,0.09388552835339543,0.04869411928772292
ergo_adaptive,281.08333333333337,0.09558804901338276,0.048478571536347013
ergo_adaptive,281.16666666666663,0.09571416544684183,0.04831618989169355
ergo_adaptive,281.25,0.09635421396362,0.04818980931121503
ergo_adaptive,281.33333333333337,0.09907037275768459,0.04810811073618857
ergo_adaptive,281.41666666666663,0.0975067652372453,0.048093689920509435
ergo_adaptive,281.5,0.09759547058676006,0.048136373830252335
ergo_adaptive,281.58333333333337,0.0988266877247035,0.048167761558894545
ergo_adaptive,281.66666666666663,0.09927041295626991,0.04818566504431188
ergo_adaptive,281.75,0.09686519802469444,0.04820662313849589
ergo_adaptive,281.83333333333337,0.0963527532685495,0.048230444691721094
ergo_adaptive,281.91666666666663,0.09841133389594331,0.048303727923293516
ergo_adaptive,282.0,0.09973057736286628,0.04838874332485646
ergo_adaptive,282.08333333333337,0.10077353142544827,0.048460777073028455
ergo_adaptive,282.16666666666663,0.10184233309955343,0.04852002960055558
ergo_adaptive,282.25,0.09956455512126554,0.048586412543475475
ergo_adaptive,282.33333333333337,0.09842945897629066,0.04865338031072499
ergo_adaptive,282.41666666666663,0.09866652157993133,0.04873334918509689
ergo_adaptive,282.5,0.09857808297452555,0.04881244176823144
ergo_adaptive,282.58333333333337,0.09919601472628693,0.04888854304963795
ergo_adaptive,282.66666666666663,0.09922865605933408,0.0489592335896963
ergo_adaptive,282.75,0.10052944281392064,0.04901518776992658
ergo_adaptive,282.83333333333337,0.10238398107433877,0.04905837523098151
ergo_adaptive,282.91666666666663,0.10309954608926354,0.049097058053211455
ergo_adaptive,283.0,0.10368324544253416,0.049132458426009794
ergo_adaptive,283.08333333333337,0.10425872781465324,0.049167826297496595
ergo_adaptive,283.16666666666663,0.10379981510234937,0.04919873416056727
ergo_adaptive,283.25,0.10518467747116622,0.04922148357630915
ergo_adaptive,283.33333333333337,0.10512629085495497,0.049238214388196505
ergo_adaptive,283.41666666666663,0.10349402386583065,0.04924439865010622
ergo_adaptive,283.5,0.10556310004239222,0.049222486249077345
ergo_adaptive,283.58333333333337,0.10298662447233807,0.04917889253224025
ergo_adaptive,283.66666666666663,0.10363235243203801,0.04912119887684029
ergo_adaptive,283.75,0.10353546132309085,0.0490722642971001
ergo_adaptive,283.83333333333337,0.10093437157698304,0.04908359899022579
ergo_adaptive,283.91666666666663,0.10182909974493762,0.04913432998833704
ergo_adaptive,284.0,0.1032770460528781,0.04919422014182024
ergo_adaptive,284.08333333333337,0.10340730120985846,0.04925383617369963
ergo_adaptive,284.16666666666663,0.10316878713122432,0.04930478177665644
ergo_adaptive,284.25,0.10420234049537141,0.04934566982004492
ergo_adaptive,284.33333333333337,0.10395455250446711,0.04938834106161353
ergo_adaptive,284.41666666666663,0.10553090760859457,0.049422454578536175
ergo_adaptive,284.5,0.10457562143134218,0.04945844463878593
ergo_adaptive,284.58333333333337,0.10549467547192957,0.049492885898596246
ergo_adaptive,284.66666666666663,0.10543746912028477,0.04952971241452294
ergo_adaptive,284.75,0.10462787199819117,0.04956768558572562
ergo_adaptive,284.83333333333337,0.10637155916873348,0.049597080693559545
ergo_adaptive,284.91666666666663,0.10530892820260275,0.04962295827849176
ergo_adaptive,285.0,0.10719670668496048,0.04964554531655311
ergo_adaptive,285.08333333333337,0.1068687232966979,0.04966877047057559
ergo_adaptive,285.16666666666663,0.10541749168181921,0.04969152024916117
ergo_adaptive,285.25,0.10164399924805226,0.04971782859402764
ergo_adaptive,285.33333333333337,0.10413007623077251,0.04972881664880922
ergo_adaptive,285.41666666666663,0.09977721219121895,0.04973597194741683
ergo_adaptive,285.5,0.1002104219867066,0.04974811580304907
ergo_adaptive,285.58333333333337,0.10047978455031756,0.049756363566294294
ergo_adaptive,285.66666666666663,0.10115259598178244,0.04975119122682851
ergo_adaptive,285.75,0.10322377617450303,0.04972948296892529
ergo_adaptive,285.83333333333337,0.10239820460721218,0.04970818128745163
ergo_adaptive,285.91666666666663,0.10352795554520305,0.049694145417858555
ergo_adaptive,286.0,0.10461691697672752,0.049675674482111916
ergo_adaptive,286.08333333333337,0.1034376842603348,0.0496494331016101
ergo_adaptive,286.16666666666663,0.10488719374299114,0.0496214210692373
ergo_adaptive,286.25,0.10291893263335221,0.049607750334958046
ergo_adaptive,286.33333333333337,0.10404829538733107,0.04958129094055057
ergo_adaptive,286.41666666666663,0.10482428501014347,0.049530163737409434
ergo_adaptive,286.5,0.10554969408520437,0.04947206445235928
ergo_adaptive,286.58333333333337,0.10610801955661442,0.04944248022172115
ergo_adaptive,286.66666666666663,0.10565795678729754,0.04942881740532963
ergo_adaptive,286.75,0.10683947623031234,0.04937787906167239
ergo_adaptive,286.83333333333337,0.10670003204161853,0.049309772524653864
ergo_adaptive,286.91666666666663,0.10679116373089978,0.04925579545225844
ergo_adaptive,287.0,0.10706806491473138,0.04922598377803206
ergo_adaptive,287.08333333333337,0.10590169668224313,0.04922588347073581
ergo_adaptive,287.16666666666663,0.10434253065090932,0.04924313125480175
ergo_adaptive,287.25,0.10519657660825889,0.04925659337667794
ergo_adaptive,287.33333333333337,0.10666719141439948,0.049293270070537284
ergo_adaptive,287.41666666666663,0.10659251328068216,0.049339317055509584
ergo_adaptive,287.5,0.10640492512115259,0.04939562118898371
ergo_adaptive,287.58333333333337,0.10443112983854087,0.04946499963661501
ergo_adaptive,287.66666666666663,0.1051339787737032,0.04954754800580257
ergo_adaptive,287.75,0.10596341829571194,0.049635036476973024
ergo_adaptive,287.83333333333337,0.10654749449223033,0.04972321036120668
ergo_adaptive,287.91666666666663,0.10591141577792267,0.04980614130573647
ergo_adaptive,288.0,0.10516146662832641,0.04988891713697331
ergo_adaptive,288.08333333333337,0.10412205061020689,0.049964870997703484
ergo_adaptive,288.16666666666663,0.10235463758753954,0.050017751961425286
ergo_adaptive,288.25,0.10307505597489308,0.0500348021468385
ergo_adaptive,288.33333333333337,0.10260267643898462,0.050006383019519256
ergo_adaptive,288.41666666666663,0.10324770479892083,0.0499279790982895
ergo_adaptive,288.5,0.10239452568818322,0.049802499433655154
ergo_adaptive,288.58333333333337,0.10563819815064414,0.04967664415273322
ergo_adaptive,288.66666666666663,0.10541534468186954,0.0495444408803702
ergo_adaptive,288.75,0.10490451558334944,0.04942025404072642
ergo_adaptive,288.83333333333337,0.10234331664749968,0.049318593681188384
ergo_adaptive,288.91666666666663,0.10368434693899546,0.04923932542738365
ergo_adaptive,289.0,0.1042128445072074,0.04918209825263244
ergo_adaptive,289.08333333333337,0.10483058065965524,0.04913258784814313
ergo_adaptive,289.16666666666663,0.10710681231715126,0.049086513836664174
ergo_adaptive,289.25,0.10777389911804472,0.04905413521791706
ergo_adaptive,289.33333333333337,0.10658566407718384,0.049035026256382064
ergo_adaptive,289.41666666666663,0.10541831892414193,0.04901465755908498
ergo_adaptive,289.5,0.10668507477025231,0.04897818881702895
ergo_adaptive,289.58333333333337,0.10910346913252526,0.048937502132328684
ergo_adaptive,289.66666666666663,0.10986788907084111,0.0489176691738132
ergo_adaptive,289.75,0.10913724985840159,0.04891500288176836
ergo_adaptive,289.83333333333337,0.11034500848802117,0.048909515199825164
ergo_adaptive,289.91666666666663,0.11061057731828458,0.04890420931369183
ergo_adaptive,290.0,0.10890372603885808,0.048907567091713434
ergo_adaptive,290.08333333333337,0.11103534978533912,0.04891806111183943
ergo_adaptive,290.16666666666663,0.10994637505200804,0.04893402803299132
ergo_adaptive,290.25,0.10953612471860476,0.048957673029026365
ergo_adaptive,290.33333333333337,0.10849410847767817,0.04900133072456809
ergo_adaptive,290.41666666666663,0.10830437698704379,0.049055814018570815
ergo_adaptive,290.5,0.10869510258486931,0.04911447503515542
ergo_adaptive,290.58333333333337,0.10762789347202963,0.04917505420810586
ergo_adaptive,290.66666666666663,0.10516388395270641,0.04924329551451315
ergo_adaptive,290.75,0.10538789017034973,0.049318640128397186
ergo_adaptive,290.83333333333337,0.10258089758700252,0.04940468435273972
ergo_adaptive,290.91666666666663,0.10216042889713768,0.049502156723934834
ergo_adaptive,291.0,0.10181864736743776,0.04959435216586184
ergo_adaptive,291.08333333333337,0.10455811389494163,0.04967017298847839
ergo_adaptive,291.16666666666663,0.10402932021522616,0.049731422763016106
ergo_adaptive,291.25,0.10388561977450755,0.049778509582780524
ergo_adaptive,291.33333333333337,0.10572412023160585,0.049810555034465596
ergo_adaptive,291.41666666666663,0.10663504007548298,0.04982606932101568
ergo_adaptive,291.5,0.10665425153329039,0.04982540768639013
ergo_adaptive,291.58333333333337,0.10732453384443949,0.04981520787546074
ergo_adaptive,291.66666666666663,0.10526296493923464,0.049805766773332226
ergo_adaptive,291.75,0.10467110545962513,0.049793966091159984
ergo_adaptive,291.83333333333337,0.10521807370728736,0.0497692038505575
ergo_adaptive,291.91666666666663,0.10589056648595412,0.049733066029782474
ergo_adaptive,292.0,0.10491927877584135,0.04969232754534776
ergo_adaptive,292.08333333333337,0.10499409288906009,0.04964743256445683
ergo_adaptive,292.16666666666663,0.10420781639506566,0.049585943501943106
ergo_adaptive,292.25,0.10438960443737944,0.04950895685962986
ergo_adaptive,292.33333333333337,0.10513220402099618,0.04943638073972498
ergo_adaptive,292.41666666666663,0.10444358429576951,0.04938189868615388
ergo_adaptive,292.5,0.10456259193540067,0.049301050224348435
ergo_adaptive,292.58333333333337,0.10525644988475193,0.04919105109204487
ergo_adaptive,292.66666666666663,0.10485419545914938,0.04909380368056449
ergo_adaptive,292.75,0.10391488282265417,0.049029095381996284
ergo_adaptive,292.83333333333337,0.10462363543331792,0.048938391356325904
ergo_adaptive,292.91666666666663,0.1053745998537121,0.04882776980242235
ergo_adaptive,293.0,0.10598827918447522,0.048746362581075814
ergo_adaptive,293.08333333333337,0.10279137861120785,0.048705600227965114
ergo_adaptive,293.16666666666663,0.10121064791219313,0.04867373396489792
ergo_adaptive,293.25,0.10013934542534426,0.048636468962472236
ergo_adaptive,293.33333333333337,0.09540584900426585,0.048603779927180374
ergo_adaptive,293.41666666666663,0.09494704736283646,0.04862131120758994
ergo_adaptive,293.5,0.09591361110067093,0.04867157050256393
ergo_adaptive,293.58333333333337,0.09642401626000384,0.04874194382846405
ergo_adaptive,293.66666666666663,0.09845961558562372,0.0488099632922782
ergo_adaptive,293.75,0.09939601886164767,0.04885550728824815
ergo_adaptive,293.83333333333337,0.09847276767825897,0.048880855880095386
ergo_adaptive,293.91666666666663,0.10002624198791153,0.04889635354939033
ergo_adaptive,294.0,0.10105465553546403,0.04891356883377042
ergo_adaptive,294.08333333333337,0.1021764487244374,0.04891418389318049
ergo_adaptive,294.16666666666663,0.10230538900080982,0.04890092330247974
ergo_adaptive,294.25,0.10165167053529968,0.04889218316277835
ergo_adaptive,294.33333333333337,0.10417709206439826,0.048892948689072825
ergo_adaptive,294.41666666666663,0.10554451622150857,0.04889287207293745
ergo_adaptive,294.5,0.10530455442878424,0.048884147225563244
ergo_adaptive,294.58333333333337,0.1056799921805653,0.04887307634435342
ergo_adaptive,294.66666666666663,0.10488171528535958,0.0488708548653772
ergo_adaptive,294.75,0.10569253888026789,0.048877025476648836
ergo_adaptive,294.83333333333337,0.10622183724194877,0.048884410629918384
ergo_adaptive,294.91666666666663,0.10523986183557413,0.04889204873570638
ergo_adaptive,295.0,0.10453141455601789,0.048904556274949045
ergo_adaptive,295.08333333333337,0.10545589883252161,0.0489259421704092
ergo_adaptive,295.16666666666663,0.10502892514314542,0.04895459143326171
ergo_adaptive,295.25,0.10607510637127068,0.04898136189541533
ergo_adaptive,295.33333333333337,0.105545025668026,0.04901255395832983
ergo_adaptive,295.41666666666663,0.105371854523544,0.04905479362854455
ergo_adaptive,295.5,0.1027440558859255,0.049104516565798506
ergo_adaptive,295.58333333333337,0.10295322686310572,0.04915057147818897
ergo_adaptive,295.66666666666663,0.10085668045947559,0.049194650840089914
ergo_adaptive,295.75,0.10048073227146727,0.049241890704095334
ergo_adaptive,295.83333333333337,0.10039119438902952,0.04929447773884669
ergo_adaptive,295.91666666666663,0.10056027991046544,0.04934705624996159
ergo_adaptive,296.0,0.09882529487534093,0.0494066395442194
ergo_adaptive,296.08333333333337,0.09643879722262605,0.04947726107279249
ergo_adaptive,296.16666666666663,0.0963066773381869,0.04955454844115716
ergo_adaptive,296.25,0.09551773444779882,0.04963442014613473
ergo_adaptive,296.33333333333337,0.09368384602809016,0.04971868325068412
ergo_adaptive,296.41666666666663,0.09221773700332264,0.04981746218574759
ergo_adaptive,296.5,0.09150753791553826,0.04991347085164417
ergo_adaptive,296.58333333333337,0.09054248835595616,0.050005242720878196
ergo_adaptive,296.66666666666663,0.09230309225198043,0.05008719806589736
ergo_adaptive,296.75,0.09126973351982628,0.0501641659387038
ergo_adaptive,296.83333333333337,0.08814365184846601,0.05022015743635071
ergo_adaptive,296.91666666666663,0.08937207566414375,0.05024175530846093
ergo_adaptive,297.0,0.09125610983365122,0.050238827977663846
ergo_adaptive,297.08333333333337,0.08904207332624998,0.05023228521820185
ergo_adaptive,297.16666666666663,0.09210216704338846,0.050224369093421165
ergo_adaptive,297.25,0.09382119615614873,0.05020581954560568
ergo_adaptive,297.33333333333337,0.09272797128994077,0.05017483685476461
ergo_adaptive,297.41666666666663,0.09551885697887294,0.05014047377100584
ergo_adaptive,297.5,0.09618412064786255,0.05010974840277742
ergo_adaptive,297.58333333333337,0.0980127490237731,0.05007161854325816
ergo_adaptive,297.66666666666663,0.097856586234224,0.05001809515252697
ergo_adaptive,297.75,0.09621813484793935,0.0499642886996981
ergo_adaptive,297.83333333333337,0.09638649858314192,0.049922049413984065
ergo_adaptive,297.91666666666663,0.09745332701799907,0.04987994574993475
ergo_adaptive,298.0,0.09726163915837115,0.04981804053731193
ergo_adaptive,298.08333333333337,0.09766275028521175,0.04974245572936058
ergo_adaptive,298.16666666666663,0.09534670742613303,0.04968263484243972
ergo_adaptive,298.25,0.09482225281935079,0.049636847943786234
ergo_adaptive,298.33333333333337,0.09585484905765256,0.04957290563012866
ergo_adaptive,298.41666666666663,0.09612389068857385,0.04949343322295527
ergo_adaptive,298.5,0.09803011251078245,0.04942354003389971
ergo_adaptive,298.58333333333337,0.09834297875136615,0.0493810152743479
ergo_adaptive,298.66666666666663,0.09813954267196898,0.04934057395627496
ergo_adaptive,298.75,0.09825507750827649,0.04929502610434426
ergo_adaptive,298.83333333333337,0.09710993273977217,0.04925660018629541
ergo_adaptive,298.91666666666663,0.09666097225197533,0.04923778608460659
ergo_adaptive,299.0,0.09727869451686534,0.049227444957048526
ergo_adaptive,299.08333333333337,0.09687346044854102,0.04921184217526104
ergo_adaptive,299.16666666666663,0.09887214080149573,0.04919611281679589
ergo_adaptive,299.25,0.09931864864264142,0.04919337054753266
ergo_adaptive,299.33333333333337,0.09772023859957034,0.04919633614670735
ergo_adaptive,299.41666666666663,0.0973734255652928,0.04918374729921231
ergo_adaptive,299.5,0.096662989861613,0.04915772992858195
ergo_adaptive,299.58333333333337,0.09434677667298101,0.04912985070402772
ergo_adaptive,299.66666666666663,0.09370576434220829,0.04910846038530302
ergo_adaptive,299.75,0.09299444797354069,0.04909109545697319
ergo_adaptive,299.83333333333337,0.0933536728265845,0.04907009268171555
ergo_adaptive,299.91666666666663,0.08999148151937132,0.04905668328546239
ergo_adaptive,300.0,0.08758859900026755,0.04906333920885732
ergo_adaptive,300.08333333333337,0.0891526455731936,0.04909236935856558
ergo_adaptive,300.16666666666663,0.08784823666552051,0.04912519009065655
ergo_adaptive,300.25,0.08820984993068376,0.04917178317647124
ergo_adaptive,300.33333333333337,0.08783100912817249,0.04923471708932441
ergo_adaptive,300.41666666666663,0.08687762142898682,0.049312200826443914
ergo_adaptive,300.5,0.08499203546917562,0.04938795356158889
ergo_adaptive,300.58333333333337,0.08499066028684582,0.04946943624494358
ergo_adaptive,300.66666666666663,0.0851438189917021,0.04954949373078762
ergo_adaptive,300.75,0.08391304873858724,0.04962240919698804
ergo_adaptive,300.83333333333337,0.08305157529578985,0.049684994662619685
ergo_adaptive,300.91666666666663,0.08339625936896126,0.049722276750962455
ergo_adaptive,301.0,0.08302653119375558,0.04971332258383876
ergo_adaptive,301.08333333333337,0.08583383775814633,0.04966542628473479
ergo_adaptive,301.16666666666663,0.08655146686878193,0.04960178306834394
ergo_adaptive,301.25,0.08510961242078198,0.04953592837789605
ergo_adaptive,301.33333333333337,0.0863457287190173,0.049481535880761714
ergo_adaptive,301.41666666666663,0.08651407251662446,0.04943839438034823
ergo_adaptive,301.5,0.08559371716700401,0.04936650051693733
ergo_adaptive,301.58333333333337,0.0861861393999394,0.04926917941356088
ergo_adaptive,301.66666666666663,0.08447508485214145,0.04916339256278782
ergo_adaptive,301.75,0.08230734911456153,0.04906777948065975
ergo_adaptive,301.83333333333337,0.08534530104288779,0.04900005106352912
ergo_adaptive,301.91666666666663,0.08395446480199507,0.04895687111708885
ergo_adaptive,302.0,0.08169746124610873,0.048873493536768065
ergo_adaptive,302.08333333333337,0.08056568959998613,0.04876244882885737
ergo_adaptive,302.16666666666663,0.07999267750952052,0.048650323297630485
ergo_adaptive,302.25,0.08040901818623122,0.04854815313833088
ergo_adaptive,302.33333333333337,0.08007999373700032,0.048472309269078556
ergo_adaptive,302.41666666666663,0.07935677918655969,0.04841266760061551
ergo_adaptive,302.5,0.07815578648388538,0.048329649280128756
ergo_adaptive,302.58333333333337,0.07686225140604086,0.04822681146135008
ergo_adaptive,302.66666666666663,0.07340848077346786,0.048119789123582266
ergo_adaptive,302.75,0.07161950961359524,0.04801479813670771
ergo_adaptive,302.83333333333337,0.07338926501363602,0.04792098873800318
ergo_adaptive,302.91666666666663,0.07084801833815553,0.04784982616359795
ergo_adaptive,303.0,0.06749882731919203,0.047748365632542214
ergo_adaptive,303.08333333333337,0.06645460122949778,0.047728500350718586
ergo_adaptive,303.16666666666663,0.06645342756171142,0.047771025792231796
ergo_adaptive,303.25,0.06793439887511142,0.04782162745603393
ergo_adaptive,303.33333333333337,0.06816742148978941,0.04785837397796628
ergo_adaptive,303.41666666666663,0.06946632640933499,0.047884065338725086
ergo_adaptive,303.5,0.0693586026735206,0.047897562017183724
ergo_adaptive,303.58333333333337,0.06998917922447795,0.04789306200273736
ergo_adaptive,303.66666666666663,0.07098454947273827,0.04786603597194426
ergo_adaptive,303.75,0.07076873014921493,0.047821452633343774
ergo_adaptive,303.83333333333337,0.07297932424309525,0.04776936959737369
ergo_adaptive,303.91666666666663,0.07397023636100655,0.04770781055096866
ergo_adaptive,304.0,0.07406653904836956,0.04762340401529505
ergo_adaptive,304.08333333333337,0.07682558788241318,0.04751131410553345
ergo_adaptive,304.16666666666663,0.07759619549212399,0.047388515676606374
ergo_adaptive,304.25,0.0804691811656732,0.047276675012619895
ergo_adaptive,304.33333333333337,0.07928008501196199,0.0471701776316994
ergo_adaptive,304.41666666666663,0.07978629626061788,0.047061278406602056
ergo_adaptive,304.5,0.07927686621372705,0.046970492042646916
ergo_adaptive,304.58333333333337,0.08108960853156591,0.046921642117780334
ergo_adaptive,304.66666666666663,0.08109812855670029,0.04688913751310613
ergo_adaptive,304.75,0.08288893185819775,0.04684062512019827
ergo_adaptive,304.83333333333337,0.08155533415732723,0.046791124839131386
ergo_adaptive,304.91666666666663,0.08049955587210665,0.046760683049632434
ergo_adaptive,305.0,0.08264819442539724,0.04675396932727581
ergo_adaptive,305.08333333333337,0.08160984133641826,0.04675029435562258
ergo_adaptive,305.16666666666663,0.0799078733803405,0.04675199644725573
ergo_adaptive,305.25,0.0802248659885602,0.046777697683259345
ergo_adaptive,305.33333333333337,0.07870977689278881,0.0468282323043004
ergo_adaptive,305.41666666666663,0.07900153152175451,0.04690061916450102
ergo_adaptive,305.5,0.07943379169529381,0.04697776055009232
ergo_adaptive,305.58333333333337,0.07831179006200681,0.04705910419411343
ergo_adaptive,305.66666666666663,0.07865450312024655,0.04715002510077115
ergo_adaptive,305.75,0.07724206338650007,0.047247577325005265
ergo_adaptive,305.83333333333337,0.07651372187634548,0.04734796181165798
ergo_adaptive,305.91666666666663,0.07472928422507409,0.047448828002275116
ergo_adaptive,306.0,0.0745174871378026,0.04755048609690552
ergo_adaptive,306.08333333333337,0.072574953742518,0.04764634566545389
ergo_adaptive,306.16666666666663,0.07404515947135215,0.04773173683041283
ergo_adaptive,306.25,0.07380429069827464,0.04780328911223484
ergo_adaptive,306.33333333333337,0.07450088472200692,0.04786265362588116
ergo_adaptive,306.41666666666663,0.07506789500710791,0.04791412190780446
ergo_adaptive,306.5,0.07560713342574835,0.04795560515637991
ergo_adaptive,306.58333333333337,0.0758286290291096,0.047983526217334566
ergo_adaptive,306.66666666666663,0.07533736492072235,0.04800361828943271
ergo_adaptive,306.75,0.07441000966667684,0.048023429230949904
ergo_adaptive,306.83333333333337,0.07509702318000752,0.04803492011645941
ergo_adaptive,306.91666666666663,0.07452381687442235,0.04803035704014515
ergo_adaptive,307.0,0.0737724244019199,0.048010412109745014
ergo_adaptive,307.08333333333337,0.07529304099244172,0.047981403277278345
ergo_adaptive,307.16666666666663,0.07889735059192175,0.04795703790034496
ergo_adaptive,307.25,0.0772383140277207,0.047932186563523486
ergo_adaptive,307.33333333333337,0.0806482489172053,0.047892334237728325
ergo_adaptive,307.41666666666663,0.08040158364458509,0.04783678800905394
ergo_adaptive,307.5,0.08291650415978291,0.04777934062538767
ergo_adaptive,307.58333333333337,0.08479694580998767,0.04772270910898377
ergo_adaptive,307.66666666666663,0.08209481739842635,0.04764264488080875
ergo_adaptive,307.75,0.0810647571416439,0.047538397199948755
ergo_adaptive,307.83333333333337,0.07956275238606181,0.04743009460265512
ergo_adaptive,307.91666666666663,0.07878610355525784,0.04733801932712972
ergo_adaptive,308.0,0.08113940198627591,0.047256900899244295
ergo_adaptive,308.08333333333337,0.08233253151862607,0.0471828149981976
ergo_adaptive,308.16666666666663,0.08311368429359305,0.04711959379385884
ergo_adaptive,308.25,0.08492254313375468,0.047083569923978476
ergo_adaptive,308.33333333333337,0.08365967848666676,0.047072006277656724
ergo_adaptive,308.41666666666663,0.08201340877131315,0.04704383801113291
ergo_adaptive,308.5,0.08189991994375444,0.04698669696300497
ergo_adaptive,308.58333333333337,0.08091577889602736,0.04691703536927495
ergo_adaptive,308.66666666666663,0.08331858660947424,0.04685791266435861
ergo_adaptive,308.75,0.08526210311397704,0.04681800637454408
ergo_adaptive,308.83333333333337,0.0828306909108557,0.04679252916903591
ergo_adaptive,308.91666666666663,0.08164520233502146,0.046772374726805704
ergo_adaptive,309.0,0.08041779761111105,0.046758531844366305
ergo_adaptive,309.08333333333337,0.08370323971695695,0.04676007548402814
ergo_adaptive,309.16666666666663,0.08272969128211466,0.046785162376492856
ergo_adaptive,309.25,0.0809588316963445,0.0468050792698515
ergo_adaptive,309.33333333333337,0.07994475804212507,0.04681550187878487
ergo_adaptive,309.41666666666663,0.0814612051685768,0.046834291331223354
ergo_adaptive,309.5,0.07966182149918498,0.04687389790622172
ergo_adaptive,309.58333333333337,0.07919094695580092,0.046917314155971154
ergo_adaptive,309.66666666666663,0.08080243716304866,0.04695878032439361
ergo_adaptive,309.75,0.08089656861886538,0.04700153406555454
ergo_adaptive,309.83333333333337,0.08026901643912089,0.047046357422310475
ergo_adaptive,309.91666666666663,0.08009565353509868,0.047086581274831896
ergo_adaptive,310.0,0.08011123064377895,0.04711853248677497
ergo_adaptive,310.08333333333337,0.078591314770267,0.04715797579630519
ergo_adaptive,310.16666666666663,0.07910114399583788,0.0472135910377516
ergo_adaptive,310.25,0.0806221158958984,0.04727440030654125
ergo_adaptive,310.33333333333337,0.08061609684960436,0.047320826736131326
ergo_adaptive,310.41666666666663,0.08028680074954436,0.04735194838197766
ergo_adaptive,310.5,0.08061304656119002,0.04737753109811697
ergo_adaptive,310.58333333333337,0.08132427413225421,0.04740042972143777
ergo_adaptive,310.66666666666663,0.08027105645497368,0.04740442403365277
ergo_adaptive,310.75,0.08203577372778595,0.04738216597133243
ergo_adaptive,310.83333333333337,0.08444526201642992,0.04734340799854367
ergo_adaptive,310.91666666666663,0.08390185936090944,0.04730256794339056
ergo_adaptive,311.0,0.08659732836994999,0.04725440599815131
ergo_adaptive,311.08333333333337,0.08417848507519898,0.04719566662025801
ergo_adaptive,311.16666666666663,0.08513953732690302,0.047129869734518486
ergo_adaptive,311.25,0.08618941446437207,0.04706861715044954
ergo_adaptive,311.33333333333337,0.08846921688983517,0.047023097273846785
ergo_adaptive,311.41666666666663,0.08838082665822342,0.046986337248614805
ergo_adaptive,311.5,0.08976092998723806,0.04694719610209115
ergo_adaptive,311.58333333333337,0.08881391700959518,0.04690875517852289
ergo_adaptive,311.66666666666663,0.08910696098195253,0.04688374835838876
ergo_adaptive,311.75,0.08902387666451546,0.046867324094919914
ergo_adaptive,311.83333333333337,0.08918494877729052,0.04685156516221269
ergo_adaptive,311.91666666666663,0.0880430375531993,0.04683953636804294
ergo_adaptive,312.0,0.08527863766337379,0.046843462041396215
ergo_adaptive,312.08333333333337,0.08458363321407852,0.04685667583473893
ergo_adaptive,312.16666666666663,0.08677232205354751,0.046878066192051766
ergo_adaptive,312.25,0.08501790870718046,0.04690636387428392
ergo_adaptive,312.33333333333337,0.0864463199719249,0.04693290230894354
ergo_adaptive,312.41666666666663,0.08484509852177426,0.046965513983868085
ergo_adaptive,312.5,0.08309516092221185,0.0470081757122286
ergo_adaptive,312.58333333333337,0.07890094044735001,0.04704631073511535
ergo_adaptive,312.66666666666663,0.07835850115955027,0.047067298795390226
ergo_adaptive,312.75,0.07318246500447895,0.04707186221490169
ergo_adaptive,312.83333333333337,0.07341803383112343,0.047060519779421356
ergo_adaptive,312.91666666666663,0.07359525924128923,0.047034980253249294
ergo_adaptive,313.0,0.07443650383657367,0.046971934015713396
ergo_adaptive,313.08333333333337,0.07396046876959128,0.04688242515759136
ergo_adaptive,313.16666666666663,0.07300129994218857,0.0467962432597058
ergo_adaptive,313.25,0.07115797769506742,0.046735378697024245
ergo_adaptive,313.33333333333337,0.07192354099835414,0.04676801033432672
ergo_adaptive,313.41666666666663,0.07196958499088195,0.04685052522524699
ergo_adaptive,313.5,0.07160001030567878,0.046937593979904074
ergo_adaptive,313.58333333333337,0.07195408768471549,0.04702334990599686
ergo_adaptive,313.66666666666663,0.07126259474076539,0.0471064573822897
ergo_adaptive,313.75,0.07181603362661448,0.047183436960465765
ergo_adaptive,313.83333333333337,0.07324202463125322,0.047254673021387424
ergo_adaptive,313.91666666666663,0.07249345609853873,0.047319154861223824
ergo_adaptive,314.0,0.07156466614144241,0.04737458171878
ergo_adaptive,314.08333333333337,0.07309519889439238,0.04741744886208451
ergo_adaptive,314.16666666666663,0.07344206015746492,0.047452895517800874
ergo_adaptive,314.25,0.07417899157040972,0.04748284702444989
ergo_adaptive,314.33333333333337,0.0742197368008956,0.047502089629745885
ergo_adaptive,314.41666666666663,0.0752737022379187,0.047507397100857315
ergo_adaptive,314.5,0.07446268946433007,0.047506752487886904
ergo_adaptive,314.58333333333337,0.07382905555415911,0.047500519146232476
ergo_adaptive,314.66666666666663,0.07379474699769191,0.04747559515462149
ergo_adaptive,314.75,0.07543904377083858,0.04742603511291722
ergo_adaptive,314.83333333333337,0.07583837879614655,0.04736635321676713
ergo_adaptive,314.91666666666663,0.07754170212053249,0.04730978842331904
ergo_adaptive,315.0,0.07577060713531707,0.047259281953518535
ergo_adaptive,315.08333333333337,0.0745769692523466,0.04720682971409632
ergo_adaptive,315.16666666666663,0.07507730199401379,0.04715037932015363
ergo_adaptive,315.25,0.07705240300794727,0.04709973484837866
ergo_adaptive,315.33333333333337,0.07581563313116206,0.047076033116093846
ergo_adaptive,315.41666666666663,0.07699851749987434,0.04704752514142842
ergo_adaptive,315.5,0.07895733464802863,0.04699403177713416
ergo_adaptive,315.58333333333337,0.08069796282270517,0.0469289612025223
ergo_adaptive,315.66666666666663,0.07799347653458989,0.04686853475590479
ergo_adaptive,315.75,0.07808478735060402,0.046816889924259975
ergo_adaptive,315.83333333333337,0.08178801679269562,0.046776748911058624
ergo_adaptive,315.91666666666663,0.08379339939156631,0.04674563342449072
ergo_adaptive,316.0,0.0846545233261831,0.04672032466629639
ergo_adaptive,316.08333333333337,0.08632682432238148,0.046713539809208844
ergo_adaptive,316.16666666666663,0.08529556832249771,0.046729477473898315
ergo_adaptive,316.25,0.08323803107459408,0.046739489373883225
ergo_adaptive,316.33333333333337,0.08296634555699503,0.046745082092958426
ergo_adaptive,316.41666666666663,0.08224697869633488,0.04675776257820892
ergo_adaptive,316.5,0.08329249954834937,0.04678297713824802
ergo_adaptive,316.58333333333337,0.08449009244177201,0.046810460723881855
ergo_adaptive,316.66666666666663,0.08397441272417545,0.04683487672678706
ergo_adaptive,316.75,0.08444452203983165,0.046861952299636786
ergo_adaptive,316.83333333333337,0.08551763268812639,0.046897915996773946
ergo_adaptive,316.91666666666663,0.08495503117313391,0.04694143466480223
ergo_adaptive,317.0,0.08316954457268963,0.04698744524305558
ergo_adaptive,317.08333333333337,0.0835291821508131,0.04703503492795773
ergo_adaptive,317.16666666666663,0.08134915572178764,0.04708657837883206
ergo_adaptive,317.25,0.07952021521101496,0.047141556439511324
ergo_adaptive,317.33333333333337,0.07856097244615286,0.047196770509882593
ergo_adaptive,317.41666666666663,0.07768979062507007,0.04724491698623088
ergo_adaptive,317.5,0.07771872654276306,0.047282408143155645
ergo_adaptive,317.58333333333337,0.07560978932052441,0.04731781434632977
ergo_adaptive,317.66666666666663,0.07530556224974959,0.04735863679117743
ergo_adaptive,317.75,0.07408763809672368,0.04740373753705219
ergo_adaptive,317.83333333333337,0.07274197106478061,0.04746213370833623
ergo_adaptive,317.91666666666663,0.07268470517654052,0.04755174170200436
ergo_adaptive,318.0,0.07252504444635162,0.04765609682214891
ergo_adaptive,318.08333333333337,0.07228501178337432,0.04776421537145846
ergo_adaptive,318.16666666666663,0.07256009449679446,0.04786643764311545
ergo_adaptive,318.25,0.07255562814810644,0.04796129432868707
ergo_adaptive,318.33333333333337,0.07207804967096958,0.048053513605114874
ergo_adaptive,318.41666666666663,0.0721753340889648,0.04815762145276561
ergo_adaptive,318.5,0.07256129788038072,0.04826351483735017
ergo_adaptive,318.58333333333337,0.07223348723765302,0.0483613450988619
ergo_adaptive,318.66666666666663,0.07200878054860561,0.04844679951857905
ergo_adaptive,318.75,0.07240494329132398,0.04850926073291149
ergo_adaptive,318.83333333333337,0.07376670474714676,0.04854079742831198
ergo_adaptive,318.91666666666663,0.07131802329076145,0.04858544445858893
ergo_adaptive,319.0,0.07163774334710653,0.048623581726245264
ergo_adaptive,319.08333333333337,0.07186150903893503,0.04863782343332838
ergo_adaptive,319.16666666666663,0.07110114751070076,0.04863368215395962
ergo_adaptive,319.25,0.07026635985229872,0.0486685390751258
ergo_adaptive,319.33333333333337,0.07046610263579853,0.04872114945938352
ergo_adaptive,319.41666666666663,0.07158651253211505,0.04876931011684909
ergo_adaptive,319.5,0.072530634932998,0.04880716595035079
ergo_adaptive,319.58333333333337,0.0718582748328252,0.04883458502827967
ergo_adaptive,319.66666666666663,0.07300631474501858,0.04884676046454251
ergo_adaptive,319.75,0.07278482552850073,0.04884375041704908
ergo_adaptive,319.83333333333337,0.0747642249137588,0.04883365887059668
ergo_adaptive,319.91666666666663,0.07593300529134103,0.04882705546419116
ergo_adaptive,320.0,0.07727886557136164,0.04883955711438578
ergo_adaptive,320.08333333333337,0.07668100047119877,0.04886438207014857
ergo_adaptive,320.16666666666663,0.07667228483791791,0.04887461563208007
ergo_adaptive,320.25,0.0772066234745645,0.048874694004295755
ergo_adaptive,320.33333333333337,0.07525279201823389,0.04887966145210416
ergo_adaptive,320.41666666666663,0.0742746759683407,0.048888405396025104
ergo_adaptive,320.5,0.07304282833966376,0.04890096548839039
ergo_adaptive,320.58333333333337,0.07566451569742984,0.04889836038795968
ergo_adaptive,320.66666666666663,0.07593752469188626,0.04886860037656554
ergo_adaptive,320.75,0.07760022768406799,0.04882507317570253
ergo_adaptive,320.83333333333337,0.08026425785428609,0.04879429924131445
ergo_adaptive,320.91666666666663,0.08010772401290023,0.04877499098290404
ergo_adaptive,321.0,0.0795918483786523,0.04874232240231702
ergo_adaptive,321.08333333333337,0.08235642635035696,0.04869288625672131
ergo_adaptive,321.16666666666663,0.08351183414558552,0.04864268975779165
ergo_adaptive,321.25,0.08179603820491343,0.04860141579915705
ergo_adaptive,321.33333333333337,0.08207159355861805,0.04858702383427578
ergo_adaptive,321.41666666666663,0.08121168407224305,0.04857397912853675
ergo_adaptive,321.5,0.0800713907554144,0.048539410429724344
ergo_adaptive,321.58333333333337,0.07674997537528994,0.04847990932996332
ergo_adaptive,321.66666666666663,0.07347469513065162,0.04841468931397624
ergo_adaptive,321.75,0.078107829195412,0.04836100088849441
ergo_adaptive,321.83333333333337,0.07941867169544595,0.04827995595610882
ergo_adaptive,321.91666666666663,0.07741564790852443,0.04816591101326014
ergo_adaptive,322.0,0.07786195455168023,0.0480331515086798
ergo_adaptive,322.08333333333337,0.07863193120717263,0.04789973573051029
ergo_adaptive,322.16666666666663,0.0776332347778293,0.04776950069971597
ergo_adaptive,322.25,0.0796023198232478,0.04763868022504973
ergo_adaptive,322.33333333333337,0.08136063790011787,0.0475071221004328
ergo_adaptive,322.41666666666663,0.0844630234398428,0.04738194609776538
ergo_adaptive,322.5,0.08336054042323346,0.047291929135029435
ergo_adaptive,322.58333333333337,0.08193013044349359,0.04722167045981364
ergo_adaptive,322.66666666666663,0.080034952962057,0.047136951860567586
ergo_adaptive,322.75,0.0799252469900683,0.04703847157453421
ergo_adaptive,322.83333333333337,0.07789380511088086,0.0469482732871749
ergo_adaptive,322.91666666666663,0.07591976064362058,0.04687172726384573
ergo_adaptive,323.0,0.07635004492889276,0.04681048134281212
ergo_adaptive,323.08333333333337,0.07790480315462035,0.046757528266101384
ergo_adaptive,323.16666666666663,0.07743778891289577,0.046699440275180026
ergo_adaptive,323.25,0.07810660621921295,0.04663674555642787
ergo_adaptive,323.33333333333337,0.07891749234041273,0.046583665514162424
ergo_adaptive,323.41666666666663,0.07752620815783548,0.0465391573059826
ergo_adaptive,323.5,0.07537469775932029,0.04649656799378863
ergo_adaptive,323.58333333333337,0.07186990225505334,0.04646094998886354
ergo_adaptive,323.66666666666663,0.06929850824111322,0.046462895804801334
ergo_adaptive,323.75,0.0689306549651985,0.04651698589800824
ergo_adaptive,323.83333333333337,0.06986627338677746,0.04659398294664311
ergo_adaptive,323.91666666666663,0.06988962845910734,0.04667630741558626
ergo_adaptive,324.0,0.06954861719812706,0.04675911236668133
ergo_adaptive,324.08333333333337,0.0696281604863248,0.04684306294269948
ergo_adaptive,324.16666666666663,0.07022673284960457,0.04692753352985795
ergo_adaptive,324.25,0.072257146354073,0.04700927249437383
ergo_adaptive,324.33333333333337,0.07172684910357281,0.047088878190425454
ergo_adaptive,324.41666666666663,0.07224972527231664,0.0471692103570637
ergo_adaptive,324.5,0.069950671089117,0.0472516253684527
ergo_adaptive,324.58333333333337,0.07057984937316766,0.047337298312944136
ergo_adaptive,324.66666666666663,0.06979084441222186,0.047425025927057274
ergo_adaptive,324.75,0.06971670405988013,0.04751498514579264
ergo_adaptive,324.83333333333337,0.06885934556500936,0.04760909489473213
ergo_adaptive,324.91666666666663,0.0676719208309223,0.04770048733802964
ergo_adaptive,325.0,0.06752673992233643,0.047787512323332976
ergo_adaptive,325.08333333333337,0.06729192291305432,0.04786090702038142
ergo_adaptive,325.16666666666663,0.06830850128349159,0.047916528852591934
ergo_adaptive,325.25,0.06747338221991428,0.047954095105432824
ergo_adaptive,325.33333333333337,0.06863029481828409,0.047977932402406255
ergo_adaptive,325.41666666666663,0.0698383755915022,0.04798286202658698
ergo_adaptive,325.5,0.0708807878608837,0.04796912638232406
ergo_adaptive,325.58333333333337,0.06909690490448117,0.047943062854715654
ergo_adaptive,325.66666666666663,0.06976789723796407,0.04791259083392558
ergo_adaptive,325.75,0.06916228634881472,0.04787832370812176
ergo_adaptive,325.83333333333337,0.06880548734732471,0.04782083807021614
ergo_adaptive,325.91666666666663,0.07328509245992433,0.047728979283855735
ergo_adaptive,326.0,0.07623303161300293,0.04761970055464876
ergo_adaptive,326.08333333333337,0.07362772297506134,0.047500362644982426
ergo_adaptive,326.16666666666663,0.0716425951430589,0.04737033229752919
ergo_adaptive,326.25,0.0734890061995531,0.04724687585770234
ergo_adaptive,326.33333333333337,0.07240899152406086,0.047124900381415334
ergo_adaptive,326.41666666666663,0.07172255257038337,0.04700557592674724
ergo_adaptive,326.5,0.07152013441827787,0.04690016859673604
ergo_adaptive,326.58333333333337,0.0713057361607224,0.0467967625102935
ergo_adaptive,326.66666666666663,0.0721908130955318,0.04667746349620147
ergo_adaptive,326.75,0.07290104136513359,0.04654636410013062
ergo_adaptive,326.83333333333337,0.07129915427637908,0.046422822064904175
ergo_adaptive,326.91666666666663,0.0741304765377706,0.04631140720274302
ergo_adaptive,327.0,0.07605417657146538,0.04622127546713854
ergo_adaptive,327.08333333333337,0.07771450791198208,0.04614436206307773
ergo_adaptive,327.16666666666663,0.07767682771383416,0.046059635211951
ergo_adaptive,327.25,0.08003025274827494,0.04597556475318583
ergo_adaptive,327.33333333333337,0.07956170660884404,0.045915119018331396
ergo_adaptive,327.41666666666663,0.07598475899663223,0.04585662173841693
ergo_adaptive,327.5,0.07600928726573836,0.045804559541683686
ergo_adaptive,327.58333333333337,0.0785883362197647,0.04575123896791201
ergo_adaptive,327.66666666666663,0.07825895714165197,0.0457032943146161
ergo_adaptive,327.75,0.07753682241639384,0.045674120715954995
ergo_adaptive,327.83333333333337,0.07846010312264791,0.04566715438036186
ergo_adaptive,327.91666666666663,0.07706859295998157,0.04564343505305399
ergo_adaptive,328.0,0.07578264256638972,0.045598526249289686
ergo_adaptive,328.08333333333337,0.07531428511121872,0.04554951672472967
ergo_adaptive,328.16666666666663,0.07629265236004133,0.045512493630809225
ergo_adaptive,328.25,0.07356401016094868,0.04549198366823249
ergo_adaptive,328.33333333333337,0.07096178730197794,0.04548635454354646
ergo_adaptive,328.41666666666663,0.06735521451580952,0.04548501687566162
ergo_adaptive,328.5,0.06847364047230307,0.045501453690139936
ergo_adaptive,328.58333333333337,0.06828658563132169,0.04554380434732496
ergo_adaptive,328.66666666666663,0.06875882950679496,0.04560104563109278
ergo_adaptive,328.75,0.06828259702438952,0.04566060425422928
ergo_adaptive,328.83333333333337,0.06922853784823411,0.04571982763479288
ergo_adaptive,328.91666666666663,0.0704056623574142,0.045778949791151456
ergo_adaptive,329.0,0.07052370996305425,0.045832800044896635
ergo_adaptive,329.08333333333337,0.07224769672260523,0.045875581591950806
ergo_adaptive,329.16666666666663,0.07141894722288782,0.04591246288973076
ergo_adaptive,329.25,0.07227106171603113,0.045946616960740524
ergo_adaptive,329.33333333333337,0.07247142949985233,0.045977431499184145
ergo_adaptive,329.41666666666663,0.07113281454915574,0.04599915228517259
ergo_adaptive,329.5,0.07116450196756272,0.04600861061367597
ergo_adaptive,329.58333333333337,0.07147367214896344,0.046011323985008325
ergo_adaptive,329.66666666666663,0.06963413599006968,0.04601947495177044
ergo_adaptive,329.75,0.07101668571844007,0.04603011720777725
ergo_adaptive,329.83333333333337,0.06985803940790784,0.046037335228271324
ergo_adaptive,329.91666666666663,0.06971996000102852,0.046052460156814745
ergo_adaptive,330.0,0.07247401929628344,0.04608119377903739
ergo_adaptive,330.08333333333337,0.07370270301128214,0.04612036889683915
ergo_adaptive,330.16666666666663,0.07218767926337795,0.046160410770920174
ergo_adaptive,330.25,0.07064719423443734,0.04620240384429102
ergo_adaptive,330.33333333333337,0.07047873914496151,0.046253808931616444
ergo_adaptive,330.41666666666663,0.07120011943612238,0.04632190352391352
ergo_adaptive,330.5,0.06969308872623362,0.04639908909686572
ergo_adaptive,330.58333333333337,0.07062242578336812,0.04648286549955526
ergo_adaptive,330.66666666666663,0.07103430004098547,0.04656829128410532
ergo_adaptive,330.75,0.07027228172478246,0.0466545206876008
ergo_adaptive,330.83333333333337,0.07009631514387799,0.046747025578677145
ergo_adaptive,330.91666666666663,0.06924757934020846,0.04684709288935175
ergo_adaptive,331.0,0.06781478139059634,0.04694999475687864
ergo_adaptive,331.08333333333337,0.06836228858778154,0.0470478778332477
ergo_adaptive,331.16666666666663,0.068816595263255,0.04714043625420334
ergo_adaptive,331.25,0.06938269024690107,0.04722852725770534
ergo_adaptive,331.33333333333337,0.06923496591065527,0.04730585353266413
ergo_adaptive,331.41666666666663,0.06895998519363458,0.04736521258832962
ergo_adaptive,331.5,0.06898416916283827,0.047409811312819405
ergo_adaptive,331.58333333333337,0.06821095253619522,0.047446777882034205
ergo_adaptive,331.66666666666663,0.06767028797005788,0.047475210931062294
ergo_adaptive,331.75,0.06877586553768658,0.047491134063728756
ergo_adaptive,331.83333333333337,0.07179503789698238,0.04749575168893238
ergo_adaptive,331.91666666666663,0.06922191711891171,0.04749395896918321
ergo_adaptive,332.0,0.07221710619385946,0.04749313879163992
ergo_adaptive,332.08333333333337,0.07241779512449956,0.04749348674371005
ergo_adaptive,332.16666666666663,0.07416524657488607,0.047477919643537994
ergo_adaptive,332.25,0.07185820163684656,0.047440091325106765
ergo_adaptive,332.33333333333337,0.07241664579735455,0.04738913492282045
ergo_adaptive,332.41666666666663,0.0741771378091195,0.04733461356924017
ergo_adaptive,332.5,0.07475572104462888,0.047284330105731014
ergo_adaptive,332.58333333333337,0.07130485981640547,0.0472501978754965
ergo_adaptive,332.66666666666663,0.07178412560059605,0.04721935846180171
ergo_adaptive,332.75,0.07436982914032148,0.04718264665827728
ergo_adaptive,332.83333333333337,0.07377361184922493,0.04713895585346563
ergo_adaptive,332.91666666666663,0.0754032513921885,0.04709414211620137
ergo_adaptive,333.0,0.07539509003669372,0.047053902278805
ergo_adaptive,333.08333333333337,0.07689007136846865,0.04701760845767969
ergo_adaptive,333.16666666666663,0.07891371114739926,0.04695067467917881
ergo_adaptive,333.25,0.07803939864454885,0.04683514462204619
ergo_adaptive,333.33333333333337,0.07293054621282871,0.0466980537602177
ergo_adaptive,333.41666666666663,0.075937281397008,0.04656554486450715
ergo_adaptive,333.5,0.07436454622015971,0.04643079055518494
ergo_adaptive,333.58333333333337,0.0777094036726971,0.046276004817701784
ergo_adaptive,333.66666666666663,0.07689493127258547,0.04612050745092647
ergo_adaptive,333.75,0.0754394886531279,0.04598704348141587
ergo_adaptive,333.83333333333337,0.07391369113007765,0.045874960593277496
ergo_adaptive,333.91666666666663,0.07210596397493162,0.045758637770081406
ergo_adaptive,334.0,0.07178576496750602,0.045640866032431004
ergo_adaptive,334.08333333333337,0.06998574248369861,0.04552560455096458
ergo_adaptive,334.16666666666663,0.07065007924156336,0.045418437027150024
ergo_adaptive,334.25,0.0718983581345734,0.04531380142087396
ergo_adaptive,334.33333333333337,0.07242921484705789,0.0452042371008567
ergo_adaptive,334.41666666666663,0.0718715475249487,0.045095915175359436
ergo_adaptive,334.5,0.06801675672110931,0.045001764752319366
ergo_adaptive,334.58333333333337,0.0664929216214285,0.04491235534631342
ergo_adaptive,334.66666666666663,0.06615822717491773,0.04481611475033382
ergo_adaptive,334.75,0.06642770263327984,0.04472004687135696
ergo_adaptive,334.83333333333337,0.06627362541402924,0.044641142511276516
ergo_adaptive,334.91666666666663,0.062267580461749475,0.044584617706734386
ergo_adaptive,335.0,0.06230028986472889,0.04454098642319727
ergo_adaptive,335.08333333333337,0.058297345949473146,0.04451538946782237
ergo_adaptive,335.16666666666663,0.055572915239649155,0.044522139096622323
ergo_adaptive,335.25,0.057265454345608424,0.04453575741707245
ergo_adaptive,335.33333333333337,0.05652964757186695,0.044541173262030574
ergo_adaptive,335.41666666666663,0.058287799189124787,0.044546180256841025
ergo_adaptive,335.5,0.05654833398160419,0.04453458210416525
ergo_adaptive,335.58333333333337,0.05450003975372062,0.04449025734449425
ergo_adaptive,335.66666666666663,0.05241968764007139,0.044437373087220546
ergo_adaptive,335.75,0.0506301994687692,0.04440260753400804
ergo_adaptive,335.83333333333337,0.04926462863421974,0.04439100776338839
ergo_adaptive,335.91666666666663,0.04863124957968798,0.04439107310833454
ergo_adaptive,336.0,0.048538702430735284,0.04439321141726296
ergo_adaptive,336.08333333333337,0.04958742878044819,0.044397646798092306
ergo_adaptive,336.16666666666663,0.05022122100126971,0.04441017521389609
ergo_adaptive,336.25,0.050805002415202465,0.04442876721410304
ergo_adaptive,336.33333333333337,0.050503177001949104,0.044446417887882186
ergo_adaptive,336.41666666666663,0.051298711180147345,0.04446023429709634
ergo_adaptive,336.5,0.051497394082339165,0.04447785175383069
ergo_adaptive,336.58333333333337,0.05083696865767708,0.04450686238091406
ergo_adaptive,336.66666666666663,0.051573869448022336,0.044522092835986085
ergo_adaptive,336.75,0.052384125792743506,0.04451366954665694
ergo_adaptive,336.83333333333337,0.05250289242535327,0.04448915341211351
ergo_adaptive,336.91666666666663,0.05484112727234595,0.04445661816867241
ergo_adaptive,337.0,0.05379851825455423,0.04441613085279489
ergo_adaptive,337.08333333333337,0.05617379314030998,0.04437903494372638
ergo_adaptive,337.16666666666663,0.056128341090289635,0.044346349329234196
ergo_adaptive,337.25,0.05728477513928764,0.044302102506385874
ergo_adaptive,337.33333333333337,0.05926892841496707,0.04425084795871701
ergo_adaptive,337.41666666666663,0.0591241498209068,0.044212488755669105
ergo_adaptive,337.5,0.06132756022397368,0.044190315416527
ergo_adaptive,337.58333333333337,0.062165078050911066,0.044165887361836256
ergo_adaptive,337.66666666666663,0.06191975578352185,0.044132698104363176
ergo_adaptive,337.75,0.061876901937539044,0.04409336354971967
ergo_adaptive,337.83333333333337,0.0632788885230668,0.04405451779300023
ergo_adaptive,337.91666666666663,0.06370940224400831,0.04401883753871733
ergo_adaptive,338.0,0.06461880386487005,0.043973936443552505
ergo_adaptive,338.08333333333337,0.06445402876759293,0.043917966773207064
ergo_adaptive,338.16666666666663,0.06502608242927835,0.043861169984676165
ergo_adaptive,338.25,0.0656273071819615,0.04381532779194641
ergo_adaptive,338.33333333333337,0.06414558752880542,0.04377465497096029
ergo_adaptive,338.41666666666663,0.06678125341849618,0.043731153772166964
ergo_adaptive,338.5,0.0691334616914581,0.04369313248878249
ergo_adaptive,338.58333333333337,0.0694711150862147,0.04367688926849184
ergo_adaptive,338.66666666666663,0.06668120052272757,0.04366634779948099
ergo_adaptive,338.75,0.0650833109742526,0.043661147085174115
ergo_adaptive,338.83333333333337,0.06440269535651814,0.04368030192186262
ergo_adaptive,338.91666666666663,0.06278288864930755,0.043721213186824585
ergo_adaptive,339.0,0.06260422435271737,0.043778091671866144
ergo_adaptive,339.08333333333337,0.06009848409456099,0.043843079265970364
ergo_adaptive,339.16666666666663,0.06066471107979721,0.04391133567783291
ergo_adaptive,339.25,0.060199340250036856,0.04398553071075146
ergo_adaptive,339.33333333333337,0.06059941579584213,0.044064978993966566
ergo_adaptive,339.41666666666663,0.06061547274652615,0.04414692969315655
ergo_adaptive,339.5,0.058785871038574904,0.04423044349363298
ergo_adaptive,339.58333333333337,0.058564245686856455,0.04431804731839748
ergo_adaptive,339.66666666666663,0.05853731237509351,0.04441200710204661
ergo_adaptive,339.75,0.05607817640966423,0.044510622891162185
ergo_adaptive,339.83333333333337,0.056292444108596365,0.044614437914810824
ergo_adaptive,339.91666666666663,0.05627327239125419,0.04471301203470733
ergo_adaptive,340.0,0.05637883630450096,0.04479853268944367
ergo_adaptive,340.08333333333337,0.055336036175378266,0.04487081662522204
ergo_adaptive,340.16666666666663,0.055663006623172445,0.0449325560789926
ergo_adaptive,340.25,0.05697437019548458,0.044981953028729316
ergo_adaptive,340.33333333333337,0.05583433987020435,0.045009284124259315
ergo_adaptive,340.41666666666663,0.057651720870651416,0.045013291088509974
ergo_adaptive,340.5,0.05858501838645469,0.04500243733026426
ergo_adaptive,340.58333333333337,0.05892366688425126,0.04498457541942047
ergo_adaptive,340.66666666666663,0.06080391122854092,0.04495300075775091
ergo_adaptive,340.75,0.06197307944266977,0.0449069244774869
ergo_adaptive,340.83333333333337,0.06151064518481598,0.04485472740770173
ergo_adaptive,340.91666666666663,0.06053712301427769,0.04480209976197175
ergo_adaptive,341.0,0.05790248446882102,0.044756694125722
ergo_adaptive,341.08333333333337,0.05859392745142739,0.04471103354434804
ergo_adaptive,341.16666666666663,0.05976189676565508,0.04465435054390211
ergo_adaptive,341.25,0.061463773676155756,0.0445970505109402
ergo_adaptive,341.33333333333337,0.060443953501107546,0.044563151619112465
ergo_adaptive,341.41666666666663,0.06092487191743771,0.044521657376680936
ergo_adaptive,341.5,0.06173215991842789,0.044458654512366344
ergo_adaptive,341.58333333333337,0.06344343871588404,0.044386888400166385
ergo_adaptive,341.66666666666663,0.06340595943004262,0.0443220187053305
ergo_adaptive,341.75,0.06444604940006712,0.04427129690150031
ergo_adaptive,341.83333333333337,0.06502600364611734,0.04422959116232644
ergo_adaptive,341.91666666666663,0.06748853377250737,0.044187970449042616
ergo_adaptive,342.0,0.06816293518643872,0.04413655211641
ergo_adaptive,342.08333333333337,0.06855139475246305,0.04409166504373936
ergo_adaptive,342.16666666666663,0.07032027334481968,0.044059233591167056
ergo_adaptive,342.25,0.06838648049788482,0.04402372695511913
ergo_adaptive,342.33333333333337,0.07099787983308939,0.04398900508035973
ergo_adaptive,342.41666666666663,0.07042659827978058,0.043961051052219355
ergo_adaptive,342.5,0.06887013687139898,0.043938368013268586
ergo_adaptive,342.58333333333337,0.07196680465232104,0.04392438193639638
ergo_adaptive,342.66666666666663,0.0743454334401124,0.043941908590264984
ergo_adaptive,342.75,0.07337820996919665,0.04397442429631965
ergo_adaptive,342.83333333333337,0.07017551438245796,0.044017608833921924
ergo_adaptive,342.91666666666663,0.0681892103615685,0.04407381400244424
ergo_adaptive,343.0,0.06785021696619714,0.0441224293658364
ergo_adaptive,343.08333333333337,0.06951454269696372,0.0441518822563015
ergo_adaptive,343.16666666666663,0.06908447762053552,0.04415955000769457
ergo_adaptive,343.25,0.07088420228318303,0.04414497997232825
ergo_adaptive,343.33333333333337,0.0690803857981802,0.04412084138665087
ergo_adaptive,343.41666666666663,0.06832351425441473,0.044092378350793146
ergo_adaptive,343.5,0.06824095749253987,0.04405126710272998
ergo_adaptive,343.58333333333337,0.0672507052978246,0.043997124848875975
ergo_adaptive,343.66666666666663,0.0621268602882507,0.043937341579338915
ergo_adaptive,343.75,0.06446608231940282,0.043873450681104646
ergo_adaptive,343.83333333333337,0.06660954799950353,0.04380483304993799
ergo_adaptive,343.91666666666663,0.06674215169985967,0.04373422024809109
ergo_adaptive,344.0,0.06721517855727567,0.0436691306725993
ergo_adaptive,344.08333333333337,0.06772870420948413,0.043619669829488006
ergo_adaptive,344.16666666666663,0.0618248581053263,0.04358623748585965
ergo_adaptive,344.25,0.05687605486348314,0.04354552192432238
ergo_adaptive,344.33333333333337,0.055446836724182755,0.04358091595737985
ergo_adaptive,344.41666666666663,0.056239862923397374,0.043648338115030515
ergo_adaptive,344.5,0.05524281499939178,0.04371370781501794
ergo_adaptive,344.58333333333337,0.054930217209137676,0.0437686084817979
ergo_adaptive,344.66666666666663,0.054736398493403386,0.04381095070839228
ergo_adaptive,344.75,0.05419473516729257,0.04383761233364794
ergo_adaptive,344.83333333333337,0.055998894601659424,0.043849974084693655
ergo_adaptive,344.91666666666663,0.056563561856105775,0.04385587394113984
ergo_adaptive,345.0,0.05740405699947772,0.04385728607581807
ergo_adaptive,345.08333333333337,0.05764403427875509,0.043857497941841295
ergo_adaptive,345.16666666666663,0.058580532706256946,0.04386130242696126
ergo_adaptive,345.25,0.05857647353401478,0.043860193959189976
ergo_adaptive,345.33333333333337,0.06040573872228001,0.04384468550952119
ergo_adaptive,345.41666666666663,0.059469364407597626,0.043819856230128074
ergo_adaptive,345.5,0.06219350006690449,0.04379178212310034
ergo_adaptive,345.58333333333337,0.06320653999429503,0.043763670511238036
ergo_adaptive,345.66666666666663,0.06549705172542383,0.043734248533730515
ergo_adaptive,345.75,0.06395876430456857,0.043695580809298445
ergo_adaptive,345.83333333333337,0.06362437737342011,0.043650381811526105
ergo_adaptive,345.91666666666663,0.06234711857372865,0.04361950123763586
ergo_adaptive,346.0,0.0632369375114641,0.043611838839565695
ergo_adaptive,346.08333333333337,0.06366439164508624,0.04358727047296792
ergo_adaptive,346.16666666666663,0.06467762406966189,0.0435544200182663
ergo_adaptive,346.25,0.06318178590834903,0.04352742798220687
ergo_adaptive,346.33333333333337,0.06296482020473072,0.04351887420119276
ergo_adaptive,346.41666666666663,0.06156138499239691,0.04352798519147262
ergo_adaptive,346.5,0.06246831726698223,0.04354129195348445
ergo_adaptive,346.58333333333337,0.060410366549953486,0.043568799723713844
ergo_adaptive,346.66666666666663,0.05904188925705479,0.043608464062268315
ergo_adaptive,346.75,0.06039398961415595,0.04365923524315263
ergo_adaptive,346.83333333333337,0.060241173694662246,0.04371151919958514
ergo_adaptive,346.91666666666663,0.057984927156984244,0.04376318186951588
ergo_adaptive,347.0,0.05627511378800699,0.04381812104857444
ergo_adaptive,347.08333333333337,0.054410961617723366,0.043877009217439006
ergo_adaptive,347.16666666666663,0.05182886441221503,0.04392843782740063
ergo_adaptive,347.25,0.05191427790196786,0.04397103848150679
ergo_adaptive,347.33333333333337,0.05212741413619976,0.04400795852243194
ergo_adaptive,347.41666666666663,0.05035208904707119,0.04404336973219776
ergo_adaptive,347.5,0.0499906317905968,0.04407933203391002
ergo_adaptive,347.58333333333337,0.05027608813901283,0.04410639327665841
ergo_adaptive,347.66666666666663,0.050430283140436905,0.044121349729662813
ergo_adaptive,347.75,0.050050104266914926,0.04413610982455746
ergo_adaptive,347.83333333333337,0.050484252596203476,0.04416028590290764
ergo_adaptive,347.91666666666663,0.05162195158968023,0.04417808540533383
ergo_adaptive,348.0,0.05292073849317349,0.04418767874553694
ergo_adaptive,348.08333333333337,0.05181859859455759,0.044197974898398544
ergo_adaptive,348.16666666666663,0.05225644792097137,0.04421398928464019
ergo_adaptive,348.25,0.0536507658775713,0.044242241687944064
ergo_adaptive,348.33333333333337,0.05226897624482458,0.04428162232608472
ergo_adaptive,348.41666666666663,0.052806069134110095,0.044300436127928756
ergo_adaptive,348.5,0.05357123012266578,0.04429568866705987
ergo_adaptive,348.58333333333337,0.05535826372230271,0.04428052653499814
ergo_adaptive,348.66666666666663,0.05603092648235048,0.044267142681757056
ergo_adaptive,348.75,0.054472378505686044,0.0442438008208478
ergo_adaptive,348.83333333333337,0.055649400149733186,0.04419468272813095
ergo_adaptive,348.91666666666663,0.05599999166230025,0.0441261586870612
ergo_adaptive,349.0,0.05616280062721034,0.044052394661996556
ergo_adaptive,349.08333333333337,0.059285959010776934,0.04398614964074665
ergo_adaptive,349.16666666666663,0.05963564947899125,0.04392262029184791
ergo_adaptive,349.25,0.05917429171803634,0.04385796325153274
ergo_adaptive,349.33333333333337,0.05864163821944258,0.04380437363468423
ergo_adaptive,349.41666666666663,0.05836924997475123,0.04376935794839146
ergo_adaptive,349.5,0.05879588148010927,0.04373830693910068
ergo_adaptive,349.58333333333337,0.05792873186798223,0.04369902268184541
ergo_adaptive,349.66666666666663,0.05872327758546195,0.043662280904569334
ergo_adaptive,349.75,0.061552547460301664,0.04364714262863504
ergo_adaptive,349.83333333333337,0.06361143063159529,0.043635216087127754
ergo_adaptive,349.91666666666663,0.06457647393046867,0.0436148126609229
ergo_adaptive,350.0,0.06341605781461084,0.04358644790300029
ergo_adaptive,350.08333333333337,0.06547560607517527,0.043581003188213736
ergo_adaptive,350.16666666666663,0.06610219000673527,0.04358928762874107
ergo_adaptive,350.25,0.06481128146417253,0.043590902872669667
ergo_adaptive,350.33333333333337,0.06691031420429419,0.04358769964748044
ergo_adaptive,350.41666666666663,0.06618169100637607,0.04359399642754026
ergo_adaptive,350.5,0.06776824918899961,0.04361531480234469
ergo_adaptive,350.58333333333337,0.06592605229922155,0.04365014489004405
ergo_adaptive,350.66666666666663,0.06498933304187467,0.04369519711096682
ergo_adaptive,350.75,0.0652660445301452,0.04374654925282068
ergo_adaptive,350.83333333333337,0.06435410487745477,0.04380539691228732
ergo_adaptive,350.91666666666663,0.060859406074296414,0.043868721210161964
ergo_adaptive,351.0,0.05966004398394578,0.04393255090785498
ergo_adaptive,351.08333333333337,0.05965428752713943,0.043996369981023915
ergo_adaptive,351.16666666666663,0.06022188428956431,0.04405806471053585
ergo_adaptive,351.25,0.05969525440343844,0.04411636978056508
ergo_adaptive,351.33333333333337,0.0613612111063404,0.044168182945373606
ergo_adaptive,351.41666666666663,0.06020766549500225,0.04421249213296222
ergo_adaptive,351.5,0.059731451678782764,0.044255988069774266
ergo_adaptive,351.58333333333337,0.05903148752795871,0.04430790530390159
ergo_adaptive,351.66666666666663,0.05618210360781469,0.04435355495691753
ergo_adaptive,351.75,0.05646430625963081,0.044419069059739316
ergo_adaptive,351.83333333333337,0.05690846621653883,0.044505431284145164
ergo_adaptive,351.91666666666663,0.05619284387067117,0.04459039939480727
ergo_adaptive,352.0,0.05703984405943774,0.04466682839972018
ergo_adaptive,352.08333333333337,0.057194034457556484,0.044735347637238014
ergo_adaptive,352.16666666666663,0.057057381189139694,0.04479874943551843
ergo_adaptive,352.25,0.05709902689139447,0.04484863885507106
ergo_adaptive,352.33333333333337,0.05661697578729637,0.04488278652779997
ergo_adaptive,352.41666666666663,0.056190410240767395,0.04491019842597238
ergo_adaptive,352.5,0.057561979670608734,0.04494539519933753
ergo_adaptive,352.58333333333337,0.05811682444476033,0.04498124435024072
ergo_adaptive,352.66666666666663,0.05977800131806058,0.04500553679967969
ergo_adaptive,352.75,0.061482436811024804,0.04502047007760602
ergo_adaptive,352.83333333333337,0.060937450838033015,0.04503318451100533
ergo_adaptive,352.91666666666663,0.061898647189511394,0.04505252623978063
ergo_adaptive,353.0,0.06098517791050744,0.04507558443720562
ergo_adaptive,353.08333333333337,0.0620674803964107,0.04509279358785851
ergo_adaptive,353.16666666666663,0.06250222600254335,0.045103849029766774
ergo_adaptive,353.25,0.06167598543341918,0.04512046742537016
ergo_adaptive,353.33333333333337,0.06018504140082758,0.045144889553544204
ergo_adaptive,353.41666666666663,0.06044323692108745,0.0451764904862674
ergo_adaptive,353.5,0.060825466290003474,0.045204748439982054
ergo_adaptive,353.58333333333337,0.061497011173431856,0.04523431853197139
ergo_adaptive,353.66666666666663,0.060172450921035174,0.04527115747405128
ergo_adaptive,353.75,0.0604135967560066,0.04531740147983413
ergo_adaptive,353.83333333333337,0.057955462576980435,0.04536344947346221
ergo_adaptive,353.91666666666663,0.0580795623163009,0.045398846104592265
ergo_adaptive,354.0,0.05713099223187082,0.0454072289538275
ergo_adaptive,354.08333333333337,0.05801543008585125,0.045384337900375736
ergo_adaptive,354.16666666666663,0.057438034391756036,0.045337760353522716
ergo_adaptive,354.25,0.05796565507848788,0.04528143278546857
ergo_adaptive,354.33333333333337,0.0589939862939316,0.04523793037958255
ergo_adaptive,354.41666666666663,0.06187165436362051,0.045205433737222724
ergo_adaptive,354.5,0.06284495585394516,0.04514720854649122
ergo_adaptive,354.58333333333337,0.0626393355594691,0.04505707074237068
ergo_adaptive,354.66666666666663,0.062467648628228845,0.04495152861929872
ergo_adaptive,354.75,0.06421564170062814,0.04484853732188345
ergo_adaptive,354.83333333333337,0.06274668615208029,0.044761448358720084
ergo_adaptive,354.91666666666663,0.06510116193212943,0.044708294461976834
ergo_adaptive,355.0,0.06451437335836799,0.04464282135483853
ergo_adaptive,355.08333333333337,0.06494628558637351,0.044552643271450074
ergo_adaptive,355.16666666666663,0.0649436500069462,0.04445295674646769
ergo_adaptive,355.25,0.06694904900435755,0.044357396987787234
ergo_adaptive,355.33333333333337,0.06555551348257045,0.044276735831676406
ergo_adaptive,355.41666666666663,0.06634611319805038,0.04422184364621671
ergo_adaptive,355.5,0.06282447613597304,0.044161101402616136
ergo_adaptive,355.58333333333337,0.0612220810161182,0.04407911094483864
ergo_adaptive,355.66666666666663,0.06445632161003474,0.04398885141324501
ergo_adaptive,355.75,0.06728514800722929,0.043920076914421416
ergo_adaptive,355.83333333333337,0.06642725106586742,0.043865611699996004
ergo_adaptive,355.91666666666663,0.06289215758225213,0.04382788315558128
ergo_adaptive,356.0,0.06311892875058754,0.04379608271239475
ergo_adaptive,356.08333333333337,0.06152328039797577,0.04375780658189655
ergo_adaptive,356.16666666666663,0.06084223400691717,0.04371383215368298
ergo_adaptive,356.25,0.05858872813207873,0.04366746348733441
ergo_adaptive,356.33333333333337,0.05722554260499002,0.04361962200040253
ergo_adaptive,356.41666666666663,0.05755392928688865,0.04357140479371393
ergo_adaptive,356.5,0.05907765439666553,0.04351926050214632
ergo_adaptive,356.58333333333337,0.0577317606181851,0.04345208722061789
ergo_adaptive,356.66666666666663,0.05593151651352222,0.04337074687663836
ergo_adaptive,356.75,0.054237013519492706,0.04327790925199894
ergo_adaptive,356.83333333333337,0.051334092293615394,0.04316882397762586
ergo_adaptive,356.91666666666663,0.047685034660183485,0.04304537744597503
ergo_adaptive,357.0,0.04806963127062926,0.043042426603454836
ergo_adaptive,357.08333333333337,0.04611769605201095,0.043105498384535174
ergo_adaptive,357.16666666666663,0.046665133733080046,0.04318646231625264
ergo_adaptive,357.25,0.046188374764283835,0.043261558556858024
ergo_adaptive,357.33333333333337,0.04619785849492957,0.04332013505942262
ergo_adaptive,357.41666666666663,0.04585696493161783,0.043362472995150954
ergo_adaptive,357.5,0.0452598579396678,0.043391398548433706
ergo_adaptive,357.58333333333337,0.04644865282166639,0.043408576815680534
ergo_adaptive,357.66666666666663,0.04788954209522145,0.043414462126655354
ergo_adaptive,357.75,0.04888749495734083,0.043412626728080064
ergo_adaptive,357.83333333333337,0.05035326494953693,0.04340696119410978
ergo_adaptive,357.91666666666663,0.05134248891933396,0.043405822410375244
ergo_adaptive,358.0,0.051039996723161264,0.04340909301588509
ergo_adaptive,358.08333333333337,0.05087379420615363,0.04340141610521874
ergo_adaptive,358.16666666666663,0.05092783827461505,0.04338404242616391
ergo_adaptive,358.25,0.050873134745641334,0.04336758901997577
ergo_adaptive,358.33333333333337,0.051807278888841256,0.04335669361912707
ergo_adaptive,358.41666666666663,0.054332075087927464,0.04336239664368367
ergo_adaptive,358.5,0.05588712359890121,0.04337518391196311
ergo_adaptive,358.58333333333337,0.05598907097384505,0.04337388162259516
ergo_adaptive,358.66666666666663,0.056617622562474525,0.043361690104189554
ergo_adaptive,358.75,0.05543972172300842,0.04334768475690947
ergo_adaptive,358.83333333333337,0.05732600340111805,0.04333953362104276
ergo_adaptive,358.91666666666663,0.05851480238694813,0.04335125325037319
ergo_adaptive,359.0,0.057881201204853336,0.04337483532345203
ergo_adaptive,359.08333333333337,0.05861665099036672,0.04339042290687857
ergo_adaptive,359.16666666666663,0.05669422721979339,0.043400258454330966
ergo_adaptive,359.25,0.05835348774011706,0.04341222993787943
ergo_adaptive,359.33333333333337,0.05989656927731875,0.04343614537724016
ergo_adaptive,359.41666666666663,0.060028081480207655,0.043475541894568016
ergo_adaptive,359.5,0.05881427127118356,0.04353059911893
ergo_adaptive,359.58333333333337,0.05906613258571605,0.043587819395358676
ergo_adaptive,359.66666666666663,0.05887215349699262,0.04364657239364102
ergo_adaptive,359.75,0.05895731283473588,0.043709968240754966
ergo_adaptive,359.83333333333337,0.060838154650452766,0.043778167718969314
ergo_adaptive,359.91666666666663,0.06193812707477265,0.043851453851859803
ergo_adaptive,360.0,0.061854621864892725,0.04392977394604791
