strategy,mission_minutes,estimated_target_deficit,ground_truth_target_deficit
ergo_adaptive,0.0,0.20871996476294064,0.15035203578226264
ergo_adaptive,0.08333333333337123,0.20367093518871532,0.14330304910592787
ergo_adaptive,0.16666666666662877,0.20187132823016474,0.14151083470814574
ergo_adaptive,0.25,0.2006604769639389,0.1405639977880632
ergo_adaptive,0.33333333333337123,0.2008789591514981,0.13988087473867772
ergo_adaptive,0.41666666666662877,0.20122174242580884,0.1393253824269779
ergo_adaptive,0.5,0.2006535284738932,0.13885891830691752
ergo_adaptive,0.5833333333333712,0.2008916608701302,0.13847017904262612
ergo_adaptive,0.6666666666666288,0.20154396772889352,0.13815966258319232
ergo_adaptive,0.75,0.20143207841634017,0.13792561534822287
ergo_adaptive,0.8333333333333712,0.2011473136883347,0.13775031607208563
ergo_adaptive,0.9166666666666288,0.20161648572589613,0.13756640505236256
ergo_adaptive,1.0,0.20090757033778364,0.1373147308756201
ergo_adaptive,1.0833333333333712,0.20013802948709886,0.13699194105451615
ergo_adaptive,1.1666666666666288,0.20081347518705067,0.1366275525759194
ergo_adaptive,1.25,0.20064487431959907,0.1362579887893546
ergo_adaptive,1.3333333333333712,0.20036005086680236,0.1359208550066042
ergo_adaptive,1.4166666666666288,0.19890633941287528,0.13563477039556598
ergo_adaptive,1.5,0.1980573328138742,0.13539390943685067
ergo_adaptive,1.5833333333333712,0.19882941582852462,0.13515048194524915
ergo_adaptive,1.6666666666666288,0.1994853837034967,0.13485550953817055
ergo_adaptive,1.75,0.1991993097358877,0.1345057848573625
ergo_adaptive,1.8333333333333712,0.1986128867902193,0.13412660995914624
ergo_adaptive,1.9166666666666288,0.1964239958407695,0.13375683924611378
ergo_adaptive,2.0,0.19564859169951287,0.13342168888107386
ergo_adaptive,2.0833333333333712,0.1960005896856285,0.1331191872864412
ergo_adaptive,2.1666666666666288,0.19602738028376454,0.13282464947652942
ergo_adaptive,2.25,0.19531770982852217,0.13251329496790576
ergo_adaptive,2.3333333333333712,0.19477951806887925,0.13217434020052335
ergo_adaptive,2.4166666666666288,0.1945741277241065,0.1318213974065596
ergo_adaptive,2.5,0.1951340008792815,0.13147926438228189
ergo_adaptive,2.5833333333333712,0.194553185088116,0.13116124000818744
ergo_adaptive,2.6666666666666288,0.1945191012887983,0.13087539176685448
ergo_adaptive,2.75,0.19456650832146846,0.1306089784234934
ergo_adaptive,2.8333333333333712,0.1943959110684506,0.1303439943604873
ergo_adaptive,2.9166666666666288,0.1937047897751166,0.1300536855709231
ergo_adaptive,3.0,0.19411299826902098,0.12974411637975874
ergo_adaptive,3.0833333333333712,0.19512499624453344,0.12944999399393858
ergo_adaptive,3.1666666666666288,0.18860863920276288,0.12920387365716318
ergo_adaptive,3.25,0.17763601191418757,0.12899149541670335
ergo_adaptive,3.3333333333333712,0.1666463553362598,0.12873179464840293
ergo_adaptive,3.4166666666666288,0.15654477932859567,0.1284150257718358
ergo_adaptive,3.5,0.15131828676394185,0.12807611971380556
ergo_adaptive,3.5833333333333712,0.14454273021327052,0.1277554036108142
ergo_adaptive,3.6666666666666288,0.14506898740796295,0.12747861356104861
ergo_adaptive,3.75,0.14504505511342677,0.1272603530997237
ergo_adaptive,3.8333333333333712,0.14602560981203438,0.12710977725218664
ergo_adaptive,3.9166666666666288,0.14532161897664148,0.12695123849029338
ergo_adaptive,4.0,0.14679018826939652,0.12671272120117608
ergo_adaptive,4.083333333333371,0.14530609480039947,0.1264318990700877
ergo_adaptive,4.166666666666629,0.14445555492562587,0.12615239520514976
ergo_adaptive,4.25,0.14230467144421488,0.1259079993132285
ergo_adaptive,4.333333333333371,0.1414194026968989,0.12571114791044896
ergo_adaptive,4.416666666666629,0.14267011719019354,0.1255876110124195
ergo_adaptive,4.5,0.14299706251232588,0.12547836783707528
ergo_adaptive,4.583333333333371,0.1420657199582186,0.12528599271677324
ergo_adaptive,4.666666666666629,0.14325642294313415,0.12504476308047266
ergo_adaptive,4.75,0.1409869093772487,0.12481045306942289
ergo_adaptive,4.833333333333371,0.14063919949762527,0.12461143526678384
ergo_adaptive,4.916666666666629,0.13872000583230717,0.1244482555246778
ergo_adaptive,5.0,0.1373744872862102,0.12430531828011314
ergo_adaptive,5.083333333333371,0.1360270699749388,0.12415553329734463
ergo_adaptive,5.166666666666629,0.1345054187462705,0.12399920144782713
ergo_adaptive,5.25,0.13550699092884308,0.12386390495939337
ergo_adaptive,5.333333333333371,0.1344627626462422,0.12376797428552457
ergo_adaptive,5.416666666666629,0.1364323775877001,0.12364784824521755
ergo_adaptive,5.5,0.13586567936079938,0.12348646974509003
ergo_adaptive,5.583333333333371,0.13379420604265657,0.12332226148740084
ergo_adaptive,5.666666666666629,0.1340369904743956,0.12318586352337461
ergo_adaptive,5.75,0.13509132307942112,0.12307598595522781
ergo_adaptive,5.833333333333371,0.13344440934088117,0.1229721702563561
ergo_adaptive,5.916666666666629,0.13169777626664117,0.12286866908874157
ergo_adaptive,6.0,0.13007898565301793,0.12278187258249137
ergo_adaptive,6.083333333333371,0.12960689733372072,0.12271918790920781
ergo_adaptive,6.166666666666629,0.13005724295174478,0.12267164706227099
ergo_adaptive,6.25,0.130496705865498,0.12262446232477853
ergo_adaptive,6.333333333333371,0.13067954732603596,0.12257949100764723
ergo_adaptive,6.416666666666629,0.13092832979392785,0.1225585540773538
ergo_adaptive,6.5,0.13052255987998365,0.12255399285040842
ergo_adaptive,6.583333333333371,0.12972440218906242,0.12255480301230848
ergo_adaptive,6.666666666666629,0.12879404476511397,0.12255923429431778
ergo_adaptive,6.75,0.12706741727554774,0.12258450092732597
ergo_adaptive,6.833333333333371,0.12662557579586664,0.12262847934361445
ergo_adaptive,6.916666666666629,0.12590103721917703,0.12269556617702335
ergo_adaptive,7.0,0.12611297269022045,0.12278038510411328
ergo_adaptive,7.083333333333371,0.12711003415629002,0.12286388507334813
ergo_adaptive,7.166666666666629,0.12670028291788374,0.12293663634077122
ergo_adaptive,7.25,0.12650900886215422,0.1230076135528378
ergo_adaptive,7.333333333333371,0.12716683601052906,0.12307996923221969
ergo_adaptive,7.416666666666629,0.12639261159561643,0.12315631730380268
ergo_adaptive,7.5,0.12633326424266736,0.12322810100228329
ergo_adaptive,7.583333333333371,0.1267167005397171,0.12329190429898186
ergo_adaptive,7.666666666666629,0.12609114380330738,0.12335697769684949
ergo_adaptive,7.75,0.1253066682343258,0.12342882072095804
ergo_adaptive,7.833333333333371,0.12390153765440183,0.12350665788085004
ergo_adaptive,7.916666666666629,0.12376467831910606,0.12356459473396884
ergo_adaptive,8.0,0.12393416266539999,0.12360659452651099
ergo_adaptive,8.083333333333371,0.12416357312528024,0.12365208167901498
ergo_adaptive,8.166666666666629,0.123167269239928,0.12370293377511087
ergo_adaptive,8.25,0.12229626580898498,0.1237414261388817
ergo_adaptive,8.333333333333371,0.1216806087621971,0.12376819015353202
ergo_adaptive,8.416666666666629,0.12216653420643224,0.12378939261583852
ergo_adaptive,8.5,0.12206752714325438,0.12381507059159715
ergo_adaptive,8.583333333333371,0.12249594413090188,0.12385565579394764
ergo_adaptive,8.666666666666629,0.1211205871523377,0.12389636980508842
ergo_adaptive,8.75,0.12084724644180211,0.12390334578715402
ergo_adaptive,8.833333333333371,0.12046098136638268,0.12388789344924828
ergo_adaptive,8.916666666666629,0.1198789938983245,0.12386967090764894
ergo_adaptive,9.0,0.1186151746885259,0.12385768553391022
ergo_adaptive,9.083333333333371,0.11930701333730437,0.12384707778674783
ergo_adaptive,9.166666666666629,0.11831816757457864,0.12383220965154994
ergo_adaptive,9.25,0.11646158980869165,0.12380540852893075
ergo_adaptive,9.333333333333371,0.1145948744601647,0.12377185221857441
ergo_adaptive,9.416666666666629,0.1138421410765205,0.123741098778199
ergo_adaptive,9.5,0.11424031357800545,0.1236947535744873
ergo_adaptive,9.583333333333371,0.11294467380481307,0.1236216490146169
ergo_adaptive,9.666666666666629,0.1121488710071609,0.1235334946565193
ergo_adaptive,9.75,0.11128292397568354,0.12344900814311657
ergo_adaptive,9.833333333333371,0.10968604602323259,0.12337821194910839
ergo_adaptive,9.916666666666629,0.10826512953516704,0.12333123025202736
ergo_adaptive,10.0,0.10826498910383359,0.1232493324305218
ergo_adaptive,10.083333333333371,0.10799923303536628,0.12311181115699722
ergo_adaptive,10.166666666666629,0.10775862722471179,0.12294574666964772
ergo_adaptive,10.25,0.10634955870455079,0.12278208339293671
ergo_adaptive,10.333333333333371,0.10659596117646526,0.12264553739012359
ergo_adaptive,10.416666666666629,0.10385468213356806,0.12254363662045939
ergo_adaptive,10.5,0.10204876410034099,0.12240634377479065
ergo_adaptive,10.583333333333371,0.1013057905903714,0.12219593704039787
ergo_adaptive,10.666666666666629,0.10031546840230869,0.12194828152481847
ergo_adaptive,10.75,0.09776838732739085,0.12169896589924101
ergo_adaptive,10.833333333333371,0.09501013311901042,0.12147267449965202
ergo_adaptive,10.916666666666629,0.09481605331140264,0.12126838720542756
ergo_adaptive,11.0,0.09292853771459217,0.12104334585451934
ergo_adaptive,11.083333333333371,0.0903056743809547,0.12075896316343694
ergo_adaptive,11.166666666666629,0.08911868368216996,0.12043929931131998
ergo_adaptive,11.25,0.08721239655151328,0.12011256837756482
ergo_adaptive,11.333333333333371,0.08493221451686468,0.11978686329995102
ergo_adaptive,11.416666666666629,0.08282657574824158,0.11946999333115292
ergo_adaptive,11.5,0.08189453554444892,0.11913933149691555
ergo_adaptive,11.583333333333371,0.08007475814321881,0.11876640578946694
ergo_adaptive,11.666666666666629,0.07954420736580249,0.11836990319192543
ergo_adaptive,11.75,0.07944986700591385,0.11796309589339057
ergo_adaptive,11.833333333333371,0.0784386986511402,0.11754320354806813
ergo_adaptive,11.916666666666629,0.07755398924404733,0.11712614329620265
ergo_adaptive,12.0,0.0775332857268095,0.11670514713160036
ergo_adaptive,12.083333333333371,0.07453245628978077,0.11624886706065644
ergo_adaptive,12.166666666666629,0.07418570536502066,0.11576090894599396
ergo_adaptive,12.25,0.07291606234766412,0.11525709339798372
ergo_adaptive,12.333333333333371,0.0723180934784992,0.11475229504328004
ergo_adaptive,12.416666666666629,0.07187976136272327,0.11428845085723419
ergo_adaptive,12.5,0.08197046767633834,0.11387061720544618
ergo_adaptive,12.583333333333371,0.09382709599905556,0.11338588683002468
ergo_adaptive,12.666666666666629,0.09979631861705852,0.11281438472567377
ergo_adaptive,12.75,0.10418635943824789,0.11222706282676036
ergo_adaptive,12.833333333333371,0.10679797173299685,0.11168306049154723
ergo_adaptive,12.916666666666629,0.10665523661343056,0.11123024634440305
ergo_adaptive,13.0,0.10638459283815033,0.11087762098208204
ergo_adaptive,13.083333333333371,0.10667632619737924,0.11041497264194634
ergo_adaptive,13.166666666666629,0.10576268897898393,0.10984369524319357
ergo_adaptive,13.25,0.10416001682833717,0.10926074514706473
ergo_adaptive,13.333333333333371,0.10437563096995853,0.1087296577804783
ergo_adaptive,13.416666666666629,0.1040448422926616,0.1082726870343083
ergo_adaptive,13.5,0.10392936432254075,0.10786896348329744
ergo_adaptive,13.583333333333371,0.10398747761644372,0.10743606133218876
ergo_adaptive,13.666666666666629,0.10252336387519605,0.10695642308433563
ergo_adaptive,13.75,0.1026252401850428,0.10649199204122613
ergo_adaptive,13.833333333333371,0.10286151258112186,0.10605947726320158
ergo_adaptive,13.916666666666629,0.10305305347295521,0.10562742685680929
ergo_adaptive,14.0,0.10350666974055547,0.10519214593690117
ergo_adaptive,14.083333333333371,0.10340556222523872,0.10476737817885183
ergo_adaptive,14.166666666666629,0.10207203706033918,0.1043858502353802
ergo_adaptive,14.25,0.10239896586380501,0.10409974119805795
ergo_adaptive,14.333333333333371,0.10178138829389383,0.10384094392955291
ergo_adaptive,14.416666666666629,0.10166454791047876,0.10347035307428228
ergo_adaptive,14.5,0.10227818854556342,0.10304627757497545
ergo_adaptive,14.583333333333371,0.10203039585137028,0.10264937098859629
ergo_adaptive,14.666666666666629,0.10202773844546277,0.10231386224030647
ergo_adaptive,14.75,0.10219984451000899,0.10203890298644822
ergo_adaptive,14.833333333333371,0.10267104048570949,0.10178078218633421
ergo_adaptive,14.916666666666629,0.10217472146137811,0.10150199787224977
ergo_adaptive,15.0,0.10201635029264068,0.1012276083425883
ergo_adaptive,15.083333333333371,0.10182168007982599,0.10100005542428615
ergo_adaptive,15.166666666666629,0.10194973162912718,0.1007816698223817
ergo_adaptive,15.25,0.10158233197454049,0.10053679486048483
ergo_adaptive,15.333333333333371,0.10169111622140044,0.10028593749331222
ergo_adaptive,15.416666666666629,0.10118116942870517,0.10006495467651105
ergo_adaptive,15.5,0.10145293123703983,0.09990480599150352
ergo_adaptive,15.583333333333371,0.10192229293006073,0.0998075492911635
ergo_adaptive,15.666666666666629,0.10163812743343223,0.09969578604718526
ergo_adaptive,15.75,0.10159237319740293,0.09953872142925903
ergo_adaptive,15.833333333333371,0.10233615750355898,0.0993949255515225
ergo_adaptive,15.916666666666629,0.10205642919574155,0.09929898152262007
ergo_adaptive,16.0,0.10237475104508888,0.0992210518932371
ergo_adaptive,16.08333333333337,0.10223180841117824,0.09913226799283316
ergo_adaptive,16.16666666666663,0.10245539693916333,0.09905904277156857
ergo_adaptive,16.25,0.10266618707961896,0.0990388372721681
ergo_adaptive,16.33333333333337,0.10303612519823806,0.09902582261614255
ergo_adaptive,16.41666666666663,0.1031792116037078,0.09897986385535128
ergo_adaptive,16.5,0.10362647833348879,0.09891709787464337
ergo_adaptive,16.58333333333337,0.10332519965512496,0.09886390379237037
ergo_adaptive,16.66666666666663,0.10324755773212646,0.09880680757464778
ergo_adaptive,16.75,0.10355869003606434,0.09871993198801139
ergo_adaptive,16.83333333333337,0.10309734901430688,0.09861016052685458
ergo_adaptive,16.91666666666663,0.10252252461182906,0.09850786527394984
ergo_adaptive,17.0,0.10266573703911488,0.09841457587014443
ergo_adaptive,17.08333333333337,0.10275800444499203,0.0983031005455151
ergo_adaptive,17.16666666666663,0.10204436302971581,0.09816506963379285
ergo_adaptive,17.25,0.10278274227538077,0.09806443772094531
ergo_adaptive,17.33333333333337,0.10303715630009329,0.09797709581672472
ergo_adaptive,17.41666666666663,0.10297951586975375,0.09786878947185502
ergo_adaptive,17.5,0.10342162498922935,0.09772975822056879
ergo_adaptive,17.58333333333337,0.10346167505346293,0.09756500655678722
ergo_adaptive,17.66666666666663,0.10283682433766864,0.09744172406565511
ergo_adaptive,17.75,0.10304509805891812,0.09750474830028343
ergo_adaptive,17.83333333333337,0.10330115980859109,0.09770779698623476
ergo_adaptive,17.91666666666663,0.10374851871477304,0.09794855250699779
ergo_adaptive,18.0,0.10448121781439199,0.09819158059686908
ergo_adaptive,18.08333333333337,0.10442006940038545,0.09841630597938957
ergo_adaptive,18.16666666666663,0.10448363324008252,0.09860536326352884
ergo_adaptive,18.25,0.10486266145874493,0.09875964331891895
ergo_adaptive,18.33333333333337,0.10512236039205188,0.09889960456812194
ergo_adaptive,18.41666666666663,0.10493189680513648,0.0990403940391338
ergo_adaptive,18.5,0.10547910503747039,0.0991638891156106
ergo_adaptive,18.58333333333337,0.10653328306498396,0.09926462358330532
ergo_adaptive,18.66666666666663,0.10727120177479875,0.09936581395719296
ergo_adaptive,18.75,0.10583855458470279,0.09949071321142325
ergo_adaptive,18.83333333333337,0.10609690742356744,0.09959474417985112
ergo_adaptive,18.91666666666663,0.10667194159253257,0.0996459687559897
ergo_adaptive,19.0,0.1076405207222087,0.09966327283161694
ergo_adaptive,19.08333333333337,0.10650926135864441,0.09969596463682821
ergo_adaptive,19.16666666666663,0.10632683999579144,0.09967312532791685
ergo_adaptive,19.25,0.10664180763824216,0.09953991785818302
ergo_adaptive,19.33333333333337,0.10769306209646147,0.0993664122097602
ergo_adaptive,19.41666666666663,0.1071244369689641,0.09925216709970314
ergo_adaptive,19.5,0.10762112333793031,0.09920004845148972
ergo_adaptive,19.58333333333337,0.10778841712324118,0.09909981263225863
ergo_adaptive,19.66666666666663,0.1077764669774925,0.09899583285916931
ergo_adaptive,19.75,0.10819688049579956,0.09897574156271308
ergo_adaptive,19.83333333333337,0.10849395601461038,0.09901114476080747
ergo_adaptive,19.91666666666663,0.10864646273099547,0.09907175089715424
ergo_adaptive,20.0,0.10912067763374354,0.09919117962113091
ergo_adaptive,20.08333333333337,0.10890212840437803,0.0993573029469219
ergo_adaptive,20.16666666666663,0.10967778883948322,0.0995564302314026
ergo_adaptive,20.25,0.11031209700253601,0.099775685354046
ergo_adaptive,20.33333333333337,0.11103455811851441,0.100007338163198
ergo_adaptive,20.41666666666663,0.1120206959089725,0.10024244201030968
ergo_adaptive,20.5,0.11171554489251892,0.10047849252131741
ergo_adaptive,20.58333333333337,0.11173410806851962,0.1007113029560458
ergo_adaptive,20.66666666666663,0.11212007405609692,0.10094078655874748
ergo_adaptive,20.75,0.11251771686425324,0.10116653914864303
ergo_adaptive,20.83333333333337,0.11283318903652899,0.10138793697680196
ergo_adaptive,20.91666666666663,0.11306220040772207,0.10160474191521238
ergo_adaptive,21.0,0.1134302653413909,0.10181698711128173
ergo_adaptive,21.08333333333337,0.11424391886790672,0.10202467185380637
ergo_adaptive,21.16666666666663,0.11413569808272797,0.1022285201632109
ergo_adaptive,21.25,0.11454764974277803,0.10242988891574063
ergo_adaptive,21.33333333333337,0.11434805855092053,0.10262822416819262
ergo_adaptive,21.41666666666663,0.11509455948622799,0.1028249764375631
ergo_adaptive,21.5,0.1153119023523621,0.10301966099289776
ergo_adaptive,21.58333333333337,0.11534198808357843,0.10321329350605024
ergo_adaptive,21.66666666666663,0.11614701857126676,0.10340497796863728
ergo_adaptive,21.75,0.11660471580609609,0.10359558087062033
ergo_adaptive,21.83333333333337,0.11628899082354029,0.10378465651221912
ergo_adaptive,21.91666666666663,0.11769721252127818,0.10397445133077397
ergo_adaptive,22.0,0.11780573066728962,0.10416248915292121
ergo_adaptive,22.08333333333337,0.11841709310736757,0.10437831072503649
ergo_adaptive,22.16666666666663,0.11787387476726167,0.10457914704142293
ergo_adaptive,22.25,0.11873313578999799,0.10471769782223744
ergo_adaptive,22.33333333333337,0.11895544593440933,0.10480319655471315
ergo_adaptive,22.41666666666663,0.11980725232339272,0.10488524150472618
ergo_adaptive,22.5,0.11994288897833054,0.10500506582015122
ergo_adaptive,22.58333333333337,0.12067711023730276,0.10506885431833864
ergo_adaptive,22.66666666666663,0.12102233833582944,0.10505869782357916
ergo_adaptive,22.75,0.12076821912551561,0.1050191726633881
ergo_adaptive,22.83333333333337,0.11999986255769704,0.10501853313445654
ergo_adaptive,22.91666666666663,0.1208323274176706,0.10503334803919367
ergo_adaptive,23.0,0.12129606498986753,0.10500975485560556
ergo_adaptive,23.08333333333337,0.1223211057902451,0.10496833099070971
ergo_adaptive,23.16666666666663,0.12136556602522688,0.1049602997868318
ergo_adaptive,23.25,0.12103072500189659,0.10498737625577151
ergo_adaptive,23.33333333333337,0.12146127088285819,0.10498027224315144
ergo_adaptive,23.41666666666663,0.12077541179990703,0.1049396755677955
ergo_adaptive,23.5,0.11988378842622022,0.1048982033913852
ergo_adaptive,23.58333333333337,0.1214632204674287,0.10486935279005588
ergo_adaptive,23.66666666666663,0.12172000153767472,0.10483942922808318
ergo_adaptive,23.75,0.12184611239183225,0.10479925541885138
ergo_adaptive,23.83333333333337,0.12245754315418181,0.10475336683480149
ergo_adaptive,23.91666666666663,0.12266177784474448,0.10472045229857851
ergo_adaptive,24.0,0.12190348308452738,0.10472964065397725
ergo_adaptive,24.08333333333337,0.12249605033754149,0.10469239300453939
ergo_adaptive,24.16666666666663,0.12179328074223496,0.104556527916032
ergo_adaptive,24.25,0.12285464164337957,0.10436352971495702
ergo_adaptive,24.33333333333337,0.12383149290798161,0.10415812963380422
ergo_adaptive,24.41666666666663,0.12354154967330536,0.10394726857004782
ergo_adaptive,24.5,0.12390938075486194,0.10372085428780865
ergo_adaptive,24.58333333333337,0.1233203591484447,0.10346971543571497
ergo_adaptive,24.66666666666663,0.12298221844399045,0.10321478709689771
ergo_adaptive,24.75,0.12344249634778914,0.10301449708077419
ergo_adaptive,24.83333333333337,0.12449863740274111,0.10287768338209177
ergo_adaptive,24.91666666666663,0.1238803170673774,0.10263629796995495
ergo_adaptive,25.0,0.12276128142812376,0.10230600049033743
ergo_adaptive,25.08333333333337,0.12319148788742876,0.10199315610634369
ergo_adaptive,25.16666666666663,0.12261523000203707,0.10174559728939525
ergo_adaptive,25.25,0.12482036009442042,0.10148771778619171
ergo_adaptive,25.33333333333337,0.1243481239886085,0.10116634893277553
ergo_adaptive,25.41666666666663,0.12426008888042672,0.10083354624607535
ergo_adaptive,25.5,0.12536780277778398,0.10054741768501095
ergo_adaptive,25.58333333333337,0.12514122545421652,0.10028696351715452
ergo_adaptive,25.66666666666663,0.12371373021243219,0.09999639956451337
ergo_adaptive,25.75,0.12307398729105135,0.0996826691650908
ergo_adaptive,25.83333333333337,0.12231923375943929,0.09940026477853439
ergo_adaptive,25.91666666666663,0.12345486840312374,0.09916055461889903
ergo_adaptive,26.0,0.12560028811226184,0.09890628878715126
ergo_adaptive,26.08333333333337,0.12602962934130535,0.09861216477547749
ergo_adaptive,26.16666666666663,0.12476297649727741,0.09832553461820948
ergo_adaptive,26.25,0.1254670075970865,0.09809083891386601
ergo_adaptive,26.33333333333337,0.12548336521332584,0.09785808631567627
ergo_adaptive,26.41666666666663,0.12430117472178483,0.0975762804766583
ergo_adaptive,26.5,0.1257346852947842,0.09728504536917283
ergo_adaptive,26.58333333333337,0.12642992282070167,0.09705324475525937
ergo_adaptive,26.66666666666663,0.126220523444967,0.09685247826484614
ergo_adaptive,26.75,0.12683272260661665,0.09659111367259957
ergo_adaptive,26.83333333333337,0.12683285218703114,0.09629009552580833
ergo_adaptive,26.91666666666663,0.1261920810446349,0.09603733768305417
ergo_adaptive,27.0,0.12627382867459797,0.09585324961005182
ergo_adaptive,27.08333333333337,0.12574746542302773,0.09562546819070177
ergo_adaptive,27.16666666666663,0.12577542215522644,0.0953327911222049
ergo_adaptive,27.25,0.12783204052643962,0.095068549418247
ergo_adaptive,27.33333333333337,0.1279119932064815,0.0948951450109396
ergo_adaptive,27.41666666666663,0.12793521746538786,0.09470558485950409
ergo_adaptive,27.5,0.12790872832089603,0.09442473764595725
ergo_adaptive,27.58333333333337,0.12987050374720446,0.09413616181390003
ergo_adaptive,27.66666666666663,0.13047491203646738,0.09393129166389351
ergo_adaptive,27.75,0.13061853350960873,0.09375695269976667
ergo_adaptive,27.83333333333337,0.1295438195100318,0.0935034264194219
ergo_adaptive,27.91666666666663,0.1304590915073288,0.09321352779050268
ergo_adaptive,28.0,0.13012217048536295,0.09297500360975551
ergo_adaptive,28.08333333333337,0.12914590193234501,0.09279386234375783
ergo_adaptive,28.16666666666663,0.1304698078438549,0.092584585305758
ergo_adaptive,28.25,0.12995098190775406,0.09232444680797894
ergo_adaptive,28.33333333333337,0.1289600238499959,0.09208454611084634
ergo_adaptive,28.41666666666663,0.13046126345387607,0.09190703146821606
ergo_adaptive,28.5,0.12997484117386993,0.0917271923711453
ergo_adaptive,28.58333333333337,0.1302800642055546,0.09150300980135223
ergo_adaptive,28.66666666666663,0.1311033610270642,0.09127538797094426
ergo_adaptive,28.75,0.1324565825186808,0.09109121009652495
ergo_adaptive,28.83333333333337,0.13220852616853612,0.09092255788779664
ergo_adaptive,28.91666666666663,0.13324138906296465,0.0907258443280172
ergo_adaptive,29.0,0.13455215975812415,0.09051490889226374
ergo_adaptive,29.08333333333337,0.1344238390419071,0.09032639037786043
ergo_adaptive,29.16666666666663,0.13372234277763764,0.09016805937535587
ergo_adaptive,29.25,0.13575027591104888,0.0900075858281539
ergo_adaptive,29.33333333333337,0.13590286346352182,0.08983029169407808
ergo_adaptive,29.41666666666663,0.13489693319910057,0.08966593525186077
ergo_adaptive,29.5,0.13520719480087143,0.08954407902276541
ergo_adaptive,29.58333333333337,0.13582420514128454,0.08943687283107409
ergo_adaptive,29.66666666666663,0.13523118680218738,0.0893033754137087
ergo_adaptive,29.75,0.1358595586213988,0.08916598861739806
ergo_adaptive,29.83333333333337,0.1366657844893376,0.08907869282636191
ergo_adaptive,29.91666666666663,0.13680069908792705,0.0890369737508698
ergo_adaptive,30.0,0.13629662811647095,0.08895544108836544
ergo_adaptive,30.08333333333337,0.1372629525160768,0.08883565826092221
ergo_adaptive,30.16666666666663,0.13833087141881178,0.08876106584064694
ergo_adaptive,30.25,0.1382444515680021,0.08878376143509664
ergo_adaptive,30.33333333333337,0.13866558649109947,0.0887616367638567
ergo_adaptive,30.41666666666663,0.13865263545793488,0.0886787337934219
ergo_adaptive,30.5,0.13945642575338574,0.08861990112497158
ergo_adaptive,30.58333333333337,0.1393363948837625,0.08865549001526533
ergo_adaptive,30.66666666666663,0.1395242290446251,0.0886993845217042
ergo_adaptive,30.75,0.14047364342210658,0.08866293982045426
ergo_adaptive,30.83333333333337,0.1399541482966101,0.08859268118065694
ergo_adaptive,30.91666666666663,0.1398338377199378,0.0885258768631789
ergo_adaptive,31.0,0.13966369732636938,0.08848170609328387
ergo_adaptive,31.08333333333337,0.13913944215923385,0.08848941292199611
ergo_adaptive,31.16666666666663,0.13964099418389103,0.08849827575353951
ergo_adaptive,31.25,0.14115792444241357,0.08841407625251084
ergo_adaptive,31.33333333333337,0.14269410299023727,0.0882922749418609
ergo_adaptive,31.41666666666663,0.14299507774444664,0.08823090295588193
ergo_adaptive,31.5,0.14249250784447803,0.08823865539363611
ergo_adaptive,31.58333333333337,0.14316007980939394,0.08815925014814248
ergo_adaptive,31.66666666666663,0.1421791980652288,0.0880202287921352
ergo_adaptive,31.75,0.14338703050728965,0.08792196971817351
ergo_adaptive,31.83333333333337,0.14363046239814115,0.08789745625205739
ergo_adaptive,31.91666666666663,0.14336623205360755,0.08786480202029594
ergo_adaptive,32.0,0.14412091209747,0.08778151651930464
ergo_adaptive,32.08333333333337,0.1447973294603083,0.08771021150892265
ergo_adaptive,32.16666666666663,0.14491353993946035,0.08768830748229661
ergo_adaptive,32.25,0.14437320666691844,0.08769042959495742
ergo_adaptive,32.33333333333337,0.14452949272488938,0.08768028601186201
ergo_adaptive,32.41666666666663,0.14527551697529206,0.08767031570075523
ergo_adaptive,32.5,0.14708912585823197,0.08768938349120359
ergo_adaptive,32.58333333333337,0.14715970087925906,0.08773920892890953
ergo_adaptive,32.66666666666663,0.14767413839669072,0.0877968378250616
ergo_adaptive,32.75,0.14813218708493384,0.08785559026058463
ergo_adaptive,32.83333333333337,0.1474561945014583,0.08793079297661185
ergo_adaptive,32.91666666666663,0.14753256283346552,0.08803901747960187
ergo_adaptive,33.0,0.13689200470891263,0.0881651628865522
ergo_adaptive,33.08333333333337,0.13447989179146103,0.08844918298873859
ergo_adaptive,33.16666666666663,0.13717021204599741,0.08879672429075977
ergo_adaptive,33.25,0.1381594533461415,0.08914290932509523
ergo_adaptive,33.33333333333337,0.13942148776881846,0.08946514020023458
ergo_adaptive,33.41666666666663,0.13960278879858842,0.08976168934643991
ergo_adaptive,33.5,0.13974840618163945,0.09003786947332057
ergo_adaptive,33.58333333333337,0.13971337069613332,0.0902848183999023
ergo_adaptive,33.66666666666663,0.14007911186438043,0.09048967268603089
ergo_adaptive,33.75,0.13991178975855556,0.09066653668495556
ergo_adaptive,33.83333333333337,0.14014481162223796,0.09085674080849315
ergo_adaptive,33.91666666666663,0.14074538415553733,0.09103816800775244
ergo_adaptive,34.0,0.14107369444056247,0.0911740069609693
ergo_adaptive,34.08333333333337,0.1409671127144804,0.09128155444314967
ergo_adaptive,34.16666666666663,0.14120211071681735,0.09140265438717335
ergo_adaptive,34.25,0.1416726470410555,0.09154086809470476
ergo_adaptive,34.33333333333337,0.14124380588847352,0.09166444175465992
ergo_adaptive,34.41666666666663,0.14174903328539035,0.09176938837021277
ergo_adaptive,34.5,0.141635300934376,0.09187502943629372
ergo_adaptive,34.58333333333337,0.1418590353446377,0.09199833180727214
ergo_adaptive,34.66666666666663,0.14230237163871748,0.09212964030658424
ergo_adaptive,34.75,0.14230624314361573,0.09225278738279812
ergo_adaptive,34.83333333333337,0.14233228717758495,0.0923689732156705
ergo_adaptive,34.91666666666663,0.14253030594349805,0.09248599665430461
ergo_adaptive,35.0,0.14314723518980693,0.09259845276497398
ergo_adaptive,35.08333333333337,0.14336061262429112,0.09268001675703381
ergo_adaptive,35.16666666666663,0.14351022605354405,0.09272237282356455
ergo_adaptive,35.25,0.14345001441906458,0.09274773773347816
ergo_adaptive,35.33333333333337,0.14389667590992206,0.09278562360275171
ergo_adaptive,35.41666666666663,0.14405041896970985,0.09281882717569052
ergo_adaptive,35.5,0.14397936905013947,0.09284215420262462
ergo_adaptive,35.58333333333337,0.1437842578237273,0.09289851285533594
ergo_adaptive,35.66666666666663,0.1439125968079259,0.09303652071746361
ergo_adaptive,35.75,0.14392684276644932,0.0931883343923346
ergo_adaptive,35.83333333333337,0.14428770404394317,0.09328275160409498
ergo_adaptive,35.91666666666663,0.14448506361535268,0.09336176816970655
ergo_adaptive,36.0,0.14443876828189273,0.09345849059226548
ergo_adaptive,36.08333333333337,0.1449436667533912,0.09358081074662242
ergo_adaptive,36.16666666666663,0.14493818140159034,0.09374013651636981
ergo_adaptive,36.25,0.14504798872120178,0.09391946672511774
ergo_adaptive,36.33333333333337,0.14512633632920566,0.0940418160777875
ergo_adaptive,36.41666666666663,0.14534374667753544,0.09411930402334386
ergo_adaptive,36.5,0.1452623472946511,0.09421283561683502
ergo_adaptive,36.58333333333337,0.14589710913090975,0.09435412925189766
ergo_adaptive,36.66666666666663,0.14573966165043095,0.09444421312018883
ergo_adaptive,36.75,0.1455296773092578,0.09447070008117114
ergo_adaptive,36.83333333333337,0.14526617320592083,0.09449432485663756
ergo_adaptive,36.91666666666663,0.145706511847176,0.09456829882729594
ergo_adaptive,37.0,0.1454576071213152,0.09463464867293067
ergo_adaptive,37.08333333333337,0.14686016404168875,0.09462856831249497
ergo_adaptive,37.16666666666663,0.14695477730533094,0.0945965139361514
ergo_adaptive,37.25,0.14694555347866506,0.09460746630709155
ergo_adaptive,37.33333333333337,0.1465649177958852,0.09464812199464484
ergo_adaptive,37.41666666666663,0.1465360581232325,0.09461733732849717
ergo_adaptive,37.5,0.14626791532569372,0.09453580868434243
ergo_adaptive,37.58333333333337,0.14604703468220306,0.0944847986886251
ergo_adaptive,37.66666666666663,0.14661450479958074,0.09450422825637832
ergo_adaptive,37.75,0.14633921411147097,0.09445848432012972
ergo_adaptive,37.83333333333337,0.14646925738777256,0.09433137515813673
ergo_adaptive,37.91666666666663,0.14627298270064878,0.09420879478753613
ergo_adaptive,38.0,0.14620644380161674,0.09417411403966143
ergo_adaptive,38.08333333333337,0.14599181452291657,0.09411787859395877
ergo_adaptive,38.16666666666663,0.14611440542447207,0.09396183242826968
ergo_adaptive,38.25,0.14527182603989053,0.09377744244354652
ergo_adaptive,38.33333333333337,0.14536012257252973,0.09364911039385021
ergo_adaptive,38.41666666666663,0.14577605091111276,0.09355150309351444
ergo_adaptive,38.5,0.14601235395864318,0.09339148066376049
ergo_adaptive,38.58333333333337,0.14523969141436238,0.09317890924953726
ergo_adaptive,38.66666666666663,0.1452128147717551,0.09297727341993037
ergo_adaptive,38.75,0.14494036367123445,0.09280032630795428
ergo_adaptive,38.83333333333337,0.14389024132988892,0.09260795838257188
ergo_adaptive,38.91666666666663,0.14366801424786782,0.0923860452411573
ergo_adaptive,39.0,0.1417379019189309,0.09216024546113913
ergo_adaptive,39.08333333333337,0.14306638298170565,0.09196549198147029
ergo_adaptive,39.16666666666663,0.1441647135873115,0.09178356791257022
ergo_adaptive,39.25,0.14475266743610682,0.09157744466856434
ergo_adaptive,39.33333333333337,0.1452844343609568,0.09133900778420148
ergo_adaptive,39.41666666666663,0.1440900450474519,0.09110243039311233
ergo_adaptive,39.5,0.1444744529346604,0.09090461712334952
ergo_adaptive,39.58333333333337,0.1434640943158037,0.09066458523315193
ergo_adaptive,39.66666666666663,0.14392369032533184,0.09036320814476778
ergo_adaptive,39.75,0.14381950802350055,0.09006582287252103
ergo_adaptive,39.83333333333337,0.14386725453708787,0.08981679344593292
ergo_adaptive,39.91666666666663,0.14403707973632185,0.08961778801079266
ergo_adaptive,40.0,0.144219338399666,0.08943411111034506
ergo_adaptive,40.08333333333337,0.1432780308988047,0.08924395141895575
ergo_adaptive,40.16666666666663,0.14205214424581725,0.08907710643716227
ergo_adaptive,40.25,0.14182559338799341,0.08899885093242263
ergo_adaptive,40.33333333333337,0.14210614318215153,0.08892744127448711
ergo_adaptive,40.41666666666663,0.14354297950389205,0.08873654547581253
ergo_adaptive,40.5,0.14306345903822934,0.0884857149223743
ergo_adaptive,40.58333333333337,0.14237197129483564,0.08824861166405332
ergo_adaptive,40.66666666666663,0.14203643619863282,0.08806324980350283
ergo_adaptive,40.75,0.14239958698232238,0.08794581056387261
ergo_adaptive,40.83333333333337,0.14233596663725284,0.08784851790090968
ergo_adaptive,40.91666666666663,0.14162528210152356,0.08768552777470906
ergo_adaptive,41.0,0.14307034679492583,0.08747260515405167
ergo_adaptive,41.08333333333337,0.14202177671461122,0.08726493974352571
ergo_adaptive,41.16666666666663,0.14199857070255567,0.08709484255521173
ergo_adaptive,41.25,0.14249158508054202,0.08699907995078529
ergo_adaptive,41.33333333333337,0.14254894907115642,0.08696064510884066
ergo_adaptive,41.41666666666663,0.1424744622574074,0.08683134445177648
ergo_adaptive,41.5,0.14300366307232504,0.08662622143099569
ergo_adaptive,41.58333333333337,0.14324926323681908,0.08641483553521409
ergo_adaptive,41.66666666666663,0.14296648326380576,0.08624735373909068
ergo_adaptive,41.75,0.14384935154494005,0.08614999250627045
ergo_adaptive,41.83333333333337,0.14409431579460358,0.08610199092726246
ergo_adaptive,41.91666666666663,0.14376820447664368,0.08599915937332638
ergo_adaptive,42.0,0.14219786677515686,0.08583119519940284
ergo_adaptive,42.08333333333337,0.14295820320064162,0.08566506798759567
ergo_adaptive,42.16666666666663,0.1431130270946686,0.08552275748963621
ergo_adaptive,42.25,0.14351553978811116,0.08539745719924785
ergo_adaptive,42.33333333333337,0.14267619959193634,0.08527837094407519
ergo_adaptive,42.41666666666663,0.14236718238350551,0.08514636441326646
ergo_adaptive,42.5,0.1428191825256821,0.08502102213021973
ergo_adaptive,42.58333333333337,0.1423278143114714,0.08493695645213073
ergo_adaptive,42.66666666666663,0.14348768524163927,0.08485821041825853
ergo_adaptive,42.75,0.14265816806977302,0.08472527373544944
ergo_adaptive,42.83333333333337,0.1431819912525041,0.08458064933288971
ergo_adaptive,42.91666666666663,0.14273507357268297,0.08446522765233523
ergo_adaptive,43.0,0.1428897907216733,0.08441869218280408
ergo_adaptive,43.08333333333337,0.14311719719370172,0.08447845353342368
ergo_adaptive,43.16666666666663,0.13302627340178472,0.08455610478147405
ergo_adaptive,43.25,0.12451214816643355,0.0845680695975059
ergo_adaptive,43.33333333333337,0.1174698605407078,0.0845559450600451
ergo_adaptive,43.41666666666663,0.11357601211958801,0.08460949796229247
ergo_adaptive,43.5,0.11141519019784708,0.08480097565069519
ergo_adaptive,43.58333333333337,0.11163772447301012,0.08507519282159515
ergo_adaptive,43.66666666666663,0.11101089871979002,0.08539012211195997
ergo_adaptive,43.75,0.11017770771125705,0.08570827695420591
ergo_adaptive,43.83333333333337,0.10880952983026514,0.0859783984090288
ergo_adaptive,43.91666666666663,0.10809234960359294,0.08622099053808027
ergo_adaptive,44.0,0.10671156476320061,0.08646887144261937
ergo_adaptive,44.08333333333337,0.10409694890969934,0.08672640789916206
ergo_adaptive,44.16666666666663,0.10162256011287393,0.08695693169654566
ergo_adaptive,44.25,0.10010168829780432,0.08715681842454362
ergo_adaptive,44.33333333333337,0.09738398867465596,0.08734207520862525
ergo_adaptive,44.41666666666663,0.09482150170344683,0.08753004309617214
ergo_adaptive,44.5,0.10266884641272879,0.08773497199483768
ergo_adaptive,44.58333333333337,0.10903942663741581,0.08794141476040238
ergo_adaptive,44.66666666666663,0.11178577324089695,0.08809310987195815
ergo_adaptive,44.75,0.11451339952294133,0.0881901079592267
ergo_adaptive,44.83333333333337,0.1151157099720013,0.08826087400366754
ergo_adaptive,44.91666666666663,0.11601648491249543,0.08833229188832564
ergo_adaptive,45.0,0.11568182114753049,0.08843248138089115
ergo_adaptive,45.08333333333337,0.11618357625857474,0.08855836995193997
ergo_adaptive,45.16666666666663,0.11586651332165797,0.08862270097554684
ergo_adaptive,45.25,0.11533878384162505,0.08861470943592828
ergo_adaptive,45.33333333333337,0.1144139661654473,0.0885754557612557
ergo_adaptive,45.41666666666663,0.1138902921105215,0.08854659083430018
ergo_adaptive,45.5,0.11514518977593627,0.08856536313961287
ergo_adaptive,45.58333333333337,0.11503345356467813,0.08863538981838509
ergo_adaptive,45.66666666666663,0.11552424163341589,0.08864584857653465
ergo_adaptive,45.75,0.11535694708319058,0.08857992997752799
ergo_adaptive,45.83333333333337,0.11532522305667925,0.08848628656952373
ergo_adaptive,45.91666666666663,0.11490569482087111,0.08841175221536715
ergo_adaptive,46.0,0.11550276420010272,0.08839579768923453
ergo_adaptive,46.08333333333337,0.11507158935961447,0.08845995224733227
ergo_adaptive,46.16666666666663,0.11569369103290329,0.08847763078698125
ergo_adaptive,46.25,0.11623199814684786,0.08842264993920186
ergo_adaptive,46.33333333333337,0.11603813834216715,0.08834331179382147
ergo_adaptive,46.41666666666663,0.11586130994038538,0.08828716555406703
ergo_adaptive,46.5,0.11541334168998034,0.08828477158714397
ergo_adaptive,46.58333333333337,0.11460883349958498,0.08834443873200362
ergo_adaptive,46.66666666666663,0.11492536470457751,0.08838380833370066
ergo_adaptive,46.75,0.11429795601124225,0.08837233821733098
ergo_adaptive,46.83333333333337,0.11501424452936443,0.08835235774968182
ergo_adaptive,46.91666666666663,0.11576105037893535,0.08835497366388369
ergo_adaptive,47.0,0.11521060886978043,0.08837557809737281
ergo_adaptive,47.08333333333337,0.11639810981053378,0.08839792017232632
ergo_adaptive,47.16666666666663,0.11615095026666564,0.0884130399013193
ergo_adaptive,47.25,0.11639269929394432,0.08843652103659741
ergo_adaptive,47.33333333333337,0.11649979074428697,0.08851044311928344
ergo_adaptive,47.41666666666663,0.11668315154768419,0.08861264549739295
ergo_adaptive,47.5,0.11662236446757848,0.08863005252953886
ergo_adaptive,47.58333333333337,0.11654265945043059,0.08859278736885978
ergo_adaptive,47.66666666666663,0.1171561682069194,0.08857243085621479
ergo_adaptive,47.75,0.11640697399779064,0.08858424982398697
ergo_adaptive,47.83333333333337,0.11620073104069094,0.08857620339663079
ergo_adaptive,47.91666666666663,0.11648085401152658,0.08852524945209708
ergo_adaptive,48.0,0.11728622015174082,0.08846881204099517
ergo_adaptive,48.08333333333337,0.1171644346836622,0.08843741840266771
ergo_adaptive,48.16666666666663,0.11661797449651286,0.08841826143216214
ergo_adaptive,48.25,0.1167570627198383,0.08838171331645328
ergo_adaptive,48.33333333333337,0.11766249416727358,0.08833484723873435
ergo_adaptive,48.41666666666663,0.11873038462688221,0.0883046881485681
ergo_adaptive,48.5,0.11856842931666764,0.0882929350835762
ergo_adaptive,48.58333333333337,0.11890489144347459,0.08827295735724909
ergo_adaptive,48.66666666666663,0.118269340605274,0.08823559932672996
ergo_adaptive,48.75,0.11766806553108711,0.08820481437765214
ergo_adaptive,48.83333333333337,0.1187725749427184,0.0881948858386348
ergo_adaptive,48.91666666666663,0.11924539011206058,0.08818520623542227
ergo_adaptive,49.0,0.11902164269529512,0.08815686251919258
ergo_adaptive,49.08333333333337,0.11895946267671764,0.08812577429944161
ergo_adaptive,49.16666666666663,0.11903945523310665,0.08811560856462343
ergo_adaptive,49.25,0.11853690455840153,0.08811665669079545
ergo_adaptive,49.33333333333337,0.11940532705449387,0.08810312661336826
ergo_adaptive,49.41666666666663,0.11968716873462007,0.08808004544674614
ergo_adaptive,49.5,0.12016133993884563,0.08807434602000346
ergo_adaptive,49.58333333333337,0.11951498090952756,0.08808969004270788
ergo_adaptive,49.66666666666663,0.11951509146096599,0.0880984268176417
ergo_adaptive,49.75,0.11957559430557951,0.08809159380714338
ergo_adaptive,49.83333333333337,0.12046069003331483,0.08809484866616736
ergo_adaptive,49.91666666666663,0.12058445792473968,0.0881249482679999
ergo_adaptive,50.0,0.12086710796809211,0.0881568114206628
ergo_adaptive,50.08333333333337,0.12055548195379498,0.08816921574050336
ergo_adaptive,50.16666666666663,0.12099692451976118,0.08817839993288598
ergo_adaptive,50.25,0.12055995648733783,0.08820937544037578
ergo_adaptive,50.33333333333337,0.12019782475576973,0.08824856819415747
ergo_adaptive,50.41666666666663,0.12014005605052419,0.08826874968963735
ergo_adaptive,50.5,0.1195390606923115,0.08827598876780617
ergo_adaptive,50.58333333333337,0.12002552718655986,0.08829612169489222
ergo_adaptive,50.66666666666663,0.12080066803722682,0.08833599394108402
ergo_adaptive,50.75,0.1209529024282589,0.08837778108078878
ergo_adaptive,50.83333333333337,0.12141814503189026,0.08841933296853757
ergo_adaptive,50.91666666666663,0.12183664695446647,0.0884860666328217
ergo_adaptive,51.0,0.1218238404354742,0.08860227383840796
ergo_adaptive,51.08333333333337,0.12299372048328693,0.08873226395841073
ergo_adaptive,51.16666666666663,0.12213052365737397,0.08882359160475502
ergo_adaptive,51.25,0.12230252642453997,0.08889943568219025
ergo_adaptive,51.33333333333337,0.12273617379544016,0.08901461016875348
ergo_adaptive,51.41666666666663,0.12252721162847055,0.08913778373615437
ergo_adaptive,51.5,0.12217070615686723,0.08920279238889318
ergo_adaptive,51.58333333333337,0.12254517297382948,0.08923816681528783
ergo_adaptive,51.66666666666663,0.12121246919317509,0.08929568642909558
ergo_adaptive,51.75,0.12209232669966691,0.0893897206943172
ergo_adaptive,51.83333333333337,0.12320678860433092,0.08945784027157413
ergo_adaptive,51.91666666666663,0.12387331816836533,0.08950205557696297
ergo_adaptive,52.0,0.12438788908052212,0.08955761275574169
ergo_adaptive,52.08333333333337,0.1232564655574388,0.08964409626391745
ergo_adaptive,52.16666666666663,0.12272333094084056,0.08973739202443153
ergo_adaptive,52.25,0.12231047695336719,0.08981420639444111
ergo_adaptive,52.33333333333337,0.12342060377063543,0.08989056713166196
ergo_adaptive,52.41666666666663,0.1254803999798598,0.0899856863379549
ergo_adaptive,52.5,0.12641380077581857,0.09008966522084903
ergo_adaptive,52.58333333333337,0.1261793737070326,0.0901859715878954
ergo_adaptive,52.66666666666663,0.12705846377569308,0.0902719190807403
ergo_adaptive,52.75,0.1264042255306164,0.09036401339752011
ergo_adaptive,52.83333333333337,0.12034117222651204,0.09046136768390009
ergo_adaptive,52.91666666666663,0.1090041184392099,0.09055340550678612
ergo_adaptive,53.0,0.10179416602284848,0.0908012078875088
ergo_adaptive,53.08333333333337,0.10676821418755117,0.09112160292465034
ergo_adaptive,53.16666666666663,0.10948864161469961,0.09144231552080975
ergo_adaptive,53.25,0.11083948759233281,0.09173573261906026
ergo_adaptive,53.33333333333337,0.11167138843322351,0.09200127614738716
ergo_adaptive,53.41666666666663,0.11193174841667881,0.0922491018285326
ergo_adaptive,53.5,0.11160228524886723,0.09247243969722589
ergo_adaptive,53.58333333333337,0.11270935292794433,0.09265680535646516
ergo_adaptive,53.66666666666663,0.11382335845090004,0.09281220060730475
ergo_adaptive,53.75,0.1139805095247803,0.09297183917348448
ergo_adaptive,53.83333333333337,0.11430962578018868,0.09313657110865739
ergo_adaptive,53.91666666666663,0.1143162587595473,0.09326564004416119
ergo_adaptive,54.0,0.1151257553788194,0.09336476788064182
ergo_adaptive,54.08333333333337,0.11534648377158366,0.09346339824772476
ergo_adaptive,54.16666666666663,0.11544751433857464,0.09357515787485839
ergo_adaptive,54.25,0.11475553484413033,0.09368937438670365
ergo_adaptive,54.33333333333337,0.1145183292188123,0.09379761775811878
ergo_adaptive,54.41666666666663,0.11499209993392469,0.09390315207915999
ergo_adaptive,54.5,0.11647342242847829,0.0940199430764585
ergo_adaptive,54.58333333333337,0.11729480357686424,0.09415071420311835
ergo_adaptive,54.66666666666663,0.11716471528645388,0.0942696889671833
ergo_adaptive,54.75,0.11757886517114687,0.09435061656526854
ergo_adaptive,54.83333333333337,0.11691112986486246,0.0944130472332996
ergo_adaptive,54.91666666666663,0.11720750972744995,0.09450498910290224
ergo_adaptive,55.0,0.11772858156049877,0.09455144133343349
ergo_adaptive,55.08333333333337,0.11724795493163545,0.09451879454479431
ergo_adaptive,55.16666666666663,0.11718422417986722,0.09445822166219947
ergo_adaptive,55.25,0.11748425145625192,0.09443245831368742
ergo_adaptive,55.33333333333337,0.11769073400106038,0.09444613948016474
ergo_adaptive,55.41666666666663,0.11811415392179735,0.09445923734863682
ergo_adaptive,55.5,0.11832653776087275,0.09447671160429869
ergo_adaptive,55.58333333333337,0.1185550340692377,0.0945199125763787
ergo_adaptive,55.66666666666663,0.11914900265004155,0.0945921881527751
ergo_adaptive,55.75,0.11891962872221402,0.0946785351315859
ergo_adaptive,55.83333333333337,0.1188983197473157,0.09476271540078382
ergo_adaptive,55.91666666666663,0.1196080299087415,0.09483964672224714
ergo_adaptive,56.0,0.1195596214631533,0.09491064763618672
ergo_adaptive,56.08333333333337,0.11937097142619374,0.09496957433127354
ergo_adaptive,56.16666666666663,0.11994916409310984,0.09501553484467898
ergo_adaptive,56.25,0.11954665434757215,0.09507672054408937
ergo_adaptive,56.33333333333337,0.11972176532707392,0.09517886721053805
ergo_adaptive,56.41666666666663,0.12034611061066713,0.09524009934443416
ergo_adaptive,56.5,0.12054133969844077,0.0952445522442854
ergo_adaptive,56.58333333333337,0.12077768828187677,0.0952439473869871
ergo_adaptive,56.66666666666663,0.1201024754758002,0.09529759308353603
ergo_adaptive,56.75,0.12014118622834656,0.09533960485342355
ergo_adaptive,56.83333333333337,0.12022096299388088,0.09531466229677543
ergo_adaptive,56.91666666666663,0.12127325965424915,0.09526615231761033
ergo_adaptive,57.0,0.12004962706714642,0.0952589171907253
ergo_adaptive,57.08333333333337,0.12071115819840714,0.09528520724983255
ergo_adaptive,57.16666666666663,0.12101509824965868,0.09525010225854946
ergo_adaptive,57.25,0.12093669314160381,0.0951720588329369
ergo_adaptive,57.33333333333337,0.12159461868975761,0.09511775033273243
ergo_adaptive,57.41666666666663,0.12161845876187237,0.09512676468035909
ergo_adaptive,57.5,0.12142836586583332,0.0950864678216735
ergo_adaptive,57.58333333333337,0.12196153601154114,0.09498497941490221
ergo_adaptive,57.66666666666663,0.12180302390942215,0.09488695684797158
ergo_adaptive,57.75,0.12138692347370823,0.09486532954339068
ergo_adaptive,57.83333333333337,0.120943631262957,0.0948280764471934
ergo_adaptive,57.91666666666663,0.12266194826178235,0.09471613319838927
ergo_adaptive,58.0,0.12260911080585843,0.09458478063417367
ergo_adaptive,58.08333333333337,0.12275725788199758,0.0945106847533509
ergo_adaptive,58.16666666666663,0.12266501209265662,0.0944735905139366
ergo_adaptive,58.25,0.12226253335976824,0.09436634084320496
ergo_adaptive,58.33333333333337,0.12246537230180608,0.0942183975888156
ergo_adaptive,58.41666666666663,0.12222148247739406,0.09410470937803142
ergo_adaptive,58.5,0.12238841043987075,0.0940470232300188
ergo_adaptive,58.58333333333337,0.12267636463857728,0.09395093167591853
ergo_adaptive,58.66666666666663,0.12342650039452696,0.09380043728554117
ergo_adaptive,58.75,0.12315907114220548,0.09365781734913153
ergo_adaptive,58.83333333333337,0.12320965147346932,0.093564979747771
ergo_adaptive,58.91666666666663,0.12239259087956667,0.09347036391775795
ergo_adaptive,59.0,0.12198480797411951,0.09332439707012788
ergo_adaptive,59.08333333333337,0.12333979554857083,0.09316789616046481
ergo_adaptive,59.16666666666663,0.12364133064722564,0.09305258664933527
ergo_adaptive,59.25,0.12409107812402524,0.09295551012011177
ergo_adaptive,59.33333333333337,0.12256903107955329,0.09282084314340015
ergo_adaptive,59.41666666666663,0.12290640630579011,0.09266140409234958
ergo_adaptive,59.5,0.12408650498558048,0.09253156351410192
ergo_adaptive,59.58333333333337,0.12373241951806761,0.0924326571401752
ergo_adaptive,59.66666666666663,0.12285850881648777,0.09231482506108042
ergo_adaptive,59.75,0.12300944734839223,0.09216944420365637
ergo_adaptive,59.83333333333337,0.12233970543177189,0.09203203298434094
ergo_adaptive,59.91666666666663,0.1224927444524559,0.09193112741956859
ergo_adaptive,60.0,0.12178278905402339,0.09183244054403443
ergo_adaptive,60.08333333333337,0.12137987842629447,0.09170753997696156
ergo_adaptive,60.16666666666663,0.12222317861235446,0.09158172952845185
ergo_adaptive,60.25,0.1227375970805373,0.09149474678094213
ergo_adaptive,60.33333333333337,0.12344754142593342,0.09142323274012443
ergo_adaptive,60.41666666666663,0.12367300027932586,0.09130933574217029
ergo_adaptive,60.5,0.12276606320937795,0.09116040212028793
ergo_adaptive,60.58333333333337,0.12258450385548572,0.09104571463728578
ergo_adaptive,60.66666666666663,0.12326891186241497,0.09098171059558628
ergo_adaptive,60.75,0.12368173376496318,0.09089225375983162
ergo_adaptive,60.83333333333337,0.12351858197155909,0.09075086972710507
ergo_adaptive,60.91666666666663,0.12420888199324469,0.0906252933725572
ergo_adaptive,61.0,0.12396583014178986,0.09055735083228372
ergo_adaptive,61.08333333333337,0.12420041849773876,0.09048270153226834
ergo_adaptive,61.16666666666663,0.12440526322708277,0.09034235879548475
ergo_adaptive,61.25,0.1252101143488272,0.09019338843471741
ergo_adaptive,61.33333333333337,0.12475436569297262,0.09010213621714243
ergo_adaptive,61.41666666666663,0.12430357437355206,0.09003617538064822
ergo_adaptive,61.5,0.12363174836730659,0.08991490886324953
ergo_adaptive,61.58333333333337,0.12415805105919057,0.08978663047376932
ergo_adaptive,61.66666666666663,0.12371158710870289,0.08971442848569561
ergo_adaptive,61.75,0.12416114747941419,0.08973494248736799
ergo_adaptive,61.83333333333337,0.12455821456351872,0.08970763023312014
ergo_adaptive,61.91666666666663,0.12408108217496301,0.08960977318337042
ergo_adaptive,62.0,0.12478886236818446,0.08951061233300871
ergo_adaptive,62.08333333333337,0.12501851862162583,0.08946739724217692
ergo_adaptive,62.16666666666663,0.12475961046013677,0.08946069405655656
ergo_adaptive,62.25,0.1250456464232235,0.0893883541946831
ergo_adaptive,62.33333333333337,0.12406968551994037,0.08926494785585946
ergo_adaptive,62.41666666666663,0.12413840737039795,0.08915310415020741
ergo_adaptive,62.5,0.125162673951984,0.08906561067804035
ergo_adaptive,62.58333333333337,0.12559289587490063,0.08897748039704362
ergo_adaptive,62.66666666666663,0.12596551765083727,0.0888880781567118
ergo_adaptive,62.75,0.12570508072188402,0.08879879158035009
ergo_adaptive,62.83333333333337,0.12603943244537585,0.08871889303361083
ergo_adaptive,62.91666666666663,0.12529272039282857,0.08866626477707644
ergo_adaptive,63.0,0.12461040128929556,0.08860808931191452
ergo_adaptive,63.08333333333337,0.12529734350332897,0.08850423195343167
ergo_adaptive,63.16666666666663,0.1255631934062973,0.08837607490525777
ergo_adaptive,63.25,0.12796163671823732,0.08825541374951856
ergo_adaptive,63.33333333333337,0.12897821430005416,0.08816168150282822
ergo_adaptive,63.41666666666663,0.1291493461102142,0.08811908255501205
ergo_adaptive,63.5,0.12894841529103604,0.0880934468757227
ergo_adaptive,63.58333333333337,0.1290890400752176,0.08801720461437476
ergo_adaptive,63.66666666666663,0.12769346831682382,0.08790870564290092
ergo_adaptive,63.75,0.128366794091242,0.08781108870795049
ergo_adaptive,63.83333333333337,0.12880587046461842,0.08774717089958099
ergo_adaptive,63.91666666666663,0.12963627798313718,0.08772159820569796
ergo_adaptive,64.0,0.13006923736997897,0.08769292013868582
ergo_adaptive,64.08333333333337,0.13039186391539956,0.0876380108359562
ergo_adaptive,64.16666666666663,0.13037027058298936,0.0875887624945844
ergo_adaptive,64.25,0.131219918761574,0.08757626045107905
ergo_adaptive,64.33333333333337,0.1307079349025701,0.08755905867619476
ergo_adaptive,64.41666666666663,0.13221298171138957,0.08750176301265267
ergo_adaptive,64.5,0.13331169384884575,0.0874371071716988
ergo_adaptive,64.58333333333337,0.13221179804465985,0.08740026534519973
ergo_adaptive,64.66666666666663,0.13245189214823233,0.08740585444469125
ergo_adaptive,64.75,0.13340993149522143,0.08742872325261761
ergo_adaptive,64.83333333333337,0.13454587182727729,0.08744393571798252
ergo_adaptive,64.91666666666663,0.13467222536361437,0.0874670156448229
ergo_adaptive,65.0,0.1346945273702342,0.08753632383227007
ergo_adaptive,65.08333333333337,0.1352276569366562,0.08764349782827043
ergo_adaptive,65.16666666666663,0.13576619536811227,0.08771301400577858
ergo_adaptive,65.25,0.13605711455443348,0.08775964432722205
ergo_adaptive,65.33333333333337,0.13710409135579274,0.08785591346240788
ergo_adaptive,65.41666666666663,0.13842452151594667,0.08802941076337373
ergo_adaptive,65.5,0.1379629882753725,0.08816481519750655
ergo_adaptive,65.58333333333337,0.13868031827772861,0.08826268134453041
ergo_adaptive,65.66666666666663,0.13930727376875657,0.08838477316625472
ergo_adaptive,65.75,0.13906124051419175,0.08859130269919085
ergo_adaptive,65.83333333333337,0.12852730842801496,0.08880728851165548
ergo_adaptive,65.91666666666663,0.12090641677720325,0.08902413064206935
ergo_adaptive,66.0,0.11727368915525384,0.08933081436441194
ergo_adaptive,66.08333333333337,0.11765132290400708,0.08968760996011776
ergo_adaptive,66.16666666666663,0.12008283176883301,0.09004801375499215
ergo_adaptive,66.25,0.12153949850767203,0.09038637228380844
ergo_adaptive,66.33333333333337,0.12254569552561749,0.09069542365968335
ergo_adaptive,66.41666666666663,0.12348450691906795,0.0909803998414033
ergo_adaptive,66.5,0.12361985887708511,0.09124363239267666
ergo_adaptive,66.58333333333337,0.12455811236518437,0.09147865428769819
ergo_adaptive,66.66666666666663,0.1243704964535804,0.09168424653729979
ergo_adaptive,66.75,0.12448377245776172,0.09187427208359142
ergo_adaptive,66.83333333333337,0.12402661682457251,0.09206239218963104
ergo_adaptive,66.91666666666663,0.12424289826176343,0.09223606312199027
ergo_adaptive,67.0,0.12479723649772334,0.0923843760319509
ergo_adaptive,67.08333333333337,0.12378374044511439,0.0925221090079026
ergo_adaptive,67.16666666666663,0.12388469173164915,0.09268126034979308
ergo_adaptive,67.25,0.12430041786461885,0.0928463855320628
ergo_adaptive,67.33333333333337,0.12480986118904151,0.09297460766402517
ergo_adaptive,67.41666666666663,0.12524756174541218,0.09308387982131888
ergo_adaptive,67.5,0.12540170095453612,0.09322332237137021
ergo_adaptive,67.58333333333337,0.12538776260737933,0.09340509336915724
ergo_adaptive,67.66666666666663,0.12612271518498902,0.09353598480516673
ergo_adaptive,67.75,0.12646342375794303,0.09362880864259103
ergo_adaptive,67.83333333333337,0.12617481643779713,0.09374023884641476
ergo_adaptive,67.91666666666663,0.126111183929898,0.09391067239414225
ergo_adaptive,68.0,0.1266716708488559,0.09404868299234197
ergo_adaptive,68.08333333333337,0.12681448100109913,0.09413262743453862
ergo_adaptive,68.16666666666663,0.12696732248070802,0.0942172200378656
ergo_adaptive,68.25,0.12735979654633986,0.09436100134361206
ergo_adaptive,68.33333333333337,0.12741907776218278,0.09450924832956271
ergo_adaptive,68.41666666666663,0.12765898360115915,0.09459567679270751
ergo_adaptive,68.5,0.12768102241205548,0.09466344342988879
ergo_adaptive,68.58333333333337,0.12774619995286074,0.09477580676675293
ergo_adaptive,68.66666666666663,0.12812136005099162,0.09492845271420397
ergo_adaptive,68.75,0.1284951235477487,0.09502797235557701
ergo_adaptive,68.83333333333337,0.12876987596486236,0.09509223007489626
ergo_adaptive,68.91666666666663,0.1283939258525156,0.09517629501141318
ergo_adaptive,69.0,0.12862987503582063,0.09529190618348443
ergo_adaptive,69.08333333333337,0.12862640803161998,0.09540127986572651
ergo_adaptive,69.16666666666663,0.12821768280508697,0.09548763758432322
ergo_adaptive,69.25,0.12864694372568902,0.09557426129608647
ergo_adaptive,69.33333333333337,0.12964257170927337,0.09567647568868891
ergo_adaptive,69.41666666666663,0.13010900502058917,0.09579333788010883
ergo_adaptive,69.5,0.12969431004892226,0.09589308115201017
ergo_adaptive,69.58333333333337,0.12976756210787727,0.09595983283001712
ergo_adaptive,69.66666666666663,0.12980047733518402,0.09602026614516689
ergo_adaptive,69.75,0.12991217265610971,0.09611375437760657
ergo_adaptive,69.83333333333337,0.13021023007372512,0.09617997303884242
ergo_adaptive,69.91666666666663,0.130246026454029,0.09617211159496644
ergo_adaptive,70.0,0.13078087967410243,0.09613709293021233
ergo_adaptive,70.08333333333337,0.13020432786569025,0.09614008929426969
ergo_adaptive,70.16666666666663,0.13028694008165986,0.09614697769898055
ergo_adaptive,70.25,0.13068405210111417,0.09606374181476862
ergo_adaptive,70.33333333333337,0.1317391991750771,0.09592518846289223
ergo_adaptive,70.41666666666663,0.13176619980832138,0.09580407339323235
ergo_adaptive,70.5,0.13218757566215578,0.09570559959937729
ergo_adaptive,70.58333333333337,0.13156534788546553,0.09555240453982221
ergo_adaptive,70.66666666666663,0.13201468904584476,0.09533671651353544
ergo_adaptive,70.75,0.13254627408553493,0.095113024725635
ergo_adaptive,70.83333333333337,0.13133783897000972,0.09491267158006515
ergo_adaptive,70.91666666666663,0.13138535526049977,0.0947219882629095
ergo_adaptive,71.0,0.13064445415293804,0.09452502124149349
ergo_adaptive,71.08333333333337,0.13076066674140466,0.09433575930952465
ergo_adaptive,71.16666666666663,0.1294408528181079,0.09417978388346765
ergo_adaptive,71.25,0.13006643284976177,0.09406644483728843
ergo_adaptive,71.33333333333337,0.12992641527175774,0.09396087412512781
ergo_adaptive,71.41666666666663,0.13004764085780948,0.09382975256465362
ergo_adaptive,71.5,0.13058063664183944,0.09370734337181838
ergo_adaptive,71.58333333333337,0.1302106656693216,0.09365367267812175
ergo_adaptive,71.66666666666663,0.13008919227224397,0.09358102066809426
ergo_adaptive,71.75,0.13005211855063173,0.09342570212581021
ergo_adaptive,71.83333333333337,0.12939268779516522,0.09323553330134207
ergo_adaptive,71.91666666666663,0.1287551541406523,0.09306846299794415
ergo_adaptive,72.0,0.12939402533510627,0.0929307169108403
ergo_adaptive,72.08333333333337,0.12987836649931003,0.09278266776701154
ergo_adaptive,72.16666666666663,0.1284793192288996,0.0926139036090395
ergo_adaptive,72.25,0.12966030844580215,0.0924521403784689
ergo_adaptive,72.33333333333337,0.13031638240051138,0.0923186824855147
ergo_adaptive,72.41666666666663,0.12947635693126472,0.09219967738595494
ergo_adaptive,72.5,0.13017560802152273,0.0920625060989756
ergo_adaptive,72.58333333333337,0.12934221005879626,0.09191045199064292
ergo_adaptive,72.66666666666663,0.12903978088844917,0.091800312081135
ergo_adaptive,72.75,0.12841646890963931,0.09176344088165858
ergo_adaptive,72.83333333333337,0.13001371919511745,0.09164461328103111
ergo_adaptive,72.91666666666663,0.13029655552631111,0.09143541543961965
ergo_adaptive,73.0,0.13018430782930493,0.09121877552264332
ergo_adaptive,73.08333333333337,0.12967586698942804,0.09103724229596616
ergo_adaptive,73.16666666666663,0.1294690026221744,0.09085332884329159
ergo_adaptive,73.25,0.12980360000472907,0.09063530756195935
ergo_adaptive,73.33333333333337,0.12946123621564568,0.09039780047952918
ergo_adaptive,73.41666666666663,0.1292265800823064,0.09017944567119351
ergo_adaptive,73.5,0.12845842387718845,0.09003497443801695
ergo_adaptive,73.58333333333337,0.1282406347586979,0.08993284720392548
ergo_adaptive,73.66666666666663,0.12779301984262748,0.08969855967910675
ergo_adaptive,73.75,0.12872616026430442,0.08937065994298803
ergo_adaptive,73.83333333333337,0.12625075857324025,0.08903744684991963
ergo_adaptive,73.91666666666663,0.12664420634027848,0.08874273474621588
ergo_adaptive,74.0,0.12600084122214225,0.08849959210736713
ergo_adaptive,74.08333333333337,0.1262992009209081,0.08827910511073615
ergo_adaptive,74.16666666666663,0.12790833695986173,0.0880175674193734
ergo_adaptive,74.25,0.12906958772483948,0.08771459719807075
ergo_adaptive,74.33333333333337,0.12960174042228298,0.08742429119165882
ergo_adaptive,74.41666666666663,0.128844088868078,0.0871615312074768
ergo_adaptive,74.5,0.12848625240476916,0.08692555991141332
ergo_adaptive,74.58333333333337,0.12779419596302674,0.08671675129483056
ergo_adaptive,74.66666666666663,0.12770617660012812,0.08651936140967814
ergo_adaptive,74.75,0.12832157214773182,0.08634552729952065
ergo_adaptive,74.83333333333337,0.12795924921143093,0.08622063961151405
ergo_adaptive,74.91666666666663,0.12879789659040203,0.0860957985863983
ergo_adaptive,75.0,0.12881682714736964,0.08591459210881582
ergo_adaptive,75.08333333333337,0.12929945312253077,0.08570714067034539
ergo_adaptive,75.16666666666663,0.12914648353226874,0.08551655578617494
ergo_adaptive,75.25,0.1289692510154329,0.0853865478687503
ergo_adaptive,75.33333333333337,0.12924305809930026,0.08536769104749567
ergo_adaptive,75.41666666666663,0.13022782017279816,0.08530655233884822
ergo_adaptive,75.5,0.13139222508514012,0.08513092482950084
ergo_adaptive,75.58333333333337,0.1308870604251117,0.0849218374772848
ergo_adaptive,75.66666666666663,0.13121438120224438,0.08474532370804977
ergo_adaptive,75.75,0.13098465120088776,0.08463094435412617
ergo_adaptive,75.83333333333337,0.1309209192193765,0.08457933257170999
ergo_adaptive,75.91666666666663,0.13176844521525913,0.08452957272720998
ergo_adaptive,76.0,0.13188557738710185,0.08442738277929383
ergo_adaptive,76.08333333333337,0.13263564098235234,0.08430895917058584
ergo_adaptive,76.16666666666663,0.13237505239718825,0.08421732788663444
ergo_adaptive,76.25,0.13212052255642445,0.08415017014363446
ergo_adaptive,76.33333333333337,0.1325892774054847,0.0841005549825518
ergo_adaptive,76.41666666666663,0.13338485418238932,0.08405921205878902
ergo_adaptive,76.5,0.13399268228054106,0.08402282541839368
ergo_adaptive,76.58333333333337,0.13419101642157483,0.0840040772910569
ergo_adaptive,76.66666666666663,0.134912800477652,0.0840084343093002
ergo_adaptive,76.75,0.13453245455410223,0.08400430943556342
ergo_adaptive,76.83333333333337,0.13498322648470518,0.08399329511795454
ergo_adaptive,76.91666666666663,0.13577663481172964,0.08399373519785039
ergo_adaptive,77.0,0.1366517321797829,0.0840105587733101
ergo_adaptive,77.08333333333337,0.13001340328496228,0.08405398762342234
ergo_adaptive,77.16666666666663,0.11914061830879152,0.08412427553467101
ergo_adaptive,77.25,0.11005895469518982,0.08419124817209747
ergo_adaptive,77.33333333333337,0.10350896646052309,0.08424509214804113
ergo_adaptive,77.41666666666663,0.10138414790020273,0.08449575070434863
ergo_adaptive,77.5,0.0995198761702729,0.08486549697450714
ergo_adaptive,77.58333333333337,0.10114796932047918,0.08524897182154641
ergo_adaptive,77.66666666666663,0.1049710194953761,0.08558785416376813
ergo_adaptive,77.75,0.10802537587761685,0.08587665633477987
ergo_adaptive,77.83333333333337,0.10968239866092146,0.08612609151058505
ergo_adaptive,77.91666666666663,0.10943076469222454,0.08634396235997419
ergo_adaptive,78.0,0.10963707312186056,0.08653342487974726
ergo_adaptive,78.08333333333337,0.1106506722952333,0.08669905001196575
ergo_adaptive,78.16666666666663,0.11091290820282475,0.0868412953159511
ergo_adaptive,78.25,0.11160992195272589,0.0869723772565492
ergo_adaptive,78.33333333333337,0.11080838638245902,0.08711509878373483
ergo_adaptive,78.41666666666663,0.11032294311533351,0.08724170824167958
ergo_adaptive,78.5,0.10975534317919688,0.08733082031991764
ergo_adaptive,78.58333333333337,0.10935484626956615,0.08739207109921591
ergo_adaptive,78.66666666666663,0.11015364054069687,0.08744368482116352
ergo_adaptive,78.75,0.11158320667907161,0.08750781902704537
ergo_adaptive,78.83333333333337,0.1110053201304747,0.08761341436655913
ergo_adaptive,78.91666666666663,0.11187222913897572,0.08769912934833674
ergo_adaptive,79.0,0.11154389382031443,0.08773327753123258
ergo_adaptive,79.08333333333337,0.11144939251025013,0.08774024737549119
ergo_adaptive,79.16666666666663,0.11188050791566484,0.08774482793353705
ergo_adaptive,79.25,0.11206736104183318,0.08776226798147795
ergo_adaptive,79.33333333333337,0.11227997246608176,0.08780998300093185
ergo_adaptive,79.41666666666663,0.11302522121900127,0.08785069030998346
ergo_adaptive,79.5,0.11354161342180286,0.08786258694503894
ergo_adaptive,79.58333333333337,0.11297995757075321,0.08787179536850756
ergo_adaptive,79.66666666666663,0.11249593394691876,0.08789794406288776
ergo_adaptive,79.75,0.11299459739706563,0.08791776414981893
ergo_adaptive,79.83333333333337,0.11336417720202423,0.08791212467721127
ergo_adaptive,79.91666666666663,0.11377869668034488,0.08788878986142759
ergo_adaptive,80.0,0.11442288456583029,0.08787329202353647
ergo_adaptive,80.08333333333337,0.11479893657689502,0.0878854686228569
ergo_adaptive,80.16666666666663,0.11530527621555907,0.08791159500847429
ergo_adaptive,80.25,0.1139212334725889,0.08790880853395396
ergo_adaptive,80.33333333333337,0.11460900865888421,0.08789423041115253
ergo_adaptive,80.41666666666663,0.1149735155420502,0.08792497061098192
ergo_adaptive,80.5,0.11539791688457912,0.08799833388405863
ergo_adaptive,80.58333333333337,0.11683018671497547,0.08799226971655304
ergo_adaptive,80.66666666666663,0.11641460916777048,0.08792607493646258
ergo_adaptive,80.75,0.11729454825354795,0.08788546226962207
ergo_adaptive,80.83333333333337,0.11698575061910929,0.08792134594832385
ergo_adaptive,80.91666666666663,0.11725453754272153,0.08791262973959227
ergo_adaptive,81.0,0.11770510979531944,0.08783925253569996
ergo_adaptive,81.08333333333337,0.11607161195475739,0.08777451422290106
ergo_adaptive,81.16666666666663,0.1166147760117728,0.0877818918543847
ergo_adaptive,81.25,0.11630697689632521,0.08779855591952035
ergo_adaptive,81.33333333333337,0.11579923440617207,0.0877525487089129
ergo_adaptive,81.41666666666663,0.11534280924928064,0.08769217114390769
ergo_adaptive,81.5,0.11658673975691218,0.08767716140590319
ergo_adaptive,81.58333333333337,0.11619871451268161,0.08768892583235031
ergo_adaptive,81.66666666666663,0.11602992503374938,0.08766818126253825
ergo_adaptive,81.75,0.11639089070980553,0.08761570400197478
ergo_adaptive,81.83333333333337,0.11654581639049118,0.08757638940868291
ergo_adaptive,81.91666666666663,0.1165449393124213,0.0875648639840589
ergo_adaptive,82.0,0.11613320024767124,0.0875451475824789
ergo_adaptive,82.08333333333337,0.1159018026143841,0.08750045099785381
ergo_adaptive,82.16666666666663,0.11532859476784627,0.0874573064360506
ergo_adaptive,82.25,0.11524168128415894,0.08743681043048616
ergo_adaptive,82.33333333333337,0.11631892976779869,0.08742315703572971
ergo_adaptive,82.41666666666663,0.11587125220180279,0.08739038068879933
ergo_adaptive,82.5,0.11658982896197026,0.08734747791659292
ergo_adaptive,82.58333333333337,0.11601459295357971,0.087321498470987
ergo_adaptive,82.66666666666663,0.11564695510581983,0.08731065823913856
ergo_adaptive,82.75,0.11670107217578458,0.08728723322904783
ergo_adaptive,82.83333333333337,0.1166159809182083,0.08724674201155282
ergo_adaptive,82.91666666666663,0.11696106256392652,0.08721628271641939
ergo_adaptive,83.0,0.11720053413025269,0.08720627065112094
ergo_adaptive,83.08333333333337,0.11693126933330919,0.08719121028134186
ergo_adaptive,83.16666666666663,0.1176530636300142,0.08715552603063127
ergo_adaptive,83.25,0.1172991183767095,0.08711959598165665
ergo_adaptive,83.33333333333337,0.11826281078041963,0.08710618822566041
ergo_adaptive,83.41666666666663,0.1182646393948446,0.08709962308997976
ergo_adaptive,83.5,0.11770642638895557,0.08707490435903811
ergo_adaptive,83.58333333333337,0.11712648463907797,0.08704149456232323
ergo_adaptive,83.66666666666663,0.11719741244343955,0.0870324545124448
ergo_adaptive,83.75,0.11735163415537772,0.08705249420321272
ergo_adaptive,83.83333333333337,0.11804171948154495,0.08706284740505825
ergo_adaptive,83.91666666666663,0.1173140815863462,0.08704830435423085
ergo_adaptive,84.0,0.11794587826625626,0.08705559760639177
ergo_adaptive,84.08333333333337,0.11901293697120448,0.08714480286678386
ergo_adaptive,84.16666666666663,0.11838476354433673,0.0872091800719665
ergo_adaptive,84.25,0.11815465122989745,0.08719379071163404
ergo_adaptive,84.33333333333337,0.11825382172881266,0.08715760169672855
ergo_adaptive,84.41666666666663,0.11878706614778817,0.08714671978863532
ergo_adaptive,84.5,0.11908196646152183,0.08716621306437015
ergo_adaptive,84.58333333333337,0.11961307447911304,0.08720451803218694
ergo_adaptive,84.66666666666663,0.12015722224534557,0.08724746520880278
ergo_adaptive,84.75,0.12048268035046633,0.08728962417461153
ergo_adaptive,84.83333333333337,0.12047436960824325,0.08734652534086533
ergo_adaptive,84.91666666666663,0.12095088307898519,0.08741833912762907
ergo_adaptive,85.0,0.12102859376473177,0.08749058589124004
ergo_adaptive,85.08333333333337,0.12167109506951267,0.08757647381132448
ergo_adaptive,85.16666666666663,0.12262525192317118,0.08769673957000838
ergo_adaptive,85.25,0.12158991807188635,0.08782846366418799
ergo_adaptive,85.33333333333337,0.1216047633327676,0.08794290692019666
ergo_adaptive,85.41666666666663,0.12187222064254113,0.08805567459611201
ergo_adaptive,85.5,0.12226978563458811,0.08819018571198965
ergo_adaptive,85.58333333333337,0.12213334798820141,0.08835516374825081
ergo_adaptive,85.66666666666663,0.1228141603912774,0.08853906381930307
ergo_adaptive,85.75,0.12472332304508545,0.08872344673640956
ergo_adaptive,85.83333333333337,0.12551934737962525,0.0889149154513267
ergo_adaptive,85.91666666666663,0.12685921651713009,0.08912346796237308
ergo_adaptive,86.0,0.12299098906456357,0.08934532068959011
ergo_adaptive,86.08333333333337,0.11390264294701107,0.08955659153251164
ergo_adaptive,86.16666666666663,0.10941043628830195,0.08978389085706372
ergo_adaptive,86.25,0.10755603624500813,0.09004937782873287
ergo_adaptive,86.33333333333337,0.10640823923757772,0.09032866630314573
ergo_adaptive,86.41666666666663,0.10544735580571778,0.09060760238738083
ergo_adaptive,86.5,0.10646361159543964,0.09088285718912004
ergo_adaptive,86.58333333333337,0.1086702669217972,0.09115065334676191
ergo_adaptive,86.66666666666663,0.11044774496796768,0.09139782641185809
ergo_adaptive,86.75,0.11143161879768329,0.09162214629591055
ergo_adaptive,86.83333333333337,0.1116817894949927,0.09183300687630541
ergo_adaptive,86.91666666666663,0.11163840541175908,0.09202911160855473
ergo_adaptive,87.0,0.11153372231978328,0.09219622880306799
ergo_adaptive,87.08333333333337,0.11153826207414398,0.09233414929392192
ergo_adaptive,87.16666666666663,0.1117959950716857,0.09247360173032323
ergo_adaptive,87.25,0.11154982562737505,0.09264485960734874
ergo_adaptive,87.33333333333337,0.11171898229687559,0.09277339473381974
ergo_adaptive,87.41666666666663,0.11178414347876683,0.0928464581973526
ergo_adaptive,87.5,0.11220676341566277,0.09289923440333046
ergo_adaptive,87.58333333333337,0.11179635575814005,0.09296166324581188
ergo_adaptive,87.66666666666663,0.11126259067710612,0.09302563941421516
ergo_adaptive,87.75,0.11121487794658162,0.09307171534912788
ergo_adaptive,87.83333333333337,0.11256112388323722,0.0931042698741047
ergo_adaptive,87.91666666666663,0.1124233933993336,0.09314656847386292
ergo_adaptive,88.0,0.11236468513160819,0.09321320386323531
ergo_adaptive,88.08333333333337,0.1127560148015148,0.09328926491204943
ergo_adaptive,88.16666666666663,0.1129261275021557,0.09334312681503298
ergo_adaptive,88.25,0.11301518984246144,0.09338519318677642
ergo_adaptive,88.33333333333337,0.11325545650144817,0.09346659988080719
ergo_adaptive,88.41666666666663,0.11335252223569847,0.09358038102211262
ergo_adaptive,88.5,0.11356678495797652,0.09362432869278026
ergo_adaptive,88.58333333333337,0.11382063683590692,0.09363037330837749
ergo_adaptive,88.66666666666663,0.11363572686309233,0.09365925500443391
ergo_adaptive,88.75,0.11358939846085493,0.09372422673293704
ergo_adaptive,88.83333333333337,0.11402680017613102,0.09378088802875156
ergo_adaptive,88.91666666666663,0.11446514734096687,0.09380814628816962
ergo_adaptive,89.0,0.11416229234098367,0.0938367498875681
ergo_adaptive,89.08333333333337,0.11431683253522201,0.09388827523747346
ergo_adaptive,89.16666666666663,0.11465405182313462,0.09395091387048361
ergo_adaptive,89.25,0.11517486142598433,0.09400283103289078
ergo_adaptive,89.33333333333337,0.11538881476539826,0.0940456250859963
ergo_adaptive,89.41666666666663,0.11547660044758533,0.09410324448665056
ergo_adaptive,89.5,0.11574736326493315,0.09421065069394113
ergo_adaptive,89.58333333333337,0.11574351839530367,0.09432652963800621
ergo_adaptive,89.66666666666663,0.11587515828079738,0.09435364490362638
ergo_adaptive,89.75,0.1163898822284739,0.09432586993391946
ergo_adaptive,89.83333333333337,0.11608199504262949,0.09429668325975636
ergo_adaptive,89.91666666666663,0.11598221128970515,0.0942898807331066
ergo_adaptive,90.0,0.11643710346252442,0.09429260443416054
ergo_adaptive,90.08333333333337,0.11725553117302952,0.09428241988039428
ergo_adaptive,90.16666666666663,0.11739542603243526,0.09426132196786403
ergo_adaptive,90.25,0.11732598808287514,0.09424993568948646
ergo_adaptive,90.33333333333337,0.11715149786497996,0.09425118602463663
ergo_adaptive,90.41666666666663,0.11657002599566815,0.09424106114016109
ergo_adaptive,90.5,0.11631668432436337,0.0942097385407116
ergo_adaptive,90.58333333333337,0.11633600820048506,0.0941785922742555
ergo_adaptive,90.66666666666663,0.11583612651262593,0.09416014787343346
ergo_adaptive,90.75,0.11583506407173133,0.09413579661791789
ergo_adaptive,90.83333333333337,0.11503343723001319,0.09408962022761726
ergo_adaptive,90.91666666666663,0.11585993577098615,0.09403547327652328
ergo_adaptive,91.0,0.1163892370788029,0.09399377044841771
ergo_adaptive,91.08333333333337,0.11651085500196745,0.0939570037930948
ergo_adaptive,91.16666666666663,0.11699980498851775,0.09390237337281956
ergo_adaptive,91.25,0.11878315951628039,0.09383240010549584
ergo_adaptive,91.33333333333337,0.11846510363793415,0.09377433171893775
ergo_adaptive,91.41666666666663,0.11811122495066816,0.09373704470237554
ergo_adaptive,91.5,0.11876378528962041,0.09368905148142295
ergo_adaptive,91.58333333333337,0.1194313334051423,0.09360826656826306
ergo_adaptive,91.66666666666663,0.11851654686072456,0.0935336588590144
ergo_adaptive,91.75,0.11800945519734911,0.09350882616845874
ergo_adaptive,91.83333333333337,0.11801555401727883,0.0934760956105333
ergo_adaptive,91.91666666666663,0.11821444484397323,0.09337999993887298
ergo_adaptive,92.0,0.118192017419458,0.09327144307328417
ergo_adaptive,92.08333333333337,0.11870185663317799,0.09323239496912267
ergo_adaptive,92.16666666666663,0.1187154066823429,0.09322485446295127
ergo_adaptive,92.25,0.11929564094227775,0.09312638221512909
ergo_adaptive,92.33333333333337,0.11843969031370151,0.0929852254639779
ergo_adaptive,92.41666666666663,0.11868876294428458,0.09289111558772793
ergo_adaptive,92.5,0.11989527590793816,0.09286432103909857
ergo_adaptive,92.58333333333337,0.12013970961738246,0.09278180131936216
ergo_adaptive,92.66666666666663,0.11958906763437827,0.09263774848970266
ergo_adaptive,92.75,0.1186392519983797,0.09250760686717394
ergo_adaptive,92.83333333333337,0.11848754383450062,0.09243647866635629
ergo_adaptive,92.91666666666663,0.11906927407355847,0.09236875846661366
ergo_adaptive,93.0,0.11858199046637469,0.09225047101344593
ergo_adaptive,93.08333333333337,0.11914318627341162,0.09212207062522294
ergo_adaptive,93.16666666666663,0.11890091461409442,0.0920321642792059
ergo_adaptive,93.25,0.118041823468461,0.09196187119925472
ergo_adaptive,93.33333333333337,0.11862550999747008,0.09186544921423936
ergo_adaptive,93.41666666666663,0.11895759101310217,0.09174297665310699
ergo_adaptive,93.5,0.11904823489542009,0.09163997593441714
ergo_adaptive,93.58333333333337,0.11973585945613721,0.09156121011777836
ergo_adaptive,93.66666666666663,0.11950409415649124,0.0914651036802911
ergo_adaptive,93.75,0.11896343934139901,0.09134502543929808
ergo_adaptive,93.83333333333337,0.11994365855712347,0.0912289782750852
ergo_adaptive,93.91666666666663,0.12016551364422902,0.09113614605673909
ergo_adaptive,94.0,0.1208374364639103,0.0910479332711677
ergo_adaptive,94.08333333333337,0.12068973355140553,0.0909396021967098
ergo_adaptive,94.16666666666663,0.12054207628630188,0.09082464404677856
ergo_adaptive,94.25,0.12048409383290895,0.09074064707709356
ergo_adaptive,94.33333333333337,0.12123741332235198,0.09068725340110931
ergo_adaptive,94.41666666666663,0.12219059793409692,0.09061070306566721
ergo_adaptive,94.5,0.12115821607543144,0.09049313379880848
ergo_adaptive,94.58333333333337,0.12132478109382723,0.09039787370015216
ergo_adaptive,94.66666666666663,0.12099640077462417,0.0903922431287976
ergo_adaptive,94.75,0.1218599533723948,0.09033639859733218
ergo_adaptive,94.83333333333337,0.12117517553387286,0.09018188011470729
ergo_adaptive,94.91666666666663,0.1200545599372655,0.09001221571885878
ergo_adaptive,95.0,0.12122898978506234,0.08989390860524141
ergo_adaptive,95.08333333333337,0.120586099724353,0.08979881547653248
ergo_adaptive,95.16666666666663,0.12007180180883029,0.08968051793446594
ergo_adaptive,95.25,0.12124615236786347,0.0895419821977685
ergo_adaptive,95.33333333333337,0.12102428325193541,0.08941981755070111
ergo_adaptive,95.41666666666663,0.12163832509522059,0.08932892553025559
ergo_adaptive,95.5,0.12088107732422705,0.0892474413124966
ergo_adaptive,95.58333333333337,0.1198251566768381,0.08914898261055638
ergo_adaptive,95.66666666666663,0.12005640085654891,0.0890513389161112
ergo_adaptive,95.75,0.12014456095978095,0.08900192694537802
ergo_adaptive,95.83333333333337,0.12075425527400749,0.08899238077385987
ergo_adaptive,95.91666666666663,0.11960350374007132,0.0889291332230721
ergo_adaptive,96.0,0.12027384186351854,0.0888165463226034
ergo_adaptive,96.08333333333337,0.12133029506520206,0.08874008098890741
ergo_adaptive,96.16666666666663,0.12198217402144317,0.08873399727556013
ergo_adaptive,96.25,0.12184707995421318,0.08868186907011232
ergo_adaptive,96.33333333333337,0.12175873458775001,0.08856123545355121
ergo_adaptive,96.41666666666663,0.12273006204540955,0.08843771594612136
ergo_adaptive,96.5,0.12222056086676197,0.08835479199179772
ergo_adaptive,96.58333333333337,0.12345474699501552,0.08829603336163012
ergo_adaptive,96.66666666666663,0.12343456560752761,0.08823369648538361
ergo_adaptive,96.75,0.12319810939339866,0.0881661419733991
ergo_adaptive,96.83333333333337,0.12408278383743054,0.08812410255648263
ergo_adaptive,96.91666666666663,0.12421252260385296,0.08813239689774587
ergo_adaptive,97.0,0.12518528824229408,0.08815513283387968
ergo_adaptive,97.08333333333337,0.12543623950042967,0.08813719924263544
ergo_adaptive,97.16666666666663,0.12513391421246242,0.08809897018490433
ergo_adaptive,97.25,0.12532841411625653,0.08808967943153714
ergo_adaptive,97.33333333333337,0.12529986041941607,0.08809298086937804
ergo_adaptive,97.41666666666663,0.12643921769345368,0.08806600307895616
ergo_adaptive,97.5,0.1275206576963971,0.08802179043394909
ergo_adaptive,97.58333333333337,0.12745439704285422,0.08798924741094918
ergo_adaptive,97.66666666666663,0.12784081252173948,0.08797160934466879
ergo_adaptive,97.75,0.1285210250962221,0.08795406765941352
ergo_adaptive,97.83333333333337,0.1297686424769622,0.08791965172636965
ergo_adaptive,97.91666666666663,0.13075925996323004,0.08789026832907759
ergo_adaptive,98.0,0.13030906842032347,0.08790019837493454
ergo_adaptive,98.08333333333337,0.1300062659103448,0.0879272872225364
ergo_adaptive,98.16666666666663,0.12995428805367082,0.0879090612493828
ergo_adaptive,98.25,0.1312627263703264,0.08786621834210812
ergo_adaptive,98.33333333333337,0.1308934347688035,0.08786179743758404
ergo_adaptive,98.41666666666663,0.13163667161549752,0.08790692670662514
ergo_adaptive,98.5,0.13176299165230024,0.087909457976715
ergo_adaptive,98.58333333333337,0.13304879731486552,0.08787068560285055
ergo_adaptive,98.66666666666663,0.1334962793591611,0.08786227453756308
ergo_adaptive,98.75,0.13455230862658973,0.08791938125470782
ergo_adaptive,98.83333333333337,0.13507674803023137,0.08796152437410378
ergo_adaptive,98.91666666666663,0.13533127177586385,0.08795422863671763
ergo_adaptive,99.0,0.13552922577083967,0.0879447915867991
ergo_adaptive,99.08333333333337,0.13655023649964146,0.0879868226279927
ergo_adaptive,99.16666666666663,0.12453354795215414,0.08805004324203618
ergo_adaptive,99.25,0.1175467970743461,0.08809017541813083
ergo_adaptive,99.33333333333337,0.11042196565203086,0.08813568099016487
ergo_adaptive,99.41666666666663,0.10795604957575654,0.0882489111827631
ergo_adaptive,99.5,0.10839569514399847,0.08842177009987032
ergo_adaptive,99.58333333333337,0.10720567416891003,0.08859037232965263
ergo_adaptive,99.66666666666663,0.10506059198230629,0.08876286274217618
ergo_adaptive,99.75,0.1052444157514347,0.08904926080114145
ergo_adaptive,99.83333333333337,0.10517867615428675,0.08941112050792986
ergo_adaptive,99.91666666666663,0.10496754980334413,0.08977005651273594
ergo_adaptive,100.0,0.10472507537415883,0.09010922136881015
ergo_adaptive,100.08333333333337,0.10395347160099021,0.09043334626163577
ergo_adaptive,100.16666666666663,0.10720424223958495,0.09073995224006702
ergo_adaptive,100.25,0.10991995868205669,0.09101792112338895
ergo_adaptive,100.33333333333337,0.11113995838578156,0.09126020379686992
ergo_adaptive,100.41666666666663,0.11195836492949668,0.0914730385831204
ergo_adaptive,100.5,0.11197645933206386,0.09166608630665024
ergo_adaptive,100.58333333333337,0.11223775226698493,0.09183543290989782
ergo_adaptive,100.66666666666663,0.11264185423229113,0.09197321865624551
ergo_adaptive,100.75,0.11343074450171312,0.09208610188088572
ergo_adaptive,100.83333333333337,0.11346865860130965,0.09220109568781662
ergo_adaptive,100.91666666666663,0.11379876544134496,0.09232109245216631
ergo_adaptive,101.0,0.11270898664072967,0.09241645501421135
ergo_adaptive,101.08333333333337,0.11229627748183738,0.09248471652784888
ergo_adaptive,101.16666666666663,0.11280117788879478,0.09256143755519479
ergo_adaptive,101.25,0.11255275141457723,0.09267302609953647
ergo_adaptive,101.33333333333337,0.11323985710261819,0.09276466524229739
ergo_adaptive,101.41666666666663,0.11326377600807919,0.09282443314716508
ergo_adaptive,101.5,0.11338161704092278,0.09287880478611005
ergo_adaptive,101.58333333333337,0.11427777546933655,0.09294932544643957
ergo_adaptive,101.66666666666663,0.11417646684669412,0.0930275990888358
ergo_adaptive,101.75,0.1141055113130295,0.09309217741689355
ergo_adaptive,101.83333333333337,0.11396036867887711,0.09314649612434861
ergo_adaptive,101.91666666666663,0.11300562304980416,0.09320607637236324
ergo_adaptive,102.0,0.1132819602482619,0.09327689759349396
ergo_adaptive,102.08333333333337,0.11336280206790604,0.0933511868085159
ergo_adaptive,102.16666666666663,0.11335384704991316,0.09342209638541163
ergo_adaptive,102.25,0.11425798276907527,0.09350983416911662
ergo_adaptive,102.33333333333337,0.1146497832717407,0.09364303862087899
ergo_adaptive,102.41666666666663,0.11518810740307206,0.09379712796885986
ergo_adaptive,102.5,0.11585560787680957,0.093902779551305
ergo_adaptive,102.58333333333337,0.11567207897581692,0.09398451213367692
ergo_adaptive,102.66666666666663,0.11565891748206104,0.0940932100954127
ergo_adaptive,102.75,0.11586570567919832,0.09423725743577291
ergo_adaptive,102.83333333333337,0.11572293617772114,0.09435135882930115
ergo_adaptive,102.91666666666663,0.11589602511466175,0.09443424308922577
ergo_adaptive,103.0,0.11621590199270038,0.09451843426855558
ergo_adaptive,103.08333333333337,0.11658346615116832,0.09462159791976364
ergo_adaptive,103.16666666666663,0.11702085609550202,0.09475732213293175
ergo_adaptive,103.25,0.11754427601418592,0.09490218984061558
ergo_adaptive,103.33333333333337,0.11768966022425503,0.09499349658648187
ergo_adaptive,103.41666666666663,0.11763075102020024,0.09504862819690854
ergo_adaptive,103.5,0.11734440117824539,0.0951253209218234
ergo_adaptive,103.58333333333337,0.11700582851533314,0.09524346480362046
ergo_adaptive,103.66666666666663,0.11710903117636824,0.09529687338028024
ergo_adaptive,103.75,0.11735467617744773,0.0952932081772978
ergo_adaptive,103.83333333333337,0.11825663159336591,0.095296802581724
ergo_adaptive,103.91666666666663,0.11778363327234319,0.09535458784899764
ergo_adaptive,104.0,0.11730242403693478,0.09538790146691214
ergo_adaptive,104.08333333333337,0.11777674493048336,0.09535307531953321
ergo_adaptive,104.16666666666663,0.1178423517471712,0.09530272231418714
ergo_adaptive,104.25,0.11788330518065891,0.09530053699237888
ergo_adaptive,104.33333333333337,0.1187418104615061,0.09531398240527994
ergo_adaptive,104.41666666666663,0.11922705995650082,0.09525338784148189
ergo_adaptive,104.5,0.12007514432362319,0.09515250709981452
ergo_adaptive,104.58333333333337,0.11949595145073551,0.09508904983961712
ergo_adaptive,104.66666666666663,0.11953249448497853,0.0950785476923991
ergo_adaptive,104.75,0.11937743311776347,0.09499999122974083
ergo_adaptive,104.83333333333337,0.11924604544494287,0.09485525176401423
ergo_adaptive,104.91666666666663,0.1173641384102151,0.09472849758448106
ergo_adaptive,105.0,0.11779868238093456,0.09468606597476585
ergo_adaptive,105.08333333333337,0.11765492754858516,0.09460269857374827
ergo_adaptive,105.16666666666663,0.1165121415026433,0.09442930934942315
ergo_adaptive,105.25,0.11845501565548469,0.09424655941058746
ergo_adaptive,105.33333333333337,0.11990178165401508,0.09415130820991059
ergo_adaptive,105.41666666666663,0.11961270554052221,0.09406832343497731
ergo_adaptive,105.5,0.11960203832146805,0.0938777843961343
ergo_adaptive,105.58333333333337,0.11900525465037387,0.09364203845926077
ergo_adaptive,105.66666666666663,0.11822940129078341,0.09347219194350338
ergo_adaptive,105.75,0.11907757785844486,0.0933918688819464
ergo_adaptive,105.83333333333337,0.11824604802008827,0.09321697444126224
ergo_adaptive,105.91666666666663,0.11729468461670449,0.09297429432156723
ergo_adaptive,106.0,0.1172575154660424,0.09276894118249715
ergo_adaptive,106.08333333333337,0.11825512828573388,0.09267614024147673
ergo_adaptive,106.16666666666663,0.11889100639940951,0.09254734467625189
ergo_adaptive,106.25,0.11816409606233642,0.09233592238735024
ergo_adaptive,106.33333333333337,0.11894348630473255,0.09212354184862524
ergo_adaptive,106.41666666666663,0.11968952827466556,0.09199859646690779
ergo_adaptive,106.5,0.12051127023861867,0.09189599667887484
ergo_adaptive,106.58333333333337,0.11956894039925442,0.09171466112664615
ergo_adaptive,106.66666666666663,0.12014832402031035,0.09150533046926618
ergo_adaptive,106.75,0.11933482092027427,0.09134756880868058
ergo_adaptive,106.83333333333337,0.11849955350141202,0.091254095652636
ergo_adaptive,106.91666666666663,0.11897022427049017,0.09112866777611782
ergo_adaptive,107.0,0.11897991721703774,0.09096190606493919
ergo_adaptive,107.08333333333337,0.11941086153066369,0.09081966502395285
ergo_adaptive,107.16666666666663,0.1198585411210695,0.09074491730821618
ergo_adaptive,107.25,0.11873343798287461,0.09064843211948351
ergo_adaptive,107.33333333333337,0.11766563489408775,0.09050298410793925
ergo_adaptive,107.41666666666663,0.1189421257166409,0.0903802537219695
ergo_adaptive,107.5,0.1181240166333246,0.09032759101134712
ergo_adaptive,107.58333333333337,0.11816433505493269,0.09030712271388212
ergo_adaptive,107.66666666666663,0.11815792584537603,0.09022457638427876
ergo_adaptive,107.75,0.11857331152475416,0.09011463298599257
ergo_adaptive,107.83333333333337,0.11830947977775062,0.09004151112166826
ergo_adaptive,107.91666666666663,0.11817027678425147,0.09002987186278709
ergo_adaptive,108.0,0.11881554644443203,0.08997829252060718
ergo_adaptive,108.08333333333337,0.11842800916491464,0.08987370594750241
ergo_adaptive,108.16666666666663,0.11876456791683447,0.08978731736198585
ergo_adaptive,108.25,0.11956450058585931,0.08975186653676229
ergo_adaptive,108.33333333333337,0.1196004494573247,0.08970734869004908
ergo_adaptive,108.41666666666663,0.12047239469829454,0.08960585093045095
ergo_adaptive,108.5,0.11994162104011043,0.08948557930079383
ergo_adaptive,108.58333333333337,0.11942133309509269,0.08943073476643476
ergo_adaptive,108.66666666666663,0.11972877149065045,0.08942173620895356
ergo_adaptive,108.75,0.1197453121908835,0.08933641358279358
ergo_adaptive,108.83333333333337,0.12083686092134849,0.08921463004434012
ergo_adaptive,108.91666666666663,0.11977022001108828,0.0891247817362552
ergo_adaptive,109.0,0.11979826933232543,0.08907486564093844
ergo_adaptive,109.08333333333337,0.12140803616079102,0.08899376386655673
ergo_adaptive,109.16666666666663,0.12166656430086159,0.08887455718099778
ergo_adaptive,109.25,0.12128895503020481,0.08875834054390594
ergo_adaptive,109.33333333333337,0.12140317124832675,0.08867938672923957
ergo_adaptive,109.41666666666663,0.1217691084392183,0.08865388243002063
ergo_adaptive,109.5,0.12116092547146991,0.08861838265762001
ergo_adaptive,109.58333333333337,0.12030882017335998,0.0885016572338977
ergo_adaptive,109.66666666666663,0.11995363395487689,0.08834765445985757
ergo_adaptive,109.75,0.11946378567418268,0.08820898294472514
ergo_adaptive,109.83333333333337,0.1184363251709478,0.08806733663141593
ergo_adaptive,109.91666666666663,0.11928292909458835,0.08789161048077297
ergo_adaptive,110.0,0.11894475157991587,0.087685971526582
ergo_adaptive,110.08333333333337,0.12022827185484807,0.08748690136873181
ergo_adaptive,110.16666666666663,0.11975317847496086,0.08734245930877475
ergo_adaptive,110.25,0.11976318223703744,0.08725457102655786
ergo_adaptive,110.33333333333337,0.1200906843450069,0.08711188839205629
ergo_adaptive,110.41666666666663,0.12151847131189662,0.08690276259929076
ergo_adaptive,110.5,0.12174727881960606,0.08670966090135812
ergo_adaptive,110.58333333333337,0.12309169672557799,0.08657342471808763
ergo_adaptive,110.66666666666663,0.12333302818199117,0.08645831884687594
ergo_adaptive,110.75,0.12312856757044455,0.08634354330677149
ergo_adaptive,110.83333333333337,0.12238728547065791,0.08624443367894341
ergo_adaptive,110.91666666666663,0.12327918282452771,0.0861922093856717
ergo_adaptive,111.0,0.12265813344500466,0.08621239721610333
ergo_adaptive,111.08333333333337,0.12400666511749545,0.08625981714852263
ergo_adaptive,111.16666666666663,0.12456496868658887,0.08626909667870486
ergo_adaptive,111.25,0.12488369904626706,0.0862634564009774
ergo_adaptive,111.33333333333337,0.12486558954859032,0.08630840181986697
ergo_adaptive,111.41666666666663,0.1252976140632209,0.08638784546284665
ergo_adaptive,111.5,0.12574670596277362,0.08641785126899251
ergo_adaptive,111.58333333333337,0.12673763135246435,0.08641782953392653
ergo_adaptive,111.66666666666663,0.1273664449464833,0.0864432583590558
ergo_adaptive,111.75,0.1282717452124109,0.08650738372850364
ergo_adaptive,111.83333333333337,0.1290020219119364,0.0865857619708318
ergo_adaptive,111.91666666666663,0.1296477568313852,0.08665732799439449
ergo_adaptive,112.0,0.12953712046938234,0.08673600505133201
ergo_adaptive,112.08333333333337,0.13005143146424825,0.08685347575069505
ergo_adaptive,112.16666666666663,0.1253177319224127,0.08699738707043085
ergo_adaptive,112.25,0.11503629715447243,0.0871451234938834
ergo_adaptive,112.33333333333337,0.10885567217952834,0.08729642883807616
ergo_adaptive,112.41666666666663,0.10614083745713787,0.08747273448084986
ergo_adaptive,112.5,0.10551749890226127,0.08769353427650492
ergo_adaptive,112.58333333333337,0.1057508212119918,0.08791629400034422
ergo_adaptive,112.66666666666663,0.1053422607217956,0.08811291437937803
ergo_adaptive,112.75,0.10660792128768705,0.08831209904538931
ergo_adaptive,112.83333333333337,0.10773120380589982,0.08855327559810876
ergo_adaptive,112.91666666666663,0.10819244598967417,0.08880679878654452
ergo_adaptive,113.0,0.1090564410862171,0.08902169628371555
ergo_adaptive,113.08333333333337,0.10857304293494907,0.08922790571049737
ergo_adaptive,113.16666666666663,0.10883299993845033,0.08945686986324206
ergo_adaptive,113.25,0.10991399399761861,0.08970819787189538
ergo_adaptive,113.33333333333337,0.1095737373623479,0.08992643454082179
ergo_adaptive,113.41666666666663,0.11064947432775134,0.09011760316922413
ergo_adaptive,113.5,0.11052155420747484,0.09030040400134125
ergo_adaptive,113.58333333333337,0.10959475898233945,0.09048385424417262
ergo_adaptive,113.66666666666663,0.10888169037984158,0.09068252282584169
ergo_adaptive,113.75,0.10859642186381444,0.09089959755339803
ergo_adaptive,113.83333333333337,0.10899755939950762,0.09107131149454309
ergo_adaptive,113.91666666666663,0.10967485899610932,0.09119907797154243
ergo_adaptive,114.0,0.11022774536139268,0.09131495118247393
ergo_adaptive,114.08333333333337,0.10925600483709332,0.09144052915536378
ergo_adaptive,114.16666666666663,0.10973453959852902,0.0915746097706628
ergo_adaptive,114.25,0.10895618056105011,0.09170587747399161
ergo_adaptive,114.33333333333337,0.10850922383839957,0.09181842219216821
ergo_adaptive,114.41666666666663,0.10901912831418738,0.09192396769895375
ergo_adaptive,114.5,0.10722368808342952,0.09205021377428282
ergo_adaptive,114.58333333333337,0.1082239643235686,0.09218261387817624
ergo_adaptive,114.66666666666663,0.1081634023012004,0.09227178905690368
ergo_adaptive,114.75,0.10743738912621434,0.09233196997171786
ergo_adaptive,114.83333333333337,0.10715024304016349,0.09242088231812771
ergo_adaptive,114.91666666666663,0.10573575511893077,0.09254948098523405
ergo_adaptive,115.0,0.107362959389304,0.09262133765237245
ergo_adaptive,115.08333333333337,0.10534020699406679,0.09264682283606229
ergo_adaptive,115.16666666666663,0.10334689681530088,0.09268931827257162
ergo_adaptive,115.25,0.10450772012135214,0.09278247645677859
ergo_adaptive,115.33333333333337,0.10388152260341506,0.09285581430779818
ergo_adaptive,115.41666666666663,0.10395392437685116,0.09287270802715222
ergo_adaptive,115.5,0.10265081286295213,0.0928880195667
ergo_adaptive,115.58333333333337,0.10159182512689724,0.09294596796977989
ergo_adaptive,115.66666666666663,0.0994688103586623,0.09302192629409432
ergo_adaptive,115.75,0.10012151964578411,0.09303806905625964
ergo_adaptive,115.83333333333337,0.09820321418923623,0.09303194804599227
ergo_adaptive,115.91666666666663,0.09942320566829489,0.09305820306368605
ergo_adaptive,116.0,0.09857246637816151,0.09313793321339284
ergo_adaptive,116.08333333333337,0.0973534234647432,0.0931561761518941
ergo_adaptive,116.16666666666663,0.09778438203219257,0.09312573395659364
ergo_adaptive,116.25,0.09796505412734713,0.09310825393394839
ergo_adaptive,116.33333333333337,0.09655465238095748,0.0931262853929227
ergo_adaptive,116.41666666666663,0.09628412718310936,0.09313298229191512
ergo_adaptive,116.5,0.09579963874504202,0.09310954683628737
ergo_adaptive,116.58333333333337,0.09675560995897416,0.09308441200323266
ergo_adaptive,116.66666666666663,0.09494995952516093,0.09307833184802478
ergo_adaptive,116.75,0.09526860974696826,0.09311668285611853
ergo_adaptive,116.83333333333337,0.09442486520552067,0.09318544998451844
ergo_adaptive,116.91666666666663,0.09384550924037584,0.0931856921514493
ergo_adaptive,117.0,0.09168125719826135,0.09313407826530375
ergo_adaptive,117.08333333333337,0.0912338167993402,0.09307921419758623
ergo_adaptive,117.16666666666663,0.09030647758939638,0.09304843932627703
ergo_adaptive,117.25,0.09013560907994683,0.09303935580932352
ergo_adaptive,117.33333333333337,0.08835489785030119,0.09302317640981707
ergo_adaptive,117.41666666666663,0.08724077610495709,0.09298330203905562
ergo_adaptive,117.5,0.08652015433118106,0.09294116316041867
ergo_adaptive,117.58333333333337,0.08512066659068171,0.09292126335844703
ergo_adaptive,117.66666666666663,0.08487460530507936,0.09289091734636627
ergo_adaptive,117.75,0.0837603504881905,0.09281334001904583
ergo_adaptive,117.83333333333337,0.08417292864319223,0.0927145921858757
ergo_adaptive,117.91666666666663,0.08325934788208167,0.09263114426486177
ergo_adaptive,118.0,0.08221431072856641,0.0925501837821228
ergo_adaptive,118.08333333333337,0.08147736217088598,0.0924367073265482
ergo_adaptive,118.16666666666663,0.08036056107931522,0.0922972662476196
ergo_adaptive,118.25,0.07848135812670416,0.0921657983042698
ergo_adaptive,118.33333333333337,0.08359450735533268,0.09205767876854327
ergo_adaptive,118.41666666666663,0.09028172352684881,0.09194914255303353
ergo_adaptive,118.5,0.09429519010323924,0.09181291933754461
ergo_adaptive,118.58333333333337,0.09730345064005486,0.0916636622362911
ergo_adaptive,118.66666666666663,0.09806892156680605,0.09153487857179557
ergo_adaptive,118.75,0.09803178155128439,0.09140966373987089
ergo_adaptive,118.83333333333337,0.09802079462029407,0.09124727643681207
ergo_adaptive,118.91666666666663,0.0971678182322022,0.0910566882179602
ergo_adaptive,119.0,0.09743449980932561,0.09088956180621932
ergo_adaptive,119.08333333333337,0.09730771819170851,0.09075051287179646
ergo_adaptive,119.16666666666663,0.09698106322863269,0.09058816281641908
ergo_adaptive,119.25,0.09672185292767445,0.09038835641162239
ergo_adaptive,119.33333333333337,0.09595260236690961,0.09019817197137839
ergo_adaptive,119.41666666666663,0.09640557727654672,0.09005098709467314
ergo_adaptive,119.5,0.09651743462110848,0.08989812087649708
ergo_adaptive,119.58333333333337,0.0960182621470529,0.08969603054107204
ergo_adaptive,119.66666666666663,0.09568831009277551,0.0894864361249679
ergo_adaptive,119.75,0.09542006684851172,0.08933410354725957
ergo_adaptive,119.83333333333337,0.09550590378918798,0.08922013929477467
ergo_adaptive,119.91666666666663,0.0953679779679198,0.08906333188274672
ergo_adaptive,120.0,0.09580494579009254,0.08888921945051632
ergo_adaptive,120.08333333333337,0.09600700866784458,0.08877755304582503
ergo_adaptive,120.16666666666663,0.09535978502882014,0.08875005772969524
ergo_adaptive,120.25,0.09562890882081171,0.08864284087337629
ergo_adaptive,120.33333333333337,0.09585548049502338,0.08846378559972566
ergo_adaptive,120.41666666666663,0.09602187931987012,0.0882974638878154
ergo_adaptive,120.5,0.09621354105353237,0.08818835683565994
ergo_adaptive,120.58333333333337,0.09611808376978209,0.08806270745903991
ergo_adaptive,120.66666666666663,0.09543095437974532,0.08786359391758486
ergo_adaptive,120.75,0.09516973245930481,0.08763513653895535
ergo_adaptive,120.83333333333337,0.09590213098903937,0.08742686839590184
ergo_adaptive,120.91666666666663,0.0949742923661709,0.08723017569283122
ergo_adaptive,121.0,0.09528316511256199,0.08700828160551156
ergo_adaptive,121.08333333333337,0.0955151904556835,0.08676371664990604
ergo_adaptive,121.16666666666663,0.09608645964881819,0.0865435241721148
ergo_adaptive,121.25,0.09571731079377314,0.08639046972279324
ergo_adaptive,121.33333333333337,0.09589790460282663,0.08634571066243774
ergo_adaptive,121.41666666666663,0.09605917411935068,0.08641603714491478
ergo_adaptive,121.5,0.09642245382899416,0.08648839557907835
ergo_adaptive,121.58333333333337,0.09553160463833714,0.08651829591638062
ergo_adaptive,121.66666666666663,0.09558380193663878,0.08653242698264016
ergo_adaptive,121.75,0.09659007222989803,0.08657850723756237
ergo_adaptive,121.83333333333337,0.096508081876233,0.08662803623387232
ergo_adaptive,121.91666666666663,0.09696503965041448,0.08661994517413564
ergo_adaptive,122.0,0.09761754759156002,0.08658040539121996
ergo_adaptive,122.08333333333337,0.09686199586283392,0.08656960595374613
ergo_adaptive,122.16666666666663,0.09725041973382524,0.08660207349027292
ergo_adaptive,122.25,0.09741915365005498,0.08657340012838269
ergo_adaptive,122.33333333333337,0.09711627119746385,0.08649804917192327
ergo_adaptive,122.41666666666663,0.09689422796659454,0.08643876766680704
ergo_adaptive,122.5,0.09766287728486245,0.08644848165784655
ergo_adaptive,122.58333333333337,0.0977092679594503,0.08641921890116057
ergo_adaptive,122.66666666666663,0.09768029880046054,0.08632961231362682
ergo_adaptive,122.75,0.09691810396864123,0.08623579141781969
ergo_adaptive,122.83333333333337,0.09727102072788969,0.08620982263974392
ergo_adaptive,122.91666666666663,0.0987373121394847,0.08619088550970722
ergo_adaptive,123.0,0.09866240873324723,0.08610468311079379
ergo_adaptive,123.08333333333337,0.09932983674889893,0.08599158923555977
ergo_adaptive,123.16666666666663,0.09975962052008397,0.08590551053531478
ergo_adaptive,123.25,0.09918940215314741,0.08584440378583627
ergo_adaptive,123.33333333333337,0.09860711542650005,0.08576414013673121
ergo_adaptive,123.41666666666663,0.09848482602451503,0.08566611600724329
ergo_adaptive,123.5,0.09855386881976949,0.08558283584607433
ergo_adaptive,123.58333333333337,0.09919342762864304,0.08553033412863294
ergo_adaptive,123.66666666666663,0.10000664377702181,0.08547692627884088
ergo_adaptive,123.75,0.1007665659535137,0.0853977589162118
ergo_adaptive,123.83333333333337,0.10070944855488773,0.08531080246736153
ergo_adaptive,123.91666666666663,0.10005126215670888,0.08524531252803824
ergo_adaptive,124.0,0.0996774345907841,0.08519772151053302
ergo_adaptive,124.08333333333337,0.09936137800415927,0.08514686814832391
ergo_adaptive,124.16666666666663,0.10030415546337602,0.08509481403843806
ergo_adaptive,124.25,0.10059395363422893,0.08505817435248818
ergo_adaptive,124.33333333333337,0.10131733046872292,0.08504022712003667
ergo_adaptive,124.41666666666663,0.1012222622472823,0.08501698428579382
ergo_adaptive,124.5,0.10131089979320954,0.08497960200265564
ergo_adaptive,124.58333333333337,0.10204020997456063,0.0849533344069068
ergo_adaptive,124.66666666666663,0.1023363824048124,0.0849560033379734
ergo_adaptive,124.75,0.10286232308107578,0.08496430347731833
ergo_adaptive,124.83333333333337,0.10313457953143855,0.08495288338776485
ergo_adaptive,124.91666666666663,0.10349165133593577,0.08493938579933716
ergo_adaptive,125.0,0.10385177076446912,0.08496024296593038
ergo_adaptive,125.08333333333337,0.10401105860350494,0.08500367575650505
ergo_adaptive,125.16666666666663,0.10442862292039443,0.0850222347554977
ergo_adaptive,125.25,0.10382619625320892,0.08501854615145353
ergo_adaptive,125.33333333333337,0.10416483599079641,0.08504273170836571
ergo_adaptive,125.41666666666663,0.10409800416316095,0.08510412464850745
ergo_adaptive,125.5,0.10407068271799656,0.0851380568341134
ergo_adaptive,125.58333333333337,0.10464960008097245,0.08513052813203825
ergo_adaptive,125.66666666666663,0.10444180550217244,0.08513429459425868
ergo_adaptive,125.75,0.10496960009339075,0.08518743342674774
ergo_adaptive,125.83333333333337,0.1052180959233271,0.08525473122336455
ergo_adaptive,125.91666666666663,0.10605019061903505,0.0853826977820949
ergo_adaptive,126.0,0.10594426024915692,0.08554552559799451
ergo_adaptive,126.08333333333337,0.10626941645310145,0.08577104178305779
ergo_adaptive,126.16666666666663,0.10670906764696954,0.08603538565717739
ergo_adaptive,126.25,0.10722059153924783,0.08632452650925994
ergo_adaptive,126.33333333333337,0.10815771253778672,0.08662734595212641
ergo_adaptive,126.41666666666663,0.10880570476620526,0.08693613606048303
ergo_adaptive,126.5,0.10919816425180777,0.08724656263703845
ergo_adaptive,126.58333333333337,0.10936768667298224,0.08755613773641995
ergo_adaptive,126.66666666666663,0.10983946566905226,0.08786228144178336
ergo_adaptive,126.75,0.10978793283118454,0.08816375050305918
ergo_adaptive,126.83333333333337,0.11065192208921189,0.08845970913735628
ergo_adaptive,126.91666666666663,0.11080074908518334,0.08875044056936227
ergo_adaptive,127.0,0.11143225901434912,0.08903666727764475
ergo_adaptive,127.08333333333337,0.1117758267174983,0.08931756571884901
ergo_adaptive,127.16666666666663,0.1121091167283898,0.08959353617756488
ergo_adaptive,127.25,0.11290230195723158,0.08986512597886563
ergo_adaptive,127.33333333333337,0.11312000960074732,0.09013224075715992
ergo_adaptive,127.41666666666663,0.11287106012963052,0.09039524307341021
ergo_adaptive,127.5,0.11288287484070485,0.09065427464989284
ergo_adaptive,127.58333333333337,0.11424594465303503,0.0909105467303703
ergo_adaptive,127.66666666666663,0.11446667369518501,0.09116366317488861
ergo_adaptive,127.75,0.11491759633553539,0.0914144688764475
ergo_adaptive,127.83333333333337,0.11427641978050039,0.09166251232752841
ergo_adaptive,127.91666666666663,0.11529289031136684,0.0919091096818749
ergo_adaptive,128.0,0.11578416426211224,0.09215389041009461
ergo_adaptive,128.08333333333337,0.11624287287453382,0.09239684480616304
ergo_adaptive,128.16666666666663,0.11655374124453945,0.09263841735000096
ergo_adaptive,128.25,0.11706121743128957,0.09287926233930963
ergo_adaptive,128.33333333333337,0.11764480061065355,0.09311819864305795
ergo_adaptive,128.41666666666663,0.11761019924477616,0.09335595286060086
ergo_adaptive,128.5,0.11764834228755933,0.09359255926050572
ergo_adaptive,128.58333333333337,0.11816498527207811,0.09382840931604017
ergo_adaptive,128.66666666666663,0.11808699790048928,0.09406321051226092
ergo_adaptive,128.75,0.11955568269292446,0.09429735022021558
ergo_adaptive,128.83333333333337,0.11989431047673127,0.09452758707668776
ergo_adaptive,128.91666666666663,0.1208206523743606,0.09476120953813215
ergo_adaptive,129.0,0.12006650425819722,0.09494993046504306
ergo_adaptive,129.08333333333337,0.11927876084997174,0.09511206625585837
ergo_adaptive,129.16666666666663,0.12028817551843146,0.09526340354962118
ergo_adaptive,129.25,0.12086380899997896,0.09536200483977737
ergo_adaptive,129.33333333333337,0.12079706392779714,0.09538350508907491
ergo_adaptive,129.41666666666663,0.12110465682396057,0.09532773102978047
ergo_adaptive,129.5,0.12248102694713849,0.09521447995749673
ergo_adaptive,129.58333333333337,0.12287289879379007,0.09511065935445741
ergo_adaptive,129.66666666666663,0.12311334121203718,0.09504566529430081
ergo_adaptive,129.75,0.12216612829018167,0.0949573721725725
ergo_adaptive,129.83333333333337,0.12250729223531726,0.09480796999133334
ergo_adaptive,129.91666666666663,0.12288955497750265,0.09466215550392888
ergo_adaptive,130.0,0.12286961866374216,0.09458924488199834
ergo_adaptive,130.08333333333337,0.12357221994683933,0.09451676874572157
ergo_adaptive,130.16666666666663,0.12435951349887098,0.0943591880966257
ergo_adaptive,130.25,0.12374264510576846,0.09418138509240391
ergo_adaptive,130.33333333333337,0.12352431183514999,0.09407592182581723
ergo_adaptive,130.41666666666663,0.12262815837144933,0.09403147896236423
ergo_adaptive,130.5,0.12277155623909879,0.0939071095704847
ergo_adaptive,130.58333333333337,0.12465746619235488,0.09374648165477702
ergo_adaptive,130.66666666666663,0.12441958250468525,0.09363399736083744
ergo_adaptive,130.75,0.1244313665109078,0.09359918866570675
ergo_adaptive,130.83333333333337,0.12442295411510775,0.09354019603900067
ergo_adaptive,130.91666666666663,0.1231361719887895,0.09343237366890741
ergo_adaptive,131.0,0.12447401384867703,0.09333984477350504
ergo_adaptive,131.08333333333337,0.12323617458797144,0.09331073463240618
ergo_adaptive,131.16666666666663,0.12393731826928088,0.09330510475374636
ergo_adaptive,131.25,0.1239035997183878,0.09326656739825374
ergo_adaptive,131.33333333333337,0.12521237968689922,0.09322531269402737
ergo_adaptive,131.41666666666663,0.12390058497590366,0.09322289796475756
ergo_adaptive,131.5,0.12250862859459773,0.0932531533284314
ergo_adaptive,131.58333333333337,0.12432548748022815,0.09327595111160092
ergo_adaptive,131.66666666666663,0.12789272024044926,0.09329358019378722
ergo_adaptive,131.75,0.13027404404656368,0.09333260493926017
ergo_adaptive,131.83333333333337,0.12509904521550677,0.09340397816893212
ergo_adaptive,131.91666666666663,0.11342903892136212,0.09347799449124004
ergo_adaptive,132.0,0.10759411411995069,0.09358118432954876
ergo_adaptive,132.08333333333337,0.10341075701133862,0.09381718457190065
ergo_adaptive,132.16666666666663,0.10481349716173616,0.09412585670603422
ergo_adaptive,132.25,0.1084591353390207,0.09444411622736276
ergo_adaptive,132.33333333333337,0.11028378284631075,0.09474165896033862
ergo_adaptive,132.41666666666663,0.11100542127654886,0.09500764036888107
ergo_adaptive,132.5,0.1116082528700139,0.09524562965647247
ergo_adaptive,132.58333333333337,0.11137357800880139,0.0954599875046081
ergo_adaptive,132.66666666666663,0.11140052618542591,0.09564455712179944
ergo_adaptive,132.75,0.11121167209719329,0.09579591684503505
ergo_adaptive,132.83333333333337,0.1119119497679613,0.09592729288006471
ergo_adaptive,132.91666666666663,0.11230011160045993,0.09606096249962104
ergo_adaptive,133.0,0.11281459231127108,0.09618228064755403
ergo_adaptive,133.08333333333337,0.11273602102705471,0.09626947955132428
ergo_adaptive,133.16666666666663,0.11283783704779135,0.0963368585869
ergo_adaptive,133.25,0.11262083536963587,0.09642413045008574
ergo_adaptive,133.33333333333337,0.11375575203321033,0.09652150162797128
ergo_adaptive,133.41666666666663,0.11391745360115449,0.09659020784155352
ergo_adaptive,133.5,0.11404009979266064,0.09663707977539499
ergo_adaptive,133.58333333333337,0.11437846620193551,0.09669050273010353
ergo_adaptive,133.66666666666663,0.11444278422313804,0.09676380516310418
ergo_adaptive,133.75,0.114492912828321,0.09683672612286798
ergo_adaptive,133.83333333333337,0.11357459566427143,0.096899607020002
ergo_adaptive,133.91666666666663,0.11365323506631766,0.09696284988407805
ergo_adaptive,134.0,0.11390223987776425,0.09703921579283724
ergo_adaptive,134.08333333333337,0.11371513408805231,0.09712469942121832
ergo_adaptive,134.16666666666663,0.11459129749455847,0.09720597886176224
ergo_adaptive,134.25,0.11403167292147526,0.0972800698065224
ergo_adaptive,134.33333333333337,0.11288345574756191,0.0973636574407614
ergo_adaptive,134.41666666666663,0.11358834578398316,0.09746260475456234
ergo_adaptive,134.5,0.11329690644268045,0.09755536550959967
ergo_adaptive,134.58333333333337,0.11472178853986725,0.0976172711198583
ergo_adaptive,134.66666666666663,0.11525107678245752,0.09766564624174401
ergo_adaptive,134.75,0.1160245947207914,0.09774463682331433
ergo_adaptive,134.83333333333337,0.11614306998089538,0.09782387635042773
ergo_adaptive,134.91666666666663,0.11571834930283847,0.09786302048459396
ergo_adaptive,135.0,0.11594000583390583,0.09788144755468925
ergo_adaptive,135.08333333333337,0.1163208049353311,0.09789837706730281
ergo_adaptive,135.16666666666663,0.11696392481903778,0.0979139122611425
ergo_adaptive,135.25,0.11787572887945905,0.09794955286052436
ergo_adaptive,135.33333333333337,0.11773872685508481,0.09803552303018732
ergo_adaptive,135.41666666666663,0.11671632953880742,0.09808582266255246
ergo_adaptive,135.5,0.11700988146991151,0.0980650347000514
ergo_adaptive,135.58333333333337,0.1174307108230432,0.09802329512657178
ergo_adaptive,135.66666666666663,0.11710508613427938,0.09802975817272148
ergo_adaptive,135.75,0.11705794202093925,0.09804111222709773
ergo_adaptive,135.83333333333337,0.11896886767077261,0.0979769996042577
ergo_adaptive,135.91666666666663,0.11921554751773653,0.09787376396237445
ergo_adaptive,136.0,0.11844072938130812,0.09780269604705571
ergo_adaptive,136.08333333333337,0.11800348544098213,0.09777702900773445
ergo_adaptive,136.16666666666663,0.11856712545629114,0.0976919759851233
ergo_adaptive,136.25,0.11860127586641679,0.09754952537345384
ergo_adaptive,136.33333333333337,0.11869790994295108,0.09741969450708787
ergo_adaptive,136.41666666666663,0.11824270077439997,0.09735974740858232
ergo_adaptive,136.5,0.11873935085609591,0.09726604073023674
ergo_adaptive,136.58333333333337,0.11944447861839323,0.0970981049927645
ergo_adaptive,136.66666666666663,0.11903891580899685,0.09691856049043034
ergo_adaptive,136.75,0.11873032310722416,0.096817077848684
ergo_adaptive,136.83333333333337,0.11936828310861244,0.09672244988388701
ergo_adaptive,136.91666666666663,0.1183858617627002,0.09653620943026
ergo_adaptive,137.0,0.11735473652131174,0.0963099953909282
ergo_adaptive,137.08333333333337,0.11808308237849822,0.09613401313944604
ergo_adaptive,137.16666666666663,0.11804579731265569,0.0960214119373556
ergo_adaptive,137.25,0.11915764037281296,0.09584780094619677
ergo_adaptive,137.33333333333337,0.11814968019450516,0.09561989151863047
ergo_adaptive,137.41666666666663,0.11778603607039956,0.0954113574816429
ergo_adaptive,137.5,0.11723289968283718,0.09526675742744264
ergo_adaptive,137.58333333333337,0.11797563646582442,0.09510983454748004
ergo_adaptive,137.66666666666663,0.11760334714788959,0.09490135040392048
ergo_adaptive,137.75,0.11875468282739768,0.09468704934429908
ergo_adaptive,137.83333333333337,0.11830985553636408,0.09451439047605004
ergo_adaptive,137.91666666666663,0.11852890424600089,0.09436259835671994
ergo_adaptive,138.0,0.11814743399166606,0.09417709094973385
ergo_adaptive,138.08333333333337,0.11869789801613785,0.09397355708769359
ergo_adaptive,138.16666666666663,0.11953675820982405,0.0937921361505986
ergo_adaptive,138.25,0.11948219593725912,0.09363379651959555
ergo_adaptive,138.33333333333337,0.12005815157545782,0.0934680645500159
ergo_adaptive,138.41666666666663,0.11852031332013385,0.09328223727883816
ergo_adaptive,138.5,0.1176366400572381,0.09310536859406003
ergo_adaptive,138.58333333333337,0.1161888542889559,0.09295736602076123
ergo_adaptive,138.66666666666663,0.11665354763393378,0.09281392116253658
ergo_adaptive,138.75,0.11579993254000177,0.09265182097159255
ergo_adaptive,138.83333333333337,0.11588968687839545,0.09248497452629294
ergo_adaptive,138.91666666666663,0.1166773545564456,0.09233814613896892
ergo_adaptive,139.0,0.11733607574024195,0.09219800476529894
ergo_adaptive,139.08333333333337,0.11769905428845487,0.09203205773100978
ergo_adaptive,139.16666666666663,0.11856402634766769,0.09183877955343671
ergo_adaptive,139.25,0.11822654443042084,0.0916491600028859
ergo_adaptive,139.33333333333337,0.11897476514817759,0.09147218481060249
ergo_adaptive,139.41666666666663,0.11918161764963417,0.09126607396863308
ergo_adaptive,139.5,0.12012480901130336,0.09100833708897159
ergo_adaptive,139.58333333333337,0.12018651233809907,0.09076396620894848
ergo_adaptive,139.66666666666663,0.12057305753236033,0.09063113593847741
ergo_adaptive,139.75,0.11936215641903046,0.09048740787202854
ergo_adaptive,139.83333333333337,0.11999025068943966,0.0902351973227439
ergo_adaptive,139.91666666666663,0.11944511315351225,0.08995684020365137
ergo_adaptive,140.0,0.11862597918714796,0.08972436534313279
ergo_adaptive,140.08333333333337,0.12011041944723563,0.0895316240376749
ergo_adaptive,140.16666666666663,0.11948709208242868,0.0893364490315296
ergo_adaptive,140.25,0.11895475747887924,0.08912816191970205
ergo_adaptive,140.33333333333337,0.11978007260157184,0.08893048110423675
ergo_adaptive,140.41666666666663,0.11970560345914971,0.08878787244108167
ergo_adaptive,140.5,0.11928993010153213,0.08870626804030057
ergo_adaptive,140.58333333333337,0.1198998376333431,0.08856828280673623
ergo_adaptive,140.66666666666663,0.119701357824895,0.08834908696150333
ergo_adaptive,140.75,0.11933919921400293,0.08813739303515727
ergo_adaptive,140.83333333333337,0.11877867832853961,0.08797640892878164
ergo_adaptive,140.91666666666663,0.11917854611742568,0.08780774158590798
ergo_adaptive,141.0,0.11934221537243225,0.08758807907390222
ergo_adaptive,141.08333333333337,0.11872409008965867,0.08735345868889452
ergo_adaptive,141.16666666666663,0.11818657325170472,0.08714907283696481
ergo_adaptive,141.25,0.11874368775883218,0.08698553913572864
ergo_adaptive,141.33333333333337,0.11932188844399648,0.08682866412509455
ergo_adaptive,141.41666666666663,0.11822424401351901,0.08664519359689803
ergo_adaptive,141.5,0.11796405977766826,0.08646617949249026
ergo_adaptive,141.58333333333337,0.11800212272169183,0.08636506195028806
ergo_adaptive,141.66666666666663,0.11872147095312596,0.08630192188512441
ergo_adaptive,141.75,0.11981951003425687,0.08613150484521419
ergo_adaptive,141.83333333333337,0.11919466018493861,0.08590821981548237
ergo_adaptive,141.91666666666663,0.11938174519406462,0.08572913635146215
ergo_adaptive,142.0,0.11947712865670289,0.08561221921524288
ergo_adaptive,142.08333333333337,0.11991067394722407,0.08549269488815983
ergo_adaptive,142.16666666666663,0.11967485537465371,0.0853512610914917
ergo_adaptive,142.25,0.11915415031072886,0.08522790261728616
ergo_adaptive,142.33333333333337,0.11894116013487538,0.08514800585156167
ergo_adaptive,142.41666666666663,0.11824135921097714,0.08509641593812803
ergo_adaptive,142.5,0.11909898565162022,0.08504314578312705
ergo_adaptive,142.58333333333337,0.11870824482131978,0.08499337144296337
ergo_adaptive,142.66666666666663,0.11889477538336657,0.08497903976172941
ergo_adaptive,142.75,0.1193477018970336,0.0850212066063844
ergo_adaptive,142.83333333333337,0.11955064972725181,0.08506352031054182
ergo_adaptive,142.91666666666663,0.11957617583883393,0.0850494102847233
ergo_adaptive,143.0,0.11991023651148029,0.08502606747295814
ergo_adaptive,143.08333333333337,0.11970101220328401,0.08504707380729588
ergo_adaptive,143.16666666666663,0.12067201460863625,0.0850826953511909
ergo_adaptive,143.25,0.12115545512892094,0.08510050846321583
ergo_adaptive,143.33333333333337,0.12085131460588422,0.0851133329560043
ergo_adaptive,143.41666666666663,0.12121738766945109,0.08515476227654176
ergo_adaptive,143.5,0.12022234122845661,0.08524606216612501
ergo_adaptive,143.58333333333337,0.12135650533395739,0.08538357015512127
ergo_adaptive,143.66666666666663,0.12255696764760513,0.08550134507139681
ergo_adaptive,143.75,0.12243295178656326,0.08558779943196955
ergo_adaptive,143.83333333333337,0.12181323476847598,0.08569455788118405
ergo_adaptive,143.91666666666663,0.12200731203688224,0.08583461668107423
ergo_adaptive,144.0,0.12219208706088516,0.085978948194363
ergo_adaptive,144.08333333333337,0.12359584175377071,0.08611131634116545
ergo_adaptive,144.16666666666663,0.12337563635471933,0.08624845115207284
ergo_adaptive,144.25,0.12345303630792022,0.08641587330878063
ergo_adaptive,144.33333333333337,0.12285536974689282,0.0866040352415334
ergo_adaptive,144.41666666666663,0.12354311750442627,0.08679528949279491
ergo_adaptive,144.5,0.1253961312204146,0.08698913891134086
ergo_adaptive,144.58333333333337,0.12696848799769755,0.08719944396924822
ergo_adaptive,144.66666666666663,0.12212255355304324,0.08743439042404774
ergo_adaptive,144.75,0.11357326396410392,0.08768486997361032
ergo_adaptive,144.83333333333337,0.10831861094990056,0.08802158277795964
ergo_adaptive,144.91666666666663,0.11153606483854567,0.0883967116855996
ergo_adaptive,145.0,0.11386514144277748,0.08876386992700241
ergo_adaptive,145.08333333333337,0.11545141590954912,0.0891018998254866
ergo_adaptive,145.16666666666663,0.11640867013267617,0.08940694563815693
ergo_adaptive,145.25,0.11733125769620714,0.08968471255600861
ergo_adaptive,145.33333333333337,0.117438080195991,0.08993792121381507
ergo_adaptive,145.41666666666663,0.11779042589413087,0.09015669889452424
ergo_adaptive,145.5,0.11830828194188926,0.09034403517058424
ergo_adaptive,145.58333333333337,0.11800972653905226,0.09051774865649993
ergo_adaptive,145.66666666666663,0.11835565286818753,0.09068617250580084
ergo_adaptive,145.75,0.1187580638750733,0.09083072744592548
ergo_adaptive,145.83333333333337,0.1194161046659672,0.09094418486948669
ergo_adaptive,145.91666666666663,0.11921160160990633,0.09105010404342417
ergo_adaptive,146.0,0.11901991185051136,0.09117295648249392
ergo_adaptive,146.08333333333337,0.11874058300025876,0.09126884076829261
ergo_adaptive,146.16666666666663,0.11953480937401485,0.09132474021308322
ergo_adaptive,146.25,0.1196819091816444,0.09138387276902496
ergo_adaptive,146.33333333333337,0.11953211813782752,0.09150720595934779
ergo_adaptive,146.41666666666663,0.12016059443883097,0.09161948344433159
ergo_adaptive,146.5,0.12019210177310928,0.09165919522256999
ergo_adaptive,146.58333333333337,0.1202907975477476,0.09167746136928297
ergo_adaptive,146.66666666666663,0.12039585496615639,0.09173986196909205
ergo_adaptive,146.75,0.1205279975937177,0.09183327499346937
ergo_adaptive,146.83333333333337,0.12076415676023632,0.09188164318931104
ergo_adaptive,146.91666666666663,0.12078896685789894,0.09189563394605779
ergo_adaptive,147.0,0.12067916352258808,0.09193075535205537
ergo_adaptive,147.08333333333337,0.12098784487761274,0.09200278891291148
ergo_adaptive,147.16666666666663,0.12117027425298017,0.09206679503111578
ergo_adaptive,147.25,0.12124229065210292,0.0920972132186594
ergo_adaptive,147.33333333333337,0.12122147905118097,0.09213227229837127
ergo_adaptive,147.41666666666663,0.12149138733280405,0.09220233816798445
ergo_adaptive,147.5,0.12120665175487623,0.09228140330060783
ergo_adaptive,147.58333333333337,0.12139559971474266,0.09234228330211071
ergo_adaptive,147.66666666666663,0.12169192591250033,0.09239826989275397
ergo_adaptive,147.75,0.1215387500552876,0.09247713513403229
ergo_adaptive,147.83333333333337,0.12191907646361705,0.09257233538774266
ergo_adaptive,147.91666666666663,0.12238101579831637,0.0926675077158232
ergo_adaptive,148.0,0.12265053477050011,0.09276056688958406
ergo_adaptive,148.08333333333337,0.12251137742019858,0.09287284306815571
ergo_adaptive,148.16666666666663,0.12278117273182736,0.09301392833258132
ergo_adaptive,148.25,0.12286495347845648,0.09315581956022136
ergo_adaptive,148.33333333333337,0.12264058927581445,0.09325896593395375
ergo_adaptive,148.41666666666663,0.12284946665766165,0.09333844900259347
ergo_adaptive,148.5,0.12341991647009086,0.09344856498628315
ergo_adaptive,148.58333333333337,0.12291864864987316,0.09358265304295386
ergo_adaptive,148.66666666666663,0.12373559517467425,0.09365424888473159
ergo_adaptive,148.75,0.12479287633271245,0.09368538376687827
ergo_adaptive,148.83333333333337,0.12517730174862252,0.09374102024714473
ergo_adaptive,148.91666666666663,0.12547046713900836,0.0938495246207671
ergo_adaptive,149.0,0.1251408015822798,0.09391144309263404
ergo_adaptive,149.08333333333337,0.12503888439579877,0.09391294405952992
ergo_adaptive,149.16666666666663,0.1251206161666946,0.09391783074746625
ergo_adaptive,149.25,0.12490933116813141,0.093976716311342
ergo_adaptive,149.33333333333337,0.12450085536540201,0.09402891212370096
ergo_adaptive,149.41666666666663,0.12440123402006022,0.09401206065700442
ergo_adaptive,149.5,0.12393074403687195,0.09397400156084426
ergo_adaptive,149.58333333333337,0.12446403175264437,0.09397350235428575
ergo_adaptive,149.66666666666663,0.12502647743849885,0.09399276990660242
ergo_adaptive,149.75,0.1253527656131503,0.09396196167623085
ergo_adaptive,149.83333333333337,0.12535271664935604,0.0938916614605029
ergo_adaptive,149.91666666666663,0.12531023007470687,0.09383647877836868
ergo_adaptive,150.0,0.12496090724567263,0.09380750287892166
ergo_adaptive,150.08333333333337,0.12489065998643686,0.09375694430109795
ergo_adaptive,150.16666666666663,0.1251329303016312,0.09366642307414354
ergo_adaptive,150.25,0.12525433229179886,0.09357134492690362
ergo_adaptive,150.33333333333337,0.1244918945513133,0.09349769883106297
ergo_adaptive,150.41666666666663,0.12445154117492306,0.09341904764250247
ergo_adaptive,150.5,0.1256596500832383,0.09330985375916523
ergo_adaptive,150.58333333333337,0.12505309529408543,0.09318370732263155
ergo_adaptive,150.66666666666663,0.12476556049071846,0.09306988943565407
ergo_adaptive,150.75,0.1249951735237288,0.09296332268732155
ergo_adaptive,150.83333333333337,0.12492140420231988,0.09283297413009106
ergo_adaptive,150.91666666666663,0.1260882114889318,0.09267496649927771
ergo_adaptive,151.0,0.1255156326594282,0.09252200011761745
ergo_adaptive,151.08333333333337,0.12450833042940736,0.09238894913020385
ergo_adaptive,151.16666666666663,0.12466397672644168,0.0922388942109198
ergo_adaptive,151.25,0.12556466761691124,0.0920487201820994
ergo_adaptive,151.33333333333337,0.12372576234334268,0.09185025427522454
ergo_adaptive,151.41666666666663,0.12432543380193561,0.0916864643004254
ergo_adaptive,151.5,0.12296811677494368,0.0915348485942384
ergo_adaptive,151.58333333333337,0.12308859095618706,0.09132959123788183
ergo_adaptive,151.66666666666663,0.12300792528717505,0.09109978958081617
ergo_adaptive,151.75,0.1251314956676779,0.09092268215595606
ergo_adaptive,151.83333333333337,0.12630186035522648,0.09080621948427774
ergo_adaptive,151.91666666666663,0.1263199732754622,0.09065218950057902
ergo_adaptive,152.0,0.12616862890672756,0.09045259167125409
ergo_adaptive,152.08333333333337,0.12648385419419608,0.09028632050844801
ergo_adaptive,152.16666666666663,0.12705506199886424,0.09021931948027073
ergo_adaptive,152.25,0.1263879418941075,0.09010404766890992
ergo_adaptive,152.33333333333337,0.12698855624807034,0.08990718151893283
ergo_adaptive,152.41666666666663,0.12683499901979584,0.0896980259216433
ergo_adaptive,152.5,0.12612620287764983,0.08953495989521323
ergo_adaptive,152.58333333333337,0.12616426067085013,0.0893887391820544
ergo_adaptive,152.66666666666663,0.12569217364986135,0.0891956641620547
ergo_adaptive,152.75,0.1258349577385152,0.08897314123002935
ergo_adaptive,152.83333333333337,0.12559495579119898,0.08875984208161147
ergo_adaptive,152.91666666666663,0.12563911664590607,0.08858498409275024
ergo_adaptive,153.0,0.1239705368860514,0.08845633871309197
ergo_adaptive,153.08333333333337,0.12346471186002185,0.08832215245993529
ergo_adaptive,153.16666666666663,0.12448026891721217,0.08812881000694937
ergo_adaptive,153.25,0.12543292729803548,0.08789980946620048
ergo_adaptive,153.33333333333337,0.1245722123334877,0.0876801245284038
ergo_adaptive,153.41666666666663,0.12445637003090036,0.08751272627758981
ergo_adaptive,153.5,0.12517213115264642,0.08740812275261994
ergo_adaptive,153.58333333333337,0.1249194669205393,0.08728570116994387
ergo_adaptive,153.66666666666663,0.12670327878928478,0.08708268572983177
ergo_adaptive,153.75,0.12674969539671993,0.08686591536872612
ergo_adaptive,153.83333333333337,0.12677131909044298,0.08670473638299087
ergo_adaptive,153.91666666666663,0.1277505310907966,0.08654077169250096
ergo_adaptive,154.0,0.12702247581529275,0.08630686278164622
ergo_adaptive,154.08333333333337,0.12688768087912353,0.08604188611096829
ergo_adaptive,154.16666666666663,0.12664990587074085,0.08580581863671786
ergo_adaptive,154.25,0.12625792090780802,0.08562669684374848
ergo_adaptive,154.33333333333337,0.12737196702584627,0.08548937856757101
ergo_adaptive,154.41666666666663,0.12645231640271556,0.08533107947284983
ergo_adaptive,154.5,0.12733158411792764,0.08514169396106483
ergo_adaptive,154.58333333333337,0.12775923931071223,0.08498466817336174
ergo_adaptive,154.66666666666663,0.12717670361174463,0.0848773657214222
ergo_adaptive,154.75,0.12696618583079994,0.0847396847028815
ergo_adaptive,154.83333333333337,0.12842432839899598,0.08455211945726229
ergo_adaptive,154.91666666666663,0.1274303730607062,0.08436674592515371
ergo_adaptive,155.0,0.12862740260423086,0.0842254909242501
ergo_adaptive,155.08333333333337,0.1287525479956324,0.08414104472744272
ergo_adaptive,155.16666666666663,0.13169270858618626,0.08407787817104863
ergo_adaptive,155.25,0.13079444421856176,0.08399181870166277
ergo_adaptive,155.33333333333337,0.13066209958580546,0.08391177193968556
ergo_adaptive,155.41666666666663,0.1331789051268043,0.08389034783957289
ergo_adaptive,155.5,0.13352799977284407,0.08389935253959006
ergo_adaptive,155.58333333333337,0.13209806276571773,0.08385382905267302
ergo_adaptive,155.66666666666663,0.1325630102857852,0.08376976621812911
ergo_adaptive,155.75,0.1339193879105329,0.08371481933864554
ergo_adaptive,155.83333333333337,0.13448025249195883,0.08371059637026487
ergo_adaptive,155.91666666666663,0.11826085908764701,0.08373986284786764
ergo_adaptive,156.0,0.10683674094965809,0.08377463993489455
ergo_adaptive,156.08333333333337,0.09862968548622009,0.08380654743388387
ergo_adaptive,156.16666666666663,0.0948561606894407,0.08396287751931772
ergo_adaptive,156.25,0.09290873626581281,0.08420519976646969
ergo_adaptive,156.33333333333337,0.09034993327210858,0.08448265136672908
ergo_adaptive,156.41666666666663,0.08714945656266557,0.08478660792314145
ergo_adaptive,156.5,0.08840609906102574,0.08512652213704558
ergo_adaptive,156.58333333333337,0.09209450784853843,0.08543686602134545
ergo_adaptive,156.66666666666663,0.09524361176339366,0.08567955488067439
ergo_adaptive,156.75,0.0977485336444553,0.08586481922980031
ergo_adaptive,156.83333333333337,0.09829811250965745,0.08602217157481289
ergo_adaptive,156.91666666666663,0.09883354230504557,0.0861832323708839
ergo_adaptive,157.0,0.09879167880088154,0.08637829988306096
ergo_adaptive,157.08333333333337,0.0991636696277658,0.08655966090232385
ergo_adaptive,157.16666666666663,0.10002868264372405,0.0866704920341935
ergo_adaptive,157.25,0.10063423997062555,0.08673449827691784
ergo_adaptive,157.33333333333337,0.10043531537188706,0.08679055648683094
ergo_adaptive,157.41666666666663,0.10011999833345481,0.08687197616151476
ergo_adaptive,157.5,0.10105585297814663,0.08699627795105644
ergo_adaptive,157.58333333333337,0.10148394934299827,0.08711015084901837
ergo_adaptive,157.66666666666663,0.10178265109014104,0.0871547700920228
ergo_adaptive,157.75,0.10249346212867502,0.08716832909776677
ergo_adaptive,157.83333333333337,0.10327271819481122,0.08719637464247836
ergo_adaptive,157.91666666666663,0.10291548766518518,0.08722723352937649
ergo_adaptive,158.0,0.10271937565581105,0.08722937296079897
ergo_adaptive,158.08333333333337,0.10246750287887342,0.08720210445541117
ergo_adaptive,158.16666666666663,0.10278074966201399,0.08717514934527057
ergo_adaptive,158.25,0.10295179473105488,0.08716971711520519
ergo_adaptive,158.33333333333337,0.10364872093239293,0.08716661095041875
ergo_adaptive,158.41666666666663,0.10384334532570602,0.08713325503012923
ergo_adaptive,158.5,0.10395449794116651,0.0870804838889437
ergo_adaptive,158.58333333333337,0.1042757344178675,0.08705431028102485
ergo_adaptive,158.66666666666663,0.1033531416658408,0.08705548016158147
ergo_adaptive,158.75,0.10252932649426642,0.08700860241277894
ergo_adaptive,158.83333333333337,0.10272532494133303,0.08691297084692622
ergo_adaptive,158.91666666666663,0.10302311778768378,0.08684193115843157
ergo_adaptive,159.0,0.1042068809271811,0.08685694282954749
ergo_adaptive,159.08333333333337,0.10298430946777191,0.08683608830482065
ergo_adaptive,159.16666666666663,0.10278049400322407,0.08674683981041836
ergo_adaptive,159.25,0.10331448066166378,0.08666399726823233
ergo_adaptive,159.33333333333337,0.10308385961503026,0.08664294994910744
ergo_adaptive,159.41666666666663,0.10321916234751533,0.08663756282815921
ergo_adaptive,159.5,0.10283599346155083,0.0865861957455431
ergo_adaptive,159.58333333333337,0.1026640793109593,0.08650986478780058
ergo_adaptive,159.66666666666663,0.10345289816633274,0.08645341790269158
ergo_adaptive,159.75,0.10489688270704356,0.08641845747078372
ergo_adaptive,159.83333333333337,0.10428037531978535,0.08637654093940572
ergo_adaptive,159.91666666666663,0.10466896693792715,0.0863137051345124
ergo_adaptive,160.0,0.10423277353978759,0.08625537567423981
ergo_adaptive,160.08333333333337,0.10485448276885216,0.08621957282675585
ergo_adaptive,160.16666666666663,0.10521430567825704,0.08618804750524105
ergo_adaptive,160.25,0.10480793534002324,0.08613592575140257
ergo_adaptive,160.33333333333337,0.10524966785540348,0.08607432194892736
ergo_adaptive,160.41666666666663,0.10536188997552542,0.08603610348149725
ergo_adaptive,160.5,0.10564794308791893,0.08601529913744112
ergo_adaptive,160.58333333333337,0.10624794616848518,0.08597158958419475
ergo_adaptive,160.66666666666663,0.10651474360893957,0.08590522791213703
ergo_adaptive,160.75,0.10638618505688202,0.0858586228138238
ergo_adaptive,160.83333333333337,0.10597058536412014,0.08584679159556712
ergo_adaptive,160.91666666666663,0.10674412450540033,0.08582413193829533
ergo_adaptive,161.0,0.10595482499845885,0.08576404662466848
ergo_adaptive,161.08333333333337,0.10606421053403432,0.08570919368391373
ergo_adaptive,161.16666666666663,0.10524637006917373,0.08570198483227667
ergo_adaptive,161.25,0.10530795864403178,0.08570450757868522
ergo_adaptive,161.33333333333337,0.10541833217767127,0.08565817825976577
ergo_adaptive,161.41666666666663,0.10505285728742995,0.08559609584876106
ergo_adaptive,161.5,0.10581294328012177,0.08558757087088534
ergo_adaptive,161.58333333333337,0.10538746911482437,0.08562853950492771
ergo_adaptive,161.66666666666663,0.10583647995943193,0.08561183122620229
ergo_adaptive,161.75,0.10626435800196864,0.0855552521585071
ergo_adaptive,161.83333333333337,0.10637913433504313,0.08553922866517903
ergo_adaptive,161.91666666666663,0.10700104900717752,0.08561094526714763
ergo_adaptive,162.0,0.1069302118340325,0.08564566570351982
ergo_adaptive,162.08333333333337,0.10680433635422189,0.0856262638294071
ergo_adaptive,162.16666666666663,0.10716357706583073,0.08561573047945971
ergo_adaptive,162.25,0.10706631989559462,0.08566791697611661
ergo_adaptive,162.33333333333337,0.1073375062414545,0.08573884005093622
ergo_adaptive,162.41666666666663,0.10750196577551442,0.0857708181032077
ergo_adaptive,162.5,0.10775123975443583,0.08579232435837648
ergo_adaptive,162.58333333333337,0.10763217364595629,0.08583947197987327
ergo_adaptive,162.66666666666663,0.1077140620723618,0.08590352636412779
ergo_adaptive,162.75,0.10774293545637167,0.08595549714418842
ergo_adaptive,162.83333333333337,0.10812734444443399,0.08598814328804888
ergo_adaptive,162.91666666666663,0.10843530446384791,0.08602508276974481
ergo_adaptive,163.0,0.10868314637167935,0.08609546527598247
ergo_adaptive,163.08333333333337,0.10881689100307326,0.08621748470362209
ergo_adaptive,163.16666666666663,0.10884619191599042,0.08635870919317973
ergo_adaptive,163.25,0.10902693324573778,0.08649095108991706
ergo_adaptive,163.33333333333337,0.10932028173304299,0.08661669632677614
ergo_adaptive,163.41666666666663,0.10952015292154337,0.08675463332121082
ergo_adaptive,163.5,0.1097729877843885,0.08692290898532153
ergo_adaptive,163.58333333333337,0.1104866037667757,0.08709290062714362
ergo_adaptive,163.66666666666663,0.11053194588478751,0.08723144266036378
ergo_adaptive,163.75,0.11056595255039844,0.08736226829031123
ergo_adaptive,163.83333333333337,0.11079385991514137,0.08752736742159824
ergo_adaptive,163.91666666666663,0.11134307964418803,0.08771341879418922
ergo_adaptive,164.0,0.1118480611448567,0.08785884886730862
ergo_adaptive,164.08333333333337,0.11218788499055728,0.08798237049291635
ergo_adaptive,164.16666666666663,0.11240248196189674,0.08813282253094606
ergo_adaptive,164.25,0.11247103524683434,0.08832420324354026
ergo_adaptive,164.33333333333337,0.11241715469557419,0.0884789426314052
ergo_adaptive,164.41666666666663,0.11272681082657554,0.08861492801617894
ergo_adaptive,164.5,0.11293252621755372,0.08875890564708264
ergo_adaptive,164.58333333333337,0.11337908428648835,0.08892028614657255
ergo_adaptive,164.66666666666663,0.11355419319243089,0.08907945853834137
ergo_adaptive,164.75,0.11410100222758188,0.08925197386709935
ergo_adaptive,164.83333333333337,0.11416151206695034,0.08943416918956072
ergo_adaptive,164.91666666666663,0.11426718134257643,0.08957372977159954
ergo_adaptive,165.0,0.11454984323098384,0.08968129874964502
ergo_adaptive,165.08333333333337,0.11507312149334213,0.08979974196947282
ergo_adaptive,165.16666666666663,0.11508398140367283,0.08994739730241526
ergo_adaptive,165.25,0.11515474713919455,0.09006382149469605
ergo_adaptive,165.33333333333337,0.11500659938054729,0.09013920624378507
ergo_adaptive,165.41666666666663,0.11544844514368452,0.0902135284369009
ergo_adaptive,165.5,0.1155822951026212,0.0903204063480216
ergo_adaptive,165.58333333333337,0.11468540421212949,0.09042085818226105
ergo_adaptive,165.66666666666663,0.1152588049451201,0.09047635228453162
ergo_adaptive,165.75,0.11594167566074895,0.09051602470180406
ergo_adaptive,165.83333333333337,0.11619046408860174,0.09057981344840663
ergo_adaptive,165.91666666666663,0.11613280786992733,0.09065892280333154
ergo_adaptive,166.0,0.1168498632888405,0.09070192058400127
ergo_adaptive,166.08333333333337,0.11659283121288655,0.09071836650997146
ergo_adaptive,166.16666666666663,0.11665761548810451,0.09074745529486271
ergo_adaptive,166.25,0.11641644911562694,0.09079773439497847
ergo_adaptive,166.33333333333337,0.11676351374499058,0.09083143674642327
ergo_adaptive,166.41666666666663,0.11695380242055134,0.09083323974091378
ergo_adaptive,166.5,0.11750500825434734,0.0908343716442853
ergo_adaptive,166.58333333333337,0.11723943347754624,0.0908554795499505
ergo_adaptive,166.66666666666663,0.11759264204889203,0.09087374207388453
ergo_adaptive,166.75,0.1179818518701152,0.09086689333160408
ergo_adaptive,166.83333333333337,0.11741195432928253,0.09084908024629945
ergo_adaptive,166.91666666666663,0.11804424454722978,0.09084595730518008
ergo_adaptive,167.0,0.11817950500884591,0.09084856774049598
ergo_adaptive,167.08333333333337,0.11847713607150287,0.09083517261833904
ergo_adaptive,167.16666666666663,0.11780474089807866,0.09080655044072301
ergo_adaptive,167.25,0.11743400264385588,0.09078543406303535
ergo_adaptive,167.33333333333337,0.11653157469932728,0.09077897828780424
ergo_adaptive,167.41666666666663,0.116572471481932,0.09077140092562469
ergo_adaptive,167.5,0.1166225381550725,0.09084364499463524
ergo_adaptive,167.58333333333337,0.11765075470974842,0.091111436835439
ergo_adaptive,167.66666666666663,0.11779202044860373,0.09143577281900132
ergo_adaptive,167.75,0.11854937851689695,0.09174169363122918
ergo_adaptive,167.83333333333337,0.11984285236858344,0.09201160873277356
ergo_adaptive,167.91666666666663,0.11979629393946892,0.09226334631036034
ergo_adaptive,168.0,0.12061417492060467,0.09252753125354166
ergo_adaptive,168.08333333333337,0.12059632700402939,0.09275217699127591
ergo_adaptive,168.16666666666663,0.12033161957050609,0.09292321789130469
ergo_adaptive,168.25,0.12039056129751567,0.09307327895288231
ergo_adaptive,168.33333333333337,0.12019189285595262,0.09323139452539357
ergo_adaptive,168.41666666666663,0.12046446543105371,0.093386385208751
ergo_adaptive,168.5,0.1206182995071541,0.0935247578981398
ergo_adaptive,168.58333333333337,0.12163215868202479,0.09365503487755118
ergo_adaptive,168.66666666666663,0.1211487273498732,0.0937833916675449
ergo_adaptive,168.75,0.12179271034225857,0.09391312953473194
ergo_adaptive,168.83333333333337,0.12203515170799119,0.09403215286170336
ergo_adaptive,168.91666666666663,0.12179209968550145,0.09412506547907346
ergo_adaptive,169.0,0.1228925209466275,0.09419896406350153
ergo_adaptive,169.08333333333337,0.12306960667564386,0.09427278723431824
ergo_adaptive,169.16666666666663,0.12198660822557314,0.09432169653719244
ergo_adaptive,169.25,0.12220608477216406,0.09431803736398973
ergo_adaptive,169.33333333333337,0.12283192977053728,0.09427559595275097
ergo_adaptive,169.41666666666663,0.12262170271539206,0.09421870144608466
ergo_adaptive,169.5,0.12390965753540241,0.09418366383926459
ergo_adaptive,169.58333333333337,0.12417240564434305,0.09420098679835825
ergo_adaptive,169.66666666666663,0.12468457215015312,0.094130123572006
ergo_adaptive,169.75,0.12326853857024866,0.09394483920053291
ergo_adaptive,169.83333333333337,0.12451134957727197,0.09371207804446777
ergo_adaptive,169.91666666666663,0.12550494298734038,0.09349098234173966
ergo_adaptive,170.0,0.12479402562650628,0.0933055045625328
ergo_adaptive,170.08333333333337,0.12524559936208327,0.09316017802647773
ergo_adaptive,170.16666666666663,0.12523169377185864,0.09305243678443832
ergo_adaptive,170.25,0.126281076012916,0.0929916338466622
ergo_adaptive,170.33333333333337,0.12579458143303868,0.0930198671799864
ergo_adaptive,170.41666666666663,0.12622507511566802,0.09311575674238247
ergo_adaptive,170.5,0.12497893152905729,0.09314325084200478
ergo_adaptive,170.58333333333337,0.12647442071548629,0.09312467441823272
ergo_adaptive,170.66666666666663,0.12625714539291952,0.0931192724725518
ergo_adaptive,170.75,0.1264055414818727,0.09315198359994376
ergo_adaptive,170.83333333333337,0.12623980339549123,0.09319770327253526
ergo_adaptive,170.91666666666663,0.12695982752179893,0.09323887023863667
ergo_adaptive,171.0,0.12691912151854245,0.0932813896864226
ergo_adaptive,171.08333333333337,0.12718494080413079,0.0933507607992855
ergo_adaptive,171.16666666666663,0.12701676829392555,0.09345251934329071
ergo_adaptive,171.25,0.12693679205410854,0.09355859875948995
ergo_adaptive,171.33333333333337,0.12780493209715502,0.09365960117723449
ergo_adaptive,171.41666666666663,0.13006634786004714,0.09377577564813148
ergo_adaptive,171.5,0.13025763183105205,0.09394239698291057
ergo_adaptive,171.58333333333337,0.12045587908709394,0.094120405681311
ergo_adaptive,171.66666666666663,0.11105666929713562,0.09426203122254928
ergo_adaptive,171.75,0.10705437185277632,0.0944154476654084
ergo_adaptive,171.83333333333337,0.10425365016073117,0.09461172227145187
ergo_adaptive,171.91666666666663,0.1035585899216691,0.09485546301136326
ergo_adaptive,172.0,0.10235042445049708,0.0951316010855145
ergo_adaptive,172.08333333333337,0.10147588143341821,0.09544311913044394
ergo_adaptive,172.16666666666663,0.10336254706598533,0.09576050507967782
ergo_adaptive,172.25,0.10720985820914285,0.09606106216996727
ergo_adaptive,172.33333333333337,0.11064398188574087,0.09631541003935432
ergo_adaptive,172.41666666666663,0.11289527192099898,0.09649024818155605
ergo_adaptive,172.5,0.11368487590082973,0.09659164388546922
ergo_adaptive,172.58333333333337,0.11590473627470667,0.09666191438273555
ergo_adaptive,172.66666666666663,0.11545026734925426,0.0967520389395699
ergo_adaptive,172.75,0.11757083813846156,0.09685403924259664
ergo_adaptive,172.83333333333337,0.12011458218730267,0.09692272374026847
ergo_adaptive,172.91666666666663,0.10756970491472498,0.09697652235613517
ergo_adaptive,173.0,0.11082009978502194,0.09708833862291398
ergo_adaptive,173.08333333333337,0.11350675204802106,0.09721882499926605
ergo_adaptive,173.16666666666663,0.1151876490051227,0.09732033897636737
ergo_adaptive,173.25,0.11801947449555701,0.09735372721362003
ergo_adaptive,173.33333333333337,0.11857417039240617,0.09735478973166378
ergo_adaptive,173.41666666666663,0.1187153239352634,0.09738290565079472
ergo_adaptive,173.5,0.1189133735630475,0.0974687045415666
ergo_adaptive,173.58333333333337,0.10670107328858822,0.0975047600389047
ergo_adaptive,173.66666666666663,0.11073078038322873,0.09755470492274086
ergo_adaptive,173.75,0.11167015614856352,0.09756125682316195
ergo_adaptive,173.83333333333337,0.11448150349738105,0.09753685974563346
ergo_adaptive,173.91666666666663,0.11537385890266824,0.09750892482564995
ergo_adaptive,174.0,0.11651273629171771,0.09747238197344817
ergo_adaptive,174.08333333333337,0.11710129998839656,0.09741049688544472
ergo_adaptive,174.16666666666663,0.11606499379070538,0.09733149043542577
ergo_adaptive,174.25,0.11590982839255567,0.09725722074496956
ergo_adaptive,174.33333333333337,0.11537907291864098,0.09719395761025044
ergo_adaptive,174.41666666666663,0.11676616492644086,0.09711526946074965
ergo_adaptive,174.5,0.11716880021714464,0.09700870517432766
ergo_adaptive,174.58333333333337,0.11661731399557586,0.09690285785164708
ergo_adaptive,174.66666666666663,0.11770835125830716,0.0968164436192196
ergo_adaptive,174.75,0.1183171239027229,0.09672378588674248
ergo_adaptive,174.83333333333337,0.11776268984226661,0.09660205584750553
ergo_adaptive,174.91666666666663,0.11830489079934124,0.09647022022360319
ergo_adaptive,175.0,0.11926297777981978,0.0963570312609064
ergo_adaptive,175.08333333333337,0.11902266474048603,0.09625738016812099
ergo_adaptive,175.16666666666663,0.11928429414603237,0.09614537633030032
ergo_adaptive,175.25,0.12130297590234952,0.09601946742674432
ergo_adaptive,175.33333333333337,0.12081415821762888,0.09591991189557637
ergo_adaptive,175.41666666666663,0.12117203993835474,0.09587067067800721
ergo_adaptive,175.5,0.1217185259197247,0.09583013049566969
ergo_adaptive,175.58333333333337,0.12213564941906992,0.09574086298472793
ergo_adaptive,175.66666666666663,0.10412822048193081,0.09563430358724831
ergo_adaptive,175.75,0.10933853737178821,0.0956353240301366
ergo_adaptive,175.83333333333337,0.11295305183847444,0.09560637866024602
ergo_adaptive,175.91666666666663,0.11425243890125726,0.09551719485061107
ergo_adaptive,176.0,0.11535864346566566,0.09535293556505857
ergo_adaptive,176.08333333333337,0.11797104345584569,0.095152995590609
ergo_adaptive,176.16666666666663,0.11873428845585456,0.09499182612988168
ergo_adaptive,176.25,0.12089471268951615,0.09490036885860582
ergo_adaptive,176.33333333333337,0.12103457838077475,0.09482955924479036
ergo_adaptive,176.41666666666663,0.12041658923266829,0.094716271798744
ergo_adaptive,176.5,0.12048494368464527,0.09459572137477475
ergo_adaptive,176.58333333333337,0.10528246245224145,0.09452859179006155
ergo_adaptive,176.66666666666663,0.1125085949292259,0.09454395885105489
ergo_adaptive,176.75,0.11531757410909127,0.09444840828367335
ergo_adaptive,176.83333333333337,0.11852837588829987,0.09425563945349635
ergo_adaptive,176.91666666666663,0.11952838708368889,0.09408110341774557
ergo_adaptive,177.0,0.11286744897959881,0.0940027553431058
ergo_adaptive,177.08333333333337,0.101932471862977,0.09391561185374853
ergo_adaptive,177.16666666666663,0.10661712212760173,0.09383503656196163
ergo_adaptive,177.25,0.11099504032896029,0.09363386789711715
ergo_adaptive,177.33333333333337,0.11224066819359542,0.09337134340009873
ergo_adaptive,177.41666666666663,0.11249554694446962,0.09312969148449485
ergo_adaptive,177.5,0.11293651743933572,0.0929097817780132
ergo_adaptive,177.58333333333337,0.11303227543294314,0.09266371798135796
ergo_adaptive,177.66666666666663,0.11234101828997098,0.09238864255543275
ergo_adaptive,177.75,0.11283071716125825,0.09211604361281776
ergo_adaptive,177.83333333333337,0.11278037883994008,0.09186914209270586
ergo_adaptive,177.91666666666663,0.11302009727012986,0.09162521440957842
ergo_adaptive,178.0,0.11367065767154637,0.09136463853604812
ergo_adaptive,178.08333333333337,0.11363410849815213,0.0911078178755388
ergo_adaptive,178.16666666666663,0.11316065750164489,0.09088567944923345
ergo_adaptive,178.25,0.11242270146080163,0.09067863028407999
ergo_adaptive,178.33333333333337,0.11201091835530952,0.09045769419605257
ergo_adaptive,178.41666666666663,0.11236715481327018,0.09023602624647321
ergo_adaptive,178.5,0.1128493061321249,0.09004193902518114
ergo_adaptive,178.58333333333337,0.11388117315531834,0.08987090759147146
ergo_adaptive,178.66666666666663,0.11487582123438438,0.08968593279003
ergo_adaptive,178.75,0.11624796812759011,0.08948579239524816
ergo_adaptive,178.83333333333337,0.11701943297475595,0.08930645158885918
ergo_adaptive,178.91666666666663,0.11705498781672867,0.0891631845074796
ergo_adaptive,179.0,0.11784426170261017,0.08902186334828986
ergo_adaptive,179.08333333333337,0.11837674878319952,0.08886234489963521
ergo_adaptive,179.16666666666663,0.11930517677827382,0.0887132384502351
ergo_adaptive,179.25,0.11999155555304661,0.08860229234259898
ergo_adaptive,179.33333333333337,0.11992816809861719,0.08851655808965482
ergo_adaptive,179.41666666666663,0.12055056217883299,0.08842076572702318
ergo_adaptive,179.5,0.12215681588365172,0.08832022006814909
ergo_adaptive,179.58333333333337,0.12349912436064947,0.08827017827839588
ergo_adaptive,179.66666666666663,0.12346094694252431,0.08830927749446588
ergo_adaptive,179.75,0.11161516889314006,0.08831007484806339
ergo_adaptive,179.83333333333337,0.1012853265187964,0.08823632509187385
ergo_adaptive,179.91666666666663,0.10299009738485955,0.08819103535178358
ergo_adaptive,180.0,0.10780251780189631,0.08816318805856793
ergo_adaptive,180.08333333333337,0.11021358762149107,0.08815006651627807
ergo_adaptive,180.16666666666663,0.1117474913538651,0.08811728176430053
ergo_adaptive,180.25,0.11318425926321382,0.08805423337630469
ergo_adaptive,180.33333333333337,0.11460214773584412,0.08801202511159306
ergo_adaptive,180.41666666666663,0.11545466030792241,0.08805442362119084
ergo_adaptive,180.5,0.10615415807763538,0.08814863644002084
ergo_adaptive,180.58333333333337,0.0998129184193481,0.08819136301929531
ergo_adaptive,180.66666666666663,0.10518095217145357,0.08821626070647448
ergo_adaptive,180.75,0.10825769073042069,0.08821442636325465
ergo_adaptive,180.83333333333337,0.10939360849660096,0.08826658562788767
ergo_adaptive,180.91666666666663,0.11005906058324724,0.08839177347143383
ergo_adaptive,181.0,0.10217516336837361,0.08850035840115544
ergo_adaptive,181.08333333333337,0.10555808556789213,0.08863298533371809
ergo_adaptive,181.16666666666663,0.10701415541153154,0.08872588959042293
ergo_adaptive,181.25,0.1075009505491699,0.0887904582392954
ergo_adaptive,181.33333333333337,0.10775750547255282,0.088848691635491
ergo_adaptive,181.41666666666663,0.10796358518566615,0.08889190153464221
ergo_adaptive,181.5,0.10822527622637154,0.0889220211486911
ergo_adaptive,181.58333333333337,0.10839285893249712,0.08892619056390268
ergo_adaptive,181.66666666666663,0.10855191294969158,0.08890672591103387
ergo_adaptive,181.75,0.10869229074290279,0.08889148380466975
ergo_adaptive,181.83333333333337,0.10880848171402516,0.0888986068844871
ergo_adaptive,181.91666666666663,0.1089354484319259,0.08889876960244227
ergo_adaptive,182.0,0.10903128513705733,0.08886101875766673
ergo_adaptive,182.08333333333337,0.10910931248140493,0.08881701585303721
ergo_adaptive,182.16666666666663,0.1092110330020324,0.08882439015805908
ergo_adaptive,182.25,0.1091943537632294,0.08884719707781599
ergo_adaptive,182.33333333333337,0.1094287145395326,0.08879092345898358
ergo_adaptive,182.41666666666663,0.10940661350503367,0.08870226920704746
ergo_adaptive,182.5,0.10934543481958409,0.08865354863668468
ergo_adaptive,182.58333333333337,0.10964810410506637,0.08864580057917229
ergo_adaptive,182.66666666666663,0.10979078511302064,0.08860481005611619
ergo_adaptive,182.75,0.10965898520055985,0.088527349206801
ergo_adaptive,182.83333333333337,0.10979115121423925,0.08846143693418405
ergo_adaptive,182.91666666666663,0.10995098990771064,0.08842973994218828
ergo_adaptive,183.0,0.1101509366029902,0.08840744128596768
ergo_adaptive,183.08333333333337,0.11030151624725232,0.08837251489593671
ergo_adaptive,183.16666666666663,0.11030082125314054,0.08833809335202256
ergo_adaptive,183.25,0.11054668000734791,0.08832892902813475
ergo_adaptive,183.33333333333337,0.11051067007578952,0.08834255319375628
ergo_adaptive,183.41666666666663,0.11058463973221888,0.08835425304347695
ergo_adaptive,183.5,0.11085872913719474,0.08836124608250541
ergo_adaptive,183.58333333333337,0.11107280739807887,0.08838813138275345
ergo_adaptive,183.66666666666663,0.11094003182703736,0.08844957917973226
ergo_adaptive,183.75,0.11118637125093404,0.08851735328346039
ergo_adaptive,183.83333333333337,0.11143217427127894,0.0885868707539868
ergo_adaptive,183.91666666666663,0.111753052231506,0.08866173744788407
ergo_adaptive,184.0,0.11179905443811021,0.08876991859991143
ergo_adaptive,184.08333333333337,0.11208825058420159,0.08886182190992768
ergo_adaptive,184.16666666666663,0.11239422271193804,0.08890214691164561
ergo_adaptive,184.25,0.11237349458426127,0.088919488057722
ergo_adaptive,184.33333333333337,0.11254905016737814,0.08898072591734835
ergo_adaptive,184.41666666666663,0.11268367716199977,0.08905000859189421
ergo_adaptive,184.5,0.11262804768753527,0.08903728079704296
ergo_adaptive,184.58333333333337,0.113205462508152,0.08899151651254235
ergo_adaptive,184.66666666666663,0.11303420460101499,0.08898745525400545
ergo_adaptive,184.75,0.1131369524795563,0.08903347753424098
ergo_adaptive,184.83333333333337,0.11304473054874463,0.08902199900707382
ergo_adaptive,184.91666666666663,0.11371420981091011,0.08895907171068249
ergo_adaptive,185.0,0.11333221286688744,0.08891516713878539
ergo_adaptive,185.08333333333337,0.1137100678017191,0.08893168196246716
ergo_adaptive,185.16666666666663,0.11361810091641424,0.08892925813796898
ergo_adaptive,185.25,0.1134083459127271,0.08886274999029116
ergo_adaptive,185.33333333333337,0.1134420523937079,0.0887904209796594
ergo_adaptive,185.41666666666663,0.11379860667307756,0.0887759507976599
ergo_adaptive,185.5,0.11392569963498973,0.08877969504284165
ergo_adaptive,185.58333333333337,0.11391117914343572,0.08871383132932381
ergo_adaptive,185.66666666666663,0.11343550463736972,0.08861778135004976
ergo_adaptive,185.75,0.11344337629558142,0.08856808190415634
ergo_adaptive,185.83333333333337,0.11324381897849863,0.08857189846989326
ergo_adaptive,185.91666666666663,0.11331130379309154,0.0885126976482802
ergo_adaptive,186.0,0.1129594752894739,0.08839846557524804
ergo_adaptive,186.08333333333337,0.11267217530951751,0.08831007921120834
ergo_adaptive,186.16666666666663,0.11327466691104866,0.08830024230106567
ergo_adaptive,186.25,0.11280845897341303,0.08825304235949252
ergo_adaptive,186.33333333333337,0.11367901643032471,0.08812786586309895
ergo_adaptive,186.41666666666663,0.11389810037591573,0.08800152661435781
ergo_adaptive,186.5,0.11380906054809282,0.08795766347666238
ergo_adaptive,186.58333333333337,0.11403687318677753,0.08792495522317394
ergo_adaptive,186.66666666666663,0.11389262305619263,0.08779686320587743
ergo_adaptive,186.75,0.11450058631200548,0.08763753481425286
ergo_adaptive,186.83333333333337,0.11422359823727113,0.08754537472423785
ergo_adaptive,186.91666666666663,0.11377843822065103,0.08752140571707437
ergo_adaptive,187.0,0.11309856172171888,0.08740347241044852
ergo_adaptive,187.08333333333337,0.11248895229857882,0.08722475365531333
ergo_adaptive,187.16666666666663,0.11254287124192956,0.0870873253340652
ergo_adaptive,187.25,0.11261727001465667,0.08705201452586733
ergo_adaptive,187.33333333333337,0.11340848121060097,0.08696594619238901
ergo_adaptive,187.41666666666663,0.11369547557927223,0.08679796076531482
ergo_adaptive,187.5,0.11379004775710469,0.08663743571305874
ergo_adaptive,187.58333333333337,0.11349672065456937,0.08657811466446329
ergo_adaptive,187.66666666666663,0.11314384857583006,0.08652760654747907
ergo_adaptive,187.75,0.11252889737856023,0.08638671105883979
ergo_adaptive,187.83333333333337,0.11250823680247793,0.08622312746650461
ergo_adaptive,187.91666666666663,0.11267915841766896,0.08613118035743361
ergo_adaptive,188.0,0.1123169920129561,0.08610408593233605
ergo_adaptive,188.08333333333337,0.11279352824679331,0.08599429953651022
ergo_adaptive,188.16666666666663,0.11246019180047481,0.0858304337720538
ergo_adaptive,188.25,0.11216209004322494,0.08570628753094398
ergo_adaptive,188.33333333333337,0.11184113369185687,0.08566553120451133
ergo_adaptive,188.41666666666663,0.1119246306293243,0.08558199943044308
ergo_adaptive,188.5,0.11239573247280812,0.08542431379714309
ergo_adaptive,188.58333333333337,0.1128746404099765,0.08526673170483144
ergo_adaptive,188.66666666666663,0.11217906822714374,0.08518109644111577
ergo_adaptive,188.75,0.11289228704343426,0.08510315170252923
ergo_adaptive,188.83333333333337,0.11370032277013964,0.08493898268929742
ergo_adaptive,188.91666666666663,0.11255370560769985,0.08473945328258477
ergo_adaptive,189.0,0.11254010187472498,0.08460327690374307
ergo_adaptive,189.08333333333337,0.1125595563334741,0.08451260933357453
ergo_adaptive,189.16666666666663,0.11232050327883057,0.0843739437977599
ergo_adaptive,189.25,0.11281818888661202,0.08452134221204716
ergo_adaptive,189.33333333333337,0.11362371036546016,0.08484958531887488
ergo_adaptive,189.41666666666663,0.11369771614095606,0.08520837167333375
ergo_adaptive,189.5,0.1147293051206687,0.08554769571030749
ergo_adaptive,189.58333333333337,0.11510437791161564,0.08586279595275431
ergo_adaptive,189.66666666666663,0.11583156726900792,0.08616082135482726
ergo_adaptive,189.75,0.11578110471245716,0.08643351755163643
ergo_adaptive,189.83333333333337,0.11648215094387013,0.08666543544352326
ergo_adaptive,189.91666666666663,0.11619285605319832,0.08686289918335606
ergo_adaptive,190.0,0.11626913358137025,0.0870532345489012
ergo_adaptive,190.08333333333337,0.1161651369655511,0.0872406374497724
ergo_adaptive,190.16666666666663,0.11607845600876009,0.08740007554859956
ergo_adaptive,190.25,0.11566833186777077,0.0875263179690584
ergo_adaptive,190.33333333333337,0.11622157671565915,0.08765086182576481
ergo_adaptive,190.41666666666663,0.11768871455149159,0.08779991776112464
ergo_adaptive,190.5,0.11802891015320452,0.08792392441811644
ergo_adaptive,190.58333333333337,0.11710692321259693,0.08800151634797998
ergo_adaptive,190.66666666666663,0.11727942050291795,0.08806271956323146
ergo_adaptive,190.75,0.11805974083390518,0.08814455377015683
ergo_adaptive,190.83333333333337,0.11875463158069176,0.08822136962922937
ergo_adaptive,190.91666666666663,0.11857098975387809,0.08826144451356877
ergo_adaptive,191.0,0.11944069242850917,0.08827630027737489
ergo_adaptive,191.08333333333337,0.11870128680719512,0.08829301151678808
ergo_adaptive,191.16666666666663,0.11885602798137107,0.08832931833931333
ergo_adaptive,191.25,0.11920385180633103,0.0883879065052547
ergo_adaptive,191.33333333333337,0.1183251270917931,0.0884427665784032
ergo_adaptive,191.41666666666663,0.11818752349983114,0.08846968480568777
ergo_adaptive,191.5,0.11852177253310857,0.08847730695089945
ergo_adaptive,191.58333333333337,0.11887264380525009,0.08847665750674749
ergo_adaptive,191.66666666666663,0.12007227153178916,0.08848146381084777
ergo_adaptive,191.75,0.1197501858864166,0.08852189777831358
ergo_adaptive,191.83333333333337,0.11907427242898347,0.08857599905172342
ergo_adaptive,191.91666666666663,0.11809825385263259,0.08856659668689791
ergo_adaptive,192.0,0.11830376402662196,0.0885086011166816
ergo_adaptive,192.08333333333337,0.11741616442390718,0.08844962675873337
ergo_adaptive,192.16666666666663,0.11759613027958966,0.08842803585290168
ergo_adaptive,192.25,0.1169551700235002,0.0884754261236217
ergo_adaptive,192.33333333333337,0.1167334734976108,0.08854780205979411
ergo_adaptive,192.41666666666663,0.11697739957777692,0.08852658279829465
ergo_adaptive,192.5,0.1166666031333197,0.08844848964966523
ergo_adaptive,192.58333333333337,0.1179230479984481,0.08837276186166883
ergo_adaptive,192.66666666666663,0.11769378847870854,0.0883359435204096
ergo_adaptive,192.75,0.11829212564185376,0.08836705488926659
ergo_adaptive,192.83333333333337,0.11871048805436722,0.08844404842550627
ergo_adaptive,192.91666666666663,0.11799282382247686,0.08844452381958381
ergo_adaptive,193.0,0.11764213651972408,0.0883789703979835
ergo_adaptive,193.08333333333337,0.11709079372498002,0.08830794077029919
ergo_adaptive,193.16666666666663,0.11579988515537588,0.08827201255246524
ergo_adaptive,193.25,0.11702695711460731,0.088302016160619
ergo_adaptive,193.33333333333337,0.11723811952915741,0.08838518020195675
ergo_adaptive,193.41666666666663,0.118081003653316,0.08839299252559198
ergo_adaptive,193.5,0.11795398109368138,0.08833081641849884
ergo_adaptive,193.58333333333337,0.11851696194646218,0.08826175886528119
ergo_adaptive,193.66666666666663,0.11775866064146197,0.08821995256964407
ergo_adaptive,193.75,0.11893583645940682,0.08821533875399455
ergo_adaptive,193.83333333333337,0.11767685549401168,0.08823089301695752
ergo_adaptive,193.91666666666663,0.11686407072714897,0.0882311994365039
ergo_adaptive,194.0,0.11766045734957932,0.08821418949625179
ergo_adaptive,194.08333333333337,0.11781593481514181,0.08821575280700249
ergo_adaptive,194.16666666666663,0.11863529855244445,0.08822465550020318
ergo_adaptive,194.25,0.11890019044822331,0.08821404849575942
ergo_adaptive,194.33333333333337,0.12013197675992265,0.08819122020417615
ergo_adaptive,194.41666666666663,0.11891878197863903,0.08817835386318981
ergo_adaptive,194.5,0.11951321063409374,0.08819533624765398
ergo_adaptive,194.58333333333337,0.121479386289826,0.0882556197924075
ergo_adaptive,194.66666666666663,0.12250889652470613,0.08831032570063233
ergo_adaptive,194.75,0.1237189895797694,0.08831126311405538
ergo_adaptive,194.83333333333337,0.12490304393950723,0.08828786218660262
ergo_adaptive,194.91666666666663,0.12863164200775365,0.08827728578036555
ergo_adaptive,195.0,0.12201194647962744,0.08829245775449326
ergo_adaptive,195.08333333333337,0.10942123872790775,0.08833600292777362
ergo_adaptive,195.16666666666663,0.10392383103071351,0.08839599069327161
ergo_adaptive,195.25,0.101259198627454,0.08848330994082577
ergo_adaptive,195.33333333333337,0.10050962652071424,0.08862123145134113
ergo_adaptive,195.41666666666663,0.09905278020836861,0.088788178017933
ergo_adaptive,195.5,0.10107129091647986,0.0888979659182467
ergo_adaptive,195.58333333333337,0.10085066014207754,0.08896787176329231
ergo_adaptive,195.66666666666663,0.10265797198683047,0.08905872731461097
ergo_adaptive,195.75,0.10273666769259993,0.0891995936669979
ergo_adaptive,195.83333333333337,0.10310143741035495,0.08930704715133127
ergo_adaptive,195.91666666666663,0.1022629273927676,0.08936826345689017
ergo_adaptive,196.0,0.10353865055417057,0.08943109128615151
ergo_adaptive,196.08333333333337,0.1052377066450076,0.08951865100442478
ergo_adaptive,196.16666666666663,0.10540278947170094,0.0896192357506182
ergo_adaptive,196.25,0.10392728330434735,0.08971289036791819
ergo_adaptive,196.33333333333337,0.1033498933656004,0.0898030465633205
ergo_adaptive,196.41666666666663,0.10383057191804243,0.08990461825826734
ergo_adaptive,196.5,0.10372326753268535,0.09003131123687447
ergo_adaptive,196.58333333333337,0.10378325692942876,0.09017257028925023
ergo_adaptive,196.66666666666663,0.10343790632962895,0.09029245802824153
ergo_adaptive,196.75,0.10519821718660423,0.09040972701754287
ergo_adaptive,196.83333333333337,0.103788313399532,0.09055403119831622
ergo_adaptive,196.91666666666663,0.1040661623473426,0.09071638659174867
ergo_adaptive,197.0,0.10525581542464181,0.09084903969821849
ergo_adaptive,197.08333333333337,0.10503397422737494,0.09096293878783425
ergo_adaptive,197.16666666666663,0.10482464582404392,0.09108979603081122
ergo_adaptive,197.25,0.10542513106176997,0.09123838349516268
ergo_adaptive,197.33333333333337,0.10576309928728113,0.09140448957360926
ergo_adaptive,197.41666666666663,0.10571125233399793,0.09157547887089067
ergo_adaptive,197.5,0.10522732384756918,0.09174989870968052
ergo_adaptive,197.58333333333337,0.10466741942734115,0.09193833906900017
ergo_adaptive,197.66666666666663,0.10526300866223613,0.0921565984481656
ergo_adaptive,197.75,0.10441262359263069,0.09237098624100638
ergo_adaptive,197.83333333333337,0.10476143648158347,0.0925569063477317
ergo_adaptive,197.91666666666663,0.10494151854804083,0.09274411651308954
ergo_adaptive,198.0,0.10512926176523371,0.09294593892546059
ergo_adaptive,198.08333333333337,0.10468019774309426,0.09316429413973054
ergo_adaptive,198.16666666666663,0.10494776684331487,0.09338665702331575
ergo_adaptive,198.25,0.1045331835233874,0.09361066186388159
ergo_adaptive,198.33333333333337,0.10380515970006242,0.09384686808909129
ergo_adaptive,198.41666666666663,0.10422411770532973,0.09409293453561386
ergo_adaptive,198.5,0.1046716933916676,0.09435023808361842
ergo_adaptive,198.58333333333337,0.10505275282293737,0.09461807244874056
ergo_adaptive,198.66666666666663,0.10535838180603743,0.09488411161960363
ergo_adaptive,198.75,0.10475161360772323,0.09516320235836598
ergo_adaptive,198.83333333333337,0.10514496579309084,0.09545525795349111
ergo_adaptive,198.91666666666663,0.10581832985512976,0.09575069633901678
ergo_adaptive,199.0,0.10621595967012368,0.09604925804862566
ergo_adaptive,199.08333333333337,0.10589823457150814,0.09635258865032242
ergo_adaptive,199.16666666666663,0.10605572601246226,0.09666651993589817
ergo_adaptive,199.25,0.10659511132433497,0.09698280372649111
ergo_adaptive,199.33333333333337,0.10680657007886361,0.09730097894189797
ergo_adaptive,199.41666666666663,0.10694194705997477,0.09762219868579762
ergo_adaptive,199.5,0.10691265240705657,0.0979453096589604
ergo_adaptive,199.58333333333337,0.10738741801832205,0.09826549681244524
ergo_adaptive,199.66666666666663,0.10780381528425287,0.09858151662639693
ergo_adaptive,199.75,0.10847526050025523,0.09889282456983108
ergo_adaptive,199.83333333333337,0.10886611355055965,0.0991996890068517
ergo_adaptive,199.91666666666663,0.10932477046670731,0.0995018931372213
ergo_adaptive,200.0,0.10944289462393401,0.09979919094573815
ergo_adaptive,200.08333333333337,0.10907961978644957,0.10009027767771456
ergo_adaptive,200.16666666666663,0.10955814666867877,0.10038357313953275
ergo_adaptive,200.25,0.1099267373674874,0.10065144130481794
ergo_adaptive,200.33333333333337,0.10996098366357462,0.10088050368641951
ergo_adaptive,200.41666666666663,0.10875042217624076,0.10108385936888797
ergo_adaptive,200.5,0.11028050191727908,0.10128716055370177
ergo_adaptive,200.58333333333337,0.1100328635501633,0.10149460817482557
ergo_adaptive,200.66666666666663,0.11089848520762922,0.1016805596712014
ergo_adaptive,200.75,0.11100793555802309,0.10185213562591207
ergo_adaptive,200.83333333333337,0.11185332168908017,0.10202901616781158
ergo_adaptive,200.91666666666663,0.11137620859949453,0.1022173190664322
ergo_adaptive,201.0,0.11161504416843035,0.10238756505241563
ergo_adaptive,201.08333333333337,0.11192412206716312,0.10253845373107072
ergo_adaptive,201.16666666666663,0.11236119550547025,0.1026835924297958
ergo_adaptive,201.25,0.11259541093867625,0.10283677173951498
ergo_adaptive,201.33333333333337,0.11183020930300396,0.10298182208752582
ergo_adaptive,201.41666666666663,0.11191482261044321,0.10310952501202411
ergo_adaptive,201.5,0.11191528598165207,0.10322781327637308
ergo_adaptive,201.58333333333337,0.11247981560962483,0.10334538981786415
ergo_adaptive,201.66666666666663,0.11134455746644184,0.10346706958999244
ergo_adaptive,201.75,0.11197418256232312,0.1035844822663185
ergo_adaptive,201.83333333333337,0.1132532038147802,0.10368886028228833
ergo_adaptive,201.91666666666663,0.113776994829342,0.10378685074612329
ergo_adaptive,202.0,0.11389590491245352,0.10389788423896668
ergo_adaptive,202.08333333333337,0.11372736847482215,0.10400294559576845
ergo_adaptive,202.16666666666663,0.11460254823903644,0.10406876639648129
ergo_adaptive,202.25,0.1140858021447495,0.10411961999417894
ergo_adaptive,202.33333333333337,0.11333573302122371,0.10417103420953586
ergo_adaptive,202.41666666666663,0.11282074926057652,0.10422940498459266
ergo_adaptive,202.5,0.1116533500880748,0.1042925655247808
ergo_adaptive,202.58333333333337,0.11113740171774639,0.1043443975848589
ergo_adaptive,202.66666666666663,0.11121723104951618,0.10438719640313623
ergo_adaptive,202.75,0.11199141152123943,0.10442958705406805
ergo_adaptive,202.83333333333337,0.11157374747129373,0.10448224235319285
ergo_adaptive,202.91666666666663,0.11203968951666995,0.10451568891620529
ergo_adaptive,203.0,0.11174636596715568,0.1045162338884855
ergo_adaptive,203.08333333333337,0.11102562464962035,0.10451053187499426
ergo_adaptive,203.16666666666663,0.11054934383634106,0.1045123470731396
ergo_adaptive,203.25,0.11124426880349997,0.10453006551423262
ergo_adaptive,203.33333333333337,0.11158490399988126,0.10456414827570132
ergo_adaptive,203.41666666666663,0.11132800833416837,0.10456763811460665
ergo_adaptive,203.5,0.11129689358725789,0.10453938446856452
ergo_adaptive,203.58333333333337,0.11185784829061103,0.10450581984520482
ergo_adaptive,203.66666666666663,0.11148305169577383,0.10447744287021313
ergo_adaptive,203.75,0.11121737468796596,0.1044475516432375
ergo_adaptive,203.83333333333337,0.11003191800936553,0.10441276917551244
ergo_adaptive,203.91666666666663,0.10941621567308013,0.10437949848617975
ergo_adaptive,204.0,0.10949280325025874,0.10434024378283449
ergo_adaptive,204.08333333333337,0.10850261523025136,0.10430796711014227
ergo_adaptive,204.16666666666663,0.108418365151806,0.10427195009917331
ergo_adaptive,204.25,0.10716187814663981,0.10420401286344405
ergo_adaptive,204.33333333333337,0.10661797393622349,0.1041185401617881
ergo_adaptive,204.41666666666663,0.10558495964537197,0.10403109918837139
ergo_adaptive,204.5,0.10608233557511404,0.10395170145299744
ergo_adaptive,204.58333333333337,0.1059328543984757,0.10389751133297813
ergo_adaptive,204.66666666666663,0.10600227664159032,0.10384573493861143
ergo_adaptive,204.75,0.10597006608475396,0.1037445348128316
ergo_adaptive,204.83333333333337,0.10419669794637502,0.10361044936506501
ergo_adaptive,204.91666666666663,0.10368562064836613,0.10346878377479769
ergo_adaptive,205.0,0.10358973417880347,0.10334181271477372
ergo_adaptive,205.08333333333337,0.10209731099870827,0.10324857841418046
ergo_adaptive,205.16666666666663,0.10225811731840952,0.10316561434604773
ergo_adaptive,205.25,0.10328047300020139,0.1030274106090359
ergo_adaptive,205.33333333333337,0.10069678460876501,0.10284037873075386
ergo_adaptive,205.41666666666663,0.10018903008054482,0.10264297967048487
ergo_adaptive,205.5,0.09846037094798378,0.1024604129100459
ergo_adaptive,205.58333333333337,0.09925557509471422,0.10230506125050821
ergo_adaptive,205.66666666666663,0.09705021757532996,0.10215800355471005
ergo_adaptive,205.75,0.097085914338042,0.10196456099301549
ergo_adaptive,205.83333333333337,0.09626226641354182,0.10172997155696908
ergo_adaptive,205.91666666666663,0.09667748316032164,0.10149215003132475
ergo_adaptive,206.0,0.09576495841049432,0.10125598735983685
ergo_adaptive,206.08333333333337,0.09416382306079636,0.10101019226738239
ergo_adaptive,206.16666666666663,0.09273832827571975,0.10074919096479074
ergo_adaptive,206.25,0.09096367070198484,0.10047149770958624
ergo_adaptive,206.33333333333337,0.09059542087212082,0.10020357471525573
ergo_adaptive,206.41666666666663,0.0913232396739233,0.09999283139344538
ergo_adaptive,206.5,0.09096266419198536,0.0997406850606328
ergo_adaptive,206.58333333333337,0.08857581321441114,0.09937480231419246
ergo_adaptive,206.66666666666663,0.0864104457718156,0.09895599304988043
ergo_adaptive,206.75,0.08649826763969332,0.09854817007070336
ergo_adaptive,206.83333333333337,0.08336363921541912,0.098163357805526
ergo_adaptive,206.91666666666663,0.08137156419792622,0.09777449044186648
ergo_adaptive,207.0,0.07860583147009373,0.09735217154948388
ergo_adaptive,207.08333333333337,0.07471320032975377,0.09691364286638456
ergo_adaptive,207.16666666666663,0.07356554275056831,0.09651613969849863
ergo_adaptive,207.25,0.08547084779441316,0.09616195387007055
ergo_adaptive,207.33333333333337,0.09210021177280722,0.0957933995674648
ergo_adaptive,207.41666666666663,0.09626494109986865,0.09540123323850949
ergo_adaptive,207.5,0.09659106592525056,0.09505428997017205
ergo_adaptive,207.58333333333337,0.09667872443583438,0.09478715954405197
ergo_adaptive,207.66666666666663,0.09647449828226326,0.09449329622106738
ergo_adaptive,207.75,0.09608111692805796,0.09412757662623336
ergo_adaptive,207.83333333333337,0.09673205848660815,0.09374619221420646
ergo_adaptive,207.91666666666663,0.09676830188979944,0.09340104604983475
ergo_adaptive,208.0,0.09647660576727267,0.09310694862162726
ergo_adaptive,208.08333333333337,0.09444752319200056,0.09284076099353311
ergo_adaptive,208.16666666666663,0.09513660608989238,0.0925469039066832
ergo_adaptive,208.25,0.09487772152191343,0.09222708694835696
ergo_adaptive,208.33333333333337,0.09459090877719882,0.09194254501446193
ergo_adaptive,208.41666666666663,0.09371409463662053,0.09169267696139256
ergo_adaptive,208.5,0.09443735972818304,0.09139912002627437
ergo_adaptive,208.58333333333337,0.09343237065640893,0.09106185094613403
ergo_adaptive,208.66666666666663,0.09373528537986771,0.09073082133953146
ergo_adaptive,208.75,0.09369455974072781,0.09044700446128269
ergo_adaptive,208.83333333333337,0.094302661292754,0.0902317634235745
ergo_adaptive,208.91666666666663,0.09453034577955115,0.09004121354538615
ergo_adaptive,209.0,0.0944885175496649,0.08979159093521495
ergo_adaptive,209.08333333333337,0.09559432915016657,0.089504312809309
ergo_adaptive,209.16666666666663,0.09504819632703249,0.08922912845687789
ergo_adaptive,209.25,0.09458676711303059,0.08897035205400478
ergo_adaptive,209.33333333333337,0.09344942514619568,0.08872361456962548
ergo_adaptive,209.41666666666663,0.09421279014265924,0.08848423221323108
ergo_adaptive,209.5,0.09361346345429715,0.08823642661200765
ergo_adaptive,209.58333333333337,0.09373238547480583,0.08799844978043504
ergo_adaptive,209.66666666666663,0.09411386121181527,0.08778610793664943
ergo_adaptive,209.75,0.09460005360943145,0.08756232412309005
ergo_adaptive,209.83333333333337,0.09372157614164371,0.08731038312886946
ergo_adaptive,209.91666666666663,0.09413976587754831,0.08705975829333944
ergo_adaptive,210.0,0.09400637074635682,0.08682065681515656
ergo_adaptive,210.08333333333337,0.09421851664369083,0.0865960129281719
ergo_adaptive,210.16666666666663,0.09436573462698715,0.08638796023438106
ergo_adaptive,210.25,0.09425981467064429,0.08617088908794451
ergo_adaptive,210.33333333333337,0.09391143786130747,0.08595226569695089
ergo_adaptive,210.41666666666663,0.09493150537956499,0.08576789063747779
ergo_adaptive,210.5,0.09512134169578253,0.08560282683933568
ergo_adaptive,210.58333333333337,0.094653424157033,0.08540560136307469
ergo_adaptive,210.66666666666663,0.0941218029696451,0.08518215348600798
ergo_adaptive,210.75,0.09420738937114825,0.08497754598234762
ergo_adaptive,210.83333333333337,0.09425593443511512,0.0848277523899552
ergo_adaptive,210.91666666666663,0.09462029205290741,0.0847404095207561
ergo_adaptive,211.0,0.09467318971449577,0.08465505016014649
ergo_adaptive,211.08333333333337,0.09481888454604216,0.08452516338304027
ergo_adaptive,211.16666666666663,0.09502857445232694,0.08439798027106349
ergo_adaptive,211.25,0.09519863038140544,0.08433953078315373
ergo_adaptive,211.33333333333337,0.09533710064326613,0.08428764522523487
ergo_adaptive,211.41666666666663,0.09502392253917999,0.08415766040278923
ergo_adaptive,211.5,0.09549958583223618,0.0840075733758743
ergo_adaptive,211.58333333333337,0.0959309804248054,0.0839032839436035
ergo_adaptive,211.66666666666663,0.09640837341856517,0.0838443376107983
ergo_adaptive,211.75,0.09638991292451436,0.08376987625403612
ergo_adaptive,211.83333333333337,0.09659858974711703,0.0836628759549049
ergo_adaptive,211.91666666666663,0.09621628209431646,0.08357746099289358
ergo_adaptive,212.0,0.0963764606821335,0.08354440102108703
ergo_adaptive,212.08333333333337,0.09656283637134853,0.08351600489931664
ergo_adaptive,212.16666666666663,0.09662910443769324,0.08346428365523552
ergo_adaptive,212.25,0.09675461573318739,0.08342159362944229
ergo_adaptive,212.33333333333337,0.09734214709127889,0.08341492111882633
ergo_adaptive,212.41666666666663,0.09732643141013839,0.08342910447345232
ergo_adaptive,212.5,0.09800176763095658,0.08344687207423154
ergo_adaptive,212.58333333333337,0.09797984403612929,0.08346064469613382
ergo_adaptive,212.66666666666663,0.09850587815528342,0.08349052222349933
ergo_adaptive,212.75,0.09887530298338158,0.08353924613520268
ergo_adaptive,212.83333333333337,0.09897091644637718,0.08370509624257595
ergo_adaptive,212.91666666666663,0.0992916736026857,0.083936463266234
ergo_adaptive,213.0,0.09961397597787157,0.08419987397844289
ergo_adaptive,213.08333333333337,0.1000893781820438,0.08448001880900069
ergo_adaptive,213.16666666666663,0.10022862939250804,0.08476565032028535
ergo_adaptive,213.25,0.10051298361533895,0.08506937788255961
ergo_adaptive,213.33333333333337,0.10098735703181728,0.08536352380341053
ergo_adaptive,213.41666666666663,0.10104082604151995,0.08562146247925173
ergo_adaptive,213.5,0.10191147331020495,0.08584607547878369
ergo_adaptive,213.58333333333337,0.1018837216449458,0.08604927127725026
ergo_adaptive,213.66666666666663,0.10191876588949582,0.08623078127692975
ergo_adaptive,213.75,0.10173546814753605,0.08638401305328403
ergo_adaptive,213.83333333333337,0.10246326908380453,0.08651359115731708
ergo_adaptive,213.91666666666663,0.10347769516376532,0.0866631711630833
ergo_adaptive,214.0,0.10425319525344123,0.08688630448100866
ergo_adaptive,214.08333333333337,0.10469676299519752,0.08713856263938326
ergo_adaptive,214.16666666666663,0.10576278422708434,0.08739986993119751
ergo_adaptive,214.25,0.1062010667593702,0.08764570035800039
ergo_adaptive,214.33333333333337,0.10669525934719298,0.0878629506645806
ergo_adaptive,214.41666666666663,0.10616029741705525,0.0880469639906788
ergo_adaptive,214.5,0.10648577712781956,0.08820888884989718
ergo_adaptive,214.58333333333337,0.10718115166864137,0.08840717325059438
ergo_adaptive,214.66666666666663,0.10721895619786463,0.0886248619642034
ergo_adaptive,214.75,0.10776730494774574,0.0888619517349655
ergo_adaptive,214.83333333333337,0.10865387594795017,0.089110696577667
ergo_adaptive,214.91666666666663,0.10829255053370919,0.08936389274666867
ergo_adaptive,215.0,0.10921315718832779,0.08962093733543282
ergo_adaptive,215.08333333333337,0.10964123280019478,0.08987894585273457
ergo_adaptive,215.16666666666663,0.10991729556234682,0.09013774721650794
ergo_adaptive,215.25,0.11052250221511109,0.09039502542008572
ergo_adaptive,215.33333333333337,0.11042964850676545,0.09065071912622895
ergo_adaptive,215.41666666666663,0.11082720105393086,0.0909043607040763
ergo_adaptive,215.5,0.1109259744620662,0.09115527952483782
ergo_adaptive,215.58333333333337,0.11139780854093384,0.09140533910801214
ergo_adaptive,215.66666666666663,0.1119713578509007,0.0916542296934286
ergo_adaptive,215.75,0.11230310133470864,0.09190048084037584
ergo_adaptive,215.83333333333337,0.11293741762104656,0.09214486748909281
ergo_adaptive,215.91666666666663,0.11334823408059302,0.09238885992259833
ergo_adaptive,216.0,0.1134027441913027,0.09263213932692274
ergo_adaptive,216.08333333333337,0.11334764969414798,0.09287392053934038
ergo_adaptive,216.16666666666663,0.11369946460495507,0.09311493174307194
ergo_adaptive,216.25,0.11462532845692545,0.09333858519401707
ergo_adaptive,216.33333333333337,0.11550056092913188,0.09356783691286648
ergo_adaptive,216.41666666666663,0.11537530789207287,0.09379895769885079
ergo_adaptive,216.5,0.11532990667187372,0.0940308273632717
ergo_adaptive,216.58333333333337,0.11549400340946175,0.0942633063609743
ergo_adaptive,216.66666666666663,0.11574648667219262,0.09449625024925569
ergo_adaptive,216.75,0.11660222921176301,0.09472955432397118
ergo_adaptive,216.83333333333337,0.11759556479604452,0.09496244783875184
ergo_adaptive,216.91666666666663,0.1182622674131773,0.09519546994816391
ergo_adaptive,217.0,0.11875458386826611,0.09542808249770753
ergo_adaptive,217.08333333333337,0.11950184602308125,0.09566072881081839
ergo_adaptive,217.16666666666663,0.1197995736808415,0.09589343305883463
ergo_adaptive,217.25,0.12028017326765184,0.09612542379023349
ergo_adaptive,217.33333333333337,0.11980263103520569,0.09635762040324318
ergo_adaptive,217.41666666666663,0.11952849945594252,0.09658980030369049
ergo_adaptive,217.5,0.120346740350314,0.09682120996285565
ergo_adaptive,217.58333333333337,0.12121788035788919,0.097052152388518
ergo_adaptive,217.66666666666663,0.12163107466734852,0.09728235457344725
ergo_adaptive,217.75,0.1217186166352906,0.09751158241428927
ergo_adaptive,217.83333333333337,0.12166741748932955,0.09774086347928901
ergo_adaptive,217.91666666666663,0.12214946653696958,0.09796915236524281
ergo_adaptive,218.0,0.12170307743187134,0.09819655025589728
ergo_adaptive,218.08333333333337,0.1224335084842362,0.09842269637242479
ergo_adaptive,218.16666666666663,0.1226184375203102,0.09864846522457023
ergo_adaptive,218.25,0.12322845823526281,0.09887397501082741
ergo_adaptive,218.33333333333337,0.12379157625803792,0.09909898673432739
ergo_adaptive,218.41666666666663,0.12413952312904619,0.09932368361036421
ergo_adaptive,218.5,0.12419048096047998,0.09954850465860522
ergo_adaptive,218.58333333333337,0.12385156422207048,0.09977309607406021
ergo_adaptive,218.66666666666663,0.12456831719332795,0.09999656397695462
ergo_adaptive,218.75,0.12552341287497026,0.10021966838165054
ergo_adaptive,218.83333333333337,0.12499769876429855,0.10044179168090175
ergo_adaptive,218.91666666666663,0.12613282704573794,0.10066319098478747
ergo_adaptive,219.0,0.1261909392095819,0.10088372259649019
ergo_adaptive,219.08333333333337,0.12715599077557263,0.10110395369180149
ergo_adaptive,219.16666666666663,0.1276307527207036,0.10132328753888695
ergo_adaptive,219.25,0.12798610982754913,0.10154162146038308
ergo_adaptive,219.33333333333337,0.1281162216106402,0.10175875523053911
ergo_adaptive,219.41666666666663,0.12831727117073682,0.10197502530645286
ergo_adaptive,219.5,0.1286139535823077,0.10219066720985857
ergo_adaptive,219.58333333333337,0.12868007268072484,0.10240590700703876
ergo_adaptive,219.66666666666663,0.12885737240484468,0.102620429991343
ergo_adaptive,219.75,0.12954998675559537,0.102834727149026
ergo_adaptive,219.83333333333337,0.12944415857473907,0.10304872946050778
ergo_adaptive,219.91666666666663,0.12964645128516877,0.10326214543531272
ergo_adaptive,220.0,0.12995813799664307,0.10347533698157213
ergo_adaptive,220.08333333333337,0.130532442411465,0.10368746582957394
ergo_adaptive,220.16666666666663,0.13175842676385402,0.1038986989667763
ergo_adaptive,220.25,0.13266836727958511,0.10410881559508137
ergo_adaptive,220.33333333333337,0.13292341422423196,0.10431768997161632
ergo_adaptive,220.41666666666663,0.13315342222074916,0.10452596330566155
ergo_adaptive,220.5,0.13249607367568725,0.10473316857497275
ergo_adaptive,220.58333333333337,0.1327945079330356,0.10494091816921312
ergo_adaptive,220.66666666666663,0.13301367281706283,0.1051483304959011
ergo_adaptive,220.75,0.13296943170414222,0.10535495129639065
ergo_adaptive,220.83333333333337,0.13271021430330637,0.10556076789381616
ergo_adaptive,220.91666666666663,0.13266802667426753,0.10576596019021338
ergo_adaptive,221.0,0.1335623310677685,0.10597147891637011
ergo_adaptive,221.08333333333337,0.1335340588021067,0.10617616799708673
ergo_adaptive,221.16666666666663,0.1336232093421179,0.1063797343648428
ergo_adaptive,221.25,0.1339378852765391,0.10658231766614812
ergo_adaptive,221.33333333333337,0.13379211145015044,0.10678394251397531
ergo_adaptive,221.41666666666663,0.134133116938188,0.10698497282466536
ergo_adaptive,221.5,0.13471010894191784,0.10718533393453947
ergo_adaptive,221.58333333333337,0.1352963534452535,0.10738455233264887
ergo_adaptive,221.66666666666663,0.13560723667015143,0.10758298237094477
ergo_adaptive,221.75,0.13572220336636834,0.1077805451458714
ergo_adaptive,221.83333333333337,0.13585540544022984,0.10797754599912571
ergo_adaptive,221.91666666666663,0.13686235079987175,0.10817428148975734
ergo_adaptive,222.0,0.13725626808496108,0.10836945987960124
ergo_adaptive,222.08333333333337,0.13774294311786342,0.10856315304759533
ergo_adaptive,222.16666666666663,0.1375554984972506,0.10875586492314653
ergo_adaptive,222.25,0.13769022523169167,0.10894841529102346
ergo_adaptive,222.33333333333337,0.13833276898978836,0.10914100378107874
ergo_adaptive,222.41666666666663,0.13897735721428509,0.10933243817195605
ergo_adaptive,222.5,0.13793684103190462,0.10952239855682842
ergo_adaptive,222.58333333333337,0.1379522685587211,0.1097135697117973
ergo_adaptive,222.66666666666663,0.13745055263693917,0.10990440645437234
ergo_adaptive,222.75,0.13770602793813344,0.11009340281800135
ergo_adaptive,222.83333333333337,0.13792017740812273,0.11028236475844294
ergo_adaptive,222.91666666666663,0.1382366248594975,0.11047003753437971
ergo_adaptive,223.0,0.13908563942248592,0.11065725596856874
ergo_adaptive,223.08333333333337,0.13896444833034893,0.1108433104536546
ergo_adaptive,223.16666666666663,0.13939069947110766,0.11102885614141443
ergo_adaptive,223.25,0.14010141259175937,0.11121320322077176
ergo_adaptive,223.33333333333337,0.14009955319542988,0.11139627985190749
ergo_adaptive,223.41666666666663,0.14010538143136794,0.11157939705399518
ergo_adaptive,223.5,0.14105796442069948,0.1117623742350353
ergo_adaptive,223.58333333333337,0.14152038598238323,0.11194432351193767
ergo_adaptive,223.66666666666663,0.14173135988946195,0.1121249900242971
ergo_adaptive,223.75,0.1427752364653135,0.11230493746008396
ergo_adaptive,223.83333333333337,0.14310935362097016,0.11248153659078902
ergo_adaptive,223.91666666666663,0.14277995276600708,0.11265447243090138
ergo_adaptive,224.0,0.14306886773153787,0.11282820332855242
ergo_adaptive,224.08333333333337,0.1431857069463246,0.11300272801230199
ergo_adaptive,224.16666666666663,0.14338149969663175,0.11317789672615707
ergo_adaptive,224.25,0.14421667791468915,0.11335338894314546
ergo_adaptive,224.33333333333337,0.14436376937889148,0.11352539278536733
ergo_adaptive,224.41666666666663,0.1440437587488042,0.11369522996181435
ergo_adaptive,224.5,0.14441039377367845,0.11386667896554582
ergo_adaptive,224.58333333333337,0.1447296457717669,0.11403891427696358
ergo_adaptive,224.66666666666663,0.14520410713880955,0.11421023300136114
ergo_adaptive,224.75,0.14488236558559325,0.1143776482011328
ergo_adaptive,224.83333333333337,0.1452118495252799,0.1145438779244399
ergo_adaptive,224.91666666666663,0.14573844791451118,0.11470648123486617
ergo_adaptive,225.0,0.14581556421746705,0.11484095357296296
ergo_adaptive,225.08333333333337,0.14585281028530825,0.11490706852768812
ergo_adaptive,225.16666666666663,0.1459197474951771,0.11489854708462346
ergo_adaptive,225.25,0.1456533081629442,0.11477124449337729
ergo_adaptive,225.33333333333337,0.1455199011509509,0.11452356279491131
ergo_adaptive,225.41666666666663,0.145006678090628,0.11423911159771143
ergo_adaptive,225.5,0.14453288704347597,0.11401995403619147
ergo_adaptive,225.58333333333337,0.1446323567684401,0.11383088260334535
ergo_adaptive,225.66666666666663,0.14366997618566404,0.1135403844880607
ergo_adaptive,225.75,0.14340878488284162,0.1132004077832658
ergo_adaptive,225.83333333333337,0.14413056812654793,0.11291877687155016
ergo_adaptive,225.91666666666663,0.14472192731624364,0.11271922651306063
ergo_adaptive,226.0,0.14461866037015284,0.11243577110819955
ergo_adaptive,226.08333333333337,0.14462229990745962,0.11207495160259202
ergo_adaptive,226.16666666666663,0.14606818720236497,0.11173517683878788
ergo_adaptive,226.25,0.14686409485021198,0.11146384790822449
ergo_adaptive,226.33333333333337,0.14694623807741802,0.11119035045976679
ergo_adaptive,226.41666666666663,0.14582711502444826,0.11086545476022451
ergo_adaptive,226.5,0.1438472150129527,0.11053593511782536
ergo_adaptive,226.58333333333337,0.1435773564379763,0.11025435177363455
ergo_adaptive,226.66666666666663,0.143845381142957,0.10999984702751886
ergo_adaptive,226.75,0.14451861660322138,0.10973059080274146
ergo_adaptive,226.83333333333337,0.14470795129033967,0.10945692505648759
ergo_adaptive,226.91666666666663,0.14459449264806767,0.10921206739983415
ergo_adaptive,227.0,0.1439283151565371,0.10900453064445821
ergo_adaptive,227.08333333333337,0.14324929211740775,0.10880053437242582
ergo_adaptive,227.16666666666663,0.14350138611705338,0.10858818792016592
ergo_adaptive,227.25,0.1430690659387745,0.10839708663924273
ergo_adaptive,227.33333333333337,0.14435867947974929,0.10824746024797201
ergo_adaptive,227.41666666666663,0.1442497695820343,0.10812087042483322
ergo_adaptive,227.5,0.14377458394360149,0.10798112432763042
ergo_adaptive,227.58333333333337,0.14505607650429625,0.10784396293075449
ergo_adaptive,227.66666666666663,0.14616058993823447,0.10775946908691672
ergo_adaptive,227.75,0.14603323892080933,0.10771776132900819
ergo_adaptive,227.83333333333337,0.14713255690184998,0.1076653459190228
ergo_adaptive,227.91666666666663,0.14838729228775094,0.10759451384567888
ergo_adaptive,228.0,0.14821216934052076,0.10756014022204391
ergo_adaptive,228.08333333333337,0.14376475075032596,0.10759930924923479
ergo_adaptive,228.16666666666663,0.13360531029533204,0.10763993524738451
ergo_adaptive,228.25,0.12688747360607314,0.10768979247252075
ergo_adaptive,228.33333333333337,0.12371314726059492,0.10787270693893843
ergo_adaptive,228.41666666666663,0.12084798319810013,0.10812972892046055
ergo_adaptive,228.5,0.12452192907520006,0.1084010383758317
ergo_adaptive,228.58333333333337,0.12711120125128478,0.108642828129589
ergo_adaptive,228.66666666666663,0.12934401910340837,0.10883492508612375
ergo_adaptive,228.75,0.130148313896526,0.10898679028382713
ergo_adaptive,228.83333333333337,0.1306990140318788,0.10911882315344452
ergo_adaptive,228.91666666666663,0.13077076331644785,0.10921349509226659
ergo_adaptive,229.0,0.12869641602754267,0.10924236283915394
ergo_adaptive,229.08333333333337,0.1285735761429735,0.10922690382277755
ergo_adaptive,229.16666666666663,0.12913294448073986,0.10921832873366098
ergo_adaptive,229.25,0.12893545822225266,0.10921549059094955
ergo_adaptive,229.33333333333337,0.12818098258154714,0.10917572665472094
ergo_adaptive,229.41666666666663,0.12921940166163806,0.1091089418402176
ergo_adaptive,229.5,0.12999270726339057,0.10904496588634681
ergo_adaptive,229.58333333333337,0.1299010840710479,0.10899772395665151
ergo_adaptive,229.66666666666663,0.12957345379396612,0.10895650314553261
ergo_adaptive,229.75,0.12891663129616485,0.10890463514673063
ergo_adaptive,229.83333333333337,0.1285562174032153,0.10885142531214594
ergo_adaptive,229.91666666666663,0.12791472444377566,0.1088247673598249
ergo_adaptive,230.0,0.12919383488611688,0.1088314516431184
ergo_adaptive,230.08333333333337,0.13003352083549513,0.10882232614941702
ergo_adaptive,230.16666666666663,0.12922075204625805,0.10877139349345874
ergo_adaptive,230.25,0.13009534179459448,0.10872919042605711
ergo_adaptive,230.33333333333337,0.12999352564779748,0.10874304480276802
ergo_adaptive,230.41666666666663,0.12959967170904604,0.10872880683235141
ergo_adaptive,230.5,0.1287421933852183,0.10864323461144504
ergo_adaptive,230.58333333333337,0.12834196804659448,0.10853650713290687
ergo_adaptive,230.66666666666663,0.1292004264297459,0.10845185796002883
ergo_adaptive,230.75,0.1302670081792649,0.10837464204287686
ergo_adaptive,230.83333333333337,0.12933160975323388,0.10826895230377039
ergo_adaptive,230.91666666666663,0.12928446993301043,0.10813211788799533
ergo_adaptive,231.0,0.12897563863809472,0.10798276407171975
ergo_adaptive,231.08333333333337,0.12905230398163703,0.10785786411486993
ergo_adaptive,231.16666666666663,0.12982114947781692,0.10774609500142934
ergo_adaptive,231.25,0.1299894745601735,0.10753961564307112
ergo_adaptive,231.33333333333337,0.12984549084309874,0.10725227038074818
ergo_adaptive,231.41666666666663,0.1288534485404805,0.10695496801863512
ergo_adaptive,231.5,0.12849092000808046,0.1066690649426243
ergo_adaptive,231.58333333333337,0.12907627146492606,0.10637479167855199
ergo_adaptive,231.66666666666663,0.12794896685387236,0.10606298875800628
ergo_adaptive,231.75,0.12765907756311995,0.10574552293213724
ergo_adaptive,231.83333333333337,0.1267806763983326,0.10546522019949503
ergo_adaptive,231.91666666666663,0.12749815941972006,0.10525542936908171
ergo_adaptive,232.0,0.12767937702864426,0.10503562320724878
ergo_adaptive,232.08333333333337,0.1279259350677064,0.10474651462197403
ergo_adaptive,232.16666666666663,0.1278650689729845,0.10446016326786421
ergo_adaptive,232.25,0.12793956110837934,0.10426380695660231
ergo_adaptive,232.33333333333337,0.12779075587168695,0.10408003079970883
ergo_adaptive,232.41666666666663,0.12682243495855736,0.10379540699263871
ergo_adaptive,232.5,0.12675966100925723,0.10347565194581099
ergo_adaptive,232.58333333333337,0.12715173708026742,0.10321257162938134
ergo_adaptive,232.66666666666663,0.12777368565763372,0.10300147514219833
ergo_adaptive,232.75,0.12805334395405077,0.10273675501352185
ergo_adaptive,232.83333333333337,0.1271163456049133,0.10241265499409943
ergo_adaptive,232.91666666666663,0.12653565347795545,0.10211031334406556
ergo_adaptive,233.0,0.1277112074953529,0.10186772738856881
ergo_adaptive,233.08333333333337,0.12812278138004493,0.10160639189543913
ergo_adaptive,233.16666666666663,0.12792585366008516,0.10127016142556504
ergo_adaptive,233.25,0.127725812914324,0.10092726761973055
ergo_adaptive,233.33333333333337,0.12814654409239062,0.10066570592314718
ergo_adaptive,233.41666666666663,0.12903675169170886,0.10043672334270191
ergo_adaptive,233.5,0.12756187070264996,0.10012728224879518
ergo_adaptive,233.58333333333337,0.12817032834237144,0.09978199742127272
ergo_adaptive,233.66666666666663,0.1272463289067695,0.09950918542327752
ergo_adaptive,233.75,0.12747477941360463,0.09932745382595
ergo_adaptive,233.83333333333337,0.1273421051970721,0.09904032189034377
ergo_adaptive,233.91666666666663,0.12743977841735266,0.09867597436697692
ergo_adaptive,234.0,0.1277277578470192,0.09834963579810116
ergo_adaptive,234.08333333333337,0.12806005671490056,0.09812456302261323
ergo_adaptive,234.16666666666663,0.12634303276287784,0.09785729636569061
ergo_adaptive,234.25,0.12692807181506197,0.09750734043361041
ergo_adaptive,234.33333333333337,0.12705331179398532,0.09715262951327504
ergo_adaptive,234.41666666666663,0.12786064479655787,0.09685906829710576
ergo_adaptive,234.5,0.12898046074386382,0.09657902077891087
ergo_adaptive,234.58333333333337,0.1287502541260974,0.09624872159749479
ergo_adaptive,234.66666666666663,0.12934608312288037,0.09588843755845615
ergo_adaptive,234.75,0.1294732499738528,0.09554859502306143
ergo_adaptive,234.83333333333337,0.12815238080728267,0.09526005194883405
ergo_adaptive,234.91666666666663,0.1278001806987033,0.09500116849075298
ergo_adaptive,235.0,0.1283946576796087,0.09470339731936483
ergo_adaptive,235.08333333333337,0.12799836573120882,0.09435871993799576
ergo_adaptive,235.16666666666663,0.12750456476313474,0.09402975558191312
ergo_adaptive,235.25,0.12767062741934077,0.09371787165040664
ergo_adaptive,235.33333333333337,0.12783932633747713,0.0933732771881251
ergo_adaptive,235.41666666666663,0.12689525059233195,0.09299620677820046
ergo_adaptive,235.5,0.12613161504697254,0.09261917606004404
ergo_adaptive,235.58333333333337,0.12600887955315163,0.09227809532916824
ergo_adaptive,235.66666666666663,0.12535290337814137,0.09203035651581581
ergo_adaptive,235.75,0.12711428601824767,0.09181536161243758
ergo_adaptive,235.83333333333337,0.12766463686414264,0.09147148770387362
ergo_adaptive,235.91666666666663,0.1280620812732391,0.0910523761290138
ergo_adaptive,236.0,0.12770027928614683,0.0906458429611296
ergo_adaptive,236.08333333333337,0.12647464069628198,0.09030320995537386
ergo_adaptive,236.16666666666663,0.12795944641506618,0.09004689477935732
ergo_adaptive,236.25,0.12822801973727505,0.08981767419440537
ergo_adaptive,236.33333333333337,0.12682452801865343,0.08951717212482163
ergo_adaptive,236.41666666666663,0.12609413470479766,0.0891783906765476
ergo_adaptive,236.5,0.12717505649787036,0.08887369710565278
ergo_adaptive,236.58333333333337,0.12810267922506857,0.08859445810322675
ergo_adaptive,236.66666666666663,0.12704958010797734,0.08830797448937266
ergo_adaptive,236.75,0.12655357629536557,0.08801368679171191
ergo_adaptive,236.83333333333337,0.1269826479199325,0.08773643656174679
ergo_adaptive,236.91666666666663,0.12673214344254347,0.08752864568189751
ergo_adaptive,237.0,0.12722101612231118,0.08742759750235364
ergo_adaptive,237.08333333333337,0.12745832241746402,0.08726954961453585
ergo_adaptive,237.16666666666663,0.1271394440443958,0.08700153191290592
ergo_adaptive,237.25,0.127494429590288,0.08671775705237698
ergo_adaptive,237.33333333333337,0.12646861765647155,0.08648268836046878
ergo_adaptive,237.41666666666663,0.12712506717015207,0.08628050788335412
ergo_adaptive,237.5,0.12610795237735886,0.08607546532091587
ergo_adaptive,237.58333333333337,0.12707956721950658,0.0858680788029566
ergo_adaptive,237.66666666666663,0.12699519929386954,0.08569042940890002
ergo_adaptive,237.75,0.12743655765595563,0.08559778824477943
ergo_adaptive,237.83333333333337,0.12813534272790353,0.08557621008499915
ergo_adaptive,237.91666666666663,0.12782907022302456,0.08545854632141221
ergo_adaptive,238.0,0.12750966793800464,0.08526262813318354
ergo_adaptive,238.08333333333337,0.1283142270009873,0.08508081044278087
ergo_adaptive,238.16666666666663,0.1285086118951054,0.08494017070979641
ergo_adaptive,238.25,0.1286232973733798,0.08483186202134456
ergo_adaptive,238.33333333333337,0.12838942181458124,0.08475103992978229
ergo_adaptive,238.41666666666663,0.12874664337983183,0.08467594293752158
ergo_adaptive,238.5,0.12961209717792882,0.08460678443461243
ergo_adaptive,238.58333333333337,0.12978426875966012,0.08455938668331187
ergo_adaptive,238.66666666666663,0.12908917575752737,0.0845231855480675
ergo_adaptive,238.75,0.13069239501522062,0.0844828696863545
ergo_adaptive,238.83333333333337,0.13027706653459473,0.08446091314701469
ergo_adaptive,238.91666666666663,0.13047032969708597,0.0844634206580222
ergo_adaptive,239.0,0.13066647954727567,0.08447368210690502
ergo_adaptive,239.08333333333337,0.13137658640274852,0.08448525301971728
ergo_adaptive,239.16666666666663,0.13237434229137823,0.08450217032259687
ergo_adaptive,239.25,0.13355258909093504,0.08455857305411206
ergo_adaptive,239.33333333333337,0.13352073260182865,0.08468236550358747
ergo_adaptive,239.41666666666663,0.12066332304431772,0.08483178361107524
ergo_adaptive,239.5,0.11091461422837609,0.08494853859069659
ergo_adaptive,239.58333333333337,0.10489936070873555,0.08511011067849206
ergo_adaptive,239.66666666666663,0.10224116666592797,0.08535854492663149
ergo_adaptive,239.75,0.10768103885417113,0.08565930597866225
ergo_adaptive,239.83333333333337,0.11019992409934613,0.08592825867448113
ergo_adaptive,239.91666666666663,0.11134997069142603,0.08614376091855319
ergo_adaptive,240.0,0.1118072477446544,0.08632544143259394
ergo_adaptive,240.08333333333337,0.11222466663931573,0.08649908510532209
ergo_adaptive,240.16666666666663,0.11244939870489419,0.0866617568316938
ergo_adaptive,240.25,0.11281594968263943,0.08679713852019037
ergo_adaptive,240.33333333333337,0.11279833578220098,0.08691878910339905
ergo_adaptive,240.41666666666663,0.11301337956277593,0.08705531227129511
ergo_adaptive,240.5,0.11338702040876383,0.08719735627032454
ergo_adaptive,240.58333333333337,0.1134796040351564,0.08731132652081627
ergo_adaptive,240.66666666666663,0.11366713455408277,0.0873988401969969
ergo_adaptive,240.75,0.1139411740032696,0.08749207574960563
ergo_adaptive,240.83333333333337,0.11392810220892488,0.08759639591834904
ergo_adaptive,240.91666666666663,0.11407873503518397,0.08768430941097978
ergo_adaptive,241.0,0.11451126475153302,0.08775171767553493
ergo_adaptive,241.08333333333337,0.11436430681647466,0.08781863031248495
ergo_adaptive,241.16666666666663,0.11427067438706531,0.08789933663925971
ergo_adaptive,241.25,0.11405455999766609,0.08798079761935391
ergo_adaptive,241.33333333333337,0.11448639104553075,0.08804573985335516
ergo_adaptive,241.41666666666663,0.11434700053164981,0.08810561376165321
ergo_adaptive,241.5,0.11444586748858755,0.08818236027603116
ergo_adaptive,241.58333333333337,0.11456604088017597,0.0882723037927515
ergo_adaptive,241.66666666666663,0.11445384670726012,0.08835085570961886
ergo_adaptive,241.75,0.11475127357351748,0.08841819461177074
ergo_adaptive,241.83333333333337,0.1149555527414629,0.08850200145940774
ergo_adaptive,241.91666666666663,0.11495144589549079,0.08861297822723714
ergo_adaptive,242.0,0.11470689064181555,0.08872065920027973
ergo_adaptive,242.08333333333337,0.11530689749697813,0.08880617692584275
ergo_adaptive,242.16666666666663,0.11574975903057406,0.0888993574118686
ergo_adaptive,242.25,0.11601743761769526,0.08903750472141372
ergo_adaptive,242.33333333333337,0.11657452583320367,0.08918847273651832
ergo_adaptive,242.41666666666663,0.11677872423514797,0.08930498855902931
ergo_adaptive,242.5,0.1171604602868563,0.08941824112953022
ergo_adaptive,242.58333333333337,0.1175681078893911,0.08957257683234787
ergo_adaptive,242.66666666666663,0.11753721412203842,0.0897257964605892
ergo_adaptive,242.75,0.11749640103319114,0.08985430370370792
ergo_adaptive,242.83333333333337,0.11787538850279602,0.08998667688198299
ergo_adaptive,242.91666666666663,0.11836601368457897,0.09016209701093762
ergo_adaptive,243.0,0.11843791360753528,0.09030149259639265
ergo_adaptive,243.08333333333337,0.11833929231878838,0.0903804484240103
ergo_adaptive,243.16666666666663,0.11820406580400915,0.0904532287095377
ergo_adaptive,243.25,0.11862713755257238,0.09057637288039654
ergo_adaptive,243.33333333333337,0.11843926196129136,0.09070764438817673
ergo_adaptive,243.41666666666663,0.11887586524885202,0.0907718900385953
ergo_adaptive,243.5,0.11907771389260167,0.09080941397734102
ergo_adaptive,243.58333333333337,0.11865393081611354,0.09088486957355632
ergo_adaptive,243.66666666666663,0.11855290790512585,0.09100202839067434
ergo_adaptive,243.75,0.11911593778349511,0.09106267695793001
ergo_adaptive,243.83333333333337,0.11966073194025315,0.09107483130156363
ergo_adaptive,243.91666666666663,0.11997392226477357,0.09110541176889365
ergo_adaptive,244.0,0.11912332298802787,0.09119862304005057
ergo_adaptive,244.08333333333337,0.1191321688079368,0.0912532498920968
ergo_adaptive,244.16666666666663,0.11899570354700353,0.09123560152026346
ergo_adaptive,244.25,0.11953965726663493,0.09121130938542492
ergo_adaptive,244.33333333333337,0.11996408101140844,0.09125754150539168
ergo_adaptive,244.41666666666663,0.1205234616525973,0.09130441700266666
ergo_adaptive,244.5,0.12197857825470365,0.09125983980132184
ergo_adaptive,244.58333333333337,0.12318160071266696,0.09118423489286387
ergo_adaptive,244.66666666666663,0.12280776304546132,0.09116428900995414
ergo_adaptive,244.75,0.12176176671173759,0.09120056340210567
ergo_adaptive,244.83333333333337,0.12058858531223882,0.09113873165357485
ergo_adaptive,244.91666666666663,0.12040341153635523,0.09100354121930262
ergo_adaptive,245.0,0.11953921099879421,0.09111578876998543
ergo_adaptive,245.08333333333337,0.11927872004880923,0.0913842520889572
ergo_adaptive,245.16666666666663,0.11947853764281133,0.09169115897403878
ergo_adaptive,245.25,0.12007503927912838,0.09197010505564909
ergo_adaptive,245.33333333333337,0.12190037294587999,0.09220228263806722
ergo_adaptive,245.41666666666663,0.12197538506621672,0.092392960738234
ergo_adaptive,245.5,0.12099945842813253,0.09256408203583717
ergo_adaptive,245.58333333333337,0.12090973403880226,0.09273285394270155
ergo_adaptive,245.66666666666663,0.12160571439888768,0.09289385171900637
ergo_adaptive,245.75,0.12149938834195648,0.09304427086397349
ergo_adaptive,245.83333333333337,0.12152902646794285,0.09320873160211518
ergo_adaptive,245.91666666666663,0.12262588311396302,0.09341315860527713
ergo_adaptive,246.0,0.12226968531506456,0.09361293649082028
ergo_adaptive,246.08333333333337,0.12307690355285175,0.09376846695964859
ergo_adaptive,246.16666666666663,0.12338168616899448,0.09391278534285771
ergo_adaptive,246.25,0.12402486265403422,0.09408803614778624
ergo_adaptive,246.33333333333337,0.12345586062396742,0.09427376580572702
ergo_adaptive,246.41666666666663,0.1237315762799694,0.09442574572220136
ergo_adaptive,246.5,0.1244382299523225,0.09455784108715376
ergo_adaptive,246.58333333333337,0.12416976354018348,0.09469733209278244
ergo_adaptive,246.66666666666663,0.12471311852339102,0.09485333634640535
ergo_adaptive,246.75,0.12533341285755709,0.09500709548971298
ergo_adaptive,246.83333333333337,0.1260923299486236,0.09514375652004889
ergo_adaptive,246.91666666666663,0.12654326463090868,0.09526969392354478
ergo_adaptive,247.0,0.12637811866643534,0.09540357681237639
ergo_adaptive,247.08333333333337,0.12679539929775505,0.09553621911755944
ergo_adaptive,247.16666666666663,0.12758192276657915,0.09562158569002686
ergo_adaptive,247.25,0.12705651189048225,0.09564184005934122
ergo_adaptive,247.33333333333337,0.12773297598027486,0.09563965085096357
ergo_adaptive,247.41666666666663,0.12831679979186067,0.09566616206163109
ergo_adaptive,247.5,0.12859226283238304,0.09567632457586984
ergo_adaptive,247.58333333333337,0.12924859225698931,0.095659744898018
ergo_adaptive,247.66666666666663,0.13019004361954886,0.09565967488591623
ergo_adaptive,247.75,0.13017434642545134,0.09569334477149932
ergo_adaptive,247.83333333333337,0.12969925728242185,0.0957626479886041
ergo_adaptive,247.91666666666663,0.1305756692282462,0.09587814091723383
ergo_adaptive,248.0,0.1302146951779081,0.09601524831214411
ergo_adaptive,248.08333333333337,0.13011671780638306,0.09610986788398339
ergo_adaptive,248.16666666666663,0.12982381939507132,0.0961751645143473
ergo_adaptive,248.25,0.12971415888999574,0.09626436116175284
ergo_adaptive,248.33333333333337,0.1302086964775988,0.09639835938616417
ergo_adaptive,248.41666666666663,0.1310141882896465,0.09647683407648505
ergo_adaptive,248.5,0.13043929889614367,0.0965095474574571
ergo_adaptive,248.58333333333337,0.1312701314451788,0.09655062600314053
ergo_adaptive,248.66666666666663,0.13198215122198906,0.09664032925324192
ergo_adaptive,248.75,0.13108928916916845,0.09671833842036533
ergo_adaptive,248.83333333333337,0.13031425896595958,0.09675792191177351
ergo_adaptive,248.91666666666663,0.13093727454847431,0.09679215616607276
ergo_adaptive,249.0,0.13109236021063284,0.09685606344145596
ergo_adaptive,249.08333333333337,0.1300431683730892,0.0969383563542088
ergo_adaptive,249.16666666666663,0.13002001447463382,0.09700164839066651
ergo_adaptive,249.25,0.1316021838937524,0.09705678953996746
ergo_adaptive,249.33333333333337,0.1327902195474835,0.09712978515382657
ergo_adaptive,249.41666666666663,0.13331740518109012,0.09721925376579427
ergo_adaptive,249.5,0.1350014867340733,0.09730174144443479
ergo_adaptive,249.58333333333337,0.13676362354912802,0.09736429815720417
ergo_adaptive,249.66666666666663,0.13868175646006378,0.09742729655572664
ergo_adaptive,249.75,0.14218975799288075,0.09750304059170893
ergo_adaptive,249.83333333333337,0.13016327861182866,0.0975690073710803
ergo_adaptive,249.91666666666663,0.1231798866007809,0.09761214378042196
ergo_adaptive,250.0,0.11749518034312674,0.09770573348135986
ergo_adaptive,250.08333333333337,0.11440767939314497,0.09794239762805501
ergo_adaptive,250.16666666666663,0.11193690269645491,0.09824864164875993
ergo_adaptive,250.25,0.11267192240666411,0.09856533003025592
ergo_adaptive,250.33333333333337,0.11568817463663539,0.09885970050096367
ergo_adaptive,250.41666666666663,0.11780643173139493,0.0991138095781436
ergo_adaptive,250.5,0.11916885346479866,0.09932528807576554
ergo_adaptive,250.58333333333337,0.1199339304198937,0.09950630673040924
ergo_adaptive,250.66666666666663,0.1189345075438748,0.09966747694463737
ergo_adaptive,250.75,0.11892701618263449,0.0997987287180678
ergo_adaptive,250.83333333333337,0.1193713930746244,0.09989913487558387
ergo_adaptive,250.91666666666663,0.11925475631927093,0.09999427179379068
ergo_adaptive,251.0,0.11958428172593535,0.1001100721178502
ergo_adaptive,251.08333333333337,0.11970727915430221,0.10021236211981949
ergo_adaptive,251.16666666666663,0.1194960078483579,0.1002800610107446
ergo_adaptive,251.25,0.11904788289877892,0.10033634977347688
ergo_adaptive,251.33333333333337,0.1196714631020009,0.10041134072535854
ergo_adaptive,251.41666666666663,0.12021165768864141,0.10049465147394179
ergo_adaptive,251.5,0.11958475988267132,0.10056679961794257
ergo_adaptive,251.58333333333337,0.1207666950922438,0.10063038860637881
ergo_adaptive,251.66666666666663,0.11955567148112729,0.10070175944790236
ergo_adaptive,251.75,0.11955042794154538,0.10078951754975993
ergo_adaptive,251.83333333333337,0.11963093695629036,0.10088253564886797
ergo_adaptive,251.91666666666663,0.12003315410303618,0.1009696909655784
ergo_adaptive,252.0,0.12047109354059263,0.10105537741052759
ergo_adaptive,252.08333333333337,0.12110871198995019,0.10115368278538225
ergo_adaptive,252.16666666666663,0.12116090284013674,0.10125730131382872
ergo_adaptive,252.25,0.12118926096260639,0.1013428828567751
ergo_adaptive,252.33333333333337,0.12136566871965392,0.10140637450626978
ergo_adaptive,252.41666666666663,0.12154467069895065,0.1014734991089161
ergo_adaptive,252.5,0.12146230758250694,0.10155884040698308
ergo_adaptive,252.58333333333337,0.1221308656548707,0.10163307010939068
ergo_adaptive,252.66666666666663,0.1223211383956931,0.10169670040273684
ergo_adaptive,252.75,0.12249051917738173,0.10178168938395171
ergo_adaptive,252.83333333333337,0.12235266413087299,0.1019235396782135
ergo_adaptive,252.91666666666663,0.1220158217561162,0.10204644522100137
ergo_adaptive,253.0,0.12234964693665165,0.10212913243054945
ergo_adaptive,253.08333333333337,0.12241850595714705,0.10221281370103298
ergo_adaptive,253.16666666666663,0.12277503372412497,0.10230871818652182
ergo_adaptive,253.25,0.12263525213714903,0.10239669353647639
ergo_adaptive,253.33333333333337,0.12342302869856561,0.10248406393288503
ergo_adaptive,253.41666666666663,0.12367650551128176,0.10260376656612716
ergo_adaptive,253.5,0.12416071746362574,0.1027002577246813
ergo_adaptive,253.58333333333337,0.12438439600373696,0.10274231197487345
ergo_adaptive,253.66666666666663,0.12416337765691755,0.10276036540297555
ergo_adaptive,253.75,0.12379447027025792,0.10280602397264192
ergo_adaptive,253.83333333333337,0.12400338213687993,0.10286533931727679
ergo_adaptive,253.91666666666663,0.12480860940019277,0.10287680413943345
ergo_adaptive,254.0,0.12421855814263859,0.1028547223429649
ergo_adaptive,254.08333333333337,0.12474287812162418,0.10284518966814245
ergo_adaptive,254.16666666666663,0.12503732633250714,0.10287198069629598
ergo_adaptive,254.25,0.12429931047319916,0.10286699315581202
ergo_adaptive,254.33333333333337,0.12559700232885518,0.10282112825721952
ergo_adaptive,254.41666666666663,0.12559020899719042,0.10277426272574358
ergo_adaptive,254.5,0.12677852595528868,0.10277089041842753
ergo_adaptive,254.58333333333337,0.12698780147992864,0.102759491950252
ergo_adaptive,254.66666666666663,0.12606187050707127,0.10270177205993541
ergo_adaptive,254.75,0.1260559228404809,0.10262783487944835
ergo_adaptive,254.83333333333337,0.12606844289937405,0.10259179717483033
ergo_adaptive,254.91666666666663,0.12554136722816794,0.10257560855288975
ergo_adaptive,255.0,0.12558245462218576,0.10251277689388405
ergo_adaptive,255.08333333333337,0.12482956591863889,0.10241747430498792
ergo_adaptive,255.16666666666663,0.12577103939914058,0.10234106127077058
ergo_adaptive,255.25,0.1264305908463278,0.1022791416205775
ergo_adaptive,255.33333333333337,0.1274044839165996,0.10210357508688543
ergo_adaptive,255.41666666666663,0.12594795194439853,0.10184284736132508
ergo_adaptive,255.5,0.12654401453861563,0.10160025452394097
ergo_adaptive,255.58333333333337,0.1270364933387322,0.10145042992920703
ergo_adaptive,255.66666666666663,0.12755882954750544,0.10122710338363633
ergo_adaptive,255.75,0.12733493777975483,0.10089762481687492
ergo_adaptive,255.83333333333337,0.12708097762043066,0.10057093106229534
ergo_adaptive,255.91666666666663,0.1270931635549976,0.10036007056923063
ergo_adaptive,256.0,0.1271125746293547,0.10015607508985237
ergo_adaptive,256.08333333333337,0.12696661079072957,0.09982514679698584
ergo_adaptive,256.16666666666663,0.12644676842033933,0.09945159560815232
ergo_adaptive,256.25,0.12703883187060155,0.09916613740604463
ergo_adaptive,256.33333333333337,0.1258132380182465,0.0989615173836304
ergo_adaptive,256.41666666666663,0.1249035965430674,0.09865388082430013
ergo_adaptive,256.5,0.1253377556602214,0.09828611517227542
ergo_adaptive,256.58333333333337,0.12544642721873328,0.09796653273620143
ergo_adaptive,256.66666666666663,0.12400265799927053,0.09777164170312076
ergo_adaptive,256.75,0.12533888655209574,0.09754456786346785
ergo_adaptive,256.83333333333337,0.12497537324263541,0.09721137745487853
ergo_adaptive,256.91666666666663,0.12591105410305492,0.09687326331029279
ergo_adaptive,257.0,0.12506815463984985,0.09664006877422905
ergo_adaptive,257.08333333333337,0.12631353192342912,0.09644255063548654
ergo_adaptive,257.16666666666663,0.12664189685024516,0.09614216060899153
ergo_adaptive,257.25,0.1258219141051182,0.09580031715722363
ergo_adaptive,257.33333333333337,0.12643080938002157,0.09552202343332016
ergo_adaptive,257.41666666666663,0.1278403550524137,0.09530151665201506
ergo_adaptive,257.5,0.12678175431107597,0.0950257663257806
ergo_adaptive,257.58333333333337,0.12673701745144256,0.09469933523526147
ergo_adaptive,257.66666666666663,0.12522018468033522,0.09438038216122559
ergo_adaptive,257.75,0.12429927197034443,0.09410773075588362
ergo_adaptive,257.83333333333337,0.12482137834629767,0.09388099158020306
ergo_adaptive,257.91666666666663,0.12503120362045594,0.09366270490673767
ergo_adaptive,258.0,0.1246367899934475,0.09341953856067327
ergo_adaptive,258.08333333333337,0.12508103674208942,0.09315465817400531
ergo_adaptive,258.16666666666663,0.1252400655947911,0.09287725093566195
ergo_adaptive,258.25,0.1256266238421631,0.09259754640121504
ergo_adaptive,258.33333333333337,0.12387576561149354,0.09236838117893768
ergo_adaptive,258.41666666666663,0.12368899844217848,0.09224013945902627
ergo_adaptive,258.5,0.12382639964702451,0.09201315544431964
ergo_adaptive,258.58333333333337,0.12363216277150478,0.09165569977251413
ergo_adaptive,258.66666666666663,0.1255543325952708,0.09127876870609947
ergo_adaptive,258.75,0.12417261108065186,0.09095677647546094
ergo_adaptive,258.83333333333337,0.1254629839483812,0.09066582279215239
ergo_adaptive,258.91666666666663,0.12450154287583752,0.09036300844812968
ergo_adaptive,259.0,0.12342148903376302,0.09005736955912669
ergo_adaptive,259.08333333333337,0.12280754278957356,0.08978706317280416
ergo_adaptive,259.16666666666663,0.12370759605890899,0.08958940520035392
ergo_adaptive,259.25,0.12299684929055388,0.08942959882179147
ergo_adaptive,259.33333333333337,0.12392239633561826,0.08922110293424004
ergo_adaptive,259.41666666666663,0.12505615630234648,0.08898480596427108
ergo_adaptive,259.5,0.12471650164487315,0.0888037864076982
ergo_adaptive,259.58333333333337,0.12594744041867126,0.08867329893027703
ergo_adaptive,259.66666666666663,0.12764876738992492,0.08848872224455241
ergo_adaptive,259.75,0.12790988101243422,0.08825127069527004
ergo_adaptive,259.83333333333337,0.1257963786435909,0.08804148688009414
ergo_adaptive,259.91666666666663,0.12529511055734957,0.08788476046903541
ergo_adaptive,260.0,0.126358711908807,0.08777371651542751
ergo_adaptive,260.08333333333337,0.1268719060759343,0.08766667985801818
ergo_adaptive,260.16666666666663,0.12652219761489888,0.08755271240333456
ergo_adaptive,260.25,0.12755363758724322,0.08748175003848997
ergo_adaptive,260.33333333333337,0.12679732982017744,0.08750930718327964
ergo_adaptive,260.41666666666663,0.12839725026947552,0.0875293397708777
ergo_adaptive,260.5,0.12880527410253548,0.08746176760952856
ergo_adaptive,260.58333333333337,0.12837758047588432,0.08738208148064422
ergo_adaptive,260.66666666666663,0.12947533068666509,0.08736254555841652
ergo_adaptive,260.75,0.12194286990214331,0.08739041746890303
ergo_adaptive,260.83333333333337,0.10891958688654489,0.0874251465863467
ergo_adaptive,260.91666666666663,0.10075584158245274,0.08754429178337167
ergo_adaptive,261.0,0.09585350228706882,0.08779620671364945
ergo_adaptive,261.08333333333337,0.0926966577945002,0.08813211174820308
ergo_adaptive,261.16666666666663,0.09738196500738765,0.08848381685493364
ergo_adaptive,261.25,0.10134652468611399,0.08877913729360504
ergo_adaptive,261.33333333333337,0.10400722381897018,0.08900794288583326
ergo_adaptive,261.41666666666663,0.10566827019847168,0.08918474048429229
ergo_adaptive,261.5,0.10656841278626024,0.08933797373823046
ergo_adaptive,261.58333333333337,0.10578186571170077,0.08950741749003087
ergo_adaptive,261.66666666666663,0.10601199198769974,0.0897048716369027
ergo_adaptive,261.75,0.10646385822654031,0.08983296453242913
ergo_adaptive,261.83333333333337,0.10679634790849311,0.08989718917254261
ergo_adaptive,261.91666666666663,0.10745355448104968,0.0899388696820277
ergo_adaptive,262.0,0.10747374954210738,0.08999546588772098
ergo_adaptive,262.08333333333337,0.10816348954886348,0.09009786136886415
ergo_adaptive,262.16666666666663,0.1083558388986501,0.09023600466933131
ergo_adaptive,262.25,0.10839694827696413,0.09030772996301688
ergo_adaptive,262.33333333333337,0.10884118121978613,0.09031546416582482
ergo_adaptive,262.41666666666663,0.10847181405816406,0.09030779953424053
ergo_adaptive,262.5,0.10873830880584842,0.09031510382003147
ergo_adaptive,262.58333333333337,0.10781000730271391,0.09034052530095912
ergo_adaptive,262.66666666666663,0.10967452869480368,0.0903777209372934
ergo_adaptive,262.75,0.10947466369218378,0.09040283795496064
ergo_adaptive,262.83333333333337,0.10884696143197374,0.09042487545684871
ergo_adaptive,262.91666666666663,0.10929251282095928,0.09048139746352732
ergo_adaptive,263.0,0.11006221252183189,0.09054492289500388
ergo_adaptive,263.08333333333337,0.11010767952847567,0.0905561446934069
ergo_adaptive,263.16666666666663,0.10925508403485165,0.0905277018174352
ergo_adaptive,263.25,0.10838174215781109,0.09050147491998023
ergo_adaptive,263.33333333333337,0.10840866102105061,0.09050666288182134
ergo_adaptive,263.41666666666663,0.10879226783468977,0.09054843429053679
ergo_adaptive,263.5,0.1099462591833278,0.0905869825860827
ergo_adaptive,263.58333333333337,0.10951390676674536,0.09057791839921815
ergo_adaptive,263.66666666666663,0.10913375902191917,0.0905561051174166
ergo_adaptive,263.75,0.10958010919989,0.09055620149253639
ergo_adaptive,263.83333333333337,0.1095912262866859,0.0905480077828079
ergo_adaptive,263.91666666666663,0.10953719275986987,0.09049772908700501
ergo_adaptive,264.0,0.10996328016227427,0.0904204402534678
ergo_adaptive,264.08333333333337,0.11049209108011228,0.09035031323345442
ergo_adaptive,264.16666666666663,0.11150128379294746,0.09031046871178393
ergo_adaptive,264.25,0.11193360647506302,0.09028164963578802
ergo_adaptive,264.33333333333337,0.11124982301681127,0.09021692977668996
ergo_adaptive,264.41666666666663,0.11137219444843438,0.09011978115385595
ergo_adaptive,264.5,0.10989975971005296,0.09005838115306321
ergo_adaptive,264.58333333333337,0.11008024673095826,0.09006610508877501
ergo_adaptive,264.66666666666663,0.11086517638704473,0.08999545514177684
ergo_adaptive,264.75,0.11165750537865465,0.08984869302153024
ergo_adaptive,264.83333333333337,0.11124495891899466,0.08971282515691738
ergo_adaptive,264.91666666666663,0.11141443885964233,0.0896445414368876
ergo_adaptive,265.0,0.11087961300045872,0.08959283608422454
ergo_adaptive,265.08333333333337,0.11021889118619477,0.08950326472326062
ergo_adaptive,265.16666666666663,0.11075991682616705,0.08941180943063826
ergo_adaptive,265.25,0.11228436617198292,0.08935891516158431
ergo_adaptive,265.33333333333337,0.11268041536771044,0.08933635415078572
ergo_adaptive,265.41666666666663,0.1124989287509198,0.08930891532318899
ergo_adaptive,265.5,0.11286843516103781,0.08926875640781791
ergo_adaptive,265.58333333333337,0.11212902560844674,0.08924357382251483
ergo_adaptive,265.66666666666663,0.11191323053321696,0.08924364812222851
ergo_adaptive,265.75,0.11296653761285144,0.08924125965326192
ergo_adaptive,265.83333333333337,0.11230795809615915,0.08921920307510556
ergo_adaptive,265.91666666666663,0.11140185810460343,0.08919743662715697
ergo_adaptive,266.0,0.11307642690163791,0.08919770375624912
ergo_adaptive,266.08333333333337,0.1132192201446731,0.08920511458983782
ergo_adaptive,266.16666666666663,0.11217559751464162,0.08919459872067938
ergo_adaptive,266.25,0.11182505738959359,0.08917544049432888
ergo_adaptive,266.33333333333337,0.11270676478898496,0.08917715122225364
ergo_adaptive,266.41666666666663,0.11237879510336625,0.08920170223738508
ergo_adaptive,266.5,0.11222232463497414,0.08921597976818058
ergo_adaptive,266.58333333333337,0.11290783214019001,0.08920903522375487
ergo_adaptive,266.66666666666663,0.11351275749726257,0.08921578004283164
ergo_adaptive,266.75,0.11383686784775539,0.08928350792211173
ergo_adaptive,266.83333333333337,0.11416357710021147,0.08935044401976647
ergo_adaptive,266.91666666666663,0.11485416655446418,0.08935851115571232
ergo_adaptive,267.0,0.11535618148024726,0.08935352516645043
ergo_adaptive,267.08333333333337,0.1144958439466336,0.08939995736163468
ergo_adaptive,267.16666666666663,0.11517108104114065,0.08948531188988276
ergo_adaptive,267.25,0.11477411169847983,0.08953437349365014
ergo_adaptive,267.33333333333337,0.11527222934932095,0.08956707381566317
ergo_adaptive,267.41666666666663,0.11533450159084703,0.08961332516806265
ergo_adaptive,267.5,0.11561377986149751,0.0896877239898776
ergo_adaptive,267.58333333333337,0.11592812385368667,0.08978873273772882
ergo_adaptive,267.66666666666663,0.11580880293775384,0.08990028739100803
ergo_adaptive,267.75,0.11561000260113112,0.09001791579984196
ergo_adaptive,267.83333333333337,0.11624867716346587,0.09019515131682537
ergo_adaptive,267.91666666666663,0.11674637771500232,0.09040242664915385
ergo_adaptive,268.0,0.11727001121111304,0.09063269622136955
ergo_adaptive,268.08333333333337,0.11759490898008546,0.09088676693770228
ergo_adaptive,268.16666666666663,0.1178645613029267,0.0911782613225727
ergo_adaptive,268.25,0.1182651047365241,0.09148826037932119
ergo_adaptive,268.33333333333337,0.11872918732052398,0.09180570873832875
ergo_adaptive,268.41666666666663,0.11942286526887652,0.09212451041027825
ergo_adaptive,268.5,0.11936122233998465,0.09244152634590194
ergo_adaptive,268.58333333333337,0.1193088995846339,0.09275529132081721
ergo_adaptive,268.66666666666663,0.12001466223377737,0.09306472041109624
ergo_adaptive,268.75,0.12038181443879163,0.09336918646023579
ergo_adaptive,268.83333333333337,0.12055958415970157,0.09366799751203962
ergo_adaptive,268.91666666666663,0.12064815977655638,0.09396069512669741
ergo_adaptive,269.0,0.12127482510379235,0.09424738875052668
ergo_adaptive,269.08333333333337,0.12147815900846831,0.0945284506706727
ergo_adaptive,269.16666666666663,0.1220505697258917,0.09480424354155825
ergo_adaptive,269.25,0.12242305427605944,0.09507553899225252
ergo_adaptive,269.33333333333337,0.12280924983753927,0.09534246796359017
ergo_adaptive,269.41666666666663,0.12339666333113557,0.09560561511305934
ergo_adaptive,269.5,0.12401571434665987,0.09586502859853088
ergo_adaptive,269.58333333333337,0.12379528186016155,0.09612094438632018
ergo_adaptive,269.66666666666663,0.12427436559925659,0.09637356667669644
ergo_adaptive,269.75,0.12498171733220254,0.09662320479138527
ergo_adaptive,269.83333333333337,0.12509842866027307,0.09687009745960305
ergo_adaptive,269.91666666666663,0.12541602501481852,0.09711464949349626
ergo_adaptive,270.0,0.12475439489015204,0.09735791339326805
ergo_adaptive,270.08333333333337,0.1254180728514275,0.09759891423559298
ergo_adaptive,270.16666666666663,0.12580281724081316,0.09783828145785521
ergo_adaptive,270.25,0.12664590715348725,0.0980758280591798
ergo_adaptive,270.33333333333337,0.12729570566676318,0.09831149862461401
ergo_adaptive,270.41666666666663,0.1276729563951661,0.09852848430696565
ergo_adaptive,270.5,0.1281013217819713,0.09868912499285896
ergo_adaptive,270.58333333333337,0.12814354526625768,0.09879978162154274
ergo_adaptive,270.66666666666663,0.12843203362040134,0.09886937446407157
ergo_adaptive,270.75,0.12988438777120306,0.0988878675589424
ergo_adaptive,270.83333333333337,0.1307481917471633,0.09886761281668068
ergo_adaptive,270.91666666666663,0.13127777442361457,0.09885670915156386
ergo_adaptive,271.0,0.1313166317200282,0.09887198139421506
ergo_adaptive,271.08333333333337,0.13023789652705328,0.09885609482386142
ergo_adaptive,271.16666666666663,0.1296803027128007,0.09879261145384277
ergo_adaptive,271.25,0.13017555328195898,0.0987344088445422
ergo_adaptive,271.33333333333337,0.13013019439424225,0.09873231277285441
ergo_adaptive,271.41666666666663,0.1309033128758663,0.09871675620786702
ergo_adaptive,271.5,0.13053964892694392,0.09864160153189194
ergo_adaptive,271.58333333333337,0.13164432846841506,0.09855533900108572
ergo_adaptive,271.66666666666663,0.1312549751290147,0.09853332992088089
ergo_adaptive,271.75,0.13168967702532935,0.09853564669469436
ergo_adaptive,271.83333333333337,0.1314272922814613,0.09847122789802462
ergo_adaptive,271.91666666666663,0.13146729262988077,0.098379485835506
ergo_adaptive,272.0,0.13074983653681976,0.09833085755166396
ergo_adaptive,272.08333333333337,0.1299420751391481,0.09834600601562442
ergo_adaptive,272.16666666666663,0.1297446530598223,0.09831024936059701
ergo_adaptive,272.25,0.13019205687742252,0.0982356808500961
ergo_adaptive,272.33333333333337,0.1309923324450595,0.09818991153906292
ergo_adaptive,272.41666666666663,0.13175924951727816,0.09820444739008378
ergo_adaptive,272.5,0.1306679625459327,0.0982141451500458
ergo_adaptive,272.58333333333337,0.13133534467553312,0.09818754133735628
ergo_adaptive,272.66666666666663,0.13072618938865405,0.09816348354901414
ergo_adaptive,272.75,0.132898537805647,0.09818703166821866
ergo_adaptive,272.83333333333337,0.13322316575810678,0.09823813054483717
ergo_adaptive,272.91666666666663,0.13405507281044649,0.0982603281787787
ergo_adaptive,273.0,0.13583952630164864,0.09827268489430913
ergo_adaptive,273.08333333333337,0.136327122934582,0.09831902545514636
ergo_adaptive,273.16666666666663,0.13109925646223528,0.09840393645844506
ergo_adaptive,273.25,0.11912366298564916,0.09843181605679402
ergo_adaptive,273.33333333333337,0.1128889249882222,0.09848040428230606
ergo_adaptive,273.41666666666663,0.11122886743082473,0.09867639647046184
ergo_adaptive,273.5,0.10759691241315635,0.09895761130849512
ergo_adaptive,273.58333333333337,0.11042435788403025,0.09925896773890792
ergo_adaptive,273.66666666666663,0.11286354090357735,0.09954174119314205
ergo_adaptive,273.75,0.11480539831507927,0.09979160532920672
ergo_adaptive,273.83333333333337,0.11508814781025588,0.10001148894840362
ergo_adaptive,273.91666666666663,0.11512022297545182,0.10020941221636154
ergo_adaptive,274.0,0.11510648013865964,0.10037857778221178
ergo_adaptive,274.08333333333337,0.11446665834888928,0.10051004024637372
ergo_adaptive,274.16666666666663,0.11405008908472218,0.10061742220633674
ergo_adaptive,274.25,0.11362783969403036,0.10072920235054542
ergo_adaptive,274.33333333333337,0.11381154056250925,0.10083543019238357
ergo_adaptive,274.41666666666663,0.11440007370916018,0.10089923873790453
ergo_adaptive,274.5,0.11480382922598342,0.10093405256101236
ergo_adaptive,274.58333333333337,0.11493360645148759,0.1009713944219493
ergo_adaptive,274.66666666666663,0.11530597599302994,0.10101871168588454
ergo_adaptive,274.75,0.11603522261816075,0.1010643057798227
ergo_adaptive,274.83333333333337,0.11655734437324526,0.1011023974205173
ergo_adaptive,274.91666666666663,0.11699972843492373,0.10114240896518935
ergo_adaptive,275.0,0.11758147066728157,0.10119819098264943
ergo_adaptive,275.08333333333337,0.11822930228765063,0.10126817458231197
ergo_adaptive,275.16666666666663,0.11846476162384718,0.10132965983473222
ergo_adaptive,275.25,0.11788629384684571,0.10137792944455559
ergo_adaptive,275.33333333333337,0.11765433828928464,0.10143627953502482
ergo_adaptive,275.41666666666663,0.11758375375438518,0.10152810960840004
ergo_adaptive,275.5,0.11758568931243704,0.10159619468522846
ergo_adaptive,275.58333333333337,0.11728195260762034,0.10161185702311887
ergo_adaptive,275.66666666666663,0.11795019918829303,0.10161135400962193
ergo_adaptive,275.75,0.11770402736668222,0.10165569330107252
ergo_adaptive,275.83333333333337,0.11798337403298774,0.10170251945799305
ergo_adaptive,275.91666666666663,0.1181605199377281,0.10170999848791126
ergo_adaptive,276.0,0.11828875714436933,0.10170731544934847
ergo_adaptive,276.08333333333337,0.11846622167638075,0.10173505124613874
ergo_adaptive,276.16666666666663,0.1191879477938159,0.10179819637416584
ergo_adaptive,276.25,0.11977927359775849,0.10184540419537189
ergo_adaptive,276.33333333333337,0.12046105397532145,0.10186726686765035
ergo_adaptive,276.41666666666663,0.12009060742399187,0.10187846073991846
ergo_adaptive,276.5,0.12004320903458413,0.10189400523794943
ergo_adaptive,276.58333333333337,0.12018691620808376,0.10190499124663832
ergo_adaptive,276.66666666666663,0.12097069900989979,0.10188871324797605
ergo_adaptive,276.75,0.12021165406600448,0.10185215333017286
ergo_adaptive,276.83333333333337,0.11945167802137467,0.10184212512497214
ergo_adaptive,276.91666666666663,0.11921876477308038,0.10185800485376213
ergo_adaptive,277.0,0.11952703684548895,0.10180649973892879
ergo_adaptive,277.08333333333337,0.11928498731781727,0.1017081558419489
ergo_adaptive,277.16666666666663,0.12024117136261002,0.10163193351356267
ergo_adaptive,277.25,0.12039428310895091,0.10162178823746693
ergo_adaptive,277.33333333333337,0.11893360913167184,0.1015533057297322
ergo_adaptive,277.41666666666663,0.11870842549787801,0.10141786869145114
ergo_adaptive,277.5,0.11908600448839514,0.10128436477804646
ergo_adaptive,277.58333333333337,0.12015532675904393,0.10122598556330857
ergo_adaptive,277.66666666666663,0.1204594002517241,0.1011545854804427
ergo_adaptive,277.75,0.12067886990378114,0.10100543775903957
ergo_adaptive,277.83333333333337,0.12034923778992274,0.10083316646584069
ergo_adaptive,277.91666666666663,0.12027470193409065,0.10072077169460186
ergo_adaptive,278.0,0.11974030206546325,0.1006510870016763
ergo_adaptive,278.08333333333337,0.11994932432053619,0.10050091264542661
ergo_adaptive,278.16666666666663,0.11985099168997744,0.10030544403734969
ergo_adaptive,278.25,0.11941666828263776,0.1001466315697171
ergo_adaptive,278.33333333333337,0.12073028931494427,0.10006450648611137
ergo_adaptive,278.41666666666663,0.12110430204811515,0.09992000793602396
ergo_adaptive,278.5,0.12024552102166526,0.0997086133425455
ergo_adaptive,278.58333333333337,0.12074075844852541,0.09950805011355902
ergo_adaptive,278.66666666666663,0.11999858711647349,0.09938494780849592
ergo_adaptive,278.75,0.11987143703955927,0.09925468058070928
ergo_adaptive,278.83333333333337,0.12026587077326477,0.09905309681381938
ergo_adaptive,278.91666666666663,0.1206298795375264,0.09883514971212261
ergo_adaptive,279.0,0.12060195624162452,0.09867737254652467
ergo_adaptive,279.08333333333337,0.1196037403901798,0.09855739636523826
ergo_adaptive,279.16666666666663,0.11955822456216862,0.09837537048842612
ergo_adaptive,279.25,0.11957713001824075,0.09815691292019481
ergo_adaptive,279.33333333333337,0.12071393150677838,0.09798064248361424
ergo_adaptive,279.41666666666663,0.12022141735601012,0.09787130832111009
ergo_adaptive,279.5,0.11932381885900374,0.09771496172207249
ergo_adaptive,279.58333333333337,0.12015682465991341,0.09750292414628738
ergo_adaptive,279.66666666666663,0.1197218936400238,0.09730600460778202
ergo_adaptive,279.75,0.12003854775965328,0.09719175507210537
ergo_adaptive,279.83333333333337,0.11989910451615586,0.09706799819047725
ergo_adaptive,279.91666666666663,0.12044256915141104,0.09687077818687291
ergo_adaptive,280.0,0.12033977944777607,0.09665987388052624
ergo_adaptive,280.08333333333337,0.11978493118728525,0.09651644044838997
ergo_adaptive,280.16666666666663,0.11971083368633305,0.09641568027251195
ergo_adaptive,280.25,0.11832756246442147,0.09624343521526721
ergo_adaptive,280.33333333333337,0.11948797002035869,0.09608160035962668
ergo_adaptive,280.41666666666663,0.11892259396751739,0.09594412184224886
ergo_adaptive,280.5,0.12027447363692359,0.09586818344691464
ergo_adaptive,280.58333333333337,0.12011818454064677,0.09575309138203969
ergo_adaptive,280.66666666666663,0.11995109927933019,0.09555672772887164
ergo_adaptive,280.75,0.11926425567298535,0.09535717433100276
ergo_adaptive,280.83333333333337,0.11903087586841213,0.09524627233411083
ergo_adaptive,280.91666666666663,0.11890419417162539,0.09516213213126101
ergo_adaptive,281.0,0.1195244259514999,0.09533644251289727
ergo_adaptive,281.08333333333337,0.12012417087762498,0.09550256055896582
ergo_adaptive,281.16666666666663,0.12019238225064467,0.0955149286765987
ergo_adaptive,281.25,0.12033268987545614,0.09541000456005334
ergo_adaptive,281.33333333333337,0.1212179649122744,0.09528690534490383
ergo_adaptive,281.41666666666663,0.12034449773239038,0.09520072296739829
ergo_adaptive,281.5,0.12049339788189208,0.09529697715219763
ergo_adaptive,281.58333333333337,0.1210846457319237,0.09556613069217923
ergo_adaptive,281.66666666666663,0.1215463124483151,0.09585807359259767
ergo_adaptive,281.75,0.1211901920060686,0.09613577814893756
ergo_adaptive,281.83333333333337,0.1213536172638952,0.0963952428648363
ergo_adaptive,281.91666666666663,0.12231648711574584,0.09662746590417264
ergo_adaptive,282.0,0.12300377144841709,0.09681571820333752
ergo_adaptive,282.08333333333337,0.12353346006135793,0.09696459078854888
ergo_adaptive,282.16666666666663,0.12408600881941413,0.09710514591851199
ergo_adaptive,282.25,0.1233182489650123,0.09724958199937057
ergo_adaptive,282.33333333333337,0.12309046471827689,0.09737553499658631
ergo_adaptive,282.41666666666663,0.12342197176602684,0.09747205994298865
ergo_adaptive,282.5,0.12355585901384165,0.09756351751513023
ergo_adaptive,282.58333333333337,0.12401787076708895,0.09767865264155974
ergo_adaptive,282.66666666666663,0.1240794653691453,0.09778726182986945
ergo_adaptive,282.75,0.12469151908582453,0.09785829284204192
ergo_adaptive,282.83333333333337,0.12548819277047002,0.09790953478408271
ergo_adaptive,282.91666666666663,0.12573368176147187,0.09798897870633672
ergo_adaptive,283.0,0.12595199701749618,0.09808074906506979
ergo_adaptive,283.08333333333337,0.12621002387729408,0.09812912287513922
ergo_adaptive,283.16666666666663,0.125988362935384,0.09814487321766949
ergo_adaptive,283.25,0.12669616692116442,0.0981759333994801
ergo_adaptive,283.33333333333337,0.1267910830759553,0.09823580522945875
ergo_adaptive,283.41666666666663,0.1262485699708352,0.09826773682447926
ergo_adaptive,283.5,0.12727213327243656,0.09826431064668385
ergo_adaptive,283.58333333333337,0.12642615308187036,0.0982503013750073
ergo_adaptive,283.66666666666663,0.12690136515794662,0.09825894678328874
ergo_adaptive,283.75,0.12706431152044553,0.09826283221394513
ergo_adaptive,283.83333333333337,0.12606027026531721,0.09824098007160545
ergo_adaptive,283.91666666666663,0.12660911078819514,0.09820943232061452
ergo_adaptive,284.0,0.12742573132760593,0.09818925818057547
ergo_adaptive,284.08333333333337,0.12733321419685142,0.09818997817870508
ergo_adaptive,284.16666666666663,0.1270833080183015,0.09819947181243537
ergo_adaptive,284.25,0.12755012741724933,0.09818589726071267
ergo_adaptive,284.33333333333337,0.12722811872140977,0.09813039593482585
ergo_adaptive,284.41666666666663,0.1280186020385205,0.09804201231454883
ergo_adaptive,284.5,0.1272170062608202,0.09793072324585436
ergo_adaptive,284.58333333333337,0.12767779849978123,0.09783227869410627
ergo_adaptive,284.66666666666663,0.12760607323035042,0.09779489646026973
ergo_adaptive,284.75,0.12704424424484323,0.09769623697990881
ergo_adaptive,284.83333333333337,0.12818059159693562,0.09748010569995548
ergo_adaptive,284.91666666666663,0.12730706625622507,0.09723021750381906
ergo_adaptive,285.0,0.12859582872309638,0.09702876235693642
ergo_adaptive,285.08333333333337,0.1284980555282862,0.09686839699155506
ergo_adaptive,285.16666666666663,0.12790389795589174,0.0967017790902352
ergo_adaptive,285.25,0.12612386933956704,0.09653284049972055
ergo_adaptive,285.33333333333337,0.128308620643748,0.09639465276220413
ergo_adaptive,285.41666666666663,0.12661152769437348,0.09629859543684803
ergo_adaptive,285.5,0.12756307650529752,0.09621975313992776
ergo_adaptive,285.58333333333337,0.12822251744942895,0.09612645498990237
ergo_adaptive,285.66666666666663,0.12904194772288335,0.09603181188666486
ergo_adaptive,285.75,0.13054008171892031,0.09598348745086023
ergo_adaptive,285.83333333333337,0.13026174403580534,0.09597917226868878
ergo_adaptive,285.91666666666663,0.13124874064901068,0.09591393519461758
ergo_adaptive,286.0,0.13204356014527094,0.09579435955862887
ergo_adaptive,286.08333333333337,0.1313073182706866,0.09570595976080995
ergo_adaptive,286.16666666666663,0.1324543964922147,0.09569416943423452
ergo_adaptive,286.25,0.13122954243690285,0.09564516371998347
ergo_adaptive,286.33333333333337,0.1323833521017248,0.09553322122444131
ergo_adaptive,286.41666666666663,0.13331595961732357,0.09543086058543193
ergo_adaptive,286.5,0.13420371055866667,0.09538538562170158
ergo_adaptive,286.58333333333337,0.13509107595903472,0.09535865954281891
ergo_adaptive,286.66666666666663,0.13540860257900336,0.09529711528150737
ergo_adaptive,286.75,0.13695221193109755,0.09523121698647466
ergo_adaptive,286.83333333333337,0.13763356703423454,0.09520405814447094
ergo_adaptive,286.91666666666663,0.1297885619378772,0.09521060188611237
ergo_adaptive,287.0,0.11583919584626926,0.09521016477487436
ergo_adaptive,287.08333333333337,0.10593813935156404,0.09519119033140405
ergo_adaptive,287.16666666666663,0.10022338386699275,0.09538409660118063
ergo_adaptive,287.25,0.09728687937368036,0.09568027036634114
ergo_adaptive,287.33333333333337,0.1021572774994546,0.09599295651055816
ergo_adaptive,287.41666666666663,0.1049810385138851,0.09627539040088907
ergo_adaptive,287.5,0.10675447383425833,0.0965092067714935
ergo_adaptive,287.58333333333337,0.10712403151516825,0.09670020766105775
ergo_adaptive,287.66666666666663,0.10774292094209084,0.09686232956871015
ergo_adaptive,287.75,0.1080482269777407,0.09699410911746066
ergo_adaptive,287.83333333333337,0.10814439361923986,0.09709183819973846
ergo_adaptive,287.91666666666663,0.10767665405974983,0.0971672585134708
ergo_adaptive,288.0,0.10714747550007074,0.09724102501104286
ergo_adaptive,288.08333333333337,0.10660050867010999,0.09731796986963448
ergo_adaptive,288.16666666666663,0.10591373515213116,0.09738473295765444
ergo_adaptive,288.25,0.10631972454285765,0.09743705168456329
ergo_adaptive,288.33333333333337,0.10636919680829007,0.09749393666580781
ergo_adaptive,288.41666666666663,0.10680208679816604,0.09756407494010969
ergo_adaptive,288.5,0.1068365479529714,0.09762531378994636
ergo_adaptive,288.58333333333337,0.1079226437372803,0.09766649578180839
ergo_adaptive,288.66666666666663,0.1080872234874035,0.09770783809634787
ergo_adaptive,288.75,0.10815892322520763,0.0977736113257492
ergo_adaptive,288.83333333333337,0.1076686015056493,0.09784282573213787
ergo_adaptive,288.91666666666663,0.10811741659922554,0.09787545794278801
ergo_adaptive,289.0,0.1082810053953167,0.09788747283386404
ergo_adaptive,289.08333333333337,0.10847275620386397,0.09792387306423368
ergo_adaptive,289.16666666666663,0.10913365692840539,0.0979813270362659
ergo_adaptive,289.25,0.1092975592715742,0.09800060885569155
ergo_adaptive,289.33333333333337,0.10885022419655603,0.09799411455495646
ergo_adaptive,289.41666666666663,0.10850964901128031,0.09801691895157141
ergo_adaptive,289.5,0.10899978063828268,0.0980845077971071
ergo_adaptive,289.58333333333337,0.10977568068514082,0.09813869802576324
ergo_adaptive,289.66666666666663,0.11006593266837583,0.09816274567293139
ergo_adaptive,289.75,0.10988411553497425,0.0981868228757265
ergo_adaptive,289.83333333333337,0.11032065729171263,0.09822581918114832
ergo_adaptive,289.91666666666663,0.11048283753409183,0.09826096669091863
ergo_adaptive,290.0,0.11004579727854429,0.0982817923999163
ergo_adaptive,290.08333333333337,0.1108559309589426,0.09829143331637302
ergo_adaptive,290.16666666666663,0.11065309619751365,0.0983039146817891
ergo_adaptive,290.25,0.1106988796252738,0.09832035704904146
ergo_adaptive,290.33333333333337,0.11052829601000591,0.09832954065575397
ergo_adaptive,290.41666666666663,0.11066983709167244,0.09833917523073758
ergo_adaptive,290.5,0.11108888656790161,0.09838231603736367
ergo_adaptive,290.58333333333337,0.1111485094820048,0.09844091341984984
ergo_adaptive,290.66666666666663,0.11077280573613717,0.0984478305843035
ergo_adaptive,290.75,0.1113913636115277,0.09841786481122593
ergo_adaptive,290.83333333333337,0.11090127004684938,0.09840746041376493
ergo_adaptive,290.91666666666663,0.11112683622136514,0.09844716996396527
ergo_adaptive,291.0,0.11118002905886488,0.09844014875401073
ergo_adaptive,291.08333333333337,0.1127549960737943,0.09838520084928234
ergo_adaptive,291.16666666666663,0.11231643780248465,0.09833081021291099
ergo_adaptive,291.25,0.11219940456818,0.09833581631384326
ergo_adaptive,291.33333333333337,0.11307784486807475,0.09833121641799247
ergo_adaptive,291.41666666666663,0.11338899271497889,0.09827980302532904
ergo_adaptive,291.5,0.11324506466532261,0.09821450439460877
ergo_adaptive,291.58333333333337,0.1134676450598408,0.09819127079111545
ergo_adaptive,291.66666666666663,0.11242188971990054,0.0981889891775861
ergo_adaptive,291.75,0.11204894052791371,0.0981505983282218
ergo_adaptive,291.83333333333337,0.11220820850980724,0.0980920761727319
ergo_adaptive,291.91666666666663,0.11244376411449701,0.09805999639438735
ergo_adaptive,292.0,0.11201270165164642,0.098069327134963
ergo_adaptive,292.08333333333337,0.11207361347002981,0.09805245955323094
ergo_adaptive,292.16666666666663,0.11179747419368422,0.09800263113779704
ergo_adaptive,292.25,0.11200346401765404,0.09796308634254124
ergo_adaptive,292.33333333333337,0.11249774097400557,0.09797833328358008
ergo_adaptive,292.41666666666663,0.11239950711768554,0.0979776087181749
ergo_adaptive,292.5,0.1126188755756723,0.09793113425431343
ergo_adaptive,292.58333333333337,0.11307877672759116,0.09787667968028141
ergo_adaptive,292.66666666666663,0.11316917358774954,0.09786803116118244
ergo_adaptive,292.75,0.11311729982329112,0.09787718157077818
ergo_adaptive,292.83333333333337,0.11381817616786825,0.09784430747429258
ergo_adaptive,292.91666666666663,0.11461941789067989,0.09778641613632254
ergo_adaptive,293.0,0.11544494973511078,0.09774458622461885
ergo_adaptive,293.08333333333337,0.11481924175929276,0.09771071568721819
ergo_adaptive,293.16666666666663,0.11478984518611983,0.09762426787527219
ergo_adaptive,293.25,0.11500232064940219,0.09748760606633589
ergo_adaptive,293.33333333333337,0.11364523100043142,0.0973316725870744
ergo_adaptive,293.41666666666663,0.1139556990618515,0.09718179752241599
ergo_adaptive,293.5,0.1147357822129179,0.09699574744130975
ergo_adaptive,293.58333333333337,0.1151034502538546,0.09674041966290822
ergo_adaptive,293.66666666666663,0.1162978718410452,0.09646191321852303
ergo_adaptive,293.75,0.11649991892917873,0.09620558404461281
ergo_adaptive,293.83333333333337,0.11561304664461972,0.09597098555603299
ergo_adaptive,293.91666666666663,0.11614434465128907,0.09572640280203183
ergo_adaptive,294.0,0.11636880724927495,0.09546055895548465
ergo_adaptive,294.08333333333337,0.11655746029409533,0.09522272744945298
ergo_adaptive,294.16666666666663,0.11628915574838625,0.09508871575286447
ergo_adaptive,294.25,0.11570234518140553,0.09491989729887927
ergo_adaptive,294.33333333333337,0.11677439954590763,0.09462004939866571
ergo_adaptive,294.41666666666663,0.11711789463874846,0.09427551131021404
ergo_adaptive,294.5,0.11654561274836386,0.0939627825745299
ergo_adaptive,294.58333333333337,0.11643174041763313,0.0937038585029161
ergo_adaptive,294.66666666666663,0.1157972989801418,0.09349225856281546
ergo_adaptive,294.75,0.1161481014585927,0.09328207544460745
ergo_adaptive,294.83333333333337,0.11636755507607252,0.09303876403957004
ergo_adaptive,294.91666666666663,0.11587529402793162,0.09279141049575494
ergo_adaptive,295.0,0.11560925787717026,0.09256665170340933
ergo_adaptive,295.08333333333337,0.11638122497745104,0.09233365751690278
ergo_adaptive,295.16666666666663,0.1163915161993635,0.09209274128576439
ergo_adaptive,295.25,0.1172082983158572,0.09185506447230674
ergo_adaptive,295.33333333333337,0.11718144470090584,0.09162952361274858
ergo_adaptive,295.41666666666663,0.11739841510870844,0.0914480213712307
ergo_adaptive,295.5,0.11644439207165291,0.09130464912489362
ergo_adaptive,295.58333333333337,0.1170558582038058,0.09112155459980124
ergo_adaptive,295.66666666666663,0.11651904880850616,0.09088347875905033
ergo_adaptive,295.75,0.11689341480432933,0.09064193668579335
ergo_adaptive,295.83333333333337,0.11746129660063512,0.09043800312361736
ergo_adaptive,295.91666666666663,0.1182176639367159,0.09030588299249705
ergo_adaptive,296.0,0.1182144652565024,0.09023640585020384
ergo_adaptive,296.08333333333337,0.1178280689903812,0.09010744907492155
ergo_adaptive,296.16666666666663,0.1185542312011534,0.08991239527565922
ergo_adaptive,296.25,0.11891943864788672,0.08972046036396236
ergo_adaptive,296.33333333333337,0.11868054434517514,0.08956855816431965
ergo_adaptive,296.41666666666663,0.11850368570072145,0.08947569483514177
ergo_adaptive,296.5,0.11868224373040862,0.08942271000110077
ergo_adaptive,296.58333333333337,0.11845060485519683,0.08935186369674866
ergo_adaptive,296.66666666666663,0.1201940183923476,0.08926183613046415
ergo_adaptive,296.75,0.11964129826853846,0.08920886744667968
ergo_adaptive,296.83333333333337,0.1178686276264409,0.08918385131251946
ergo_adaptive,296.91666666666663,0.1191032125618965,0.0891572664482512
ergo_adaptive,297.0,0.1204738916645643,0.08912749709257307
ergo_adaptive,297.08333333333337,0.1196516684416412,0.08911962202219913
ergo_adaptive,297.16666666666663,0.12147001611442014,0.08915810652599661
ergo_adaptive,297.25,0.12241981188520147,0.08925820848429152
ergo_adaptive,297.33333333333337,0.12220499455280412,0.08937801838235362
ergo_adaptive,297.41666666666663,0.1239341589868801,0.08946073094200079
ergo_adaptive,297.5,0.12471886632464722,0.08954925940225095
ergo_adaptive,297.58333333333337,0.12602259228510976,0.08969633933273258
ergo_adaptive,297.66666666666663,0.11580623199956523,0.08988031968222344
ergo_adaptive,297.75,0.10670579086895675,0.09004136112940632
ergo_adaptive,297.83333333333337,0.10202558118157165,0.09025544826815671
ergo_adaptive,297.91666666666663,0.09967192338070194,0.09055525809912265
ergo_adaptive,298.0,0.10359132707743171,0.09090453891359516
ergo_adaptive,298.08333333333337,0.10610166324862165,0.09124055897668175
ergo_adaptive,298.16666666666663,0.10703908745957315,0.0915328418253315
ergo_adaptive,298.25,0.10761366899701126,0.09178330221586113
ergo_adaptive,298.33333333333337,0.1080587677337051,0.09200402629508027
ergo_adaptive,298.41666666666663,0.10818466410378615,0.09219516973843403
ergo_adaptive,298.5,0.10866561703581357,0.09235397837098105
ergo_adaptive,298.58333333333337,0.1089117311274232,0.09249261925929604
ergo_adaptive,298.66666666666663,0.10910422154179433,0.09263539388946089
ergo_adaptive,298.75,0.10940458203427275,0.09278512417479784
ergo_adaptive,298.83333333333337,0.10942265613911951,0.09290750235164405
ergo_adaptive,298.91666666666663,0.10956249263836418,0.09300579691629418
ergo_adaptive,299.0,0.10993480067807615,0.09311258484661042
ergo_adaptive,299.08333333333337,0.11010468482281412,0.09324312622272886
ergo_adaptive,299.16666666666663,0.11073119367262606,0.09335046303223732
ergo_adaptive,299.25,0.1110012001757886,0.09341284840089838
ergo_adaptive,299.33333333333337,0.11090837749298517,0.09347124515496154
ergo_adaptive,299.41666666666663,0.11109629431233328,0.09355793194794754
ergo_adaptive,299.5,0.11124816504209463,0.09364055643642415
ergo_adaptive,299.58333333333337,0.1111249478614026,0.09367791270973118
ergo_adaptive,299.66666666666663,0.11127746236847394,0.09370365313175825
ergo_adaptive,299.75,0.11148357823984269,0.09376501150784389
ergo_adaptive,299.83333333333337,0.11189719434344371,0.09384683235240023
ergo_adaptive,299.91666666666663,0.11174168924740517,0.09388653452488858
ergo_adaptive,300.0,0.11167583813682302,0.09389901365436432
ergo_adaptive,300.08333333333337,0.11230171312822637,0.09394504708432361
ergo_adaptive,300.16666666666663,0.1124804818154955,0.0940354540868605
ergo_adaptive,300.25,0.11288637074676316,0.09409327493461157
ergo_adaptive,300.33333333333337,0.11309799979185418,0.09410752510034058
ergo_adaptive,300.41666666666663,0.11316236673503993,0.09413912165689599
ergo_adaptive,300.5,0.11312886026476013,0.09423184243932027
ergo_adaptive,300.58333333333337,0.11341881411732159,0.09432612159431222
ergo_adaptive,300.66666666666663,0.11362240478492726,0.094368285861802
ergo_adaptive,300.75,0.11347826458070798,0.09440673668371508
ergo_adaptive,300.83333333333337,0.11349134511729163,0.09450144716080122
ergo_adaptive,300.91666666666663,0.11379297972421017,0.09461596083318102
ergo_adaptive,301.0,0.11390493762188546,0.0946900308780699
ergo_adaptive,301.08333333333337,0.11459796610462186,0.09474567665532925
ergo_adaptive,301.16666666666663,0.1148320606682643,0.09481253560709675
ergo_adaptive,301.25,0.1146578045655229,0.09489670317986515
ergo_adaptive,301.33333333333337,0.1150509396952524,0.0949831159042022
ergo_adaptive,301.41666666666663,0.11521810856658582,0.09505409654000348
ergo_adaptive,301.5,0.11517680075158536,0.09512109737781234
ergo_adaptive,301.58333333333337,0.11554752948985673,0.09520763266908418
ergo_adaptive,301.66666666666663,0.11541694948548918,0.09529991271076306
ergo_adaptive,301.75,0.11513922168523534,0.09535676194121918
ergo_adaptive,301.83333333333337,0.11621582069972534,0.09537979132882399
ergo_adaptive,301.91666666666663,0.11604027742066839,0.09541738834098701
ergo_adaptive,302.0,0.11570603230104748,0.09547790355805427
ergo_adaptive,302.08333333333337,0.11570311798524992,0.09550025768241503
ergo_adaptive,302.16666666666663,0.11580995316981785,0.09547030278950557
ergo_adaptive,302.25,0.11620782624269813,0.0954411708277854
ergo_adaptive,302.33333333333337,0.11638958491473364,0.0954418967615935
ergo_adaptive,302.41666666666663,0.11642762762617402,0.09542390997901183
ergo_adaptive,302.5,0.11630830541857172,0.09534625814842161
ergo_adaptive,302.58333333333337,0.11621506112976472,0.0952468931816351
ergo_adaptive,302.66666666666663,0.11548779557988252,0.09517064044135565
ergo_adaptive,302.75,0.11531873967484535,0.09509201853437646
ergo_adaptive,302.83333333333337,0.11641752581286895,0.09496805127115422
ergo_adaptive,302.91666666666663,0.11590857280562329,0.09480697800028917
ergo_adaptive,303.0,0.1151359122312069,0.09465251271431582
ergo_adaptive,303.08333333333337,0.11479059247622989,0.09450639895930422
ergo_adaptive,303.16666666666663,0.11462255913282554,0.0943310144587897
ergo_adaptive,303.25,0.11558757058908171,0.09411479325867632
ergo_adaptive,303.33333333333337,0.1151317924061418,0.09389328662488652
ergo_adaptive,303.41666666666663,0.11573441339954146,0.09369132178564582
ergo_adaptive,303.5,0.11494144040338494,0.09349068269395354
ergo_adaptive,303.58333333333337,0.11483548425797378,0.09325989597463563
ergo_adaptive,303.66666666666663,0.11502812810050049,0.09301439022191225
ergo_adaptive,303.75,0.11430257760596146,0.09280391925967948
ergo_adaptive,303.83333333333337,0.11544382949591954,0.09262707566978466
ergo_adaptive,303.91666666666663,0.11569201792502012,0.09247453569991479
ergo_adaptive,304.0,0.1153599844066339,0.09231566734728117
ergo_adaptive,304.08333333333337,0.11646455750142795,0.09217527710730164
ergo_adaptive,304.16666666666663,0.11653277854620735,0.09208838879624436
ergo_adaptive,304.25,0.11766253237718234,0.0920021386867821
ergo_adaptive,304.33333333333337,0.11677178056221851,0.09188421001459587
ergo_adaptive,304.41666666666663,0.1167676410066509,0.09176609267827264
ergo_adaptive,304.5,0.11628649043663747,0.09169433320504507
ergo_adaptive,304.58333333333337,0.11729657503504365,0.09163639942332368
ergo_adaptive,304.66666666666663,0.11726622357161162,0.09153863558231314
ergo_adaptive,304.75,0.11843449746579514,0.09142461404467012
ergo_adaptive,304.83333333333337,0.11774891612037577,0.09135123740557936
ergo_adaptive,304.91666666666663,0.11730651213419901,0.0913224891957604
ergo_adaptive,305.0,0.11889710623746039,0.09124856435205513
ergo_adaptive,305.08333333333337,0.11847054472626763,0.09113228274389927
ergo_adaptive,305.16666666666663,0.11770705881464474,0.09103974785767661
ergo_adaptive,305.25,0.11830023569598325,0.09102796805750164
ergo_adaptive,305.33333333333337,0.11773365065497064,0.0909746557265011
ergo_adaptive,305.41666666666663,0.11829570347433783,0.09087056332473213
ergo_adaptive,305.5,0.1190135492578335,0.0907656078164716
ergo_adaptive,305.58333333333337,0.11888400760698033,0.09072322645145886
ergo_adaptive,305.66666666666663,0.11965579641461628,0.0906794461430481
ergo_adaptive,305.75,0.11933397187388829,0.09056936197566902
ergo_adaptive,305.83333333333337,0.11942545031643274,0.09043608714571512
ergo_adaptive,305.91666666666663,0.11878610295865452,0.09033045456116948
ergo_adaptive,306.0,0.11910679957500798,0.0902558980252332
ergo_adaptive,306.08333333333337,0.11771021699723805,0.09016180631080557
ergo_adaptive,306.16666666666663,0.11917397213436663,0.09006184988436453
ergo_adaptive,306.25,0.11903576262554313,0.08996576504005603
ergo_adaptive,306.33333333333337,0.11959457395255016,0.0898867955509247
ergo_adaptive,306.41666666666663,0.11998101201689185,0.08982451489404801
ergo_adaptive,306.5,0.12029732461090174,0.0897652415328736
ergo_adaptive,306.58333333333337,0.12033314948274539,0.08968633027466548
ergo_adaptive,306.66666666666663,0.1198160678725594,0.08958323913128044
ergo_adaptive,306.75,0.11889970405513779,0.08946034812213609
ergo_adaptive,306.83333333333337,0.11908641908125779,0.08933205097476005
ergo_adaptive,306.91666666666663,0.11835741001336628,0.0892437511286993
ergo_adaptive,307.0,0.11764422725895426,0.08921347618114023
ergo_adaptive,307.08333333333337,0.11830032463660729,0.08910558756828858
ergo_adaptive,307.16666666666663,0.12032724503524737,0.08892500041322818
ergo_adaptive,307.25,0.11872432416446826,0.08875186211473955
ergo_adaptive,307.33333333333337,0.1204892155944369,0.08862839083443518
ergo_adaptive,307.41666666666663,0.11999246518719231,0.08850059558956208
ergo_adaptive,307.5,0.12126389101327399,0.08832964959727121
ergo_adaptive,307.58333333333337,0.12217343928495973,0.08814835546079448
ergo_adaptive,307.66666666666663,0.12060870010355905,0.08799609873144028
ergo_adaptive,307.75,0.12009230335681978,0.08787178462526532
ergo_adaptive,307.83333333333337,0.11938585560555717,0.08775045111167633
ergo_adaptive,307.91666666666663,0.1189779827192445,0.087617712323712
ergo_adaptive,308.0,0.12024465516274238,0.08750088677206211
ergo_adaptive,308.08333333333337,0.12080815886620937,0.08744175025062018
ergo_adaptive,308.16666666666663,0.12116059482644309,0.08740512135956215
ergo_adaptive,308.25,0.12214379118884826,0.08730698233766782
ergo_adaptive,308.33333333333337,0.12117191012822179,0.08718345264684868
ergo_adaptive,308.41666666666663,0.12003822861281369,0.08710834964534274
ergo_adaptive,308.5,0.11996485785689275,0.0870834382231863
ergo_adaptive,308.58333333333337,0.11928110946476361,0.08702425105871041
ergo_adaptive,308.66666666666663,0.12051205153522522,0.08693897729896513
ergo_adaptive,308.75,0.12161011783457493,0.08686932494236094
ergo_adaptive,308.83333333333337,0.1203872962428464,0.0868384649381614
ergo_adaptive,308.91666666666663,0.12058992451716465,0.08683072020448108
ergo_adaptive,309.0,0.12148901661980555,0.08682234413405727
ergo_adaptive,309.08333333333337,0.12592677661162957,0.08682183305416388
ergo_adaptive,309.16666666666663,0.12794167824043975,0.0868459265725
ergo_adaptive,309.25,0.12081399165285311,0.08689223052914613
ergo_adaptive,309.33333333333337,0.10840370637778422,0.08691948454960002
ergo_adaptive,309.41666666666663,0.10258556311241478,0.08693692546681837
ergo_adaptive,309.5,0.09692933232793903,0.08700012752567293
ergo_adaptive,309.58333333333337,0.09357888209845693,0.08713494470308593
ergo_adaptive,309.66666666666663,0.0918730020941276,0.08732579490675275
ergo_adaptive,309.75,0.08931430809347453,0.08755347128011987
ergo_adaptive,309.83333333333337,0.0909308466362347,0.08782153297323397
ergo_adaptive,309.91666666666663,0.09532135135739268,0.0880656443152557
ergo_adaptive,310.0,0.0983629898575985,0.08824425019584257
ergo_adaptive,310.08333333333337,0.0994497078733456,0.08837290338442842
ergo_adaptive,310.16666666666663,0.100963254635828,0.08848496360908263
ergo_adaptive,310.25,0.10255684397523933,0.08859516441119784
ergo_adaptive,310.33333333333337,0.1027958804451261,0.08868449787135908
ergo_adaptive,310.41666666666663,0.10276306432117988,0.08873814563992322
ergo_adaptive,310.5,0.10309064603800301,0.08878002392875509
ergo_adaptive,310.58333333333337,0.10361098870347446,0.08885438972672563
ergo_adaptive,310.66666666666663,0.1032483424494507,0.0889360061007451
ergo_adaptive,310.75,0.10424633162459987,0.08894830700458602
ergo_adaptive,310.83333333333337,0.10539480605532231,0.08892490572343367
ergo_adaptive,310.91666666666663,0.10528130486580026,0.08893922499986157
ergo_adaptive,311.0,0.1064019492480378,0.08900012198975671
ergo_adaptive,311.08333333333337,0.10555957722576592,0.08898585391081537
ergo_adaptive,311.16666666666663,0.10618274065890936,0.08891463801337013
ergo_adaptive,311.25,0.10684602342335998,0.08886464609270547
ergo_adaptive,311.33333333333337,0.10794133270973438,0.08887787391120833
ergo_adaptive,311.41666666666663,0.10808130126412757,0.08887362061962352
ergo_adaptive,311.5,0.10884585840310267,0.08880806560916378
ergo_adaptive,311.58333333333337,0.10862620003945546,0.0887404340025698
ergo_adaptive,311.66666666666663,0.10900144451241324,0.08873825400059318
ergo_adaptive,311.75,0.10924754468675796,0.08875837219049497
ergo_adaptive,311.83333333333337,0.10963677216007481,0.08870383427448572
ergo_adaptive,311.91666666666663,0.10943181470002844,0.08861811676790148
ergo_adaptive,312.0,0.10860809837915952,0.08858978001742375
ergo_adaptive,312.08333333333337,0.108769105940518,0.08862854235339153
ergo_adaptive,312.16666666666663,0.11017990699658017,0.08859336105562443
ergo_adaptive,312.25,0.1096116113925615,0.08850439137074334
ergo_adaptive,312.33333333333337,0.11059789138638243,0.08844352956925029
ergo_adaptive,312.41666666666663,0.11021448060082516,0.08843894367252607
ergo_adaptive,312.5,0.10974302554826104,0.08842822326279358
ergo_adaptive,312.58333333333337,0.10802282403550484,0.08837437924769893
ergo_adaptive,312.66666666666663,0.108435034411008,0.08831585645098383
ergo_adaptive,312.75,0.10692603149702094,0.08829246148856405
ergo_adaptive,312.83333333333337,0.107862672813615,0.08828629556457376
ergo_adaptive,312.91666666666663,0.10868201345056132,0.08825942542166926
ergo_adaptive,313.0,0.10976198726639474,0.0882169017962851
ergo_adaptive,313.08333333333337,0.11038368351888608,0.08819709346969748
ergo_adaptive,313.16666666666663,0.11084399038344006,0.0882010257679922
ergo_adaptive,313.25,0.11090610549286134,0.08820528807154901
ergo_adaptive,313.33333333333337,0.11182463651453513,0.08820110420231914
ergo_adaptive,313.41666666666663,0.11211203255159052,0.08821034941024464
ergo_adaptive,313.5,0.11205578764941976,0.0882580668700409
ergo_adaptive,313.58333333333337,0.11247090876512625,0.08833023555264187
ergo_adaptive,313.66666666666663,0.11215285454392479,0.08838745541711171
ergo_adaptive,313.75,0.11276706374527513,0.08842265578497215
ergo_adaptive,313.83333333333337,0.10846318053840703,0.08848529678608988
ergo_adaptive,313.91666666666663,0.09934501453094563,0.08859395352246464
ergo_adaptive,314.0,0.1033132377301925,0.08869680687306997
ergo_adaptive,314.08333333333337,0.10680356897259928,0.08870606390352723
ergo_adaptive,314.16666666666663,0.10854442929651552,0.08867733759357295
ergo_adaptive,314.25,0.10983211258409635,0.08868547448244236
ergo_adaptive,314.33333333333337,0.11051983482181268,0.08874488021050277
ergo_adaptive,314.41666666666663,0.11149716049669592,0.08879267020912779
ergo_adaptive,314.5,0.11166303560882798,0.0888126879293524
ergo_adaptive,314.58333333333337,0.1118981768200982,0.08885467397631679
ergo_adaptive,314.66666666666663,0.11237574866820993,0.08896740528145425
ergo_adaptive,314.75,0.10431265162519163,0.08906831629263721
ergo_adaptive,314.83333333333337,0.10309615389086522,0.0891038968850223
ergo_adaptive,314.91666666666663,0.10677616770533456,0.08909780890814607
ergo_adaptive,315.0,0.10801287468590604,0.08909894970596118
ergo_adaptive,315.08333333333337,0.10878400359283734,0.08912684721053844
ergo_adaptive,315.16666666666663,0.10966364315760425,0.08913571667415371
ergo_adaptive,315.25,0.11067994938471022,0.08911516116822703
ergo_adaptive,315.33333333333337,0.11058959009720154,0.08911307627973103
ergo_adaptive,315.41666666666663,0.11114998839398763,0.08916220088755729
ergo_adaptive,315.5,0.11183300803298424,0.08923155814839225
ergo_adaptive,315.58333333333337,0.11244707799274616,0.08926824609057969
ergo_adaptive,315.66666666666663,0.11186941378404239,0.08929970914390513
ergo_adaptive,315.75,0.10807082426179274,0.08937459372434198
ergo_adaptive,315.83333333333337,0.10751514222648008,0.08947831374307334
ergo_adaptive,315.91666666666663,0.11006006903698443,0.08949220853569333
ergo_adaptive,316.0,0.11144754092149173,0.08943856283280009
ergo_adaptive,316.08333333333337,0.11268869191641892,0.08941865979263931
ergo_adaptive,316.16666666666663,0.10636796009766965,0.08949793220448489
ergo_adaptive,316.25,0.10527806663797429,0.08959963886658241
ergo_adaptive,316.33333333333337,0.10756925138209147,0.08965421258024617
ergo_adaptive,316.41666666666663,0.10867675923189186,0.08964996319204253
ergo_adaptive,316.5,0.10959689488914194,0.08963991045451287
ergo_adaptive,316.58333333333337,0.11031804935368211,0.0896741495819773
ergo_adaptive,316.66666666666663,0.11075563011412988,0.08976429718777978
ergo_adaptive,316.75,0.11148685876843611,0.08989069433667508
ergo_adaptive,316.83333333333337,0.11255211681298853,0.09007636806176027
ergo_adaptive,316.91666666666663,0.11362583124526926,0.09033319656035275
ergo_adaptive,317.0,0.10788489066504145,0.09062667497582061
ergo_adaptive,317.08333333333337,0.10746099786941099,0.09094638284583313
ergo_adaptive,317.16666666666663,0.10876298247583897,0.09124477078703043
ergo_adaptive,317.25,0.10936975808005758,0.09147712341274047
ergo_adaptive,317.33333333333337,0.1096970445783988,0.09163379059689623
ergo_adaptive,317.41666666666663,0.10984159745626851,0.09174034062318448
ergo_adaptive,317.5,0.10997920185087372,0.09181307863512998
ergo_adaptive,317.58333333333337,0.10988173831660282,0.09184469647072174
ergo_adaptive,317.66666666666663,0.10989838350302611,0.09184353002898671
ergo_adaptive,317.75,0.10984972988197915,0.09183785236775707
ergo_adaptive,317.83333333333337,0.10980705787514669,0.09184484142056547
ergo_adaptive,317.91666666666663,0.10987075869373483,0.09184917201419747
ergo_adaptive,318.0,0.10984476586730224,0.09182895856187075
ergo_adaptive,318.08333333333337,0.10975561033322252,0.0917992534369991
ergo_adaptive,318.16666666666663,0.10988942778208577,0.09180223788477579
ergo_adaptive,318.25,0.10999386096618952,0.09183298054178116
ergo_adaptive,318.33333333333337,0.10991904668911698,0.09180894078234182
ergo_adaptive,318.41666666666663,0.10997494919354031,0.09174233306216624
ergo_adaptive,318.5,0.11015001924168276,0.09170864257994406
ergo_adaptive,318.58333333333337,0.11017636100505039,0.09174820112014904
ergo_adaptive,318.66666666666663,0.11021275594910585,0.09173364796332249
ergo_adaptive,318.75,0.11035557310484378,0.09165874449446745
ergo_adaptive,318.83333333333337,0.11066356391956378,0.09159717824799485
ergo_adaptive,318.91666666666663,0.11030486428551167,0.09160404825296797
ergo_adaptive,319.0,0.1105375582274837,0.09162128946550735
ergo_adaptive,319.08333333333337,0.11072588673197767,0.09158711928170434
ergo_adaptive,319.16666666666663,0.11075639848739292,0.09154522192511216
ergo_adaptive,319.25,0.11074186339088933,0.09155058783050937
ergo_adaptive,319.33333333333337,0.1109320621692185,0.09158956188242695
ergo_adaptive,319.41666666666663,0.11123391947846867,0.0916002679493845
ergo_adaptive,319.5,0.11142781050356365,0.09158827545518512
ergo_adaptive,319.58333333333337,0.1113098125567049,0.09160179494002339
ergo_adaptive,319.66666666666663,0.11162039205385797,0.09165399750335484
ergo_adaptive,319.75,0.1116700002204375,0.09170114891941673
ergo_adaptive,319.83333333333337,0.11209888502610153,0.09172157883513216
ergo_adaptive,319.91666666666663,0.11237533402868147,0.0917445964416833
ergo_adaptive,320.0,0.11271787109359141,0.0917862351835542
ergo_adaptive,320.08333333333337,0.11273123665201272,0.09183023737644776
ergo_adaptive,320.16666666666663,0.1128620963817436,0.09186744010090173
ergo_adaptive,320.25,0.11310479522862019,0.09190450044242435
ergo_adaptive,320.33333333333337,0.1128151295281295,0.09194534795788656
ergo_adaptive,320.41666666666663,0.1126526093622631,0.09198010990551607
ergo_adaptive,320.5,0.11231181518592463,0.09199211796894426
ergo_adaptive,320.58333333333337,0.11302514870304214,0.0919996830476387
ergo_adaptive,320.66666666666663,0.11310965179468382,0.09203912402022583
ergo_adaptive,320.75,0.113556286452421,0.09208348229510814
ergo_adaptive,320.83333333333337,0.11425953812818963,0.09207116648197095
ergo_adaptive,320.91666666666663,0.11422365704341138,0.09203059699016157
ergo_adaptive,321.0,0.11412601995149288,0.09202560444233993
ergo_adaptive,321.08333333333337,0.11488365530606998,0.09205829001703465
ergo_adaptive,321.16666666666663,0.11522506165371883,0.09203294399016179
ergo_adaptive,321.25,0.11479008693432934,0.09196368741753493
ergo_adaptive,321.33333333333337,0.11493891671152359,0.09191524266743224
ergo_adaptive,321.41666666666663,0.11483509790539873,0.09192382977737888
ergo_adaptive,321.5,0.11463721511256092,0.09190047278138083
ergo_adaptive,321.58333333333337,0.11375470212926445,0.09182219582580775
ergo_adaptive,321.66666666666663,0.11278066537093319,0.09174340950284078
ergo_adaptive,321.75,0.11423652244198852,0.0917094597153499
ergo_adaptive,321.83333333333337,0.11462641119780011,0.09168219296058727
ergo_adaptive,321.91666666666663,0.11405013320492856,0.09160617683184988
ergo_adaptive,322.0,0.11414904583555184,0.09151086007881021
ergo_adaptive,322.08333333333337,0.11436222133023403,0.0914421703920283
ergo_adaptive,322.16666666666663,0.11411506494753906,0.09139292934634441
ergo_adaptive,322.25,0.11469620816879529,0.09132118373863421
ergo_adaptive,322.33333333333337,0.11519927205126415,0.09122282269058112
ergo_adaptive,322.41666666666663,0.11607900576331348,0.0911330749153675
ergo_adaptive,322.5,0.1158879333525186,0.09106576727040323
ergo_adaptive,322.58333333333337,0.11556991941354218,0.09099221156821273
ergo_adaptive,322.66666666666663,0.11508459879409619,0.09089706421185441
ergo_adaptive,322.75,0.11513740098430054,0.09079972101256138
ergo_adaptive,322.83333333333337,0.11463567185402161,0.09072054719134731
ergo_adaptive,322.91666666666663,0.11413172487017398,0.09064814086074542
ergo_adaptive,323.0,0.11447316220211612,0.09068655800730241
ergo_adaptive,323.08333333333337,0.11515601231265736,0.09092629470670964
ergo_adaptive,323.16666666666663,0.11547000620553725,0.0912056479793695
ergo_adaptive,323.25,0.11601993922986953,0.09146814652027553
ergo_adaptive,323.33333333333337,0.11662774967575094,0.09171629627264771
ergo_adaptive,323.41666666666663,0.11682213871635955,0.0919812085595795
ergo_adaptive,323.5,0.1168791220280936,0.09222623789549456
ergo_adaptive,323.58333333333337,0.1165504039765636,0.0924151258105326
ergo_adaptive,323.66666666666663,0.11627674866289592,0.0925718357026799
ergo_adaptive,323.75,0.11650672521987761,0.09273932631871645
ergo_adaptive,323.83333333333337,0.1171917563394616,0.09290980778672873
ergo_adaptive,323.91666666666663,0.11742732116887943,0.09304354333368602
ergo_adaptive,324.0,0.11741224451748529,0.09315426282108401
ergo_adaptive,324.08333333333337,0.11753572436102368,0.0932640230621896
ergo_adaptive,324.16666666666663,0.1179049501961568,0.09337452879473952
ergo_adaptive,324.25,0.11893032007226292,0.09346973302728133
ergo_adaptive,324.33333333333337,0.11872968863039278,0.0935401089960319
ergo_adaptive,324.41666666666663,0.11907740816485311,0.0936024707250725
ergo_adaptive,324.5,0.11801486694671111,0.0936835845241441
ergo_adaptive,324.58333333333337,0.11859546772588843,0.09376885685862318
ergo_adaptive,324.66666666666663,0.11834357743797069,0.09381198811233084
ergo_adaptive,324.75,0.11848196829811317,0.09383245420663895
ergo_adaptive,324.83333333333337,0.11809886385263325,0.09389133299843616
ergo_adaptive,324.91666666666663,0.11747213778461765,0.09399990043612444
ergo_adaptive,325.0,0.11739527207297198,0.09404083059058176
ergo_adaptive,325.08333333333337,0.11712393003199781,0.09403613878061823
ergo_adaptive,325.16666666666663,0.1178059265453656,0.09405664403829092
ergo_adaptive,325.25,0.11718931614409972,0.09412935325298445
ergo_adaptive,325.33333333333337,0.11786953487024923,0.09418153305035935
ergo_adaptive,325.41666666666663,0.11842332157671101,0.09418156084475635
ergo_adaptive,325.5,0.11876357376562112,0.09417503891057019
ergo_adaptive,325.58333333333337,0.1175299307289697,0.09419752265550303
ergo_adaptive,325.66666666666663,0.11783347989405386,0.0942250942836769
ergo_adaptive,325.75,0.11742799951279025,0.09422763585597504
ergo_adaptive,325.83333333333337,0.11725960583011899,0.09420806698848364
ergo_adaptive,325.91666666666663,0.11972327326103965,0.09419608004430437
ergo_adaptive,326.0,0.12121344710863384,0.09419575695786303
ergo_adaptive,326.08333333333337,0.11997435920637295,0.09418301215719214
ergo_adaptive,326.16666666666663,0.11903929691467878,0.09414323040744431
ergo_adaptive,326.25,0.1202746234119213,0.09409580699881182
ergo_adaptive,326.33333333333337,0.12001630905727859,0.09407508995928301
ergo_adaptive,326.41666666666663,0.12017567407314048,0.09406436242422735
ergo_adaptive,326.5,0.12075748914180255,0.09400642817570021
ergo_adaptive,326.58333333333337,0.12146907876390053,0.09391993423917801
ergo_adaptive,326.66666666666663,0.12294141909996416,0.09388231972653305
ergo_adaptive,326.75,0.11594590792518195,0.09393554984230862
ergo_adaptive,326.83333333333337,0.10323143127554525,0.09399967828398283
ergo_adaptive,326.91666666666663,0.09788062095743302,0.09420608770830687
ergo_adaptive,327.0,0.10337710007299229,0.09448895132207788
ergo_adaptive,327.08333333333337,0.10711773408832043,0.09475016293801333
ergo_adaptive,327.16666666666663,0.1091814436552606,0.0949680565278996
ergo_adaptive,327.25,0.11115367651570707,0.09515007186640735
ergo_adaptive,327.33333333333337,0.11161487514655093,0.09531066956824098
ergo_adaptive,327.41666666666663,0.11063530173499521,0.09547869807018411
ergo_adaptive,327.5,0.11061780634695605,0.09567620122594445
ergo_adaptive,327.58333333333337,0.11130222092571762,0.09583679710315626
ergo_adaptive,327.66666666666663,0.11117074790712403,0.09594753705011505
ergo_adaptive,327.75,0.1109717625643973,0.09603861738516017
ergo_adaptive,327.83333333333337,0.11146644713050564,0.09613466173207322
ergo_adaptive,327.91666666666663,0.11136584593877122,0.09622623406914564
ergo_adaptive,328.0,0.1113524666344604,0.09630678480645963
ergo_adaptive,328.08333333333337,0.11163574161963136,0.0963785386670936
ergo_adaptive,328.16666666666663,0.11238495488659848,0.09646139585949456
ergo_adaptive,328.25,0.11209635535136624,0.09659462488200107
ergo_adaptive,328.33333333333337,0.11179265589181708,0.0967315116904492
ergo_adaptive,328.41666666666663,0.11089800414463384,0.09679110754883234
ergo_adaptive,328.5,0.11170095045972459,0.09680645100042262
ergo_adaptive,328.58333333333337,0.1118446149837896,0.09682063455447222
ergo_adaptive,328.66666666666663,0.11226618365511905,0.09685678815899522
ergo_adaptive,328.75,0.11214424592606712,0.09691874766318151
ergo_adaptive,328.83333333333337,0.11280009672351875,0.09698226600848628
ergo_adaptive,328.91666666666663,0.11357794448633554,0.09701889565910485
ergo_adaptive,329.0,0.11358085997652076,0.09703834856379524
ergo_adaptive,329.08333333333337,0.11466841940109038,0.09706110856866867
ergo_adaptive,329.16666666666663,0.11394653925442154,0.09706945535829803
ergo_adaptive,329.25,0.11437312660726426,0.09706343109395675
ergo_adaptive,329.33333333333337,0.11435551813678235,0.09705152956409172
ergo_adaptive,329.41666666666663,0.11338266876346043,0.09702719276788249
ergo_adaptive,329.5,0.11333085993191325,0.09699632451375813
ergo_adaptive,329.58333333333337,0.11348202370432658,0.09697067336777093
ergo_adaptive,329.66666666666663,0.11239145574692108,0.09693149267435265
ergo_adaptive,329.75,0.11321063034666119,0.09688679286215396
ergo_adaptive,329.83333333333337,0.11264132296310705,0.09681978735438063
ergo_adaptive,329.91666666666663,0.11268679317253143,0.09675540237973373
ergo_adaptive,330.0,0.1142366408814915,0.0967143695512841
ergo_adaptive,330.08333333333337,0.11501830636085336,0.09667505903010933
ergo_adaptive,330.16666666666663,0.11444888101332495,0.09659965902479452
ergo_adaptive,330.25,0.11380551704639268,0.09647904659709086
ergo_adaptive,330.33333333333337,0.11394311028906146,0.09635669783219747
ergo_adaptive,330.41666666666663,0.11466641062383395,0.09630562571991429
ergo_adaptive,330.5,0.11403235100044976,0.09624165665356552
ergo_adaptive,330.58333333333337,0.11501763896695902,0.09610136374821888
ergo_adaptive,330.66666666666663,0.11572047036554231,0.09594733403164636
ergo_adaptive,330.75,0.11569622882590226,0.09583586322381793
ergo_adaptive,330.83333333333337,0.11608461234968773,0.09576054009537802
ergo_adaptive,330.91666666666663,0.11584220471438511,0.0956496805891697
ergo_adaptive,331.0,0.11455426758721944,0.09549686140068182
ergo_adaptive,331.08333333333337,0.11530101590417104,0.0953571911017651
ergo_adaptive,331.16666666666663,0.11578888543181222,0.09526512970610063
ergo_adaptive,331.25,0.11627734794957303,0.09515390518489798
ergo_adaptive,331.33333333333337,0.1160388531662396,0.09498275048139088
ergo_adaptive,331.41666666666663,0.11571634805479658,0.09480810253119591
ergo_adaptive,331.5,0.11569290828477267,0.09470227464413977
ergo_adaptive,331.58333333333337,0.11515750962768287,0.09460722037052105
ergo_adaptive,331.66666666666663,0.11472417715836869,0.0944355311598059
ergo_adaptive,331.75,0.11539359001190619,0.0945546264505979
ergo_adaptive,331.83333333333337,0.11683963847255446,0.09465726649681613
ergo_adaptive,331.91666666666663,0.11561983058593155,0.09465398616231013
ergo_adaptive,332.0,0.11697984670295536,0.09481962572701991
ergo_adaptive,332.08333333333337,0.11728686903576713,0.09495842166943215
ergo_adaptive,332.16666666666663,0.11820583581828718,0.09504772526250092
ergo_adaptive,332.25,0.11735205226937247,0.09509309501140242
ergo_adaptive,332.33333333333337,0.117706386041704,0.0951157011072631
ergo_adaptive,332.41666666666663,0.11848823256983464,0.09508816402072381
ergo_adaptive,332.5,0.11866955060544956,0.09495779547466109
ergo_adaptive,332.58333333333337,0.11674883559387952,0.09482379934081173
ergo_adaptive,332.66666666666663,0.1170319472232326,0.09495357945874067
ergo_adaptive,332.75,0.11802142873176827,0.09520038049863666
ergo_adaptive,332.83333333333337,0.11807495928663289,0.09548707896120141
ergo_adaptive,332.91666666666663,0.1187004107297768,0.09578352306889619
ergo_adaptive,333.0,0.11884137903178914,0.09601970809069996
ergo_adaptive,333.08333333333337,0.11940887704112463,0.0961818329443766
ergo_adaptive,333.16666666666663,0.12014316438848767,0.09629858976611941
ergo_adaptive,333.25,0.1200330266096551,0.09641320477726259
ergo_adaptive,333.33333333333337,0.11882024266464251,0.09652986721801388
ergo_adaptive,333.41666666666663,0.1197649391833999,0.0966161817094488
ergo_adaptive,333.5,0.11950512980306069,0.096686275063936
ergo_adaptive,333.58333333333337,0.12054904900907389,0.09678116997057358
ergo_adaptive,333.66666666666663,0.12057468561951418,0.09689775281693074
ergo_adaptive,333.75,0.12046950918461918,0.09699001716027987
ergo_adaptive,333.83333333333337,0.12032382159735802,0.097057015280439
ergo_adaptive,333.91666666666663,0.12014377808421557,0.09712515131549737
ergo_adaptive,334.0,0.12044367652990434,0.0972091728676279
ergo_adaptive,334.08333333333337,0.1203917691241678,0.09728616474943151
ergo_adaptive,334.16666666666663,0.12105728033101112,0.09734036070994267
ergo_adaptive,334.25,0.1219625162410958,0.09737547938462851
ergo_adaptive,334.33333333333337,0.12270446920503024,0.09741295728882048
ergo_adaptive,334.41666666666663,0.12316433298657828,0.0974999829445559
ergo_adaptive,334.5,0.12262178546054082,0.0975590461316354
ergo_adaptive,334.58333333333337,0.12273921413151725,0.0975368555065886
ergo_adaptive,334.66666666666663,0.12328627026337155,0.09747183978263053
ergo_adaptive,334.75,0.12410094122130812,0.0974086411976853
ergo_adaptive,334.83333333333337,0.12474373247046823,0.09736879269955502
ergo_adaptive,334.91666666666663,0.1237518173791987,0.09735411961445305
ergo_adaptive,335.0,0.1242222076153725,0.09734598333326558
ergo_adaptive,335.08333333333337,0.12249979542328394,0.09732797839414842
ergo_adaptive,335.16666666666663,0.121179865991087,0.09732536538012983
ergo_adaptive,335.25,0.12260133698971819,0.09737174842303949
ergo_adaptive,335.33333333333337,0.12267180097844092,0.09740120078819048
ergo_adaptive,335.41666666666663,0.1241633826164629,0.09738756127762824
ergo_adaptive,335.5,0.1237935890235416,0.09735874387165787
ergo_adaptive,335.58333333333337,0.1234105658486414,0.09734532340706764
ergo_adaptive,335.66666666666663,0.12302918738319549,0.0973541784035183
ergo_adaptive,335.75,0.12262721929245018,0.09737477577383545
ergo_adaptive,335.83333333333337,0.12228853143955368,0.09739051881553049
ergo_adaptive,335.91666666666663,0.12233050572826695,0.0974087284872387
ergo_adaptive,336.0,0.12270142162679953,0.09747403050872017
ergo_adaptive,336.08333333333337,0.12378849043847685,0.09758350873069745
ergo_adaptive,336.16666666666663,0.12446250820753103,0.09761877739236098
ergo_adaptive,336.25,0.12494327262100483,0.09760033228919651
ergo_adaptive,336.33333333333337,0.12454067066682109,0.09758203095716171
ergo_adaptive,336.41666666666663,0.12492469937377876,0.09758779847864774
ergo_adaptive,336.5,0.12478575577719071,0.0976015377007132
ergo_adaptive,336.58333333333337,0.12381590060514344,0.09760718541849804
ergo_adaptive,336.66666666666663,0.12419827266961049,0.09760745472501524
ergo_adaptive,336.75,0.1247753694333649,0.09762865794393961
ergo_adaptive,336.83333333333337,0.12499964891980997,0.0976939827732725
ergo_adaptive,336.91666666666663,0.1272093549635968,0.09775822956609759
ergo_adaptive,337.0,0.12694237628542376,0.09776834605584872
ergo_adaptive,337.08333333333337,0.12995745940120149,0.0977637532778032
ergo_adaptive,337.16666666666663,0.1308032865299584,0.09780728223971939
ergo_adaptive,337.25,0.11764691774394528,0.09788462486310856
ergo_adaptive,337.33333333333337,0.10994888886688256,0.09793223687175226
ergo_adaptive,337.41666666666663,0.10431312003431929,0.09797535577210448
ergo_adaptive,337.5,0.1024500240914714,0.09817114698798617
ergo_adaptive,337.58333333333337,0.09967732094068553,0.09844371782376153
ergo_adaptive,337.66666666666663,0.10033322390097066,0.09874745069664607
ergo_adaptive,337.75,0.10374333103821544,0.09901649133184467
ergo_adaptive,337.83333333333337,0.1065251470969779,0.09922802334197531
ergo_adaptive,337.91666666666663,0.1076811184361649,0.09939710422209765
ergo_adaptive,338.0,0.10809745306663505,0.09955188784218068
ergo_adaptive,338.08333333333337,0.10768010668384,0.09969237708268879
ergo_adaptive,338.16666666666663,0.10766173669764373,0.09978270507423105
ergo_adaptive,338.25,0.10782654356006463,0.09983032590094675
ergo_adaptive,338.33333333333337,0.10729935187335693,0.09987651125034984
ergo_adaptive,338.41666666666663,0.108661212765675,0.09995126154190959
ergo_adaptive,338.5,0.10993698327764487,0.09999633957478615
ergo_adaptive,338.58333333333337,0.11050861055620388,0.09999269096241524
ergo_adaptive,338.66666666666663,0.10992227195098263,0.09997347137373591
ergo_adaptive,338.75,0.10982553728501981,0.09999907247306329
ergo_adaptive,338.83333333333337,0.11002711961077066,0.1000386256278688
ergo_adaptive,338.91666666666663,0.10980668411438957,0.10004087057878201
ergo_adaptive,339.0,0.11005171904449002,0.1000394700955514
ergo_adaptive,339.08333333333337,0.10957620293607075,0.10009369970161075
ergo_adaptive,339.16666666666663,0.11014242011623171,0.10018934139348544
ergo_adaptive,339.25,0.11029161896121253,0.10022454285928231
ergo_adaptive,339.33333333333337,0.1107220806758973,0.10022361558859741
ergo_adaptive,339.41666666666663,0.111046953371685,0.10025322856904817
ergo_adaptive,339.5,0.11084084308795958,0.10034697372186133
ergo_adaptive,339.58333333333337,0.11113055906763261,0.10038678313914372
ergo_adaptive,339.66666666666663,0.11145707534624165,0.1003684467127871
ergo_adaptive,339.75,0.11069888988126556,0.10035190401197612
ergo_adaptive,339.83333333333337,0.11102968339084791,0.10040422465104969
ergo_adaptive,339.91666666666663,0.11111053353600572,0.10046175872484879
ergo_adaptive,340.0,0.11120154427866759,0.1004651926613297
ergo_adaptive,340.08333333333337,0.11069828094109851,0.1004550371183242
ergo_adaptive,340.16666666666663,0.11096668036115809,0.10049664522707115
ergo_adaptive,340.25,0.11162520954694312,0.10057296824265789
ergo_adaptive,340.33333333333337,0.1112255525220172,0.10060528041395675
ergo_adaptive,340.41666666666663,0.11192278430097881,0.10060807340653968
ergo_adaptive,340.5,0.11223782348799549,0.10061405829978327
ergo_adaptive,340.58333333333337,0.1123477534272582,0.10064609346160186
ergo_adaptive,340.66666666666663,0.11294730782859388,0.10073037441633642
ergo_adaptive,340.75,0.11331447974696009,0.10084497878664801
ergo_adaptive,340.83333333333337,0.11319209057701433,0.10090125930821872
ergo_adaptive,340.91666666666663,0.11288993674985282,0.10091317050394615
ergo_adaptive,341.0,0.11194141208810154,0.10092092638940682
ergo_adaptive,341.08333333333337,0.11230860716222853,0.1009389613879794
ergo_adaptive,341.16666666666663,0.11276890048335794,0.10094159559063969
ergo_adaptive,341.25,0.11338679357083373,0.10089636271626004
ergo_adaptive,341.33333333333337,0.11273057608469282,0.10081964736824668
ergo_adaptive,341.41666666666663,0.11266798473958314,0.10074909226231463
ergo_adaptive,341.5,0.11270751124389577,0.10069811926653918
ergo_adaptive,341.58333333333337,0.11310868100572666,0.10064126688476405
ergo_adaptive,341.66666666666663,0.11276137824118335,0.10057075078630028
ergo_adaptive,341.75,0.11296296326743632,0.10051325768756424
ergo_adaptive,341.83333333333337,0.11304747702204201,0.10048779403316838
ergo_adaptive,341.91666666666663,0.1139369839753905,0.10046352780928977
ergo_adaptive,342.0,0.11411792656579181,0.10041612838950804
ergo_adaptive,342.08333333333337,0.11422219525017244,0.10036769181944394
ergo_adaptive,342.16666666666663,0.11494382239883658,0.10035863247892987
ergo_adaptive,342.25,0.11433094384747128,0.1003593902604981
ergo_adaptive,342.33333333333337,0.11550635992648864,0.10032580541674643
ergo_adaptive,342.41666666666663,0.11553231025184228,0.10027328899941475
ergo_adaptive,342.5,0.11525392084053543,0.10025373793493478
ergo_adaptive,342.58333333333337,0.11683196377370195,0.10026763796372039
ergo_adaptive,342.66666666666663,0.11806179950521989,0.10023838561480147
ergo_adaptive,342.75,0.11756130330381039,0.10017077002731774
ergo_adaptive,342.83333333333337,0.11543663913586852,0.10010207880243685
ergo_adaptive,342.91666666666663,0.11422194294478354,0.10005596160470363
ergo_adaptive,343.0,0.1145025910793776,0.09999181686373096
ergo_adaptive,343.08333333333337,0.1159968302351393,0.09987309166340583
ergo_adaptive,343.16666666666663,0.11633439506562653,0.09972027812459969
ergo_adaptive,343.25,0.11759271652211449,0.09955968235943716
ergo_adaptive,343.33333333333337,0.1171183687066173,0.09935526115801797
ergo_adaptive,343.41666666666663,0.11702440261938582,0.0990796642125606
ergo_adaptive,343.5,0.11722821421263976,0.09877666616315395
ergo_adaptive,343.58333333333337,0.11707867237516548,0.0984968409519688
ergo_adaptive,343.66666666666663,0.11524310870156353,0.09825632777208716
ergo_adaptive,343.75,0.11678232311712462,0.0980226862800998
ergo_adaptive,343.83333333333337,0.11818671963244878,0.09775821273861177
ergo_adaptive,343.91666666666663,0.11874578944085912,0.09749325461878394
ergo_adaptive,344.0,0.11946835054588825,0.09728832951870969
ergo_adaptive,344.08333333333337,0.12020875247886864,0.09710314989623649
ergo_adaptive,344.16666666666663,0.11783512923480643,0.09681061013330873
ergo_adaptive,344.25,0.11570162751106716,0.09644738523012893
ergo_adaptive,344.33333333333337,0.11507007158410064,0.0960870243031059
ergo_adaptive,344.41666666666663,0.11628627395802647,0.09577781959903733
ergo_adaptive,344.5,0.11575491138171098,0.09553636333902697
ergo_adaptive,344.58333333333337,0.11595910022200355,0.09531393788420009
ergo_adaptive,344.66666666666663,0.11616776382507962,0.09503459394310908
ergo_adaptive,344.75,0.115941635955315,0.09473143644568796
ergo_adaptive,344.83333333333337,0.11731552649175578,0.09446112744973245
ergo_adaptive,344.91666666666663,0.11757583054165012,0.09420240060114957
ergo_adaptive,345.0,0.11799224097970201,0.0939259667645929
ergo_adaptive,345.08333333333337,0.1179677224603326,0.09363843863487538
ergo_adaptive,345.16666666666663,0.11841813759182242,0.09336254115213569
ergo_adaptive,345.25,0.11819685885385307,0.0931442305993529
ergo_adaptive,345.33333333333337,0.11917986246997823,0.09302388402307607
ergo_adaptive,345.41666666666663,0.11826365165686413,0.09284545550199694
ergo_adaptive,345.5,0.11966508551664048,0.09255923678354398
ergo_adaptive,345.58333333333337,0.11984783374311987,0.0922470443180854
ergo_adaptive,345.66666666666663,0.120792335946488,0.09197485647607079
ergo_adaptive,345.75,0.11956937910929752,0.09176786725750842
ergo_adaptive,345.83333333333337,0.1192522258447659,0.09160928671752937
ergo_adaptive,345.91666666666663,0.11843208188154446,0.09143488179898412
ergo_adaptive,346.0,0.11907143135946649,0.09122964489999508
ergo_adaptive,346.08333333333337,0.11957099641028202,0.091052728604197
ergo_adaptive,346.16666666666663,0.12050916025172585,0.09091085084563862
ergo_adaptive,346.25,0.12008681642627801,0.090739033229167
ergo_adaptive,346.33333333333337,0.120484018174432,0.09053117571475504
ergo_adaptive,346.41666666666663,0.12024171029970022,0.09032292398944905
ergo_adaptive,346.5,0.12147238373932254,0.0901564843456098
ergo_adaptive,346.58333333333337,0.12105132930349424,0.0900734865641562
ergo_adaptive,346.66666666666663,0.12117104480601014,0.09003710890714214
ergo_adaptive,346.75,0.12291873279669292,0.08990580619589945
ergo_adaptive,346.83333333333337,0.12369750475851517,0.08971276643561966
ergo_adaptive,346.91666666666663,0.12315381794136018,0.08953754315134366
ergo_adaptive,347.0,0.12288544419402905,0.08940889359823907
ergo_adaptive,347.08333333333337,0.12244550578952415,0.08933870414449202
ergo_adaptive,347.16666666666663,0.1215914827548485,0.08929493876697255
ergo_adaptive,347.25,0.12264906776080374,0.08922781149823379
ergo_adaptive,347.33333333333337,0.12368564277229784,0.08914548920484884
ergo_adaptive,347.41666666666663,0.12320491655056598,0.08911401879437508
ergo_adaptive,347.5,0.12377255576355657,0.08910918164122682
ergo_adaptive,347.58333333333337,0.12491369101270129,0.08908096748902632
ergo_adaptive,347.66666666666663,0.12603929315531648,0.08903367538527199
ergo_adaptive,347.75,0.12685913593585924,0.08900828232568196
ergo_adaptive,347.83333333333337,0.12827287974392884,0.08902700983563928
ergo_adaptive,347.91666666666663,0.11545516779395022,0.08906692937141687
ergo_adaptive,348.0,0.10653764553008235,0.08911940850197438
ergo_adaptive,348.08333333333337,0.09999424071857649,0.08922402355481396
ergo_adaptive,348.16666666666663,0.09714825716004723,0.08942278463031125
ergo_adaptive,348.25,0.09593298674462979,0.089689161375032
ergo_adaptive,348.33333333333337,0.0968850722355038,0.08998065207492706
ergo_adaptive,348.41666666666663,0.09964127838014027,0.09025938378713111
ergo_adaptive,348.5,0.10131619010803578,0.09050627796424843
ergo_adaptive,348.58333333333337,0.10242037327763384,0.09072985470211274
ergo_adaptive,348.66666666666663,0.10288666380931535,0.09095095844450285
ergo_adaptive,348.75,0.10275925958134914,0.09117297159953484
ergo_adaptive,348.83333333333337,0.1030080544777066,0.09136684114990878
ergo_adaptive,348.91666666666663,0.10312376171076304,0.0915339214360868
ergo_adaptive,349.0,0.10328030460968848,0.0917046496275202
ergo_adaptive,349.08333333333337,0.10397750791450563,0.09190429398340416
ergo_adaptive,349.16666666666663,0.10417704961547884,0.09207247197927185
ergo_adaptive,349.25,0.10418018279960681,0.09218816860079565
ergo_adaptive,349.33333333333337,0.10415383890305614,0.09229758436138263
ergo_adaptive,349.41666666666663,0.10423528416045529,0.0924486034380949
ergo_adaptive,349.5,0.10441383043853314,0.09259147993863118
ergo_adaptive,349.58333333333337,0.10424767395353242,0.09267429658525038
ergo_adaptive,349.66666666666663,0.10440756469726598,0.09273364306465748
ergo_adaptive,349.75,0.10501274440634192,0.09281279631128725
ergo_adaptive,349.83333333333337,0.10544804232728176,0.09290796205338661
ergo_adaptive,349.91666666666663,0.10564869454249505,0.09298606651420553
ergo_adaptive,350.0,0.10545425012329047,0.09304140092005946
ergo_adaptive,350.08333333333337,0.10588038949217127,0.09310157996802658
ergo_adaptive,350.16666666666663,0.10608393186931202,0.09317962971575858
ergo_adaptive,350.25,0.105963669747725,0.09325675136926756
ergo_adaptive,350.33333333333337,0.10642103936936229,0.09332016289761355
ergo_adaptive,350.41666666666663,0.10641982365577338,0.09338441738736629
ergo_adaptive,350.5,0.10683864483054276,0.09346683561899152
ergo_adaptive,350.58333333333337,0.10672337681358646,0.09355912187065189
ergo_adaptive,350.66666666666663,0.10677733734518954,0.09364320990153142
ergo_adaptive,350.75,0.10707588602405248,0.09372296791472357
ergo_adaptive,350.83333333333337,0.10719682244696774,0.0938207829007307
ergo_adaptive,350.91666666666663,0.10684859471248234,0.0939395951102304
ergo_adaptive,351.0,0.10695267316912323,0.0940559697276191
ergo_adaptive,351.08333333333337,0.10733669033712143,0.09420081410182637
ergo_adaptive,351.16666666666663,0.10785973676634504,0.09438769063163716
ergo_adaptive,351.25,0.10824864136825818,0.09463074330871989
ergo_adaptive,351.33333333333337,0.10912572494712103,0.09491965275623676
ergo_adaptive,351.41666666666663,0.10954016581818966,0.09522372895542798
ergo_adaptive,351.5,0.11009771369730223,0.09553139769789448
ergo_adaptive,351.58333333333337,0.11058291153000628,0.0958378650911501
ergo_adaptive,351.66666666666663,0.11045839884420885,0.09614063875486739
ergo_adaptive,351.75,0.11109042266641142,0.09643818272354299
ergo_adaptive,351.83333333333337,0.11170280365427164,0.09672984127666077
ergo_adaptive,351.91666666666663,0.11177403876316258,0.09701582782523085
ergo_adaptive,352.0,0.11248826766594684,0.09729592895398034
ergo_adaptive,352.08333333333337,0.11287127513547704,0.09757017722020749
ergo_adaptive,352.16666666666663,0.11308276360403086,0.09783870106066674
ergo_adaptive,352.25,0.11334244637322141,0.09810214568078261
ergo_adaptive,352.33333333333337,0.11333073366631373,0.0983605294970924
ergo_adaptive,352.41666666666663,0.11327897744916811,0.09861413874221917
ergo_adaptive,352.5,0.1139228337149497,0.09886330450976184
ergo_adaptive,352.58333333333337,0.1142814211106951,0.09910855599920632
ergo_adaptive,352.66666666666663,0.11508630607274631,0.09935073150951472
ergo_adaptive,352.75,0.11593243063771981,0.09958966410006749
ergo_adaptive,352.83333333333337,0.11605305241849605,0.09982577724811806
ergo_adaptive,352.91666666666663,0.11674992969228325,0.10005943094585464
ergo_adaptive,353.0,0.1167559121435911,0.10029065412931606
ergo_adaptive,353.08333333333337,0.11748464963185568,0.10051958844223548
ergo_adaptive,353.16666666666663,0.11794423158609096,0.10074621673132848
ergo_adaptive,353.25,0.11798701695676556,0.10097066459325527
ergo_adaptive,353.33333333333337,0.11759884459164834,0.10119317269685887
ergo_adaptive,353.41666666666663,0.11787508848921206,0.10141412519948569
ergo_adaptive,353.5,0.11826251674434397,0.1016333664135213
ergo_adaptive,353.58333333333337,0.11883112473639516,0.1018509334818969
ergo_adaptive,353.66666666666663,0.11866115523858471,0.1020668357308306
ergo_adaptive,353.75,0.11901070028945723,0.1022815124954646
ergo_adaptive,353.83333333333337,0.11826888759937977,0.10249491229900709
ergo_adaptive,353.91666666666663,0.11837461166462344,0.10270744123519819
ergo_adaptive,354.0,0.11803166954647872,0.1029187456735573
ergo_adaptive,354.08333333333337,0.11846387504917205,0.10312884323394936
ergo_adaptive,354.16666666666663,0.11833239919620436,0.10333770254192853
ergo_adaptive,354.25,0.11863975629868899,0.10354556296860964
ergo_adaptive,354.33333333333337,0.11915633163196938,0.10375261172543149
ergo_adaptive,354.41666666666663,0.1204358560516308,0.10395840646095537
ergo_adaptive,354.5,0.12102921898126873,0.10416271389905504
ergo_adaptive,354.58333333333337,0.12127352273449515,0.10436569360009527
ergo_adaptive,354.66666666666663,0.12142433786715073,0.10456749789592926
ergo_adaptive,354.75,0.12209121065700282,0.10476845287060374
ergo_adaptive,354.83333333333337,0.12182290360973572,0.10496816958195103
ergo_adaptive,354.91666666666663,0.12268922856767919,0.10516695531404652
ergo_adaptive,355.0,0.1227572183045328,0.10536463611519759
ergo_adaptive,355.08333333333337,0.1230908838266379,0.10556156247827496
ergo_adaptive,355.16666666666663,0.12331854601821295,0.10575743345665034
ergo_adaptive,355.25,0.12412750876115394,0.10595230020094301
ergo_adaptive,355.33333333333337,0.12406992706702077,0.10614555681679519
ergo_adaptive,355.41666666666663,0.12469024279578377,0.10633859012018411
ergo_adaptive,355.5,0.12414438869869017,0.10653016280323238
ergo_adaptive,355.58333333333337,0.12408088979178752,0.10672192315338812
ergo_adaptive,355.66666666666663,0.1252634704923158,0.1069132712037345
ergo_adaptive,355.75,0.12642680634433004,0.10710113782562643
ergo_adaptive,355.83333333333337,0.1268463804627466,0.10728803279779468
ergo_adaptive,355.91666666666663,0.1264558139649805,0.10743585413845529
ergo_adaptive,356.0,0.12714529820259657,0.107550295015397
ergo_adaptive,356.08333333333337,0.1272076099277492,0.107631549347323
ergo_adaptive,356.16666666666663,0.12753058927790498,0.10766767742154659
ergo_adaptive,356.25,0.12720187234992922,0.10766991525130135
ergo_adaptive,356.33333333333337,0.12719032580600848,0.1076757393705578
ergo_adaptive,356.41666666666663,0.12784576404815662,0.10769511620759259
ergo_adaptive,356.5,0.12899067253012647,0.10767729545854596
ergo_adaptive,356.58333333333337,0.12897782840195116,0.10762315244482112
ergo_adaptive,356.66666666666663,0.12880157871212777,0.10758120622524152
ergo_adaptive,356.75,0.12875067643286178,0.10759214496605903
ergo_adaptive,356.83333333333337,0.12825523069667774,0.1075695850392609
ergo_adaptive,356.91666666666663,0.12737717799155862,0.1074975518352551
ergo_adaptive,357.0,0.12818669284223455,0.10742459147634716
ergo_adaptive,357.08333333333337,0.12675767200844068,0.10741384896165851
ergo_adaptive,357.16666666666663,0.1275392808491678,0.1074031289504567
ergo_adaptive,357.25,0.1271214627758439,0.10733803651219723
ergo_adaptive,357.33333333333337,0.12735380552294273,0.10725229055669379
ergo_adaptive,357.41666666666663,0.1273055548035901,0.10719879301800868
ergo_adaptive,357.5,0.12701728916444693,0.10717884997861268
ergo_adaptive,357.58333333333337,0.1280805938561343,0.10713882254519586
ergo_adaptive,357.66666666666663,0.1290790883774841,0.10707878929726602
ergo_adaptive,357.75,0.1294850903907851,0.1070302084776281
ergo_adaptive,357.83333333333337,0.13007842828310262,0.10701107653453815
ergo_adaptive,357.91666666666663,0.13026395919720982,0.1069954503105483
ergo_adaptive,358.0,0.1294736144946985,0.10696818511528539
ergo_adaptive,358.08333333333337,0.12888260811600116,0.10694801695890685
ergo_adaptive,358.16666666666663,0.12888277197402015,0.10695464900050494
ergo_adaptive,358.25,0.12951850473669063,0.10697622754374132
ergo_adaptive,358.33333333333337,0.13174657161544842,0.10699537082660986
ergo_adaptive,358.41666666666663,0.13599897563414284,0.10700568637749532
ergo_adaptive,358.5,0.13998909355974834,0.10701332838636232
ergo_adaptive,358.58333333333337,0.13483719072898576,0.10701450615131959
ergo_adaptive,358.66666666666663,0.12461955071934577,0.10698191351056804
ergo_adaptive,358.75,0.11712156670328627,0.10693966935547168
ergo_adaptive,358.83333333333337,0.11464406852909624,0.10703619579098846
ergo_adaptive,358.91666666666663,0.11229910253991471,0.10725674404410415
ergo_adaptive,359.0,0.10960520935322322,0.10752019071479524
ergo_adaptive,359.08333333333337,0.11332841435654208,0.10778029331587877
ergo_adaptive,359.16666666666663,0.11495666310929668,0.10801255975851322
ergo_adaptive,359.25,0.11676507811915889,0.10820755653357361
ergo_adaptive,359.33333333333337,0.11781202497260274,0.10836917835875388
ergo_adaptive,359.41666666666663,0.11785722133950258,0.10850841544111078
ergo_adaptive,359.5,0.11710893989003635,0.10862754876961221
ergo_adaptive,359.58333333333337,0.11692270681257128,0.10871869429451744
ergo_adaptive,359.66666666666663,0.11664740448569101,0.1087898369736521
ergo_adaptive,359.75,0.11669236336567977,0.10886821980010424
ergo_adaptive,359.83333333333337,0.11767951283490008,0.10895049497851489
ergo_adaptive,359.91666666666663,0.11838768886425423,0.1090046752633466
ergo_adaptive,360.0,0.1186811970802124,0.10903305376251526
