strategy,mission_minutes,estimated_target_deficit,ground_truth_target_deficit
ergo_adaptive,0.0,0.0,0.11905974690476614
ergo_adaptive,0.08333333333337123,0.0,0.1144635646606789
ergo_adaptive,0.16666666666662877,0.0,0.11327811129109605
ergo_adaptive,0.25,0.0,0.11268982993774448
ergo_adaptive,0.33333333333337123,0.0,0.11230856861553432
ergo_adaptive,0.41666666666662877,9.399980637134586e-7,0.11203196471956643
ergo_adaptive,0.5,0.0,0.11183082290684285
ergo_adaptive,0.5833333333333712,6.901671610137936e-5,0.11167968031793814
ergo_adaptive,0.6666666666666288,0.0006613944713372751,0.11156389046910972
ergo_adaptive,0.75,0.0007924826294783699,0.11147654779393351
ergo_adaptive,0.8333333333333712,0.0007074497890792766,0.11141292564107605
ergo_adaptive,0.9166666666666288,0.0014342094881325987,0.11137011552944492
ergo_adaptive,1.0,0.0008785048122190107,0.1113466732744536
ergo_adaptive,1.0833333333333712,0.0005033887070135425,0.11134344872509645
ergo_adaptive,1.1666666666666288,0.0013397136515550388,0.1113395776582284
ergo_adaptive,1.25,0.00150963815547012,0.11132326725280234
ergo_adaptive,1.3333333333333712,0.0,0.11129227738930733
ergo_adaptive,1.4166666666666288,0.0,0.11125368435392761
ergo_adaptive,1.5,0.0,0.11121605423728843
ergo_adaptive,1.5833333333333712,0.0,0.11118548104117612
ergo_adaptive,1.6666666666666288,0.0,0.11116507602143953
ergo_adaptive,1.75,0.0,0.11115662265541067
ergo_adaptive,1.8333333333333712,0.0,0.11116232631323095
ergo_adaptive,1.9166666666666288,0.0,0.11118430232423017
ergo_adaptive,2.0,0.0,0.11121960412702231
ergo_adaptive,2.0833333333333712,0.0,0.11125210728191387
ergo_adaptive,2.1666666666666288,0.0,0.11127034754847005
ergo_adaptive,2.25,0.0,0.11127725086542745
ergo_adaptive,2.3333333333333712,0.0,0.11128233851492868
ergo_adaptive,2.4166666666666288,0.0,0.11129343955934513
ergo_adaptive,2.5,0.0,0.11131486148300854
ergo_adaptive,2.5833333333333712,0.0,0.1113491964966712
ergo_adaptive,2.6666666666666288,0.0,0.11139919786848959
ergo_adaptive,2.75,0.0,0.11146768619926191
ergo_adaptive,2.8333333333333712,0.0,0.11153224441681824
ergo_adaptive,2.9166666666666288,0.0,0.11157736611201861
ergo_adaptive,3.0,0.0,0.11161097491567094
ergo_adaptive,3.0833333333333712,0.0,0.11164430650102421
ergo_adaptive,3.1666666666666288,0.0,0.11168499015632948
ergo_adaptive,3.25,0.0,0.11173603266479191
ergo_adaptive,3.3333333333333712,0.0,0.11179841727107423
ergo_adaptive,3.4166666666666288,0.0,0.11187150471172147
ergo_adaptive,3.5,0.0,0.11194696635626722
ergo_adaptive,3.5833333333333712,0.0,0.11201469221627815
ergo_adaptive,3.6666666666666288,0.0,0.1120764899499637
ergo_adaptive,3.75,0.0,0.11213929295210918
ergo_adaptive,3.8333333333333712,0.0,0.11220722484134205
ergo_adaptive,3.9166666666666288,0.0,0.11228033788889161
ergo_adaptive,4.0,0.0,0.11235762648698935
ergo_adaptive,4.083333333333371,0.0,0.11243729093980184
ergo_adaptive,4.166666666666629,0.0,0.11251635713234795
ergo_adaptive,4.25,0.0,0.11259394350396872
ergo_adaptive,4.333333333333371,0.0,0.11267277902617126
ergo_adaptive,4.416666666666629,0.0,0.11275409961346029
ergo_adaptive,4.5,0.0,0.11283524274691316
ergo_adaptive,4.583333333333371,0.0,0.11291516131143758
ergo_adaptive,4.666666666666629,0.0,0.11299513149839162
ergo_adaptive,4.75,0.0,0.11307564442978707
ergo_adaptive,4.833333333333371,0.0,0.11315713476748117
ergo_adaptive,4.916666666666629,0.0,0.11324101951525324
ergo_adaptive,5.0,0.0,0.11332565676380095
ergo_adaptive,5.083333333333371,0.0,0.11340827484611825
ergo_adaptive,5.166666666666629,0.0,0.11349007458446353
ergo_adaptive,5.25,0.0,0.11357257153455404
ergo_adaptive,5.333333333333371,0.0,0.11365507290504791
ergo_adaptive,5.416666666666629,0.0,0.11373738997006452
ergo_adaptive,5.5,0.0,0.11381982487471497
ergo_adaptive,5.583333333333371,0.0,0.11390200844718562
ergo_adaptive,5.666666666666629,0.0,0.11398597254060917
ergo_adaptive,5.75,0.0,0.11407294912576584
ergo_adaptive,5.833333333333371,0.0,0.11415751176119249
ergo_adaptive,5.916666666666629,0.0,0.11423724435686203
ergo_adaptive,6.0,0.0,0.11431523188422316
ergo_adaptive,6.083333333333371,0.0,0.11439493241497276
ergo_adaptive,6.166666666666629,0.0,0.11447889066568517
ergo_adaptive,6.25,0.0,0.11456686903862456
ergo_adaptive,6.333333333333371,0.0,0.11465169206238672
ergo_adaptive,6.416666666666629,0.0,0.1147318821898667
ergo_adaptive,6.5,0.0,0.11481202101961342
ergo_adaptive,6.583333333333371,0.0,0.11489438290132044
ergo_adaptive,6.666666666666629,0.0,0.11497579493661166
ergo_adaptive,6.75,0.0,0.11505472675264371
ergo_adaptive,6.833333333333371,0.0,0.11513314695909428
ergo_adaptive,6.916666666666629,0.0,0.11521374655638186
ergo_adaptive,7.0,0.0,0.11529759006331802
ergo_adaptive,7.083333333333371,0.0,0.11538253665292499
ergo_adaptive,7.166666666666629,0.0,0.11546587247101872
ergo_adaptive,7.25,0.0,0.11554951830953149
ergo_adaptive,7.333333333333371,0.0,0.11563793587087458
ergo_adaptive,7.416666666666629,0.0,0.11572883338528582
ergo_adaptive,7.5,0.0,0.11581404928291683
ergo_adaptive,7.583333333333371,0.0,0.11589608947624386
ergo_adaptive,7.666666666666629,0.0,0.11597947961956778
ergo_adaptive,7.75,0.0,0.11606533319268336
ergo_adaptive,7.833333333333371,0.0,0.11615171305707281
ergo_adaptive,7.916666666666629,0.0,0.1162378741797403
ergo_adaptive,8.0,0.0,0.11632504691434341
ergo_adaptive,8.083333333333371,0.0,0.11641472869962168
ergo_adaptive,8.166666666666629,0.0,0.11650680475653145
ergo_adaptive,8.25,0.0,0.116605967012372
ergo_adaptive,8.333333333333371,0.0,0.11671121774160424
ergo_adaptive,8.416666666666629,0.0,0.1168169069774239
ergo_adaptive,8.5,0.0,0.11692306955150092
ergo_adaptive,8.583333333333371,0.0,0.11702963770727338
ergo_adaptive,8.666666666666629,0.0,0.11713638917819465
ergo_adaptive,8.75,0.0,0.11724305422759757
ergo_adaptive,8.833333333333371,0.0,0.11734923659939148
ergo_adaptive,8.916666666666629,0.0,0.11745451125575469
ergo_adaptive,9.0,0.0,0.11755847513035343
ergo_adaptive,9.083333333333371,0.0,0.11766079116544143
ergo_adaptive,9.166666666666629,0.0,0.11776122315156012
ergo_adaptive,9.25,0.0,0.11785960299038732
ergo_adaptive,9.333333333333371,0.0,0.1179558027431086
ergo_adaptive,9.416666666666629,0.0,0.11805579949047107
ergo_adaptive,9.5,0.0,0.11815196877328546
ergo_adaptive,9.583333333333371,0.0,0.11824623791999214
ergo_adaptive,9.666666666666629,0.0,0.11834077357408389
ergo_adaptive,9.75,0.0,0.11843597741995637
ergo_adaptive,9.833333333333371,0.0,0.1185292317820972
ergo_adaptive,9.916666666666629,0.0,0.11862000412158613
ergo_adaptive,10.0,0.0,0.11870970947128986
ergo_adaptive,10.083333333333371,0.0,0.11879921730923851
ergo_adaptive,10.166666666666629,0.0,0.11888620572893796
ergo_adaptive,10.25,0.0,0.11896919679011554
ergo_adaptive,10.333333333333371,0.0,0.11904961623372697
ergo_adaptive,10.416666666666629,0.0,0.11912917922040628
ergo_adaptive,10.5,0.0,0.11920685171138372
ergo_adaptive,10.583333333333371,0.0,0.11928071240702436
ergo_adaptive,10.666666666666629,0.0,0.11935128137820626
ergo_adaptive,10.75,0.0,0.1194204001074345
ergo_adaptive,10.833333333333371,0.0,0.11948839257517627
ergo_adaptive,10.916666666666629,0.0,0.11955365558421004
ergo_adaptive,11.0,0.0,0.11961530671255625
ergo_adaptive,11.083333333333371,0.0,0.1196750184231872
ergo_adaptive,11.166666666666629,0.0,0.11973530474745071
ergo_adaptive,11.25,0.0,0.11979453057868165
ergo_adaptive,11.333333333333371,0.0,0.11984773400327049
ergo_adaptive,11.416666666666629,0.0,0.11989614985271879
ergo_adaptive,11.5,0.0,0.11994619905293775
ergo_adaptive,11.583333333333371,0.0,0.11999848572815179
ergo_adaptive,11.666666666666629,0.0,0.12004140413347472
ergo_adaptive,11.75,0.0,0.12007544383680725
ergo_adaptive,11.833333333333371,0.0,0.12010717554738294
ergo_adaptive,11.916666666666629,0.0,0.12014017763534328
ergo_adaptive,12.0,0.0,0.12017284300232661
ergo_adaptive,12.083333333333371,0.0,0.12020238522385322
ergo_adaptive,12.166666666666629,0.0,0.12022843541605112
ergo_adaptive,12.25,0.0,0.12025514708985667
ergo_adaptive,12.333333333333371,0.0,0.12028906170612334
ergo_adaptive,12.416666666666629,0.0,0.12031910136508268
ergo_adaptive,12.5,0.0,0.12033266865760046
ergo_adaptive,12.583333333333371,0.0,0.12033733766054948
ergo_adaptive,12.666666666666629,0.0,0.12034229158262655
ergo_adaptive,12.75,0.0,0.12034865009651291
ergo_adaptive,12.833333333333371,0.0,0.12035335927001065
ergo_adaptive,12.916666666666629,0.0,0.1203543326440549
ergo_adaptive,13.0,0.0,0.12035259908355928
ergo_adaptive,13.083333333333371,0.0,0.12035499435551783
ergo_adaptive,13.166666666666629,0.0,0.12036692519504881
ergo_adaptive,13.25,0.0,0.12036436116161997
ergo_adaptive,13.333333333333371,0.0,0.12034193344023693
ergo_adaptive,13.416666666666629,0.0,0.1203118758046461
ergo_adaptive,13.5,0.0,0.1202844146394222
ergo_adaptive,13.583333333333371,0.0,0.12026346328854813
ergo_adaptive,13.666666666666629,0.0,0.12024643776354407
ergo_adaptive,13.75,0.0,0.1202211804177595
ergo_adaptive,13.833333333333371,0.0,0.12018434946635333
ergo_adaptive,13.916666666666629,0.0,0.12014570181718763
ergo_adaptive,14.0,0.0,0.12010745809744452
ergo_adaptive,14.083333333333371,0.0,0.12006096822069424
ergo_adaptive,14.166666666666629,0.0,0.12000501078976814
ergo_adaptive,14.25,0.0,0.11994431277942504
ergo_adaptive,14.333333333333371,0.0,0.11988636071941643
ergo_adaptive,14.416666666666629,0.0,0.11984331505040816
ergo_adaptive,14.5,0.0,0.11980354981805126
ergo_adaptive,14.583333333333371,0.0,0.11972778747324449
ergo_adaptive,14.666666666666629,0.0,0.11962759734965132
ergo_adaptive,14.75,0.0,0.11952389190563996
ergo_adaptive,14.833333333333371,0.0,0.11942825777078893
ergo_adaptive,14.916666666666629,0.0,0.11934368327273108
ergo_adaptive,15.0,0.0,0.11925783492227118
ergo_adaptive,15.083333333333371,0.0,0.11915047031560892
ergo_adaptive,15.166666666666629,0.0,0.11902783880136787
ergo_adaptive,15.25,0.0,0.11890583330766244
ergo_adaptive,15.333333333333371,0.0,0.11877921464835844
ergo_adaptive,15.416666666666629,0.0,0.11863702228188833
ergo_adaptive,15.5,0.0,0.11848143196989544
ergo_adaptive,15.583333333333371,0.0,0.11832089988634219
ergo_adaptive,15.666666666666629,0.0,0.11817154117165977
ergo_adaptive,15.75,0.0,0.11805333856335094
ergo_adaptive,15.833333333333371,0.0,0.11789979073201894
ergo_adaptive,15.916666666666629,0.0,0.11768652397198755
ergo_adaptive,16.0,0.0,0.1174483208242562
ergo_adaptive,16.08333333333337,0.0,0.11721533678929677
ergo_adaptive,16.16666666666663,0.0,0.11699598741890234
ergo_adaptive,16.25,0.0,0.11678344236744458
ergo_adaptive,16.33333333333337,0.0,0.11655378083675998
ergo_adaptive,16.41666666666663,0.0,0.11629899643965763
ergo_adaptive,16.5,0.0,0.11604501462857174
ergo_adaptive,16.58333333333337,0.0,0.11579898314551565
ergo_adaptive,16.66666666666663,0.0,0.11552050499488216
ergo_adaptive,16.75,0.0,0.11520212726876819
ergo_adaptive,16.83333333333337,0.0,0.11486915715527468
ergo_adaptive,16.91666666666663,0.0,0.11454945285917825
ergo_adaptive,17.0,0.0,0.11427073568695176
ergo_adaptive,17.08333333333337,0.0,0.11401594867877934
ergo_adaptive,17.16666666666663,0.0,0.11368499659704151
ergo_adaptive,17.25,0.0,0.1132908791844823
ergo_adaptive,17.33333333333337,0.0,0.11289011750668888
ergo_adaptive,17.41666666666663,0.0,0.11250752722234553
ergo_adaptive,17.5,0.0,0.1121395034682389
ergo_adaptive,17.58333333333337,0.0,0.11177194863318492
ergo_adaptive,17.66666666666663,0.0,0.11138441128202693
ergo_adaptive,17.75,0.0,0.11098924222483827
ergo_adaptive,17.83333333333337,0.0,0.11061642376144178
ergo_adaptive,17.91666666666663,0.0,0.1102315439989218
ergo_adaptive,18.0,0.0,0.1097917672523985
ergo_adaptive,18.08333333333337,0.0,0.10931982056193744
ergo_adaptive,18.16666666666663,0.0,0.10885141620676773
ergo_adaptive,18.25,0.0,0.10841833570227183
ergo_adaptive,18.33333333333337,0.0,0.10804973946124125
ergo_adaptive,18.41666666666663,0.0,0.10766767672237632
ergo_adaptive,18.5,0.0,0.1071860999381049
ergo_adaptive,18.58333333333337,0.0,0.1066579598046966
ergo_adaptive,18.66666666666663,0.0006340856738088068,0.10614498407176728
ergo_adaptive,18.75,0.0,0.10568469860240959
ergo_adaptive,18.83333333333337,3.7093484617453608e-6,0.1052931283099103
ergo_adaptive,18.91666666666663,0.00010155922546862827,0.10491594540442342
ergo_adaptive,19.0,0.0007212002424705961,0.10444786369050685
ergo_adaptive,19.08333333333337,0.0,0.10393713870117938
ergo_adaptive,19.16666666666663,0.0,0.10344309516079207
ergo_adaptive,19.25,0.0,0.10297816004994831
ergo_adaptive,19.33333333333337,0.0003270932375806683,0.10252676489391775
ergo_adaptive,19.41666666666663,0.0,0.10207731887796981
ergo_adaptive,19.5,0.00010397499990838952,0.10162541586899138
ergo_adaptive,19.58333333333337,0.0001352605234364085,0.1012289993403168
ergo_adaptive,19.66666666666663,5.5637340568083394e-5,0.1009161027208126
ergo_adaptive,19.75,0.0003782032471598901,0.10054752327818775
ergo_adaptive,19.83333333333337,0.0006399137086927208,0.10010102915772066
ergo_adaptive,19.91666666666663,0.0004504204019605435,0.09964539602798497
ergo_adaptive,20.0,0.001077085058281542,0.0992359190364122
ergo_adaptive,20.08333333333337,5.822490497585426e-5,0.09889047111081048
ergo_adaptive,20.16666666666663,0.0005149381348739885,0.09879249907182913
ergo_adaptive,20.25,0.000984685469174982,0.0987426947972147
ergo_adaptive,20.33333333333337,0.0019736588966101634,0.09860550449517949
ergo_adaptive,20.41666666666663,0.00422702271470522,0.09833673784508537
ergo_adaptive,20.5,0.0013118609367609828,0.09799612987831753
ergo_adaptive,20.58333333333337,0.0006895906151181653,0.09768311278970314
ergo_adaptive,20.66666666666663,0.0008207737369657058,0.09753912709816143
ergo_adaptive,20.75,0.0009214094193896132,0.09745885424162613
ergo_adaptive,20.83333333333337,0.0008817900148856417,0.09737819962473979
ergo_adaptive,20.91666666666663,0.0007359364283784784,0.09728036403233836
ergo_adaptive,21.0,0.0007986531580900266,0.09727766144482931
ergo_adaptive,21.08333333333337,0.0012837545392717356,0.09733061725193387
ergo_adaptive,21.16666666666663,0.0008516415038404353,0.09741978303153255
ergo_adaptive,21.25,0.0009052060554426137,0.09752674194386557
ergo_adaptive,21.33333333333337,0.000557802966729901,0.09764453175168501
ergo_adaptive,21.41666666666663,0.0008305714534136027,0.09776712363936994
ergo_adaptive,21.5,0.0007793085663910981,0.09785775015602904
ergo_adaptive,21.58333333333337,0.0005882135687261481,0.09797316636296878
ergo_adaptive,21.66666666666663,0.000858919581317112,0.09809522028912974
ergo_adaptive,21.75,0.0009251050987569666,0.09821421127670228
ergo_adaptive,21.83333333333337,0.0005385992921074128,0.09832491405318429
ergo_adaptive,21.91666666666663,0.0012188741120791155,0.09842661676340633
ergo_adaptive,22.0,0.0010278242682390784,0.09853688122491429
ergo_adaptive,22.08333333333337,0.001171590927874876,0.09864531718643063
ergo_adaptive,22.16666666666663,0.0006363332732173832,0.09875149053120653
ergo_adaptive,22.25,0.0008857060102920199,0.09886139359019312
ergo_adaptive,22.33333333333337,0.0008159351656705141,0.09895113547953507
ergo_adaptive,22.41666666666663,0.0011231415179287373,0.09901206539912921
ergo_adaptive,22.5,0.0010325827239814687,0.09908855421047362
ergo_adaptive,22.58333333333337,0.0012819265491509893,0.0991881382637539
ergo_adaptive,22.66666666666663,0.001414559162400682,0.09929679893464725
ergo_adaptive,22.75,0.0012331419245585798,0.09939498078476877
ergo_adaptive,22.83333333333337,0.0008290573827010559,0.09949946168177692
ergo_adaptive,22.91666666666663,0.0010098254141532666,0.0995936337950284
ergo_adaptive,23.0,0.0010687973378358002,0.09969936177288842
ergo_adaptive,23.08333333333337,0.0014009081416560547,0.09980921068807096
ergo_adaptive,23.16666666666663,0.0009563298484171297,0.09991505743693062
ergo_adaptive,23.25,0.0007137653071623056,0.1000221974747452
ergo_adaptive,23.33333333333337,0.0007067908648214785,0.10011310634544889
ergo_adaptive,23.41666666666663,0.00042918293194711747,0.10021585613074181
ergo_adaptive,23.5,0.00021694344964567726,0.10031537431298296
ergo_adaptive,23.58333333333337,0.0003357495847741466,0.10038316292791427
ergo_adaptive,23.66666666666663,0.00026054507933352043,0.10040284617178694
ergo_adaptive,23.75,0.00018455915108932038,0.1003543876253912
ergo_adaptive,23.83333333333337,0.00019811867077272532,0.10024396857843505
ergo_adaptive,23.91666666666663,0.00017108464652894814,0.10021517508661838
ergo_adaptive,24.0,4.022230194771674e-5,0.10025863669916099
ergo_adaptive,24.08333333333337,6.364944230065582e-5,0.10026268962683778
ergo_adaptive,24.16666666666663,1.2548822502929825e-5,0.10031258069502252
ergo_adaptive,24.25,5.720059764224418e-5,0.10031320136428265
ergo_adaptive,24.33333333333337,0.0001398681096741347,0.10035748716136081
ergo_adaptive,24.41666666666663,0.0001204129898168653,0.10046649153877733
ergo_adaptive,24.5,0.0001625422722951859,0.10060867168502617
ergo_adaptive,24.58333333333337,0.00011904051693478866,0.10072483775033383
ergo_adaptive,24.66666666666663,0.00010297795676838988,0.10083685053068327
ergo_adaptive,24.75,0.0001384350613548894,0.10090650461622291
ergo_adaptive,24.83333333333337,0.00027836492852166425,0.1009418087487059
ergo_adaptive,24.91666666666663,0.00022183646371863787,0.10104512271091849
ergo_adaptive,25.0,0.00012594979417793973,0.10111908464832552
ergo_adaptive,25.08333333333337,0.00015091949526595903,0.10118977273112498
ergo_adaptive,25.16666666666663,5.976453822344911e-5,0.10120463253931762
ergo_adaptive,25.25,0.00033888716969094707,0.10114082073187211
ergo_adaptive,25.33333333333337,0.00021502219475127917,0.10113621157567344
ergo_adaptive,25.41666666666663,0.00020390986962661389,0.10120507958219052
ergo_adaptive,25.5,0.0003884247461954484,0.10127641287357367
ergo_adaptive,25.58333333333337,0.00036355945096247755,0.10138895624947972
ergo_adaptive,25.66666666666663,0.0001901311196412718,0.10149547411501596
ergo_adaptive,25.75,0.00012656176925244993,0.10159993529590187
ergo_adaptive,25.83333333333337,2.4812571299413344e-5,0.10164528278849261
ergo_adaptive,25.91666666666663,5.744817607456907e-5,0.10159955833284558
ergo_adaptive,26.0,0.0003459952942469008,0.10145476594199108
ergo_adaptive,26.08333333333337,0.0004011046660768211,0.10128343830694746
ergo_adaptive,26.16666666666663,0.00011679712833084409,0.10120920677299783
ergo_adaptive,26.25,0.00018797917041860253,0.10109978485471255
ergo_adaptive,26.33333333333337,0.0001517476453002813,0.1010691285070717
ergo_adaptive,26.41666666666663,1.1585631325568751e-5,0.10110087362236145
ergo_adaptive,26.5,7.49329533659475e-5,0.10108263670748917
ergo_adaptive,26.58333333333337,0.000145206299904009,0.1010460104577402
ergo_adaptive,26.66666666666663,8.009208483388386e-5,0.10098787779269262
ergo_adaptive,26.75,0.00013667236655630515,0.10096824650948308
ergo_adaptive,26.83333333333337,0.00011716980656213808,0.10094242118050263
ergo_adaptive,26.91666666666663,3.0119125625297953e-5,0.1009890319123312
ergo_adaptive,27.0,1.3598470141239776e-5,0.10104757551083905
ergo_adaptive,27.08333333333337,0.0,0.10108382688378557
ergo_adaptive,27.16666666666663,0.0,0.1010976098067336
ergo_adaptive,27.25,1.7912897042345966e-5,0.10107091893827884
ergo_adaptive,27.33333333333337,8.47563937702678e-6,0.10096245823966303
ergo_adaptive,27.41666666666663,7.051240476219441e-6,0.10080620770776302
ergo_adaptive,27.5,1.0668504430196527e-6,0.10079420965361824
ergo_adaptive,27.58333333333337,8.044206023146231e-5,0.10085822805440228
ergo_adaptive,27.66666666666663,0.0001612712749026206,0.10093498231243002
ergo_adaptive,27.75,0.00018570964307129575,0.10099438896010615
ergo_adaptive,27.83333333333337,5.085692967541471e-5,0.10104821565049232
ergo_adaptive,27.91666666666663,0.00014800827433963362,0.1011308846543536
ergo_adaptive,28.0,6.990359598187764e-5,0.10121334938358686
ergo_adaptive,28.08333333333337,0.0,0.10127067856098157
ergo_adaptive,28.16666666666663,9.78518469150111e-6,0.10127035771715638
ergo_adaptive,28.25,0.0,0.10121680223907512
ergo_adaptive,28.33333333333337,0.0,0.1010818071601476
ergo_adaptive,28.41666666666663,0.0,0.10086054166866629
ergo_adaptive,28.5,0.0,0.10058907424799604
ergo_adaptive,28.58333333333337,0.0,0.10028581710064333
ergo_adaptive,28.66666666666663,1.6828789025060286e-6,0.0999351106198091
ergo_adaptive,28.75,1.9669643783197756e-5,0.09979001445207066
ergo_adaptive,28.83333333333337,7.2539528351944055e-6,0.0997572738839092
ergo_adaptive,28.91666666666663,4.621043408823613e-5,0.099785384683424
ergo_adaptive,29.0,0.00025523424492471697,0.09981369558103641
ergo_adaptive,29.08333333333337,0.0001677393347324243,0.09978104614903094
ergo_adaptive,29.16666666666663,2.3175491431222733e-5,0.09965117399064917
ergo_adaptive,29.25,0.0005284124830716743,0.09958083713760665
ergo_adaptive,29.33333333333337,0.0005347252976425409,0.09946542397377657
ergo_adaptive,29.41666666666663,5.377294589154438e-5,0.09928310302006656
ergo_adaptive,29.5,6.0262916065513566e-5,0.09923779864613792
ergo_adaptive,29.58333333333337,9.93741810798929e-5,0.09927546198979204
ergo_adaptive,29.66666666666663,1.6961334160205856e-5,0.09932679625853284
ergo_adaptive,29.75,1.7725745025847317e-5,0.09937955960044763
ergo_adaptive,29.83333333333337,2.6643691712259284e-5,0.09943344864634987
ergo_adaptive,29.91666666666663,1.3590518896811816e-5,0.09949132465518594
ergo_adaptive,30.0,0.0,0.09957065774756721
ergo_adaptive,30.08333333333337,5.650944734576086e-6,0.09966205278555185
ergo_adaptive,30.16666666666663,9.404738647637566e-5,0.0997436354934136
ergo_adaptive,30.25,4.384411225673434e-5,0.09981561082837835
ergo_adaptive,30.33333333333337,0.00010052787866015244,0.09987570135154406
ergo_adaptive,30.41666666666663,7.29167298901538e-5,0.099911062016109
ergo_adaptive,30.5,0.0003032303959255738,0.09991042358606968
ergo_adaptive,30.58333333333337,0.0002208214321347325,0.09985990971285075
ergo_adaptive,30.66666666666663,0.00023401865184128275,0.09975559252805194
ergo_adaptive,30.75,0.000499656280126235,0.09977375847304808
ergo_adaptive,30.83333333333337,0.00028105403026240205,0.09983092373437465
ergo_adaptive,30.91666666666663,0.00019057433066372434,0.09992517197304432
ergo_adaptive,31.0,8.194308608984342e-5,0.10000076021205907
ergo_adaptive,31.08333333333337,2.520072171046125e-7,0.10004868503609284
ergo_adaptive,31.16666666666663,0.0,0.10011485021743352
ergo_adaptive,31.25,1.97673700549407e-5,0.10017738875123838
ergo_adaptive,31.33333333333337,0.00016828907115525344,0.10024551349280184
ergo_adaptive,31.41666666666663,0.00023087416508080214,0.1003034194816561
ergo_adaptive,31.5,9.586808736956746e-5,0.10034443501445012
ergo_adaptive,31.58333333333337,0.0001602313798070992,0.10040056120086256
ergo_adaptive,31.66666666666663,1.992974787171115e-5,0.10044999789260481
ergo_adaptive,31.75,9.852907358473178e-5,0.1005109126559941
ergo_adaptive,31.83333333333337,9.69525840653734e-5,0.10058406182558742
ergo_adaptive,31.91666666666663,2.5147743627876224e-5,0.10064962997399056
ergo_adaptive,32.0,6.376761452205729e-5,0.10071707476171646
ergo_adaptive,32.08333333333337,0.00010042214062960647,0.10077970065089586
ergo_adaptive,32.16666666666663,6.393227377649279e-5,0.10082916880373781
ergo_adaptive,32.25,9.509232626354474e-6,0.10088700155437193
ergo_adaptive,32.33333333333337,3.6704131641119552e-6,0.10094847077145715
ergo_adaptive,32.41666666666663,1.5158666558118687e-5,0.10099998326010776
ergo_adaptive,32.5,0.00031127729464738694,0.1010289404098604
ergo_adaptive,32.58333333333337,0.0003363982279650028,0.10102516578906696
ergo_adaptive,32.66666666666663,0.0004946457272259307,0.10099073904777663
ergo_adaptive,32.75,0.0006137363133277533,0.10094388353012217
ergo_adaptive,32.83333333333337,0.00036440065561698943,0.10092955486018282
ergo_adaptive,32.91666666666663,0.0003194535044605039,0.10097518122009143
ergo_adaptive,33.0,0.0004581930341280449,0.10102361039368912
ergo_adaptive,33.08333333333337,0.0004206758280223545,0.1010790741772794
ergo_adaptive,33.16666666666663,0.0005247587725572207,0.1011403232770386
ergo_adaptive,33.25,0.0003369984524848426,0.101209293962063
ergo_adaptive,33.33333333333337,0.000534702731569337,0.1012741136569484
ergo_adaptive,33.41666666666663,0.00037238059788276154,0.10134299965917501
ergo_adaptive,33.5,0.00030257004561747155,0.10140320140094271
ergo_adaptive,33.58333333333337,0.00020657044220789736,0.10143013568232721
ergo_adaptive,33.66666666666663,0.00027132631649088955,0.10140731631831525
ergo_adaptive,33.75,0.0001225604262776052,0.10130039839256023
ergo_adaptive,33.83333333333337,0.00010963506310663204,0.10126421610751601
ergo_adaptive,33.91666666666663,0.00019709643906396648,0.10130161296079439
ergo_adaptive,34.0,0.00023040867180405358,0.10134361347904171
ergo_adaptive,34.08333333333337,0.00015487722005738644,0.1014215753426624
ergo_adaptive,34.16666666666663,0.0001617321473873495,0.10147147889607182
ergo_adaptive,34.25,0.00027625074158168676,0.1014402348587384
ergo_adaptive,34.33333333333337,6.951679203959132e-5,0.10132716222542491
ergo_adaptive,34.41666666666663,0.0001462652679744365,0.10132039282806363
ergo_adaptive,34.5,8.763415240104921e-5,0.1013804357972323
ergo_adaptive,34.58333333333337,0.00010908683979284772,0.10146839675469585
ergo_adaptive,34.66666666666663,0.0002146908878592423,0.10153760251888763
ergo_adaptive,34.75,0.00015220979266645593,0.10156056047720423
ergo_adaptive,34.83333333333337,0.00010421966968132793,0.10155753967571657
ergo_adaptive,34.91666666666663,0.00011456559085913163,0.10159856662878931
ergo_adaptive,35.0,0.000339152654303625,0.10165716065112632
ergo_adaptive,35.08333333333337,0.00042577896934843,0.1017011647588186
ergo_adaptive,35.16666666666663,0.0005431776988475011,0.10173042150428041
ergo_adaptive,35.25,0.0004969534933212003,0.1017478516052267
ergo_adaptive,35.33333333333337,0.0009916404500740785,0.10175071591356392
ergo_adaptive,35.41666666666663,0.0012527672740766898,0.10173954778286445
ergo_adaptive,35.5,0.0011320685789435983,0.101722795821036
ergo_adaptive,35.58333333333337,0.0006937748842797667,0.1017054748836525
ergo_adaptive,35.66666666666663,0.0006200146512126964,0.1016949228788256
ergo_adaptive,35.75,0.0003862995540014623,0.10165719051982834
ergo_adaptive,35.83333333333337,0.0005921174781449016,0.10170955369944308
ergo_adaptive,35.91666666666663,0.0006614924062437816,0.10179741674490862
ergo_adaptive,36.0,0.0004976121776542533,0.10187718463714754
ergo_adaptive,36.08333333333337,0.0008234552565534489,0.10197513409491386
ergo_adaptive,36.16666666666663,0.0006777007129990777,0.1020656106732256
ergo_adaptive,36.25,0.0005670739047334781,0.10215692974911117
ergo_adaptive,36.33333333333337,0.0005013602068236162,0.10223661096816941
ergo_adaptive,36.41666666666663,0.0005278257012961039,0.10228905199684304
ergo_adaptive,36.5,0.0003620245860642136,0.10231251942408787
ergo_adaptive,36.58333333333337,0.0006234379966555224,0.10231083664149085
ergo_adaptive,36.66666666666663,0.00041120927335348834,0.10228953341813991
ergo_adaptive,36.75,0.00022850047249703574,0.10224709111114409
ergo_adaptive,36.83333333333337,7.67360098720639e-5,0.10219414447822148
ergo_adaptive,36.91666666666663,0.00014490045201054932,0.10215711841907162
ergo_adaptive,37.0,5.594099485948585e-5,0.1021252744450691
ergo_adaptive,37.08333333333337,0.0005451305568662391,0.10209186917717496
ergo_adaptive,37.16666666666663,0.0006107911760436151,0.10203245388657714
ergo_adaptive,37.25,0.0005719448404659846,0.10195305380517965
ergo_adaptive,37.33333333333337,0.0002612105785999417,0.10184890532156123
ergo_adaptive,37.41666666666663,0.00021303259953893484,0.10185587924405838
ergo_adaptive,37.5,0.0001405539426635946,0.10192970706056731
ergo_adaptive,37.58333333333337,7.91921545288526e-5,0.10201160729413403
ergo_adaptive,37.66666666666663,0.0001702102630869883,0.10208685490921057
ergo_adaptive,37.75,9.567737352219099e-5,0.10215377947167971
ergo_adaptive,37.83333333333337,0.00013481620298124323,0.10221505031312007
ergo_adaptive,37.91666666666663,9.295782046853327e-5,0.10225020196769251
ergo_adaptive,38.0,6.26738506942049e-5,0.10226058647357256
ergo_adaptive,38.08333333333337,3.7788347334884376e-5,0.1023088772497197
ergo_adaptive,38.16666666666663,5.1075501071314515e-5,0.10238191404439499
ergo_adaptive,38.25,1.3079553008829455e-5,0.10245742857315687
ergo_adaptive,38.33333333333337,1.3794872395837194e-5,0.1025300221331862
ergo_adaptive,38.41666666666663,3.463702919930801e-5,0.10258425649486475
ergo_adaptive,38.5,8.736931699970297e-5,0.10263019107442403
ergo_adaptive,38.58333333333337,3.587837981285097e-5,0.10267243077146279
ergo_adaptive,38.66666666666663,5.373463557687043e-5,0.10273067496222257
ergo_adaptive,38.75,5.27116309958488e-5,0.10277925640887697
ergo_adaptive,38.83333333333337,9.948033214800393e-6,0.1028115697692947
ergo_adaptive,38.91666666666663,7.483753662986897e-6,0.10283763887964409
ergo_adaptive,39.0,0.0,0.10283909210262832
ergo_adaptive,39.08333333333337,0.0,0.10279906182992961
ergo_adaptive,39.16666666666663,7.433254845795587e-5,0.10271848157884185
ergo_adaptive,39.25,0.00021313895045834317,0.10261693259145145
ergo_adaptive,39.33333333333337,0.0003243320127842067,0.102519371596285
ergo_adaptive,39.41666666666663,0.0001244611171232152,0.10239168152697896
ergo_adaptive,39.5,0.00020811079684152867,0.10221138237488318
ergo_adaptive,39.58333333333337,6.498012035348013e-5,0.10203522644260865
ergo_adaptive,39.66666666666663,0.0001559315208226506,0.10200690289495261
ergo_adaptive,39.75,0.00018382362714943683,0.10206643400204467
ergo_adaptive,39.83333333333337,0.00022176474039043809,0.10216006172164964
ergo_adaptive,39.91666666666663,0.000289213434240976,0.10225591767632837
ergo_adaptive,40.0,0.0004005154115380658,0.10234049311793102
ergo_adaptive,40.08333333333337,0.00024706435284779804,0.1024039650476076
ergo_adaptive,40.16666666666663,0.00010063385391259955,0.10247515454916667
ergo_adaptive,40.25,5.2108850837944163e-5,0.1025367259271424
ergo_adaptive,40.33333333333337,4.6012846112084096e-5,0.10255114693230953
ergo_adaptive,40.41666666666663,0.00021600055398884893,0.10248634074931672
ergo_adaptive,40.5,0.00015755159656140897,0.1023404164892528
ergo_adaptive,40.58333333333337,8.29677874211142e-5,0.10213535186477447
ergo_adaptive,40.66666666666663,6.321108245387356e-5,0.10205008758187237
ergo_adaptive,40.75,9.428890763427621e-5,0.10202566841001325
ergo_adaptive,40.83333333333337,8.832697283398125e-5,0.10201540362229426
ergo_adaptive,40.91666666666663,3.985777022916686e-5,0.10201276362442875
ergo_adaptive,41.0,0.00017180308333174138,0.1020546745733506
ergo_adaptive,41.08333333333337,7.387875746359071e-5,0.10212291274765299
ergo_adaptive,41.16666666666663,7.108869866322272e-5,0.10217573704217657
ergo_adaptive,41.25,0.00011055573766567068,0.10224657008407285
ergo_adaptive,41.33333333333337,0.00010227361143974167,0.10231882112764373
ergo_adaptive,41.41666666666663,8.245121174832759e-5,0.102382727853378
ergo_adaptive,41.5,0.00012782131609097273,0.10244231874023942
ergo_adaptive,41.58333333333337,0.0001622862458229375,0.10249274196432367
ergo_adaptive,41.66666666666663,0.000114737023449083,0.1025010540039888
ergo_adaptive,41.75,0.0002684865381502944,0.10253120466343409
ergo_adaptive,41.83333333333337,0.00033610684734327375,0.10257201255444266
ergo_adaptive,41.91666666666663,0.0002821294950391259,0.10262166794344227
ergo_adaptive,42.0,8.91441973292197e-5,0.10267772113338888
ergo_adaptive,42.08333333333337,0.0001464447608258164,0.10275432265377349
ergo_adaptive,42.16666666666663,0.0001496798783529723,0.10282727754328472
ergo_adaptive,42.25,0.00018940603256262722,0.10286036026595916
ergo_adaptive,42.33333333333337,7.654057667610368e-5,0.10283937826364388
ergo_adaptive,42.41666666666663,5.6598196718628e-5,0.10282075328847547
ergo_adaptive,42.5,9.285188124687275e-5,0.10281220354598036
ergo_adaptive,42.58333333333337,6.305366469780492e-5,0.10279595304227558
ergo_adaptive,42.66666666666663,0.00029543989286154315,0.10277860711242234
ergo_adaptive,42.75,0.00013569123273442102,0.10272768359202643
ergo_adaptive,42.83333333333337,0.0003177830456599591,0.10263672294781011
ergo_adaptive,42.91666666666663,0.0002082926287618201,0.10251159892123783
ergo_adaptive,43.0,0.0002669036246114919,0.10246850729810296
ergo_adaptive,43.08333333333337,0.00035280526571771056,0.10247077182183535
ergo_adaptive,43.16666666666663,0.0002743864998070532,0.10248358260938371
ergo_adaptive,43.25,0.0003820757887094096,0.10251505149482994
ergo_adaptive,43.33333333333337,0.00022645605069059394,0.10255834204016244
ergo_adaptive,43.41666666666663,0.0001473967040696679,0.10262507333766721
ergo_adaptive,43.5,8.472550452887757e-5,0.10270597343451159
ergo_adaptive,43.58333333333337,0.00017106375376373044,0.10278948411741803
ergo_adaptive,43.66666666666663,0.0001212973187752008,0.10286229976547512
ergo_adaptive,43.75,5.8646512863470226e-5,0.10291547307078713
ergo_adaptive,43.83333333333337,2.8882457535020872e-5,0.1029589318771821
ergo_adaptive,43.91666666666663,4.6101779190353676e-5,0.10297695638247617
ergo_adaptive,44.0,3.980025172433654e-5,0.10295386248124273
ergo_adaptive,44.08333333333337,3.593101081050117e-6,0.102913513425993
ergo_adaptive,44.16666666666663,0.0,0.10291531039121513
ergo_adaptive,44.25,7.207150927843055e-6,0.10290519808778299
ergo_adaptive,44.33333333333337,4.948150932260042e-6,0.10288290932486728
ergo_adaptive,44.41666666666663,3.7633419792941635e-6,0.10284877747230231
ergo_adaptive,44.5,1.2126975560174973e-5,0.10280011443489549
ergo_adaptive,44.58333333333337,0.00013386870643507045,0.10274234359520966
ergo_adaptive,44.66666666666663,0.00010326475533187083,0.10265801877981641
ergo_adaptive,44.75,0.00028577851801360146,0.10255403484541496
ergo_adaptive,44.83333333333337,0.00015041311773261973,0.10242489173821627
ergo_adaptive,44.91666666666663,0.00022607374622670966,0.10238961156961753
ergo_adaptive,45.0,0.0001067438179843362,0.10240902188522057
ergo_adaptive,45.08333333333337,0.0001624832342320467,0.10239373729776487
ergo_adaptive,45.16666666666663,8.580648289114016e-5,0.10239455251081975
ergo_adaptive,45.25,4.919443386769974e-5,0.10245548022136348
ergo_adaptive,45.33333333333337,1.919113136281106e-5,0.10255632324070726
ergo_adaptive,45.41666666666663,6.169111241516398e-7,0.1026586000032005
ergo_adaptive,45.5,4.354373069335304e-5,0.10269399391777757
ergo_adaptive,45.58333333333337,2.5102115110045188e-5,0.10265857800595506
ergo_adaptive,45.66666666666663,3.770717206081363e-5,0.10261295465998668
ergo_adaptive,45.75,2.240220648974175e-5,0.10258709293284632
ergo_adaptive,45.83333333333337,1.650472139290141e-5,0.10257625901513066
ergo_adaptive,45.91666666666663,4.571637469733141e-7,0.1025788072308542
ergo_adaptive,46.0,1.2965693094839336e-5,0.10262869088551513
ergo_adaptive,46.08333333333337,0.0,0.10267744941671074
ergo_adaptive,46.16666666666663,2.5564493931324075e-6,0.10274336126037215
ergo_adaptive,46.25,3.073480189777042e-5,0.10279167682370113
ergo_adaptive,46.33333333333337,2.138454874754996e-5,0.10279278109465997
ergo_adaptive,46.41666666666663,1.3513020303444289e-5,0.10274418871632535
ergo_adaptive,46.5,9.368188380180114e-7,0.10272282904505563
ergo_adaptive,46.58333333333337,0.0,0.10275963302466419
ergo_adaptive,46.66666666666663,0.0,0.10280509708011598
ergo_adaptive,46.75,0.0,0.10282450554326976
ergo_adaptive,46.83333333333337,0.0,0.10281152682951597
ergo_adaptive,46.91666666666663,0.0,0.10276770446436094
ergo_adaptive,47.0,0.0,0.10261218243683466
ergo_adaptive,47.08333333333337,0.0,0.10232460444200571
ergo_adaptive,47.16666666666663,0.0,0.10198295379339326
ergo_adaptive,47.25,9.424138927815465e-8,0.10167587515811494
ergo_adaptive,47.33333333333337,1.6758574602493527e-6,0.10159894382989137
ergo_adaptive,47.41666666666663,3.311876230902147e-6,0.10162314970410237
ergo_adaptive,47.5,1.233914951413684e-6,0.10167823605400791
ergo_adaptive,47.58333333333337,0.0,0.10174064260548614
ergo_adaptive,47.66666666666663,9.625716204451077e-6,0.10179237000599574
ergo_adaptive,47.75,0.0,0.10184936420024997
ergo_adaptive,47.83333333333337,0.0,0.10188574503093958
ergo_adaptive,47.91666666666663,0.0,0.10187626918609026
ergo_adaptive,48.0,0.0,0.10181987617147623
ergo_adaptive,48.08333333333337,0.0,0.10171146940983497
ergo_adaptive,48.16666666666663,0.0,0.10155060778080986
ergo_adaptive,48.25,3.261489800292162e-6,0.10135715836507757
ergo_adaptive,48.33333333333337,4.430524834315821e-5,0.10135149983841754
ergo_adaptive,48.41666666666663,0.00011902173731954134,0.10143966386389566
ergo_adaptive,48.5,0.00010330761711747495,0.10155084426291273
ergo_adaptive,48.58333333333337,0.00014905883341363155,0.1016525455740258
ergo_adaptive,48.66666666666663,6.738746078498993e-5,0.10172370253419515
ergo_adaptive,48.75,6.348701223557393e-6,0.10177915099191177
ergo_adaptive,48.83333333333337,8.667872403271586e-5,0.10184032264388772
ergo_adaptive,48.91666666666663,0.00012441313925812785,0.10189335153886313
ergo_adaptive,49.0,9.314506585847204e-5,0.10192559448493728
ergo_adaptive,49.08333333333337,8.138611870757395e-5,0.1019813824898513
ergo_adaptive,49.16666666666663,8.829230411091581e-5,0.1020382343577642
ergo_adaptive,49.25,3.573786899992635e-5,0.10208936490800695
ergo_adaptive,49.33333333333337,0.00010102159631977701,0.1021472272185757
ergo_adaptive,49.41666666666663,0.00012366644636640521,0.10220881264491255
ergo_adaptive,49.5,0.00022275383424805368,0.10225995952387275
ergo_adaptive,49.58333333333337,9.794649726400988e-5,0.10228839803137606
ergo_adaptive,49.66666666666663,8.534973971413048e-5,0.10234342064178585
ergo_adaptive,49.75,7.970907620728199e-5,0.10240261586853329
ergo_adaptive,49.83333333333337,0.00016208352017067472,0.10244811224695788
ergo_adaptive,49.91666666666663,0.00018003513996483304,0.10249249941177337
ergo_adaptive,50.0,0.00027343317030142217,0.10251784976420797
ergo_adaptive,50.08333333333337,0.000194168581890485,0.10251668092731549
ergo_adaptive,50.16666666666663,0.0003917081017855918,0.10249268064957523
ergo_adaptive,50.25,0.00018304502783933618,0.10243459220878184
ergo_adaptive,50.33333333333337,9.035516187010772e-5,0.10239211325830477
ergo_adaptive,50.41666666666663,6.82076759267967e-5,0.10241363666399068
ergo_adaptive,50.5,4.300789420374281e-5,0.10247280142788077
ergo_adaptive,50.58333333333337,4.51696249203286e-5,0.10253625999964928
ergo_adaptive,50.66666666666663,5.219527995591305e-5,0.1025852664854303
ergo_adaptive,50.75,3.741270152507198e-5,0.10261722907029237
ergo_adaptive,50.83333333333337,3.1651663164622343e-5,0.10263967609267566
ergo_adaptive,50.91666666666663,3.0475269619609274e-5,0.10267872045869592
ergo_adaptive,51.0,2.070479537718355e-5,0.10273691732586446
ergo_adaptive,51.08333333333337,9.727623496526328e-5,0.10278436945750966
ergo_adaptive,51.16666666666663,1.626476661172788e-5,0.10279539183449729
ergo_adaptive,51.25,1.5230237342740235e-5,0.10285117735114531
ergo_adaptive,51.33333333333337,2.1148499720561587e-5,0.10293859547785288
ergo_adaptive,51.41666666666663,1.1213720271267335e-5,0.10301743880122222
ergo_adaptive,51.5,0.0,0.10306326754713871
ergo_adaptive,51.58333333333337,0.0,0.10307595164970772
ergo_adaptive,51.66666666666663,0.0,0.10306670659429869
ergo_adaptive,51.75,0.0,0.10302749033313889
ergo_adaptive,51.83333333333337,1.0788389859275428e-5,0.10295821377227561
ergo_adaptive,51.91666666666663,2.718202221928195e-5,0.1029893948836155
ergo_adaptive,52.0,4.8529289837925906e-5,0.10307339210994043
ergo_adaptive,52.08333333333337,4.031871216331657e-6,0.10315882109865061
ergo_adaptive,52.16666666666663,0.0,0.1032218156818307
ergo_adaptive,52.25,0.0,0.10329879300995615
ergo_adaptive,52.33333333333337,0.0,0.1033787542414571
ergo_adaptive,52.41666666666663,2.7738459986725025e-5,0.1034073885258693
ergo_adaptive,52.5,7.067457128869399e-5,0.10347328454458904
ergo_adaptive,52.58333333333337,2.8882161464800042e-5,0.1035484708539448
ergo_adaptive,52.66666666666663,3.215845712704591e-5,0.10357181143006126
ergo_adaptive,52.75,0.0,0.10354184610835472
ergo_adaptive,52.83333333333337,0.0,0.10355158258584445
ergo_adaptive,52.91666666666663,0.0,0.10359730713960871
ergo_adaptive,53.0,0.0,0.10362960813104882
ergo_adaptive,53.08333333333337,0.0,0.10357430345724229
ergo_adaptive,53.16666666666663,0.0,0.10343553869832442
ergo_adaptive,53.25,0.0,0.10326203856008687
ergo_adaptive,53.33333333333337,3.757412140338539e-5,0.10308836535045787
ergo_adaptive,53.41666666666663,0.00012123176111894606,0.10307758639304533
ergo_adaptive,53.5,7.71655308712619e-5,0.10314243315720152
ergo_adaptive,53.58333333333337,0.00031513954682326124,0.10322332068312524
ergo_adaptive,53.66666666666663,0.0006615062166116838,0.10330033080690545
ergo_adaptive,53.75,0.0004942770967981598,0.1033658017072294
ergo_adaptive,53.83333333333337,0.00039409457393609103,0.10342411273797472
ergo_adaptive,53.91666666666663,0.0002446066374147835,0.10349894938152039
ergo_adaptive,54.0,0.0003661577944001419,0.10357250513985371
ergo_adaptive,54.08333333333337,0.000308701547137974,0.10363803947537276
ergo_adaptive,54.16666666666663,0.00023640833905319564,0.10369529581917007
ergo_adaptive,54.25,2.719402726370524e-5,0.1037660825274578
ergo_adaptive,54.33333333333337,0.0,0.10383067671188388
ergo_adaptive,54.41666666666663,0.0,0.103901819886272
ergo_adaptive,54.5,0.00012934727365311818,0.10397881598957219
ergo_adaptive,54.58333333333337,0.0002919205525285665,0.10407467958659473
ergo_adaptive,54.66666666666663,0.0002056785299722348,0.1041542947107109
ergo_adaptive,54.75,0.0002976297181985168,0.1042035292325528
ergo_adaptive,54.83333333333337,8.912193593401944e-5,0.10424984576590886
ergo_adaptive,54.91666666666663,0.00010083128627760341,0.10431015570341613
ergo_adaptive,55.0,0.00020707309822376633,0.10434314285206825
ergo_adaptive,55.08333333333337,5.968714282033116e-5,0.10433173791070487
ergo_adaptive,55.16666666666663,3.37863607146555e-5,0.10436286416927297
ergo_adaptive,55.25,6.164733732331793e-5,0.10442542401972893
ergo_adaptive,55.33333333333337,7.067510579784403e-5,0.10449676216797195
ergo_adaptive,55.41666666666663,0.00015589367938006828,0.10456809476521874
ergo_adaptive,55.5,0.0001827153490877929,0.10462876268366132
ergo_adaptive,55.58333333333337,0.0002258939713993495,0.10464472127272191
ergo_adaptive,55.66666666666663,0.0007316355126899469,0.10460954708846702
ergo_adaptive,55.75,0.0002963072797056186,0.10453242513934269
ergo_adaptive,55.83333333333337,0.00019485809178230066,0.10445247109610073
ergo_adaptive,55.91666666666663,0.0006192071835281875,0.10446388315241818
ergo_adaptive,56.0,0.0004658493602382799,0.10445465643390534
ergo_adaptive,56.08333333333337,0.0002586944957832074,0.1044004074706901
ergo_adaptive,56.16666666666663,0.0005140887781818679,0.10441134033339887
ergo_adaptive,56.25,0.00020374173096926782,0.10444692520377145
ergo_adaptive,56.33333333333337,0.00015282665157076287,0.10451308332413602
ergo_adaptive,56.41666666666663,0.0002510148756562067,0.10458099418976521
ergo_adaptive,56.5,0.0002614534493136111,0.10463153870433037
ergo_adaptive,56.58333333333337,0.00034415735929937594,0.10465345359839158
ergo_adaptive,56.66666666666663,9.667337002090538e-5,0.10464185980392805
ergo_adaptive,56.75,8.557763519167486e-5,0.10468493956724242
ergo_adaptive,56.83333333333337,7.526477856282906e-5,0.10475288310867496
ergo_adaptive,56.91666666666663,0.0002503007174004453,0.10481444119607852
ergo_adaptive,57.0,1.044068292799894e-5,0.10484040715768714
ergo_adaptive,57.08333333333337,2.4331373331077642e-5,0.10487226910738416
ergo_adaptive,57.16666666666663,2.781014143994164e-5,0.10490030562007978
ergo_adaptive,57.25,6.777541654161075e-6,0.10489888632492035
ergo_adaptive,57.33333333333337,4.550061028402375e-5,0.10493649657293241
ergo_adaptive,57.41666666666663,3.064316653363905e-5,0.10496398432929435
ergo_adaptive,57.5,1.1310217591539862e-5,0.10494683571501728
ergo_adaptive,57.58333333333337,3.258501638332177e-5,0.1049787755944564
ergo_adaptive,57.66666666666663,1.1993274416687861e-5,0.1050508565326317
ergo_adaptive,57.75,2.5436611896330657e-6,0.10513760391221438
ergo_adaptive,57.83333333333337,0.0,0.10522806314762459
ergo_adaptive,57.91666666666663,0.0,0.10531800064408844
ergo_adaptive,58.0,0.0,0.10539891992416756
ergo_adaptive,58.08333333333337,0.0,0.10547171459577162
ergo_adaptive,58.16666666666663,0.0,0.10554712452422794
ergo_adaptive,58.25,0.0,0.10562428367396713
ergo_adaptive,58.33333333333337,0.0,0.1056864288755468
ergo_adaptive,58.41666666666663,0.0,0.10573081555915666
ergo_adaptive,58.5,0.0,0.1057679682516014
ergo_adaptive,58.58333333333337,0.0,0.10580729613591869
ergo_adaptive,58.66666666666663,0.0,0.10585789984798656
ergo_adaptive,58.75,0.0,0.10591657341950222
ergo_adaptive,58.83333333333337,0.0,0.10595981434675018
ergo_adaptive,58.91666666666663,0.0,0.10598588816808524
ergo_adaptive,59.0,0.0,0.10600864631907726
ergo_adaptive,59.08333333333337,0.0,0.1060362380070053
ergo_adaptive,59.16666666666663,0.0,0.10607058802513662
ergo_adaptive,59.25,0.0,0.10610830684802344
ergo_adaptive,59.33333333333337,0.0,0.1061395757535184
ergo_adaptive,59.41666666666663,0.0,0.10616617303161642
ergo_adaptive,59.5,0.0,0.10619876478521713
ergo_adaptive,59.58333333333337,0.0,0.10623227755199213
ergo_adaptive,59.66666666666663,0.0,0.1062542525679425
ergo_adaptive,59.75,0.0,0.10626758898735628
ergo_adaptive,59.83333333333337,0.0,0.10628193226185662
ergo_adaptive,59.91666666666663,0.0,0.10630735290967386
ergo_adaptive,60.0,0.0,0.10634967912879172
ergo_adaptive,60.08333333333337,0.0,0.10638757303062063
ergo_adaptive,60.16666666666663,0.0,0.10640386142045652
ergo_adaptive,60.25,0.0,0.10641351327143378
ergo_adaptive,60.33333333333337,0.0,0.10643238606848178
ergo_adaptive,60.41666666666663,0.0,0.10645436864523383
ergo_adaptive,60.5,0.0,0.10646855836648343
ergo_adaptive,60.58333333333337,0.0,0.10647748471386113
ergo_adaptive,60.66666666666663,0.0,0.10649049240909192
ergo_adaptive,60.75,0.0,0.1065151860735308
ergo_adaptive,60.83333333333337,0.0,0.10654760475489516
ergo_adaptive,60.91666666666663,0.0,0.10657190194929674
ergo_adaptive,61.0,0.0,0.10658772475151927
ergo_adaptive,61.08333333333337,0.0,0.10661288450798867
ergo_adaptive,61.16666666666663,0.0,0.10665571575130989
ergo_adaptive,61.25,0.0,0.10668225661447597
ergo_adaptive,61.33333333333337,0.0,0.106689999632092
ergo_adaptive,61.41666666666663,0.0,0.10669782316895066
ergo_adaptive,61.5,0.0,0.10671693230560515
ergo_adaptive,61.58333333333337,0.0,0.10674148525974904
ergo_adaptive,61.66666666666663,0.0,0.10676328190455711
ergo_adaptive,61.75,0.0,0.1067834346492808
ergo_adaptive,61.83333333333337,0.0,0.10680931550723063
ergo_adaptive,61.91666666666663,0.0,0.10684477235013068
ergo_adaptive,62.0,0.0,0.1068819524657189
ergo_adaptive,62.08333333333337,0.0,0.10691250096977321
ergo_adaptive,62.16666666666663,0.0,0.10694400783786025
ergo_adaptive,62.25,0.0,0.1069923887893451
ergo_adaptive,62.33333333333337,0.0,0.10704875660922215
ergo_adaptive,62.41666666666663,0.0,0.10708379786115672
ergo_adaptive,62.5,0.0,0.10710923613560187
ergo_adaptive,62.58333333333337,0.0,0.10714527730438368
ergo_adaptive,62.66666666666663,0.0,0.10719364920758236
ergo_adaptive,62.75,0.0,0.10723602464465523
ergo_adaptive,62.83333333333337,0.0,0.10727034023717184
ergo_adaptive,62.91666666666663,0.0,0.10730755789946943
ergo_adaptive,63.0,0.0,0.10735395640673703
ergo_adaptive,63.08333333333337,0.0,0.10740509137544241
ergo_adaptive,63.16666666666663,0.0,0.1074551974057733
ergo_adaptive,63.25,0.0,0.10750563825543223
ergo_adaptive,63.33333333333337,0.0,0.10756286133183006
ergo_adaptive,63.41666666666663,0.0,0.10762886781165269
ergo_adaptive,63.5,0.0,0.10769483685373449
ergo_adaptive,63.58333333333337,0.0,0.10775554233469814
ergo_adaptive,63.66666666666663,0.0,0.10781944863919136
ergo_adaptive,63.75,0.0,0.10789889581557101
ergo_adaptive,63.83333333333337,0.0,0.10797947862965832
ergo_adaptive,63.91666666666663,0.0,0.10804582456872876
ergo_adaptive,64.0,0.0,0.10810908692898488
ergo_adaptive,64.08333333333337,0.0,0.1081816389606803
ergo_adaptive,64.16666666666663,0.0,0.10826147061022473
ergo_adaptive,64.25,0.0,0.10833833731516732
ergo_adaptive,64.33333333333337,0.0,0.10841260784272762
ergo_adaptive,64.41666666666663,0.0,0.10849039547194327
ergo_adaptive,64.5,0.0,0.10857426677735703
ergo_adaptive,64.58333333333337,0.0,0.10866124031421544
ergo_adaptive,64.66666666666663,0.0,0.10874821241758381
ergo_adaptive,64.75,0.0,0.10883647501449363
ergo_adaptive,64.83333333333337,0.0,0.10893023205841254
ergo_adaptive,64.91666666666663,0.0,0.10903001192137178
ergo_adaptive,65.0,0.0,0.10912865588376962
ergo_adaptive,65.08333333333337,0.0,0.10922416487743314
ergo_adaptive,65.16666666666663,0.0,0.10932299694982905
ergo_adaptive,65.25,0.0,0.10943096137167155
ergo_adaptive,65.33333333333337,0.0,0.10953719917161991
ergo_adaptive,65.41666666666663,0.0,0.10963689132741211
ergo_adaptive,65.5,0.0,0.10973622371588938
ergo_adaptive,65.58333333333337,0.0,0.10984012610858862
ergo_adaptive,65.66666666666663,0.0,0.10994730753178872
ergo_adaptive,65.75,0.0,0.1100546278981026
ergo_adaptive,65.83333333333337,0.0,0.1101621125631926
ergo_adaptive,65.91666666666663,0.0,0.11027182906068049
ergo_adaptive,66.0,0.0,0.11038513556053466
ergo_adaptive,66.08333333333337,0.0,0.1105006122148965
ergo_adaptive,66.16666666666663,0.0,0.11061821477946357
ergo_adaptive,66.25,0.0,0.1107435705195969
ergo_adaptive,66.33333333333337,0.0,0.11087425291806183
ergo_adaptive,66.41666666666663,0.0,0.11100801699501972
ergo_adaptive,66.5,0.0,0.11114313609347931
ergo_adaptive,66.58333333333337,0.0,0.11127941169692313
ergo_adaptive,66.66666666666663,0.0,0.11141673159131181
ergo_adaptive,66.75,0.0,0.11155301993306603
ergo_adaptive,66.83333333333337,0.0,0.11168918148010952
ergo_adaptive,66.91666666666663,0.0,0.11182349767247857
ergo_adaptive,67.0,0.0,0.11195652497834964
ergo_adaptive,67.08333333333337,0.0,0.11208861285951142
ergo_adaptive,67.16666666666663,0.0,0.11221986646722247
ergo_adaptive,67.25,0.0,0.11235016157516274
ergo_adaptive,67.33333333333337,0.0,0.11247925242402285
ergo_adaptive,67.41666666666663,0.0,0.11260687871591957
ergo_adaptive,67.5,0.0,0.1127328233886932
ergo_adaptive,67.58333333333337,0.0,0.11285693092535083
ergo_adaptive,67.66666666666663,0.0,0.11297910539494549
ergo_adaptive,67.75,0.0,0.1130993034969009
ergo_adaptive,67.83333333333337,0.0,0.1132175266647996
ergo_adaptive,67.91666666666663,0.0,0.11333381277567435
ergo_adaptive,68.0,0.0,0.11344822773495863
ergo_adaptive,68.08333333333337,0.0,0.11356085738506488
ergo_adaptive,68.16666666666663,0.0,0.11367180019616047
ergo_adaptive,68.25,0.0,0.1137811610604608
ergo_adaptive,68.33333333333337,0.0,0.11388904633093098
ergo_adaptive,68.41666666666663,0.0,0.11399556008964713
ergo_adaptive,68.5,0.0,0.11410080152596726
ergo_adaptive,68.58333333333337,0.0,0.11420486324991594
ergo_adaptive,68.66666666666663,0.0,0.11430783035036009
ergo_adaptive,68.75,0.0,0.11440978001696676
ergo_adaptive,68.83333333333337,0.0,0.11451078156790966
ergo_adaptive,68.91666666666663,0.0,0.11461089675345493
ergo_adaptive,69.0,0.0,0.1147101802336693
ergo_adaptive,69.08333333333337,0.0,0.11480868015373222
ergo_adaptive,69.16666666666663,0.0,0.1149064387615174
ergo_adaptive,69.25,0.0,0.11500349302904754
ergo_adaptive,69.33333333333337,0.0,0.1150998752524634
ergo_adaptive,69.41666666666663,0.0,0.11519561361486173
ergo_adaptive,69.5,0.0,0.11529073270337274
ergo_adaptive,69.58333333333337,0.0,0.11538525397676118
ergo_adaptive,69.66666666666663,0.0,0.11547919618315347
ergo_adaptive,69.75,0.0,0.11557257572963404
ergo_adaptive,69.83333333333337,0.0,0.11566540700674452
ergo_adaptive,69.91666666666663,0.0,0.11575770267161639
ergo_adaptive,70.0,0.0,0.11584947389375201
ergo_adaptive,70.08333333333337,0.0,0.11594073056748533
ergo_adaptive,70.16666666666663,0.0,0.11603148149499835
ergo_adaptive,70.25,0.0,0.11612173454351282
ergo_adaptive,70.33333333333337,0.0,0.11621149677996731
ergo_adaptive,70.41666666666663,0.0,0.11630077458616132
ergo_adaptive,70.5,0.0,0.11638957375701936
ergo_adaptive,70.58333333333337,0.0,0.11647789958431468
ergo_adaptive,70.66666666666663,0.0,0.11656575692790017
ergo_adaptive,70.75,0.0,0.1166531502762277
ergo_adaptive,70.83333333333337,0.0,0.11674008379769797
ergo_adaptive,70.91666666666663,0.0,0.1168265613841701
ergo_adaptive,71.0,0.0,0.116912586687772
ergo_adaptive,71.08333333333337,0.0,0.11699816315198919
ergo_adaptive,71.16666666666663,0.0,0.11708329403786505
ergo_adaptive,71.25,0.0,0.11716798244602185
ergo_adaptive,71.33333333333337,0.0,0.11725223133510279
ergo_adaptive,71.41666666666663,0.0,0.11733604353714171
ergo_adaptive,71.5,0.0,0.11741942177028454
ergo_adaptive,71.58333333333337,0.0,0.11750236864921514
ergo_adaptive,71.66666666666663,0.0,0.11758488669357287
ergo_adaptive,71.75,0.0,0.11766697833459194
ergo_adaptive,71.83333333333337,0.0,0.11774864592010223
ergo_adaptive,71.91666666666663,0.0,0.11783803886278021
ergo_adaptive,72.0,0.0,0.11791657544862398
ergo_adaptive,72.08333333333337,0.0,0.11799086298582838
ergo_adaptive,72.16666666666663,0.0,0.11806635040704301
ergo_adaptive,72.25,0.0,0.11814552850063696
ergo_adaptive,72.33333333333337,0.0,0.11822493766709642
ergo_adaptive,72.41666666666663,0.0,0.11830193830558511
ergo_adaptive,72.5,0.0,0.1183775193956293
ergo_adaptive,72.58333333333337,0.0,0.11845282100246246
ergo_adaptive,72.66666666666663,0.0,0.11852653640742547
ergo_adaptive,72.75,0.0,0.1185963426999554
ergo_adaptive,72.83333333333337,0.0,0.11866163302436762
ergo_adaptive,72.91666666666663,0.0,0.11872392249102488
ergo_adaptive,73.0,0.0,0.11878507089081088
ergo_adaptive,73.08333333333337,0.0,0.1188425983847733
ergo_adaptive,73.16666666666663,0.0,0.1188908163187803
ergo_adaptive,73.25,0.0,0.11892973340032159
ergo_adaptive,73.33333333333337,0.0,0.11895897672942951
ergo_adaptive,73.41666666666663,0.0,0.1190139804731643
ergo_adaptive,73.5,0.0,0.11908796574064744
ergo_adaptive,73.58333333333337,0.0,0.11914804784125767
ergo_adaptive,73.66666666666663,0.0,0.11921557734523258
ergo_adaptive,73.75,0.0,0.11928453182275793
ergo_adaptive,73.83333333333337,0.0,0.11935014026986294
ergo_adaptive,73.91666666666663,0.0,0.1194291364878938
ergo_adaptive,74.0,0.0,0.11949357359653967
ergo_adaptive,74.08333333333337,0.0,0.11956082826410368
ergo_adaptive,74.16666666666663,0.0,0.11962629965367223
ergo_adaptive,74.25,0.0,0.11969729350946075
ergo_adaptive,74.33333333333337,0.0,0.11975018059953998
ergo_adaptive,74.41666666666663,0.0,0.11981277987271814
ergo_adaptive,74.5,0.0,0.11986663178493694
ergo_adaptive,74.58333333333337,0.0,0.1199312815846053
ergo_adaptive,74.66666666666663,0.0,0.11998617981285023
ergo_adaptive,74.75,0.0,0.12005076810084994
ergo_adaptive,74.83333333333337,0.0,0.12010876428170529
ergo_adaptive,74.91666666666663,0.0,0.12017402685489327
ergo_adaptive,75.0,0.0,0.12023260371943952
ergo_adaptive,75.08333333333337,0.0,0.12029655019072868
ergo_adaptive,75.16666666666663,0.0,0.12036825668095409
ergo_adaptive,75.25,0.0,0.12042404842980076
ergo_adaptive,75.33333333333337,0.0,0.12048236383609816
ergo_adaptive,75.41666666666663,0.0,0.1205362938755517
ergo_adaptive,75.5,0.0,0.12059826087582487
ergo_adaptive,75.58333333333337,0.0,0.12066065410731101
ergo_adaptive,75.66666666666663,0.0,0.12072335753092849
ergo_adaptive,75.75,0.0,0.12077778963937294
ergo_adaptive,75.83333333333337,0.0,0.12083962173463315
ergo_adaptive,75.91666666666663,0.0,0.12087251408155385
ergo_adaptive,76.0,0.0,0.12090411135215233
ergo_adaptive,76.08333333333337,0.0,0.12092270643936764
ergo_adaptive,76.16666666666663,0.0,0.12094008142786979
ergo_adaptive,76.25,0.0,0.12095267337846632
ergo_adaptive,76.33333333333337,0.0,0.12095717134983748
ergo_adaptive,76.41666666666663,0.0,0.12095553233810363
ergo_adaptive,76.5,0.0,0.12095159541623698
ergo_adaptive,76.58333333333337,0.0,0.12098506157116012
ergo_adaptive,76.66666666666663,0.0,0.12100644368180126
ergo_adaptive,76.75,0.0,0.12105240919216287
ergo_adaptive,76.83333333333337,0.0,0.12111052513757395
ergo_adaptive,76.91666666666663,0.0,0.12116834026524521
ergo_adaptive,77.0,0.0,0.12122575666830829
ergo_adaptive,77.08333333333337,0.0,0.12128233693453769
ergo_adaptive,77.16666666666663,0.0,0.12133783305458126
ergo_adaptive,77.25,0.0,0.12139181213398036
ergo_adaptive,77.33333333333337,0.0,0.12144893235303354
ergo_adaptive,77.41666666666663,0.0,0.12150164635326056
ergo_adaptive,77.5,0.0,0.12154987178312164
ergo_adaptive,77.58333333333337,0.0,0.12159861316000285
ergo_adaptive,77.66666666666663,0.0,0.1216524202513869
ergo_adaptive,77.75,0.0,0.12170301756549824
ergo_adaptive,77.83333333333337,0.0,0.12174699061598043
ergo_adaptive,77.91666666666663,0.0,0.12178292213963453
ergo_adaptive,78.0,0.0,0.12181261045795702
ergo_adaptive,78.08333333333337,0.0,0.12183933944277243
ergo_adaptive,78.16666666666663,0.0,0.12186543941925522
ergo_adaptive,78.25,0.0,0.12189302546240574
ergo_adaptive,78.33333333333337,0.0,0.12192583461046352
ergo_adaptive,78.41666666666663,0.0,0.12196739392827759
ergo_adaptive,78.5,0.0,0.12201588338787359
ergo_adaptive,78.58333333333337,0.0,0.12206609567271906
ergo_adaptive,78.66666666666663,0.0,0.12211831146786896
ergo_adaptive,78.75,0.0,0.12217510442771161
ergo_adaptive,78.83333333333337,0.0,0.12223631908428022
ergo_adaptive,78.91666666666663,0.0,0.12230366178249708
ergo_adaptive,79.0,0.0,0.122374708574821
ergo_adaptive,79.08333333333337,0.0,0.12244050497149563
ergo_adaptive,79.16666666666663,0.0,0.12250369726133735
ergo_adaptive,79.25,0.0,0.12256644782230242
ergo_adaptive,79.33333333333337,0.0,0.12263181806555513
ergo_adaptive,79.41666666666663,0.0,0.12269400377437348
ergo_adaptive,79.5,0.0,0.12275631342845883
ergo_adaptive,79.58333333333337,0.0,0.12281880644295769
ergo_adaptive,79.66666666666663,0.0,0.12287620452537105
ergo_adaptive,79.75,0.0,0.12293246680032541
ergo_adaptive,79.83333333333337,0.0,0.12299251836370242
ergo_adaptive,79.91666666666663,0.0,0.1230460952911232
ergo_adaptive,80.0,0.0,0.12309769928696779
ergo_adaptive,80.08333333333337,0.0,0.12315281052073306
ergo_adaptive,80.16666666666663,0.0,0.12320946003931735
ergo_adaptive,80.25,0.0,0.12326160120846627
ergo_adaptive,80.33333333333337,0.0,0.12331388913240648
ergo_adaptive,80.41666666666663,0.0,0.1233672220858463
ergo_adaptive,80.5,0.0,0.12341285265490613
ergo_adaptive,80.58333333333337,0.0,0.12345898973813219
ergo_adaptive,80.66666666666663,0.0,0.12351019323439764
ergo_adaptive,80.75,0.0,0.12356418912297924
ergo_adaptive,80.83333333333337,0.0,0.12361525675282811
ergo_adaptive,80.91666666666663,0.0,0.12366065224722415
ergo_adaptive,81.0,0.0,0.12370138423773701
ergo_adaptive,81.08333333333337,0.0,0.12374123590655839
ergo_adaptive,81.16666666666663,0.0,0.12378300555749495
ergo_adaptive,81.25,0.0,0.12382356364184557
ergo_adaptive,81.33333333333337,0.0,0.1238605401912678
ergo_adaptive,81.41666666666663,0.0,0.12389557410617072
ergo_adaptive,81.5,0.0,0.12393246445052286
ergo_adaptive,81.58333333333337,0.0,0.12396973574713258
ergo_adaptive,81.66666666666663,0.0,0.1240033738748608
ergo_adaptive,81.75,0.0,0.12403523251108588
ergo_adaptive,81.83333333333337,0.0,0.12406844518046624
ergo_adaptive,81.91666666666663,0.0,0.12410036426571139
ergo_adaptive,82.0,0.0,0.12412430869303562
ergo_adaptive,82.08333333333337,0.0,0.12413923574941155
ergo_adaptive,82.16666666666663,0.0,0.1241471132458781
ergo_adaptive,82.25,0.0,0.12414672745000538
ergo_adaptive,82.33333333333337,0.0,0.12413296085390997
ergo_adaptive,82.41666666666663,0.0,0.12410524374566716
ergo_adaptive,82.5,0.0,0.12407104227891895
ergo_adaptive,82.58333333333337,0.0,0.12403872126169599
ergo_adaptive,82.66666666666663,0.0,0.12400775591255714
ergo_adaptive,82.75,0.0,0.12396919400496864
ergo_adaptive,82.83333333333337,0.0,0.1239219219484846
ergo_adaptive,82.91666666666663,0.0,0.12387757447204716
ergo_adaptive,83.0,0.0,0.12384625610210594
ergo_adaptive,83.08333333333337,0.0,0.12379538552052649
ergo_adaptive,83.16666666666663,0.0,0.1237193548960872
ergo_adaptive,83.25,0.0,0.12363558644979145
ergo_adaptive,83.33333333333337,0.0,0.12355529853788254
ergo_adaptive,83.41666666666663,0.0,0.12347377841495386
ergo_adaptive,83.5,0.0,0.12338261325312631
ergo_adaptive,83.58333333333337,0.0,0.12327614665895968
ergo_adaptive,83.66666666666663,0.0,0.12325648631323738
ergo_adaptive,83.75,0.0,0.12322834012610497
ergo_adaptive,83.83333333333337,0.0,0.12324126362351173
ergo_adaptive,83.91666666666663,0.0,0.12326061474696266
ergo_adaptive,84.0,0.0,0.12329713268197962
ergo_adaptive,84.08333333333337,0.0,0.12333698585718113
ergo_adaptive,84.16666666666663,0.0,0.12336629075321638
ergo_adaptive,84.25,0.0,0.12340556624908143
ergo_adaptive,84.33333333333337,0.0,0.12345820430539553
ergo_adaptive,84.41666666666663,0.0,0.12349199151711555
ergo_adaptive,84.5,0.0,0.12353510983741453
ergo_adaptive,84.58333333333337,0.0,0.12357597483193564
ergo_adaptive,84.66666666666663,0.0,0.12361897138971223
ergo_adaptive,84.75,0.0,0.12365512934835678
ergo_adaptive,84.83333333333337,0.0,0.12369511243944384
ergo_adaptive,84.91666666666663,0.0,0.12372634920705433
ergo_adaptive,85.0,0.0,0.12376245692784271
ergo_adaptive,85.08333333333337,0.0,0.12380557588754527
ergo_adaptive,85.16666666666663,0.0,0.12383340364858596
ergo_adaptive,85.25,0.0,0.1238696389792558
ergo_adaptive,85.33333333333337,0.0,0.12389994526347023
ergo_adaptive,85.41666666666663,0.0,0.12393045392383892
ergo_adaptive,85.5,0.0,0.12396855581832479
ergo_adaptive,85.58333333333337,0.0,0.12400570765872758
ergo_adaptive,85.66666666666663,0.0,0.12404211226710547
ergo_adaptive,85.75,0.0,0.12407778516904178
ergo_adaptive,85.83333333333337,0.0,0.12411272864429512
ergo_adaptive,85.91666666666663,0.0,0.12414692083206454
ergo_adaptive,86.0,0.0,0.124180284912041
ergo_adaptive,86.08333333333337,0.0,0.12421261593568773
ergo_adaptive,86.16666666666663,0.0,0.12424329124890386
ergo_adaptive,86.25,0.0,0.12426507782602374
ergo_adaptive,86.33333333333337,0.0,0.12429180947968684
ergo_adaptive,86.41666666666663,0.0,0.12431301435435921
ergo_adaptive,86.5,0.0,0.12433351752450783
ergo_adaptive,86.58333333333337,0.0,0.1243565682224809
ergo_adaptive,86.66666666666663,0.0,0.12437694240692385
ergo_adaptive,86.75,0.0,0.12440572430683698
ergo_adaptive,86.83333333333337,0.0,0.12444558925740612
ergo_adaptive,86.91666666666663,0.0,0.1244797121490784
ergo_adaptive,87.0,0.0,0.12451297943036765
ergo_adaptive,87.08333333333337,0.0,0.12455294436724552
ergo_adaptive,87.16666666666663,0.0,0.12458696663961012
ergo_adaptive,87.25,0.0,0.12462216828133031
ergo_adaptive,87.33333333333337,0.0,0.12465950996759355
ergo_adaptive,87.41666666666663,0.0,0.12467780083230864
ergo_adaptive,87.5,0.0,0.1247010377902352
ergo_adaptive,87.58333333333337,0.0,0.12473624568472301
ergo_adaptive,87.66666666666663,0.0,0.12477621999624003
ergo_adaptive,87.75,0.0,0.12481097374830455
ergo_adaptive,87.83333333333337,0.0,0.12485128286005129
ergo_adaptive,87.91666666666663,0.0,0.12487599296206721
ergo_adaptive,88.0,0.0,0.12489198624286164
ergo_adaptive,88.08333333333337,0.0,0.12490046282163723
ergo_adaptive,88.16666666666663,0.0,0.12489557030539493
ergo_adaptive,88.25,0.0,0.12487149979773784
ergo_adaptive,88.33333333333337,0.0,0.12483111305237915
ergo_adaptive,88.41666666666663,0.0,0.1247839362530572
ergo_adaptive,88.5,0.0,0.12473219405480676
ergo_adaptive,88.58333333333337,0.0,0.12466444516984385
ergo_adaptive,88.66666666666663,0.0,0.12458001177401841
ergo_adaptive,88.75,0.0,0.12449661054040484
ergo_adaptive,88.83333333333337,0.0,0.12443213007294623
ergo_adaptive,88.91666666666663,0.0,0.12434724120394809
ergo_adaptive,89.0,0.0,0.12422853524212715
ergo_adaptive,89.08333333333337,0.0,0.1240974190876903
ergo_adaptive,89.16666666666663,0.0,0.12397002652803726
ergo_adaptive,89.25,0.0,0.12388431224371037
ergo_adaptive,89.33333333333337,0.0,0.12384889906656421
ergo_adaptive,89.41666666666663,0.0,0.12383644825498714
ergo_adaptive,89.5,0.0,0.12383807367911852
ergo_adaptive,89.58333333333337,0.0,0.12384811097141299
ergo_adaptive,89.66666666666663,0.0,0.12386332242186139
ergo_adaptive,89.75,0.0,0.12388176449220832
ergo_adaptive,89.83333333333337,0.0,0.12390220481245313
ergo_adaptive,89.91666666666663,0.0,0.12392383075877486
ergo_adaptive,90.0,0.0,0.12394608534867943
ergo_adaptive,90.08333333333337,0.0,0.12396856610343422
ergo_adaptive,90.16666666666663,0.0,0.12399094891953194
ergo_adaptive,90.25,0.0,0.12401287879626999
ergo_adaptive,90.33333333333337,0.0,0.1240309218982513
ergo_adaptive,90.41666666666663,0.0,0.12407243650897964
ergo_adaptive,90.5,0.0,0.12411276439611411
ergo_adaptive,90.58333333333337,0.0,0.12414900389125562
ergo_adaptive,90.66666666666663,0.0,0.12418255348663228
ergo_adaptive,90.75,0.0,0.12421319744879375
ergo_adaptive,90.83333333333337,0.0,0.12424086371569414
ergo_adaptive,90.91666666666663,0.0,0.12426526107782891
ergo_adaptive,91.0,0.0,0.12428505730193565
ergo_adaptive,91.08333333333337,0.0,0.1243186075873811
ergo_adaptive,91.16666666666663,0.0,0.12434577799081283
ergo_adaptive,91.25,0.0,0.12436656478961934
ergo_adaptive,91.33333333333337,0.0,0.12439148636123291
ergo_adaptive,91.41666666666663,0.0,0.12442162963607363
ergo_adaptive,91.5,0.0,0.1244590728391134
ergo_adaptive,91.58333333333337,0.0,0.12448954720814502
ergo_adaptive,91.66666666666663,0.0,0.1245106281922517
ergo_adaptive,91.75,0.0,0.12454270424077996
ergo_adaptive,91.83333333333337,0.0,0.12456913260131972
ergo_adaptive,91.91666666666663,0.0,0.12460415138564764
ergo_adaptive,92.0,0.0,0.12464083299310878
ergo_adaptive,92.08333333333337,0.0,0.12467583527500123
ergo_adaptive,92.16666666666663,0.0,0.12470839206274954
ergo_adaptive,92.25,0.0,0.12473615745011243
ergo_adaptive,92.33333333333337,0.0,0.12477270603824214
ergo_adaptive,92.41666666666663,0.0,0.12480895275494638
ergo_adaptive,92.5,0.0,0.12484504817696655
ergo_adaptive,92.58333333333337,0.0,0.12488165110427038
ergo_adaptive,92.66666666666663,0.0,0.12491014207187395
ergo_adaptive,92.75,0.0,0.12493184887994292
ergo_adaptive,92.83333333333337,0.0,0.12495829930561825
ergo_adaptive,92.91666666666663,0.0,0.12498416935951276
ergo_adaptive,93.0,0.0,0.1250098820148139
ergo_adaptive,93.08333333333337,0.0,0.12503563520597702
ergo_adaptive,93.16666666666663,0.0,0.12506155579092407
ergo_adaptive,93.25,0.0,0.12508777079068992
ergo_adaptive,93.33333333333337,0.0,0.1251144513745314
ergo_adaptive,93.41666666666663,0.0,0.12514187347045705
ergo_adaptive,93.5,0.0,0.12517058400321804
ergo_adaptive,93.58333333333337,0.0,0.12520228389940302
ergo_adaptive,93.66666666666663,0.0,0.12523122692505817
ergo_adaptive,93.75,0.0,0.12523640563042432
ergo_adaptive,93.83333333333337,0.0,0.1252501039430927
ergo_adaptive,93.91666666666663,0.0,0.12524320491254431
ergo_adaptive,94.0,0.0,0.1252208520500781
ergo_adaptive,94.08333333333337,0.0,0.12518347487438938
ergo_adaptive,94.16666666666663,0.0,0.12512148413759935
ergo_adaptive,94.25,0.0,0.12503142210174992
ergo_adaptive,94.33333333333337,0.0,0.12492466864207177
ergo_adaptive,94.41666666666663,0.0,0.12481723704719203
ergo_adaptive,94.5,0.0,0.12471349233813707
ergo_adaptive,94.58333333333337,0.0,0.12460155496242284
ergo_adaptive,94.66666666666663,0.0,0.12447458348991745
ergo_adaptive,94.75,0.0,0.1243471267990849
ergo_adaptive,94.83333333333337,0.0,0.12429262843248005
ergo_adaptive,94.91666666666663,0.0,0.12427170449163989
ergo_adaptive,95.0,0.0,0.12426758718352181
ergo_adaptive,95.08333333333337,0.0,0.12427244550796196
ergo_adaptive,95.16666666666663,0.0,0.12428278875624313
ergo_adaptive,95.25,0.0,0.12432066773959075
ergo_adaptive,95.33333333333337,0.0,0.12434874817008916
ergo_adaptive,95.41666666666663,0.0,0.12437972679746677
ergo_adaptive,95.5,0.0,0.12440664901908376
ergo_adaptive,95.58333333333337,0.0,0.12443191899233128
ergo_adaptive,95.66666666666663,0.0,0.12445603182832392
ergo_adaptive,95.75,0.0,0.12448016224113773
ergo_adaptive,95.83333333333337,0.0,0.12450774686728955
ergo_adaptive,95.91666666666663,0.0,0.12453752539389835
ergo_adaptive,96.0,0.0,0.12457157544773267
ergo_adaptive,96.08333333333337,0.0,0.12460752078919282
ergo_adaptive,96.16666666666663,0.0,0.12464239111700806
ergo_adaptive,96.25,0.0,0.1246784117925416
ergo_adaptive,96.33333333333337,0.0,0.1247159978720138
ergo_adaptive,96.41666666666663,0.0,0.12475290338386412
ergo_adaptive,96.5,0.0,0.12478839742454319
ergo_adaptive,96.58333333333337,0.0,0.12482221329369045
ergo_adaptive,96.66666666666663,0.0,0.12485427829847177
ergo_adaptive,96.75,0.0,0.12488460392161044
ergo_adaptive,96.83333333333337,0.0,0.12491322761664565
ergo_adaptive,96.91666666666663,0.0,0.12494017172183033
ergo_adaptive,97.0,0.0,0.12496539935699873
ergo_adaptive,97.08333333333337,0.0,0.124988740017327
ergo_adaptive,97.16666666666663,0.0,0.12500971004144631
ergo_adaptive,97.25,0.0,0.12502697126686635
ergo_adaptive,97.33333333333337,0.0,0.12504142297788998
ergo_adaptive,97.41666666666663,0.0,0.12504955438377646
ergo_adaptive,97.5,0.0,0.12504940076533755
ergo_adaptive,97.58333333333337,0.0,0.12504188732438662
ergo_adaptive,97.66666666666663,0.0,0.12503165315004047
ergo_adaptive,97.75,0.0,0.12501896799106707
ergo_adaptive,97.83333333333337,0.0,0.12500302027908006
ergo_adaptive,97.91666666666663,0.0,0.12498470823479321
ergo_adaptive,98.0,0.0,0.12496426124075762
ergo_adaptive,98.08333333333337,0.0,0.1249392425840575
ergo_adaptive,98.16666666666663,0.0,0.12490953548950301
ergo_adaptive,98.25,0.0,0.12488060022672216
ergo_adaptive,98.33333333333337,0.0,0.1248570131534944
ergo_adaptive,98.41666666666663,0.0,0.1248336391659167
ergo_adaptive,98.5,0.0,0.12480252780362577
ergo_adaptive,98.58333333333337,0.0,0.12476400931741102
ergo_adaptive,98.66666666666663,0.0,0.12472220375838852
ergo_adaptive,98.75,0.0,0.12467474862609171
ergo_adaptive,98.83333333333337,0.0,0.12461509348807615
ergo_adaptive,98.91666666666663,0.0,0.1245423204551106
ergo_adaptive,99.0,0.0,0.12446298296865106
ergo_adaptive,99.08333333333337,0.0,0.12438536447357872
ergo_adaptive,99.16666666666663,0.0,0.12430416997327143
ergo_adaptive,99.25,0.0,0.12420218095475376
ergo_adaptive,99.33333333333337,0.0,0.12408439212109258
ergo_adaptive,99.41666666666663,0.0,0.1239686250243558
ergo_adaptive,99.5,0.0,0.12385265976839413
ergo_adaptive,99.58333333333337,0.0,0.12372116756604977
ergo_adaptive,99.66666666666663,0.0,0.12357629362883481
ergo_adaptive,99.75,0.0,0.12342930042240906
ergo_adaptive,99.83333333333337,0.0,0.12329403926570934
ergo_adaptive,99.91666666666663,0.0,0.12318670290548674
ergo_adaptive,100.0,0.0,0.12307087013790943
ergo_adaptive,100.08333333333337,0.0,0.12291173366144005
ergo_adaptive,100.16666666666663,0.0,0.12273412936730274
ergo_adaptive,100.25,0.0,0.122564693680521
ergo_adaptive,100.33333333333337,0.0,0.12241065389686731
ergo_adaptive,100.41666666666663,0.0,0.12226732736592981
ergo_adaptive,100.5,0.0,0.12212309498013062
ergo_adaptive,100.58333333333337,0.0,0.12197268710475657
ergo_adaptive,100.66666666666663,0.0,0.1218299050142176
ergo_adaptive,100.75,0.0,0.12170155897358999
ergo_adaptive,100.83333333333337,0.0,0.12154871810583223
ergo_adaptive,100.91666666666663,0.0,0.1213601858331755
ergo_adaptive,101.0,0.0,0.12115697827853378
ergo_adaptive,101.08333333333337,0.0,0.12095908109032692
ergo_adaptive,101.16666666666663,0.0,0.1207831971635639
ergo_adaptive,101.25,0.0,0.1206360397462296
ergo_adaptive,101.33333333333337,0.0,0.12043711432138436
ergo_adaptive,101.41666666666663,0.0,0.12017736686619152
ergo_adaptive,101.5,0.0,0.11989400338263419
ergo_adaptive,101.58333333333337,0.0,0.11961544968370479
ergo_adaptive,101.66666666666663,0.0,0.11935361174809846
ergo_adaptive,101.75,0.0,0.11909642230806829
ergo_adaptive,101.83333333333337,0.0,0.11879852801404489
ergo_adaptive,101.91666666666663,0.0,0.11845787473115235
ergo_adaptive,102.0,0.0,0.11812454076405189
ergo_adaptive,102.08333333333337,0.0,0.11781555888966531
ergo_adaptive,102.16666666666663,0.0,0.11744140843164895
ergo_adaptive,102.25,0.0,0.1169927638887769
ergo_adaptive,102.33333333333337,0.0,0.11653202871244767
ergo_adaptive,102.41666666666663,0.0,0.11610355830892023
ergo_adaptive,102.5,0.0,0.1156683621511214
ergo_adaptive,102.58333333333337,0.0,0.11517641151854643
ergo_adaptive,102.66666666666663,0.0,0.11465569672769954
ergo_adaptive,102.75,0.0,0.11416663709888959
ergo_adaptive,102.83333333333337,0.0,0.11370881835350947
ergo_adaptive,102.91666666666663,0.0,0.11321724911494825
ergo_adaptive,103.0,0.0,0.11268139689346701
ergo_adaptive,103.08333333333337,0.0,0.1121721806337792
ergo_adaptive,103.16666666666663,4.5765089513956976e-5,0.11173398021298082
ergo_adaptive,103.25,0.0002971902656772389,0.11129968266812633
ergo_adaptive,103.33333333333337,0.0003935775667028282,0.1107630571780286
ergo_adaptive,103.41666666666663,0.0002830269349216882,0.11018944289882346
ergo_adaptive,103.5,4.8227938112197364e-5,0.10966204435716709
ergo_adaptive,103.58333333333337,0.0,0.10917138514435244
ergo_adaptive,103.66666666666663,0.0,0.1086803781338127
ergo_adaptive,103.75,0.0,0.10817012591030672
ergo_adaptive,103.83333333333337,0.0002697868369902266,0.10768550616583385
ergo_adaptive,103.91666666666663,9.054005019834424e-6,0.10724870062129829
ergo_adaptive,104.0,2.9700674777131846e-6,0.1071357546204386
ergo_adaptive,104.08333333333337,5.089991005170088e-6,0.10717103400042485
ergo_adaptive,104.16666666666663,6.3180997480937725e-6,0.10724485267347743
ergo_adaptive,104.25,6.7132193876999114e-6,0.1073325505957738
ergo_adaptive,104.33333333333337,8.949977029337477e-6,0.10741842200751567
ergo_adaptive,104.41666666666663,2.221775146434769e-5,0.10749134734284149
ergo_adaptive,104.5,6.212232610724751e-5,0.10759274942065236
ergo_adaptive,104.58333333333337,3.539998448789958e-5,0.10769997221407351
ergo_adaptive,104.66666666666663,4.0585033018229134e-5,0.10775979067152926
ergo_adaptive,104.75,2.244766393526495e-5,0.10777509729455428
ergo_adaptive,104.83333333333337,9.31296201986025e-6,0.1078281064106122
ergo_adaptive,104.91666666666663,1.0335821820777202e-5,0.10789909986573093
ergo_adaptive,105.0,9.954104847419842e-6,0.1079854826180155
ergo_adaptive,105.08333333333337,5.450122194591445e-6,0.10804296836831115
ergo_adaptive,105.16666666666663,0.0,0.10804873951986943
ergo_adaptive,105.25,0.0,0.10808656477065441
ergo_adaptive,105.33333333333337,0.0,0.10815501988721231
ergo_adaptive,105.41666666666663,7.628772239006192e-7,0.10822788491060371
ergo_adaptive,105.5,1.6712402399307618e-7,0.10828352472201859
ergo_adaptive,105.58333333333337,7.65407677023063e-7,0.1082902768984181
ergo_adaptive,105.66666666666663,0.0,0.1082607958420587
ergo_adaptive,105.75,0.0,0.10827278361779938
ergo_adaptive,105.83333333333337,0.0,0.10831172385210837
ergo_adaptive,105.91666666666663,0.0,0.10834293132484152
ergo_adaptive,106.0,0.0,0.10831309299482988
ergo_adaptive,106.08333333333337,2.1769714454627745e-6,0.10820707734198295
ergo_adaptive,106.16666666666663,3.4502123745155206e-6,0.10817833819565668
ergo_adaptive,106.25,4.295796962192358e-6,0.10821436920776117
ergo_adaptive,106.33333333333337,6.964358793969245e-6,0.10825751790332039
ergo_adaptive,106.41666666666663,5.3379713861423436e-5,0.10831434814295347
ergo_adaptive,106.5,0.00017607790507258701,0.10836216056182266
ergo_adaptive,106.58333333333337,6.384470116606364e-5,0.10835949332826876
ergo_adaptive,106.66666666666663,0.0002095798855917961,0.10827824031333304
ergo_adaptive,106.75,4.6834687377003846e-5,0.1081147756108473
ergo_adaptive,106.83333333333337,0.0,0.10789521352217638
ergo_adaptive,106.91666666666663,5.642148756754472e-6,0.10765135969701001
ergo_adaptive,107.0,1.1513191432731264e-5,0.10733954337144609
ergo_adaptive,107.08333333333337,0.00012802820389820713,0.10695906566891106
ergo_adaptive,107.16666666666663,0.0004037776325570073,0.10653555097310718
ergo_adaptive,107.25,1.2323386824714713e-5,0.10611697008113043
ergo_adaptive,107.33333333333337,8.282874560656612e-6,0.10598897839406113
ergo_adaptive,107.41666666666663,4.453446784609298e-5,0.10600939067862446
ergo_adaptive,107.5,9.09246046526203e-6,0.10608189402765265
ergo_adaptive,107.58333333333337,1.0631386404622538e-5,0.10617518892308939
ergo_adaptive,107.66666666666663,1.295385558929004e-5,0.10626872371355395
ergo_adaptive,107.75,1.0331637870354442e-5,0.1063488534948836
ergo_adaptive,107.83333333333337,1.471345881495888e-5,0.10641056554312793
ergo_adaptive,107.91666666666663,1.4958234781022985e-5,0.1064551441115083
ergo_adaptive,108.0,1.1817866479555634e-5,0.1064834679709012
ergo_adaptive,108.08333333333337,8.077346996764324e-6,0.10649623603112918
ergo_adaptive,108.16666666666663,4.2690905868370285e-6,0.10650358657425645
ergo_adaptive,108.25,0.0,0.10652743901125551
ergo_adaptive,108.33333333333337,0.0,0.10659276399664126
ergo_adaptive,108.41666666666663,0.0,0.10666759173369712
ergo_adaptive,108.5,0.0,0.10674126868433614
ergo_adaptive,108.58333333333337,0.0,0.10681552668868562
ergo_adaptive,108.66666666666663,0.0,0.10688101718106725
ergo_adaptive,108.75,0.0,0.10693097930673039
ergo_adaptive,108.83333333333337,1.746835318514523e-5,0.10697253277299937
ergo_adaptive,108.91666666666663,0.0,0.10700990415917473
ergo_adaptive,109.0,0.0,0.10700651384974384
ergo_adaptive,109.08333333333337,0.0001923467419106789,0.10692389184731327
ergo_adaptive,109.16666666666663,0.0003597581334439088,0.10676730118052842
ergo_adaptive,109.25,0.00024313917521261668,0.10656006759523798
ergo_adaptive,109.33333333333337,0.0003470048118510754,0.10632902473387688
ergo_adaptive,109.41666666666663,0.0007098199814060142,0.10603365665539623
ergo_adaptive,109.5,0.00027654922030244367,0.1056568549024455
ergo_adaptive,109.58333333333337,0.00010070915475534973,0.10552755242285472
ergo_adaptive,109.66666666666663,7.1475423433553e-5,0.10557461328920487
ergo_adaptive,109.75,3.345362524329955e-5,0.10569314339710625
ergo_adaptive,109.83333333333337,1.666504926280157e-5,0.10580036269377957
ergo_adaptive,109.91666666666663,1.790658052567814e-5,0.10587319471434999
ergo_adaptive,110.0,1.7618313147745022e-5,0.10591540326559139
ergo_adaptive,110.08333333333337,1.3976289115110877e-5,0.10594220774240032
ergo_adaptive,110.16666666666663,1.5864593039811966e-5,0.10596585478871046
ergo_adaptive,110.25,1.4725448736790052e-5,0.10598508727009452
ergo_adaptive,110.33333333333337,1.3622668786314573e-5,0.10599706401984806
ergo_adaptive,110.41666666666663,1.043300804431499e-5,0.10600493296965867
ergo_adaptive,110.5,8.058039254587179e-6,0.10601010995269632
ergo_adaptive,110.58333333333337,5.323793878668979e-6,0.10600833230021242
ergo_adaptive,110.66666666666663,1.3041280738164611e-5,0.10600659383124902
ergo_adaptive,110.75,7.852859164909966e-6,0.10599408389695947
ergo_adaptive,110.83333333333337,0.0,0.10596796330207789
ergo_adaptive,110.91666666666663,1.402133372447557e-5,0.10597600899662092
ergo_adaptive,111.0,0.0,0.1059615928372301
ergo_adaptive,111.08333333333337,2.5982033211760568e-5,0.10596197200731988
ergo_adaptive,111.16666666666663,7.385422700996127e-5,0.10596353606298996
ergo_adaptive,111.25,0.00010484610941234167,0.10593786451812952
ergo_adaptive,111.33333333333337,6.417315497105184e-5,0.10586672008815853
ergo_adaptive,111.41666666666663,8.206552039489697e-5,0.10578842349649627
ergo_adaptive,111.5,0.000110281115485775,0.1057445196395806
ergo_adaptive,111.58333333333337,0.0002867366450359288,0.10571571267851972
ergo_adaptive,111.66666666666663,0.00039112600913751816,0.1056368700039539
ergo_adaptive,111.75,0.0006710941683944373,0.10547309987169745
ergo_adaptive,111.83333333333337,0.0008796107491105792,0.1052337437386424
ergo_adaptive,111.91666666666663,0.0009379710375396255,0.1049525986341765
ergo_adaptive,112.0,0.0003742912403153838,0.10464348436073895
ergo_adaptive,112.08333333333337,0.0002702045891871372,0.10457399001369559
ergo_adaptive,112.16666666666663,0.0003515838369688406,0.10463183650779341
ergo_adaptive,112.25,0.0002713145896579957,0.10471582747147778
ergo_adaptive,112.33333333333337,0.0002374348373390672,0.10479372517144657
ergo_adaptive,112.41666666666663,0.00022223404636642516,0.10487138761517414
ergo_adaptive,112.5,0.000209459168080884,0.1049521730591487
ergo_adaptive,112.58333333333337,0.00020667065675410937,0.10504490116353436
ergo_adaptive,112.66666666666663,0.00012465456359487702,0.10514824949972729
ergo_adaptive,112.75,0.000174727636269815,0.10525427089278962
ergo_adaptive,112.83333333333337,0.00023370542548474521,0.1053440025206893
ergo_adaptive,112.91666666666663,0.00022599066939640235,0.10541425258806308
ergo_adaptive,113.0,0.00029376972169370847,0.1054950064038358
ergo_adaptive,113.08333333333337,0.00021186193852954502,0.10555342344031383
ergo_adaptive,113.16666666666663,0.0001985999965001772,0.10564058448102084
ergo_adaptive,113.25,0.00025804164574408454,0.1057204436824295
ergo_adaptive,113.33333333333337,0.00020860843905734703,0.10578023740552359
ergo_adaptive,113.41666666666663,0.00032595740321202094,0.10584787714501279
ergo_adaptive,113.5,0.0003246199895840437,0.10588550347894662
ergo_adaptive,113.58333333333337,0.0002447403798530392,0.10591128076640285
ergo_adaptive,113.66666666666663,0.00015599600226018332,0.10597712356099072
ergo_adaptive,113.75,9.504281278796271e-5,0.10601127757836962
ergo_adaptive,113.83333333333337,9.895546602278475e-5,0.10599966472594584
ergo_adaptive,113.91666666666663,0.00014752760487877443,0.1059651090321933
ergo_adaptive,114.0,0.000210231018702537,0.10594919856889636
ergo_adaptive,114.08333333333337,0.00013054353616111155,0.10592138178790916
ergo_adaptive,114.16666666666663,0.00019056626712809303,0.10594028157888527
ergo_adaptive,114.25,0.00015674694621456274,0.10596565841636299
ergo_adaptive,114.33333333333337,0.00016434618451278393,0.10601443253155453
ergo_adaptive,114.41666666666663,0.00025694477810890364,0.10607237694617119
ergo_adaptive,114.5,0.00014773687661099363,0.1061302694091535
ergo_adaptive,114.58333333333337,0.00026125306706627444,0.1061835290701411
ergo_adaptive,114.66666666666663,0.0003300855143228891,0.10622624314119618
ergo_adaptive,114.75,0.0003255857640427144,0.10623174744453166
ergo_adaptive,114.83333333333337,0.0003800995745611443,0.10624398586935023
ergo_adaptive,114.91666666666663,0.00025442367885285787,0.10623388225804335
ergo_adaptive,115.0,0.0005659237508370117,0.10626211553406115
ergo_adaptive,115.08333333333337,0.00033400601907521913,0.10626141664475594
ergo_adaptive,115.16666666666663,0.00020560584654938624,0.10629497948632005
ergo_adaptive,115.25,0.0002932086846784961,0.10635102187599385
ergo_adaptive,115.33333333333337,0.00026858588092586877,0.10640088024419406
ergo_adaptive,115.41666666666663,0.00029299945023144864,0.10642276534132605
ergo_adaptive,115.5,0.00023840496585134034,0.10646983327600863
ergo_adaptive,115.58333333333337,0.0001753959946822861,0.10650550470482661
ergo_adaptive,115.66666666666663,7.168423068332117e-5,0.10652318914184633
ergo_adaptive,115.75,9.083660018080826e-5,0.10653533248752876
ergo_adaptive,115.83333333333337,4.285888576312741e-5,0.10654515799251614
ergo_adaptive,115.91666666666663,6.940493826216481e-5,0.10653339448010275
ergo_adaptive,116.0,4.507163991568256e-5,0.10650971096754436
ergo_adaptive,116.08333333333337,2.9747293026411283e-5,0.10649030781870307
ergo_adaptive,116.16666666666663,3.550542905044905e-5,0.10647822066321828
ergo_adaptive,116.25,3.5107565992662726e-5,0.10646292917808592
ergo_adaptive,116.33333333333337,2.6852801504281086e-5,0.10648764360300382
ergo_adaptive,116.41666666666663,2.7627404577093772e-5,0.10651377516238278
ergo_adaptive,116.5,2.972107456965339e-5,0.10658425236002667
ergo_adaptive,116.58333333333337,7.552765506096756e-5,0.10666803035179237
ergo_adaptive,116.66666666666663,4.716252587010669e-5,0.10670955116005777
ergo_adaptive,116.75,0.00015745530131416945,0.10669646475459271
ergo_adaptive,116.83333333333337,0.00016165050393758204,0.10663209047595355
ergo_adaptive,116.91666666666663,0.0002159934750913238,0.10653442411447067
ergo_adaptive,117.0,8.882838364526414e-5,0.10643701864031158
ergo_adaptive,117.08333333333337,0.0001537355376518372,0.10633373566146238
ergo_adaptive,117.16666666666663,0.00015121406243730722,0.10617258232011598
ergo_adaptive,117.25,0.000307500948135291,0.10596520987905374
ergo_adaptive,117.33333333333337,9.479309481384053e-5,0.10573893753713352
ergo_adaptive,117.41666666666663,5.2185902204624685e-5,0.10560784274324428
ergo_adaptive,117.5,6.327675739307544e-5,0.10564885990806445
ergo_adaptive,117.58333333333337,3.33152337556977e-5,0.10573496989458478
ergo_adaptive,117.66666666666663,4.034928140028799e-5,0.10581565162034552
ergo_adaptive,117.75,3.548342361987437e-5,0.10588375372274178
ergo_adaptive,117.83333333333337,9.424214217278026e-5,0.10594282001478357
ergo_adaptive,117.91666666666663,9.085137066500142e-5,0.10599390413943507
ergo_adaptive,118.0,7.032713254155871e-5,0.10603218505435986
ergo_adaptive,118.08333333333337,8.86897040801857e-5,0.10607016967356789
ergo_adaptive,118.16666666666663,7.39795230401797e-5,0.1061221410057814
ergo_adaptive,118.25,3.962708854417427e-5,0.10617093799695461
ergo_adaptive,118.33333333333337,5.400900841177416e-5,0.10622341216314998
ergo_adaptive,118.41666666666663,3.776715184484961e-5,0.10626670464445907
ergo_adaptive,118.5,2.9255118741027526e-5,0.1062930001809037
ergo_adaptive,118.58333333333337,7.555488961439104e-5,0.10630098609205957
ergo_adaptive,118.66666666666663,6.761656871773106e-5,0.10630957621778014
ergo_adaptive,118.75,3.7727037289998644e-5,0.10631426280224962
ergo_adaptive,118.83333333333337,4.057866903906437e-5,0.10635706480956064
ergo_adaptive,118.91666666666663,2.188866294980883e-5,0.1064063539721275
ergo_adaptive,119.0,2.0772078877069288e-5,0.1064553408724757
ergo_adaptive,119.08333333333337,1.984981811517687e-5,0.10649784386274834
ergo_adaptive,119.16666666666663,2.0883747925173393e-5,0.10652486913906374
ergo_adaptive,119.25,1.9973194707478222e-5,0.10652762957701731
ergo_adaptive,119.33333333333337,1.5224136379490829e-5,0.10650824239154826
ergo_adaptive,119.41666666666663,9.324773723329915e-6,0.10648571982068046
ergo_adaptive,119.5,1.92679130109766e-6,0.10648580950041966
ergo_adaptive,119.58333333333337,2.5315730722033025e-6,0.10652834813968337
ergo_adaptive,119.66666666666663,2.4136808638925e-6,0.10657557552324902
ergo_adaptive,119.75,7.357874856451149e-7,0.10660746643493348
ergo_adaptive,119.83333333333337,2.651475068988487e-6,0.10663059399204332
ergo_adaptive,119.91666666666663,2.4924441994593675e-6,0.10667741383757115
ergo_adaptive,120.0,5.5781079741621555e-6,0.10672946377951119
ergo_adaptive,120.08333333333337,7.161175443187414e-6,0.10677902826217114
ergo_adaptive,120.16666666666663,3.778913390348976e-6,0.10681688635245279
ergo_adaptive,120.25,4.73724122602799e-6,0.10686120579914483
ergo_adaptive,120.33333333333337,6.235776986205663e-6,0.10690510711598143
ergo_adaptive,120.41666666666663,5.0788278590222295e-6,0.10694918762816719
ergo_adaptive,120.5,8.81788214480941e-6,0.10699501565090631
ergo_adaptive,120.58333333333337,1.0593751881985956e-5,0.10703016417033884
ergo_adaptive,120.66666666666663,2.1798126744118574e-6,0.10704783604470178
ergo_adaptive,120.75,2.6196868264528737e-6,0.10704082332402005
ergo_adaptive,120.83333333333337,1.4422860565345601e-5,0.10707079787942125
ergo_adaptive,120.91666666666663,6.030332055455782e-6,0.10709002513016071
ergo_adaptive,121.0,7.816375724883775e-6,0.10713544354020235
ergo_adaptive,121.08333333333337,1.0069594391509824e-5,0.10718020468394777
ergo_adaptive,121.16666666666663,6.440861049274826e-5,0.10721460614327823
ergo_adaptive,121.25,2.6257617127235357e-5,0.10721751879356585
ergo_adaptive,121.33333333333337,4.428577234159173e-5,0.10717517434014377
ergo_adaptive,121.41666666666663,3.952893100629163e-5,0.10710691134604546
ergo_adaptive,121.5,7.240666571129011e-5,0.10704286549449171
ergo_adaptive,121.58333333333337,1.1411399011263273e-5,0.10696823653268006
ergo_adaptive,121.66666666666663,1.5079029210853011e-5,0.10697495903194221
ergo_adaptive,121.75,7.036902136259483e-6,0.10702372113345407
ergo_adaptive,121.83333333333337,1.2370579771444183e-5,0.10707339991534834
ergo_adaptive,121.91666666666663,4.594473802943222e-6,0.1071184851868878
ergo_adaptive,122.0,3.8545365676454745e-5,0.10715984920943453
ergo_adaptive,122.08333333333337,2.1051845537555347e-6,0.10720070621914239
ergo_adaptive,122.16666666666663,1.073399668444905e-5,0.10724369101939063
ergo_adaptive,122.25,1.2193626231713705e-5,0.10727962152963526
ergo_adaptive,122.33333333333337,1.2858159919546257e-7,0.10730215279149395
ergo_adaptive,122.41666666666663,7.979532761359127e-6,0.10735480422628804
ergo_adaptive,122.5,0.0,0.10740567741085189
ergo_adaptive,122.58333333333337,2.9459793387070714e-6,0.10744875879309095
ergo_adaptive,122.66666666666663,4.509068076842348e-6,0.10748690290191505
ergo_adaptive,122.75,0.0,0.10751117876835012
ergo_adaptive,122.83333333333337,0.0,0.10754652107839266
ergo_adaptive,122.91666666666663,0.0,0.10757283856526415
ergo_adaptive,123.0,0.0,0.10759391835451652
ergo_adaptive,123.08333333333337,2.4403351663120364e-6,0.10762565603398723
ergo_adaptive,123.16666666666663,3.0868259106796027e-5,0.10769727330599477
ergo_adaptive,123.25,4.897675950560606e-6,0.10778136031802274
ergo_adaptive,123.33333333333337,0.0,0.10784490878418254
ergo_adaptive,123.41666666666663,0.0,0.10791569638281374
ergo_adaptive,123.5,0.0,0.10798381888599656
ergo_adaptive,123.58333333333337,0.0,0.10804556745380611
ergo_adaptive,123.66666666666663,7.584998853630476e-7,0.1080947686197165
ergo_adaptive,123.75,1.2647930301835834e-5,0.1081576888199861
ergo_adaptive,123.83333333333337,1.0089849369352339e-5,0.10822224780098538
ergo_adaptive,123.91666666666663,0.0,0.1082672621257028
ergo_adaptive,124.0,0.0,0.10832462991484244
ergo_adaptive,124.08333333333337,0.0,0.10838546148060006
ergo_adaptive,124.16666666666663,0.0,0.10843896461810994
ergo_adaptive,124.25,4.377424608438654e-6,0.1084823132074716
ergo_adaptive,124.33333333333337,1.9161172499952543e-5,0.10854172944803983
ergo_adaptive,124.41666666666663,1.3424564796416954e-5,0.10859813177034061
ergo_adaptive,124.5,5.25925070788337e-6,0.10863496708021445
ergo_adaptive,124.58333333333337,1.4283159416328691e-5,0.10868619167272145
ergo_adaptive,124.66666666666663,1.2838770745681767e-5,0.10872458251264751
ergo_adaptive,124.75,1.5992413150555924e-5,0.10872894518561098
ergo_adaptive,124.83333333333337,1.554579678764398e-5,0.10869512793226623
ergo_adaptive,124.91666666666663,2.499167722563336e-5,0.1086631342379965
ergo_adaptive,125.0,3.9962481754634206e-5,0.10863046666917354
ergo_adaptive,125.08333333333337,4.59780077504248e-5,0.10857327400870971
ergo_adaptive,125.16666666666663,0.00010196400502516803,0.10849982862060101
ergo_adaptive,125.25,2.9777280598620592e-5,0.10840340467105004
ergo_adaptive,125.33333333333337,3.905676581661117e-5,0.10838348408674175
ergo_adaptive,125.41666666666663,2.6885729447858346e-5,0.1084246160198737
ergo_adaptive,125.5,1.7808882818199765e-5,0.10848448192533187
ergo_adaptive,125.58333333333337,2.0984167158541936e-5,0.1085400014963987
ergo_adaptive,125.66666666666663,8.924966307965166e-6,0.10859107659445534
ergo_adaptive,125.75,1.0728773097034239e-5,0.10863757032752262
ergo_adaptive,125.83333333333337,6.471200486655071e-6,0.10868846737015077
ergo_adaptive,125.91666666666663,2.1637910226872526e-5,0.1087436419732988
ergo_adaptive,126.0,5.390949653157076e-6,0.10880686515717139
ergo_adaptive,126.08333333333337,1.510942272244518e-6,0.10886595191764097
ergo_adaptive,126.16666666666663,2.9669881423021613e-6,0.1089222625940143
ergo_adaptive,126.25,2.9301427108700268e-6,0.10898186115753808
ergo_adaptive,126.33333333333337,2.7358972028981124e-5,0.10903573756890678
ergo_adaptive,126.41666666666663,5.162171755584714e-5,0.10906849602622044
ergo_adaptive,126.5,3.930456811323439e-5,0.10907037603025792
ergo_adaptive,126.58333333333337,1.6235963840967443e-5,0.10904864948182585
ergo_adaptive,126.66666666666663,1.8043102455248424e-5,0.10906530954084026
ergo_adaptive,126.75,6.321504252182328e-6,0.10910789135879229
ergo_adaptive,126.83333333333337,1.4656513382917644e-5,0.1091558319599108
ergo_adaptive,126.91666666666663,4.206427129313696e-6,0.10920817720268071
ergo_adaptive,127.0,9.354789627032896e-6,0.10925738265846442
ergo_adaptive,127.08333333333337,5.0191533876918715e-6,0.10930972690769726
ergo_adaptive,127.16666666666663,2.141630952243884e-6,0.10936098741390601
ergo_adaptive,127.25,1.0731333525401276e-5,0.10941227559412342
ergo_adaptive,127.33333333333337,3.82049437888745e-6,0.10946074416126594
ergo_adaptive,127.41666666666663,0.0,0.10949028735233826
ergo_adaptive,127.5,0.0,0.10952944621955558
ergo_adaptive,127.58333333333337,6.041148888168059e-7,0.10957240207786922
ergo_adaptive,127.66666666666663,0.0,0.10961338072185085
ergo_adaptive,127.75,0.0,0.10964787757703434
ergo_adaptive,127.83333333333337,0.0,0.1096630019232549
ergo_adaptive,127.91666666666663,9.046682028757731e-6,0.10966946385288884
ergo_adaptive,128.0,2.1576240180505602e-5,0.10969534910388472
ergo_adaptive,128.08333333333337,2.8938038446805763e-5,0.1097195224964693
ergo_adaptive,128.16666666666663,2.016776874525675e-5,0.10973314473912775
ergo_adaptive,128.25,2.032950593675521e-5,0.10974606297483591
ergo_adaptive,128.33333333333337,2.332940492418886e-5,0.10975117296920847
ergo_adaptive,128.41666666666663,4.800832363850386e-6,0.10974088328104109
ergo_adaptive,128.5,0.0,0.10976698110437727
ergo_adaptive,128.58333333333337,0.0,0.10981698720454393
ergo_adaptive,128.66666666666663,0.0,0.10987004971678238
ergo_adaptive,128.75,1.401155301071772e-5,0.10991251580766435
ergo_adaptive,128.83333333333337,1.459446681407664e-5,0.1099579858175767
ergo_adaptive,128.91666666666663,3.654845759250638e-5,0.10999921147828452
ergo_adaptive,129.0,5.051600484760533e-6,0.11001596181890157
ergo_adaptive,129.08333333333337,0.0,0.11005182961009158
ergo_adaptive,129.16666666666663,4.253830916064944e-6,0.11009585855349023
ergo_adaptive,129.25,5.631837120843362e-6,0.11014074571960472
ergo_adaptive,129.33333333333337,3.822974667674633e-6,0.11018522895634349
ergo_adaptive,129.41666666666663,3.6887180088949446e-6,0.11022929378109464
ergo_adaptive,129.5,8.690951436587127e-6,0.11027293685078338
ergo_adaptive,129.58333333333337,1.7898398337321777e-5,0.11030041109594531
ergo_adaptive,129.66666666666663,2.9417324439464918e-5,0.11029119873203985
ergo_adaptive,129.75,5.806159429239065e-6,0.11022707474172416
ergo_adaptive,129.83333333333337,1.1259668394977732e-5,0.11020918575657966
ergo_adaptive,129.91666666666663,1.5118293854212193e-5,0.11017547261808809
ergo_adaptive,130.0,1.4315911019509381e-5,0.11010350963464836
ergo_adaptive,130.08333333333337,4.9160755874949746e-5,0.10999944842423372
ergo_adaptive,130.16666666666663,0.00023928542495604715,0.1098384206906285
ergo_adaptive,130.25,0.0001435580832701894,0.10963557658264456
ergo_adaptive,130.33333333333337,0.00014489799210596412,0.10941535415828234
ergo_adaptive,130.41666666666663,2.092621390842255e-5,0.10920447644891851
ergo_adaptive,130.5,2.314878648369608e-5,0.10912579659069735
ergo_adaptive,130.58333333333337,0.0002399179900099152,0.10913000976227465
ergo_adaptive,130.66666666666663,0.00022045141066473527,0.10913336068339015
ergo_adaptive,130.75,0.00024193608242283697,0.10911831337337498
ergo_adaptive,130.83333333333337,0.000284209844170584,0.10908964136886029
ergo_adaptive,130.91666666666663,9.10201532735397e-5,0.10902022931488566
ergo_adaptive,131.0,0.00027492377720920194,0.10904712130579178
ergo_adaptive,131.08333333333337,0.00010577165148028019,0.10909572974487473
ergo_adaptive,131.16666666666663,0.0001688781699664867,0.10915630175979688
ergo_adaptive,131.25,0.00015193978619043323,0.10920824873861748
ergo_adaptive,131.33333333333337,0.00035693248597414354,0.10925314439875997
ergo_adaptive,131.41666666666663,0.00016698880711180005,0.10930530000789954
ergo_adaptive,131.5,5.159871125560127e-5,0.10935549430113249
ergo_adaptive,131.58333333333337,5.1626179207314824e-5,0.10939811509183542
ergo_adaptive,131.66666666666663,0.00011739745882384002,0.10943468169573782
ergo_adaptive,131.75,0.00013436624317306428,0.10946539615847563
ergo_adaptive,131.83333333333337,0.00019551979309596272,0.10946559340521288
ergo_adaptive,131.91666666666663,9.695126764174973e-5,0.10944169912494887
ergo_adaptive,132.0,0.0001421400386971273,0.10943530967583347
ergo_adaptive,132.08333333333337,9.689575358381511e-5,0.1094701770475296
ergo_adaptive,132.16666666666663,0.00016271324720139261,0.10952076058849582
ergo_adaptive,132.25,0.00023387482012199263,0.10956658438792134
ergo_adaptive,132.33333333333337,0.00018606230763022045,0.10959285373416587
ergo_adaptive,132.41666666666663,9.172649870724134e-5,0.10962723923895978
ergo_adaptive,132.5,0.00011069877292589106,0.10967018742347175
ergo_adaptive,132.58333333333337,5.8156084385739014e-5,0.10968370269508324
ergo_adaptive,132.66666666666663,5.431914582241974e-5,0.10968529533237922
ergo_adaptive,132.75,3.7140277645652e-5,0.10969829575043631
ergo_adaptive,132.83333333333337,4.807718673107944e-5,0.10971145143514932
ergo_adaptive,132.91666666666663,5.410269683936569e-5,0.10976138313955552
ergo_adaptive,133.0,7.379258825522668e-5,0.10982619313135669
ergo_adaptive,133.08333333333337,5.622912296098433e-5,0.10989078857136932
ergo_adaptive,133.16666666666663,5.4006116959194246e-5,0.10994965712704909
ergo_adaptive,133.25,3.817166478167695e-5,0.10998608461713434
ergo_adaptive,133.33333333333337,7.003415581274078e-5,0.11000495060994334
ergo_adaptive,133.41666666666663,6.414292832146813e-5,0.11003288493661374
ergo_adaptive,133.5,6.463782329620653e-5,0.11004626033344321
ergo_adaptive,133.58333333333337,0.00010684826907643723,0.11002360904913346
ergo_adaptive,133.66666666666663,0.00010496641690914867,0.10996003528873012
ergo_adaptive,133.75,0.00010294945048185857,0.10989209762849421
ergo_adaptive,133.83333333333337,2.7177678606313033e-5,0.10988888272099766
ergo_adaptive,133.91666666666663,2.5621615997462458e-5,0.10992776330201097
ergo_adaptive,134.0,2.4754997818391763e-5,0.10997811249195069
ergo_adaptive,134.08333333333337,2.651229534889322e-5,0.11001601924126343
ergo_adaptive,134.16666666666663,2.3301853916518566e-5,0.11004414783368595
ergo_adaptive,134.25,2.32651686152273e-5,0.1100745213391319
ergo_adaptive,134.33333333333337,0.0,0.11011257309590673
ergo_adaptive,134.41666666666663,3.954968468635733e-6,0.11014080397073421
ergo_adaptive,134.5,0.0,0.11018284081189272
ergo_adaptive,134.58333333333337,1.2021766361716748e-5,0.11022102402821128
ergo_adaptive,134.66666666666663,1.1859898951212546e-5,0.11027389696635202
ergo_adaptive,134.75,2.9437281473730604e-6,0.11032418684176894
ergo_adaptive,134.83333333333337,1.089064896120468e-6,0.11037945097947122
ergo_adaptive,134.91666666666663,4.821409805151926e-6,0.11043495206977409
ergo_adaptive,135.0,3.668861956106087e-6,0.11048943340330952
ergo_adaptive,135.08333333333337,2.3528101916640734e-6,0.11054230679361111
ergo_adaptive,135.16666666666663,7.320056011066101e-7,0.11059328026625943
ergo_adaptive,135.25,3.7817478133211166e-5,0.11063364532899965
ergo_adaptive,135.33333333333337,2.4770629919705747e-5,0.11065015058870707
ergo_adaptive,135.41666666666663,9.303814457670522e-7,0.11062749151525127
ergo_adaptive,135.5,1.961798078422385e-6,0.11064322465497736
ergo_adaptive,135.58333333333337,1.683715251639722e-6,0.11069522755799481
ergo_adaptive,135.66666666666663,7.082641746144403e-6,0.1107411504540498
ergo_adaptive,135.75,6.127478366202292e-6,0.11077552318522044
ergo_adaptive,135.83333333333337,3.496012900067098e-5,0.11081346989862927
ergo_adaptive,135.91666666666663,6.576206937522528e-5,0.11085432104088852
ergo_adaptive,136.0,5.83857628973285e-6,0.11088313801854348
ergo_adaptive,136.08333333333337,0.0,0.11092068597670543
ergo_adaptive,136.16666666666663,3.5990243625822172e-6,0.11095744674799123
ergo_adaptive,136.25,2.9657967617182306e-6,0.1109935312619943
ergo_adaptive,136.33333333333337,5.2728159460537135e-6,0.11103122202752559
ergo_adaptive,136.41666666666663,0.0,0.11106134176882546
ergo_adaptive,136.5,0.0,0.1110955814320674
ergo_adaptive,136.58333333333337,3.702422568395312e-5,0.11112158788963819
ergo_adaptive,136.66666666666663,2.57192846243369e-5,0.11115017035344311
ergo_adaptive,136.75,1.1507707519041713e-5,0.11117291787292215
ergo_adaptive,136.83333333333337,3.572298582150007e-5,0.11119079562069074
ergo_adaptive,136.91666666666663,0.0,0.11118714610823975
ergo_adaptive,137.0,2.7875957991689956e-7,0.11120856084214578
ergo_adaptive,137.08333333333337,0.0,0.11124614399177643
ergo_adaptive,137.16666666666663,5.407015618860352e-7,0.11127571231064712
ergo_adaptive,137.25,0.0,0.11131258309743741
ergo_adaptive,137.33333333333337,0.0,0.1113464132420775
ergo_adaptive,137.41666666666663,8.170622773198975e-7,0.11136623810582187
ergo_adaptive,137.5,2.1971126502391246e-6,0.11139902935892464
ergo_adaptive,137.58333333333337,2.1205523540965447e-7,0.11143360459053271
ergo_adaptive,137.66666666666663,7.680201716686976e-7,0.1114685300428602
ergo_adaptive,137.75,0.0,0.11150316618572453
ergo_adaptive,137.83333333333337,0.0,0.11153933977865908
ergo_adaptive,137.91666666666663,0.0,0.11156887574656085
ergo_adaptive,138.0,0.0,0.11159200655952162
ergo_adaptive,138.08333333333337,3.3312724048673008e-6,0.11161735989884418
ergo_adaptive,138.16666666666663,6.0342465124474234e-5,0.11166570648359395
ergo_adaptive,138.25,7.253121615905901e-5,0.11170707215119989
ergo_adaptive,138.33333333333337,0.00014805318322224983,0.11172330550506808
ergo_adaptive,138.41666666666663,2.816016149018929e-5,0.11171366058053155
ergo_adaptive,138.5,5.101786853424487e-6,0.11173321337672884
ergo_adaptive,138.58333333333337,4.97780120320499e-6,0.11174856326113093
ergo_adaptive,138.66666666666663,2.874336867002767e-6,0.11176022682049233
ergo_adaptive,138.75,0.0,0.11177964998071653
ergo_adaptive,138.83333333333337,0.0,0.1118133657066562
ergo_adaptive,138.91666666666663,0.0,0.11185450983653082
ergo_adaptive,139.0,0.0,0.11189447118065879
ergo_adaptive,139.08333333333337,0.0,0.11193363980358355
ergo_adaptive,139.16666666666663,0.0,0.11197387920149095
ergo_adaptive,139.25,0.0,0.11200938587067326
ergo_adaptive,139.33333333333337,0.0,0.11204883723751984
ergo_adaptive,139.41666666666663,0.0,0.11210414175162323
ergo_adaptive,139.5,0.0,0.1121752482778555
ergo_adaptive,139.58333333333337,0.0,0.11225338850226808
ergo_adaptive,139.66666666666663,0.0,0.11233551641491772
ergo_adaptive,139.75,0.0,0.1124256574828855
ergo_adaptive,139.83333333333337,0.0,0.11252455867615412
ergo_adaptive,139.91666666666663,0.0,0.11262720844144068
ergo_adaptive,140.0,0.0,0.11273096999432877
ergo_adaptive,140.08333333333337,0.0,0.11283810215914794
ergo_adaptive,140.16666666666663,0.0,0.11295035760062826
ergo_adaptive,140.25,0.0,0.11306596661581224
ergo_adaptive,140.33333333333337,0.0,0.11318276924445292
ergo_adaptive,140.41666666666663,0.0,0.11330091092777263
ergo_adaptive,140.5,0.0,0.11342146660201761
ergo_adaptive,140.58333333333337,0.0,0.11354416652580186
ergo_adaptive,140.66666666666663,0.0,0.1136673521605999
ergo_adaptive,140.75,0.0,0.11379024899036892
ergo_adaptive,140.83333333333337,0.0,0.1139138983493484
ergo_adaptive,140.91666666666663,0.0,0.11403938899046533
ergo_adaptive,141.0,0.0,0.11416494388523529
ergo_adaptive,141.08333333333337,0.0,0.11428845032003777
ergo_adaptive,141.16666666666663,0.0,0.11441114566207107
ergo_adaptive,141.25,0.0,0.11453525045356228
ergo_adaptive,141.33333333333337,0.0,0.11466010223424478
ergo_adaptive,141.41666666666663,0.0,0.11478228837870474
ergo_adaptive,141.5,0.0,0.11490283760228351
ergo_adaptive,141.58333333333337,0.0,0.11502371723347068
ergo_adaptive,141.66666666666663,0.0,0.11514530026922064
ergo_adaptive,141.75,0.0,0.1152659272518339
ergo_adaptive,141.83333333333337,0.0,0.1153850050415425
ergo_adaptive,141.91666666666663,0.0,0.11550349534197606
ergo_adaptive,142.0,0.0,0.11562221309938532
ergo_adaptive,142.08333333333337,0.0,0.1157406417017513
ergo_adaptive,142.16666666666663,0.0,0.11585806697965913
ergo_adaptive,142.25,0.0,0.11597485502693068
ergo_adaptive,142.33333333333337,0.0,0.11609168404830808
ergo_adaptive,142.41666666666663,0.0,0.11620837209216965
ergo_adaptive,142.5,0.0,0.11632408706291412
ergo_adaptive,142.58333333333337,0.0,0.11643854156679116
ergo_adaptive,142.66666666666663,0.0,0.11655222367099974
ergo_adaptive,142.75,0.0,0.11666549581492751
ergo_adaptive,142.83333333333337,0.0,0.11677973262304255
ergo_adaptive,142.91666666666663,0.0,0.11689341887757118
ergo_adaptive,143.0,0.0,0.11700443676788666
ergo_adaptive,143.08333333333337,0.0,0.11711057044391764
ergo_adaptive,143.16666666666663,0.0,0.11721024096696951
ergo_adaptive,143.25,0.0,0.11730110037952678
ergo_adaptive,143.33333333333337,0.0,0.11738437156290202
ergo_adaptive,143.41666666666663,0.0,0.11746461436758654
ergo_adaptive,143.5,0.0,0.11754319278143496
ergo_adaptive,143.58333333333337,0.0,0.11761615668254989
ergo_adaptive,143.66666666666663,0.0,0.1176830398112389
ergo_adaptive,143.75,0.0,0.11774751380005832
ergo_adaptive,143.83333333333337,0.0,0.1178115419486831
ergo_adaptive,143.91666666666663,0.0,0.11787247268672929
ergo_adaptive,144.0,0.0,0.11792789169336058
ergo_adaptive,144.08333333333337,0.0,0.11797940160507522
ergo_adaptive,144.16666666666663,0.0,0.118029963724549
ergo_adaptive,144.25,0.0,0.11807917665911641
ergo_adaptive,144.33333333333337,0.0,0.11812332259896631
ergo_adaptive,144.41666666666663,0.0,0.11816159899831093
ergo_adaptive,144.5,0.0,0.11819887313790023
ergo_adaptive,144.58333333333337,0.0,0.11823951007352017
ergo_adaptive,144.66666666666663,0.0,0.11827479692108009
ergo_adaptive,144.75,0.0,0.11829712485108249
ergo_adaptive,144.83333333333337,0.0,0.11831453786454148
ergo_adaptive,144.91666666666663,0.0,0.11833861165059038
ergo_adaptive,145.0,0.0,0.11836106919631352
ergo_adaptive,145.08333333333337,0.0,0.11836672158008198
ergo_adaptive,145.16666666666663,0.0,0.11836189538316054
ergo_adaptive,145.25,0.0,0.11835745049521096
ergo_adaptive,145.33333333333337,0.0,0.11835505855433257
ergo_adaptive,145.41666666666663,0.0,0.11834859576089649
ergo_adaptive,145.5,0.0,0.11833475738105936
ergo_adaptive,145.58333333333337,0.0,0.11831724071872583
ergo_adaptive,145.66666666666663,0.0,0.11830359996614728
ergo_adaptive,145.75,0.0,0.11829464281176018
ergo_adaptive,145.83333333333337,0.0,0.11827540203353237
ergo_adaptive,145.91666666666663,0.0,0.11824204808939116
ergo_adaptive,146.0,0.0,0.1182096868181492
ergo_adaptive,146.08333333333337,0.0,0.11818876657097108
ergo_adaptive,146.16666666666663,0.0,0.11815599407402987
ergo_adaptive,146.25,0.0,0.11810147097956421
ergo_adaptive,146.33333333333337,0.0,0.11803915805705299
ergo_adaptive,146.41666666666663,0.0,0.11798151054640318
ergo_adaptive,146.5,0.0,0.11792804308836469
ergo_adaptive,146.58333333333337,0.0,0.11787127784422428
ergo_adaptive,146.66666666666663,0.0,0.11780723107154781
ergo_adaptive,146.75,0.0,0.11774265534905308
ergo_adaptive,146.83333333333337,0.0,0.11769152725892769
ergo_adaptive,146.91666666666663,0.0,0.11764750274677854
ergo_adaptive,147.0,0.0,0.11757765624822343
ergo_adaptive,147.08333333333337,0.0,0.11748965584400965
ergo_adaptive,147.16666666666663,0.0,0.1174070216232569
ergo_adaptive,147.25,0.0,0.11733328396341607
ergo_adaptive,147.33333333333337,0.0,0.1172500175071478
ergo_adaptive,147.41666666666663,0.0,0.11715308880739
ergo_adaptive,147.5,0.0,0.11705308502391366
ergo_adaptive,147.58333333333337,0.0,0.11696060574159155
ergo_adaptive,147.66666666666663,0.0,0.11687657809226006
ergo_adaptive,147.75,0.0,0.11678653153908386
ergo_adaptive,147.83333333333337,0.0,0.1166804244842142
ergo_adaptive,147.91666666666663,0.0,0.11657391876068761
ergo_adaptive,148.0,0.0,0.11649022567693028
ergo_adaptive,148.08333333333337,0.0,0.11639576592487288
ergo_adaptive,148.16666666666663,0.0,0.1162616612607017
ergo_adaptive,148.25,0.0,0.11611243163274322
ergo_adaptive,148.33333333333337,0.0,0.11597431587372391
ergo_adaptive,148.41666666666663,0.0,0.11585049418523413
ergo_adaptive,148.5,0.0,0.11572930835235831
ergo_adaptive,148.58333333333337,0.0,0.11560371643120516
ergo_adaptive,148.66666666666663,0.0,0.11548128935728608
ergo_adaptive,148.75,0.0,0.11537757737411675
ergo_adaptive,148.83333333333337,0.0,0.11528931192095576
ergo_adaptive,148.91666666666663,0.0,0.11518569834166677
ergo_adaptive,149.0,0.0,0.11506719921600539
ergo_adaptive,149.08333333333337,0.0,0.11496521308113228
ergo_adaptive,149.16666666666663,0.0,0.1149002174326809
ergo_adaptive,149.25,0.0,0.11481350977313008
ergo_adaptive,149.33333333333337,0.0,0.1146989673203289
ergo_adaptive,149.41666666666663,0.0,0.11459130044745584
ergo_adaptive,149.5,0.0,0.11451459321193744
ergo_adaptive,149.58333333333337,0.0,0.11444590196961622
ergo_adaptive,149.66666666666663,0.0,0.11436011195311595
ergo_adaptive,149.75,0.0,0.11427008825691508
ergo_adaptive,149.83333333333337,0.0,0.11426028472076824
ergo_adaptive,149.91666666666663,0.0,0.11429427953998998
ergo_adaptive,150.0,0.0,0.11434403021488168
ergo_adaptive,150.08333333333337,0.0,0.11440534407200935
ergo_adaptive,150.16666666666663,0.0,0.11447296541099009
ergo_adaptive,150.25,0.0,0.11454440767231
ergo_adaptive,150.33333333333337,0.0,0.11461817039773528
ergo_adaptive,150.41666666666663,0.0,0.11469326610772226
ergo_adaptive,150.5,0.0,0.11474148205890644
ergo_adaptive,150.58333333333337,0.0,0.1148146727422013
ergo_adaptive,150.66666666666663,0.0,0.11487478137647249
ergo_adaptive,150.75,0.0,0.11493630544345819
ergo_adaptive,150.83333333333337,0.0,0.11499976528501918
ergo_adaptive,150.91666666666663,0.0,0.1150647103234284
ergo_adaptive,151.0,0.0,0.11513091180001311
ergo_adaptive,151.08333333333337,0.0,0.11519819241620421
ergo_adaptive,151.16666666666663,0.0,0.1152664183889459
ergo_adaptive,151.25,0.0,0.1153354886653439
ergo_adaptive,151.33333333333337,0.0,0.11540532668859607
ergo_adaptive,151.41666666666663,0.0,0.11547587389756862
ergo_adaptive,151.5,0.0,0.11554708428399653
ergo_adaptive,151.58333333333337,0.0,0.11561891948079203
ergo_adaptive,151.66666666666663,0.0,0.1156913439710413
ergo_adaptive,151.75,0.0,0.11576432017385518
ergo_adaptive,151.83333333333337,0.0,0.11583780372876042
ergo_adaptive,151.91666666666663,0.0,0.11591175847130626
ergo_adaptive,152.0,0.0,0.11595606872255054
ergo_adaptive,152.08333333333337,0.0,0.11602678371632091
ergo_adaptive,152.16666666666663,0.0,0.1160844072849698
ergo_adaptive,152.25,0.0,0.11614845329422822
ergo_adaptive,152.33333333333337,0.0,0.11621445780844912
ergo_adaptive,152.41666666666663,0.0,0.1162819201286763
ergo_adaptive,152.5,0.0,0.11635058622406147
ergo_adaptive,152.58333333333337,0.0,0.1164202520274321
ergo_adaptive,152.66666666666663,0.0,0.11649072971228414
ergo_adaptive,152.75,0.0,0.11656183059042428
ergo_adaptive,152.83333333333337,0.0,0.11663334622440961
ergo_adaptive,152.91666666666663,0.0,0.11670501968512681
ergo_adaptive,153.0,0.0,0.11677582768471452
ergo_adaptive,153.08333333333337,0.0,0.11684556839395793
ergo_adaptive,153.16666666666663,0.0,0.11691398216659162
ergo_adaptive,153.25,0.0,0.11698080383305189
ergo_adaptive,153.33333333333337,0.0,0.11704564193503778
ergo_adaptive,153.41666666666663,0.0,0.11710782306625042
ergo_adaptive,153.5,0.0,0.1171525138765982
ergo_adaptive,153.58333333333337,0.0,0.11721195482177134
ergo_adaptive,153.66666666666663,0.0,0.11726524590805273
ergo_adaptive,153.75,0.0,0.117316176723437
ergo_adaptive,153.83333333333337,0.0,0.11736463189064437
ergo_adaptive,153.91666666666663,0.0,0.11741258728673262
ergo_adaptive,154.0,0.0,0.11745988554514886
ergo_adaptive,154.08333333333337,0.0,0.11750662826623291
ergo_adaptive,154.16666666666663,0.0,0.11755284335064577
ergo_adaptive,154.25,0.0,0.11759857035963393
ergo_adaptive,154.33333333333337,0.0,0.11764383884635372
ergo_adaptive,154.41666666666663,0.0,0.11768867640413604
ergo_adaptive,154.5,0.0,0.11773310595935982
ergo_adaptive,154.58333333333337,0.0,0.11777714816438675
ergo_adaptive,154.66666666666663,0.0,0.11782082032681128
ergo_adaptive,154.75,0.0,0.11786413871860264
ergo_adaptive,154.83333333333337,0.0,0.11790711507780713
ergo_adaptive,154.91666666666663,0.0,0.11794977342972995
ergo_adaptive,155.0,0.0,0.11799140337370388
ergo_adaptive,155.08333333333337,0.0,0.11800652708038441
ergo_adaptive,155.16666666666663,0.0,0.11803767620618949
ergo_adaptive,155.25,0.0,0.11807073117897401
ergo_adaptive,155.33333333333337,0.0,0.11810509946744921
ergo_adaptive,155.41666666666663,0.0,0.11814058698939639
ergo_adaptive,155.5,0.0,0.11817701340134906
ergo_adaptive,155.58333333333337,0.0,0.1182142198116874
ergo_adaptive,155.66666666666663,0.0,0.11825207306877321
ergo_adaptive,155.75,0.0,0.11829046450935018
ergo_adaptive,155.83333333333337,0.0,0.11832930715069383
ergo_adaptive,155.91666666666663,0.0,0.11836853280159083
ergo_adaptive,156.0,0.0,0.11840812909541595
ergo_adaptive,156.08333333333337,0.0,0.11844804287670621
ergo_adaptive,156.16666666666663,0.0,0.1184882312436432
ergo_adaptive,156.25,0.0,0.11852866394704258
ergo_adaptive,156.33333333333337,0.0,0.11856932152484387
ergo_adaptive,156.41666666666663,0.0,0.11861019377484369
ergo_adaptive,156.5,0.0,0.11865128017603424
ergo_adaptive,156.58333333333337,0.0,0.11869259599705251
ergo_adaptive,156.66666666666663,0.0,0.11870306246710383
ergo_adaptive,156.75,0.0,0.1187309529843905
ergo_adaptive,156.83333333333337,0.0,0.11876104034303055
ergo_adaptive,156.91666666666663,0.0,0.11879351804261219
ergo_adaptive,157.0,0.0,0.1188285258502157
ergo_adaptive,157.08333333333337,0.0,0.11886592949031104
ergo_adaptive,157.16666666666663,0.0,0.11890549310434702
ergo_adaptive,157.25,0.0,0.1189469773198622
ergo_adaptive,157.33333333333337,0.0,0.11899016434623638
ergo_adaptive,157.41666666666663,0.0,0.11903485654342767
ergo_adaptive,157.5,0.0,0.11908086706602694
ergo_adaptive,157.58333333333337,0.0,0.11912800873206789
ergo_adaptive,157.66666666666663,0.0,0.1191760837339276
ergo_adaptive,157.75,0.0,0.11922487607089934
ergo_adaptive,157.83333333333337,0.0,0.11927414832822408
ergo_adaptive,157.91666666666663,0.0,0.11932364369550985
ergo_adaptive,158.0,0.0,0.11937309281949543
ergo_adaptive,158.08333333333337,0.0,0.11942222407974266
ergo_adaptive,158.16666666666663,0.0,0.1194707760170275
ergo_adaptive,158.25,0.0,0.1195185111132102
ergo_adaptive,158.33333333333337,0.0,0.11956522932273725
ergo_adaptive,158.41666666666663,0.0,0.11961077852066668
ergo_adaptive,158.5,0.0,0.11965505958779463
ergo_adaptive,158.58333333333337,0.0,0.11969838474445567
ergo_adaptive,158.66666666666663,0.0,0.1197395549797034
ergo_adaptive,158.75,0.0,0.11977871964433208
ergo_adaptive,158.83333333333337,0.0,0.11981695791127285
ergo_adaptive,158.91666666666663,0.0,0.11985478064587379
ergo_adaptive,159.0,0.0,0.11989226423865529
ergo_adaptive,159.08333333333337,0.0,0.11992937648467678
ergo_adaptive,159.16666666666663,0.0,0.11996611606278025
ergo_adaptive,159.25,0.0,0.12000248698278637
ergo_adaptive,159.33333333333337,0.0,0.12003849876691573
ergo_adaptive,159.41666666666663,0.0,0.1200741631694142
ergo_adaptive,159.5,0.0,0.12010949263957156
ergo_adaptive,159.58333333333337,0.0,0.12014449916036804
ergo_adaptive,159.66666666666663,0.0,0.12017919352081335
ergo_adaptive,159.75,0.0,0.12021358483780858
ergo_adaptive,159.83333333333337,0.0,0.12024768025097946
ergo_adaptive,159.91666666666663,0.0,0.1202814847231844
ergo_adaptive,160.0,0.0,0.12031500090529865
ergo_adaptive,160.08333333333337,0.0,0.12034822903963155
ergo_adaptive,160.16666666666663,0.0,0.12038116689432593
ergo_adaptive,160.25,0.0,0.12041380974219007
ergo_adaptive,160.33333333333337,0.0,0.12044615042753447
ergo_adaptive,160.41666666666663,0.0,0.12047817960690249
ergo_adaptive,160.5,0.0,0.12050988630026976
ergo_adaptive,160.58333333333337,0.0,0.12054125891725874
ergo_adaptive,160.66666666666663,0.0,0.1205722868459843
ergo_adaptive,160.75,0.0,0.12060296245047082
ergo_adaptive,160.83333333333337,0.0,0.12063328341030222
ergo_adaptive,160.91666666666663,0.0,0.12063576726416102
ergo_adaptive,161.0,0.0,0.12064501938422288
ergo_adaptive,161.08333333333337,0.0,0.12065997822811159
ergo_adaptive,161.16666666666663,0.0,0.12067781835581486
ergo_adaptive,161.25,0.0,0.12069793827581234
ergo_adaptive,161.33333333333337,0.0,0.12071995212488562
ergo_adaptive,161.41666666666663,0.0,0.12074355472711817
ergo_adaptive,161.5,0.0,0.12076850590907444
ergo_adaptive,161.58333333333337,0.0,0.12079461732527798
ergo_adaptive,161.66666666666663,0.0,0.12082174069097819
ergo_adaptive,161.75,0.0,0.12084975835593345
ergo_adaptive,161.83333333333337,0.0,0.12087857592367897
ergo_adaptive,161.91666666666663,0.0,0.12090811643616775
ergo_adaptive,162.0,0.0,0.12093831570760635
ergo_adaptive,162.08333333333337,0.0,0.12096911848108836
ergo_adaptive,162.16666666666663,0.0,0.12100047516556396
ergo_adaptive,162.25,0.0,0.12103233899769095
ergo_adaptive,162.33333333333337,0.0,0.12106466356973776
ergo_adaptive,162.41666666666663,0.0,0.12109740075926133
ergo_adaptive,162.5,0.0,0.1211304991605402
ergo_adaptive,162.58333333333337,0.0,0.1211639031254996
ergo_adaptive,162.66666666666663,0.0,0.12119755247055256
ergo_adaptive,162.75,0.0,0.1212313828213422
ergo_adaptive,162.83333333333337,0.0,0.12126532648753276
ergo_adaptive,162.91666666666663,0.0,0.12129931371160325
ergo_adaptive,163.0,0.0,0.12133327412518921
ergo_adaptive,163.08333333333337,0.0,0.12136713826422861
ergo_adaptive,163.16666666666663,0.0,0.12140083902557688
ergo_adaptive,163.25,0.0,0.12143431298155448
ergo_adaptive,163.33333333333337,0.0,0.12146750149910862
ergo_adaptive,163.41666666666663,0.0,0.12150035163499914
ergo_adaptive,163.5,0.0,0.12153281679778205
ergo_adaptive,163.58333333333337,0.0,0.12156485718205216
ergo_adaptive,163.66666666666663,0.0,0.12159643999107839
ergo_adaptive,163.75,0.0,0.12162753947110516
ergo_adaptive,163.83333333333337,0.0,0.12165813678463325
ergo_adaptive,163.91666666666663,0.0,0.12168841356801967
ergo_adaptive,164.0,0.0,0.12171839822828852
ergo_adaptive,164.08333333333337,0.0,0.12174814481206438
ergo_adaptive,164.16666666666663,0.0,0.12177761944436685
ergo_adaptive,164.25,0.0,0.1218067926227009
ergo_adaptive,164.33333333333337,0.0,0.12183564982027342
ergo_adaptive,164.41666666666663,0.0,0.12186418838961155
ergo_adaptive,164.5,0.0,0.12189241346900088
ergo_adaptive,164.58333333333337,0.0,0.12192033479860326
ergo_adaptive,164.66666666666663,0.0,0.12194796448291945
ergo_adaptive,164.75,0.0,0.12197531547818204
ergo_adaptive,164.83333333333337,0.0,0.12200240059949768
ergo_adaptive,164.91666666666663,0.0,0.12202923189251455
ergo_adaptive,165.0,0.0,0.12205582025764247
ergo_adaptive,165.08333333333337,0.0,0.12208217524733857
ergo_adaptive,165.16666666666663,0.0,0.12210830498058083
ergo_adaptive,165.25,0.0,0.12213421613567832
ergo_adaptive,165.33333333333337,0.0,0.1221599139948187
ergo_adaptive,165.41666666666663,0.0,0.1221854025225627
ergo_adaptive,165.5,0.0,0.12221068446681964
ergo_adaptive,165.58333333333337,0.0,0.12223576147535704
ergo_adaptive,165.66666666666663,0.0,0.12226063422410316
ergo_adaptive,165.75,0.0,0.12228530255573028
ergo_adaptive,165.83333333333337,0.0,0.12230976562849813
ergo_adaptive,165.91666666666663,0.0,0.1223340220762454
ergo_adaptive,166.0,0.0,0.12235807018084607
ergo_adaptive,166.08333333333337,0.0,0.12238190805845503
ergo_adaptive,166.16666666666663,0.0,0.12240553386049156
ergo_adaptive,166.25,0.0,0.12242894598957096
ergo_adaptive,166.33333333333337,0.0,0.12245214332951783
ergo_adaptive,166.41666666666663,0.0,0.12247512548721506
ergo_adaptive,166.5,0.0,0.12249789304241293
ergo_adaptive,166.58333333333337,0.0,0.12252044779983438
ergo_adaptive,166.66666666666663,0.0,0.12254279303608277
ergo_adaptive,166.75,0.0,0.12256493373214267
ergo_adaptive,166.83333333333337,0.0,0.12258687678084576
ergo_adaptive,166.91666666666663,0.0,0.12260863115774262
ergo_adaptive,167.0,0.0,0.12263020804356348
ergo_adaptive,167.08333333333337,0.0,0.12265162088701467
ergo_adaptive,167.16666666666663,0.0,0.12267288539813348
ergo_adaptive,167.25,0.0,0.12269401946481592
ergo_adaptive,167.33333333333337,0.0,0.12271504298835173
ergo_adaptive,167.41666666666663,0.0,0.12273597763765583
ergo_adaptive,167.5,0.0,0.12275684652610235
ergo_adaptive,167.58333333333337,0.0,0.12277767381910736
ergo_adaptive,167.66666666666663,0.0,0.12279848428451265
ergo_adaptive,167.75,0.0,0.12281930280105109
ergo_adaptive,167.83333333333337,0.0,0.12284015384244913
ergo_adaptive,167.91666666666663,0.0,0.12286106095585023
ergo_adaptive,168.0,0.0,0.12288204625315731
ergo_adaptive,168.08333333333337,0.0,0.12290312993263595
ergo_adaptive,168.16666666666663,0.0,0.12292432984584843
ergo_adaptive,168.25,0.0,0.1229456611219425
ergo_adaptive,168.33333333333337,0.0,0.12296713585779144
ergo_adaptive,168.41666666666663,0.0,0.12298876287877941
ergo_adaptive,168.5,0.0,0.12301054757144644
ergo_adaptive,168.58333333333337,0.0,0.123032491785995
ergo_adaptive,168.66666666666663,0.0,0.1230545938040073
ergo_adaptive,168.75,0.0,0.12307684836474642
ergo_adaptive,168.83333333333337,0.0,0.12309924674216903
ergo_adaptive,168.91666666666663,0.0,0.12312177686426652
ergo_adaptive,169.0,0.0,0.12314442346652542
ergo_adaptive,169.08333333333337,0.0,0.12319049732387202
ergo_adaptive,169.16666666666663,0.0,0.12322624067822338
ergo_adaptive,169.25,0.0,0.12326216990641278
ergo_adaptive,169.33333333333337,0.0,0.12329586645322448
ergo_adaptive,169.41666666666663,0.0,0.12332775810950317
ergo_adaptive,169.5,0.0,0.12335806962544628
ergo_adaptive,169.58333333333337,0.0,0.12338698212867567
ergo_adaptive,169.66666666666663,0.0,0.12341465116829224
ergo_adaptive,169.75,0.0,0.12344121033342545
ergo_adaptive,169.83333333333337,0.0,0.12346677268873492
ergo_adaptive,169.91666666666663,0.0,0.12349143205983167
ergo_adaptive,170.0,0.0,0.12351526449043772
ergo_adaptive,170.08333333333337,0.0,0.1235383298709733
ergo_adaptive,170.16666666666663,0.0,0.12356067368872743
ergo_adaptive,170.25,0.0,0.12358232885424947
ergo_adaptive,170.33333333333337,0.0,0.12360331756850931
ergo_adaptive,170.41666666666663,0.0,0.12362365319834295
ergo_adaptive,170.5,0.0,0.12364334211714398
ergo_adaptive,170.58333333333337,0.0,0.12366238541812122
ergo_adaptive,170.66666666666663,0.0,0.12368084708380223
ergo_adaptive,170.75,0.0,0.12372160420132679
ergo_adaptive,170.83333333333337,0.0,0.12375033790771779
ergo_adaptive,170.91666666666663,0.0,0.12377799759480909
ergo_adaptive,171.0,0.0,0.12380443009669656
ergo_adaptive,171.08333333333337,0.0,0.12382969401513665
ergo_adaptive,171.16666666666663,0.0,0.12385388691807525
ergo_adaptive,171.25,0.0,0.12387711045734207
ergo_adaptive,171.33333333333337,0.0,0.12389946137217353
ergo_adaptive,171.41666666666663,0.0,0.12392102861759469
ergo_adaptive,171.5,0.0,0.12394189238418918
ergo_adaptive,171.58333333333337,0.0,0.12396212391953494
ergo_adaptive,171.66666666666663,0.0,0.12398178577304973
ergo_adaptive,171.75,0.0,0.12400093227969167
ergo_adaptive,171.83333333333337,0.0,0.12401961017063821
ergo_adaptive,171.91666666666663,0.0,0.12403785923742008
ergo_adaptive,172.0,0.0,0.124055713000685
ergo_adaptive,172.08333333333337,0.0,0.12407319935179371
ergo_adaptive,172.16666666666663,0.0,0.12409034114724
ergo_adaptive,172.25,0.0,0.12410715674380875
ergo_adaptive,172.33333333333337,0.0,0.12412366046734201
ergo_adaptive,172.41666666666663,0.0,0.12413986301053724
ergo_adaptive,172.5,0.0,0.12415577175560201
ergo_adaptive,172.58333333333337,0.0,0.12417139101566764
ergo_adaptive,172.66666666666663,0.0,0.12418672218375562
ergo_adaptive,172.75,0.0,0.12420176376747287
ergo_adaptive,172.83333333333337,0.0,0.12421651126548532
ergo_adaptive,172.91666666666663,0.0,0.12423095679094144
ergo_adaptive,173.0,0.0,0.12424508820585185
ergo_adaptive,173.08333333333337,0.0,0.12425888695985825
ergo_adaptive,173.16666666666663,0.0,0.12427231263981507
ergo_adaptive,173.25,0.0,0.1243119718333212
ergo_adaptive,173.33333333333337,0.0,0.12433845859804149
ergo_adaptive,173.41666666666663,0.0,0.1243599862965211
ergo_adaptive,173.5,0.0,0.12438224673999611
ergo_adaptive,173.58333333333337,0.0,0.12440381190266003
ergo_adaptive,173.66666666666663,0.0,0.12442418204694637
ergo_adaptive,173.75,0.0,0.12444321753585097
ergo_adaptive,173.83333333333337,0.0,0.12446093004335358
ergo_adaptive,173.91666666666663,0.0,0.12447739272309666
ergo_adaptive,174.0,0.0,0.12449269946779978
ergo_adaptive,174.08333333333337,0.0,0.12450694583609552
ergo_adaptive,174.16666666666663,0.0,0.1245202197465844
ergo_adaptive,174.25,0.0,0.12453259631482537
ergo_adaptive,174.33333333333337,0.0,0.12454413356427758
ergo_adaptive,174.41666666666663,0.0,0.12455486565757506
ergo_adaptive,174.5,0.0,0.12456478560523208
ergo_adaptive,174.58333333333337,0.0,0.12457377683912722
ergo_adaptive,174.66666666666663,0.0,0.12458142346289673
ergo_adaptive,174.75,0.0,0.12459993224557776
ergo_adaptive,174.83333333333337,0.0,0.12461508727901306
ergo_adaptive,174.91666666666663,0.0,0.12462774754924558
ergo_adaptive,175.0,0.0,0.12463874417128958
ergo_adaptive,175.08333333333337,0.0,0.12467226914858702
ergo_adaptive,175.16666666666663,0.0,0.12469721199466924
ergo_adaptive,175.25,0.0,0.12471375905327077
ergo_adaptive,175.33333333333337,0.0,0.12473077903302972
ergo_adaptive,175.41666666666663,0.0,0.12474748163188125
ergo_adaptive,175.5,0.0,0.12476361537378085
ergo_adaptive,175.58333333333337,0.0,0.12477953650806563
ergo_adaptive,175.66666666666663,0.0,0.1248124997639145
ergo_adaptive,175.75,0.0,0.12484477486921088
ergo_adaptive,175.83333333333337,0.0,0.12487557767658092
ergo_adaptive,175.91666666666663,0.0,0.12490487091673817
ergo_adaptive,176.0,0.0,0.1249328605167025
ergo_adaptive,176.08333333333337,0.0,0.1249598592170429
ergo_adaptive,176.16666666666663,0.0,0.12498630804418773
ergo_adaptive,176.25,0.0,0.125013022233023
ergo_adaptive,176.33333333333337,0.0,0.1250424618391551
ergo_adaptive,176.41666666666663,0.0,0.1250701233104015
ergo_adaptive,176.5,0.0,0.1250971585186801
ergo_adaptive,176.58333333333337,0.0,0.12512288170317595
ergo_adaptive,176.66666666666663,0.0,0.1251466543764907
ergo_adaptive,176.75,0.0,0.1251667721303505
ergo_adaptive,176.83333333333337,0.0,0.12519881545360279
ergo_adaptive,176.91666666666663,0.0,0.12522912081250387
ergo_adaptive,177.0,0.0,0.12525639092696153
ergo_adaptive,177.08333333333337,0.0,0.1252813330929727
ergo_adaptive,177.16666666666663,0.0,0.12530376729735143
ergo_adaptive,177.25,0.0,0.12532368694868137
ergo_adaptive,177.33333333333337,0.0,0.12534109741264854
ergo_adaptive,177.41666666666663,0.0,0.12535598195549474
ergo_adaptive,177.5,0.0,0.12536828126778932
ergo_adaptive,177.58333333333337,0.0,0.12537786816313118
ergo_adaptive,177.66666666666663,0.0,0.12538450327377051
ergo_adaptive,177.75,0.0,0.1253877403994425
ergo_adaptive,177.83333333333337,0.0,0.12538669122226345
ergo_adaptive,177.91666666666663,0.0,0.12537953137524474
ergo_adaptive,178.0,0.0,0.12537078870294463
ergo_adaptive,178.08333333333337,0.0,0.12536355102303684
ergo_adaptive,178.16666666666663,0.0,0.12535867257393238
ergo_adaptive,178.25,0.0,0.12535939827324527
ergo_adaptive,178.33333333333337,0.0,0.12536534716516634
ergo_adaptive,178.41666666666663,0.0,0.12538166632595527
ergo_adaptive,178.5,0.0,0.12539150940288604
ergo_adaptive,178.58333333333337,0.0,0.12540710905568858
ergo_adaptive,178.66666666666663,0.0,0.1254296747870528
ergo_adaptive,178.75,0.0,0.12545515455935916
ergo_adaptive,178.83333333333337,0.0,0.12548168727860404
ergo_adaptive,178.91666666666663,0.0,0.12550828303266595
ergo_adaptive,179.0,0.0,0.1255343948042042
ergo_adaptive,179.08333333333337,0.0,0.12555972295431186
ergo_adaptive,179.16666666666663,0.0,0.12558411216584522
ergo_adaptive,179.25,0.0,0.12560749195276782
ergo_adaptive,179.33333333333337,0.0,0.1256298399950902
ergo_adaptive,179.41666666666663,0.0,0.12565115823185474
ergo_adaptive,179.5,0.0,0.12567145620598413
ergo_adaptive,179.58333333333337,0.0,0.12569073818698162
ergo_adaptive,179.66666666666663,0.0,0.12570899131471577
ergo_adaptive,179.75,0.0,0.1257261716183235
ergo_adaptive,179.83333333333337,0.0,0.12574218248518884
ergo_adaptive,179.91666666666663,0.0,0.12575683245495817
ergo_adaptive,180.0,0.0,0.1257697297035787
ergo_adaptive,180.08333333333337,0.0,0.12577991208290637
ergo_adaptive,180.16666666666663,0.0,0.12578415594881423
ergo_adaptive,180.25,0.0,0.1257904650442913
ergo_adaptive,180.33333333333337,0.0,0.12578000352588067
ergo_adaptive,180.41666666666663,0.0,0.125765974158507
ergo_adaptive,180.5,0.0,0.12575136632245962
ergo_adaptive,180.58333333333337,0.0,0.12574576263812112
ergo_adaptive,180.66666666666663,0.0,0.12573407743173667
ergo_adaptive,180.75,0.0,0.1257161433180729
ergo_adaptive,180.83333333333337,0.0,0.12569993962546722
ergo_adaptive,180.91666666666663,0.0,0.12570079566982184
ergo_adaptive,181.0,0.0,0.12570311429773517
ergo_adaptive,181.08333333333337,0.0,0.12572187083554417
ergo_adaptive,181.16666666666663,0.0,0.12574824232928847
ergo_adaptive,181.25,0.0,0.12577697895599818
ergo_adaptive,181.33333333333337,0.0,0.12580569598725705
ergo_adaptive,181.41666666666663,0.0,0.12583304016954933
ergo_adaptive,181.5,0.0,0.12585773997986371
ergo_adaptive,181.58333333333337,0.0,0.12587255241417783
ergo_adaptive,181.66666666666663,0.0,0.12590748482599473
ergo_adaptive,181.75,0.0,0.1259456331793487
ergo_adaptive,181.83333333333337,0.0,0.12598219544668493
ergo_adaptive,181.91666666666663,0.0,0.12601396435641796
ergo_adaptive,182.0,0.0,0.12604527993262024
ergo_adaptive,182.08333333333337,0.0,0.12607463497361282
ergo_adaptive,182.16666666666663,0.0,0.1261018328558847
ergo_adaptive,182.25,0.0,0.1261269840613117
ergo_adaptive,182.33333333333337,0.0,0.12615022511305835
ergo_adaptive,182.41666666666663,0.0,0.12617169452992366
ergo_adaptive,182.5,0.0,0.12619152237345477
ergo_adaptive,182.58333333333337,0.0,0.1262098221785749
ergo_adaptive,182.66666666666663,0.0,0.12622668228927703
ergo_adaptive,182.75,0.0,0.12624215217280443
ergo_adaptive,182.83333333333337,0.0,0.1262562097525612
ergo_adaptive,182.91666666666663,0.0,0.12627007927925873
ergo_adaptive,183.0,0.0,0.1262848186065508
ergo_adaptive,183.08333333333337,0.0,0.12630050096779524
ergo_adaptive,183.16666666666663,0.0,0.12631695255384445
ergo_adaptive,183.25,0.0,0.12633406433327424
ergo_adaptive,183.33333333333337,0.0,0.12635083831949898
ergo_adaptive,183.41666666666663,0.0,0.1263673836210071
ergo_adaptive,183.5,0.0,0.12638428672023844
ergo_adaptive,183.58333333333337,0.0,0.12640170685849833
ergo_adaptive,183.66666666666663,0.0,0.12641874202673473
ergo_adaptive,183.75,0.0,0.12643544332943626
ergo_adaptive,183.83333333333337,0.0,0.12645238736814213
ergo_adaptive,183.91666666666663,0.0,0.12646979792033866
ergo_adaptive,184.0,0.0,0.12648771506891768
ergo_adaptive,184.08333333333337,0.0,0.1265053108781597
ergo_adaptive,184.16666666666663,0.0,0.1265225549052794
ergo_adaptive,184.25,0.0,0.12653990054890174
ergo_adaptive,184.33333333333337,0.0,0.12655674440429315
ergo_adaptive,184.41666666666663,0.0,0.1265731193227503
ergo_adaptive,184.5,0.0,0.12658955616437334
ergo_adaptive,184.58333333333337,0.0,0.12660638831462728
ergo_adaptive,184.66666666666663,0.0,0.1266237757608088
ergo_adaptive,184.75,0.0,0.12664098847879776
ergo_adaptive,184.83333333333337,0.0,0.12665703912951523
ergo_adaptive,184.91666666666663,0.0,0.12667198895995457
ergo_adaptive,185.0,0.0,0.12668641054204102
ergo_adaptive,185.08333333333337,0.0,0.12670093207866573
ergo_adaptive,185.16666666666663,0.0,0.12671607416261463
ergo_adaptive,185.25,0.0,0.12673207861596697
ergo_adaptive,185.33333333333337,0.0,0.12674898995705758
ergo_adaptive,185.41666666666663,0.0,0.12676680629574627
ergo_adaptive,185.5,0.0,0.12678481278660023
ergo_adaptive,185.58333333333337,0.0,0.12680208913247265
ergo_adaptive,185.66666666666663,0.0,0.1268177539905223
ergo_adaptive,185.75,0.0,0.12683147143839746
ergo_adaptive,185.83333333333337,0.0,0.12684215662021117
ergo_adaptive,185.91666666666663,0.0,0.12686520108890223
ergo_adaptive,186.0,0.0,0.12688527463064403
ergo_adaptive,186.08333333333337,0.0,0.1269031529825227
ergo_adaptive,186.16666666666663,0.0,0.12691916120307722
ergo_adaptive,186.25,0.0,0.1269334705114207
ergo_adaptive,186.33333333333337,0.0,0.1269461174312644
ergo_adaptive,186.41666666666663,0.0,0.1269569339359552
ergo_adaptive,186.5,0.0,0.12696518445220684
ergo_adaptive,186.58333333333337,0.0,0.12696444277977129
ergo_adaptive,186.66666666666663,0.0,0.12697388359768863
ergo_adaptive,186.75,0.0,0.12698142985445382
ergo_adaptive,186.83333333333337,0.0,0.12698315231066695
ergo_adaptive,186.91666666666663,0.0,0.12699285122317422
ergo_adaptive,187.0,0.0,0.12700176324479545
ergo_adaptive,187.08333333333337,0.0,0.12700339884159667
ergo_adaptive,187.16666666666663,0.0,0.12701757912410655
ergo_adaptive,187.25,0.0,0.12704191302686443
ergo_adaptive,187.33333333333337,0.0,0.12706405313590965
ergo_adaptive,187.41666666666663,0.0,0.12707720548815496
ergo_adaptive,187.5,0.0,0.12708111545081696
ergo_adaptive,187.58333333333337,0.0,0.12706726899381296
ergo_adaptive,187.66666666666663,0.0,0.12705131858336402
ergo_adaptive,187.75,0.0,0.127037301356834
ergo_adaptive,187.83333333333337,0.0,0.12702426694268135
ergo_adaptive,187.91666666666663,0.0,0.1270103105243627
ergo_adaptive,188.0,0.0,0.12699835366704088
ergo_adaptive,188.08333333333337,0.0,0.12699319846142107
ergo_adaptive,188.16666666666663,0.0,0.12700316921122842
ergo_adaptive,188.25,0.0,0.12702490828985327
ergo_adaptive,188.33333333333337,0.0,0.12705042441183675
ergo_adaptive,188.41666666666663,0.0,0.1270805806063408
ergo_adaptive,188.5,0.0,0.12711192515350528
ergo_adaptive,188.58333333333337,0.0,0.12714465343556083
ergo_adaptive,188.66666666666663,0.0,0.12717693760134463
ergo_adaptive,188.75,0.0,0.12720859429395004
ergo_adaptive,188.83333333333337,0.0,0.12723926380317785
ergo_adaptive,188.91666666666663,0.0,0.1272688077841429
ergo_adaptive,189.0,0.0,0.12729719934457506
ergo_adaptive,189.08333333333337,0.0,0.127324442438024
ergo_adaptive,189.16666666666663,0.0,0.12735058267807692
ergo_adaptive,189.25,0.0,0.12737568252779133
ergo_adaptive,189.33333333333337,0.0,0.1273998144759626
ergo_adaptive,189.41666666666663,0.0,0.1274230544011692
ergo_adaptive,189.5,0.0,0.12744547731502748
ergo_adaptive,189.58333333333337,0.0,0.12746715455049643
ergo_adaptive,189.66666666666663,0.0,0.12748815198484936
ergo_adaptive,189.75,0.0,0.127508528970469
ergo_adaptive,189.83333333333337,0.0,0.12752833771449185
ergo_adaptive,189.91666666666663,0.0,0.12754762288402527
ergo_adaptive,190.0,0.0,0.12756642120658862
ergo_adaptive,190.08333333333337,0.0,0.1275847607398309
ergo_adaptive,190.16666666666663,0.0,0.12760265912232402
ergo_adaptive,190.25,0.0,0.1276201185752849
ergo_adaptive,190.33333333333337,0.0,0.12763710383944302
ergo_adaptive,190.41666666666663,0.0,0.1276605417506401
ergo_adaptive,190.5,0.0,0.12769403505622764
ergo_adaptive,190.58333333333337,0.0,0.12770909859883647
ergo_adaptive,190.66666666666663,0.0,0.12772551787079953
ergo_adaptive,190.75,0.0,0.12774207577337177
ergo_adaptive,190.83333333333337,0.0,0.12775957388121192
ergo_adaptive,190.91666666666663,0.0,0.12777809778838914
ergo_adaptive,191.0,0.0,0.12779768612272263
ergo_adaptive,191.08333333333337,0.0,0.1278185458771573
ergo_adaptive,191.16666666666663,0.0,0.1278416438672188
ergo_adaptive,191.25,0.0,0.12785502647813365
ergo_adaptive,191.33333333333337,0.0,0.12786747081289487
ergo_adaptive,191.41666666666663,0.0,0.12786820844563188
ergo_adaptive,191.5,0.0,0.12789236468031356
ergo_adaptive,191.58333333333337,0.0,0.12791587152863249
ergo_adaptive,191.66666666666663,0.0,0.12792370402342304
ergo_adaptive,191.75,0.0,0.12794304391898448
ergo_adaptive,191.83333333333337,0.0,0.12796076832351838
ergo_adaptive,191.91666666666663,0.0,0.12797684283236216
ergo_adaptive,192.0,0.0,0.12799024972379042
ergo_adaptive,192.08333333333337,0.0,0.12801056750574089
ergo_adaptive,192.16666666666663,0.0,0.1280307046297918
ergo_adaptive,192.25,0.0,0.12805137365175734
ergo_adaptive,192.33333333333337,0.0,0.1280734922261473
ergo_adaptive,192.41666666666663,0.0,0.12809826042450342
ergo_adaptive,192.5,0.0,0.12811145648070327
ergo_adaptive,192.58333333333337,0.0,0.12812653756865744
ergo_adaptive,192.66666666666663,0.0,0.1281279321316151
ergo_adaptive,192.75,0.0,0.12812203797399058
ergo_adaptive,192.83333333333337,0.0,0.12811152631619305
ergo_adaptive,192.91666666666663,0.0,0.128099501648706
ergo_adaptive,193.0,0.0,0.12808349111650355
ergo_adaptive,193.08333333333337,0.0,0.12806159683279536
ergo_adaptive,193.16666666666663,0.0,0.12803560570409211
ergo_adaptive,193.25,0.0,0.12800746486844083
ergo_adaptive,193.33333333333337,0.0,0.12797006791741355
ergo_adaptive,193.41666666666663,0.0,0.12791580966633936
ergo_adaptive,193.5,0.0,0.12784983708943734
ergo_adaptive,193.58333333333337,0.0,0.12778584308346502
ergo_adaptive,193.66666666666663,0.0,0.12772308531098764
ergo_adaptive,193.75,0.0,0.12764787940620578
ergo_adaptive,193.83333333333337,0.0,0.1275675425190704
ergo_adaptive,193.91666666666663,0.0,0.1274932852318599
ergo_adaptive,194.0,0.0,0.12742431830466025
ergo_adaptive,194.08333333333337,0.0,0.12734926984165296
ergo_adaptive,194.16666666666663,0.0,0.12726333098674916
ergo_adaptive,194.25,0.0,0.12717087770128063
ergo_adaptive,194.33333333333337,0.0,0.1270779784619637
ergo_adaptive,194.41666666666663,0.0,0.1269844337207103
ergo_adaptive,194.5,0.0,0.12688328151357495
ergo_adaptive,194.58333333333337,0.0,0.12677361324933883
ergo_adaptive,194.66666666666663,0.0,0.12666692296673704
ergo_adaptive,194.75,0.0,0.1265744035899293
ergo_adaptive,194.83333333333337,0.0,0.12646289898061872
ergo_adaptive,194.91666666666663,0.0,0.1263225103056378
ergo_adaptive,195.0,0.0,0.12617543213871804
ergo_adaptive,195.08333333333337,0.0,0.12603899241914626
ergo_adaptive,195.16666666666663,0.0,0.12590266458485735
ergo_adaptive,195.25,0.0,0.12575255704344704
ergo_adaptive,195.33333333333337,0.0,0.12559361052943316
ergo_adaptive,195.41666666666663,0.0,0.12543778530413102
ergo_adaptive,195.5,0.0,0.12529027607592544
ergo_adaptive,195.58333333333337,0.0,0.12514252710445425
ergo_adaptive,195.66666666666663,0.0,0.12497900772940204
ergo_adaptive,195.75,0.0,0.12480224147855237
ergo_adaptive,195.83333333333337,0.0,0.12463418981852718
ergo_adaptive,195.91666666666663,0.0,0.12447225681504695
ergo_adaptive,196.0,0.0,0.12426947915043088
ergo_adaptive,196.08333333333337,0.0,0.12402905915361741
ergo_adaptive,196.16666666666663,0.0,0.1237774124436947
ergo_adaptive,196.25,0.0,0.12353488488507554
ergo_adaptive,196.33333333333337,0.0,0.1233145809666297
ergo_adaptive,196.41666666666663,0.0,0.12309919977142085
ergo_adaptive,196.5,0.0,0.12283822338811835
ergo_adaptive,196.58333333333337,0.0,0.12253976794364478
ergo_adaptive,196.66666666666663,0.0,0.12223769708583733
ergo_adaptive,196.75,0.0,0.12194412529160742
ergo_adaptive,196.83333333333337,0.0,0.12165824565432669
ergo_adaptive,196.91666666666663,0.0,0.12137497234427157
ergo_adaptive,197.0,0.0,0.12108434300386006
ergo_adaptive,197.08333333333337,0.0,0.12080150132807575
ergo_adaptive,197.16666666666663,0.0,0.12055292101956112
ergo_adaptive,197.25,0.0,0.12030605480702038
ergo_adaptive,197.33333333333337,0.0,0.12002422636593676
ergo_adaptive,197.41666666666663,0.0,0.11972996142980864
ergo_adaptive,197.5,0.0,0.11945677382942685
ergo_adaptive,197.58333333333337,0.0,0.11921979779584839
ergo_adaptive,197.66666666666663,0.0,0.11900874270715736
ergo_adaptive,197.75,0.0,0.11880138433352985
ergo_adaptive,197.83333333333337,0.0,0.11859955290703467
ergo_adaptive,197.91666666666663,0.0,0.11842925632139703
ergo_adaptive,198.0,0.0,0.11829509791348272
ergo_adaptive,198.08333333333337,0.0,0.1181546840511226
ergo_adaptive,198.16666666666663,0.0,0.11800398694173889
ergo_adaptive,198.25,0.0,0.11787607331209475
ergo_adaptive,198.33333333333337,0.0,0.11778951640339255
ergo_adaptive,198.41666666666663,0.0,0.11770903765387448
ergo_adaptive,198.5,0.0,0.11761895800204057
ergo_adaptive,198.58333333333337,0.0,0.11754090436711749
ergo_adaptive,198.66666666666663,0.0,0.11749129145493005
ergo_adaptive,198.75,0.0,0.11745892862493651
ergo_adaptive,198.83333333333337,0.0,0.11743086690604827
ergo_adaptive,198.91666666666663,0.0,0.11741256196213443
ergo_adaptive,199.0,0.0,0.11741370812572181
ergo_adaptive,199.08333333333337,0.0,0.1174380783319641
ergo_adaptive,199.16666666666663,0.0,0.11748730075451873
ergo_adaptive,199.25,0.0,0.11757096558811986
ergo_adaptive,199.33333333333337,0.0,0.1176775039080933
ergo_adaptive,199.41666666666663,0.0,0.11778523000327894
ergo_adaptive,199.5,0.0,0.11789188930348991
ergo_adaptive,199.58333333333337,0.0,0.11799694734414563
ergo_adaptive,199.66666666666663,0.0,0.11810046488444659
ergo_adaptive,199.75,0.0,0.11819878340489576
ergo_adaptive,199.83333333333337,0.0,0.1182950660447869
ergo_adaptive,199.91666666666663,0.0,0.11838758541503587
ergo_adaptive,200.0,0.0,0.11847313366928489
ergo_adaptive,200.08333333333337,0.0,0.11855237463667369
ergo_adaptive,200.16666666666663,0.0,0.11863574412802903
ergo_adaptive,200.25,0.0,0.11871734493518588
ergo_adaptive,200.33333333333337,0.0,0.11879971284234615
ergo_adaptive,200.41666666666663,0.0,0.11887488506494534
ergo_adaptive,200.5,0.0,0.11894859145161506
ergo_adaptive,200.58333333333337,0.0,0.11901910637292488
ergo_adaptive,200.66666666666663,0.0,0.11908277086740006
ergo_adaptive,200.75,0.0,0.11914584341984136
ergo_adaptive,200.83333333333337,0.0,0.1192059115694699
ergo_adaptive,200.91666666666663,0.0,0.11926754452318775
ergo_adaptive,201.0,0.0,0.11932215288177297
ergo_adaptive,201.08333333333337,0.0,0.11937695824307336
ergo_adaptive,201.16666666666663,0.0,0.11943252777614177
ergo_adaptive,201.25,0.0,0.11948010681270908
ergo_adaptive,201.33333333333337,0.0,0.11953014414740037
ergo_adaptive,201.41666666666663,0.0,0.11957970550108163
ergo_adaptive,201.5,0.0,0.11963093714231768
ergo_adaptive,201.58333333333337,0.0,0.11967875990319742
ergo_adaptive,201.66666666666663,0.0,0.11972754006677017
ergo_adaptive,201.75,0.0,0.11977623440778622
ergo_adaptive,201.83333333333337,0.0,0.11982386510058436
ergo_adaptive,201.91666666666663,0.0,0.11988411405825562
ergo_adaptive,202.0,0.0,0.11992819672264186
ergo_adaptive,202.08333333333337,0.0,0.11998194772161498
ergo_adaptive,202.16666666666663,0.0,0.12001866892872808
ergo_adaptive,202.25,0.0,0.12006699435301964
ergo_adaptive,202.33333333333337,0.0,0.1201230930010586
ergo_adaptive,202.41666666666663,0.0,0.12018081758794909
ergo_adaptive,202.5,0.0,0.12023085183507393
ergo_adaptive,202.58333333333337,0.0,0.12028759256586981
ergo_adaptive,202.66666666666663,0.0,0.12034370051886874
ergo_adaptive,202.75,0.0,0.120398811826275
ergo_adaptive,202.83333333333337,0.0,0.12045828259078462
ergo_adaptive,202.91666666666663,0.0,0.12051681669637612
ergo_adaptive,203.0,0.0,0.12057420316973722
ergo_adaptive,203.08333333333337,0.0,0.1206245178112785
ergo_adaptive,203.16666666666663,0.0,0.12068597748286647
ergo_adaptive,203.25,0.0,0.12073172285896744
ergo_adaptive,203.33333333333337,0.0,0.12079176150161938
ergo_adaptive,203.41666666666663,0.0,0.12083163649598402
ergo_adaptive,203.5,0.0,0.12088275751573524
ergo_adaptive,203.58333333333337,0.0,0.12092025178251938
ergo_adaptive,203.66666666666663,0.0,0.12096678589043451
ergo_adaptive,203.75,0.0,0.12100496570872371
ergo_adaptive,203.83333333333337,0.0,0.12104002309639225
ergo_adaptive,203.91666666666663,0.0,0.121083848247114
ergo_adaptive,204.0,0.0,0.12111423721202776
ergo_adaptive,204.08333333333337,0.0,0.12115395008159155
ergo_adaptive,204.16666666666663,0.0,0.12118412165229517
ergo_adaptive,204.25,0.0,0.12121905762578625
ergo_adaptive,204.33333333333337,0.0,0.12125922081334221
ergo_adaptive,204.41666666666663,0.0,0.12129054005011947
ergo_adaptive,204.5,0.0,0.12132790273464562
ergo_adaptive,204.58333333333337,0.0,0.12135438480542209
ergo_adaptive,204.66666666666663,0.0,0.12139841484090372
ergo_adaptive,204.75,0.0,0.12142486732606944
ergo_adaptive,204.83333333333337,0.0,0.12146113876028213
ergo_adaptive,204.91666666666663,0.0,0.12149848051502357
ergo_adaptive,205.0,0.0,0.12153011992425534
ergo_adaptive,205.08333333333337,0.0,0.12156786420713372
ergo_adaptive,205.16666666666663,0.0,0.12159660811696839
ergo_adaptive,205.25,0.0,0.1216418675689175
ergo_adaptive,205.33333333333337,0.0,0.12167041726745946
ergo_adaptive,205.41666666666663,0.0,0.12171656058108117
ergo_adaptive,205.5,0.0,0.1217349011710825
ergo_adaptive,205.58333333333337,0.0,0.12178122496863472
ergo_adaptive,205.66666666666663,0.0,0.12180178667464917
ergo_adaptive,205.75,0.0,0.12184545815526868
ergo_adaptive,205.83333333333337,0.0,0.12188001668794488
ergo_adaptive,205.91666666666663,0.0,0.12192442671074857
ergo_adaptive,206.0,0.0,0.12196882347170415
ergo_adaptive,206.08333333333337,0.0,0.12200658100274993
ergo_adaptive,206.16666666666663,0.0,0.12205125917969137
ergo_adaptive,206.25,0.0,0.12208585016016622
ergo_adaptive,206.33333333333337,0.0,0.1221285192795654
ergo_adaptive,206.41666666666663,0.0,0.1221600707142813
ergo_adaptive,206.5,0.0,0.12220481473127145
ergo_adaptive,206.58333333333337,0.0,0.12222836799196997
ergo_adaptive,206.66666666666663,0.0,0.12226562823256812
ergo_adaptive,206.75,0.0,0.12228696978890313
ergo_adaptive,206.83333333333337,0.0,0.12232967120794579
ergo_adaptive,206.91666666666663,0.0,0.12234027423241717
ergo_adaptive,207.0,0.0,0.12237264673672349
ergo_adaptive,207.08333333333337,0.0,0.12238418721626051
ergo_adaptive,207.16666666666663,0.0,0.12242150260689819
ergo_adaptive,207.25,0.0,0.12242544101976453
ergo_adaptive,207.33333333333337,0.0,0.12245550178498256
ergo_adaptive,207.41666666666663,0.0,0.12246144886145323
ergo_adaptive,207.5,0.0,0.12249239997264463
ergo_adaptive,207.58333333333337,0.0,0.12248833464464474
ergo_adaptive,207.66666666666663,0.0,0.12251247646199148
ergo_adaptive,207.75,0.0,0.12251714921922799
ergo_adaptive,207.83333333333337,0.0,0.12254381569054028
ergo_adaptive,207.91666666666663,0.0,0.12253887557705012
ergo_adaptive,208.0,0.0,0.12256658059312875
ergo_adaptive,208.08333333333337,0.0,0.12257522141659084
ergo_adaptive,208.16666666666663,0.0,0.12259807146109704
ergo_adaptive,208.25,0.0,0.1226048337440621
ergo_adaptive,208.33333333333337,0.0,0.12263398686293392
ergo_adaptive,208.41666666666663,0.0,0.12263989733823936
ergo_adaptive,208.5,0.0,0.12266506697616124
ergo_adaptive,208.58333333333337,0.0,0.12267365511393948
ergo_adaptive,208.66666666666663,0.0,0.12268722388443914
ergo_adaptive,208.75,0.0,0.12271481174138048
ergo_adaptive,208.83333333333337,0.0,0.12272908366896189
ergo_adaptive,208.91666666666663,0.0,0.12275672320519211
ergo_adaptive,209.0,0.0,0.12277071619030348
ergo_adaptive,209.08333333333337,0.0,0.12280342891043186
ergo_adaptive,209.16666666666663,0.0,0.12281642817418513
ergo_adaptive,209.25,0.0,0.12283662983409946
ergo_adaptive,209.33333333333337,0.0,0.12286924426567214
ergo_adaptive,209.41666666666663,0.0,0.12289038114410526
ergo_adaptive,209.5,0.0,0.12291668498050139
ergo_adaptive,209.58333333333337,0.0,0.12294180978156298
ergo_adaptive,209.66666666666663,0.0,0.12297590391160644
ergo_adaptive,209.75,0.0,0.12300023013534406
ergo_adaptive,209.83333333333337,0.0,0.12302802472955762
ergo_adaptive,209.91666666666663,0.0,0.12305411268781619
ergo_adaptive,210.0,0.0,0.12309494637553328
ergo_adaptive,210.08333333333337,0.0,0.12312048301649267
ergo_adaptive,210.16666666666663,0.0,0.12315383644835835
ergo_adaptive,210.25,0.0,0.12318156342042448
ergo_adaptive,210.33333333333337,0.0,0.12321977469945039
ergo_adaptive,210.41666666666663,0.0,0.12323815841483049
ergo_adaptive,210.5,0.0,0.12327277811095494
ergo_adaptive,210.58333333333337,0.0,0.12329966981227956
ergo_adaptive,210.66666666666663,0.0,0.12332657043471877
ergo_adaptive,210.75,0.0,0.12335424333389883
ergo_adaptive,210.83333333333337,0.0,0.12337295067674989
ergo_adaptive,210.91666666666663,0.0,0.12340391851098266
ergo_adaptive,211.0,0.0,0.12341488819675303
ergo_adaptive,211.08333333333337,0.0,0.12344176025110767
ergo_adaptive,211.16666666666663,0.0,0.12345114768509417
ergo_adaptive,211.25,0.0,0.12347804986220628
ergo_adaptive,211.33333333333337,0.0,0.12348591553477921
ergo_adaptive,211.41666666666663,0.0,0.12351269554124486
ergo_adaptive,211.5,0.0,0.12351593308563437
ergo_adaptive,211.58333333333337,0.0,0.12354039227685057
ergo_adaptive,211.66666666666663,0.0,0.12354191883198043
ergo_adaptive,211.75,0.0,0.12356627878188199
ergo_adaptive,211.83333333333337,0.0,0.12356365335313292
ergo_adaptive,211.91666666666663,0.0,0.12358562549510703
ergo_adaptive,212.0,0.0,0.12358254117866581
ergo_adaptive,212.08333333333337,0.0,0.12360403734662785
ergo_adaptive,212.16666666666663,0.0,0.12359218493059966
ergo_adaptive,212.25,0.0,0.12360864430497036
ergo_adaptive,212.33333333333337,0.0,0.12362531108925384
ergo_adaptive,212.41666666666663,0.0,0.12364315873427772
ergo_adaptive,212.5,0.0,0.1236339479870287
ergo_adaptive,212.58333333333337,0.0,0.12365419693151712
ergo_adaptive,212.66666666666663,0.0,0.12364852321310102
ergo_adaptive,212.75,0.0,0.12365445668723438
ergo_adaptive,212.83333333333337,0.0,0.12363650257345526
ergo_adaptive,212.91666666666663,0.0,0.12365094187993288
ergo_adaptive,213.0,0.0,0.12366697408597341
ergo_adaptive,213.08333333333337,0.0,0.1236869067733879
ergo_adaptive,213.16666666666663,0.0,0.12367846913383958
ergo_adaptive,213.25,0.0,0.12365920353512036
ergo_adaptive,213.33333333333337,0.0,0.12366893684179085
ergo_adaptive,213.41666666666663,0.0,0.1236856804155642
ergo_adaptive,213.5,0.0,0.12368235504154837
ergo_adaptive,213.58333333333337,0.0,0.1236869548597465
ergo_adaptive,213.66666666666663,0.0,0.12369586276963199
ergo_adaptive,213.75,0.0,0.12368092056505453
ergo_adaptive,213.83333333333337,0.0,0.12369932279318682
ergo_adaptive,213.91666666666663,0.0,0.12370112760347912
ergo_adaptive,214.0,0.0,0.12372433779888471
ergo_adaptive,214.08333333333337,0.0,0.12373022258443446
ergo_adaptive,214.16666666666663,0.0,0.12374998661302183
ergo_adaptive,214.25,0.0,0.12374871293361372
ergo_adaptive,214.33333333333337,0.0,0.12377129162667422
ergo_adaptive,214.41666666666663,0.0,0.12378543726163736
ergo_adaptive,214.5,0.0,0.123800860777848
ergo_adaptive,214.58333333333337,0.0,0.12382006092066372
ergo_adaptive,214.66666666666663,0.0,0.12382470523280936
ergo_adaptive,214.75,0.0,0.12384447830030325
ergo_adaptive,214.83333333333337,0.0,0.1238571049036537
ergo_adaptive,214.91666666666663,0.0,0.12387225801493272
ergo_adaptive,215.0,0.0,0.12388621877233791
ergo_adaptive,215.08333333333337,0.0,0.12390241240623388
ergo_adaptive,215.16666666666663,0.0,0.12390014892333016
ergo_adaptive,215.25,0.0,0.12392353791605012
ergo_adaptive,215.33333333333337,0.0,0.12393507377714132
ergo_adaptive,215.41666666666663,0.0,0.1239608108906454
ergo_adaptive,215.5,0.0,0.12395855458156162
ergo_adaptive,215.58333333333337,0.0,0.12398018179098869
ergo_adaptive,215.66666666666663,0.0,0.12398206796566363
ergo_adaptive,215.75,0.0,0.12400914975227746
ergo_adaptive,215.83333333333337,0.0,0.12401170758541147
ergo_adaptive,215.91666666666663,0.0,0.12401178392218844
ergo_adaptive,216.0,0.0,0.12402938827154358
ergo_adaptive,216.08333333333337,0.0,0.12404940521665375
ergo_adaptive,216.16666666666663,0.0,0.12404840342560113
ergo_adaptive,216.25,0.0,0.1240584069245983
ergo_adaptive,216.33333333333337,0.0,0.12404414570353305
ergo_adaptive,216.41666666666663,0.0,0.12406222177802721
ergo_adaptive,216.5,0.0,0.12408561742421632
ergo_adaptive,216.58333333333337,0.0,0.12408276355575337
ergo_adaptive,216.66666666666663,0.0,0.12407334881192501
ergo_adaptive,216.75,0.0,0.12408993309997846
ergo_adaptive,216.83333333333337,0.0,0.12411001868341266
ergo_adaptive,216.91666666666663,0.0,0.12410530340855835
ergo_adaptive,217.0,0.0,0.12410790084733568
ergo_adaptive,217.08333333333337,0.0,0.12411349546740164
ergo_adaptive,217.16666666666663,0.0,0.12412278707145656
ergo_adaptive,217.25,0.0,0.12413603124930131
ergo_adaptive,217.33333333333337,0.0,0.12415634629082704
ergo_adaptive,217.41666666666663,0.0,0.12414910144532482
ergo_adaptive,217.5,0.0,0.12414976708845976
ergo_adaptive,217.58333333333337,0.0,0.12415687441289405
ergo_adaptive,217.66666666666663,0.0,0.12417158151169458
ergo_adaptive,217.75,0.0,0.12416295310001124
ergo_adaptive,217.83333333333337,0.0,0.12416269221047503
ergo_adaptive,217.91666666666663,0.0,0.12417077198319937
ergo_adaptive,218.0,0.0,0.12418805113246478
ergo_adaptive,218.08333333333337,0.0,0.12418776479825407
ergo_adaptive,218.16666666666663,0.0,0.12419740569143589
ergo_adaptive,218.25,0.0,0.124211092745148
ergo_adaptive,218.33333333333337,0.0,0.12420260497426434
ergo_adaptive,218.41666666666663,0.0,0.1242178367323019
ergo_adaptive,218.5,0.0,0.12424168369526997
ergo_adaptive,218.58333333333337,0.0,0.12423856602352633
ergo_adaptive,218.66666666666663,0.0,0.12424514122335541
ergo_adaptive,218.75,0.0,0.12425934540798117
ergo_adaptive,218.83333333333337,0.0,0.12427797587651293
ergo_adaptive,218.91666666666663,0.0,0.12425066734301744
ergo_adaptive,219.0,0.0,0.12423704244514328
ergo_adaptive,219.08333333333337,0.0,0.12423432696560287
ergo_adaptive,219.16666666666663,0.0,0.12424018368211895
ergo_adaptive,219.25,0.0,0.12425231044630752
ergo_adaptive,219.33333333333337,0.0,0.1242442202969085
ergo_adaptive,219.41666666666663,0.0,0.12421736876003002
ergo_adaptive,219.5,0.0,0.12419144779305902
ergo_adaptive,219.58333333333337,0.0,0.12418559588030482
ergo_adaptive,219.66666666666663,0.0,0.1241497332483947
ergo_adaptive,219.75,0.0,0.12407946534955404
ergo_adaptive,219.83333333333337,0.0,0.12399394715437485
ergo_adaptive,219.91666666666663,0.0,0.12391882099320406
ergo_adaptive,220.0,0.0,0.12385666940057344
ergo_adaptive,220.08333333333337,0.0,0.12379203532270731
ergo_adaptive,220.16666666666663,0.0,0.12372359729708857
ergo_adaptive,220.25,0.0,0.12365991446330946
ergo_adaptive,220.33333333333337,0.0,0.1236052085583686
ergo_adaptive,220.41666666666663,0.0,0.12355449214246583
ergo_adaptive,220.5,0.0,0.12350208754948441
ergo_adaptive,220.58333333333337,0.0,0.12344964071513391
ergo_adaptive,220.66666666666663,0.0,0.12340345863628296
ergo_adaptive,220.75,0.0,0.12336442024208755
ergo_adaptive,220.83333333333337,0.0,0.12332456162964114
ergo_adaptive,220.91666666666663,0.0,0.12328135744564561
ergo_adaptive,221.0,0.0,0.12324370177811819
ergo_adaptive,221.08333333333337,0.0,0.12322042178870371
ergo_adaptive,221.16666666666663,0.0,0.12319600983903604
ergo_adaptive,221.25,0.0,0.12315980458807729
ergo_adaptive,221.33333333333337,0.0,0.12312306991481305
ergo_adaptive,221.41666666666663,0.0,0.12309989287460985
ergo_adaptive,221.5,0.0,0.12308163589637715
ergo_adaptive,221.58333333333337,0.0,0.12305216918119258
ergo_adaptive,221.66666666666663,0.0,0.12301854229958648
ergo_adaptive,221.75,0.0,0.12299215786073604
ergo_adaptive,221.83333333333337,0.0,0.12297320230204216
ergo_adaptive,221.91666666666663,0.0,0.12295241968508813
ergo_adaptive,222.0,0.0,0.12292692367797808
ergo_adaptive,222.08333333333337,0.0,0.12290145562474568
ergo_adaptive,222.16666666666663,0.0,0.12287963789686737
ergo_adaptive,222.25,0.0,0.12285840496211177
ergo_adaptive,222.33333333333337,0.0,0.12283370665059552
ergo_adaptive,222.41666666666663,0.0,0.1228077414958634
ergo_adaptive,222.5,0.0,0.12278598814976519
ergo_adaptive,222.58333333333337,0.0,0.1227686077360528
ergo_adaptive,222.66666666666663,0.0,0.1227502915698731
ergo_adaptive,222.75,0.0,0.12273009965322787
ergo_adaptive,222.83333333333337,0.0,0.12271358282474801
ergo_adaptive,222.91666666666663,0.0,0.12270332007172702
ergo_adaptive,223.0,0.0,0.12269165140117898
ergo_adaptive,223.08333333333337,0.0,0.12267354697256948
ergo_adaptive,223.16666666666663,0.0,0.12265553805978019
ergo_adaptive,223.25,0.0,0.12264571650273916
ergo_adaptive,223.33333333333337,0.0,0.12263735481270567
ergo_adaptive,223.41666666666663,0.0,0.12262037184034658
ergo_adaptive,223.5,0.0,0.12260222074701599
ergo_adaptive,223.58333333333337,0.0,0.12259721135896601
ergo_adaptive,223.66666666666663,0.0,0.12260522520617795
ergo_adaptive,223.75,0.0,0.12260485781853417
ergo_adaptive,223.83333333333337,0.0,0.12260026730060652
ergo_adaptive,223.91666666666663,0.0,0.12260470958248308
ergo_adaptive,224.0,0.0,0.12262223537322717
ergo_adaptive,224.08333333333337,0.0,0.12263919366991458
ergo_adaptive,224.16666666666663,0.0,0.12265224461295976
ergo_adaptive,224.25,0.0,0.12266816885785646
ergo_adaptive,224.33333333333337,0.0,0.12269120803662986
ergo_adaptive,224.41666666666663,0.0,0.1227190839507457
ergo_adaptive,224.5,0.0,0.12274849670128177
ergo_adaptive,224.58333333333337,0.0,0.12277946590076472
ergo_adaptive,224.66666666666663,0.0,0.12281443591043018
ergo_adaptive,224.75,0.0,0.12285490985213801
ergo_adaptive,224.83333333333337,0.0,0.12289756014953256
ergo_adaptive,224.91666666666663,0.0,0.12293819685373751
ergo_adaptive,225.0,0.0,0.12297903784219968
ergo_adaptive,225.08333333333337,0.0,0.12302504352255716
ergo_adaptive,225.16666666666663,0.0,0.12307401989402297
ergo_adaptive,225.25,0.0,0.12311815916945786
ergo_adaptive,225.33333333333337,0.0,0.12315993791103273
ergo_adaptive,225.41666666666663,0.0,0.12320392652987615
ergo_adaptive,225.5,0.0,0.12325127085782177
ergo_adaptive,225.58333333333337,0.0,0.1233000419544002
ergo_adaptive,225.66666666666663,0.0,0.12334929227708152
ergo_adaptive,225.75,0.0,0.12340004525654268
ergo_adaptive,225.83333333333337,0.0,0.1234539094884161
ergo_adaptive,225.91666666666663,0.0,0.12351110879229872
ergo_adaptive,226.0,0.0,0.12357296887263765
ergo_adaptive,226.08333333333337,0.0,0.12363933595602894
ergo_adaptive,226.16666666666663,0.0,0.1237084286582873
ergo_adaptive,226.25,0.0,0.12377948099113917
ergo_adaptive,226.33333333333337,0.0,0.12385172317982052
ergo_adaptive,226.41666666666663,0.0,0.12392175558075899
ergo_adaptive,226.5,0.0,0.12399308913672397
ergo_adaptive,226.58333333333337,0.0,0.12406440944552526
ergo_adaptive,226.66666666666663,0.0,0.12413491542887177
ergo_adaptive,226.75,0.0,0.12420419335686539
ergo_adaptive,226.83333333333337,0.0,0.12427202369737912
ergo_adaptive,226.91666666666663,0.0,0.12433828067250027
ergo_adaptive,227.0,0.0,0.12440290197920516
ergo_adaptive,227.08333333333337,0.0,0.12446587555070773
ergo_adaptive,227.16666666666663,0.0,0.12452722955571202
ergo_adaptive,227.25,0.0,0.12458702301890061
ergo_adaptive,227.33333333333337,0.0,0.12464533699893583
ergo_adaptive,227.41666666666663,0.0,0.12470226671193987
ergo_adaptive,227.5,0.0,0.12475791489815942
ergo_adaptive,227.58333333333337,0.0,0.12481238654179146
ergo_adaptive,227.66666666666663,0.0,0.12486578489822708
ergo_adaptive,227.75,0.0,0.12491820868560266
ergo_adaptive,227.83333333333337,0.0,0.12496975025157805
ergo_adaptive,227.91666666666663,0.0,0.12502049451673464
ergo_adaptive,228.0,0.0,0.1250705185087593
ergo_adaptive,228.08333333333337,0.0,0.1251198913258512
ergo_adaptive,228.16666666666663,0.0,0.12516867439619864
ergo_adaptive,228.25,0.0,0.12521692192842032
ergo_adaptive,228.33333333333337,0.0,0.12526468147309164
ergo_adaptive,228.41666666666663,0.0,0.12531199453683028
ergo_adaptive,228.5,0.0,0.1253588972076917
ergo_adaptive,228.58333333333337,0.0,0.12540542076410283
ergo_adaptive,228.66666666666663,0.0,0.12545159224974817
ergo_adaptive,228.75,0.0,0.12549743500429353
ergo_adaptive,228.83333333333337,0.0,0.1255429691451459
ergo_adaptive,228.91666666666663,0.0,0.12558821199910064
ergo_adaptive,229.0,0.0,0.1256331784851313
ergo_adaptive,229.08333333333337,0.0,0.12567788145107034
ergo_adaptive,229.16666666666663,0.0,0.1257223319677697
ergo_adaptive,229.25,0.0,0.12576653958471756
ergo_adaptive,229.33333333333337,0.0,0.12581051255117262
ergo_adaptive,229.41666666666663,0.0,0.1258542580067617
ergo_adaptive,229.5,0.0,0.1258977821452559
ergo_adaptive,229.58333333333337,0.0,0.12594109035494078
ergo_adaptive,229.66666666666663,0.0,0.12598418733866962
ergo_adaptive,229.75,0.0,0.1260270772163578
ergo_adaptive,229.83333333333337,0.0,0.1260697636123557
ergo_adaptive,229.91666666666663,0.0,0.1261122497298377
ergo_adaptive,230.0,0.0,0.1261545384140702
ergo_adaptive,230.08333333333337,0.0,0.12619663220617428
ergo_adaptive,230.16666666666663,0.0,0.12623853338877583
ergo_adaptive,230.25,0.0,0.12628024402474544
ergo_adaptive,230.33333333333337,0.0,0.12632176599005454
ergo_adaptive,230.41666666666663,0.0,0.1263631010016315
ergo_adaptive,230.5,0.0,0.1264042506409689
ergo_adaptive,230.58333333333337,0.0,0.12644521637412462
ergo_adaptive,230.66666666666663,0.0,0.12648599956866322
ergo_adaptive,230.75,0.0,0.12652660150800357
ergo_adaptive,230.83333333333337,0.0,0.1265670234035673
ergo_adaptive,230.91666666666663,0.0,0.1266072664050643
ergo_adaptive,231.0,0.0,0.12664733160920058
ergo_adaptive,231.08333333333337,0.0,0.12668722006704947
ergo_adaptive,231.16666666666663,0.0,0.12672693279029182
ergo_adaptive,231.25,0.0,0.1267664707564984
ergo_adaptive,231.33333333333337,0.0,0.12680583491360203
ergo_adaptive,231.41666666666663,0.0,0.12684502618368332
ergo_adaptive,231.5,0.0,0.12688404546617657
ergo_adaptive,231.58333333333337,0.0,0.12692289364058396
ergo_adaptive,231.66666666666663,0.0,0.1269615715687746
ergo_adaptive,231.75,0.0,0.12700008009693156
ergo_adaptive,231.83333333333337,0.0,0.12703842005720178
ergo_adaptive,231.91666666666663,0.0,0.1270765922690939
ergo_adaptive,232.0,0.0,0.12711459754066315
ergo_adaptive,232.08333333333337,0.0,0.1271524366695159
ergo_adaptive,232.16666666666663,0.0,0.12719011044366182
ergo_adaptive,232.25,0.0,0.12722761964223656
ergo_adaptive,232.33333333333337,0.0,0.12726496503611529
ergo_adaptive,232.41666666666663,0.0,0.1273021473884334
ergo_adaptive,232.5,0.0,0.12733916745502902
ergo_adaptive,232.58333333333337,0.0,0.12737602598481867
ergo_adaptive,232.66666666666663,0.0,0.12741272372011678
ergo_adaptive,232.75,0.0,0.1274492613969073
ergo_adaptive,232.83333333333337,0.0,0.1274856397450746
ergo_adaptive,232.91666666666663,0.0,0.12752185948860006
ergo_adaptive,233.0,0.0,0.12755792134572894
ergo_adaptive,233.08333333333337,0.0,0.1275938260291126
ergo_adaptive,233.16666666666663,0.0,0.12762957424592916
ergo_adaptive,233.25,0.0,0.12766516669798597
ergo_adaptive,233.33333333333337,0.0,0.12770060408180636
ergo_adaptive,233.41666666666663,0.0,0.12773588708870307
ergo_adaptive,233.5,0.0,0.12777101640483993
ergo_adaptive,233.58333333333337,0.0,0.12780599271128365
ergo_adaptive,233.66666666666663,0.0,0.12784081668404676
ergo_adaptive,233.75,0.0,0.1278754889941229
ergo_adaptive,233.83333333333337,0.0,0.12791001030751534
ergo_adaptive,233.91666666666663,0.0,0.1279443812852594
ergo_adaptive,234.0,0.0,0.12797860258343988
ergo_adaptive,234.08333333333337,0.0,0.12801267485320306
ergo_adaptive,234.16666666666663,0.0,0.12804659874076457
ergo_adaptive,234.25,0.0,0.12808037488741317
ergo_adaptive,234.33333333333337,0.0,0.12811400392951025
ergo_adaptive,234.41666666666663,0.0,0.12814748649848626
ergo_adaptive,234.5,0.0,0.12818082322083288
ergo_adaptive,234.58333333333337,0.0,0.12821401471809246
ergo_adaptive,234.66666666666663,0.0,0.12824706160684318
ergo_adaptive,234.75,0.0,0.12827996449868248
ergo_adaptive,234.83333333333337,0.0,0.1283127240002017
ergo_adaptive,234.91666666666663,0.0,0.12834534071298145
ergo_adaptive,235.0,0.0,0.12837781523343725
ergo_adaptive,235.08333333333337,0.0,0.12841014815390836
ergo_adaptive,235.16666666666663,0.0,0.12844234004626076
ergo_adaptive,235.25,0.0,0.12847439207124273
ergo_adaptive,235.33333333333337,0.0,0.12851422627067682
ergo_adaptive,235.41666666666663,0.0,0.12854453654012019
ergo_adaptive,235.5,0.0,0.12856438774677548
ergo_adaptive,235.58333333333337,0.0,0.12858073043977292
ergo_adaptive,235.66666666666663,0.0,0.12859863464668062
ergo_adaptive,235.75,0.0,0.12861643192220612
ergo_adaptive,235.83333333333337,0.0,0.12862957422295362
ergo_adaptive,235.91666666666663,0.0,0.12863794821370442
ergo_adaptive,236.0,0.0,0.12864392053392623
ergo_adaptive,236.08333333333337,0.0,0.12864796887554558
ergo_adaptive,236.16666666666663,0.0,0.1286480309572386
ergo_adaptive,236.25,0.0,0.1286431250728226
ergo_adaptive,236.33333333333337,0.0,0.12863626407187734
ergo_adaptive,236.41666666666663,0.0,0.12863212256664935
ergo_adaptive,236.5,0.0,0.1286293766940027
ergo_adaptive,236.58333333333337,0.0,0.1286209328863557
ergo_adaptive,236.66666666666663,0.0,0.12860727438376796
ergo_adaptive,236.75,0.0,0.12859646600145372
ergo_adaptive,236.83333333333337,0.0,0.12859258227628845
ergo_adaptive,236.91666666666663,0.0,0.12857550626965863
ergo_adaptive,237.0,0.0,0.128544814373878
ergo_adaptive,237.08333333333337,0.0,0.12851171227984054
ergo_adaptive,237.16666666666663,0.0,0.12848260833341374
ergo_adaptive,237.25,0.0,0.1284506167944085
ergo_adaptive,237.33333333333337,0.0,0.12840966280016672
ergo_adaptive,237.41666666666663,0.0,0.12836248192269692
ergo_adaptive,237.5,0.0,0.128314585314233
ergo_adaptive,237.58333333333337,0.0,0.12826801891943598
ergo_adaptive,237.66666666666663,0.0,0.12821747895789357
ergo_adaptive,237.75,0.0,0.12815525711159956
ergo_adaptive,237.83333333333337,0.0,0.12808354694506865
ergo_adaptive,237.91666666666663,0.0,0.12802293040465665
ergo_adaptive,238.0,0.0,0.12803441242483315
ergo_adaptive,238.08333333333337,0.0,0.12804062048263043
ergo_adaptive,238.16666666666663,0.0,0.12803095306584278
ergo_adaptive,238.25,0.0,0.1280566172369869
ergo_adaptive,238.33333333333337,0.0,0.1280755990077732
ergo_adaptive,238.41666666666663,0.0,0.1280711445519451
ergo_adaptive,238.5,0.0,0.12809337163441872
ergo_adaptive,238.58333333333337,0.0,0.12811318781187297
ergo_adaptive,238.66666666666663,0.0,0.128139354445232
ergo_adaptive,238.75,0.0,0.12815554818904826
ergo_adaptive,238.83333333333337,0.0,0.12817828319637353
ergo_adaptive,238.91666666666663,0.0,0.12820019213878733
ergo_adaptive,239.0,0.0,0.12823162315639394
ergo_adaptive,239.08333333333337,0.0,0.12824825593345182
ergo_adaptive,239.16666666666663,0.0,0.1282730878639833
ergo_adaptive,239.25,0.0,0.12828946586050494
ergo_adaptive,239.33333333333337,0.0,0.128311771133789
ergo_adaptive,239.41666666666663,0.0,0.12834196734401257
ergo_adaptive,239.5,0.0,0.12836351622971054
ergo_adaptive,239.58333333333337,0.0,0.1283649989633882
ergo_adaptive,239.66666666666663,0.0,0.12838795195988806
ergo_adaptive,239.75,0.0,0.1284234789082464
ergo_adaptive,239.83333333333337,0.0,0.12843673193442373
ergo_adaptive,239.91666666666663,0.0,0.128455971891758
ergo_adaptive,240.0,0.0,0.12848305865383694
ergo_adaptive,240.08333333333337,0.0,0.12851355415289842
ergo_adaptive,240.16666666666663,0.0,0.12853716044238991
ergo_adaptive,240.25,0.0,0.12856528179766555
ergo_adaptive,240.33333333333337,0.0,0.12859170191855704
ergo_adaptive,240.41666666666663,0.0,0.12862085174531218
ergo_adaptive,240.5,0.0,0.1286454333815669
ergo_adaptive,240.58333333333337,0.0,0.12867309523727985
ergo_adaptive,240.66666666666663,0.0,0.12869367450203464
ergo_adaptive,240.75,0.0,0.12872024153567962
ergo_adaptive,240.83333333333337,0.0,0.12874184325459462
ergo_adaptive,240.91666666666663,0.0,0.1287667555578352
ergo_adaptive,241.0,0.0,0.1287864285914282
ergo_adaptive,241.08333333333337,0.0,0.12881259893744879
ergo_adaptive,241.16666666666663,0.0,0.12883773915018903
ergo_adaptive,241.25,0.0,0.12885109130853634
ergo_adaptive,241.33333333333337,0.0,0.12886986438236148
ergo_adaptive,241.41666666666663,0.0,0.12889212764884528
ergo_adaptive,241.5,0.0,0.12891032478793274
ergo_adaptive,241.58333333333337,0.0,0.12893076725761313
ergo_adaptive,241.66666666666663,0.0,0.12894901289224472
ergo_adaptive,241.75,0.0,0.12896649460513618
ergo_adaptive,241.83333333333337,0.0,0.12898218595309047
ergo_adaptive,241.91666666666663,0.0,0.1290060577749606
ergo_adaptive,242.0,0.0,0.1290244640607946
ergo_adaptive,242.08333333333337,0.0,0.12904232099546767
ergo_adaptive,242.16666666666663,0.0,0.12905499440920803
ergo_adaptive,242.25,0.0,0.12906261934631158
ergo_adaptive,242.33333333333337,0.0,0.12907920058578048
ergo_adaptive,242.41666666666663,0.0,0.12909958820687106
ergo_adaptive,242.5,0.0,0.12911950294522268
ergo_adaptive,242.58333333333337,0.0,0.12913909034224355
ergo_adaptive,242.66666666666663,0.0,0.12915843377103287
ergo_adaptive,242.75,0.0,0.1291775587736973
ergo_adaptive,242.83333333333337,0.0,0.1291965023273572
ergo_adaptive,242.91666666666663,0.0,0.12921530971205208
ergo_adaptive,243.0,0.0,0.12923403885021428
ergo_adaptive,243.08333333333337,0.0,0.1292527840214634
ergo_adaptive,243.16666666666663,0.0,0.129271841751068
ergo_adaptive,243.25,0.0,0.1292878815645813
ergo_adaptive,243.33333333333337,0.0,0.1293033179807058
ergo_adaptive,243.41666666666663,0.0,0.12931976627575187
ergo_adaptive,243.5,0.0,0.12933601896276994
ergo_adaptive,243.58333333333337,0.0,0.12935219922331176
ergo_adaptive,243.66666666666663,0.0,0.12936835213330816
ergo_adaptive,243.75,0.0,0.12938448893162738
ergo_adaptive,243.83333333333337,0.0,0.12940060953154417
ergo_adaptive,243.91666666666663,0.0,0.12941671056821502
ergo_adaptive,244.0,0.0,0.12943278811031617
ergo_adaptive,244.08333333333337,0.0,0.12944883876746985
ergo_adaptive,244.16666666666663,0.0,0.12946486045333205
ergo_adaptive,244.25,0.0,0.12948085342891977
ergo_adaptive,244.33333333333337,0.0,0.12949682231589665
ergo_adaptive,244.41666666666663,0.0,0.12951278028099777
ergo_adaptive,244.5,0.0,0.12952875747002257
ergo_adaptive,244.58333333333337,0.0,0.12954481632138534
ergo_adaptive,244.66666666666663,0.0,0.12956107542312892
ergo_adaptive,244.75,0.0,0.12957774946310502
ergo_adaptive,244.83333333333337,0.0,0.12959529765458094
ergo_adaptive,244.91666666666663,0.0,0.1296165691531447
ergo_adaptive,245.0,0.0,0.12962604007742742
ergo_adaptive,245.08333333333337,0.0,0.12961605872452145
ergo_adaptive,245.16666666666663,0.0,0.12958814728546678
ergo_adaptive,245.25,0.0,0.12955471630126525
ergo_adaptive,245.33333333333337,0.0,0.1295193124951926
ergo_adaptive,245.41666666666663,0.0,0.12945355771690556
ergo_adaptive,245.5,0.0,0.12936351910685623
ergo_adaptive,245.58333333333337,0.0,0.12927153814292064
ergo_adaptive,245.66666666666663,0.0,0.12918881445859254
ergo_adaptive,245.75,0.0,0.12909868783602932
ergo_adaptive,245.83333333333337,0.0,0.12899205805026545
ergo_adaptive,245.91666666666663,0.0,0.12887915951120715
ergo_adaptive,246.0,0.0,0.12877165136670704
ergo_adaptive,246.08333333333337,0.0,0.1286704399984878
ergo_adaptive,246.16666666666663,0.0,0.1285685060278165
ergo_adaptive,246.25,0.0,0.12846276049319566
ergo_adaptive,246.33333333333337,0.0,0.12835950868514767
ergo_adaptive,246.41666666666663,0.0,0.12826618713394436
ergo_adaptive,246.5,0.0,0.12817392266597272
ergo_adaptive,246.58333333333337,0.0,0.1280665687720461
ergo_adaptive,246.66666666666663,0.0,0.12795076597381091
ergo_adaptive,246.75,0.0,0.1278478702204831
ergo_adaptive,246.83333333333337,0.0,0.12775702728195668
ergo_adaptive,246.91666666666663,0.0,0.12764303341948693
ergo_adaptive,247.0,0.0,0.12751305737012317
ergo_adaptive,247.08333333333337,0.0,0.12738809299466614
ergo_adaptive,247.16666666666663,0.0,0.12727503293404197
ergo_adaptive,247.25,0.0,0.12716187038368437
ergo_adaptive,247.33333333333337,0.0,0.127041132280178
ergo_adaptive,247.41666666666663,0.0,0.12691801863830096
ergo_adaptive,247.5,0.0,0.12680088028425737
ergo_adaptive,247.58333333333337,0.0,0.12669043750612197
ergo_adaptive,247.66666666666663,0.0,0.12657704183725774
ergo_adaptive,247.75,0.0,0.12645551781590583
ergo_adaptive,247.83333333333337,0.0,0.126336820703989
ergo_adaptive,247.91666666666663,0.0,0.12623782439422004
ergo_adaptive,248.0,0.0,0.12613460441802724
ergo_adaptive,248.08333333333337,0.0,0.12600343265681965
ergo_adaptive,248.16666666666663,0.0,0.1258625455733568
ergo_adaptive,248.25,0.0,0.12573405593735368
ergo_adaptive,248.33333333333337,0.0,0.12561317788556214
ergo_adaptive,248.41666666666663,0.0,0.12548137683752036
ergo_adaptive,248.5,0.0,0.12533970073702674
ergo_adaptive,248.58333333333337,0.0,0.12519984195524358
ergo_adaptive,248.66666666666663,0.0,0.12506774201061524
ergo_adaptive,248.75,0.0,0.12493764051929744
ergo_adaptive,248.83333333333337,0.0,0.12479827980564175
ergo_adaptive,248.91666666666663,0.0,0.12464865327707242
ergo_adaptive,249.0,0.0,0.12450454297385052
ergo_adaptive,249.08333333333337,0.0,0.12437943643924508
ergo_adaptive,249.16666666666663,0.0,0.12421995769878816
ergo_adaptive,249.25,0.0,0.12401431247230983
ergo_adaptive,249.33333333333337,0.0,0.12378590405665243
ergo_adaptive,249.41666666666663,0.0,0.12355360216807393
ergo_adaptive,249.5,0.0,0.1233275849828606
ergo_adaptive,249.58333333333337,0.0,0.12311253631751454
ergo_adaptive,249.66666666666663,0.0,0.12286359096462986
ergo_adaptive,249.75,0.0,0.12254454882476062
ergo_adaptive,249.83333333333337,0.0,0.12217607028966601
ergo_adaptive,249.91666666666663,0.0,0.12179292014909221
ergo_adaptive,250.0,0.0,0.12141543698430429
ergo_adaptive,250.08333333333337,0.0,0.12103292828696743
ergo_adaptive,250.16666666666663,0.0,0.12061605723492706
ergo_adaptive,250.25,0.0,0.12016830370899557
ergo_adaptive,250.33333333333337,0.0,0.11973249607800461
ergo_adaptive,250.41666666666663,0.0,0.11932154844640949
ergo_adaptive,250.5,0.0,0.11885793247674796
ergo_adaptive,250.58333333333337,0.0,0.11832235607574323
ergo_adaptive,250.66666666666663,0.0,0.11778940518529353
ergo_adaptive,250.75,0.0,0.11733544106412157
ergo_adaptive,250.83333333333337,0.0,0.11683413208802426
ergo_adaptive,250.91666666666663,0.0,0.11621318388674302
ergo_adaptive,251.0,0.0,0.11556612828511516
ergo_adaptive,251.08333333333337,0.0,0.11500885600642308
ergo_adaptive,251.16666666666663,0.0,0.11448131155771137
ergo_adaptive,251.25,0.0,0.11381800855406504
ergo_adaptive,251.33333333333337,0.0,0.11309123924977006
ergo_adaptive,251.41666666666663,0.0,0.11243677371237742
ergo_adaptive,251.5,0.0,0.11190234289581465
ergo_adaptive,251.58333333333337,0.0,0.11126326589193407
ergo_adaptive,251.66666666666663,0.0,0.11052616784624805
ergo_adaptive,251.75,0.0,0.10982558579640397
ergo_adaptive,251.83333333333337,0.0,0.10924986647318399
ergo_adaptive,251.91666666666663,0.0,0.1086564346656185
ergo_adaptive,252.0,0.0,0.10795627204766192
ergo_adaptive,252.08333333333337,6.86328385711828e-5,0.10724534465042472
ergo_adaptive,252.16666666666663,2.6028848393480745e-5,0.10664448582486849
ergo_adaptive,252.25,0.0,0.10612079781293168
ergo_adaptive,252.33333333333337,0.0,0.10551338444039805
ergo_adaptive,252.41666666666663,0.0,0.10484638686301005
ergo_adaptive,252.5,0.0,0.10422235159047952
ergo_adaptive,252.58333333333337,5.391992375260221e-5,0.10366186087242837
ergo_adaptive,252.66666666666663,0.00011978308661491717,0.10309632026515553
ergo_adaptive,252.75,0.00019481335853213622,0.10249316518735863
ergo_adaptive,252.83333333333337,1.5837597348244194e-5,0.10191016951785947
ergo_adaptive,252.91666666666663,0.0,0.10146041545565322
ergo_adaptive,253.0,2.58806585000894e-6,0.10102147659693193
ergo_adaptive,253.08333333333337,4.0610291821590134e-6,0.10086170065503856
ergo_adaptive,253.16666666666663,1.526794744160292e-5,0.1008775436401357
ergo_adaptive,253.25,3.4571815749139426e-6,0.10094994352252103
ergo_adaptive,253.33333333333337,4.394495742603906e-5,0.10104479757490185
ergo_adaptive,253.41666666666663,4.990904333441123e-5,0.10112018224888798
ergo_adaptive,253.5,8.004063489098864e-5,0.10121229580999931
ergo_adaptive,253.58333333333337,8.637270481259202e-5,0.10123798639593001
ergo_adaptive,253.66666666666663,3.378372318875169e-5,0.10113447313177819
ergo_adaptive,253.75,2.067716692577962e-5,0.10115867916543221
ergo_adaptive,253.83333333333337,1.6560042214356984e-5,0.10123731075140353
ergo_adaptive,253.91666666666663,3.3678672952567015e-5,0.10126154275130582
ergo_adaptive,254.0,0.0,0.1012111230017635
ergo_adaptive,254.08333333333337,3.260833809158522e-6,0.10115886407468735
ergo_adaptive,254.16666666666663,4.15858714201987e-6,0.10119288580332822
ergo_adaptive,254.25,0.0,0.10126809031165271
ergo_adaptive,254.33333333333337,2.454742909575611e-6,0.10133223384614401
ergo_adaptive,254.41666666666663,0.0,0.10140513540613222
ergo_adaptive,254.5,1.1200332404734615e-5,0.10145886466602723
ergo_adaptive,254.58333333333337,1.712217941166337e-5,0.10152412459422314
ergo_adaptive,254.66666666666663,1.570271538483652e-6,0.10158613821273524
ergo_adaptive,254.75,1.7793520771859244e-7,0.10161010221345361
ergo_adaptive,254.83333333333337,0.0,0.1015966750140031
ergo_adaptive,254.91666666666663,0.0,0.10163224970215397
ergo_adaptive,255.0,0.0,0.1016990445795239
ergo_adaptive,255.08333333333337,0.0,0.10176123334242068
ergo_adaptive,255.16666666666663,0.0,0.10176601759699198
ergo_adaptive,255.25,2.0974385894158497e-6,0.1016848719600532
ergo_adaptive,255.33333333333337,7.333768234029141e-5,0.10159741419836116
ergo_adaptive,255.41666666666663,0.0,0.10145974410451905
ergo_adaptive,255.5,2.1142904985946691e-7,0.10124918596957858
ergo_adaptive,255.58333333333337,4.831181593814202e-6,0.10114845306361005
ergo_adaptive,255.66666666666663,3.609703308662027e-5,0.10109723967207289
ergo_adaptive,255.75,3.132590758545157e-5,0.10107770796661524
ergo_adaptive,255.83333333333337,2.379801700917938e-5,0.10103044948685978
ergo_adaptive,255.91666666666663,3.101407039643027e-5,0.1008893093178263
ergo_adaptive,256.0,4.311716587597204e-5,0.10061239321833924
ergo_adaptive,256.08333333333337,6.162472798141706e-5,0.1002082249696208
ergo_adaptive,256.16666666666663,2.589402847839e-5,0.09975187595909563
ergo_adaptive,256.25,0.0002069955642866782,0.0996114793547506
ergo_adaptive,256.33333333333337,2.9158101537480864e-5,0.09947479044557495
ergo_adaptive,256.41666666666663,2.236114246553726e-5,0.0994581981256994
ergo_adaptive,256.5,3.230071934091779e-5,0.09952436691074684
ergo_adaptive,256.58333333333337,3.5710803470762974e-5,0.09962234065075876
ergo_adaptive,256.66666666666663,0.0,0.0997186110261117
ergo_adaptive,256.75,1.7674866453440707e-5,0.0998146810278263
ergo_adaptive,256.83333333333337,8.403979061079944e-6,0.09989288487779058
ergo_adaptive,256.91666666666663,5.197769622493589e-5,0.09992498171200147
ergo_adaptive,257.0,6.141368606840895e-6,0.09991178621713656
ergo_adaptive,257.08333333333337,9.503416816181183e-5,0.09990229626486498
ergo_adaptive,257.16666666666663,0.00016530512847219385,0.09993800569236334
ergo_adaptive,257.25,8.739586053362239e-5,0.10000586628664955
ergo_adaptive,257.33333333333337,0.00018024521313601347,0.10006237263603238
ergo_adaptive,257.41666666666663,0.0005103358592185868,0.10012179798234928
ergo_adaptive,257.5,0.0003643919333207073,0.10016466889218355
ergo_adaptive,257.58333333333337,0.0004496414529089968,0.10016101521447227
ergo_adaptive,257.66666666666663,0.00020216346398663074,0.1000761260359163
ergo_adaptive,257.75,0.00011610982475748763,0.10007748811612796
ergo_adaptive,257.83333333333337,0.00014208481924201646,0.10014076047825558
ergo_adaptive,257.91666666666663,0.00014333802038688463,0.1002091083096339
ergo_adaptive,258.0,9.715333259134728e-5,0.10025587420220593
ergo_adaptive,258.08333333333337,0.00010735581850840319,0.10027735995718753
ergo_adaptive,258.16666666666663,9.657433017715749e-5,0.1002753621221252
ergo_adaptive,258.25,0.00011592110893141306,0.10025545995383246
ergo_adaptive,258.33333333333337,1.8767050824688234e-6,0.10021727971778795
ergo_adaptive,258.41666666666663,0.0,0.10022798266424036
ergo_adaptive,258.5,0.0,0.10027009740628151
ergo_adaptive,258.58333333333337,0.0,0.10031347357585214
ergo_adaptive,258.66666666666663,5.302266204969189e-6,0.1003328399403
ergo_adaptive,258.75,0.0,0.10030923471672704
ergo_adaptive,258.83333333333337,1.7175054629566242e-6,0.10026060558366609
ergo_adaptive,258.91666666666663,0.0,0.10016356326326883
ergo_adaptive,259.0,0.0,0.09996615710804914
ergo_adaptive,259.08333333333337,0.0,0.09966029984304492
ergo_adaptive,259.16666666666663,0.0,0.0992971541639362
ergo_adaptive,259.25,0.0,0.09892800908793818
ergo_adaptive,259.33333333333337,7.921034806845314e-6,0.09854511918140114
ergo_adaptive,259.41666666666663,2.2943755768468567e-5,0.09846179691465713
ergo_adaptive,259.5,2.22356406559467e-5,0.09854420980403154
ergo_adaptive,259.58333333333337,5.493982233575986e-5,0.09861920959897556
ergo_adaptive,259.66666666666663,0.0003627355883830022,0.09864038910001653
ergo_adaptive,259.75,0.0004904674669357529,0.09858113837176795
ergo_adaptive,259.83333333333337,5.988344577475211e-5,0.0984390527146326
ergo_adaptive,259.91666666666663,3.957398079333616e-5,0.09836343624142156
ergo_adaptive,260.0,5.9093940383088245e-5,0.09833952929872647
ergo_adaptive,260.08333333333337,5.57025954551306e-5,0.09832987296068318
ergo_adaptive,260.16666666666663,2.3662812107774113e-5,0.09835693639539848
ergo_adaptive,260.25,2.898740064335886e-5,0.09841862460012253
ergo_adaptive,260.33333333333337,4.845384141879725e-6,0.09847549486445253
ergo_adaptive,260.41666666666663,8.535770252487288e-6,0.09852652074829327
ergo_adaptive,260.5,3.4161103792180456e-6,0.09855191465604622
ergo_adaptive,260.58333333333337,0.0,0.09854157991112386
ergo_adaptive,260.66666666666663,0.0,0.09855770910462705
ergo_adaptive,260.75,0.0,0.09859033738151292
ergo_adaptive,260.83333333333337,0.0,0.09863483271413775
ergo_adaptive,260.91666666666663,0.0,0.09866981942377315
ergo_adaptive,261.0,0.0,0.09866240123597025
ergo_adaptive,261.08333333333337,0.0,0.09860575108184724
ergo_adaptive,261.16666666666663,0.0,0.098492132003776
ergo_adaptive,261.25,1.8550948059876634e-5,0.09829511513854804
ergo_adaptive,261.33333333333337,5.682987012847357e-5,0.09806209174732233
ergo_adaptive,261.41666666666663,0.00010709618940515313,0.09776435558435559
ergo_adaptive,261.5,0.00014680256070740953,0.09742361959495617
ergo_adaptive,261.58333333333337,5.8242865959194e-6,0.09711255556446398
ergo_adaptive,261.66666666666663,8.604985140508438e-6,0.09705463408998873
ergo_adaptive,261.75,1.7255847739617057e-5,0.09708198725840038
ergo_adaptive,261.83333333333337,2.8400053350800248e-5,0.09712503559044808
ergo_adaptive,261.91666666666663,6.689255168009968e-5,0.09717347718376763
ergo_adaptive,262.0,5.864155674901571e-5,0.09720949563194967
ergo_adaptive,262.08333333333337,0.0001431740083294881,0.09724711059811623
ergo_adaptive,262.16666666666663,0.00018029715454338576,0.09726589368461207
ergo_adaptive,262.25,0.00020159877154626716,0.0972439926943557
ergo_adaptive,262.33333333333337,0.00036937529621658405,0.09712686557352719
ergo_adaptive,262.41666666666663,0.0002612963154797035,0.09691068250506212
ergo_adaptive,262.5,0.00034117353046936565,0.09681509585256587
ergo_adaptive,262.58333333333337,0.00016690819308674728,0.0966595453885228
ergo_adaptive,262.66666666666663,0.0005306664737395905,0.09665466980089812
ergo_adaptive,262.75,0.0004710000342931193,0.09663241868368246
ergo_adaptive,262.83333333333337,0.0003462680005584523,0.09656566225447345
ergo_adaptive,262.91666666666663,0.0004112531311173246,0.09660465619977425
ergo_adaptive,263.0,0.0005976596707794715,0.09668132060505985
ergo_adaptive,263.08333333333337,0.0006107279286689085,0.09675508541563786
ergo_adaptive,263.16666666666663,0.00044368902030259076,0.09681058035354691
ergo_adaptive,263.25,0.00031481010422872353,0.09688614027932263
ergo_adaptive,263.33333333333337,0.00023974326725739495,0.09694620455206716
ergo_adaptive,263.41666666666663,0.00019585865755223817,0.09697280792905896
ergo_adaptive,263.5,0.00033665211231665354,0.09697726530125471
ergo_adaptive,263.58333333333337,0.00013515180303377543,0.09697187037127517
ergo_adaptive,263.66666666666663,2.3249292673735874e-5,0.09695343061142296
ergo_adaptive,263.75,1.849370680736989e-5,0.0969503171464443
ergo_adaptive,263.83333333333337,1.4072708230569545e-6,0.09694718642001704
ergo_adaptive,263.91666666666663,0.0,0.09693589332155574
ergo_adaptive,264.0,0.0,0.09697691562217466
ergo_adaptive,264.08333333333337,1.5186172290960462e-6,0.0970492930701415
ergo_adaptive,264.16666666666663,4.113893566569709e-5,0.09711275437733229
ergo_adaptive,264.25,0.00011008993688054956,0.09714688159531527
ergo_adaptive,264.33333333333337,4.277630576338418e-5,0.09715648821561575
ergo_adaptive,264.41666666666663,6.263665970720897e-5,0.09717287451601606
ergo_adaptive,264.5,0.0,0.09719080867058773
ergo_adaptive,264.58333333333337,0.0,0.09723661743473949
ergo_adaptive,264.66666666666663,0.0,0.09729260589486141
ergo_adaptive,264.75,0.0,0.09734264949519227
ergo_adaptive,264.83333333333337,0.0,0.09738408332058683
ergo_adaptive,264.91666666666663,0.0,0.09741244748604411
ergo_adaptive,265.0,0.0,0.09741489186760156
ergo_adaptive,265.08333333333337,0.0,0.09737393870121193
ergo_adaptive,265.16666666666663,0.0,0.09728620315183963
ergo_adaptive,265.25,4.22741181889139e-5,0.09717826290832979
ergo_adaptive,265.33333333333337,0.0001896236748805259,0.09701609280397684
ergo_adaptive,265.41666666666663,0.00016093747604596168,0.09670347450488195
ergo_adaptive,265.5,0.000493091113272329,0.09629050941499934
ergo_adaptive,265.58333333333337,0.00011530381052329506,0.09587856325251025
ergo_adaptive,265.66666666666663,8.256519402383524e-5,0.09577276917585334
ergo_adaptive,265.75,0.00033513420770782995,0.09580761076673489
ergo_adaptive,265.83333333333337,0.00013347179895472898,0.095837933646242
ergo_adaptive,265.91666666666663,1.7143820015737352e-5,0.09590977246072427
ergo_adaptive,266.0,0.000224566906698463,0.09598466925515056
ergo_adaptive,266.08333333333337,0.0002032458147451515,0.09605199300403656
ergo_adaptive,266.16666666666663,1.2020977939991188e-6,0.09610029950660658
ergo_adaptive,266.25,0.0,0.09609273443587962
ergo_adaptive,266.33333333333337,2.4974699622978106e-7,0.09607876824986712
ergo_adaptive,266.41666666666663,0.0,0.09613551142264797
ergo_adaptive,266.5,0.0,0.09618925583370894
ergo_adaptive,266.58333333333337,0.0,0.09618937911590192
ergo_adaptive,266.66666666666663,3.0923856653668337e-6,0.0961026502001228
ergo_adaptive,266.75,2.217360856094999e-5,0.09604659869716278
ergo_adaptive,266.83333333333337,0.00011696363979622339,0.09593920727761618
ergo_adaptive,266.91666666666663,0.0005752526565726156,0.09577620373048937
ergo_adaptive,267.0,0.0012280319012128473,0.09557335069934743
ergo_adaptive,267.08333333333337,0.00022966526340308173,0.09532230352826647
ergo_adaptive,267.16666666666663,0.0006555478462787315,0.09514402811615617
ergo_adaptive,267.25,0.0002597457034854702,0.09495788926217374
ergo_adaptive,267.33333333333337,0.0004963335934874922,0.09489033320381154
ergo_adaptive,267.41666666666663,0.0004522229978086126,0.0948381737931053
ergo_adaptive,267.5,0.0005658166182051132,0.09478027617791268
ergo_adaptive,267.58333333333337,0.0007348217687931574,0.09467989107253248
ergo_adaptive,267.66666666666663,0.00045639155502050953,0.09457043495980133
ergo_adaptive,267.75,0.00029628585895954306,0.09463189217517369
ergo_adaptive,267.83333333333337,0.0004239424903545208,0.09476571127870553
ergo_adaptive,267.91666666666663,0.0005579030791147252,0.09487422953174966
ergo_adaptive,268.0,0.0007622957931647166,0.0949306853422147
ergo_adaptive,268.08333333333337,0.000729276588760722,0.09493605209123253
ergo_adaptive,268.16666666666663,0.0006293287137191326,0.09494721552306408
ergo_adaptive,268.25,0.0006363284857147953,0.09502438755913355
ergo_adaptive,268.33333333333337,0.0006870163803442949,0.0951208760472289
ergo_adaptive,268.41666666666663,0.0009424198988794882,0.09521057762349616
ergo_adaptive,268.5,0.0005712150735306253,0.09528274344522067
ergo_adaptive,268.58333333333337,0.00028864470095088556,0.0953638960598417
ergo_adaptive,268.66666666666663,0.00042781636176677433,0.09543196898100263
ergo_adaptive,268.75,0.00036825188453087833,0.09544751177369172
ergo_adaptive,268.83333333333337,0.00019610497894671845,0.0953711608454309
ergo_adaptive,268.91666666666663,4.0597159086570067e-5,0.09535643238262671
ergo_adaptive,269.0,9.739568067947323e-5,0.09539663764641025
ergo_adaptive,269.08333333333337,2.3794178588889915e-5,0.09542333912546573
ergo_adaptive,269.16666666666663,5.62961223892946e-5,0.09546036751317598
ergo_adaptive,269.25,4.810351252779339e-5,0.09550143889861305
ergo_adaptive,269.33333333333337,5.5970586272561776e-5,0.09558007368830108
ergo_adaptive,269.41666666666663,0.00012598066283814717,0.09566698443530501
ergo_adaptive,269.5,0.00025923073357979294,0.09570605751174277
ergo_adaptive,269.58333333333337,5.39260700743825e-5,0.09569173224294651
ergo_adaptive,269.66666666666663,9.775104459805129e-5,0.09574778493137612
ergo_adaptive,269.75,0.00022751281268266484,0.0958351677444272
ergo_adaptive,269.83333333333337,0.0001234894792714923,0.09591280248366427
ergo_adaptive,269.91666666666663,0.00010244156840809703,0.09596031798680832
ergo_adaptive,270.0,0.0,0.09599209536737402
ergo_adaptive,270.08333333333337,1.6167914778754452e-6,0.09603199142853538
ergo_adaptive,270.16666666666663,5.804081482952732e-7,0.09607551103593386
ergo_adaptive,270.25,5.6854700736499555e-5,0.09608255976265932
ergo_adaptive,270.33333333333337,0.00015817627511769235,0.09613714543176262
ergo_adaptive,270.41666666666663,0.00016819338500268744,0.09621063007084484
ergo_adaptive,270.5,0.0002250971470657564,0.0962611545142529
ergo_adaptive,270.58333333333337,0.00017015235491600584,0.09626201837770205
ergo_adaptive,270.66666666666663,0.00018105983199606334,0.09631451531823548
ergo_adaptive,270.75,0.0005656769409565045,0.0963941812161027
ergo_adaptive,270.83333333333337,0.0009072576450167164,0.09646308367832421
ergo_adaptive,270.91666666666663,0.0012867318306829004,0.09648440720724608
ergo_adaptive,271.0,0.0014721104891415818,0.0964361546233836
ergo_adaptive,271.08333333333337,0.0008867808259287078,0.09632147321595814
ergo_adaptive,271.16666666666663,0.0007380845171373608,0.0962503359470002
ergo_adaptive,271.25,0.0009233909868135639,0.09626620045085045
ergo_adaptive,271.33333333333337,0.0008435828448610124,0.09626696256901897
ergo_adaptive,271.41666666666663,0.0011471868587202172,0.09631033688693219
ergo_adaptive,271.5,0.0009996911852987185,0.09633687715252028
ergo_adaptive,271.58333333333337,0.0015348204281958495,0.09636938686366832
ergo_adaptive,271.66666666666663,0.0013499800538262295,0.09638536259962269
ergo_adaptive,271.75,0.0017698180518508177,0.0963478475139006
ergo_adaptive,271.83333333333337,0.0018405284087217048,0.09623618182146754
ergo_adaptive,271.91666666666663,0.0020880271669879162,0.09616539835260716
ergo_adaptive,272.0,0.001863303558758645,0.09614731678352
ergo_adaptive,272.08333333333337,0.0014217887308364831,0.09616128678309685
ergo_adaptive,272.16666666666663,0.0012929110149994827,0.09621772645604716
ergo_adaptive,272.25,0.0013746209018630315,0.09630016931342551
ergo_adaptive,272.33333333333337,0.0016993374591783572,0.09637941277972484
ergo_adaptive,272.41666666666663,0.0021136004932319967,0.09642287769495476
ergo_adaptive,272.5,0.0015170982132493948,0.09642457816114877
ergo_adaptive,272.58333333333337,0.001914137575131458,0.09649679214796582
ergo_adaptive,272.66666666666663,0.0018075456572131299,0.09656767135610873
ergo_adaptive,272.75,0.003450979135854507,0.09659623592213523
ergo_adaptive,272.83333333333337,0.0036897202011726454,0.09660662286930319
ergo_adaptive,272.91666666666663,0.0037340372534572426,0.09661334955907645
ergo_adaptive,273.0,0.003959884454627476,0.09663958507837127
ergo_adaptive,273.08333333333337,0.002897694847166457,0.09667909800793624
ergo_adaptive,273.16666666666663,0.0029508348978413332,0.09672323937676794
ergo_adaptive,273.25,0.0018546878704552275,0.09677905901007615
ergo_adaptive,273.33333333333337,0.0015493113260901129,0.09683583063371941
ergo_adaptive,273.41666666666663,0.0030042237879522754,0.09689538423968533
ergo_adaptive,273.5,0.0019245832887017946,0.09695110154086814
ergo_adaptive,273.58333333333337,0.0009379286800894182,0.0969996111054944
ergo_adaptive,273.66666666666663,0.001009794159329643,0.09708131636779788
ergo_adaptive,273.75,0.0015756282184983899,0.0971267970862376
ergo_adaptive,273.83333333333337,0.0012210894006906069,0.09707078251946362
ergo_adaptive,273.91666666666663,0.0011754655766734385,0.09694818168293184
ergo_adaptive,274.0,0.0012419373261622936,0.096865939482442
ergo_adaptive,274.08333333333337,0.0007276407023572284,0.09685074560818202
ergo_adaptive,274.16666666666663,0.00029739125954623583,0.09682603313827529
ergo_adaptive,274.25,7.04176804272046e-6,0.09677823525705771
ergo_adaptive,274.33333333333337,0.0,0.09673134717831938
ergo_adaptive,274.41666666666663,0.0,0.09673976682351329
ergo_adaptive,274.5,2.3864466357142495e-6,0.09675439017542178
ergo_adaptive,274.58333333333337,9.91692021684367e-7,0.09679431212112645
ergo_adaptive,274.66666666666663,1.1967512379937428e-5,0.09681177654378081
ergo_adaptive,274.75,0.00018781163970243016,0.0967642096605653
ergo_adaptive,274.83333333333337,0.0005070803496069116,0.09665626142068993
ergo_adaptive,274.91666666666663,0.0008423405225894553,0.09651706145137562
ergo_adaptive,275.0,0.0013648206883437603,0.09643802786963712
ergo_adaptive,275.08333333333337,0.002075369434994215,0.09640860745147575
ergo_adaptive,275.16666666666663,0.002350731548408461,0.09639211906180516
ergo_adaptive,275.25,0.001678493228414348,0.09636574900167823
ergo_adaptive,275.33333333333337,0.0014429309181564177,0.0963435501955141
ergo_adaptive,275.41666666666663,0.0012980121228872384,0.0964216364618984
ergo_adaptive,275.5,0.0012152768674058173,0.09654923926017432
ergo_adaptive,275.58333333333337,0.0009506142837590123,0.09666296441806677
ergo_adaptive,275.66666666666663,0.0012083359478856275,0.09670106550342258
ergo_adaptive,275.75,0.0007755724871078661,0.09669864044027093
ergo_adaptive,275.83333333333337,0.0007193949287424831,0.09666467487131908
ergo_adaptive,275.91666666666663,0.000613960335988528,0.0965851428488349
ergo_adaptive,276.0,0.0004900861046171008,0.09647239978741706
ergo_adaptive,276.08333333333337,0.0004505188175894841,0.09637591971405583
ergo_adaptive,276.16666666666663,0.0008374850821299237,0.09631740201510985
ergo_adaptive,276.25,0.0012232385503788616,0.09636010337607624
ergo_adaptive,276.33333333333337,0.0017376942941094572,0.09646417939760596
ergo_adaptive,276.41666666666663,0.001474049387944456,0.0965436938074996
ergo_adaptive,276.5,0.0015111462336526,0.09658919723207178
ergo_adaptive,276.58333333333337,0.0017733847200971707,0.09661576323259331
ergo_adaptive,276.66666666666663,0.002893276244967526,0.09663633964631627
ergo_adaptive,276.75,0.002098218481135749,0.0966359022432332
ergo_adaptive,276.83333333333337,0.0013946075214414802,0.09661128962168855
ergo_adaptive,276.91666666666663,0.0011451710874139176,0.09664606973527884
ergo_adaptive,277.0,0.001160219769360962,0.09672151902014375
ergo_adaptive,277.08333333333337,0.0009229739893422302,0.09680110711208716
ergo_adaptive,277.16666666666663,0.001236585644763726,0.09685547195074147
ergo_adaptive,277.25,0.0011677690363898535,0.09687749297833613
ergo_adaptive,277.33333333333337,0.0003082836312347609,0.09687849438220175
ergo_adaptive,277.41666666666663,0.0001223805188811477,0.09689342030060606
ergo_adaptive,277.5,0.00010107766307898222,0.09683470254926894
ergo_adaptive,277.58333333333337,0.0003933676413649163,0.09668846177945527
ergo_adaptive,277.66666666666663,0.0004137838113729304,0.09650031604972134
ergo_adaptive,277.75,0.000483420244175864,0.09635884241174998
ergo_adaptive,277.83333333333337,0.0003861071763699773,0.09629392166848409
ergo_adaptive,277.91666666666663,0.000307016487219924,0.09623223488803853
ergo_adaptive,278.0,8.738186339569573e-5,0.09621363103599655
ergo_adaptive,278.08333333333337,9.923464664511661e-5,0.09618256529535851
ergo_adaptive,278.16666666666663,8.15514754436152e-5,0.09620264198417391
ergo_adaptive,278.25,1.36200191384198e-5,0.09623153147356431
ergo_adaptive,278.33333333333337,0.00029776877958414676,0.09621988137522924
ergo_adaptive,278.41666666666663,0.0004320169077460341,0.0962526082931145
ergo_adaptive,278.5,0.0002624135799131944,0.09631568946949293
ergo_adaptive,278.58333333333337,0.00037201204138240007,0.09639815401543841
ergo_adaptive,278.66666666666663,0.00019410429829860217,0.0964580236006787
ergo_adaptive,278.75,0.0001273126980391852,0.09651857130778127
ergo_adaptive,278.83333333333337,0.00017773129054507951,0.09655326505019662
ergo_adaptive,278.91666666666663,0.0002731544186457744,0.09651867162575549
ergo_adaptive,279.0,0.0002696375622792808,0.09641321599337496
ergo_adaptive,279.08333333333337,4.25139523374794e-5,0.0964157698761055
ergo_adaptive,279.16666666666663,2.3682633678929243e-5,0.09642167906654567
ergo_adaptive,279.25,1.3114447830877567e-5,0.0963721876940533
ergo_adaptive,279.33333333333337,0.0001591496542570321,0.09638747690357115
ergo_adaptive,279.41666666666663,5.7062478852494715e-5,0.09640882969232517
ergo_adaptive,279.5,9.404257121782384e-6,0.09642782759768438
ergo_adaptive,279.58333333333337,4.4518866256096724e-5,0.09648264130124945
ergo_adaptive,279.66666666666663,1.7360616279714323e-5,0.09651722917274606
ergo_adaptive,279.75,3.382545232987551e-5,0.09651367952998988
ergo_adaptive,279.83333333333337,2.471884800634267e-5,0.09647331232902641
ergo_adaptive,279.91666666666663,0.00013770711814695038,0.09640689407820423
ergo_adaptive,280.0,0.00017736733001193534,0.09633675227452203
ergo_adaptive,280.08333333333337,0.00010647970795658358,0.09632433370439117
ergo_adaptive,280.16666666666663,0.00011012965493338654,0.0963794473193248
ergo_adaptive,280.25,0.0,0.09641341447853997
ergo_adaptive,280.33333333333337,7.555430099894501e-5,0.09647399550640069
ergo_adaptive,280.41666666666663,1.7063242333407006e-5,0.09655263269387371
ergo_adaptive,280.5,0.00022945012648565097,0.09660702605658045
ergo_adaptive,280.58333333333337,0.0001959244514487814,0.09662086011698688
ergo_adaptive,280.66666666666663,0.00015725882597471169,0.09660496424254207
ergo_adaptive,280.75,4.324325324096742e-5,0.0965722638002192
ergo_adaptive,280.83333333333337,2.458116469140421e-5,0.09660588091740353
ergo_adaptive,280.91666666666663,1.0088105456618443e-5,0.09666913805860583
ergo_adaptive,281.0,2.4502283476974753e-5,0.09673119568669251
ergo_adaptive,281.08333333333337,4.4372858959014276e-5,0.09677223234373145
ergo_adaptive,281.16666666666663,1.9807905629528223e-5,0.0967743055132943
ergo_adaptive,281.25,1.577526087984144e-5,0.09673334160935328
ergo_adaptive,281.33333333333337,0.00016592362207058702,0.0966402339514034
ergo_adaptive,281.41666666666663,0.0,0.09651660455108692
ergo_adaptive,281.5,0.0,0.09648654728738575
ergo_adaptive,281.58333333333337,0.0,0.09650267861005861
ergo_adaptive,281.66666666666663,1.1632946494817558e-6,0.09653202354257674
ergo_adaptive,281.75,0.0,0.09653146233346815
ergo_adaptive,281.83333333333337,0.0,0.09646937990441014
ergo_adaptive,281.91666666666663,5.746565247764538e-7,0.09633637741370006
ergo_adaptive,282.0,4.1654524398948945e-5,0.09635279578564805
ergo_adaptive,282.08333333333337,0.00017022241076968938,0.09637342731868506
ergo_adaptive,282.16666666666663,0.0003953601796699692,0.09635320304137406
ergo_adaptive,282.25,7.410146625613863e-5,0.09631020081854033
ergo_adaptive,282.33333333333337,3.134801493402089e-5,0.09628119139189686
ergo_adaptive,282.41666666666663,6.801462338158907e-5,0.09632954379653956
ergo_adaptive,282.5,6.306199576440753e-5,0.09641566604771086
ergo_adaptive,282.58333333333337,0.00010444421494869767,0.09649478529711886
ergo_adaptive,282.66666666666663,7.798894088302848e-5,0.09656861874749045
ergo_adaptive,282.75,0.0001867526292930184,0.09662603072869218
ergo_adaptive,282.83333333333337,0.0004480481032279554,0.09668107815718027
ergo_adaptive,282.91666666666663,0.0005368135491687944,0.09672354482349767
ergo_adaptive,283.0,0.000608394731113215,0.09668833055504486
ergo_adaptive,283.08333333333337,0.0007030623402959323,0.09656716606069463
ergo_adaptive,283.16666666666663,0.0005369342091644035,0.09641052361951996
ergo_adaptive,283.25,0.0008163516414427167,0.09632903053066248
ergo_adaptive,283.33333333333337,0.000789413596495337,0.09626662288116253
ergo_adaptive,283.41666666666663,0.0005282553692844955,0.09618869369415237
ergo_adaptive,283.5,0.0008670458727236745,0.09621648090805339
ergo_adaptive,283.58333333333337,0.0005598625081639616,0.09622642128036309
ergo_adaptive,283.66666666666663,0.0006581610809248935,0.09629024221957484
ergo_adaptive,283.75,0.000667020238174584,0.09637786033802798
ergo_adaptive,283.83333333333337,0.00030326816489784395,0.09643995126154221
ergo_adaptive,283.91666666666663,0.00040481180146311586,0.09648043631438247
ergo_adaptive,284.0,0.0006425533704502007,0.09650648387856615
ergo_adaptive,284.08333333333337,0.0005958240673372405,0.09654729123002773
ergo_adaptive,284.16666666666663,0.0004602312947727338,0.0965952954924989
ergo_adaptive,284.25,0.0005610496274270618,0.09664556784672185
ergo_adaptive,284.33333333333337,0.0004391153625537767,0.09670817024802209
ergo_adaptive,284.41666666666663,0.0006411699326470012,0.09677543176951411
ergo_adaptive,284.5,0.00041404270768920253,0.09684146575392287
ergo_adaptive,284.58333333333337,0.0005189092478382333,0.09691114596807886
ergo_adaptive,284.66666666666663,0.00046402722644473134,0.09698012114800564
ergo_adaptive,284.75,0.0002709915237210207,0.09703933570113295
ergo_adaptive,284.83333333333337,0.0005344927403390836,0.09707316072609534
ergo_adaptive,284.91666666666663,0.00033851436537942007,0.09713647568328232
ergo_adaptive,285.0,0.0006605906552209812,0.09717160260088502
ergo_adaptive,285.08333333333337,0.0006336560857879947,0.09723390287553388
ergo_adaptive,285.16666666666663,0.0004778223785085095,0.09727813053139718
ergo_adaptive,285.25,0.00011110708602619765,0.09733886775063556
ergo_adaptive,285.33333333333337,0.00044951119892793027,0.09736336629670413
ergo_adaptive,285.41666666666663,5.662895902867667e-5,0.09736612788540235
ergo_adaptive,285.5,7.05333702886114e-5,0.09733916717286498
ergo_adaptive,285.58333333333337,6.616251341180876e-5,0.09729629756665015
ergo_adaptive,285.66666666666663,8.412254309230141e-5,0.09726751167062309
ergo_adaptive,285.75,0.00026357014174161196,0.09729391109827006
ergo_adaptive,285.83333333333337,0.00012911510121488759,0.09734913375078719
ergo_adaptive,285.91666666666663,0.00020344450354632597,0.09739814344729486
ergo_adaptive,286.0,0.00031704103270521246,0.09743033244046406
ergo_adaptive,286.08333333333337,0.00012706925206470632,0.09742599166139616
ergo_adaptive,286.16666666666663,0.00023473989168663732,0.09746537530551107
ergo_adaptive,286.25,5.313323085558751e-5,0.09752125419736846
ergo_adaptive,286.33333333333337,7.644724936277816e-5,0.09755334647769605
ergo_adaptive,286.41666666666663,8.567919191224711e-5,0.09752266484895389
ergo_adaptive,286.5,0.00011441693635294604,0.09752766960583936
ergo_adaptive,286.58333333333337,0.00013063579820733756,0.0974961346855497
ergo_adaptive,286.66666666666663,7.818446389282867e-5,0.09754869653738638
ergo_adaptive,286.75,0.00012559749222828666,0.09759834758734731
ergo_adaptive,286.83333333333337,0.00010075639062480847,0.0976848186671203
ergo_adaptive,286.91666666666663,9.129740334531677e-5,0.09775795966569156
ergo_adaptive,287.0,0.00010294594012059186,0.09778424040219372
ergo_adaptive,287.08333333333337,3.875467515666647e-5,0.09786340156533226
ergo_adaptive,287.16666666666663,0.0,0.09789493650562053
ergo_adaptive,287.25,6.009721081392075e-6,0.09785856829422972
ergo_adaptive,287.33333333333337,0.00011290059112837003,0.0977111648687916
ergo_adaptive,287.41666666666663,0.00014622144148884134,0.09754163419252933
ergo_adaptive,287.5,0.00018485481850213147,0.09741072035928601
ergo_adaptive,287.58333333333337,4.851100392349852e-5,0.09730754151438407
ergo_adaptive,287.66666666666663,0.00011545991336188587,0.09730906566078619
ergo_adaptive,287.75,0.0002338827996804246,0.0973594381275831
ergo_adaptive,287.83333333333337,0.0003402816790288142,0.09740206896860708
ergo_adaptive,287.91666666666663,0.00019165701460936016,0.09740748099377133
ergo_adaptive,288.0,7.929297483159733e-5,0.09744849939632817
ergo_adaptive,288.08333333333337,7.66063573728327e-6,0.09751728189117394
ergo_adaptive,288.16666666666663,0.0,0.09755794492269212
ergo_adaptive,288.25,0.0,0.09755652016391954
ergo_adaptive,288.33333333333337,0.0,0.0975055596419719
ergo_adaptive,288.41666666666663,0.0,0.09740660273592212
ergo_adaptive,288.5,0.0,0.09728310287666274
ergo_adaptive,288.58333333333337,9.430944720884719e-5,0.0970966010342781
ergo_adaptive,288.66666666666663,0.00014160411080217354,0.09678707165817942
ergo_adaptive,288.75,0.00010844125628349874,0.09641612137370754
ergo_adaptive,288.83333333333337,3.3921525150482624e-6,0.09604850191674742
ergo_adaptive,288.91666666666663,2.2537086311064677e-5,0.09596327025767824
ergo_adaptive,289.0,2.7467115723800873e-5,0.09600426792879796
ergo_adaptive,289.08333333333337,3.059449211606985e-5,0.0960566043437955
ergo_adaptive,289.16666666666663,0.00012896815865310986,0.09607886420094001
ergo_adaptive,289.25,0.0001477313693306805,0.09607386990179598
ergo_adaptive,289.33333333333337,1.1926876600444235e-5,0.09604672266068753
ergo_adaptive,289.41666666666663,0.0,0.09609393327020678
ergo_adaptive,289.5,2.1636945383444633e-7,0.0961554231283678
ergo_adaptive,289.58333333333337,7.976306186030711e-5,0.09623222152347112
ergo_adaptive,289.66666666666663,0.00015383489123241035,0.0962960513795878
ergo_adaptive,289.75,4.915714987516564e-5,0.09631622698875204
ergo_adaptive,289.83333333333337,0.00020658939081615057,0.09628455106412574
ergo_adaptive,289.91666666666663,0.00026349294199106506,0.09620105787837924
ergo_adaptive,290.0,6.826229664535329e-5,0.09609678746929949
ergo_adaptive,290.08333333333337,0.0003941672705753645,0.09611286226954614
ergo_adaptive,290.16666666666663,0.0002760758080224798,0.09613693290472201
ergo_adaptive,290.25,0.00029302471700519444,0.09615303571260488
ergo_adaptive,290.33333333333337,0.00023205087010482752,0.09609116120640211
ergo_adaptive,290.41666666666663,0.00026969234430966653,0.09615249271375512
ergo_adaptive,290.5,0.0003940528564777738,0.09626307263055331
ergo_adaptive,290.58333333333337,0.0003874475992647512,0.09635068574283288
ergo_adaptive,290.66666666666663,0.0002478287788934779,0.09643521573029226
ergo_adaptive,290.75,0.0003941115358434861,0.09653455749737737
ergo_adaptive,290.83333333333337,0.00019956255276855765,0.096630716819878
ergo_adaptive,290.91666666666663,0.0001621431215316008,0.09668178693725267
ergo_adaptive,291.0,8.107259353285357e-5,0.09669084579669812
ergo_adaptive,291.08333333333337,0.000556773225424768,0.09667785083439702
ergo_adaptive,291.16666666666663,0.00032274003166475065,0.09671205919375189
ergo_adaptive,291.25,0.000206788988107472,0.09673850273733403
ergo_adaptive,291.33333333333337,0.0004611059403658539,0.09672747991866702
ergo_adaptive,291.41666666666663,0.000560611624340637,0.09676209985458226
ergo_adaptive,291.5,0.0005018184796866522,0.09681944797037048
ergo_adaptive,291.58333333333337,0.0006061450229722764,0.0968668760516842
ergo_adaptive,291.66666666666663,0.0002683949107813521,0.09690782788662176
ergo_adaptive,291.75,0.00017840473873449703,0.0969591665045918
ergo_adaptive,291.83333333333337,0.0001723624973850801,0.09699690366552942
ergo_adaptive,291.91666666666663,0.00016008295450151762,0.09700915515418482
ergo_adaptive,292.0,2.308664705038846e-5,0.09699415512171976
ergo_adaptive,292.08333333333337,9.894652532794587e-7,0.09694093348524623
ergo_adaptive,292.16666666666663,0.0,0.0968924961017935
ergo_adaptive,292.25,0.0,0.09686585821290969
ergo_adaptive,292.33333333333337,0.0,0.09684104177773709
ergo_adaptive,292.41666666666663,0.0,0.0967891897800948
ergo_adaptive,292.5,0.0,0.09659319382591491
ergo_adaptive,292.58333333333337,0.0,0.09624635767649047
ergo_adaptive,292.66666666666663,0.0,0.09582862585033766
ergo_adaptive,292.75,1.6451588005028369e-6,0.09541504904924852
ergo_adaptive,292.83333333333337,4.968080103966365e-6,0.09531674933476601
ergo_adaptive,292.91666666666663,5.930902570200731e-5,0.09537296369031086
ergo_adaptive,293.0,0.00021358803675396802,0.0954406969418379
ergo_adaptive,293.08333333333337,5.054592705035343e-5,0.09547388586686131
ergo_adaptive,293.16666666666663,4.2074316541127285e-5,0.0955701006863937
ergo_adaptive,293.25,5.377307083593445e-5,0.09568342490373477
ergo_adaptive,293.33333333333337,0.0,0.09576407051878859
ergo_adaptive,293.41666666666663,0.0,0.09586125995296929
ergo_adaptive,293.5,1.0650545200000043e-5,0.09594881098767111
ergo_adaptive,293.58333333333337,2.3837793263229693e-5,0.09601749020332397
ergo_adaptive,293.66666666666663,0.0002452190146515883,0.0960540247033052
ergo_adaptive,293.75,0.0003853743642289435,0.09601201229631223
ergo_adaptive,293.83333333333337,0.00013390607058743739,0.09589286505813042
ergo_adaptive,293.91666666666663,0.000296565977949476,0.09589651130078615
ergo_adaptive,294.0,0.0004327618766868069,0.09588224322954393
ergo_adaptive,294.08333333333337,0.0006232885378353123,0.09578813928198512
ergo_adaptive,294.16666666666663,0.0005089903262105715,0.09560615783335369
ergo_adaptive,294.25,0.0002725237052974194,0.0953948354548565
ergo_adaptive,294.33333333333337,0.0006653837437975651,0.09537442974947716
ergo_adaptive,294.41666666666663,0.0009803917953447817,0.0953618422794755
ergo_adaptive,294.5,0.0007836649165113622,0.09530102103666481
ergo_adaptive,294.58333333333337,0.0008186136292651601,0.095209299630549
ergo_adaptive,294.66666666666663,0.0005689774842537027,0.0950612807085297
ergo_adaptive,294.75,0.0007112355870014449,0.09507843539621895
ergo_adaptive,294.83333333333337,0.0007821165745857124,0.0951869181816211
ergo_adaptive,294.91666666666663,0.0005597369094850885,0.09530345248868524
ergo_adaptive,295.0,0.00037575101252023167,0.09539023890646184
ergo_adaptive,295.08333333333337,0.0005322305210854788,0.09544011365588001
ergo_adaptive,295.16666666666663,0.0004044487463573729,0.09545155768622696
ergo_adaptive,295.25,0.0006749716153038837,0.0954292113157322
ergo_adaptive,295.33333333333337,0.0006048947796014967,0.09546718887069273
ergo_adaptive,295.41666666666663,0.0006526343395772198,0.09553543307032615
ergo_adaptive,295.5,0.0002782226606513193,0.09560871654694363
ergo_adaptive,295.58333333333337,0.0003427458400934407,0.09567622242668834
ergo_adaptive,295.66666666666663,0.0001589575661145386,0.09571975740544818
ergo_adaptive,295.75,0.00015164915532600297,0.0957225025251185
ergo_adaptive,295.83333333333337,0.00020277271145608232,0.09566916617392562
ergo_adaptive,295.91666666666663,0.00035819900436428586,0.09555855462939901
ergo_adaptive,296.0,0.00024350480411659608,0.0954291995521913
ergo_adaptive,296.08333333333337,7.986096107105928e-5,0.09537936121163583
ergo_adaptive,296.16666666666663,0.00016199413467826205,0.09539884616354226
ergo_adaptive,296.25,0.0001929487081183599,0.09541167904369345
ergo_adaptive,296.33333333333337,0.00010338163423199412,0.09543531144380367
ergo_adaptive,296.41666666666663,3.908808411927491e-5,0.09549411011529768
ergo_adaptive,296.5,2.634185344537968e-5,0.09556106268582762
ergo_adaptive,296.58333333333337,1.0719782172208475e-6,0.09563284901815161
ergo_adaptive,296.66666666666663,7.179216723614032e-5,0.09569778943106845
ergo_adaptive,296.75,9.738484816180085e-6,0.09576452272184596
ergo_adaptive,296.83333333333337,0.0,0.09582586909712172
ergo_adaptive,296.91666666666663,0.0,0.09589114734695706
ergo_adaptive,297.0,0.0,0.0959307655482088
ergo_adaptive,297.08333333333337,0.0,0.09591815660987268
ergo_adaptive,297.16666666666663,2.1126004928080812e-5,0.09586243279986995
ergo_adaptive,297.25,0.00014400999630181086,0.09575805199210198
ergo_adaptive,297.33333333333337,5.31410105954382e-6,0.09550100582122273
ergo_adaptive,297.41666666666663,0.00047621084108927285,0.09511555856781212
ergo_adaptive,297.5,0.0006223795108064946,0.09473808301053427
ergo_adaptive,297.58333333333337,0.0012837940165237682,0.09441149581955269
ergo_adaptive,297.66666666666663,0.0010202486519172568,0.09408572599161129
ergo_adaptive,297.75,0.00033662225414211427,0.09375881432308865
ergo_adaptive,297.83333333333337,0.00029624914442633076,0.0936666257515179
ergo_adaptive,297.91666666666663,0.00038083516624691575,0.09374179390905514
ergo_adaptive,298.0,0.0003125119901745968,0.09381160823318886
ergo_adaptive,298.08333333333337,0.00030664629925210356,0.09393298205898915
ergo_adaptive,298.16666666666663,0.00010779196614468942,0.09404109796331538
ergo_adaptive,298.25,3.8408800132818294e-5,0.09409990361814885
ergo_adaptive,298.33333333333337,3.4906690962548775e-5,0.09413487979219345
ergo_adaptive,298.41666666666663,1.7276069533267926e-5,0.09415884981754816
ergo_adaptive,298.5,5.047574696101455e-5,0.0941212387886434
ergo_adaptive,298.58333333333337,4.557224096975656e-5,0.09401248061548391
ergo_adaptive,298.66666666666663,1.751861689413706e-5,0.09387891223468416
ergo_adaptive,298.75,8.191618506239584e-6,0.09384985671885933
ergo_adaptive,298.83333333333337,0.0,0.09388052795755192
ergo_adaptive,298.91666666666663,0.0,0.09395572773490668
ergo_adaptive,299.0,0.0,0.0940473888328732
ergo_adaptive,299.08333333333337,0.0,0.09413221099921949
ergo_adaptive,299.16666666666663,8.555198179661931e-6,0.09416873421038412
ergo_adaptive,299.25,3.697002396086129e-5,0.09416644324368867
ergo_adaptive,299.33333333333337,4.407700768637692e-6,0.09403974787926542
ergo_adaptive,299.41666666666663,6.028906133029373e-6,0.09406828245245344
ergo_adaptive,299.5,6.1850557678341475e-6,0.0941969230837082
ergo_adaptive,299.58333333333337,0.0,0.09430041038444265
ergo_adaptive,299.66666666666663,0.0,0.09441300595584168
ergo_adaptive,299.75,0.0,0.09446544527466798
ergo_adaptive,299.83333333333337,2.385855899736874e-5,0.09438588105956779
ergo_adaptive,299.91666666666663,1.576668642339527e-6,0.09440416338352352
ergo_adaptive,300.0,0.0,0.09450645880191409
ergo_adaptive,300.08333333333337,2.4688744271925477e-5,0.09456650357463509
ergo_adaptive,300.16666666666663,3.074664227416823e-5,0.09466131046022865
ergo_adaptive,300.25,9.262856121313119e-5,0.09474256994207544
ergo_adaptive,300.33333333333337,0.00018788289872974598,0.09479682026344008
ergo_adaptive,300.41666666666663,0.00020412699060067872,0.09479704732081265
ergo_adaptive,300.5,9.38575652418209e-5,0.09474936037392379
ergo_adaptive,300.58333333333337,0.00017258190467009808,0.09477218127685023
ergo_adaptive,300.66666666666663,0.00028538811192920183,0.09478424356609362
ergo_adaptive,300.75,0.00011329406413228865,0.09475484488826058
ergo_adaptive,300.83333333333337,5.9668744291321946e-5,0.09478539247767861
ergo_adaptive,300.91666666666663,6.668126215651006e-5,0.09484666444983493
ergo_adaptive,301.0,2.978996911219048e-5,0.0949187684204337
ergo_adaptive,301.08333333333337,0.00014682407367744947,0.09497643895914647
ergo_adaptive,301.16666666666663,0.00017413492257318616,0.09499803135088836
ergo_adaptive,301.25,5.756798079014613e-5,0.09504050283588253
ergo_adaptive,301.33333333333337,9.839233381118975e-5,0.09506907237227814
ergo_adaptive,301.41666666666663,9.562667798127118e-5,0.09512513328431896
ergo_adaptive,301.5,6.644769168852084e-5,0.09518278333120576
ergo_adaptive,301.58333333333337,0.00010308426127670422,0.09524600614225165
ergo_adaptive,301.66666666666663,4.460352469358148e-5,0.09530583058146692
ergo_adaptive,301.75,4.3697150897822695e-6,0.09535692667561535
ergo_adaptive,301.83333333333337,0.0001427468974413824,0.09536647952942913
ergo_adaptive,301.91666666666663,5.0382044839703375e-5,0.0953377604338669
ergo_adaptive,302.0,4.502632433723525e-6,0.09531351415654395
ergo_adaptive,302.08333333333337,1.7943008788500337e-6,0.0953466205424416
ergo_adaptive,302.16666666666663,0.0,0.09539818410306407
ergo_adaptive,302.25,3.828186780715116e-6,0.0954649236603773
ergo_adaptive,302.33333333333337,3.868650182382231e-6,0.09549025692824702
ergo_adaptive,302.41666666666663,6.9336978951618e-7,0.0954092269987182
ergo_adaptive,302.5,0.0,0.0952444952196011
ergo_adaptive,302.58333333333337,0.0,0.09509684726445287
ergo_adaptive,302.66666666666663,0.0,0.09492852679586603
ergo_adaptive,302.75,0.0,0.09472706820378178
ergo_adaptive,302.83333333333337,4.309483414450938e-6,0.09451262972272005
ergo_adaptive,302.91666666666663,4.335689447369269e-6,0.09450129994133195
ergo_adaptive,303.0,4.514631345324429e-7,0.09457965151054132
ergo_adaptive,303.08333333333337,0.0,0.09466863386857907
ergo_adaptive,303.16666666666663,0.0,0.09474774762261294
ergo_adaptive,303.25,1.964183898703599e-6,0.0947940192623248
ergo_adaptive,303.33333333333337,0.0,0.09485848480283135
ergo_adaptive,303.41666666666663,5.947687493298602e-6,0.09490508455680406
ergo_adaptive,303.5,2.5957192319984813e-7,0.09496357332369416
ergo_adaptive,303.58333333333337,0.0,0.09502021916296623
ergo_adaptive,303.66666666666663,4.692605936224448e-7,0.09507679103806377
ergo_adaptive,303.75,0.0,0.09513374372240295
ergo_adaptive,303.83333333333337,2.4080197967116422e-6,0.0951846255930574
ergo_adaptive,303.91666666666663,4.420324469415652e-6,0.09523967947872998
ergo_adaptive,304.0,0.0,0.0952852284261638
ergo_adaptive,304.08333333333337,9.06931792606373e-6,0.0953457439653096
ergo_adaptive,304.16666666666663,1.1231188269045181e-5,0.09540251725853668
ergo_adaptive,304.25,0.00021720099456342627,0.09541368426183204
ergo_adaptive,304.33333333333337,3.0312226064636456e-5,0.09535093109741603
ergo_adaptive,304.41666666666663,2.9534581467639743e-5,0.09526478754079418
ergo_adaptive,304.5,0.0,0.09521358995240473
ergo_adaptive,304.58333333333337,7.854987085497755e-5,0.09524351112538869
ergo_adaptive,304.66666666666663,6.093942809942649e-5,0.09531231483438814
ergo_adaptive,304.75,0.0004009263531237537,0.09538022223539142
ergo_adaptive,304.83333333333337,0.00015051069067429339,0.0954357042302949
ergo_adaptive,304.91666666666663,4.398725595348332e-5,0.0954523981353003
ergo_adaptive,305.0,0.0004919701528209164,0.09551241005181808
ergo_adaptive,305.08333333333337,0.0003526314603583747,0.09556285861646395
ergo_adaptive,305.16666666666663,0.00013910396780211903,0.09556640565278575
ergo_adaptive,305.25,0.00024410512352273606,0.09561974945751474
ergo_adaptive,305.33333333333337,7.518305975398833e-5,0.09571161552489765
ergo_adaptive,305.41666666666663,0.00015084473735548683,0.09577897984172677
ergo_adaptive,305.5,0.0003586522426506523,0.09577650903085538
ergo_adaptive,305.58333333333337,0.0002885615560210344,0.09579098644394908
ergo_adaptive,305.66666666666663,0.0006349947344863839,0.09579741713774187
ergo_adaptive,305.75,0.0005056399242902983,0.0958504194773113
ergo_adaptive,305.83333333333337,0.0005505424554811641,0.09593892855810393
ergo_adaptive,305.91666666666663,0.000372083404062056,0.09598994261161303
ergo_adaptive,306.0,0.00042798237701464794,0.09607509909152354
ergo_adaptive,306.08333333333337,7.985763935880558e-5,0.09614194101672116
ergo_adaptive,306.16666666666663,0.0003955114566203825,0.09614803355038701
ergo_adaptive,306.25,0.0003118598000441499,0.09609587918552272
ergo_adaptive,306.33333333333337,0.00043649424380018143,0.09610137290640264
ergo_adaptive,306.41666666666663,0.0005949540839261113,0.09615796956479747
ergo_adaptive,306.5,0.0007136727217495897,0.0962378235183411
ergo_adaptive,306.58333333333337,0.0007945155294373057,0.0962693393395223
ergo_adaptive,306.66666666666663,0.0006559056810624491,0.09623477515925632
ergo_adaptive,306.75,0.00038111028528637177,0.09626696116731186
ergo_adaptive,306.83333333333337,0.0003650008097618641,0.09635303846913978
ergo_adaptive,306.91666666666663,0.00015089908737899897,0.09640534708916297
ergo_adaptive,307.0,1.4079716039251507e-6,0.09639865019684032
ergo_adaptive,307.08333333333337,3.162721599084816e-6,0.09634685560824152
ergo_adaptive,307.16666666666663,0.00032506958504303945,0.09624745236602512
ergo_adaptive,307.25,8.943017803823652e-6,0.0961103062028755
ergo_adaptive,307.33333333333337,0.00030352114817947494,0.09608772258431261
ergo_adaptive,307.41666666666663,0.00022488492528273776,0.09608725269271817
ergo_adaptive,307.5,0.0005495708281736693,0.09612153034307094
ergo_adaptive,307.58333333333337,0.0009599334263966584,0.09615685469941684
ergo_adaptive,307.66666666666663,0.00047656532614434523,0.09618545789297706
ergo_adaptive,307.75,0.0003240496321703629,0.09622887547475495
ergo_adaptive,307.83333333333337,0.00015536076657868421,0.09625636332685167
ergo_adaptive,307.91666666666663,7.125478971224768e-5,0.09628473535579955
ergo_adaptive,308.0,0.00019943033140214626,0.09632064283524706
ergo_adaptive,308.08333333333337,0.0002856160962837064,0.09634568681596158
ergo_adaptive,308.16666666666663,0.0003539871294898575,0.09637591020849688
ergo_adaptive,308.25,0.0006303587213922376,0.09638738730806662
ergo_adaptive,308.33333333333337,0.0003501509435396599,0.09634168974214037
ergo_adaptive,308.41666666666663,0.00013059615710529096,0.09636092719770543
ergo_adaptive,308.5,7.934038122089544e-5,0.09641266664771916
ergo_adaptive,308.58333333333337,5.705347938209048e-6,0.09644246919732312
ergo_adaptive,308.66666666666663,9.190293325108351e-5,0.09642336674293384
ergo_adaptive,308.75,0.0002941512651039676,0.09634913686073372
ergo_adaptive,308.83333333333337,3.682845679973843e-5,0.09625086672648586
ergo_adaptive,308.91666666666663,7.968729589576874e-6,0.0962087234133926
ergo_adaptive,309.0,0.0,0.0961937971429563
ergo_adaptive,309.08333333333337,0.00011868731185633222,0.09622446862727087
ergo_adaptive,309.16666666666663,8.414201485385818e-5,0.09630155917736358
ergo_adaptive,309.25,1.796141149995303e-5,0.0963721634282552
ergo_adaptive,309.33333333333337,2.172920574102849e-6,0.09641078749266636
ergo_adaptive,309.41666666666663,0.00010546328505288476,0.09643231856702739
ergo_adaptive,309.5,4.963254636369508e-6,0.09644958258961747
ergo_adaptive,309.58333333333337,0.0,0.09644322720034469
ergo_adaptive,309.66666666666663,0.00011420683200548658,0.09648305977292086
ergo_adaptive,309.75,0.00015132171657260756,0.09654825294238073
ergo_adaptive,309.83333333333337,9.772289671703598e-5,0.09658946151735129
ergo_adaptive,309.91666666666663,7.980317076048718e-5,0.09658736345070952
ergo_adaptive,310.0,7.754219223550334e-5,0.09662582803660376
ergo_adaptive,310.08333333333337,2.9322712743782473e-6,0.0966863589770707
ergo_adaptive,310.16666666666663,6.295661412137769e-6,0.09671662139431675
ergo_adaptive,310.25,0.00012161736399910566,0.0966754968016525
ergo_adaptive,310.33333333333337,3.459210145433336e-5,0.09656684755053815
ergo_adaptive,310.41666666666663,0.0,0.09644067786020605
ergo_adaptive,310.5,0.0,0.09641259182241345
ergo_adaptive,310.58333333333337,0.0,0.0964111506078283
ergo_adaptive,310.66666666666663,0.0,0.09639683909133935
ergo_adaptive,310.75,0.0,0.09634850195201708
ergo_adaptive,310.83333333333337,3.220773395402884e-5,0.09624496576922253
ergo_adaptive,310.91666666666663,4.2644715582950054e-6,0.09616308952122211
ergo_adaptive,311.0,0.0001137740055042139,0.09613329304957635
ergo_adaptive,311.08333333333337,0.0,0.09609693197707686
ergo_adaptive,311.16666666666663,3.0850562075324246e-6,0.09601821457610223
ergo_adaptive,311.25,2.964420120690709e-5,0.09600258608339995
ergo_adaptive,311.33333333333337,0.0002235873120029727,0.096005172955827
ergo_adaptive,311.41666666666663,0.0002504614549413731,0.09598434577091258
ergo_adaptive,311.5,0.0006225081174836656,0.09592829608597402
ergo_adaptive,311.58333333333337,0.0005160563645242287,0.09583447238638365
ergo_adaptive,311.66666666666663,0.000804462731985452,0.09570071509785695
ergo_adaptive,311.75,0.0011113332414744142,0.09552484509254065
ergo_adaptive,311.83333333333337,0.001683021354555834,0.09532450239016381
ergo_adaptive,311.91666666666663,0.0015922935875259804,0.09511251134975451
ergo_adaptive,312.0,0.0007975221979560668,0.0948762541320652
ergo_adaptive,312.08333333333337,0.0008238287982974845,0.09483872169583403
ergo_adaptive,312.16666666666663,0.001938325678230659,0.09484135756098898
ergo_adaptive,312.25,0.0014506685343767995,0.0947839126257243
ergo_adaptive,312.33333333333337,0.0027809763826017976,0.09467726031794928
ergo_adaptive,312.41666666666663,0.00225835319279562,0.0945541007127952
ergo_adaptive,312.5,0.0016393598894129315,0.09443125541862753
ergo_adaptive,312.58333333333337,0.0007657048921561623,0.09441322348146795
ergo_adaptive,312.66666666666663,0.0008031322456373686,0.09450608549637422
ergo_adaptive,312.75,0.00028389392943604637,0.09461259482215213
ergo_adaptive,312.83333333333337,0.0003111234003150854,0.09469582588304795
ergo_adaptive,312.91666666666663,0.0003378024876599211,0.09475189748223563
ergo_adaptive,313.0,0.00051741169211458,0.09478898040423418
ergo_adaptive,313.08333333333337,0.0005684737739414022,0.09480581825759225
ergo_adaptive,313.16666666666663,0.0005934528942688017,0.09479933240433727
ergo_adaptive,313.25,0.00045261328315730846,0.09477464924756947
ergo_adaptive,313.33333333333337,0.0007194313777655478,0.0947633939055047
ergo_adaptive,313.41666666666663,0.0007557692751594464,0.09479742416295676
ergo_adaptive,313.5,0.000612009707242573,0.09484762445345774
ergo_adaptive,313.58333333333337,0.0006326553503927378,0.09491045149136906
ergo_adaptive,313.66666666666663,0.0003286777908933909,0.0949699326065128
ergo_adaptive,313.75,0.0002759588184801689,0.0950205125669662
ergo_adaptive,313.83333333333337,0.0004110891230506704,0.09505141808898712
ergo_adaptive,313.91666666666663,0.00010502900468240308,0.09510520607843966
ergo_adaptive,314.0,2.0938341919797148e-7,0.09515571074911902
ergo_adaptive,314.08333333333337,1.4951501201232367e-5,0.09520284586835535
ergo_adaptive,314.16666666666663,4.169558777264849e-6,0.09526429746268042
ergo_adaptive,314.25,3.7691848420778526e-6,0.09531950079791845
ergo_adaptive,314.33333333333337,0.0,0.09534101988608448
ergo_adaptive,314.41666666666663,9.522583971959671e-6,0.09532876804388221
ergo_adaptive,314.5,0.0,0.09519269308694958
ergo_adaptive,314.58333333333337,0.0,0.0949101193329494
ergo_adaptive,314.66666666666663,0.0,0.09456884531407159
ergo_adaptive,314.75,3.0744281472814206e-6,0.09426540833077784
ergo_adaptive,314.83333333333337,1.1844455400703764e-5,0.09423210747544261
ergo_adaptive,314.91666666666663,0.00011108219506558703,0.09430625755102207
ergo_adaptive,315.0,2.1355361033270264e-5,0.09437433757090602
ergo_adaptive,315.08333333333337,0.0,0.09445975094044459
ergo_adaptive,315.16666666666663,0.0,0.09453020426375588
ergo_adaptive,315.25,4.804727128494689e-5,0.09455491528494506
ergo_adaptive,315.33333333333337,0.0,0.09461604054930066
ergo_adaptive,315.41666666666663,2.765011063130656e-6,0.09466562874795638
ergo_adaptive,315.5,7.348560225653386e-5,0.09473557641323682
ergo_adaptive,315.58333333333337,0.00018142563423364084,0.09479135055762014
ergo_adaptive,315.66666666666663,1.2219432704869829e-5,0.09483835856633983
ergo_adaptive,315.75,2.5787391465322415e-6,0.09489983093826072
ergo_adaptive,315.83333333333337,0.00016109351203664438,0.09495593522453086
ergo_adaptive,315.91666666666663,0.00034134856965927266,0.09500116518024065
ergo_adaptive,316.0,0.00041472840730009914,0.09491114028853757
ergo_adaptive,316.08333333333337,0.0008621330583186189,0.09461282421261591
ergo_adaptive,316.16666666666663,0.0004888712024241804,0.09422288023102113
ergo_adaptive,316.25,0.00017903950627986862,0.0939061104320145
ergo_adaptive,316.33333333333337,0.00017470051295035875,0.09385729317242496
ergo_adaptive,316.41666666666663,0.0001168687405965383,0.09392249259964723
ergo_adaptive,316.5,0.00016136316776755406,0.0940123329121029
ergo_adaptive,316.58333333333337,0.000250877464539642,0.09407869280544597
ergo_adaptive,316.66666666666663,0.00020256524186315302,0.09408771598817289
ergo_adaptive,316.75,0.0002949888066382703,0.09404462836355591
ergo_adaptive,316.83333333333337,0.0005995240264621501,0.0939880075975004
ergo_adaptive,316.91666666666663,0.0006754203939007379,0.0939407912818098
ergo_adaptive,317.0,0.000546877691521347,0.09391167709815018
ergo_adaptive,317.08333333333337,0.00079258527396506,0.09394042540252688
ergo_adaptive,317.16666666666663,0.0005894969413250463,0.0939574436350847
ergo_adaptive,317.25,0.0004161761226783986,0.09402009550917113
ergo_adaptive,317.33333333333337,0.00035655862554984064,0.09409108225461124
ergo_adaptive,317.41666666666663,0.00031693439114930115,0.09412750210094585
ergo_adaptive,317.5,0.00045204967391338185,0.09411718199632606
ergo_adaptive,317.58333333333337,0.00027741986466751,0.09413204373678345
ergo_adaptive,317.66666666666663,0.0003694889950822119,0.09416670194790808
ergo_adaptive,317.75,0.00035946890813155346,0.09421870188283503
ergo_adaptive,317.83333333333337,0.00029942679023236033,0.09427996344243911
ergo_adaptive,317.91666666666663,0.0003467034744636438,0.0943425157941848
ergo_adaptive,318.0,0.0003107118538311338,0.09440127934262871
ergo_adaptive,318.08333333333337,0.0002207188056663909,0.0944606122425996
ergo_adaptive,318.16666666666663,0.00024827399645171495,0.09450845578973267
ergo_adaptive,318.25,0.00023254725149206268,0.0945572607329887
ergo_adaptive,318.33333333333337,0.00015063263830343595,0.0946063376694979
ergo_adaptive,318.41666666666663,0.00015196412382629618,0.09464914774817278
ergo_adaptive,318.5,0.00020650472548618254,0.0946986153786949
ergo_adaptive,318.58333333333337,0.00015451646077934903,0.09473897532113208
ergo_adaptive,318.66666666666663,0.00011993809572032944,0.09478822933172644
ergo_adaptive,318.75,0.00016587762019285284,0.09482053101645288
ergo_adaptive,318.83333333333337,0.00034725996435837537,0.09486548321637586
ergo_adaptive,318.91666666666663,8.469376185930642e-5,0.09491755045826772
ergo_adaptive,319.0,0.00011460368967736715,0.09496934364692672
ergo_adaptive,319.08333333333337,0.00016841292103042519,0.09499298241406873
ergo_adaptive,319.16666666666663,0.00016933203561226426,0.09496990325950795
ergo_adaptive,319.25,0.00011704732728269418,0.09493041492379088
ergo_adaptive,319.33333333333337,0.0001234880999929872,0.09497085118307991
ergo_adaptive,319.41666666666663,0.00019591797620727259,0.09502862513338647
ergo_adaptive,319.5,0.00023436612235692333,0.09506456144636778
ergo_adaptive,319.58333333333337,9.137849724328758e-5,0.09508001156255197
ergo_adaptive,319.66666666666663,0.00011899378335444578,0.09513124256536705
ergo_adaptive,319.75,6.384459156713947e-5,0.09518700568696352
ergo_adaptive,319.83333333333337,0.0001782357704455705,0.09521445422969771
ergo_adaptive,319.91666666666663,0.0002926057277857217,0.09519247219346841
ergo_adaptive,320.0,0.0006267315655082331,0.0951018378089241
ergo_adaptive,320.08333333333337,0.0004652626978617647,0.09497422369929302
ergo_adaptive,320.16666666666663,0.0005064037569812951,0.0949191553009785
ergo_adaptive,320.25,0.0006843646483305788,0.09489539122476894
ergo_adaptive,320.33333333333337,0.00030956317760263974,0.09488715795193574
ergo_adaptive,320.41666666666663,0.0001828406968459532,0.09493533340550363
ergo_adaptive,320.5,4.8863790060557466e-5,0.0950119768670813
ergo_adaptive,320.58333333333337,0.00018056134571340542,0.09508927779581917
ergo_adaptive,320.66666666666663,0.00013367464858734412,0.09514344262928082
ergo_adaptive,320.75,0.0002326853525792013,0.09516995779601332
ergo_adaptive,320.83333333333337,0.0007008910194834151,0.09517339743205955
ergo_adaptive,320.91666666666663,0.0006261101713912438,0.09512890563427044
ergo_adaptive,321.0,0.0004715148338880798,0.09516696549290686
ergo_adaptive,321.08333333333337,0.001059083768161305,0.09523854793683165
ergo_adaptive,321.16666666666663,0.0014319304666704563,0.09529776386006682
ergo_adaptive,321.25,0.0010936972366374178,0.09533191395911313
ergo_adaptive,321.33333333333337,0.0012400568393928497,0.09536665214910874
ergo_adaptive,321.41666666666663,0.0011153383977473602,0.09539313292204281
ergo_adaptive,321.5,0.0009312096325209874,0.09544995559420354
ergo_adaptive,321.58333333333337,0.00036163043814712605,0.09551203667746856
ergo_adaptive,321.66666666666663,1.9227117769800318e-5,0.0955577740587786
ergo_adaptive,321.75,0.00032377706231985764,0.09556576523270208
ergo_adaptive,321.83333333333337,0.00038440569399162864,0.09553011498605153
ergo_adaptive,321.91666666666663,5.104663801579804e-5,0.09545472795027637
ergo_adaptive,322.0,3.4458664599725304e-5,0.09546639914040811
ergo_adaptive,322.08333333333337,3.972280235779839e-5,0.09551846886316115
ergo_adaptive,322.16666666666663,3.682585033515218e-6,0.0955660940024612
ergo_adaptive,322.25,4.933095329331813e-5,0.09560428655500595
ergo_adaptive,322.33333333333337,0.00015003090633993748,0.09561582218653941
ergo_adaptive,322.41666666666663,0.0005662643644453044,0.09558258246363187
ergo_adaptive,322.5,0.0005231830921092388,0.09550169040972303
ergo_adaptive,322.58333333333337,0.00041959436394271984,0.09537486288369496
ergo_adaptive,322.66666666666663,0.00026350854764573076,0.09533198797396199
ergo_adaptive,322.75,0.0003003707431381713,0.09536183147615804
ergo_adaptive,322.83333333333337,0.00016728982626497616,0.0954354468015704
ergo_adaptive,322.91666666666663,5.32625016392654e-5,0.09551760975956315
ergo_adaptive,323.0,7.036002653023155e-5,0.09557884398756156
ergo_adaptive,323.08333333333337,0.00015385791949376238,0.09566153392930041
ergo_adaptive,323.16666666666663,0.0001459075487731813,0.09572785963050691
ergo_adaptive,323.25,0.00023310585565498792,0.09575657995614034
ergo_adaptive,323.33333333333337,0.00047419280200579876,0.09574808391922823
ergo_adaptive,323.41666666666663,0.0004780760423463977,0.09571315272164303
ergo_adaptive,323.5,0.00041294470647785907,0.09565184337099913
ergo_adaptive,323.58333333333337,0.0002024688252232925,0.09564172521828158
ergo_adaptive,323.66666666666663,8.051109091248166e-5,0.09567734638850971
ergo_adaptive,323.75,5.2054791066148086e-5,0.09574821409413892
ergo_adaptive,323.83333333333337,0.00010156534445371363,0.09582400761421273
ergo_adaptive,323.91666666666663,8.330124845912611e-5,0.09587049895140225
ergo_adaptive,324.0,2.5163697237864852e-5,0.09587229123340515
ergo_adaptive,324.08333333333337,1.425341840829397e-5,0.09584201083585325
ergo_adaptive,324.16666666666663,5.467043594569092e-5,0.09577168778251256
ergo_adaptive,324.25,0.0005687061608889931,0.09560533468704246
ergo_adaptive,324.33333333333337,0.0004286833479569614,0.09537021366646078
ergo_adaptive,324.41666666666663,0.0007474557486658514,0.09514097129112571
ergo_adaptive,324.5,0.00019798159265869256,0.09498128883564824
ergo_adaptive,324.58333333333337,0.00037180247592766725,0.09501697238628713
ergo_adaptive,324.66666666666663,0.0002838853637542406,0.09509428441236038
ergo_adaptive,324.75,0.0003270272446681498,0.0951642506904395
ergo_adaptive,324.83333333333337,0.00016649398194305075,0.09522254118157909
ergo_adaptive,324.91666666666663,5.111251167011309e-5,0.09529095841894057
ergo_adaptive,325.0,4.189474625410882e-5,0.0953567926767686
ergo_adaptive,325.08333333333337,2.663119927801294e-5,0.0953879132025492
ergo_adaptive,325.16666666666663,4.739516670350568e-5,0.09544789738398043
ergo_adaptive,325.25,1.3472264341135658e-5,0.0955226453856814
ergo_adaptive,325.33333333333337,4.350250422156903e-5,0.09555917963036527
ergo_adaptive,325.41666666666663,0.00011590947468393528,0.09552369260383803
ergo_adaptive,325.5,0.00021647871982540218,0.09541471997946621
ergo_adaptive,325.58333333333337,2.4437782729275167e-5,0.09535299837788443
ergo_adaptive,325.66666666666663,3.247899788728846e-5,0.09539750237392247
ergo_adaptive,325.75,1.5834408015836247e-5,0.09547011317321935
ergo_adaptive,325.83333333333337,6.845934023473294e-6,0.09552948912972475
ergo_adaptive,325.91666666666663,0.00012968753623146276,0.09555978506796194
ergo_adaptive,326.0,0.00048270449561467206,0.0955499115293682
ergo_adaptive,326.08333333333337,0.0001343902782453751,0.09549637042750247
ergo_adaptive,326.16666666666663,2.022082554140356e-5,0.09550172068997463
ergo_adaptive,326.25,5.635773647759437e-5,0.09555648500713194
ergo_adaptive,326.33333333333337,7.743220783812938e-6,0.09562037799530922
ergo_adaptive,326.41666666666663,0.0,0.09565866006906112
ergo_adaptive,326.5,0.0,0.09572331337837063
ergo_adaptive,326.58333333333337,0.0,0.09578931792217957
ergo_adaptive,326.66666666666663,0.0,0.0958236077962211
ergo_adaptive,326.75,0.0,0.09582341154256238
ergo_adaptive,326.83333333333337,0.0,0.09580012102530217
ergo_adaptive,326.91666666666663,0.0,0.09569727918747423
ergo_adaptive,327.0,0.0,0.095433631306095
ergo_adaptive,327.08333333333337,1.2454754310206066e-7,0.09507306132445532
ergo_adaptive,327.16666666666663,6.398815552004855e-7,0.09494485082254313
ergo_adaptive,327.25,2.6340771585350766e-5,0.09494078908284577
ergo_adaptive,327.33333333333337,1.836107010720095e-5,0.0949260094139785
ergo_adaptive,327.41666666666663,0.0,0.09492847446419742
ergo_adaptive,327.5,0.0,0.09492729123568426
ergo_adaptive,327.58333333333337,5.6800404669514496e-5,0.09485535422569188
ergo_adaptive,327.66666666666663,7.3759304255128e-5,0.09474014225734978
ergo_adaptive,327.75,6.688574515284316e-5,0.09459205313256246
ergo_adaptive,327.83333333333337,0.00033061968949089785,0.09438894941510492
ergo_adaptive,327.91666666666663,0.00026330265160219953,0.09410017446026844
ergo_adaptive,328.0,0.0002541024053626747,0.09375461167371774
ergo_adaptive,328.08333333333337,0.0004346944470267964,0.0934314824396099
ergo_adaptive,328.16666666666663,0.001211943521644294,0.09318327421080008
ergo_adaptive,328.25,0.0006371373490526638,0.09294415020488257
ergo_adaptive,328.33333333333337,0.0002872855638702423,0.09264750772318506
ergo_adaptive,328.41666666666663,0.0001268285210513057,0.09264587621763758
ergo_adaptive,328.5,0.00019055287826697965,0.09280084385120677
ergo_adaptive,328.58333333333337,0.0001753803099791579,0.09294046752020552
ergo_adaptive,328.66666666666663,0.0002059018428810245,0.09303197760718647
ergo_adaptive,328.75,0.00010530854851540609,0.0930806626986879
ergo_adaptive,328.83333333333337,0.00018228629374073362,0.09310913849377946
ergo_adaptive,328.91666666666663,0.0003866057463271405,0.09315618415491105
ergo_adaptive,329.0,0.0003385494867929957,0.09320476220709356
ergo_adaptive,329.08333333333337,0.0008081035201069598,0.09327396892378165
ergo_adaptive,329.16666666666663,0.00046136298779013337,0.09332450900631013
ergo_adaptive,329.25,0.0005981121652380168,0.09340438159465918
ergo_adaptive,329.33333333333337,0.0005343906741129196,0.0934958618855484
ergo_adaptive,329.41666666666663,0.00020005253406944613,0.09359032177276023
ergo_adaptive,329.5,0.00015385075451175193,0.09367219131729936
ergo_adaptive,329.58333333333337,0.00013018688747382223,0.09374768090435512
ergo_adaptive,329.66666666666663,0.0,0.09381973352809267
ergo_adaptive,329.75,1.4549705898228348e-5,0.09386404930600285
ergo_adaptive,329.83333333333337,0.0,0.09392962703466824
ergo_adaptive,329.91666666666663,0.0,0.09398461234038875
ergo_adaptive,330.0,4.690495717754243e-5,0.09400768453428174
ergo_adaptive,330.08333333333337,0.00020099989171370382,0.09403445944455467
ergo_adaptive,330.16666666666663,4.9189046076059905e-5,0.09403939544584886
ergo_adaptive,330.25,2.5777082987103923e-6,0.0940817428753695
ergo_adaptive,330.33333333333337,8.243050428724461e-7,0.09414629953027127
ergo_adaptive,330.41666666666663,1.860166884263994e-5,0.09418479477658567
ergo_adaptive,330.5,0.0,0.09417120940772818
ergo_adaptive,330.58333333333337,6.416666995700127e-6,0.09420244395267588
ergo_adaptive,330.66666666666663,4.650110984184443e-5,0.09422027314171985
ergo_adaptive,330.75,5.427138287647685e-5,0.09419943942804157
ergo_adaptive,330.83333333333337,0.00014505555908115,0.09411867953352009
ergo_adaptive,330.91666666666663,0.00012934119862698413,0.09398727355064358
ergo_adaptive,331.0,4.470153249813176e-7,0.09385011764941768
ergo_adaptive,331.08333333333337,8.764440700581603e-5,0.09373566243247228
ergo_adaptive,331.16666666666663,0.00021001897626480418,0.09359112923020095
ergo_adaptive,331.25,0.00048163849822618134,0.09355896870916423
ergo_adaptive,331.33333333333337,0.0004753201121168654,0.09356253797922053
ergo_adaptive,331.41666666666663,0.0003925179276177662,0.09356210859541943
ergo_adaptive,331.5,0.0003819601374595986,0.093643261964605
ergo_adaptive,331.58333333333337,0.00022654200351246418,0.09375942144214364
ergo_adaptive,331.66666666666663,0.00013526423038375546,0.0938742089197742
ergo_adaptive,331.75,0.00018451551046291958,0.09391077365571582
ergo_adaptive,331.83333333333337,0.0006524725712541788,0.09396084166592855
ergo_adaptive,331.91666666666663,0.0002124862858810894,0.09406966295117866
ergo_adaptive,332.0,0.0006325459031520424,0.0941473765023439
ergo_adaptive,332.08333333333337,0.0006251775018870261,0.09424166478052519
ergo_adaptive,332.16666666666663,0.0009412286736104061,0.09432989680532708
ergo_adaptive,332.25,0.0005225937313852946,0.09439500376313299
ergo_adaptive,332.33333333333337,0.000565463542809794,0.09447824590102781
ergo_adaptive,332.41666666666663,0.0007979991599717936,0.09452352877369895
ergo_adaptive,332.5,0.0008422752380376426,0.09457570931088764
ergo_adaptive,332.58333333333337,0.0002536555672492363,0.09464744741630773
ergo_adaptive,332.66666666666663,0.00021201821375423321,0.09470012724644723
ergo_adaptive,332.75,0.0004747424892992504,0.09467315785693
ergo_adaptive,332.83333333333337,0.00017554478741260536,0.0945962813496747
ergo_adaptive,332.91666666666663,0.00025393257610765844,0.09453374921367813
ergo_adaptive,333.0,0.000196403900008887,0.09455289571001027
ergo_adaptive,333.08333333333337,0.00031094949463675856,0.09454565716965697
ergo_adaptive,333.16666666666663,0.0005820990712046924,0.09457298203804118
ergo_adaptive,333.25,0.00047239171956980685,0.09463160337301053
ergo_adaptive,333.33333333333337,9.962869405086583e-5,0.09468727113864557
ergo_adaptive,333.41666666666663,0.00027601761285335664,0.09475277879080468
ergo_adaptive,333.5,0.0001739169602960341,0.09479390291596182
ergo_adaptive,333.58333333333337,0.0005635262363683849,0.09478041901486814
ergo_adaptive,333.66666666666663,0.0004504662394795684,0.09471893303853045
ergo_adaptive,333.75,0.00026799130190525186,0.09465419687597548
ergo_adaptive,333.83333333333337,0.0001441005949944819,0.09465092373263256
ergo_adaptive,333.91666666666663,4.116001940933685e-5,0.09463194330488608
ergo_adaptive,334.0,3.226291890203319e-5,0.09458428115630678
ergo_adaptive,334.08333333333337,9.0878427751916e-6,0.09450973215163985
ergo_adaptive,334.16666666666663,2.7672444737463896e-5,0.0945278677341906
ergo_adaptive,334.25,0.0001295621209571876,0.09459415312389316
ergo_adaptive,334.33333333333337,0.00029736484783070375,0.09466404113084442
ergo_adaptive,334.41666666666663,0.00047041414069494804,0.09472228530679445
ergo_adaptive,334.5,0.0002587898999054813,0.09476537886769837
ergo_adaptive,334.58333333333337,0.0002794992270373139,0.09478597973656783
ergo_adaptive,334.66666666666663,0.0004440214324818257,0.09477489804177722
ergo_adaptive,334.75,0.0007751568858360212,0.09473749958073148
ergo_adaptive,334.83333333333337,0.0011036949531004197,0.0946971912948111
ergo_adaptive,334.91666666666663,0.0005978303765199631,0.09466975624063277
ergo_adaptive,335.0,0.0007733458995603928,0.09471077546255775
ergo_adaptive,335.08333333333337,0.00022857776067786178,0.09476605527108019
ergo_adaptive,335.16666666666663,5.391697243065401e-5,0.09484027831651501
ergo_adaptive,335.25,0.00018892672163078335,0.09491431849260083
ergo_adaptive,335.33333333333337,0.0001810032363986331,0.09497899847326303
ergo_adaptive,335.41666666666663,0.0006395182799398758,0.09502724221733998
ergo_adaptive,335.5,0.0005044149055585768,0.0950495078563888
ergo_adaptive,335.58333333333337,0.0003265447216275492,0.09504321732227253
ergo_adaptive,335.66666666666663,0.00016756066323469953,0.0950248836502273
ergo_adaptive,335.75,9.534409917673345e-5,0.09505556977153809
ergo_adaptive,335.83333333333337,4.6562653172354256e-5,0.0950679554877421
ergo_adaptive,335.91666666666663,2.7925895502509105e-5,0.09508981672908624
ergo_adaptive,336.0,2.2839726265507548e-5,0.0951362967894095
ergo_adaptive,336.08333333333337,6.435987709196939e-5,0.0951907398825032
ergo_adaptive,336.16666666666663,9.185284567330999e-5,0.09524877215477241
ergo_adaptive,336.25,0.00012116619037644768,0.09531330623784987
ergo_adaptive,336.33333333333337,6.46615195645096e-5,0.09536013847780954
ergo_adaptive,336.41666666666663,8.37437115439245e-5,0.09545078272041155
ergo_adaptive,336.5,7.131814140878399e-5,0.09553589357445685
ergo_adaptive,336.58333333333337,1.587813434701865e-5,0.09558130012965077
ergo_adaptive,336.66666666666663,1.871157579828729e-5,0.09559203302525134
ergo_adaptive,336.75,2.4397128052440373e-5,0.09557229858746677
ergo_adaptive,336.83333333333337,3.884589460657542e-6,0.09556342061668717
ergo_adaptive,336.91666666666663,9.423174509982381e-5,0.09554051426200899
ergo_adaptive,337.0,6.561719967020412e-6,0.09558191784402752
ergo_adaptive,337.08333333333337,9.324210637300354e-5,0.09561634356776863
ergo_adaptive,337.16666666666663,4.345390803814497e-5,0.09567586381611
ergo_adaptive,337.25,5.88436223022541e-5,0.09572658000035572
ergo_adaptive,337.33333333333337,0.0001700306415521713,0.09576646637312941
ergo_adaptive,337.41666666666663,7.094974385525658e-5,0.09580473964855091
ergo_adaptive,337.5,0.0002501544063372521,0.09584599198733931
ergo_adaptive,337.58333333333337,0.0002711779601417818,0.0958949181997616
ergo_adaptive,337.66666666666663,0.00011008898344248551,0.09593898534952258
ergo_adaptive,337.75,4.304686732773545e-5,0.09599862275379151
ergo_adaptive,337.83333333333337,8.838084281472474e-5,0.0960461409577178
ergo_adaptive,337.91666666666663,6.827603659964849e-5,0.09605692169212487
ergo_adaptive,338.0,8.375842188596482e-5,0.09605772360876143
ergo_adaptive,338.08333333333337,3.772114680202686e-5,0.09610298114771744
ergo_adaptive,338.16666666666663,5.358605540015361e-5,0.09613711888443222
ergo_adaptive,338.25,9.086445145475229e-5,0.09618429706625571
ergo_adaptive,338.33333333333337,1.457143897412283e-5,0.09623778185325539
ergo_adaptive,338.41666666666663,0.0002417193242492333,0.09628827512693626
ergo_adaptive,338.5,0.0008978548917012525,0.0963411383174243
ergo_adaptive,338.58333333333337,0.001311052008082631,0.09639455361717131
ergo_adaptive,338.66666666666663,0.0007548239964877763,0.09641902026562808
ergo_adaptive,338.75,0.0005450534045836045,0.09642563463979086
ergo_adaptive,338.83333333333337,0.0004928829952610395,0.09649591594926467
ergo_adaptive,338.91666666666663,0.00023977795329676452,0.09656100584569922
ergo_adaptive,339.0,0.0002491751360333236,0.09659119875261515
ergo_adaptive,339.08333333333337,2.482946630277488e-5,0.09658720423177708
ergo_adaptive,339.16666666666663,5.957565984766029e-5,0.0965458193385662
ergo_adaptive,339.25,4.988839693167906e-5,0.09643606091696497
ergo_adaptive,339.33333333333337,0.00017815295482333192,0.09630573534298942
ergo_adaptive,339.41666666666663,0.0003821944660543373,0.09622972910464517
ergo_adaptive,339.5,0.00013069606332046635,0.09614560527200461
ergo_adaptive,339.58333333333337,0.00024394637024451792,0.09615758486133397
ergo_adaptive,339.66666666666663,0.00041152120964387174,0.09624337951950138
ergo_adaptive,339.75,7.587313188268592e-5,0.09632933453968512
ergo_adaptive,339.83333333333337,0.00010469895234100233,0.09640232598060482
ergo_adaptive,339.91666666666663,6.901576920574752e-5,0.0964228097095227
ergo_adaptive,340.0,5.561268573074454e-5,0.09635728906130824
ergo_adaptive,340.08333333333337,0.0,0.09634608694382778
ergo_adaptive,340.16666666666663,0.0,0.09638258268315901
ergo_adaptive,340.25,9.581026330288573e-6,0.0964344612761986
ergo_adaptive,340.33333333333337,0.0,0.09649825805970519
ergo_adaptive,340.41666666666663,4.821066641845212e-6,0.09654452865943254
ergo_adaptive,340.5,2.1215356249133457e-5,0.09657560134398906
ergo_adaptive,340.58333333333337,1.70834946427417e-5,0.09656300580027213
ergo_adaptive,340.66666666666663,0.0002123663167848105,0.096494069072377
ergo_adaptive,340.75,0.000435434289900097,0.09641372897822997
ergo_adaptive,340.83333333333337,0.00031682900321349514,0.09634893033653433
ergo_adaptive,340.91666666666663,0.000156458171689986,0.09632794179826146
ergo_adaptive,341.0,8.802884666917528e-6,0.09636971272551693
ergo_adaptive,341.08333333333337,9.100033613789635e-6,0.09643822462561331
ergo_adaptive,341.16666666666663,1.4752371439141584e-5,0.09649871934978277
ergo_adaptive,341.25,4.463499161468936e-5,0.09654258868817679
ergo_adaptive,341.33333333333337,0.0,0.09656452077730864
ergo_adaptive,341.41666666666663,0.0,0.09662551472726322
ergo_adaptive,341.5,0.0,0.09669787650733785
ergo_adaptive,341.58333333333337,0.0,0.09675569080687531
ergo_adaptive,341.66666666666663,0.0,0.09678746253638086
ergo_adaptive,341.75,0.0,0.09678002970891648
ergo_adaptive,341.83333333333337,0.0,0.09671644280526574
ergo_adaptive,341.91666666666663,2.1835661278819243e-5,0.09660145651298423
ergo_adaptive,342.0,5.171409641823474e-5,0.09658456913715337
ergo_adaptive,342.08333333333337,7.808076665232875e-5,0.09661027690127193
ergo_adaptive,342.16666666666663,0.00024130874809404025,0.09662349871418097
ergo_adaptive,342.25,0.0001203281690876012,0.0966031784735369
ergo_adaptive,342.33333333333337,0.00040390329833153477,0.09660243099007929
ergo_adaptive,342.41666666666663,0.0004382804726846394,0.09659515276764347
ergo_adaptive,342.5,0.00032981298759202814,0.09655891629010727
ergo_adaptive,342.58333333333337,0.0010416196214132283,0.09655890119808909
ergo_adaptive,342.66666666666663,0.002128794064352337,0.0965232151781993
ergo_adaptive,342.75,0.0017465938747451765,0.09647353046859908
ergo_adaptive,342.83333333333337,0.0006447302020225109,0.09637866537389535
ergo_adaptive,342.91666666666663,0.000314804844102663,0.09641520570606299
ergo_adaptive,343.0,0.00028416041563614523,0.09650212664717163
ergo_adaptive,343.08333333333337,0.0005596824688069857,0.09657667325625949
ergo_adaptive,343.16666666666663,0.0005139635915441472,0.09663178670345234
ergo_adaptive,343.25,0.0009058378350370156,0.09666531980269867
ergo_adaptive,343.33333333333337,0.0005361588721990761,0.0966798701890766
ergo_adaptive,343.41666666666663,0.00039630137723637403,0.09669753488973563
ergo_adaptive,343.5,0.00039228669799649794,0.09673887949553231
ergo_adaptive,343.58333333333337,0.0003272439554212296,0.09680145948143255
ergo_adaptive,343.66666666666663,3.9118500994705696e-5,0.09685974249730009
ergo_adaptive,343.75,0.00013584065453535192,0.09691889929794133
ergo_adaptive,343.83333333333337,0.00040727980005025464,0.09696889192893625
ergo_adaptive,343.91666666666663,0.0006494069978781921,0.09699292315688147
ergo_adaptive,344.0,0.0010475213141737136,0.09697878692112608
ergo_adaptive,344.08333333333337,0.0015850966080380017,0.09694109734511926
ergo_adaptive,344.16666666666663,0.0005278408238003087,0.09685331388068605
ergo_adaptive,344.25,0.00013972744699809135,0.09688993448893903
ergo_adaptive,344.33333333333337,6.627544151704674e-5,0.09697622447561015
ergo_adaptive,344.41666666666663,9.76228889149851e-5,0.09704348283677575
ergo_adaptive,344.5,3.329050724714339e-5,0.09707593057939969
ergo_adaptive,344.58333333333337,1.615860332391573e-5,0.09707418367231462
ergo_adaptive,344.66666666666663,3.6307431726522693e-6,0.09704452879180371
ergo_adaptive,344.75,0.0,0.09698854520574882
ergo_adaptive,344.83333333333337,1.495225611169035e-5,0.09699636011550682
ergo_adaptive,344.91666666666663,1.9138720191545525e-5,0.09699604186434943
ergo_adaptive,345.0,2.929478797493865e-5,0.09694957303602104
ergo_adaptive,345.08333333333337,2.2334363473741316e-5,0.09686044396810471
ergo_adaptive,345.16666666666663,4.071034468633387e-5,0.09675735058402876
ergo_adaptive,345.25,2.2786080287885652e-5,0.0966586296721655
ergo_adaptive,345.33333333333337,0.00017841821111678243,0.09653872768409176
ergo_adaptive,345.41666666666663,1.4817931574000104e-5,0.09638446254827976
ergo_adaptive,345.5,0.00037870676293014395,0.09621004291504465
ergo_adaptive,345.58333333333337,0.00048340179036841324,0.09600733543136199
ergo_adaptive,345.66666666666663,0.0010736127661909627,0.09585868977753018
ergo_adaptive,345.75,0.0004030375607756074,0.09578126209920014
ergo_adaptive,345.83333333333337,0.00025919294601580746,0.09577490262638882
ergo_adaptive,345.91666666666663,4.933176792330898e-5,0.09582062310191482
ergo_adaptive,346.0,7.076621471104154e-5,0.09590235809443587
ergo_adaptive,346.08333333333337,7.776806470619149e-5,0.09599378670822296
ergo_adaptive,346.16666666666663,0.00014188503559056905,0.09608087089877228
ergo_adaptive,346.25,5.887123204273762e-5,0.09614871412023179
ergo_adaptive,346.33333333333337,6.010070520862511e-5,0.09618169301701948
ergo_adaptive,346.41666666666663,2.013341589921454e-5,0.09618234454516388
ergo_adaptive,346.5,8.23932004828154e-5,0.09623112251668993
ergo_adaptive,346.58333333333337,3.0089842725390247e-5,0.09630489818646644
ergo_adaptive,346.66666666666663,1.1345690685169764e-5,0.09638853537074307
ergo_adaptive,346.75,0.0001309093018212165,0.09646254740624444
ergo_adaptive,346.83333333333337,0.0002517974869316077,0.0965045384693025
ergo_adaptive,346.91666666666663,9.075931754726721e-5,0.09648444928007589
ergo_adaptive,347.0,2.59959838893805e-5,0.09651844628075824
ergo_adaptive,347.08333333333337,0.0,0.0966009272797961
ergo_adaptive,347.16666666666663,0.0,0.09668955246214875
ergo_adaptive,347.25,0.0,0.0967446056114471
ergo_adaptive,347.33333333333337,0.0,0.0967609918647361
ergo_adaptive,347.41666666666663,0.0,0.09675164591371165
ergo_adaptive,347.5,0.0,0.09673733175249395
ergo_adaptive,347.58333333333337,0.0,0.09670773139978221
ergo_adaptive,347.66666666666663,0.0,0.09664957767680882
ergo_adaptive,347.75,0.0,0.09657911447295409
ergo_adaptive,347.83333333333337,0.0,0.09651876139715969
ergo_adaptive,347.91666666666663,7.133921950031999e-6,0.096403253122408
ergo_adaptive,348.0,2.91427027757686e-5,0.09640558858408996
ergo_adaptive,348.08333333333337,1.4347288397355146e-5,0.09646675186570094
ergo_adaptive,348.16666666666663,2.466200843340061e-5,0.09652607195455125
ergo_adaptive,348.25,0.00010574394961468243,0.09657000954699
ergo_adaptive,348.33333333333337,1.9368956881699587e-5,0.09659904115363087
ergo_adaptive,348.41666666666663,3.0779174923213946e-5,0.0966173490998747
ergo_adaptive,348.5,6.072426507384641e-5,0.09662358910116409
ergo_adaptive,348.58333333333337,0.0002815859258478854,0.09661220950838979
ergo_adaptive,348.66666666666663,0.0003937241526417492,0.09657591930209052
ergo_adaptive,348.75,6.786130537546245e-5,0.09651854939900258
ergo_adaptive,348.83333333333337,0.00018664831146829723,0.09648781314285679
ergo_adaptive,348.91666666666663,0.0002228506336520377,0.09644971564585496
ergo_adaptive,349.0,0.00021743842172202934,0.09636600557487292
ergo_adaptive,349.08333333333337,0.0008076853086669245,0.09637017165124173
ergo_adaptive,349.16666666666663,0.0008408104438515074,0.0963837116952802
ergo_adaptive,349.25,0.0006640017368873503,0.09636627628668658
ergo_adaptive,349.33333333333337,0.0004813579149479733,0.09636477701830194
ergo_adaptive,349.41666666666663,0.000325066844464665,0.09644014914858316
ergo_adaptive,349.5,0.0002617016421104085,0.09652316085375434
ergo_adaptive,349.58333333333337,5.451493785897202e-5,0.09658359637890167
ergo_adaptive,349.66666666666663,3.808662129064095e-5,0.09662005798331469
ergo_adaptive,349.75,0.00032177115805462743,0.0966188723180062
ergo_adaptive,349.83333333333337,0.0007269132806324788,0.09657891964506186
ergo_adaptive,349.91666666666663,0.0009213007217740261,0.09658457120212637
ergo_adaptive,350.0,0.0004848641284246641,0.09660751373528166
ergo_adaptive,350.08333333333337,0.0008990853570675097,0.09664000087456658
ergo_adaptive,350.16666666666663,0.0010073749655687368,0.0966861182869512
ergo_adaptive,350.25,0.0006523798718508232,0.09675143333684248
ergo_adaptive,350.33333333333337,0.0011433673194789571,0.0968198354190386
ergo_adaptive,350.41666666666663,0.0009207402321407034,0.09689804600683977
ergo_adaptive,350.5,0.0013821897628953249,0.09696500301028757
ergo_adaptive,350.58333333333337,0.0008897809767011536,0.09703635613902205
ergo_adaptive,350.66666666666663,0.0006511944887699875,0.09710480155482694
ergo_adaptive,350.75,0.000791312653497183,0.0971200625566542
ergo_adaptive,350.83333333333337,0.0005529280689410479,0.09711743981846413
ergo_adaptive,350.91666666666663,1.563453890311838e-5,0.09710851967648465
ergo_adaptive,351.0,0.0,0.09716410240416658
ergo_adaptive,351.08333333333337,0.0,0.09723714726193954
ergo_adaptive,351.16666666666663,8.294508303997042e-6,0.09728228539642583
ergo_adaptive,351.25,8.944274797997945e-6,0.09729064549249405
ergo_adaptive,351.33333333333337,0.00021191423014513096,0.09727271114947926
ergo_adaptive,351.41666666666663,0.00019360473737544851,0.09724873699932439
ergo_adaptive,351.5,0.0003006160015623419,0.09723077568466024
ergo_adaptive,351.58333333333337,0.00033195576424091083,0.09719651920818011
ergo_adaptive,351.66666666666663,3.729918988242749e-5,0.09713675666571554
ergo_adaptive,351.75,9.612700996840888e-5,0.09714292920950314
ergo_adaptive,351.83333333333337,0.00019100372157777835,0.09720103201311248
ergo_adaptive,351.91666666666663,5.969259329757311e-5,0.0972803865605895
ergo_adaptive,352.0,0.00018624478984453745,0.09735548984760842
ergo_adaptive,352.08333333333337,0.00019525639240988634,0.09741250712165617
ergo_adaptive,352.16666666666663,0.00011564320473570882,0.09744708945816584
ergo_adaptive,352.25,7.554840642003257e-5,0.09746503921722473
ergo_adaptive,352.33333333333337,1.1559480060293227e-5,0.09746114954611643
ergo_adaptive,352.41666666666663,9.904984690715844e-7,0.09748497358761282
ergo_adaptive,352.5,7.281337425413613e-6,0.09755458559828012
ergo_adaptive,352.58333333333337,9.09379795922161e-6,0.09762307801516178
ergo_adaptive,352.66666666666663,7.101437064734235e-5,0.09767408372853789
ergo_adaptive,352.75,0.0002716867411172791,0.09770910093874685
ergo_adaptive,352.83333333333337,0.00012412449861562647,0.09773379795119394
ergo_adaptive,352.91666666666663,0.0002750801714820835,0.09772490409463165
ergo_adaptive,353.0,8.109279203634236e-5,0.09768198456250284
ergo_adaptive,353.08333333333337,0.0002455927790899941,0.09768929478993978
ergo_adaptive,353.16666666666663,0.00029781743933117926,0.09771420084898996
ergo_adaptive,353.25,0.00015223211357639162,0.09770686231600409
ergo_adaptive,353.33333333333337,1.528680890057922e-5,0.09773877687660386
ergo_adaptive,353.41666666666663,1.163361663585769e-5,0.0978026257751958
ergo_adaptive,353.5,1.2432543287367024e-5,0.09787419700127653
ergo_adaptive,353.58333333333337,3.713176184729432e-5,0.09792299758439406
ergo_adaptive,353.66666666666663,2.7925386065896294e-6,0.0979372955278798
ergo_adaptive,353.75,5.216827846445177e-6,0.09794139154690704
ergo_adaptive,353.83333333333337,0.0,0.0979359396256489
ergo_adaptive,353.91666666666663,0.0,0.0979663910701313
ergo_adaptive,354.0,0.0,0.09801109431058849
ergo_adaptive,354.08333333333337,0.0,0.09805093475680669
ergo_adaptive,354.16666666666663,0.0,0.09807487183372529
ergo_adaptive,354.25,0.0,0.09806825196691665
ergo_adaptive,354.33333333333337,0.0,0.09801886052788165
ergo_adaptive,354.41666666666663,0.0,0.09792716607038529
ergo_adaptive,354.5,0.0,0.09780293400309384
ergo_adaptive,354.58333333333337,0.0,0.09763959983401486
ergo_adaptive,354.66666666666663,0.0,0.09742307051744256
ergo_adaptive,354.75,0.0,0.09715850895112568
ergo_adaptive,354.83333333333337,0.0,0.09687774180160039
ergo_adaptive,354.91666666666663,0.0,0.0966023707124447
ergo_adaptive,355.0,0.0,0.09631419155585699
ergo_adaptive,355.08333333333337,0.0,0.09599626218184426
ergo_adaptive,355.16666666666663,2.211520626835866e-8,0.09567259403175728
ergo_adaptive,355.25,3.12165934782709e-5,0.09559550038142012
ergo_adaptive,355.33333333333337,1.4078274504490397e-5,0.09562222727840583
ergo_adaptive,355.41666666666663,3.4378996585536685e-5,0.095689871224295
ergo_adaptive,355.5,8.379205811795472e-7,0.09576143390759861
ergo_adaptive,355.58333333333337,0.0,0.09588515248456815
ergo_adaptive,355.66666666666663,2.5495102434431826e-5,0.09602292644849583
ergo_adaptive,355.75,0.00015690644810433194,0.09615834943243746
ergo_adaptive,355.83333333333337,0.00017001142327869543,0.09623968743631603
ergo_adaptive,355.91666666666663,5.9476885745144405e-6,0.09625793770449348
ergo_adaptive,356.0,4.854144562518768e-5,0.09623905748056055
ergo_adaptive,356.08333333333337,1.3541689087988235e-5,0.09622781609700788
ergo_adaptive,356.16666666666663,3.191843214406454e-5,0.09621003046703493
ergo_adaptive,356.25,9.255535357513989e-7,0.09625797882707594
ergo_adaptive,356.33333333333337,1.102357826906021e-6,0.09631021364177164
ergo_adaptive,356.41666666666663,5.285042828229756e-5,0.09637812325347077
ergo_adaptive,356.5,0.0003758409003848506,0.09644413819323203
ergo_adaptive,356.58333333333337,0.00043693343352485395,0.09650160385081577
ergo_adaptive,356.66666666666663,0.00045090864091135293,0.09655920911804541
ergo_adaptive,356.75,0.0004947659256556551,0.09657345857219014
ergo_adaptive,356.83333333333337,0.0003623591874228981,0.09652004723226021
ergo_adaptive,356.91666666666663,0.0001797943751027032,0.09654960316174652
ergo_adaptive,357.0,0.00030611260151778186,0.0966369139452178
ergo_adaptive,357.08333333333337,5.1714213067789296e-5,0.09671904420666365
ergo_adaptive,357.16666666666663,8.671127617174222e-5,0.09679345274723848
ergo_adaptive,357.25,1.5235991136107747e-5,0.09683965674973122
ergo_adaptive,357.33333333333337,5.855932608921761e-7,0.09687821154283698
ergo_adaptive,357.41666666666663,0.0,0.09687846341738789
ergo_adaptive,357.5,0.0,0.09691473709656877
ergo_adaptive,357.58333333333337,0.0,0.09698160600533846
ergo_adaptive,357.66666666666663,1.968107879913984e-5,0.09704839992736497
ergo_adaptive,357.75,5.434357207924303e-5,0.09713198348619538
ergo_adaptive,357.83333333333337,0.0001520094604399441,0.09721208405046361
ergo_adaptive,357.91666666666663,0.00029314535716274125,0.09722858207323164
ergo_adaptive,358.0,0.00015306667831672285,0.09713026369588162
ergo_adaptive,358.08333333333337,5.5679926314298995e-5,0.09715595326628682
ergo_adaptive,358.16666666666663,3.644854252290779e-5,0.09726417503393592
ergo_adaptive,358.25,7.688451017112758e-6,0.09734860974138518
ergo_adaptive,358.33333333333337,1.2051613573174197e-5,0.09743821212316969
ergo_adaptive,358.41666666666663,0.0001671040991283431,0.09748187374869721
ergo_adaptive,358.5,0.00038401364247471985,0.09745946172052097
ergo_adaptive,358.58333333333337,0.0003045177213825533,0.09738623618706005
ergo_adaptive,358.66666666666663,0.0003217410376442707,0.0973223367687308
ergo_adaptive,358.75,9.852407500777055e-5,0.09727005426959502
ergo_adaptive,358.83333333333337,0.00023511162222155667,0.09729369144983585
ergo_adaptive,358.91666666666663,0.00035104552360125103,0.09735867340842652
ergo_adaptive,359.0,0.00018627295095918295,0.0974421491699934
ergo_adaptive,359.08333333333337,0.00023403620611061997,0.09749793012195355
ergo_adaptive,359.16666666666663,1.0079404621304618e-5,0.09754906078833496
ergo_adaptive,359.25,8.513503144882732e-5,0.09758923841275893
ergo_adaptive,359.33333333333337,0.00032402454626686655,0.09758754859608702
ergo_adaptive,359.41666666666663,0.00037255453181032346,0.09755237789153312
ergo_adaptive,359.5,0.00017582261238306275,0.09748846973808752
ergo_adaptive,359.58333333333337,0.00019801896672846483,0.09749574000615281
ergo_adaptive,359.66666666666663,0.0001159151806635677,0.09755004978309673
ergo_adaptive,359.75,7.398617202030073e-5,0.09760061344746
ergo_adaptive,359.83333333333337,0.0003591019062968904,0.09762139809631375
ergo_adaptive,359.91666666666663,0.0006060945388000874,0.09764540665995032
ergo_adaptive,360.0,0.0006204962173970883,0.09767278984435697
