strategy,mission_minutes,estimated_target_deficit,ground_truth_target_deficit
ergo_adaptive,0.0,0.04033865931111953,0.11905974690476614
ergo_adaptive,0.08333333333337123,0.04864006619285575,0.11446750429675048
ergo_adaptive,0.16666666666662877,0.04767784515512915,0.11326899874424881
ergo_adaptive,0.25,0.04566009787766018,0.11265692914388747
ergo_adaptive,0.33333333333337123,0.05126846585933035,0.11221976249339267
ergo_adaptive,0.41666666666662877,0.05712372663504358,0.1118622110199557
ergo_adaptive,0.5,0.056312821758033614,0.11155754506434011
ergo_adaptive,0.5833333333333712,0.06048485836566451,0.11130065480461468
ergo_adaptive,0.6666666666666288,0.06711172076350914,0.11109302288304342
ergo_adaptive,0.75,0.06787917314892482,0.11093861889072348
ergo_adaptive,0.8333333333333712,0.06703816341161536,0.11083805978404371
ergo_adaptive,0.9166666666666288,0.0714852467266804,0.11073529599440275
ergo_adaptive,1.0,0.06812197121250059,0.11056726552784164
ergo_adaptive,1.0833333333333712,0.06486661977768637,0.11033795689658872
ergo_adaptive,1.1666666666666288,0.07228626954467925,0.11007308092210846
ergo_adaptive,1.25,0.07366499842783361,0.10980576332758761
ergo_adaptive,1.3333333333333712,0.07395388183327095,0.10956999953405351
ergo_adaptive,1.4166666666666288,0.06559373647683372,0.10938738614714524
ergo_adaptive,1.5,0.06163362885776449,0.10927091685933588
ergo_adaptive,1.5833333333333712,0.06861950692618343,0.10915966004270129
ergo_adaptive,1.6666666666666288,0.07546044606153539,0.10898233432020502
ergo_adaptive,1.75,0.07587614142664745,0.10874709949816508
ergo_adaptive,1.8333333333333712,0.07421496135847282,0.10848486783423518
ergo_adaptive,1.9166666666666288,0.061002565244383765,0.10823277398540254
ergo_adaptive,2.0,0.05815441707880082,0.10802181956871759
ergo_adaptive,2.0833333333333712,0.06260408618653437,0.10786624084755897
ergo_adaptive,2.1666666666666288,0.06479865601828032,0.10773326342278844
ergo_adaptive,2.25,0.061941653395038036,0.10754948399216094
ergo_adaptive,2.3333333333333712,0.06050151417682173,0.10730990365349054
ergo_adaptive,2.4166666666666288,0.06158538264259102,0.10704544458051778
ergo_adaptive,2.5,0.06815715985964839,0.10679591549807514
ergo_adaptive,2.5833333333333712,0.06624711764261515,0.10659125076680422
ergo_adaptive,2.6666666666666288,0.06798654262629025,0.10643160469783754
ergo_adaptive,2.75,0.07033416618144465,0.10626389783388139
ergo_adaptive,2.8333333333333712,0.07133443969200709,0.1060505939526466
ergo_adaptive,2.9166666666666288,0.06864784366630625,0.10580606735541777
ergo_adaptive,3.0,0.07447501295438129,0.10556525988668666
ergo_adaptive,3.0833333333333712,0.08482359454380593,0.10535711490382646
ergo_adaptive,3.1666666666666288,0.08002891324532628,0.10517980788431652
ergo_adaptive,3.25,0.08259233380959749,0.10500696097580248
ergo_adaptive,3.3333333333333712,0.08031240629542669,0.1048123949008635
ergo_adaptive,3.4166666666666288,0.07492308392680948,0.10460386411786161
ergo_adaptive,3.5,0.07827841116156802,0.10440568430068319
ergo_adaptive,3.5833333333333712,0.06846047343255596,0.10423371183853013
ergo_adaptive,3.6666666666666288,0.07777009672789702,0.10408460983737357
ergo_adaptive,3.75,0.0811391692959907,0.10394598400811815
ergo_adaptive,3.8333333333333712,0.08583288929650151,0.10381151188302103
ergo_adaptive,3.9166666666666288,0.08415504141406635,0.10368390620337264
ergo_adaptive,4.0,0.09019998564486502,0.10358080515368077
ergo_adaptive,4.083333333333371,0.08733682272586175,0.1035216141638903
ergo_adaptive,4.166666666666629,0.08692121588210928,0.10350480459723897
ergo_adaptive,4.25,0.04775757813297407,0.10345970259879124
ergo_adaptive,4.333333333333371,0.028170070873376044,0.10339544043987756
ergo_adaptive,4.416666666666629,0.022082628647590204,0.10331574632762557
ergo_adaptive,4.5,0.019041709725561795,0.10322226078444062
ergo_adaptive,4.583333333333371,0.01723234943133164,0.10311365663981559
ergo_adaptive,4.666666666666629,0.017226978361796565,0.10297246297705272
ergo_adaptive,4.75,0.015833510130463586,0.10277404737131592
ergo_adaptive,4.833333333333371,0.015524185786026995,0.10253711975542956
ergo_adaptive,4.916666666666629,0.025723394035225777,0.10230703862420934
ergo_adaptive,5.0,0.03597726211221718,0.10208027413157891
ergo_adaptive,5.083333333333371,0.04608053725016748,0.10177837695899672
ergo_adaptive,5.166666666666629,0.05225405491045589,0.10140743639347319
ergo_adaptive,5.25,0.05902253952942957,0.10102305160933832
ergo_adaptive,5.333333333333371,0.05925936129166714,0.10065124167361415
ergo_adaptive,5.416666666666629,0.06327060365434557,0.10029012826813062
ergo_adaptive,5.5,0.06276898449562883,0.0999307774441937
ergo_adaptive,5.583333333333371,0.0598204557607486,0.09955436901836867
ergo_adaptive,5.666666666666629,0.06045461472343097,0.09918079522482263
ergo_adaptive,5.75,0.06232753557477151,0.09886578269791182
ergo_adaptive,5.833333333333371,0.06004548773196134,0.09857073973697554
ergo_adaptive,5.916666666666629,0.057229161576477346,0.09818555563074145
ergo_adaptive,6.0,0.05422107942618009,0.09775142839193961
ergo_adaptive,6.083333333333371,0.05364892018853502,0.0973454026835123
ergo_adaptive,6.166666666666629,0.05526921680530871,0.09698999735570055
ergo_adaptive,6.25,0.056853689109690984,0.09663746682912963
ergo_adaptive,6.333333333333371,0.05789744192958475,0.09626069545454481
ergo_adaptive,6.416666666666629,0.05895031142285309,0.09588495227999506
ergo_adaptive,6.5,0.05861993576870841,0.09554375758922555
ergo_adaptive,6.583333333333371,0.05754809330448568,0.09522298474534346
ergo_adaptive,6.666666666666629,0.05608766271129436,0.09488899091526908
ergo_adaptive,6.75,0.05228483564094307,0.09454873812273878
ergo_adaptive,6.833333333333371,0.05154925226890218,0.09423731193606588
ergo_adaptive,6.916666666666629,0.049848798696358526,0.0939586005653825
ergo_adaptive,7.0,0.051133235150207124,0.09367518324165007
ergo_adaptive,7.083333333333371,0.054911461131110506,0.09337441908190144
ergo_adaptive,7.166666666666629,0.05423040038879669,0.09309359594578867
ergo_adaptive,7.25,0.054239133665323215,0.09287336295949404
ergo_adaptive,7.333333333333371,0.056645577755161804,0.09267067492368182
ergo_adaptive,7.416666666666629,0.054950459321224505,0.09240949269833898
ergo_adaptive,7.5,0.0553654522683829,0.09212710580923453
ergo_adaptive,7.583333333333371,0.05701685383519673,0.09187055998456232
ergo_adaptive,7.666666666666629,0.05586937217832163,0.09162912792931341
ergo_adaptive,7.75,0.05409822170991587,0.09139122342195677
ergo_adaptive,7.833333333333371,0.050117898206597754,0.09117249442896627
ergo_adaptive,7.916666666666629,0.05051829710351753,0.09096360464700966
ergo_adaptive,8.0,0.051978937089625254,0.09074235277865562
ergo_adaptive,8.083333333333371,0.05355013956823576,0.09050019029595072
ergo_adaptive,8.166666666666629,0.05146611348317735,0.09025919004476136
ergo_adaptive,8.25,0.04983352879636993,0.0900439668713558
ergo_adaptive,8.333333333333371,0.04914924590419383,0.08984687528642107
ergo_adaptive,8.416666666666629,0.05171585879289161,0.08963433435898574
ergo_adaptive,8.5,0.0525433095520768,0.08940174698093166
ergo_adaptive,8.583333333333371,0.05469344978911728,0.08918270056206308
ergo_adaptive,8.666666666666629,0.05190751254638691,0.08898747779952992
ergo_adaptive,8.75,0.05241774133918062,0.0887768549946757
ergo_adaptive,8.833333333333371,0.05287256260674649,0.08853699357317482
ergo_adaptive,8.916666666666629,0.05287398666273563,0.08829575365905662
ergo_adaptive,9.0,0.0510802360273977,0.08807869633187117
ergo_adaptive,9.083333333333371,0.054519326245753216,0.08786185272309893
ergo_adaptive,9.166666666666629,0.053612874102207796,0.08761720786819747
ergo_adaptive,9.25,0.05053256891569558,0.08736171560029271
ergo_adaptive,9.333333333333371,0.04736624715181381,0.08712459818329067
ergo_adaptive,9.416666666666629,0.04731040816889634,0.08689824667728933
ergo_adaptive,9.5,0.0507746224467528,0.08665236520565277
ergo_adaptive,9.583333333333371,0.049794745299909196,0.08638795977461047
ergo_adaptive,9.666666666666629,0.05035793346302195,0.08613389771542436
ergo_adaptive,9.75,0.05076159643089531,0.08589895319069846
ergo_adaptive,9.833333333333371,0.04901380774765809,0.08565566241138836
ergo_adaptive,9.916666666666629,0.04723057321223768,0.08538720790400324
ergo_adaptive,10.0,0.05003777993578901,0.08511789117204892
ergo_adaptive,10.083333333333371,0.052559633440670335,0.08487575950168683
ergo_adaptive,10.166666666666629,0.05535676184277786,0.08463937839863667
ergo_adaptive,10.25,0.05531551879433978,0.08437172339495884
ergo_adaptive,10.333333333333371,0.05926717618857046,0.08408818335421508
ergo_adaptive,10.416666666666629,0.05505259399880119,0.08384249978921951
ergo_adaptive,10.5,0.05358831117040848,0.08363366606721377
ergo_adaptive,10.583333333333371,0.055519549795760494,0.08337197873093033
ergo_adaptive,10.666666666666629,0.057012721772121806,0.08305492819379179
ergo_adaptive,10.75,0.05450791228051622,0.08276936781105287
ergo_adaptive,10.833333333333371,0.05149675516079891,0.08257615411027248
ergo_adaptive,10.916666666666629,0.05464528667016619,0.08231975549944943
ergo_adaptive,11.0,0.053114289553451696,0.0819682247287448
ergo_adaptive,11.083333333333371,0.050186283964945066,0.08162026808419791
ergo_adaptive,11.166666666666629,0.051349328953150176,0.08136977476038842
ergo_adaptive,11.25,0.05064761158467382,0.0811281711783374
ergo_adaptive,11.333333333333371,0.04855302824182617,0.08078293497146137
ergo_adaptive,11.416666666666629,0.04667821392505719,0.08040872489209218
ergo_adaptive,11.5,0.04809639929982933,0.08011559423481267
ergo_adaptive,11.583333333333371,0.04750876674986835,0.07990324355398082
ergo_adaptive,11.666666666666629,0.05026017524616237,0.07958382882261691
ergo_adaptive,11.75,0.054125189259161884,0.0792003251588259
ergo_adaptive,11.833333333333371,0.0552378157431873,0.07886789853363761
ergo_adaptive,11.916666666666629,0.056477338624142844,0.07865277836846753
ergo_adaptive,12.0,0.060000426725947,0.07838184142211123
ergo_adaptive,12.083333333333371,0.05580698081821404,0.07801735760619598
ergo_adaptive,12.166666666666629,0.058772426860281377,0.07766110862325858
ergo_adaptive,12.25,0.05914582240807176,0.07740030811459392
ergo_adaptive,12.333333333333371,0.06111938690489827,0.07715930195633951
ergo_adaptive,12.416666666666629,0.06343882063469916,0.07683233757347535
ergo_adaptive,12.5,0.06618767522055652,0.07647955905931034
ergo_adaptive,12.583333333333371,0.06143228369668746,0.07618715319870097
ergo_adaptive,12.666666666666629,0.05543239469237969,0.07594704279361328
ergo_adaptive,12.75,0.05681337888791031,0.07567681308347253
ergo_adaptive,12.833333333333371,0.061200226429220766,0.07536563964666408
ergo_adaptive,12.916666666666629,0.059614441162844374,0.07508785336952939
ergo_adaptive,13.0,0.059980626158213333,0.07488909444278766
ergo_adaptive,13.083333333333371,0.06332912140290896,0.07467583016254524
ergo_adaptive,13.166666666666629,0.0619808521767219,0.07439152999510892
ergo_adaptive,13.25,0.05776407512373797,0.07411545688169162
ergo_adaptive,13.333333333333371,0.06060677111182641,0.07394265471146488
ergo_adaptive,13.416666666666629,0.06079680359298308,0.07379796837430193
ergo_adaptive,13.5,0.06167146916427036,0.07355923207938037
ergo_adaptive,13.583333333333371,0.06334738165901245,0.07329226691466138
ergo_adaptive,13.666666666666629,0.058901634860138344,0.07309337822337947
ergo_adaptive,13.75,0.06093195162715103,0.07296326979563238
ergo_adaptive,13.833333333333371,0.06336657634034745,0.07278171323402297
ergo_adaptive,13.916666666666629,0.06558080982329134,0.07255436945915511
ergo_adaptive,14.0,0.06871168458321811,0.07236001021072196
ergo_adaptive,14.083333333333371,0.06932272633606026,0.07224675220836826
ergo_adaptive,14.166666666666629,0.06460032995069237,0.07213351869314226
ergo_adaptive,14.25,0.06691890194217366,0.07195448009323319
ergo_adaptive,14.333333333333371,0.06471062524272672,0.07177796881530515
ergo_adaptive,14.416666666666629,0.06552036158506935,0.07168783079935695
ergo_adaptive,14.5,0.06931790210898411,0.07163470928935499
ergo_adaptive,14.583333333333371,0.06955505879325848,0.07150296206529053
ergo_adaptive,14.666666666666629,0.0705664383647998,0.07134721977544897
ergo_adaptive,14.75,0.07201905077179752,0.07125581598514896
ergo_adaptive,14.833333333333371,0.07438818193373184,0.07124532400633742
ergo_adaptive,14.916666666666629,0.0729466187846864,0.071198280077138
ergo_adaptive,15.0,0.07292244349365577,0.07111084657038971
ergo_adaptive,15.083333333333371,0.07260606574505507,0.07105306333242264
ergo_adaptive,15.166666666666629,0.07363464116873546,0.07106496075736221
ergo_adaptive,15.25,0.07253062621131891,0.07107679188701534
ergo_adaptive,15.333333333333371,0.07353569407670955,0.07105739349266818
ergo_adaptive,15.416666666666629,0.07115461051115377,0.07103851372612631
ergo_adaptive,15.5,0.07267504491565752,0.0710384327964885
ergo_adaptive,15.583333333333371,0.07521077345544515,0.07104983910590484
ergo_adaptive,15.666666666666629,0.07318772226093796,0.07104835730400239
ergo_adaptive,15.75,0.07279363818320518,0.07103142502127015
ergo_adaptive,15.833333333333371,0.07725691251108172,0.07103360732209209
ergo_adaptive,15.916666666666629,0.07509720409081251,0.07106814560918308
ergo_adaptive,16.0,0.07670137042331926,0.07109544085030697
ergo_adaptive,16.08333333333337,0.07524847144055302,0.07109027007136365
ergo_adaptive,16.16666666666663,0.07621966923470284,0.07109222800417163
ergo_adaptive,16.25,0.07683444256253166,0.07115204432615566
ergo_adaptive,16.33333333333337,0.07835520906168664,0.07121100555578688
ergo_adaptive,16.41666666666663,0.0787224801466768,0.07121093787439225
ergo_adaptive,16.5,0.0808131441341466,0.07119921066075514
ergo_adaptive,16.58333333333337,0.07889231976023522,0.07122336523168474
ergo_adaptive,16.66666666666663,0.07826501821009921,0.07127588303431139
ergo_adaptive,16.75,0.07965714428324325,0.07132779462650343
ergo_adaptive,16.83333333333337,0.07749037618941339,0.07137444214750886
ergo_adaptive,16.91666666666663,0.07477647974951745,0.07143803699377888
ergo_adaptive,17.0,0.07544583720083371,0.07153014876557105
ergo_adaptive,17.08333333333337,0.07596396155854404,0.0716409816685706
ergo_adaptive,17.16666666666663,0.0731139616105262,0.07175888626546421
ergo_adaptive,17.25,0.07637417728332105,0.07188757597468654
ergo_adaptive,17.33333333333337,0.07731065473119461,0.07204342768754772
ergo_adaptive,17.41666666666663,0.07702542548464146,0.07222780986412605
ergo_adaptive,17.5,0.07873466713980935,0.07241946029568018
ergo_adaptive,17.58333333333337,0.07898557444626234,0.07260428636727388
ergo_adaptive,17.66666666666663,0.07666682303475932,0.07280574759559005
ergo_adaptive,17.75,0.07726902975133454,0.07304065873643634
ergo_adaptive,17.83333333333337,0.05088158620890136,0.07328934577358846
ergo_adaptive,17.91666666666663,0.04908154155735004,0.07353542450273517
ergo_adaptive,18.0,0.054783760604887606,0.07374251804786425
ergo_adaptive,18.08333333333337,0.05710194340296333,0.07389561496906498
ergo_adaptive,18.16666666666663,0.058611829477897115,0.07400507153678815
ergo_adaptive,18.25,0.05990499966320484,0.07409080546027962
ergo_adaptive,18.33333333333337,0.06018687024445582,0.07417367560163145
ergo_adaptive,18.41666666666663,0.059197388516686496,0.07425359817459168
ergo_adaptive,18.5,0.059821464552098906,0.07430703561196361
ergo_adaptive,18.58333333333337,0.06142069670551415,0.07433586449063444
ergo_adaptive,18.66666666666663,0.06223580475441752,0.0743551447944581
ergo_adaptive,18.75,0.058531099580523265,0.07437714381052378
ergo_adaptive,18.83333333333337,0.05865109314872304,0.07442213338625624
ergo_adaptive,18.91666666666663,0.05944176222613178,0.07449152685222882
ergo_adaptive,19.0,0.06085871888964599,0.07452664267022258
ergo_adaptive,19.08333333333337,0.05803349558627532,0.0745157492742246
ergo_adaptive,19.16666666666663,0.05713043927081699,0.07449295647034185
ergo_adaptive,19.25,0.057522681565939884,0.07448636357788047
ergo_adaptive,19.33333333333337,0.05946759742723041,0.0745126118519487
ergo_adaptive,19.41666666666663,0.05785568386941303,0.07455951198531065
ergo_adaptive,19.5,0.05868549058915174,0.07457012644720083
ergo_adaptive,19.58333333333337,0.05867510708349512,0.07453947312178173
ergo_adaptive,19.66666666666663,0.05815874463672541,0.07450625546518085
ergo_adaptive,19.75,0.059015993417404884,0.07447881722600995
ergo_adaptive,19.83333333333337,0.05935729017076032,0.07443894369798139
ergo_adaptive,19.91666666666663,0.05884183314243128,0.07437936040979759
ergo_adaptive,20.0,0.05983827932088423,0.07430452456406425
ergo_adaptive,20.08333333333337,0.05669438622837584,0.07423960992349742
ergo_adaptive,20.16666666666663,0.05908222357338841,0.07421849017260651
ergo_adaptive,20.25,0.060188972585127155,0.07418165620592222
ergo_adaptive,20.33333333333337,0.06162242450707886,0.07404095621753874
ergo_adaptive,20.41666666666663,0.06370634100545823,0.07383127671283998
ergo_adaptive,20.5,0.0600869014201309,0.0736051545514254
ergo_adaptive,20.58333333333337,0.05840813585929917,0.0734058951936009
ergo_adaptive,20.66666666666663,0.058735858308430575,0.07327876477854053
ergo_adaptive,20.75,0.05907784379174928,0.07315443792990974
ergo_adaptive,20.83333333333337,0.058815315570719465,0.07291855343735441
ergo_adaptive,20.91666666666663,0.05804361003761837,0.07262143826894518
ergo_adaptive,21.0,0.05799724132425744,0.07233628098230889
ergo_adaptive,21.08333333333337,0.05967735389630621,0.07209052804039116
ergo_adaptive,21.16666666666663,0.057773043298728795,0.07188506937165505
ergo_adaptive,21.25,0.05789280827955153,0.07170765817756704
ergo_adaptive,21.33333333333337,0.05578534314973563,0.07154527948774461
ergo_adaptive,21.41666666666663,0.05729032913850661,0.07141200574237767
ergo_adaptive,21.5,0.056755759322115254,0.0713400917826514
ergo_adaptive,21.58333333333337,0.05573144951228353,0.07127787132474053
ergo_adaptive,21.66666666666663,0.0573023433640962,0.07118418713332006
ergo_adaptive,21.75,0.05759475392914556,0.07108154295844324
ergo_adaptive,21.83333333333337,0.05549056978203433,0.07099826521500818
ergo_adaptive,21.91666666666663,0.05889633595245442,0.07094584640133482
ergo_adaptive,22.0,0.05815396993257853,0.0709067604231806
ergo_adaptive,22.08333333333337,0.058951202163012924,0.0708573826690467
ergo_adaptive,22.16666666666663,0.056380209494354655,0.07080612241268812
ergo_adaptive,22.25,0.05823571194698981,0.07078411166879567
ergo_adaptive,22.33333333333337,0.05835464310086538,0.07077962835672556
ergo_adaptive,22.41666666666663,0.05991644663806836,0.07074540775868783
ergo_adaptive,22.5,0.0597108275294745,0.0706804695482163
ergo_adaptive,22.58333333333337,0.06073194069227626,0.07063608668517497
ergo_adaptive,22.66666666666663,0.060916530098103175,0.07062392589401194
ergo_adaptive,22.75,0.06004242176847085,0.07057677082376468
ergo_adaptive,22.83333333333337,0.05792455614054182,0.07048122430094264
ergo_adaptive,22.91666666666663,0.05900861542969573,0.07039707620879244
ergo_adaptive,23.0,0.0593924919511703,0.07035973716725935
ergo_adaptive,23.08333333333337,0.06074405460605636,0.07030869505411551
ergo_adaptive,23.16666666666663,0.058214062767186665,0.0701922300243617
ergo_adaptive,23.25,0.05662857454337043,0.07006278293299488
ergo_adaptive,23.33333333333337,0.05676199927803576,0.06998909380252735
ergo_adaptive,23.41666666666663,0.054691830147489226,0.06994472267951309
ergo_adaptive,23.5,0.05225488192157368,0.06990350875499518
ergo_adaptive,23.58333333333337,0.054231037405839046,0.07007403567012832
ergo_adaptive,23.66666666666663,0.05447680352849377,0.07035535540756666
ergo_adaptive,23.75,0.05447271459133063,0.07063408633266649
ergo_adaptive,23.83333333333337,0.05498454079380414,0.07088149413685135
ergo_adaptive,23.91666666666663,0.055047460221629145,0.07110460223186936
ergo_adaptive,24.0,0.053871854616614534,0.07131018022661106
ergo_adaptive,24.08333333333337,0.05428334820129994,0.07151239861680317
ergo_adaptive,24.16666666666663,0.05321263054676167,0.0716920957463142
ergo_adaptive,24.25,0.0542404177717814,0.07182287535872629
ergo_adaptive,24.33333333333337,0.05528380042150031,0.07191875774987404
ergo_adaptive,24.41666666666663,0.05472087872391292,0.07202152004402869
ergo_adaptive,24.5,0.0550718123764661,0.07213566663943889
ergo_adaptive,24.58333333333337,0.05430939984363922,0.07221413828795636
ergo_adaptive,24.66666666666663,0.0538484488277373,0.07226048969482109
ergo_adaptive,24.75,0.05440824563758788,0.07231319325232222
ergo_adaptive,24.83333333333337,0.05583808327508697,0.0724024725447756
ergo_adaptive,24.91666666666663,0.05513527584009207,0.07247026753257645
ergo_adaptive,25.0,0.053703083777036024,0.07250010833135125
ergo_adaptive,25.08333333333337,0.0541537241103686,0.07252790846060374
ergo_adaptive,25.16666666666663,0.05323894779716647,0.07260372278803381
ergo_adaptive,25.25,0.055801454243827556,0.07267932700971359
ergo_adaptive,25.33333333333337,0.05522343089482659,0.0727082832032926
ergo_adaptive,25.41666666666663,0.055114084828051156,0.07271970606143317
ergo_adaptive,25.5,0.05639912988173713,0.07277001173036879
ergo_adaptive,25.58333333333337,0.05616328782317633,0.07285996694839578
ergo_adaptive,25.66666666666663,0.05444698978363502,0.07289098305826555
ergo_adaptive,25.75,0.0536093168448013,0.0728889543775822
ergo_adaptive,25.83333333333337,0.052683361791155556,0.07291252999193394
ergo_adaptive,25.91666666666663,0.05380348723111154,0.07297909353652421
ergo_adaptive,26.0,0.055925904968786716,0.07306458692213547
ergo_adaptive,26.08333333333337,0.05642154403553104,0.07311807284866863
ergo_adaptive,26.16666666666663,0.0549680127418933,0.07312700466033382
ergo_adaptive,26.25,0.05574751910823868,0.07313858983824997
ergo_adaptive,26.33333333333337,0.05570681997359307,0.07319228939261785
ergo_adaptive,26.41666666666663,0.05425086503458006,0.07322216803475926
ergo_adaptive,26.5,0.05579118023254842,0.07321009184347067
ergo_adaptive,26.58333333333337,0.05646497111248331,0.07319070552226235
ergo_adaptive,26.66666666666663,0.05609620185906175,0.07320758982388947
ergo_adaptive,26.75,0.05663305001423714,0.07324538637135979
ergo_adaptive,26.83333333333337,0.056465089712273424,0.07323525161467331
ergo_adaptive,26.91666666666663,0.0554169453429982,0.07319789030288358
ergo_adaptive,27.0,0.05519456545777418,0.07319258203513807
ergo_adaptive,27.08333333333337,0.054331218289522004,0.07321915123823676
ergo_adaptive,27.16666666666663,0.05409643448480739,0.07329316461041999
ergo_adaptive,27.25,0.05554712982009206,0.0734747076951592
ergo_adaptive,27.33333333333337,0.05562826442161048,0.07370931658789698
ergo_adaptive,27.41666666666663,0.055599117677373286,0.07394282111245022
ergo_adaptive,27.5,0.055375334753566534,0.07416194922168792
ergo_adaptive,27.58333333333337,0.05699802271404836,0.07436495096295026
ergo_adaptive,27.66666666666663,0.05757010033018813,0.07454658834771723
ergo_adaptive,27.75,0.05763635770570268,0.07469744041229828
ergo_adaptive,27.83333333333337,0.05619885668067842,0.07482232828733414
ergo_adaptive,27.91666666666663,0.05709035961398987,0.07493259411565015
ergo_adaptive,28.0,0.05626185754024268,0.07502968360586737
ergo_adaptive,28.08333333333337,0.054022140072739665,0.07510532445483387
ergo_adaptive,28.16666666666663,0.05532914722491899,0.07515656702229188
ergo_adaptive,28.25,0.05372540103942312,0.07520156154831745
ergo_adaptive,28.33333333333337,0.05107615808550828,0.07524531646222025
ergo_adaptive,28.41666666666663,0.05291933674626147,0.07526281444668302
ergo_adaptive,28.5,0.05090132106567315,0.07527891690582551
ergo_adaptive,28.58333333333337,0.05051963775879992,0.07528453330211164
ergo_adaptive,28.66666666666663,0.0511992876605346,0.07530538276536776
ergo_adaptive,28.75,0.05326647408308033,0.07533678643919654
ergo_adaptive,28.83333333333337,0.0520640559441404,0.07535080770493205
ergo_adaptive,28.91666666666663,0.05360331077984672,0.07534788166581251
ergo_adaptive,29.0,0.05602199015418189,0.0753448520638228
ergo_adaptive,29.08333333333337,0.05522840610026642,0.07534619566594061
ergo_adaptive,29.16666666666663,0.052875479258618664,0.07533022704903036
ergo_adaptive,29.25,0.05728122022821106,0.07529843698345638
ergo_adaptive,29.33333333333337,0.05723769025915589,0.07525849529130185
ergo_adaptive,29.41666666666663,0.054020655768732155,0.07523584223147248
ergo_adaptive,29.5,0.05405002345701523,0.07520817249845343
ergo_adaptive,29.58333333333337,0.05487889099898663,0.07514706530706462
ergo_adaptive,29.66666666666663,0.052034907575388076,0.07506594472952104
ergo_adaptive,29.75,0.052842468524613787,0.07502219360424066
ergo_adaptive,29.83333333333337,0.054481904968091764,0.07498502740634762
ergo_adaptive,29.91666666666663,0.05419678720002782,0.07490620267364266
ergo_adaptive,30.0,0.051793393150164485,0.07478803837627558
ergo_adaptive,30.08333333333337,0.0544056348829069,0.07465502374644206
ergo_adaptive,30.16666666666663,0.05757511834921132,0.0745356403577924
ergo_adaptive,30.25,0.056464255940062005,0.07446778136213082
ergo_adaptive,30.33333333333337,0.057166436436101684,0.07436318023959301
ergo_adaptive,30.41666666666663,0.05630878729760102,0.07418615137098013
ergo_adaptive,30.5,0.05870543293959789,0.07399259632949791
ergo_adaptive,30.58333333333337,0.05705471677393546,0.07382895203285042
ergo_adaptive,30.66666666666663,0.05660699972093052,0.07369795532293186
ergo_adaptive,30.75,0.05907627169243796,0.07358602875755473
ergo_adaptive,30.83333333333337,0.05634423110400961,0.07347150458011581
ergo_adaptive,30.91666666666663,0.05490180990823184,0.07335214898805993
ergo_adaptive,31.0,0.053392142601195736,0.07325584151993397
ergo_adaptive,31.08333333333337,0.05065703585576396,0.07318297710244774
ergo_adaptive,31.16666666666663,0.050929249423606576,0.07308737980571445
ergo_adaptive,31.25,0.05443476191837977,0.07295266295315808
ergo_adaptive,31.33333333333337,0.05819140560916139,0.07281376278166338
ergo_adaptive,31.41666666666663,0.05846172773117185,0.07270225602259692
ergo_adaptive,31.5,0.05615721340691026,0.07263622492002343
ergo_adaptive,31.58333333333337,0.05720566817893106,0.07258399405233854
ergo_adaptive,31.66666666666663,0.05374894398179457,0.07248688870679554
ergo_adaptive,31.75,0.056261540696194816,0.07236799405189764
ergo_adaptive,31.83333333333337,0.05605487892335032,0.07228991109710156
ergo_adaptive,31.91666666666663,0.054493094589801706,0.07224222274861186
ergo_adaptive,32.0,0.05571186083990114,0.0721460300244729
ergo_adaptive,32.08333333333337,0.0567469757099199,0.07201078748555789
ergo_adaptive,32.16666666666663,0.05622312139835006,0.0719030368519891
ergo_adaptive,32.25,0.054024484188856955,0.07185361144032817
ergo_adaptive,32.33333333333337,0.05366582120601537,0.0717963522613792
ergo_adaptive,32.41666666666663,0.0548023790834854,0.07168462869492398
ergo_adaptive,32.5,0.05876320183898453,0.07156719327885158
ergo_adaptive,32.58333333333337,0.058103642283268156,0.07151144004716348
ergo_adaptive,32.66666666666663,0.05869050255954903,0.07147335641511662
ergo_adaptive,32.75,0.05926065950752934,0.07136141945073311
ergo_adaptive,32.83333333333337,0.05666136299835795,0.07122022451877182
ergo_adaptive,32.91666666666663,0.05621409314606712,0.07111873946189858
ergo_adaptive,33.0,0.05785207436778891,0.07105505494349072
ergo_adaptive,33.08333333333337,0.057525787597169795,0.0709654359834301
ergo_adaptive,33.16666666666663,0.05865587132849419,0.07084036338992879
ergo_adaptive,33.25,0.0567631697635084,0.07072427536996274
ergo_adaptive,33.33333333333337,0.058934480468798636,0.07063672707139086
ergo_adaptive,33.41666666666663,0.057226125805070686,0.0705506234139333
ergo_adaptive,33.5,0.05677473696761419,0.07044171223010355
ergo_adaptive,33.58333333333337,0.0559646027465122,0.07032665017348338
ergo_adaptive,33.66666666666663,0.05730972213398746,0.07022974872690915
ergo_adaptive,33.75,0.056204236922708414,0.07014637700759245
ergo_adaptive,33.83333333333337,0.05655125016474938,0.07004572915944328
ergo_adaptive,33.91666666666663,0.05847441449762056,0.06991831633082289
ergo_adaptive,34.0,0.05929339772897549,0.06979993692166271
ergo_adaptive,34.08333333333337,0.05849755644532717,0.06972314558329619
ergo_adaptive,34.16666666666663,0.05909214082911045,0.06964474798276218
ergo_adaptive,34.25,0.0606590069396243,0.0695149547969923
ergo_adaptive,34.33333333333337,0.058601554311527276,0.06938741550119837
ergo_adaptive,34.41666666666663,0.06048107113388722,0.06933248290221872
ergo_adaptive,34.5,0.059817642026187,0.06931280055434383
ergo_adaptive,34.58333333333337,0.06040593786366988,0.06924163375651049
ergo_adaptive,34.66666666666663,0.061684126611311375,0.06915378670871689
ergo_adaptive,34.75,0.06120815874951445,0.06910468474288582
ergo_adaptive,34.83333333333337,0.060930345204820026,0.06909847970633967
ergo_adaptive,34.91666666666663,0.06134679250020187,0.06909615407360653
ergo_adaptive,35.0,0.06315815650229309,0.06908735952369324
ergo_adaptive,35.08333333333337,0.0635880248453606,0.06910213607858823
ergo_adaptive,35.16666666666663,0.06402593711857878,0.06919110107225608
ergo_adaptive,35.25,0.06371434947031193,0.06935615073548791
ergo_adaptive,35.33333333333337,0.06546956623243284,0.06950279332013183
ergo_adaptive,35.41666666666663,0.06641334661594242,0.06960244376473833
ergo_adaptive,35.5,0.06597237139877972,0.06969788709673233
ergo_adaptive,35.58333333333337,0.06444909604008345,0.06983653276242088
ergo_adaptive,35.66666666666663,0.0643228137804776,0.06997566424467823
ergo_adaptive,35.75,0.06302218493674862,0.0700661702083022
ergo_adaptive,35.83333333333337,0.0646339029745104,0.07029815104732051
ergo_adaptive,35.91666666666663,0.06545731779150003,0.07050778829831138
ergo_adaptive,36.0,0.06455458990043711,0.0706691417464276
ergo_adaptive,36.08333333333337,0.0673920276224718,0.07082381797363799
ergo_adaptive,36.16666666666663,0.06651611341778751,0.07098340811560111
ergo_adaptive,36.25,0.06625209646618786,0.0711139329103479
ergo_adaptive,36.33333333333337,0.06630032312987792,0.07122309204068622
ergo_adaptive,36.41666666666663,0.06723768113949163,0.07141725721634469
ergo_adaptive,36.5,0.06667844950311111,0.07159983379195593
ergo_adaptive,36.58333333333337,0.06900699467833869,0.07184851172409094
ergo_adaptive,36.66666666666663,0.06840565584424835,0.07209339615429865
ergo_adaptive,36.75,0.06779104440685545,0.07232019875613085
ergo_adaptive,36.83333333333337,0.06704362627508982,0.07258569688923136
ergo_adaptive,36.91666666666663,0.06811021369229069,0.0728506736999891
ergo_adaptive,37.0,0.06722160947436492,0.07311318377524448
ergo_adaptive,37.08333333333337,0.07097034583683962,0.07336310593058316
ergo_adaptive,37.16666666666663,0.07194395790508518,0.0736149929960953
ergo_adaptive,37.25,0.07281759279875963,0.07385501623912848
ergo_adaptive,37.33333333333337,0.0719737126649514,0.07405551147445448
ergo_adaptive,37.41666666666663,0.07281814070013247,0.07421865951914763
ergo_adaptive,37.5,0.0727251118185246,0.07437617775106116
ergo_adaptive,37.58333333333337,0.07256470753481123,0.074552532206209
ergo_adaptive,37.66666666666663,0.07591644286774082,0.07474712197317937
ergo_adaptive,37.75,0.07528617918464482,0.07495172961681987
ergo_adaptive,37.83333333333337,0.07709436451160834,0.07516772168016143
ergo_adaptive,37.91666666666663,0.07714993516448204,0.07540388906675155
ergo_adaptive,38.0,0.06475672064665462,0.0756598693528687
ergo_adaptive,38.08333333333337,0.06629572352691372,0.07594069540541923
ergo_adaptive,38.16666666666663,0.0677581292356931,0.07621896246899472
ergo_adaptive,38.25,0.06753447196792965,0.07647612492410417
ergo_adaptive,38.33333333333337,0.06799222309327951,0.07670495433760052
ergo_adaptive,38.41666666666663,0.06870755872622968,0.07690628735807437
ergo_adaptive,38.5,0.0692209508276705,0.07707954185042283
ergo_adaptive,38.58333333333337,0.06812005421222704,0.07720820193248938
ergo_adaptive,38.66666666666663,0.0682222644342253,0.07729049977609646
ergo_adaptive,38.75,0.06784396363601448,0.07735175619648255
ergo_adaptive,38.83333333333337,0.0658164899114976,0.07740136620483946
ergo_adaptive,38.91666666666663,0.06536672219148623,0.07740847828917964
ergo_adaptive,39.0,0.06073887953862568,0.07737750582973103
ergo_adaptive,39.08333333333337,0.06346769782918267,0.07734839846299944
ergo_adaptive,39.16666666666663,0.065639372800797,0.07735535734110631
ergo_adaptive,39.25,0.06674102368771301,0.07736172739499973
ergo_adaptive,39.33333333333337,0.06787592534967046,0.07734816815867473
ergo_adaptive,39.41666666666663,0.06552825657800188,0.0773280564131341
ergo_adaptive,39.5,0.0662496126396743,0.07732120024395321
ergo_adaptive,39.58333333333337,0.06444747168691727,0.07733197137059936
ergo_adaptive,39.66666666666663,0.06550814515674624,0.07734046875945491
ergo_adaptive,39.75,0.06560541651396845,0.07733114936690179
ergo_adaptive,39.83333333333337,0.06592146086783099,0.07730612953887568
ergo_adaptive,39.91666666666663,0.06646246323844594,0.07727269245163562
ergo_adaptive,40.0,0.0670185126108357,0.07721005795914886
ergo_adaptive,40.08333333333337,0.06538939731036733,0.07709372599764233
ergo_adaptive,40.16666666666663,0.06303159006510556,0.07696210090671612
ergo_adaptive,40.25,0.06251385388786733,0.07688291707952337
ergo_adaptive,40.33333333333337,0.06297252546897272,0.07684754231590099
ergo_adaptive,40.41666666666663,0.06531616589851681,0.07676327799673383
ergo_adaptive,40.5,0.06472568902086193,0.07666230349189267
ergo_adaptive,40.58333333333337,0.06387830947075543,0.07660945990423927
ergo_adaptive,40.66666666666663,0.06352285381851805,0.0766150339976855
ergo_adaptive,40.75,0.0640779730720294,0.0766026014103511
ergo_adaptive,40.83333333333337,0.06396649721517218,0.07655241342405768
ergo_adaptive,40.91666666666663,0.06296460789895487,0.0765088383763021
ergo_adaptive,41.0,0.06516992934476065,0.07648822597364509
ergo_adaptive,41.08333333333337,0.06363763732337967,0.07649688253534757
ergo_adaptive,41.16666666666663,0.06365559401440044,0.07654080956530036
ergo_adaptive,41.25,0.06444729343325299,0.07655708832964833
ergo_adaptive,41.33333333333337,0.0642996495137595,0.07651307151735184
ergo_adaptive,41.41666666666663,0.06397064683810501,0.07645997190170233
ergo_adaptive,41.5,0.06487945851236304,0.07645687773093329
ergo_adaptive,41.58333333333337,0.06530545812688092,0.0764535232435152
ergo_adaptive,41.66666666666663,0.06464892118609449,0.07637451010899685
ergo_adaptive,41.75,0.06648453494029112,0.0762679355724466
ergo_adaptive,41.83333333333337,0.06680285693483283,0.07620880241928167
ergo_adaptive,41.91666666666663,0.0660162757122566,0.07620141824936477
ergo_adaptive,42.0,0.0624016819363658,0.07612092071517142
ergo_adaptive,42.08333333333337,0.0639782933795558,0.07608708469335475
ergo_adaptive,42.16666666666663,0.06427533952696454,0.07604701380012745
ergo_adaptive,42.25,0.06528794505943353,0.07599593129211818
ergo_adaptive,42.33333333333337,0.0634814102082762,0.07598319478510945
ergo_adaptive,42.41666666666663,0.06297392695110444,0.07607874087762374
ergo_adaptive,42.5,0.0640409249729957,0.07623671003943748
ergo_adaptive,42.58333333333337,0.06332239596115609,0.07641253885696284
ergo_adaptive,42.66666666666663,0.06539830823042711,0.07658752364347964
ergo_adaptive,42.75,0.06415525991635115,0.07675838200935835
ergo_adaptive,42.83333333333337,0.06506311129215611,0.07692192899051332
ergo_adaptive,42.91666666666663,0.06431164756901998,0.07707021378794207
ergo_adaptive,43.0,0.06450466834280585,0.07720647994087335
ergo_adaptive,43.08333333333337,0.06479856236153587,0.07734083118802192
ergo_adaptive,43.16666666666663,0.06421671058977214,0.07747893426475251
ergo_adaptive,43.25,0.06464556682083568,0.07761007834847339
ergo_adaptive,43.33333333333337,0.06344368319812856,0.07772481871766365
ergo_adaptive,43.41666666666663,0.06255695942554418,0.07783734266497341
ergo_adaptive,43.5,0.061677929940049454,0.07795772658829218
ergo_adaptive,43.58333333333337,0.06354828005802231,0.0780525077268959
ergo_adaptive,43.66666666666663,0.06335315035516195,0.07810377051998098
ergo_adaptive,43.75,0.06254456636564884,0.07812468788158795
ergo_adaptive,43.83333333333337,0.0618507546783848,0.07815119210480806
ergo_adaptive,43.91666666666663,0.06296399918598586,0.07818069646650566
ergo_adaptive,44.0,0.06305972464127575,0.07821002415734248
ergo_adaptive,44.08333333333337,0.06137794026486115,0.07826183578345006
ergo_adaptive,44.16666666666663,0.060729718946924305,0.07836053416983015
ergo_adaptive,44.25,0.06207932218289461,0.07849901040272964
ergo_adaptive,44.33333333333337,0.06213982225488759,0.07866354699581202
ergo_adaptive,44.41666666666663,0.06226851199765444,0.07884361619224717
ergo_adaptive,44.5,0.06286190471752094,0.07903198014648662
ergo_adaptive,44.58333333333337,0.06576185869779194,0.07922388627889931
ergo_adaptive,44.66666666666663,0.06575904016915775,0.07941632664154759
ergo_adaptive,44.75,0.06722416390336286,0.07960735728817026
ergo_adaptive,44.83333333333337,0.06677162275110117,0.07979568979249432
ergo_adaptive,44.91666666666663,0.0674593153476488,0.07998058867329871
ergo_adaptive,45.0,0.06660444195527303,0.08016192463875955
ergo_adaptive,45.08333333333337,0.0673016184908157,0.08033956111626799
ergo_adaptive,45.16666666666663,0.06672694384830818,0.080512968602823
ergo_adaptive,45.25,0.06590968744802467,0.0806822174883041
ergo_adaptive,45.33333333333337,0.0643401835573351,0.08084963045230044
ergo_adaptive,45.41666666666663,0.06312197629326244,0.08099947585316768
ergo_adaptive,45.5,0.06529703947273262,0.08114377782415018
ergo_adaptive,45.58333333333337,0.06477521012361664,0.0812580669105247
ergo_adaptive,45.66666666666663,0.06568454368763565,0.08134969740540766
ergo_adaptive,45.75,0.06522360244737316,0.08141260199614994
ergo_adaptive,45.83333333333337,0.0650842320027227,0.08143879669009697
ergo_adaptive,45.91666666666663,0.06389537022168308,0.0814551421504137
ergo_adaptive,46.0,0.06514450954303745,0.08149200810732309
ergo_adaptive,46.08333333333337,0.0633080298470793,0.08152821303248547
ergo_adaptive,46.16666666666663,0.06448907677467607,0.08152557606029948
ergo_adaptive,46.25,0.06554970861456251,0.08150572294149806
ergo_adaptive,46.33333333333337,0.06452011998509401,0.08151542859515738
ergo_adaptive,46.41666666666663,0.06371024861235026,0.08156274915435374
ergo_adaptive,46.5,0.06211515092708858,0.08159428821202165
ergo_adaptive,46.58333333333337,0.05926486516413563,0.08161512560219385
ergo_adaptive,46.66666666666663,0.059725400788039285,0.08172285553659993
ergo_adaptive,46.75,0.05797781457171675,0.08188802754665535
ergo_adaptive,46.83333333333337,0.05893960277336594,0.08206952132858837
ergo_adaptive,46.91666666666663,0.06015492385857721,0.08223644510330218
ergo_adaptive,47.0,0.058597635553805545,0.08237747179002256
ergo_adaptive,47.08333333333337,0.06119463573614848,0.08249592661521292
ergo_adaptive,47.16666666666663,0.06051499256445106,0.0826065421935779
ergo_adaptive,47.25,0.06101431085667663,0.08270960455312092
ergo_adaptive,47.33333333333337,0.06110232644363478,0.08280065605008546
ergo_adaptive,47.41666666666663,0.06122556198073106,0.0828777384616217
ergo_adaptive,47.5,0.06087784220669017,0.08294446499315708
ergo_adaptive,47.58333333333337,0.06057359925795333,0.08300969056692266
ergo_adaptive,47.66666666666663,0.06199229850104041,0.08306841147522723
ergo_adaptive,47.75,0.059774472606473596,0.08310932385049091
ergo_adaptive,47.83333333333337,0.05882340947671498,0.08314002825883418
ergo_adaptive,47.91666666666663,0.05927208218735363,0.08317698694206853
ergo_adaptive,48.0,0.061123070377086974,0.08321322213256999
ergo_adaptive,48.08333333333337,0.06047529558218736,0.08323516371808891
ergo_adaptive,48.16666666666663,0.05848525030067253,0.08326698252589837
ergo_adaptive,48.25,0.05845060968759024,0.08332911410076724
ergo_adaptive,48.33333333333337,0.06053582652675338,0.0833612936245288
ergo_adaptive,48.41666666666663,0.0632905363556589,0.08335646990670104
ergo_adaptive,48.5,0.06220756475732103,0.08334580453122539
ergo_adaptive,48.58333333333337,0.06270678185576485,0.08337272225031087
ergo_adaptive,48.66666666666663,0.060248723133440554,0.08339231304669024
ergo_adaptive,48.75,0.057666150730177584,0.08337504186272492
ergo_adaptive,48.83333333333337,0.06112056210741901,0.08334077595055078
ergo_adaptive,48.91666666666663,0.06246560448938586,0.08333313291237894
ergo_adaptive,49.0,0.06150674825436989,0.08332226380861069
ergo_adaptive,49.08333333333337,0.061269395707808774,0.08324626368108144
ergo_adaptive,49.16666666666663,0.06162424071842592,0.08312421857201605
ergo_adaptive,49.25,0.05958173100442819,0.08300906217932331
ergo_adaptive,49.33333333333337,0.06334206368190817,0.08290395850125265
ergo_adaptive,49.41666666666663,0.06438580007519776,0.08268706853494191
ergo_adaptive,49.5,0.06620109874973307,0.08239552984865667
ergo_adaptive,49.58333333333337,0.06235741851684454,0.08212115010412199
ergo_adaptive,49.66666666666663,0.061787885674467045,0.08189832854677272
ergo_adaptive,49.75,0.06158001493424412,0.0816764841104566
ergo_adaptive,49.83333333333337,0.06532733148604834,0.08141885462544005
ergo_adaptive,49.91666666666663,0.06532571588601205,0.08115198094873356
ergo_adaptive,50.0,0.0661115967515832,0.08090727567524607
ergo_adaptive,50.08333333333337,0.06410928035524627,0.08068129260087177
ergo_adaptive,50.16666666666663,0.06594838388174067,0.08045009528176919
ergo_adaptive,50.25,0.06316132018306138,0.08020483061416858
ergo_adaptive,50.33333333333337,0.060808376613491096,0.07997439626689175
ergo_adaptive,50.41666666666663,0.060413611152743615,0.07980600583808121
ergo_adaptive,50.5,0.057179137200449426,0.0796502948122757
ergo_adaptive,50.58333333333337,0.058819229736938615,0.07969665517123142
ergo_adaptive,50.66666666666663,0.06157003509413248,0.0797012564923971
ergo_adaptive,50.75,0.06124180095588622,0.07960296835735699
ergo_adaptive,50.83333333333337,0.062290080528883116,0.07948326643070595
ergo_adaptive,50.91666666666663,0.06282623919675524,0.07938740538398273
ergo_adaptive,51.0,0.06104237147129335,0.0792591066964519
ergo_adaptive,51.08333333333337,0.0653416987788352,0.07908226534824334
ergo_adaptive,51.16666666666663,0.05981766583726252,0.07887970238999453
ergo_adaptive,51.25,0.059710152401692966,0.07871409208036802
ergo_adaptive,51.33333333333337,0.060777008121812776,0.07857710742878075
ergo_adaptive,51.41666666666663,0.05893595985540711,0.07841844198982986
ergo_adaptive,51.5,0.05677199212887541,0.07824479560418177
ergo_adaptive,51.58333333333337,0.057713612135462,0.07812794856974303
ergo_adaptive,51.66666666666663,0.05275584512813587,0.07807480042596321
ergo_adaptive,51.75,0.05440183147380103,0.07818712928961678
ergo_adaptive,51.83333333333337,0.05621912344694746,0.07829316403633076
ergo_adaptive,51.91666666666663,0.05721421226708035,0.07834618948653292
ergo_adaptive,52.0,0.05799441223851257,0.07837220854137245
ergo_adaptive,52.08333333333337,0.054839130425175506,0.07839998277829506
ergo_adaptive,52.16666666666663,0.053348426060786526,0.07846178054389455
ergo_adaptive,52.25,0.05251042598891411,0.07855991297072903
ergo_adaptive,52.33333333333337,0.05379369740773172,0.07868855550729391
ergo_adaptive,52.41666666666663,0.05605980543137431,0.07880563662924103
ergo_adaptive,52.5,0.05676469681805897,0.07891837830845173
ergo_adaptive,52.58333333333337,0.05556283482090151,0.07904635317093937
ergo_adaptive,52.66666666666663,0.05561536422175833,0.0791368305412621
ergo_adaptive,52.75,0.05296295768253223,0.07918877488801668
ergo_adaptive,52.83333333333337,0.05274683581106686,0.07926293498160594
ergo_adaptive,52.91666666666663,0.05245815842796672,0.07935560049432888
ergo_adaptive,53.0,0.05190174093091903,0.07946173872979043
ergo_adaptive,53.08333333333337,0.05267363392248331,0.07959761361568063
ergo_adaptive,53.16666666666663,0.05276514653864596,0.07975377360598139
ergo_adaptive,53.25,0.05232982008078047,0.07988690310735656
ergo_adaptive,53.33333333333337,0.05244546520185755,0.07999613765922457
ergo_adaptive,53.41666666666663,0.0523787192454973,0.08010796490173044
ergo_adaptive,53.5,0.051209101938523356,0.08022859663137206
ergo_adaptive,53.58333333333337,0.05355718046088203,0.08033028971165687
ergo_adaptive,53.66666666666663,0.05550265079767689,0.08038931697653726
ergo_adaptive,53.75,0.054523097297180474,0.08041093102908141
ergo_adaptive,53.83333333333337,0.053918682192778525,0.08041280219530636
ergo_adaptive,53.91666666666663,0.05248064212795458,0.08040552266711484
ergo_adaptive,54.0,0.053904274580292774,0.08039084335208828
ergo_adaptive,54.08333333333337,0.05341672674159622,0.08034397278807891
ergo_adaptive,54.16666666666663,0.05246378483491696,0.08025813867799877
ergo_adaptive,54.25,0.048427166026044945,0.0801515330897009
ergo_adaptive,54.33333333333337,0.04648339524673482,0.08004380969246548
ergo_adaptive,54.41666666666663,0.047999412243211775,0.07996533909677622
ergo_adaptive,54.5,0.05368940420520665,0.0799404591289477
ergo_adaptive,54.58333333333337,0.056674866626062276,0.07990320413458511
ergo_adaptive,54.66666666666663,0.05569354997863781,0.07983131503206516
ergo_adaptive,54.75,0.05730330898575112,0.07976103155049336
ergo_adaptive,54.83333333333337,0.054491352424695924,0.07973268634447835
ergo_adaptive,54.91666666666663,0.055585499121157074,0.07967064149443447
ergo_adaptive,55.0,0.057909861625033095,0.07952976816316149
ergo_adaptive,55.08333333333337,0.055943315747119554,0.07936811241486
ergo_adaptive,55.16666666666663,0.056054359505364464,0.07925302611145227
ergo_adaptive,55.25,0.05748854368911886,0.07914938642176128
ergo_adaptive,55.33333333333337,0.05830498142095007,0.07896059389031503
ergo_adaptive,55.41666666666663,0.0600158720747247,0.07872524545100888
ergo_adaptive,55.5,0.06032027932421764,0.07851962854633152
ergo_adaptive,55.58333333333337,0.06071292417900186,0.07834486001780937
ergo_adaptive,55.66666666666663,0.06379974045032773,0.07811644767884511
ergo_adaptive,55.75,0.060140413183598466,0.07782974695020911
ergo_adaptive,55.83333333333337,0.05840765407615177,0.07754346917616126
ergo_adaptive,55.91666666666663,0.06231737112223203,0.07729822725545127
ergo_adaptive,56.0,0.06066894841936634,0.07705854267817193
ergo_adaptive,56.08333333333337,0.058244270692975955,0.0767881526031161
ergo_adaptive,56.16666666666663,0.060963430774082464,0.07651211428702268
ergo_adaptive,56.25,0.0574948513443489,0.07625968292428358
ergo_adaptive,56.33333333333337,0.05731562144167789,0.07603434866323219
ergo_adaptive,56.41666666666663,0.0600670773013427,0.07580558169285927
ergo_adaptive,56.5,0.06069202281843628,0.07555302448539777
ergo_adaptive,56.58333333333337,0.0616096857463803,0.07530649634698196
ergo_adaptive,56.66666666666663,0.057459043165880394,0.0750777917495192
ergo_adaptive,56.75,0.057219427831356286,0.0748540518334791
ergo_adaptive,56.83333333333337,0.05759057829666311,0.07462195860320332
ergo_adaptive,56.91666666666663,0.06252472856390799,0.07439184082128265
ergo_adaptive,57.0,0.05689447423436087,0.07418522454583658
ergo_adaptive,57.08333333333337,0.05939531932754601,0.0739918925476957
ergo_adaptive,57.16666666666663,0.06049567747086031,0.07377879639137715
ergo_adaptive,57.25,0.06003071054475047,0.0735522719933079
ergo_adaptive,57.33333333333337,0.06261612715063555,0.07334411531128698
ergo_adaptive,57.41666666666663,0.06218255319607532,0.07317792320193417
ergo_adaptive,57.5,0.06089917322000009,0.07302237558832549
ergo_adaptive,57.58333333333337,0.06290762063731016,0.0728206097566211
ergo_adaptive,57.66666666666663,0.06186708682038451,0.07259648077228963
ergo_adaptive,57.75,0.0593570822638748,0.07239735397223547
ergo_adaptive,57.83333333333337,0.05701103471244268,0.07221046801519984
ergo_adaptive,57.91666666666663,0.06432653047521036,0.07200047288558688
ergo_adaptive,58.0,0.06427214477181882,0.07177059449643519
ergo_adaptive,58.08333333333337,0.06501994838655835,0.07155508399047503
ergo_adaptive,58.16666666666663,0.06439087726854333,0.07139058181506235
ergo_adaptive,58.25,0.06269354264069239,0.07130956343276676
ergo_adaptive,58.33333333333337,0.06367785104650008,0.07120118075262266
ergo_adaptive,58.41666666666663,0.062366716665291776,0.0710009884271814
ergo_adaptive,58.5,0.06264442695417817,0.07076999003854963
ergo_adaptive,58.58333333333337,0.06375929076354217,0.0705643104750992
ergo_adaptive,58.66666666666663,0.0670721234074411,0.07039610387866814
ergo_adaptive,58.75,0.0660130725111064,0.07025160802904604
ergo_adaptive,58.83333333333337,0.06624415508617873,0.07010366956655438
ergo_adaptive,58.91666666666663,0.06269670611104365,0.06995028846156999
ergo_adaptive,59.0,0.06146666832346805,0.06983624424774486
ergo_adaptive,59.08333333333337,0.06731499915685413,0.06978930498006657
ergo_adaptive,59.16666666666663,0.06895417079174314,0.06968457690025033
ergo_adaptive,59.25,0.07132311181283811,0.06951868828739521
ergo_adaptive,59.33333333333337,0.06526901857416371,0.06935872037246413
ergo_adaptive,59.41666666666663,0.06723978401335254,0.06924261152000792
ergo_adaptive,59.5,0.07229069740040735,0.06914777616439341
ergo_adaptive,59.58333333333337,0.07107701506530623,0.069043929041565
ergo_adaptive,59.66666666666663,0.06782562705819022,0.06893778334489889
ergo_adaptive,59.75,0.0686154392201284,0.06885427926605597
ergo_adaptive,59.83333333333337,0.0662277822473821,0.06880069937717655
ergo_adaptive,59.91666666666663,0.06666850759918463,0.06875049290814418
ergo_adaptive,60.0,0.06382430942347059,0.06868701596924319
ergo_adaptive,60.08333333333337,0.06238593701455259,0.06863083866005021
ergo_adaptive,60.16666666666663,0.06540964689015921,0.06860054693868854
ergo_adaptive,60.25,0.06725508558749037,0.0685746658346321
ergo_adaptive,60.33333333333337,0.06978375138387787,0.06852962254239432
ergo_adaptive,60.41666666666663,0.07055011495654935,0.06848227744940083
ergo_adaptive,60.5,0.0676404479979707,0.06846165705326264
ergo_adaptive,60.58333333333337,0.06699722960934425,0.06845913015904315
ergo_adaptive,60.66666666666663,0.06911743880664316,0.0684382575829114
ergo_adaptive,60.75,0.07035824177493744,0.0684038563702864
ergo_adaptive,60.83333333333337,0.06989170862779333,0.06838757854593143
ergo_adaptive,60.91666666666663,0.07200070037010155,0.0684014004503716
ergo_adaptive,61.0,0.07130841306437627,0.06843879089544999
ergo_adaptive,61.08333333333337,0.07218997333281021,0.06850601325944836
ergo_adaptive,61.16666666666663,0.07316858558463452,0.06863144286774567
ergo_adaptive,61.25,0.07638880776803288,0.06876326422012294
ergo_adaptive,61.33333333333337,0.07493036212392234,0.06888638261373918
ergo_adaptive,61.41666666666663,0.07320733636695095,0.0690112006173576
ergo_adaptive,61.5,0.07084060405255653,0.06914836355214977
ergo_adaptive,61.58333333333337,0.07267777456498534,0.06939370889583392
ergo_adaptive,61.66666666666663,0.07097196219467401,0.06964361387346789
ergo_adaptive,61.75,0.07166028338193411,0.06992487731045194
ergo_adaptive,61.83333333333337,0.07205176578063952,0.07020407757680427
ergo_adaptive,61.91666666666663,0.07038297755727353,0.0704544440978465
ergo_adaptive,62.0,0.07132322592771415,0.07066783933754726
ergo_adaptive,62.08333333333337,0.07114372734192853,0.07083301575959164
ergo_adaptive,62.16666666666663,0.0698066384728392,0.07093386432112594
ergo_adaptive,62.25,0.06971769526551956,0.07097458693347644
ergo_adaptive,62.33333333333337,0.06721197373607658,0.07099490312181787
ergo_adaptive,62.41666666666663,0.06698959749414302,0.07102972735204881
ergo_adaptive,62.5,0.0685112660856639,0.07105342938972505
ergo_adaptive,62.58333333333337,0.06892354755617527,0.07104746685492075
ergo_adaptive,62.66666666666663,0.06917117655670607,0.07104697502604025
ergo_adaptive,62.75,0.06852076777177978,0.07109901687200706
ergo_adaptive,62.83333333333337,0.0686876794133747,0.0711584801284626
ergo_adaptive,62.91666666666663,0.06713851971583273,0.0711521709143223
ergo_adaptive,63.0,0.06551273250255325,0.07111718371940468
ergo_adaptive,63.08333333333337,0.06627252087448551,0.07110959449109198
ergo_adaptive,63.16666666666663,0.06636973267636559,0.07113228248430942
ergo_adaptive,63.25,0.06940415942626789,0.07113494257742742
ergo_adaptive,63.33333333333337,0.07033617332342187,0.07111261407026999
ergo_adaptive,63.41666666666663,0.07022493288040851,0.07110047442710264
ergo_adaptive,63.5,0.06964174179000045,0.07111500424126038
ergo_adaptive,63.58333333333337,0.06943952599313803,0.07114450412847614
ergo_adaptive,63.66666666666663,0.0672698398545099,0.07117072745105549
ergo_adaptive,63.75,0.06772701963135139,0.07120549215114286
ergo_adaptive,63.83333333333337,0.06784254964997802,0.07127838173219077
ergo_adaptive,63.91666666666663,0.06850118375482735,0.07138549326066031
ergo_adaptive,64.0,0.06853898947481812,0.07148306956256202
ergo_adaptive,64.08333333333337,0.06835560075993546,0.0715464669086827
ergo_adaptive,64.16666666666663,0.06745815657312544,0.07159929866613972
ergo_adaptive,64.25,0.06823298060106837,0.07167332672991347
ergo_adaptive,64.33333333333337,0.06619182637583326,0.07175684646850417
ergo_adaptive,64.41666666666663,0.06813099687220889,0.07195506297783125
ergo_adaptive,64.5,0.06936301088765005,0.07221042917326924
ergo_adaptive,64.58333333333337,0.06692506877231001,0.07246933454170709
ergo_adaptive,64.66666666666663,0.06647800860314061,0.07271511837765349
ergo_adaptive,64.75,0.06729779027202801,0.0729399960360023
ergo_adaptive,64.83333333333337,0.06873686245091687,0.07312591984993742
ergo_adaptive,64.91666666666663,0.06825759988437763,0.073298497336843
ergo_adaptive,65.0,0.06733876957302554,0.07350331667665298
ergo_adaptive,65.08333333333337,0.06739133229650027,0.07368311435902816
ergo_adaptive,65.16666666666663,0.06752448459065592,0.07388713961942503
ergo_adaptive,65.25,0.06679019999542521,0.07407972611669224
ergo_adaptive,65.33333333333337,0.06821544956396705,0.07428748074243798
ergo_adaptive,65.41666666666663,0.07076963533392915,0.07447525060841967
ergo_adaptive,65.5,0.06865640246085661,0.07463429951277475
ergo_adaptive,65.58333333333337,0.06962816487235376,0.07477232683291761
ergo_adaptive,65.66666666666663,0.07029654303413224,0.0748884246668827
ergo_adaptive,65.75,0.06805885004448002,0.07497265655284872
ergo_adaptive,65.83333333333337,0.06663096273439556,0.07502598878076192
ergo_adaptive,65.91666666666663,0.06678668825799952,0.07514698042392687
ergo_adaptive,66.0,0.06758008599679975,0.07533648033245822
ergo_adaptive,66.08333333333337,0.06699636904017857,0.0755525932490667
ergo_adaptive,66.16666666666663,0.06687367285975324,0.07575537970545988
ergo_adaptive,66.25,0.06620279450300659,0.07592417136625206
ergo_adaptive,66.33333333333337,0.06628658549347602,0.07606218266940142
ergo_adaptive,66.41666666666663,0.06872348612885511,0.07617703705462366
ergo_adaptive,66.5,0.06791647849951075,0.07622057055074463
ergo_adaptive,66.58333333333337,0.0727153069769055,0.07617380668686419
ergo_adaptive,66.66666666666663,0.0706872846198157,0.07609050437717957
ergo_adaptive,66.75,0.07028840940912635,0.07602799805588521
ergo_adaptive,66.83333333333337,0.06661137519911145,0.07596843316371321
ergo_adaptive,66.91666666666663,0.06666396297657605,0.07596379558457408
ergo_adaptive,67.0,0.06846036041200255,0.07607047805892647
ergo_adaptive,67.08333333333337,0.06297912797134318,0.07622271685338985
ergo_adaptive,67.16666666666663,0.06208105147520858,0.07641547858792075
ergo_adaptive,67.25,0.06256431555034121,0.0766072265659402
ergo_adaptive,67.33333333333337,0.06384578427177441,0.07675542942632889
ergo_adaptive,67.41666666666663,0.06535260784275694,0.07681767372720769
ergo_adaptive,67.5,0.0653675274473616,0.0767932482248386
ergo_adaptive,67.58333333333337,0.06385966606068773,0.0767295160355569
ergo_adaptive,67.66666666666663,0.06772373438583192,0.07666346285224691
ergo_adaptive,67.75,0.06892420751759758,0.07659270456361134
ergo_adaptive,67.83333333333337,0.06502330345999346,0.07649663336644284
ergo_adaptive,67.91666666666663,0.062416172707413,0.07653584760453856
ergo_adaptive,68.0,0.06461431130590262,0.07669712872289573
ergo_adaptive,68.08333333333337,0.06470492691003524,0.07690347913002513
ergo_adaptive,68.16666666666663,0.06501027939063665,0.07709726350635311
ergo_adaptive,68.25,0.06700386079894911,0.07725438882106164
ergo_adaptive,68.33333333333337,0.0665629231355797,0.07738240364559111
ergo_adaptive,68.41666666666663,0.06791602828560717,0.07751812185557438
ergo_adaptive,68.5,0.06756695977289096,0.07761355736696202
ergo_adaptive,68.58333333333337,0.06690022802510501,0.07765074259951286
ergo_adaptive,68.66666666666663,0.06872083520643527,0.07766468289635985
ergo_adaptive,68.75,0.07078288574208517,0.07769410089098508
ergo_adaptive,68.83333333333337,0.07229607147767929,0.07774866984033835
ergo_adaptive,68.91666666666663,0.06811411012334039,0.07781942147127313
ergo_adaptive,69.0,0.06852212492177626,0.0778906458345307
ergo_adaptive,69.08333333333337,0.06709632383229867,0.07795416941483906
ergo_adaptive,69.16666666666663,0.0629409370663208,0.07802970869741328
ergo_adaptive,69.25,0.0645354702496608,0.0781434572345389
ergo_adaptive,69.33333333333337,0.06955368247168643,0.07821495762712322
ergo_adaptive,69.41666666666663,0.071656875909529,0.07822469837144587
ergo_adaptive,69.5,0.06862625078217707,0.07820265377903018
ergo_adaptive,69.58333333333337,0.06849926391106144,0.07820264891876963
ergo_adaptive,69.66666666666663,0.0682010784131673,0.07823922280797767
ergo_adaptive,69.75,0.06825804327470732,0.07826044042739362
ergo_adaptive,69.83333333333337,0.0692885087684056,0.07827584461372078
ergo_adaptive,69.91666666666663,0.06936393106109259,0.07830376645970989
ergo_adaptive,70.0,0.07173453740711123,0.07835337979757118
ergo_adaptive,70.08333333333337,0.06903509738917074,0.0784066681247367
ergo_adaptive,70.16666666666663,0.06911582109779285,0.07844340433563576
ergo_adaptive,70.25,0.07065915651811339,0.07847010746459801
ergo_adaptive,70.33333333333337,0.07517235442817752,0.07850164331470821
ergo_adaptive,70.41666666666663,0.07539387996829934,0.07853897185192195
ergo_adaptive,70.5,0.07729956975246119,0.07856468025570196
ergo_adaptive,70.58333333333337,0.07475487345621412,0.07857696526913002
ergo_adaptive,70.66666666666663,0.07684426766724402,0.07859882887220997
ergo_adaptive,70.75,0.07926251307680843,0.0786540055224905
ergo_adaptive,70.83333333333337,0.07460572455430678,0.07870423875302844
ergo_adaptive,70.91666666666663,0.07534947337835086,0.07873239293604936
ergo_adaptive,71.0,0.07295757369511184,0.07876674655942598
ergo_adaptive,71.08333333333337,0.07457004316565663,0.07885162427910689
ergo_adaptive,71.16666666666663,0.06957725021655402,0.07890951638251327
ergo_adaptive,71.25,0.07350366108647043,0.07892387065698396
ergo_adaptive,71.33333333333337,0.0738621308698767,0.07893309209022767
ergo_adaptive,71.41666666666663,0.07561165032058735,0.07899255460537138
ergo_adaptive,71.5,0.07898206619869354,0.07909516000570595
ergo_adaptive,71.58333333333337,0.07812137559869352,0.07916538055077642
ergo_adaptive,71.66666666666663,0.07859229234647117,0.07922624557461146
ergo_adaptive,71.75,0.07982402616627154,0.07932364978405423
ergo_adaptive,71.83333333333337,0.07884388067657473,0.07947524368561622
ergo_adaptive,71.91666666666663,0.0779820957739237,0.07962358320904234
ergo_adaptive,72.0,0.08238286648608678,0.07976350703792529
ergo_adaptive,72.08333333333337,0.08573072668648118,0.0799226287763264
ergo_adaptive,72.16666666666663,0.08163372810817274,0.08011997593575534
ergo_adaptive,72.25,0.05456725113026491,0.08034192760500444
ergo_adaptive,72.33333333333337,0.05263436520320644,0.08059830101042496
ergo_adaptive,72.41666666666663,0.05576661325338956,0.0808468025055446
ergo_adaptive,72.5,0.05967540365756134,0.08106053751662504
ergo_adaptive,72.58333333333337,0.06012813718602638,0.08124019277098488
ergo_adaptive,72.66666666666663,0.05994283728768548,0.08139614902672514
ergo_adaptive,72.75,0.0581679714821905,0.08152984368035227
ergo_adaptive,72.83333333333337,0.060187184941982365,0.08162531069200367
ergo_adaptive,72.91666666666663,0.06026068782575278,0.08168427164552247
ergo_adaptive,73.0,0.05983882767830683,0.08172767498099665
ergo_adaptive,73.08333333333337,0.058750627845744516,0.08176579664754777
ergo_adaptive,73.16666666666663,0.05832521059948551,0.08179047422453924
ergo_adaptive,73.25,0.05907271817498063,0.08179532346260462
ergo_adaptive,73.33333333333337,0.05864692685277885,0.08179010334538346
ergo_adaptive,73.41666666666663,0.05836473281786401,0.08178850836334231
ergo_adaptive,73.5,0.056817421031321584,0.0817919722626917
ergo_adaptive,73.58333333333337,0.05608597121529062,0.08178384435796196
ergo_adaptive,73.66666666666663,0.05507639750222981,0.08176222989925498
ergo_adaptive,73.75,0.05666413204597256,0.08174302294412758
ergo_adaptive,73.83333333333337,0.05238834016162166,0.0817435185891723
ergo_adaptive,73.91666666666663,0.05289152242669218,0.08174715591612268
ergo_adaptive,74.0,0.051449284076719774,0.0817334580533556
ergo_adaptive,74.08333333333337,0.05170449353512465,0.08173022714383056
ergo_adaptive,74.16666666666663,0.05416058233577717,0.08178592843311033
ergo_adaptive,74.25,0.05591430568136783,0.08185415816497459
ergo_adaptive,74.33333333333337,0.05697707234416076,0.0818799176538073
ergo_adaptive,74.41666666666663,0.05610557652280931,0.08189126698691947
ergo_adaptive,74.5,0.05578704753282121,0.08193413869640383
ergo_adaptive,74.58333333333337,0.05487740703251211,0.08200313559829049
ergo_adaptive,74.66666666666663,0.054662159997121235,0.08200992116049989
ergo_adaptive,74.75,0.05550309928124506,0.08195654553975415
ergo_adaptive,74.83333333333337,0.05448602121447321,0.0818896253783613
ergo_adaptive,74.91666666666663,0.05551903977607081,0.08186293955233687
ergo_adaptive,75.0,0.05518397513388392,0.08183702453894595
ergo_adaptive,75.08333333333337,0.05566918828996227,0.08179797234875867
ergo_adaptive,75.16666666666663,0.055066762923979204,0.08178002567121746
ergo_adaptive,75.25,0.05444417545729585,0.08181903895133204
ergo_adaptive,75.33333333333337,0.05444668504532446,0.08186865177735979
ergo_adaptive,75.41666666666663,0.05568059919895601,0.08187636104414837
ergo_adaptive,75.5,0.05732210230738207,0.0818661378248533
ergo_adaptive,75.58333333333337,0.05631196081120572,0.08186094237413619
ergo_adaptive,75.66666666666663,0.056485437688456215,0.08186113803685552
ergo_adaptive,75.75,0.05547136748505297,0.0818739275084776
ergo_adaptive,75.83333333333337,0.054542830682402885,0.08191226484885533
ergo_adaptive,75.91666666666663,0.05549880656104756,0.08193396799042224
ergo_adaptive,76.0,0.055066607000064,0.08192198297203601
ergo_adaptive,76.08333333333337,0.05606405549701329,0.08190220035105053
ergo_adaptive,76.16666666666663,0.05490460257347132,0.08190612173670714
ergo_adaptive,76.25,0.053592202588428985,0.08190498516360065
ergo_adaptive,76.33333333333337,0.053800921729561774,0.08186537060795318
ergo_adaptive,76.41666666666663,0.05492430172866861,0.08179946807928497
ergo_adaptive,76.5,0.05562975087876233,0.08172215361061921
ergo_adaptive,76.58333333333337,0.05531029231119579,0.0816237159708834
ergo_adaptive,76.66666666666663,0.05661098376891691,0.0814810323518329
ergo_adaptive,76.75,0.05455508968565844,0.08130040414905361
ergo_adaptive,76.83333333333337,0.055248194564477354,0.08125356230917519
ergo_adaptive,76.91666666666663,0.056508631217958134,0.08136854644097799
ergo_adaptive,77.0,0.05791211189904399,0.08147801986274925
ergo_adaptive,77.08333333333337,0.0569469883506796,0.08151094982884016
ergo_adaptive,77.16666666666663,0.057594344127975074,0.0815500488653073
ergo_adaptive,77.25,0.056285698699990526,0.08166986177252716
ergo_adaptive,77.33333333333337,0.05396604866802452,0.08179177103403976
ergo_adaptive,77.41666666666663,0.05486399789299676,0.0819406633220678
ergo_adaptive,77.5,0.054301610747947926,0.08209887103434964
ergo_adaptive,77.58333333333337,0.0535438195756504,0.08225468841207012
ergo_adaptive,77.66666666666663,0.05236078073182438,0.08239413207547924
ergo_adaptive,77.75,0.05288381491084827,0.08254578355909924
ergo_adaptive,77.83333333333337,0.05317453626043697,0.08270078017239982
ergo_adaptive,77.91666666666663,0.05101130046020454,0.08282907600421394
ergo_adaptive,78.0,0.05121262426009852,0.08289919742365777
ergo_adaptive,78.08333333333337,0.05448192677305303,0.0828995525853578
ergo_adaptive,78.16666666666663,0.055560350476662926,0.0828396068452072
ergo_adaptive,78.25,0.057770079141275514,0.08272113001651502
ergo_adaptive,78.33333333333337,0.05417644980572448,0.08253304479765125
ergo_adaptive,78.41666666666663,0.051679252462268545,0.08230758715848084
ergo_adaptive,78.5,0.04953127124728941,0.08224755006128581
ergo_adaptive,78.58333333333337,0.04797374297883875,0.08231863185220424
ergo_adaptive,78.66666666666663,0.049400077224523546,0.08245831470939334
ergo_adaptive,78.75,0.05209027755017781,0.08261332414070016
ergo_adaptive,78.83333333333337,0.0505520908810091,0.08272765390881436
ergo_adaptive,78.91666666666663,0.052610455274238736,0.08279797268261531
ergo_adaptive,79.0,0.0518640939521124,0.08284875081473782
ergo_adaptive,79.08333333333337,0.051797850870029576,0.0828967416395319
ergo_adaptive,79.16666666666663,0.05295265687944977,0.08294156247012816
ergo_adaptive,79.25,0.05337004150259537,0.082980870420665
ergo_adaptive,79.33333333333337,0.053680154270649594,0.08302086787035842
ergo_adaptive,79.41666666666663,0.055071763808872784,0.08307589149795806
ergo_adaptive,79.5,0.055808801563521714,0.08316467298153372
ergo_adaptive,79.58333333333337,0.05438440620712363,0.08325910802466029
ergo_adaptive,79.66666666666663,0.05294848868082182,0.08330330577534642
ergo_adaptive,79.75,0.05377980363617937,0.08331198101629209
ergo_adaptive,79.83333333333337,0.054373065439976456,0.08332022124569854
ergo_adaptive,79.91666666666663,0.05508724606599211,0.0833364502247247
ergo_adaptive,80.0,0.056315214832355534,0.08333088560954302
ergo_adaptive,80.08333333333337,0.05694680945270073,0.08329713616703005
ergo_adaptive,80.16666666666663,0.05781355406305398,0.08325175477604026
ergo_adaptive,80.25,0.05472280259036235,0.08321937086701779
ergo_adaptive,80.33333333333337,0.05588966993612758,0.08321239915005714
ergo_adaptive,80.41666666666663,0.056288695764092164,0.08321987813200471
ergo_adaptive,80.5,0.05671077956297167,0.0832374195808147
ergo_adaptive,80.58333333333337,0.058789138167169464,0.0832743524810598
ergo_adaptive,80.66666666666663,0.05797002174323439,0.08334504388824406
ergo_adaptive,80.75,0.05912731449672364,0.08342221452217069
ergo_adaptive,80.83333333333337,0.058308768020861476,0.08348177559289094
ergo_adaptive,80.91666666666663,0.05855400347354565,0.08352802490649089
ergo_adaptive,81.0,0.059324101231233446,0.08357584152793865
ergo_adaptive,81.08333333333337,0.05597337960234802,0.08363619842340769
ergo_adaptive,81.16666666666663,0.05677524563999481,0.08373457001237408
ergo_adaptive,81.25,0.05583333694287459,0.08383234427673619
ergo_adaptive,81.33333333333337,0.05475052084322231,0.08398400573500875
ergo_adaptive,81.41666666666663,0.053689784608891324,0.08416799614862427
ergo_adaptive,81.5,0.05561601125344792,0.0843471687509791
ergo_adaptive,81.58333333333337,0.054482628530071915,0.08450454514032668
ergo_adaptive,81.66666666666663,0.0536701279870846,0.08464201632100622
ergo_adaptive,81.75,0.05411576228388875,0.08476594040727721
ergo_adaptive,81.83333333333337,0.05416297321129228,0.08486121423523385
ergo_adaptive,81.91666666666663,0.05388198348039785,0.0849217237960448
ergo_adaptive,82.0,0.05273032868000109,0.08497047016719228
ergo_adaptive,82.08333333333337,0.052092818696955874,0.08504801866248135
ergo_adaptive,82.16666666666663,0.050699823780549866,0.08512603418320562
ergo_adaptive,82.25,0.050143556135055715,0.08517230912866437
ergo_adaptive,82.33333333333337,0.05211454594517728,0.08520898886751495
ergo_adaptive,82.41666666666663,0.050850046705788375,0.08527598899915513
ergo_adaptive,82.5,0.05210021166207167,0.0853701444098794
ergo_adaptive,82.58333333333337,0.050688132545556215,0.08541873556238666
ergo_adaptive,82.66666666666663,0.04955154118616328,0.08546204910163484
ergo_adaptive,82.75,0.05150468171279808,0.08554164166368282
ergo_adaptive,82.83333333333337,0.05142231520031659,0.08565684938589795
ergo_adaptive,82.91666666666663,0.0520183104777887,0.08579512360789127
ergo_adaptive,83.0,0.05249491836316164,0.08594772777549076
ergo_adaptive,83.08333333333337,0.05216580786136056,0.08611012558752543
ergo_adaptive,83.16666666666663,0.05337026726428288,0.08627447853707577
ergo_adaptive,83.25,0.052667040251487204,0.08643749580782409
ergo_adaptive,83.33333333333337,0.05449387220267295,0.08659773631512047
ergo_adaptive,83.41666666666663,0.05467563912948591,0.08675439964715148
ergo_adaptive,83.5,0.05354199883816155,0.08690698559036882
ergo_adaptive,83.58333333333337,0.052044380595639816,0.08705532236790171
ergo_adaptive,83.66666666666663,0.05155448204282856,0.08719949744873254
ergo_adaptive,83.75,0.05119187961279426,0.08733972568820206
ergo_adaptive,83.83333333333337,0.052109071157538746,0.08747619017928143
ergo_adaptive,83.91666666666663,0.04994276411429629,0.08760917867790291
ergo_adaptive,84.0,0.050782713715789116,0.08773887325495183
ergo_adaptive,84.08333333333337,0.05290583194180366,0.0878654269288505
ergo_adaptive,84.16666666666663,0.05094377880138382,0.08798936796291909
ergo_adaptive,84.25,0.050043090773209155,0.08811110821934542
ergo_adaptive,84.33333333333337,0.04978234451708412,0.08823055327371014
ergo_adaptive,84.41666666666663,0.05042347901797769,0.08834763587060283
ergo_adaptive,84.5,0.05070876718818827,0.08846294163965512
ergo_adaptive,84.58333333333337,0.051544368719280094,0.08857671284734063
ergo_adaptive,84.66666666666663,0.052618861663373984,0.08868923803942155
ergo_adaptive,84.75,0.053177765840287244,0.08880073636663656
ergo_adaptive,84.83333333333337,0.053124949570707736,0.08891139659260351
ergo_adaptive,84.91666666666663,0.05393930551264091,0.08902101335488663
ergo_adaptive,85.0,0.053878813296824694,0.08912969975218941
ergo_adaptive,85.08333333333337,0.05514777628538638,0.08923763538743726
ergo_adaptive,85.16666666666663,0.05712732877153914,0.08934467760096165
ergo_adaptive,85.25,0.05491386539783308,0.08945085690378905
ergo_adaptive,85.33333333333337,0.05462151996649149,0.08955618792065057
ergo_adaptive,85.41666666666663,0.05478948581935538,0.08966074527919098
ergo_adaptive,85.5,0.05528269266456109,0.0897647063527968
ergo_adaptive,85.58333333333337,0.05424397670625391,0.08986795095299106
ergo_adaptive,85.66666666666663,0.05432657940348582,0.08997056376666006
ergo_adaptive,85.75,0.056175397677074544,0.09007246754251384
ergo_adaptive,85.83333333333337,0.05512052829496611,0.09017371171119103
ergo_adaptive,85.91666666666663,0.054584336178988974,0.09027448116577552
ergo_adaptive,86.0,0.05439630811823086,0.09037479261258098
ergo_adaptive,86.08333333333337,0.051758746431922624,0.09047466359337965
ergo_adaptive,86.16666666666663,0.051422043844680417,0.09057416871077331
ergo_adaptive,86.25,0.05221432160908759,0.09067325204604995
ergo_adaptive,86.33333333333337,0.0533926264692368,0.0907716054523509
ergo_adaptive,86.41666666666663,0.054720657966163884,0.09086909598575345
ergo_adaptive,86.5,0.05443282899986453,0.09096588780100644
ergo_adaptive,86.58333333333337,0.05352398158124096,0.09106197432269025
ergo_adaptive,86.66666666666663,0.05511591681639955,0.09115734812009539
ergo_adaptive,86.75,0.05612912829832539,0.0912521879288344
ergo_adaptive,86.83333333333337,0.05631377554250982,0.09134668257455122
ergo_adaptive,86.91666666666663,0.056375703788602544,0.09144064739542061
ergo_adaptive,87.0,0.05622360381409717,0.09153403233128542
ergo_adaptive,87.08333333333337,0.05622632548196035,0.09162720959634517
ergo_adaptive,87.16666666666663,0.05643493015801599,0.09172006625881825
ergo_adaptive,87.25,0.05428137133905511,0.09181263259376048
ergo_adaptive,87.33333333333337,0.05367601529641498,0.09190495300886377
ergo_adaptive,87.41666666666663,0.05299430079009091,0.09199692314722747
ergo_adaptive,87.5,0.05375077725462489,0.09208857230919343
ergo_adaptive,87.58333333333337,0.051784717821897294,0.0921797356969844
ergo_adaptive,87.66666666666663,0.049175446178983916,0.09227000986833896
ergo_adaptive,87.75,0.04813459010325805,0.09235874893901831
ergo_adaptive,87.83333333333337,0.05235815709788268,0.09244697895224331
ergo_adaptive,87.91666666666663,0.051588504823763835,0.09253575600541346
ergo_adaptive,88.0,0.05087342254572363,0.09262472129752072
ergo_adaptive,88.08333333333337,0.05197318631670043,0.09271347251138864
ergo_adaptive,88.16666666666663,0.052200062364809674,0.09280157927959279
ergo_adaptive,88.25,0.05213652932912631,0.09288918608078416
ergo_adaptive,88.33333333333337,0.05253051509794111,0.09297636585703827
ergo_adaptive,88.41666666666663,0.05232494683089535,0.09306318299752973
ergo_adaptive,88.5,0.052911059573899764,0.0931490541213014
ergo_adaptive,88.58333333333337,0.05369051930667546,0.09323252243431183
ergo_adaptive,88.66666666666663,0.05248061850574958,0.09331480443820821
ergo_adaptive,88.75,0.051304057475217144,0.09339063751171482
ergo_adaptive,88.83333333333337,0.05261374185511142,0.09345497687101074
ergo_adaptive,88.91666666666663,0.0541118634552951,0.0935323221399867
ergo_adaptive,89.0,0.052429448377721365,0.09362231300325544
ergo_adaptive,89.08333333333337,0.05240586152322207,0.09370940657847815
ergo_adaptive,89.16666666666663,0.053116134259475783,0.09379676749355681
ergo_adaptive,89.25,0.054944778532429954,0.09388259636317063
ergo_adaptive,89.33333333333337,0.05551647740323993,0.09396842892176038
ergo_adaptive,89.41666666666663,0.05534905211850874,0.09405361627094092
ergo_adaptive,89.5,0.05583400974716145,0.0941376579156417
ergo_adaptive,89.58333333333337,0.05503588951286651,0.09422091107411527
ergo_adaptive,89.66666666666663,0.054923067853205214,0.09430294106073883
ergo_adaptive,89.75,0.056473226946085996,0.09438174855160456
ergo_adaptive,89.83333333333337,0.05520996729061932,0.09446373822323552
ergo_adaptive,89.91666666666663,0.05442551035741453,0.09451501033650568
ergo_adaptive,90.0,0.05593987674605975,0.09446877832435084
ergo_adaptive,90.08333333333337,0.05966492873478141,0.09432474409189319
ergo_adaptive,90.16666666666663,0.06007984139622176,0.09414831112513869
ergo_adaptive,90.25,0.059375984279306585,0.09401134914944145
ergo_adaptive,90.33333333333337,0.05810545704865962,0.0938615907505606
ergo_adaptive,90.41666666666663,0.05469620542772027,0.09365621302729603
ergo_adaptive,90.5,0.05289563121266754,0.0934347313524278
ergo_adaptive,90.58333333333337,0.05232827781108922,0.09324910885081529
ergo_adaptive,90.66666666666663,0.04928704203814198,0.09315185914486943
ergo_adaptive,90.75,0.0483381649889023,0.09313301059125746
ergo_adaptive,90.83333333333337,0.04493851208840816,0.09315460134713813
ergo_adaptive,90.91666666666663,0.04637192751151929,0.09322080425790293
ergo_adaptive,91.0,0.04703627913517718,0.09331671437572236
ergo_adaptive,91.08333333333337,0.046696278671628816,0.09338632638106646
ergo_adaptive,91.16666666666663,0.04745708407092106,0.09340897891899254
ergo_adaptive,91.25,0.05220476501147651,0.09339656485199939
ergo_adaptive,91.33333333333337,0.051238765401606,0.0933576427234612
ergo_adaptive,91.41666666666663,0.050182023621391375,0.09329827571264224
ergo_adaptive,91.5,0.05230992986824518,0.09325511466154411
ergo_adaptive,91.58333333333337,0.05443287264547341,0.09322203525810709
ergo_adaptive,91.66666666666663,0.05145514525447111,0.09314581251562082
ergo_adaptive,91.75,0.049207716339380786,0.09304087416102971
ergo_adaptive,91.83333333333337,0.0486048220779231,0.09294833645081854
ergo_adaptive,91.91666666666663,0.04890379761814365,0.09289365797460074
ergo_adaptive,92.0,0.04862613644792388,0.09282814997072174
ergo_adaptive,92.08333333333337,0.050085204472124785,0.09274165618059395
ergo_adaptive,92.16666666666663,0.049909720265987285,0.09265554475285753
ergo_adaptive,92.25,0.051770012819987755,0.09258813043186104
ergo_adaptive,92.33333333333337,0.04903932390150134,0.09251570246742341
ergo_adaptive,92.41666666666663,0.04967031930790917,0.09241257077889663
ergo_adaptive,92.5,0.05376867103646689,0.0923041919629067
ergo_adaptive,92.58333333333337,0.05449123572042306,0.09222085097365018
ergo_adaptive,92.66666666666663,0.052563410059211,0.09216436089410039
ergo_adaptive,92.75,0.04928197518819005,0.0921019017606137
ergo_adaptive,92.83333333333337,0.048465570361425736,0.09204221708715608
ergo_adaptive,92.91666666666663,0.050016415505738945,0.09201044002260839
ergo_adaptive,93.0,0.048917183561376434,0.09200266808529405
ergo_adaptive,93.08333333333337,0.050759666640421426,0.09201155001635859
ergo_adaptive,93.16666666666663,0.05042916329721894,0.09201909417825788
ergo_adaptive,93.25,0.04829161299620264,0.09203173538818038
ergo_adaptive,93.33333333333337,0.04962972027738329,0.09213260031931099
ergo_adaptive,93.41666666666663,0.050451282202722665,0.0922788957681997
ergo_adaptive,93.5,0.05072392902454657,0.09243332535666848
ergo_adaptive,93.58333333333337,0.052179198350465125,0.09258308045520573
ergo_adaptive,93.66666666666663,0.05197618555632914,0.09272096574191468
ergo_adaptive,93.75,0.051268971314961116,0.09284176856032716
ergo_adaptive,93.83333333333337,0.05296026966995472,0.09297787177162123
ergo_adaptive,93.91666666666663,0.05360180089814114,0.09310449697268028
ergo_adaptive,94.0,0.05564660309650747,0.09320581124897288
ergo_adaptive,94.08333333333337,0.05588728524408062,0.09328485659704727
ergo_adaptive,94.16666666666663,0.056062693330220105,0.09335166055797195
ergo_adaptive,94.25,0.056308901062337664,0.09343110456095238
ergo_adaptive,94.33333333333337,0.058579011446493655,0.09353398165586045
ergo_adaptive,94.41666666666663,0.06211617114110765,0.09362799691819436
ergo_adaptive,94.5,0.059090373219109246,0.0936951208699774
ergo_adaptive,94.58333333333337,0.060073599238056,0.09377022460280306
ergo_adaptive,94.66666666666663,0.05912750997837696,0.09385036077814213
ergo_adaptive,94.75,0.061603885003786385,0.0939831180543076
ergo_adaptive,94.83333333333337,0.06022734156706825,0.09412312394033391
ergo_adaptive,94.91666666666663,0.05772551959454454,0.09427520161708589
ergo_adaptive,95.0,0.05935718036325528,0.09441020974874394
ergo_adaptive,95.08333333333337,0.05738636127167173,0.09451754279800367
ergo_adaptive,95.16666666666663,0.05555273122640282,0.09459260644299887
ergo_adaptive,95.25,0.05735654662253038,0.09463299320702631
ergo_adaptive,95.33333333333337,0.05637396515626458,0.09463949813155312
ergo_adaptive,95.41666666666663,0.05737891019286951,0.09461238553976269
ergo_adaptive,95.5,0.05515541458637277,0.09463646780838296
ergo_adaptive,95.58333333333337,0.05207253274493184,0.09465305450095585
ergo_adaptive,95.66666666666663,0.05174066742654357,0.09464754356789921
ergo_adaptive,95.75,0.05082374785201105,0.09462608785211193
ergo_adaptive,95.83333333333337,0.051191344555255876,0.09459113955915913
ergo_adaptive,95.91666666666663,0.047816922662655165,0.0946312273559145
ergo_adaptive,96.0,0.0481911792777586,0.09466666509262346
ergo_adaptive,96.08333333333337,0.04965672039463104,0.09474385635223688
ergo_adaptive,96.16666666666663,0.05076300180093709,0.09485148785821827
ergo_adaptive,96.25,0.05013251830700431,0.0949679355483365
ergo_adaptive,96.33333333333337,0.04950741441979207,0.09506979795853705
ergo_adaptive,96.41666666666663,0.0513016903602321,0.09517251692955588
ergo_adaptive,96.5,0.05007702507493467,0.09528132022975411
ergo_adaptive,96.58333333333337,0.05247998973452227,0.09537810801569828
ergo_adaptive,96.66666666666663,0.05210772787251794,0.09548128256431507
ergo_adaptive,96.75,0.05100830703819728,0.09557922143122567
ergo_adaptive,96.83333333333337,0.05239669011148279,0.09567765412773648
ergo_adaptive,96.91666666666663,0.05203661289145066,0.09577330520175552
ergo_adaptive,97.0,0.05377330495704654,0.09586109651935366
ergo_adaptive,97.08333333333337,0.05360823601015121,0.09594622721746073
ergo_adaptive,97.16666666666663,0.052030255187749806,0.09602932580786915
ergo_adaptive,97.25,0.051445083265553145,0.09613276197270153
ergo_adaptive,97.33333333333337,0.0503141804725195,0.09623634369324144
ergo_adaptive,97.41666666666663,0.05202526376722119,0.09631985397285255
ergo_adaptive,97.5,0.05385820876541105,0.09637959916912953
ergo_adaptive,97.58333333333337,0.05320829738217134,0.09641561126879106
ergo_adaptive,97.66666666666663,0.053429238933813995,0.09641517191241014
ergo_adaptive,97.75,0.05413326150275302,0.09637702983072935
ergo_adaptive,97.83333333333337,0.056205979795266654,0.09631183472494202
ergo_adaptive,97.91666666666663,0.05769141322958642,0.0963298921201181
ergo_adaptive,98.0,0.0563372231945118,0.09640669201658539
ergo_adaptive,98.08333333333337,0.05508362830661755,0.09650799605886913
ergo_adaptive,98.16666666666663,0.054078496079236024,0.0965949475720301
ergo_adaptive,98.25,0.05558006849549556,0.09664702937987514
ergo_adaptive,98.33333333333337,0.05375922417269064,0.09667125402839055
ergo_adaptive,98.41666666666663,0.05371864946663092,0.09667108495311962
ergo_adaptive,98.5,0.05249844134399621,0.09664352166536261
ergo_adaptive,98.58333333333337,0.05388810370575682,0.0965878333171924
ergo_adaptive,98.66666666666663,0.05375413910699119,0.09649796120815811
ergo_adaptive,98.75,0.05484510057364755,0.09647354100373831
ergo_adaptive,98.83333333333337,0.05447844767587193,0.09651913903670392
ergo_adaptive,98.91666666666663,0.053114735742319216,0.09660499057139427
ergo_adaptive,99.0,0.05098921911945283,0.09667895761562197
ergo_adaptive,99.08333333333337,0.04954036091494933,0.09671599940037023
ergo_adaptive,99.16666666666663,0.050387278330942226,0.0967039491049845
ergo_adaptive,99.25,0.05434630138157713,0.09666053217702887
ergo_adaptive,99.33333333333337,0.05148546051046749,0.09659890307686354
ergo_adaptive,99.41666666666663,0.05106727244453539,0.0966077804759435
ergo_adaptive,99.5,0.05339217099255906,0.09668302890774322
ergo_adaptive,99.58333333333337,0.05227908655072437,0.09677680309202215
ergo_adaptive,99.66666666666663,0.048516610368720875,0.09686651576576974
ergo_adaptive,99.75,0.04854132843174546,0.09694692325707129
ergo_adaptive,99.83333333333337,0.04849752020749279,0.0970076258482627
ergo_adaptive,99.91666666666663,0.0487572257368372,0.09704282963377661
ergo_adaptive,100.0,0.050617509080250624,0.09703349404922766
ergo_adaptive,100.08333333333337,0.05033074787991806,0.09696249943006001
ergo_adaptive,100.16666666666663,0.04875296671273916,0.09685507623424763
ergo_adaptive,100.25,0.05091486510421856,0.09676573274819152
ergo_adaptive,100.33333333333337,0.049271226523943404,0.09669163958306816
ergo_adaptive,100.41666666666663,0.04961614728154302,0.09660988379997022
ergo_adaptive,100.5,0.04884339318824991,0.09651248108057434
ergo_adaptive,100.58333333333337,0.05006744668695333,0.09651173203358468
ergo_adaptive,100.66666666666663,0.05194268096675203,0.09651288292719741
ergo_adaptive,100.75,0.0548031462912244,0.09650219680462635
ergo_adaptive,100.83333333333337,0.054522007419435706,0.09648468216190693
ergo_adaptive,100.91666666666663,0.05497252965789221,0.09643288832052667
ergo_adaptive,101.0,0.05014338880095191,0.09635221862115914
ergo_adaptive,101.08333333333337,0.04821207147825921,0.09637072295703025
ergo_adaptive,101.16666666666663,0.048784677610530715,0.09646241425258352
ergo_adaptive,101.25,0.04740866617441702,0.09658057175061284
ergo_adaptive,101.33333333333337,0.04854482367085877,0.0966943558362468
ergo_adaptive,101.41666666666663,0.04819502301524362,0.09678666458404754
ergo_adaptive,101.5,0.048230926373641084,0.09685751914236039
ergo_adaptive,101.58333333333337,0.05124742028966344,0.09691425991182838
ergo_adaptive,101.66666666666663,0.050494534250037235,0.0969606345931351
ergo_adaptive,101.75,0.049705178726840354,0.09699243498686334
ergo_adaptive,101.83333333333337,0.04836220866861841,0.09700820902565042
ergo_adaptive,101.91666666666663,0.04270284277839743,0.0970161832908074
ergo_adaptive,102.0,0.042654940585344706,0.09706005266066121
ergo_adaptive,102.08333333333337,0.041432406950230906,0.09712130026403507
ergo_adaptive,102.16666666666663,0.039561616512385815,0.09718486593760978
ergo_adaptive,102.25,0.04323417126781166,0.09725070835585434
ergo_adaptive,102.33333333333337,0.04431598375183334,0.09730943062015636
ergo_adaptive,102.41666666666663,0.04689370640919018,0.0973454101578757
ergo_adaptive,102.5,0.051317592939531996,0.09736397176935722
ergo_adaptive,102.58333333333337,0.048901735205281543,0.0973777853957558
ergo_adaptive,102.66666666666663,0.047483351412679856,0.09737900545334006
ergo_adaptive,102.75,0.04776489080105483,0.09734169519392859
ergo_adaptive,102.83333333333337,0.04515635608087663,0.0972748517847256
ergo_adaptive,102.91666666666663,0.0454558783033762,0.09722754438901117
ergo_adaptive,103.0,0.04663758784636852,0.09720812987003354
ergo_adaptive,103.08333333333337,0.04798996397588084,0.0971462432777381
ergo_adaptive,103.16666666666663,0.04964388647198789,0.09703941118457693
ergo_adaptive,103.25,0.05167348887474172,0.09691907664135282
ergo_adaptive,103.33333333333337,0.051677354090126144,0.09680347063615995
ergo_adaptive,103.41666666666663,0.05066245069610069,0.09670347885262838
ergo_adaptive,103.5,0.04820468363315862,0.0966210197170206
ergo_adaptive,103.58333333333337,0.04483781270046745,0.09649014010168881
ergo_adaptive,103.66666666666663,0.044592491901847754,0.09630544332971477
ergo_adaptive,103.75,0.04572450429836123,0.0961005391974093
ergo_adaptive,103.83333333333337,0.05102469679104901,0.09589452621887473
ergo_adaptive,103.91666666666663,0.04775076123442549,0.09567708261607089
ergo_adaptive,104.0,0.04439320412583277,0.09540041441838498
ergo_adaptive,104.08333333333337,0.04706543662605684,0.09520368379912965
ergo_adaptive,104.16666666666663,0.04749561840245155,0.09500492013133469
ergo_adaptive,104.25,0.04744919097722945,0.0948538545978407
ergo_adaptive,104.33333333333337,0.050525165384900664,0.09488946475100117
ergo_adaptive,104.41666666666663,0.05273121706303397,0.09493168085099511
ergo_adaptive,104.5,0.05706553983054501,0.09491426938612814
ergo_adaptive,104.58333333333337,0.0555270323127713,0.09482889088727
ergo_adaptive,104.66666666666663,0.05624672719198801,0.09466056952118651
ergo_adaptive,104.75,0.055957238405312595,0.09440907970995469
ergo_adaptive,104.83333333333337,0.05583105993497302,0.09412768040324522
ergo_adaptive,104.91666666666663,0.04651872810578231,0.09386934391443864
ergo_adaptive,105.0,0.04767880454755613,0.09375693295377224
ergo_adaptive,105.08333333333337,0.04646294134486757,0.09372119388941681
ergo_adaptive,105.16666666666663,0.04211471917304084,0.09371828171648729
ergo_adaptive,105.25,0.047726708569716884,0.09373009519223544
ergo_adaptive,105.33333333333337,0.0527321975155233,0.0937384634154419
ergo_adaptive,105.41666666666663,0.05194762893590359,0.0937206053466616
ergo_adaptive,105.5,0.0522115165649334,0.09366963705201387
ergo_adaptive,105.58333333333337,0.050400050442113924,0.09361267431370032
ergo_adaptive,105.66666666666663,0.04777964103753038,0.09359835954783216
ergo_adaptive,105.75,0.05036648130749627,0.09358152695984437
ergo_adaptive,105.83333333333337,0.04742069396577236,0.09351166131364086
ergo_adaptive,105.91666666666663,0.04444947646171466,0.09343313420874326
ergo_adaptive,106.0,0.0442584714570861,0.09338731286806269
ergo_adaptive,106.08333333333337,0.04679431196300139,0.09337393003649536
ergo_adaptive,106.16666666666663,0.04838089172222737,0.09338399682552198
ergo_adaptive,106.25,0.04619110407645156,0.0933939161285174
ergo_adaptive,106.33333333333337,0.04852667918379372,0.09337924625089658
ergo_adaptive,106.41666666666663,0.05115482466740854,0.0933435971625043
ergo_adaptive,106.5,0.05433643395036501,0.09331154219714861
ergo_adaptive,106.58333333333337,0.05046828649881095,0.093281748013141
ergo_adaptive,106.66666666666663,0.05315068328665371,0.09321688907704247
ergo_adaptive,106.75,0.04941719820919253,0.09312275260305096
ergo_adaptive,106.83333333333337,0.04563725301872986,0.09304003821434517
ergo_adaptive,106.91666666666663,0.04746035019188969,0.09299599312597956
ergo_adaptive,107.0,0.04782094618195586,0.09296375167672861
ergo_adaptive,107.08333333333337,0.04990885818803777,0.0929303417529536
ergo_adaptive,107.16666666666663,0.052153207846183464,0.09289617246816584
ergo_adaptive,107.25,0.04733571013305543,0.09287814471162949
ergo_adaptive,107.33333333333337,0.044184848717166804,0.09290225713721309
ergo_adaptive,107.41666666666663,0.048174466160161994,0.09300039177346066
ergo_adaptive,107.5,0.04570838130959887,0.09305564957391695
ergo_adaptive,107.58333333333337,0.04570856576940872,0.09306315291808777
ergo_adaptive,107.66666666666663,0.04556059153054017,0.09304620614310909
ergo_adaptive,107.75,0.04657334801797044,0.09302871350458654
ergo_adaptive,107.83333333333337,0.04560633193755572,0.09302702494183013
ergo_adaptive,107.91666666666663,0.04479104635578054,0.09303072676895022
ergo_adaptive,108.0,0.046000093109064104,0.09303045114928576
ergo_adaptive,108.08333333333337,0.044975733498549456,0.0930584934670294
ergo_adaptive,108.16666666666663,0.045396414106895475,0.0931304469289779
ergo_adaptive,108.25,0.046802641108109125,0.09321769389813285
ergo_adaptive,108.33333333333337,0.04696974150483791,0.0933307251767258
ergo_adaptive,108.41666666666663,0.04973073532727743,0.09345573245137437
ergo_adaptive,108.5,0.048756707036588263,0.09357955589318553
ergo_adaptive,108.58333333333337,0.047238716745489025,0.0936884665874845
ergo_adaptive,108.66666666666663,0.048455248247798156,0.0937795058491214
ergo_adaptive,108.75,0.048711757989523534,0.0938593367740773
ergo_adaptive,108.83333333333337,0.05423362434076782,0.09394324476344547
ergo_adaptive,108.91666666666663,0.049534158252970334,0.09403240498721138
ergo_adaptive,109.0,0.04960271956845148,0.09415832703455113
ergo_adaptive,109.08333333333337,0.05480971882926643,0.09431611525516352
ergo_adaptive,109.16666666666663,0.05656952003309646,0.09445483436882303
ergo_adaptive,109.25,0.05644699063600446,0.0945678032779328
ergo_adaptive,109.33333333333337,0.059154301339293995,0.09467009677458837
ergo_adaptive,109.41666666666663,0.06345225823167817,0.09477861944549221
ergo_adaptive,109.5,0.0409915503562342,0.09489652210077856
ergo_adaptive,109.58333333333337,0.043056388127422095,0.09504765622418973
ergo_adaptive,109.66666666666663,0.04441239990758096,0.09519926986809778
ergo_adaptive,109.75,0.04391506233246463,0.09532790546443887
ergo_adaptive,109.83333333333337,0.041576959782968555,0.09542660271847832
ergo_adaptive,109.91666666666663,0.041697306783927704,0.09550035480205708
ergo_adaptive,110.0,0.03976863227797728,0.09555319557652414
ergo_adaptive,110.08333333333337,0.041065261027405646,0.09557239230367806
ergo_adaptive,110.16666666666663,0.03922033035496581,0.09556168580492475
ergo_adaptive,110.25,0.038364897673311284,0.09554297427844528
ergo_adaptive,110.33333333333337,0.03851115796698359,0.095522520287747
ergo_adaptive,110.41666666666663,0.040949895265185304,0.09547497489645834
ergo_adaptive,110.5,0.04124466262551941,0.09539945701278531
ergo_adaptive,110.58333333333337,0.04360073864536389,0.09532841506612523
ergo_adaptive,110.66666666666663,0.04372052462218464,0.09529560191188766
ergo_adaptive,110.75,0.042994359539155466,0.09525160902783036
ergo_adaptive,110.83333333333337,0.0411795860444617,0.0951824853339648
ergo_adaptive,110.91666666666663,0.04207424948077292,0.09511790179787813
ergo_adaptive,111.0,0.04015883301966327,0.09510284607578487
ergo_adaptive,111.08333333333337,0.041706713143502105,0.09508463955100104
ergo_adaptive,111.16666666666663,0.0418428983936752,0.09502074133527653
ergo_adaptive,111.25,0.04148305820859567,0.09493536278958732
ergo_adaptive,111.33333333333337,0.040339298031683936,0.09487583637806869
ergo_adaptive,111.41666666666663,0.039878761189027945,0.09484660121071019
ergo_adaptive,111.5,0.03927540341042228,0.09478910929519999
ergo_adaptive,111.58333333333337,0.039492697719258986,0.09471147989123407
ergo_adaptive,111.66666666666663,0.038972556269158444,0.09464801738797282
ergo_adaptive,111.75,0.0389686145464708,0.09463040035566503
ergo_adaptive,111.83333333333337,0.03858347827095862,0.09460395574369887
ergo_adaptive,111.91666666666663,0.03790132846362595,0.09455828571921938
ergo_adaptive,112.0,0.03560013473676519,0.09451572876102175
ergo_adaptive,112.08333333333337,0.03445764562050867,0.09454618257399135
ergo_adaptive,112.16666666666663,0.034903151457135906,0.09463404178812036
ergo_adaptive,112.25,0.03400042032983207,0.09474605509986346
ergo_adaptive,112.33333333333337,0.03362497271063608,0.0948645749434262
ergo_adaptive,112.41666666666663,0.033552646295387414,0.09497515324616619
ergo_adaptive,112.5,0.033565465349090114,0.0950715423212633
ergo_adaptive,112.58333333333337,0.033688987017497625,0.09515507185368047
ergo_adaptive,112.66666666666663,0.032157873774162286,0.09523124831171978
ergo_adaptive,112.75,0.033209979695049324,0.09532067812527671
ergo_adaptive,112.83333333333337,0.0344040667694567,0.09541082878099764
ergo_adaptive,112.91666666666663,0.03443782397347126,0.09548325554908388
ergo_adaptive,113.0,0.035428104501667494,0.09553716008980231
ergo_adaptive,113.08333333333337,0.03391879753978544,0.09558071437793755
ergo_adaptive,113.16666666666663,0.03364813512430849,0.09563078538956404
ergo_adaptive,113.25,0.03494172909764913,0.09570975040482341
ergo_adaptive,113.33333333333337,0.03406014946273103,0.09579224040952494
ergo_adaptive,113.41666666666663,0.036063469438365095,0.09588743805832398
ergo_adaptive,113.5,0.036166913845273985,0.09598105593910548
ergo_adaptive,113.58333333333337,0.03470472652719079,0.09605312904947783
ergo_adaptive,113.66666666666663,0.03305563806487138,0.09614016495956419
ergo_adaptive,113.75,0.031941460881361704,0.09623204681941688
ergo_adaptive,113.83333333333337,0.03250153405917458,0.09630611092268337
ergo_adaptive,113.91666666666663,0.03379294635809096,0.09635623755315122
ergo_adaptive,114.0,0.03534098901342726,0.09639080485384191
ergo_adaptive,114.08333333333337,0.03402588982032353,0.096422758238667
ergo_adaptive,114.16666666666663,0.03539706807724472,0.09644625044176032
ergo_adaptive,114.25,0.03438407895734903,0.09645591465548199
ergo_adaptive,114.33333333333337,0.034038721687982276,0.09645954120418329
ergo_adaptive,114.41666666666663,0.03563863987099039,0.09646676832260917
ergo_adaptive,114.5,0.03243593792358961,0.09645986617749613
ergo_adaptive,114.58333333333337,0.034906132296466136,0.09644106824826554
ergo_adaptive,114.66666666666663,0.03575587724920973,0.09640395952069013
ergo_adaptive,114.75,0.035508563221725395,0.09636335654673779
ergo_adaptive,114.83333333333337,0.03596132476963328,0.096330268809367
ergo_adaptive,114.91666666666663,0.03381383263585521,0.09627251498262981
ergo_adaptive,115.0,0.037265240820025296,0.0963035968683058
ergo_adaptive,115.08333333333337,0.035237694308876945,0.0963311101474759
ergo_adaptive,115.16666666666663,0.032874414085679746,0.09638937583430063
ergo_adaptive,115.25,0.03462277177356241,0.09649562520362362
ergo_adaptive,115.33333333333337,0.034178093904139784,0.09660452735443685
ergo_adaptive,115.41666666666663,0.03493426215646509,0.09669599672826777
ergo_adaptive,115.5,0.03373261373763509,0.0967684869926139
ergo_adaptive,115.58333333333337,0.0324569333805087,0.09682983765796431
ergo_adaptive,115.66666666666663,0.02916319091745073,0.09688673789921266
ergo_adaptive,115.75,0.030320556962812648,0.09695657345646883
ergo_adaptive,115.83333333333337,0.02762785194232221,0.09703662909527125
ergo_adaptive,115.91666666666663,0.02997492712374989,0.09710685321604806
ergo_adaptive,116.0,0.029088798900751518,0.09716402749232592
ergo_adaptive,116.08333333333337,0.027857240260942332,0.09721837039307106
ergo_adaptive,116.16666666666663,0.02980106192625854,0.09725060084191348
ergo_adaptive,116.25,0.03193740723698339,0.09721461389413816
ergo_adaptive,116.33333333333337,0.030929470051050394,0.09712993405133777
ergo_adaptive,116.41666666666663,0.03234793550261529,0.09704489108930511
ergo_adaptive,116.5,0.03337406527395012,0.09698132220583006
ergo_adaptive,116.58333333333337,0.037336810371446205,0.0968952765212749
ergo_adaptive,116.66666666666663,0.03573643343369607,0.09678344568953319
ergo_adaptive,116.75,0.03841340576167626,0.09666682129463307
ergo_adaptive,116.83333333333337,0.03834286283012286,0.09656133463164891
ergo_adaptive,116.91666666666663,0.039301180370577865,0.09647676725706461
ergo_adaptive,117.0,0.03688701881591081,0.0963968150643055
ergo_adaptive,117.08333333333337,0.03859382105930149,0.09627531637739438
ergo_adaptive,117.16666666666663,0.03882540328510365,0.09612738994297373
ergo_adaptive,117.25,0.040960024261721704,0.0959994341284114
ergo_adaptive,117.33333333333337,0.03796164784051091,0.09589871718717573
ergo_adaptive,117.41666666666663,0.03717564270213725,0.095744877287423
ergo_adaptive,117.5,0.03760220305147325,0.09555179248896581
ergo_adaptive,117.58333333333337,0.0348514727865593,0.09536307740311388
ergo_adaptive,117.66666666666663,0.03667999587081358,0.09523322669092278
ergo_adaptive,117.75,0.03548269923370745,0.09514092217614407
ergo_adaptive,117.83333333333337,0.03850364815437439,0.09517224754332518
ergo_adaptive,117.91666666666663,0.03856600937292543,0.09525681667988008
ergo_adaptive,118.0,0.038242357917724346,0.095302549790018
ergo_adaptive,118.08333333333337,0.038954429557212185,0.09531900903721091
ergo_adaptive,118.16666666666663,0.03860608218135466,0.09538790052321372
ergo_adaptive,118.25,0.035644799652588766,0.09542785044045117
ergo_adaptive,118.33333333333337,0.036478094729189454,0.0955103616434808
ergo_adaptive,118.41666666666663,0.035337828791678266,0.09560366037116945
ergo_adaptive,118.5,0.03491093760968658,0.09569441848029363
ergo_adaptive,118.58333333333337,0.03705402476966594,0.09579244595217648
ergo_adaptive,118.66666666666663,0.036778240032875054,0.0959011293761182
ergo_adaptive,118.75,0.03588645371375385,0.09598979825570043
ergo_adaptive,118.83333333333337,0.03585174314167142,0.09605183914250104
ergo_adaptive,118.91666666666663,0.03369429105938252,0.09609440073159929
ergo_adaptive,119.0,0.03481758075079671,0.09612863653441306
ergo_adaptive,119.08333333333337,0.03479078514980977,0.09618500089246387
ergo_adaptive,119.16666666666663,0.03426377764391265,0.09626342647430941
ergo_adaptive,119.25,0.03407784151579453,0.0963485297658796
ergo_adaptive,119.33333333333337,0.0320137418090037,0.09643089853150674
ergo_adaptive,119.41666666666663,0.0337186312915617,0.09650648243464943
ergo_adaptive,119.5,0.03429609316492846,0.09660123107690956
ergo_adaptive,119.58333333333337,0.03321353176153595,0.09669750223312638
ergo_adaptive,119.66666666666663,0.03228375882331695,0.0967858603713774
ergo_adaptive,119.75,0.03126435523057394,0.09688167254224997
ergo_adaptive,119.83333333333337,0.031087060362801976,0.09696328423775635
ergo_adaptive,119.91666666666663,0.03042395505418263,0.09701885342035615
ergo_adaptive,120.0,0.031895348688657774,0.09705061723181489
ergo_adaptive,120.08333333333337,0.03266931089458591,0.09706192133067718
ergo_adaptive,120.16666666666663,0.029738351554922812,0.09704263511941015
ergo_adaptive,120.25,0.030306204016985226,0.09703046130880753
ergo_adaptive,120.33333333333337,0.03126668274914024,0.09707849453831574
ergo_adaptive,120.41666666666663,0.032161351786052894,0.09715953628614207
ergo_adaptive,120.5,0.03337316323002402,0.0972390560314133
ergo_adaptive,120.58333333333337,0.033707370068334366,0.09730197912463763
ergo_adaptive,120.66666666666663,0.031926735843147744,0.09734967746351206
ergo_adaptive,120.75,0.03151169263397015,0.09738216072934375
ergo_adaptive,120.83333333333337,0.035229452123121015,0.09738263683978488
ergo_adaptive,120.91666666666663,0.0313131902732242,0.09734089172546068
ergo_adaptive,121.0,0.03300646199207429,0.09729126497792463
ergo_adaptive,121.08333333333337,0.03416471491071059,0.09730407003910059
ergo_adaptive,121.16666666666663,0.03667877995910331,0.09737589462005353
ergo_adaptive,121.25,0.03576745098557705,0.09744120275407975
ergo_adaptive,121.33333333333337,0.03670885182111316,0.09746317735676116
ergo_adaptive,121.41666666666663,0.03711001867914885,0.09743564030693283
ergo_adaptive,121.5,0.03884665699546554,0.0973447226663201
ergo_adaptive,121.58333333333337,0.03282070652636112,0.097174567969089
ergo_adaptive,121.66666666666663,0.03176767319487658,0.0970951030101894
ergo_adaptive,121.75,0.03508101435714561,0.09710484118551513
ergo_adaptive,121.83333333333337,0.03366567031798779,0.09715601722785101
ergo_adaptive,121.91666666666663,0.03459920883344088,0.0972008337837311
ergo_adaptive,122.0,0.036566593987871925,0.09721769647924454
ergo_adaptive,122.08333333333337,0.0337199688923384,0.09721101570449396
ergo_adaptive,122.16666666666663,0.0348188733819605,0.09719743943537304
ergo_adaptive,122.25,0.035121882738915755,0.09718984524300409
ergo_adaptive,122.33333333333337,0.03394964783050958,0.09719581741904557
ergo_adaptive,122.41666666666663,0.03277783090696434,0.09720356212024853
ergo_adaptive,122.5,0.03441100813164285,0.09719453779889699
ergo_adaptive,122.58333333333337,0.03390443359146591,0.09717967745446102
ergo_adaptive,122.66666666666663,0.033395432638298736,0.0971744483849185
ergo_adaptive,122.75,0.030801831572834393,0.09715185985236742
ergo_adaptive,122.83333333333337,0.03087654648521842,0.09713957481574621
ergo_adaptive,122.91666666666663,0.033923498015136326,0.09713888222907596
ergo_adaptive,123.0,0.03350194107467203,0.0971097133059702
ergo_adaptive,123.08333333333337,0.034944996433119074,0.09708148179306843
ergo_adaptive,123.16666666666663,0.035888063995513385,0.09704083743868899
ergo_adaptive,123.25,0.03445083991850651,0.09701540565653283
ergo_adaptive,123.33333333333337,0.03274002242861473,0.09702406848186063
ergo_adaptive,123.41666666666663,0.031663205950345864,0.09709333701808548
ergo_adaptive,123.5,0.030771679937579472,0.09720293052513161
ergo_adaptive,123.58333333333337,0.03092506353484298,0.09729908063824398
ergo_adaptive,123.66666666666663,0.03173512929380682,0.09736906150510297
ergo_adaptive,123.75,0.03274746537935833,0.09742598051985898
ergo_adaptive,123.83333333333337,0.03213696895745134,0.09748622072559683
ergo_adaptive,123.91666666666663,0.030113088977051426,0.09753037206859433
ergo_adaptive,124.0,0.02856038094455708,0.0975451052599215
ergo_adaptive,124.08333333333337,0.027028543177162127,0.09754382141917393
ergo_adaptive,124.16666666666663,0.028770679784965347,0.09755253346657233
ergo_adaptive,124.25,0.028832861204284015,0.0975693130230641
ergo_adaptive,124.33333333333337,0.03025034966295324,0.09760323294696084
ergo_adaptive,124.41666666666663,0.029176089501428366,0.09763935793616776
ergo_adaptive,124.5,0.02874458610064941,0.09765855794507773
ergo_adaptive,124.58333333333337,0.030575270453093998,0.09766461353299928
ergo_adaptive,124.66666666666663,0.03109789579398772,0.09767231380336457
ergo_adaptive,124.75,0.032587498609808814,0.09768108184818654
ergo_adaptive,124.83333333333337,0.033268894662309235,0.09766271461687832
ergo_adaptive,124.91666666666663,0.03458438020745315,0.09761283149764424
ergo_adaptive,125.0,0.036106142247614104,0.09755473168235487
ergo_adaptive,125.08333333333337,0.03690171952734716,0.09748704630022972
ergo_adaptive,125.16666666666663,0.039537214877688305,0.09731913713047123
ergo_adaptive,125.25,0.03676515244845802,0.09705110211772419
ergo_adaptive,125.33333333333337,0.039397990586613,0.09675333293688296
ergo_adaptive,125.41666666666663,0.03908263666208371,0.09649168788878802
ergo_adaptive,125.5,0.038819018325622116,0.09618202973496355
ergo_adaptive,125.58333333333337,0.04258698373684094,0.09577354404705889
ergo_adaptive,125.66666666666663,0.04025593760940681,0.09534327154934624
ergo_adaptive,125.75,0.042668305572667674,0.09497005745523215
ergo_adaptive,125.83333333333337,0.04296529407222169,0.09461657958112708
ergo_adaptive,125.91666666666663,0.04890694796521734,0.0941979290750016
ergo_adaptive,126.0,0.04460063605960607,0.09373522023085114
ergo_adaptive,126.08333333333337,0.044581002115378875,0.09329906520321213
ergo_adaptive,126.16666666666663,0.04625836396267823,0.09290009614260358
ergo_adaptive,126.25,0.04785169090474653,0.09248159090406027
ergo_adaptive,126.33333333333337,0.05536577885505587,0.09202669882807525
ergo_adaptive,126.41666666666663,0.05782319305655646,0.09157454477829055
ergo_adaptive,126.5,0.056286838236432664,0.09115091778529633
ergo_adaptive,126.58333333333337,0.05240770343652,0.09074137829634535
ergo_adaptive,126.66666666666663,0.05316186276722653,0.09031371895088808
ergo_adaptive,126.75,0.04837370866432865,0.08987181671111362
ergo_adaptive,126.83333333333337,0.05365348963552019,0.08952813145838567
ergo_adaptive,126.91666666666663,0.051501489853282255,0.08925415023190195
ergo_adaptive,127.0,0.05435697135839629,0.08895804111563498
ergo_adaptive,127.08333333333337,0.05419542418142262,0.08857445752712459
ergo_adaptive,127.16666666666663,0.05419604517840155,0.08815180700641127
ergo_adaptive,127.25,0.05814182754155033,0.08776809376568716
ergo_adaptive,127.33333333333337,0.05632648859902932,0.087420076296452
ergo_adaptive,127.41666666666663,0.0508615379191551,0.08703803461893274
ergo_adaptive,127.5,0.04967687462161856,0.08698173126165824
ergo_adaptive,127.58333333333337,0.05421825165510768,0.08712381035937859
ergo_adaptive,127.66666666666663,0.05322461081671509,0.08726464946574858
ergo_adaptive,127.75,0.05338253853257393,0.08736713051003703
ergo_adaptive,127.83333333333337,0.0488953943544685,0.08746582233820092
ergo_adaptive,127.91666666666663,0.051312274449683094,0.08758939574505796
ergo_adaptive,128.0,0.05162206345771493,0.08772924142866051
ergo_adaptive,128.08333333333337,0.05189446112087223,0.0878726718168894
ergo_adaptive,128.16666666666663,0.051700943300492026,0.08800921948261385
ergo_adaptive,128.25,0.05221397706327259,0.0881453160192846
ergo_adaptive,128.33333333333337,0.053013848099003315,0.08827445505104876
ergo_adaptive,128.41666666666663,0.05139522848997443,0.08839319111778864
ergo_adaptive,128.5,0.0502341051680403,0.08851284768020076
ergo_adaptive,128.58333333333337,0.050784714040194974,0.08861669727065515
ergo_adaptive,128.66666666666663,0.048928297340824954,0.08870624991827673
ergo_adaptive,128.75,0.05345730406215629,0.08878357462841883
ergo_adaptive,128.83333333333337,0.05323864862910753,0.08888742422288144
ergo_adaptive,128.91666666666663,0.055584979672391906,0.08899837066166638
ergo_adaptive,129.0,0.051774324908877074,0.08908091982899027
ergo_adaptive,129.08333333333337,0.048085368488594564,0.08917776671776435
ergo_adaptive,129.16666666666663,0.050633870394077456,0.08927668170151626
ergo_adaptive,129.25,0.051726022672812795,0.08932979864365816
ergo_adaptive,129.33333333333337,0.05065548604311699,0.08928481813524321
ergo_adaptive,129.41666666666663,0.05103518822511661,0.08918811082341094
ergo_adaptive,129.5,0.05447531700735199,0.08913565729087448
ergo_adaptive,129.58333333333337,0.05534365471183285,0.08920119641246076
ergo_adaptive,129.66666666666663,0.0560827648709113,0.08929497151417806
ergo_adaptive,129.75,0.05425497970330018,0.08938772353190205
ergo_adaptive,129.83333333333337,0.05469619402521338,0.08948597320097867
ergo_adaptive,129.91666666666663,0.054737304810283695,0.08956926899865042
ergo_adaptive,130.0,0.05378786900313067,0.08964626623058368
ergo_adaptive,130.08333333333337,0.05451858049260498,0.08972043451679468
ergo_adaptive,130.16666666666663,0.05598985363771683,0.08980292628712355
ergo_adaptive,130.25,0.05524203955160329,0.08988529213034478
ergo_adaptive,130.33333333333337,0.05505485779171961,0.08997482251518392
ergo_adaptive,130.41666666666663,0.05252556399341096,0.09005960148391495
ergo_adaptive,130.5,0.05175237907681418,0.09013540096293421
ergo_adaptive,130.58333333333337,0.054847214941611,0.09018570794984576
ergo_adaptive,130.66666666666663,0.05398833858820898,0.09027355194716935
ergo_adaptive,130.75,0.05333463283902788,0.09035351738702711
ergo_adaptive,130.83333333333337,0.052772538903993076,0.09045003835605346
ergo_adaptive,130.91666666666663,0.04924645596395296,0.0904966716389408
ergo_adaptive,131.0,0.05133700601796228,0.09049109921539451
ergo_adaptive,131.08333333333337,0.0481892702085287,0.09055504793079373
ergo_adaptive,131.16666666666663,0.048979026166980126,0.0906059357990458
ergo_adaptive,131.25,0.048660814492403164,0.09063793182624771
ergo_adaptive,131.33333333333337,0.05111082443092504,0.09072224713307739
ergo_adaptive,131.41666666666663,0.048572097247366296,0.09081276714695632
ergo_adaptive,131.5,0.044195622276655945,0.0909118333458293
ergo_adaptive,131.58333333333337,0.04459016384223644,0.09097908019009637
ergo_adaptive,131.66666666666663,0.04873611891140471,0.0909579321790218
ergo_adaptive,131.75,0.04972369969949699,0.090847789487619
ergo_adaptive,131.83333333333337,0.05145789921540076,0.09068090319582836
ergo_adaptive,131.91666666666663,0.04802824325117865,0.09050705418880829
ergo_adaptive,132.0,0.04988579588433981,0.09034485231362441
ergo_adaptive,132.08333333333337,0.0481665707334648,0.09016885992139785
ergo_adaptive,132.16666666666663,0.05177037591357464,0.08996032222359927
ergo_adaptive,132.25,0.053735346425590906,0.08974005700753417
ergo_adaptive,132.33333333333337,0.05125626623957103,0.08954058603858224
ergo_adaptive,132.41666666666663,0.047358233783397076,0.08934629397529607
ergo_adaptive,132.5,0.04922975028313186,0.08912743778585788
ergo_adaptive,132.58333333333337,0.047215963093246625,0.08889290915255195
ergo_adaptive,132.66666666666663,0.04901692610945931,0.08868594932152549
ergo_adaptive,132.75,0.048874354311029315,0.08850341545744604
ergo_adaptive,132.83333333333337,0.05448822361753145,0.0883105451505407
ergo_adaptive,132.91666666666663,0.056107709061423296,0.08810494510792811
ergo_adaptive,133.0,0.05864329658365651,0.08791654861687596
ergo_adaptive,133.08333333333337,0.05659422661269005,0.08776649918220021
ergo_adaptive,133.16666666666663,0.05642806762406025,0.08762276977747716
ergo_adaptive,133.25,0.05392116740745882,0.08745774183815926
ergo_adaptive,133.33333333333337,0.06283244293564935,0.08730226168799
ergo_adaptive,133.41666666666663,0.06338918901624774,0.08720013671834183
ergo_adaptive,133.5,0.06378268651320915,0.0871287452814094
ergo_adaptive,133.58333333333337,0.06655667213083001,0.08702016136901353
ergo_adaptive,133.66666666666663,0.06659411493912233,0.08689946608257866
ergo_adaptive,133.75,0.06653104173035973,0.08682773917723743
ergo_adaptive,133.83333333333337,0.05860875602673884,0.08681564890812306
ergo_adaptive,133.91666666666663,0.05994120184498382,0.08678310065837566
ergo_adaptive,134.0,0.06232266324856857,0.08673256483426364
ergo_adaptive,134.08333333333337,0.06028065142029677,0.0867116210684687
ergo_adaptive,134.16666666666663,0.06825784306188809,0.08674712198956153
ergo_adaptive,134.25,0.063088865504555,0.08680082181970321
ergo_adaptive,134.33333333333337,0.05294639963757923,0.08684805806851068
ergo_adaptive,134.41666666666663,0.060120029964992674,0.08693062946987669
ergo_adaptive,134.5,0.0579977054416489,0.08705070975129739
ergo_adaptive,134.58333333333337,0.04086065002313388,0.0872061556236002
ergo_adaptive,134.66666666666663,0.03588222310386236,0.08742001041380894
ergo_adaptive,134.75,0.03989142804583606,0.08762090951612146
ergo_adaptive,134.83333333333337,0.04183194366145823,0.08777422929075035
ergo_adaptive,134.91666666666663,0.04188299675933311,0.08787205409957474
ergo_adaptive,135.0,0.042507562948022076,0.08793213584311868
ergo_adaptive,135.08333333333337,0.043029478355256945,0.08798138291182954
ergo_adaptive,135.16666666666663,0.043828305740723536,0.08805054912483334
ergo_adaptive,135.25,0.04525269482828613,0.08810630284891761
ergo_adaptive,135.33333333333337,0.044418244913637696,0.08810716428335619
ergo_adaptive,135.41666666666663,0.04169117211831696,0.08808404221388297
ergo_adaptive,135.5,0.042030514772392856,0.0880922366195074
ergo_adaptive,135.58333333333337,0.04241349384336239,0.08809381636941224
ergo_adaptive,135.66666666666663,0.04110977234876458,0.08807511534332109
ergo_adaptive,135.75,0.04040920611141116,0.08808842786674881
ergo_adaptive,135.83333333333337,0.04323973764082725,0.08816617863445671
ergo_adaptive,135.91666666666663,0.0432770906123835,0.08819828588913359
ergo_adaptive,136.0,0.04131937306753038,0.0881527389895323
ergo_adaptive,136.08333333333337,0.03994642962711782,0.088170966750032
ergo_adaptive,136.16666666666663,0.04060530473421855,0.08822132047577642
ergo_adaptive,136.25,0.04033749565192827,0.08827503141902056
ergo_adaptive,136.33333333333337,0.040202836008315576,0.08830869021237774
ergo_adaptive,136.41666666666663,0.03852979522942301,0.08830655306342562
ergo_adaptive,136.5,0.039208089658575335,0.08828534801919016
ergo_adaptive,136.58333333333337,0.04103548555434675,0.08827851595097765
ergo_adaptive,136.66666666666663,0.03997246009763357,0.08832545660978627
ergo_adaptive,136.75,0.038900396646589355,0.08838372553441108
ergo_adaptive,136.83333333333337,0.03974012029764563,0.0884665710786471
ergo_adaptive,136.91666666666663,0.03778128753883942,0.0886005151989094
ergo_adaptive,137.0,0.035539860344338765,0.08870248195468898
ergo_adaptive,137.08333333333337,0.036091377826466486,0.08874396781970943
ergo_adaptive,137.16666666666663,0.035069276690260213,0.08873921841135134
ergo_adaptive,137.25,0.037194565701696394,0.08873825168182359
ergo_adaptive,137.33333333333337,0.035172467211537946,0.08880512208657257
ergo_adaptive,137.41666666666663,0.03474682201392899,0.08890244682793404
ergo_adaptive,137.5,0.03375417239363462,0.08898886063388803
ergo_adaptive,137.58333333333337,0.035219709537143415,0.08904917385558411
ergo_adaptive,137.66666666666663,0.03434599667103,0.08910875279455995
ergo_adaptive,137.75,0.03675661186129623,0.08920870863616359
ergo_adaptive,137.83333333333337,0.0359559829018754,0.08930096892560435
ergo_adaptive,137.91666666666663,0.03645878715803886,0.08935389728735847
ergo_adaptive,138.0,0.03551430448837791,0.08937916614100452
ergo_adaptive,138.08333333333337,0.03687139791100311,0.08947252277935878
ergo_adaptive,138.16666666666663,0.03897887332803616,0.08957109030126549
ergo_adaptive,138.25,0.039112532659739484,0.08967425608760048
ergo_adaptive,138.33333333333337,0.04092946421872981,0.08972948655384895
ergo_adaptive,138.41666666666663,0.03695851312248222,0.08972062927425267
ergo_adaptive,138.5,0.03481642408641493,0.08980678089208509
ergo_adaptive,138.58333333333337,0.03204679454932983,0.08995145546116601
ergo_adaptive,138.66666666666663,0.032282050268215325,0.09009050032269733
ergo_adaptive,138.75,0.030165426769324415,0.0901849024953517
ergo_adaptive,138.83333333333337,0.02961224563349954,0.09022894605783018
ergo_adaptive,138.91666666666663,0.03065176318764841,0.09022864878132032
ergo_adaptive,139.0,0.0316836326406971,0.0901956721260287
ergo_adaptive,139.08333333333337,0.032149432447843185,0.09014071217948706
ergo_adaptive,139.16666666666663,0.03401239555845149,0.09005368275338095
ergo_adaptive,139.25,0.03295785848872414,0.08991843074429681
ergo_adaptive,139.33333333333337,0.03466055405913002,0.08977351881787884
ergo_adaptive,139.41666666666663,0.03502263836413919,0.08967567892576404
ergo_adaptive,139.5,0.03705720303881458,0.0895899973115192
ergo_adaptive,139.58333333333337,0.037248990949131755,0.08945032978226293
ergo_adaptive,139.66666666666663,0.038099797953821256,0.08927999842914289
ergo_adaptive,139.75,0.03534754718449561,0.08912395434274106
ergo_adaptive,139.83333333333337,0.03669630732199378,0.08912807649835652
ergo_adaptive,139.91666666666663,0.035830154495323306,0.08919433071286156
ergo_adaptive,140.0,0.03423106646272091,0.0892962547510615
ergo_adaptive,140.08333333333337,0.03679093097913609,0.08942361344361156
ergo_adaptive,140.16666666666663,0.035727091187721945,0.08956460465675345
ergo_adaptive,140.25,0.034891558258483744,0.08969653464880757
ergo_adaptive,140.33333333333337,0.03638832588375213,0.08983116412632713
ergo_adaptive,140.41666666666663,0.03642189255935913,0.08996411179563538
ergo_adaptive,140.5,0.03560254698647352,0.09007057982106022
ergo_adaptive,140.58333333333337,0.037084407784900894,0.09013925082062904
ergo_adaptive,140.66666666666663,0.037185693561379095,0.09018111900761501
ergo_adaptive,140.75,0.036929127147632364,0.09021850274191331
ergo_adaptive,140.83333333333337,0.036144740253429904,0.09025825749155832
ergo_adaptive,140.91666666666663,0.0374398282296965,0.09028260326846642
ergo_adaptive,141.0,0.03842011726437253,0.0902814345411992
ergo_adaptive,141.08333333333337,0.03757139534772398,0.09028632944256172
ergo_adaptive,141.16666666666663,0.036821580162396284,0.09033003871870009
ergo_adaptive,141.25,0.038607961686949986,0.09034753170282406
ergo_adaptive,141.33333333333337,0.04072649437119701,0.09032084362708657
ergo_adaptive,141.41666666666663,0.0380714032912883,0.09028938136385985
ergo_adaptive,141.5,0.03782441624359385,0.09028662524925345
ergo_adaptive,141.58333333333337,0.03806152362016964,0.09029893715401688
ergo_adaptive,141.66666666666663,0.04016694486237027,0.09030226889014205
ergo_adaptive,141.75,0.04394721668435859,0.09030865832462791
ergo_adaptive,141.83333333333337,0.042729449761426806,0.09033596764550626
ergo_adaptive,141.91666666666663,0.043841484385196805,0.0903999073861072
ergo_adaptive,142.0,0.04458994238829033,0.09049982545036026
ergo_adaptive,142.08333333333337,0.04684673663164426,0.09058795750797159
ergo_adaptive,142.16666666666663,0.04694768283231259,0.09066389533043741
ergo_adaptive,142.25,0.045940368444929255,0.09075404492399214
ergo_adaptive,142.33333333333337,0.04595802980146405,0.09086486514616668
ergo_adaptive,142.41666666666663,0.02805703427038392,0.09098788765716903
ergo_adaptive,142.5,0.02134199170143945,0.09117091656061875
ergo_adaptive,142.58333333333337,0.025285836474958454,0.0913764298116058
ergo_adaptive,142.66666666666663,0.028858693312502907,0.09156659271623395
ergo_adaptive,142.75,0.032233738341906994,0.0917093796306415
ergo_adaptive,142.83333333333337,0.034368052677245985,0.0918028848597414
ergo_adaptive,142.91666666666663,0.03532615225700285,0.09186507757982751
ergo_adaptive,143.0,0.03645358562151589,0.09191193476421425
ergo_adaptive,143.08333333333337,0.035602237304283656,0.09193491922907837
ergo_adaptive,143.16666666666663,0.038231323144880605,0.0919183151040561
ergo_adaptive,143.25,0.03948771269069821,0.09186452169695385
ergo_adaptive,143.33333333333337,0.03797124023073356,0.09179141908676577
ergo_adaptive,143.41666666666663,0.03853383043122312,0.09171155838285076
ergo_adaptive,143.5,0.03385472597708656,0.09162361717735591
ergo_adaptive,143.58333333333337,0.03613711153407891,0.09151264786605309
ergo_adaptive,143.66666666666663,0.038684635755324,0.09138921626069821
ergo_adaptive,143.75,0.036615039682205835,0.09129035497423664
ergo_adaptive,143.83333333333337,0.033124802409897326,0.09120717448006391
ergo_adaptive,143.91666666666663,0.03238265939594604,0.09109337751629948
ergo_adaptive,144.0,0.03187847191063047,0.09095322425941599
ergo_adaptive,144.08333333333337,0.03572429381841697,0.09080234086422093
ergo_adaptive,144.16666666666663,0.034520115851845404,0.09064045499823689
ergo_adaptive,144.25,0.034010648419987896,0.09048006612234641
ergo_adaptive,144.33333333333337,0.03029980597717212,0.09029431407704329
ergo_adaptive,144.41666666666663,0.029844811176049025,0.09007199369967174
ergo_adaptive,144.5,0.0325923018359459,0.08985868526451507
ergo_adaptive,144.58333333333337,0.033859404610178535,0.0896782382652675
ergo_adaptive,144.66666666666663,0.03252063103717214,0.08948361879845183
ergo_adaptive,144.75,0.03145435566148078,0.089258929360662
ergo_adaptive,144.83333333333337,0.028532332405599395,0.08903637553352177
ergo_adaptive,144.91666666666663,0.026115274248923015,0.08887059379205249
ergo_adaptive,145.0,0.027192888049276474,0.0887763589219617
ergo_adaptive,145.08333333333337,0.028755008624547124,0.08871151646747412
ergo_adaptive,145.16666666666663,0.030121746471123347,0.08862141844198049
ergo_adaptive,145.25,0.03339200162127499,0.0885039907650716
ergo_adaptive,145.33333333333337,0.033123243843890614,0.08838593805464756
ergo_adaptive,145.41666666666663,0.03444880670314557,0.0882628825842416
ergo_adaptive,145.5,0.036274035019115115,0.088112678760564
ergo_adaptive,145.58333333333337,0.033609867210694234,0.0879451603471667
ergo_adaptive,145.66666666666663,0.034181006622198994,0.08778694827327556
ergo_adaptive,145.75,0.03503837462412352,0.08767054592874751
ergo_adaptive,145.83333333333337,0.03705484683941619,0.08761312399849336
ergo_adaptive,145.91666666666663,0.035048604217097996,0.08749014317853862
ergo_adaptive,146.0,0.03296209663756989,0.08728877555682281
ergo_adaptive,146.08333333333337,0.030673116725315624,0.08713058225534201
ergo_adaptive,146.16666666666663,0.03375623349117599,0.08710412231493565
ergo_adaptive,146.25,0.033995290666988115,0.08711217448847228
ergo_adaptive,146.33333333333337,0.032319298685647896,0.08709884557812812
ergo_adaptive,146.41666666666663,0.035137803537487085,0.08701599825842025
ergo_adaptive,146.5,0.03463807909134559,0.08688123539289994
ergo_adaptive,146.58333333333337,0.03480417324581057,0.08672139228244145
ergo_adaptive,146.66666666666663,0.034717194529848255,0.08657580033711336
ergo_adaptive,146.75,0.0346524588526137,0.08642929691135519
ergo_adaptive,146.83333333333337,0.03622723937069047,0.08626880088243839
ergo_adaptive,146.91666666666663,0.035951575505005474,0.08613139982093808
ergo_adaptive,147.0,0.033826899085595975,0.08600147721978173
ergo_adaptive,147.08333333333337,0.03527941656757106,0.08607779692785568
ergo_adaptive,147.16666666666663,0.03594768763738493,0.08614883374446351
ergo_adaptive,147.25,0.03600310669808109,0.08612288274507976
ergo_adaptive,147.33333333333337,0.03497352833428077,0.08617501105777152
ergo_adaptive,147.41666666666663,0.03624838588015078,0.08631763673180635
ergo_adaptive,147.5,0.032464372286523054,0.08641114798598916
ergo_adaptive,147.58333333333337,0.03253766954987053,0.08657682397827104
ergo_adaptive,147.66666666666663,0.03291545254007048,0.08675422220801964
ergo_adaptive,147.75,0.03079080785349169,0.08687296117851064
ergo_adaptive,147.83333333333337,0.03116930007470938,0.08693354029100298
ergo_adaptive,147.91666666666663,0.03232464133761801,0.08696222702653914
ergo_adaptive,148.0,0.032378117376339506,0.08696755462791349
ergo_adaptive,148.08333333333337,0.030043780833309008,0.08693109524929876
ergo_adaptive,148.16666666666663,0.029732132003542487,0.08685802571726707
ergo_adaptive,148.25,0.02850272440641633,0.08678387276922793
ergo_adaptive,148.33333333333337,0.0264938736945249,0.08674017912659993
ergo_adaptive,148.41666666666663,0.026507752917944147,0.08678456440252558
ergo_adaptive,148.5,0.02773608569732656,0.08685840934230106
ergo_adaptive,148.58333333333337,0.025273489030911627,0.0869350152677294
ergo_adaptive,148.66666666666663,0.027309469790492848,0.08705050145360704
ergo_adaptive,148.75,0.03051620492319827,0.08713972554360007
ergo_adaptive,148.83333333333337,0.032268895857415776,0.08723831341629844
ergo_adaptive,148.91666666666663,0.03391345511948429,0.08733016738285367
ergo_adaptive,149.0,0.03338677906683244,0.08741112533805132
ergo_adaptive,149.08333333333337,0.03367034373874195,0.08748247322366032
ergo_adaptive,149.16666666666663,0.03444356380643427,0.08753827722599598
ergo_adaptive,149.25,0.03373490484396679,0.08756725462559792
ergo_adaptive,149.33333333333337,0.03196176270076711,0.08756947152741398
ergo_adaptive,149.41666666666663,0.03136688571003929,0.08763263597058996
ergo_adaptive,149.5,0.029625764777447126,0.08773299863274761
ergo_adaptive,149.58333333333337,0.030227234374532085,0.08784938124817092
ergo_adaptive,149.66666666666663,0.030968267351225764,0.08797295072882043
ergo_adaptive,149.75,0.031398277885237115,0.08807402551750328
ergo_adaptive,149.83333333333337,0.031246290316957564,0.08814716887689539
ergo_adaptive,149.91666666666663,0.03099781456473066,0.0881961774133019
ergo_adaptive,150.0,0.030015925025226976,0.08823348902703082
ergo_adaptive,150.08333333333337,0.029639350973767572,0.08829509125148335
ergo_adaptive,150.16666666666663,0.03006839660181449,0.08831352443897471
ergo_adaptive,150.25,0.030394288294566082,0.08840102314968101
ergo_adaptive,150.33333333333337,0.02875777150709527,0.08847734269373503
ergo_adaptive,150.41666666666663,0.028530827842967694,0.0885392171844056
ergo_adaptive,150.5,0.03078236891176962,0.08857603862165578
ergo_adaptive,150.58333333333337,0.02978488815694806,0.08867609118922251
ergo_adaptive,150.66666666666663,0.029371903327166812,0.08878362478194443
ergo_adaptive,150.75,0.029860513707932624,0.08884426126459156
ergo_adaptive,150.83333333333337,0.029758196595122195,0.08893309958023102
ergo_adaptive,150.91666666666663,0.03231891142908645,0.08903796386985158
ergo_adaptive,151.0,0.0316275057371107,0.08913761431193677
ergo_adaptive,151.08333333333337,0.02973183263154217,0.0892160304126081
ergo_adaptive,151.16666666666663,0.029826864350618643,0.08930541701380615
ergo_adaptive,151.25,0.03161953310536538,0.0893999727409625
ergo_adaptive,151.33333333333337,0.028487893049619305,0.08947621365349392
ergo_adaptive,151.41666666666663,0.029286560596270033,0.08951105924163356
ergo_adaptive,151.5,0.026209367571196483,0.08946607411208948
ergo_adaptive,151.58333333333337,0.025965412915083065,0.08948767042831188
ergo_adaptive,151.66666666666663,0.02548974774949681,0.08957073326343519
ergo_adaptive,151.75,0.02909173771005023,0.0896475959402751
ergo_adaptive,151.83333333333337,0.03164707945937445,0.08973834621911297
ergo_adaptive,151.91666666666663,0.03205650473054504,0.08982572634362312
ergo_adaptive,152.0,0.03212997550070226,0.08988714186216466
ergo_adaptive,152.08333333333337,0.03312881963120823,0.08992104784735076
ergo_adaptive,152.16666666666663,0.03474549454315911,0.08993371482127394
ergo_adaptive,152.25,0.033337754095275784,0.08992957333811342
ergo_adaptive,152.33333333333337,0.03543905033605547,0.08990341330060404
ergo_adaptive,152.41666666666663,0.03561931492085119,0.08984707127831104
ergo_adaptive,152.5,0.03405689511759679,0.08976167527196936
ergo_adaptive,152.58333333333337,0.03474452070834433,0.08964304691759648
ergo_adaptive,152.66666666666663,0.03413030883324592,0.08944831020737422
ergo_adaptive,152.75,0.03442906704496314,0.08942253816466547
ergo_adaptive,152.83333333333337,0.0344881612613385,0.08942237920562723
ergo_adaptive,152.91666666666663,0.03501516593758738,0.08949403924587591
ergo_adaptive,153.0,0.0311360392213732,0.08948537187158655
ergo_adaptive,153.08333333333337,0.02994654856880224,0.08955989510343071
ergo_adaptive,153.16666666666663,0.0309118813650448,0.08968956810902612
ergo_adaptive,153.25,0.0319509593309369,0.08977716476154386
ergo_adaptive,153.33333333333337,0.03009401364703397,0.08980813591775245
ergo_adaptive,153.41666666666663,0.029232121883430093,0.08979865622426476
ergo_adaptive,153.5,0.029824523947170254,0.08976929869018987
ergo_adaptive,153.58333333333337,0.028722651169185025,0.0897366697651283
ergo_adaptive,153.66666666666663,0.03146197172612895,0.08972519729848692
ergo_adaptive,153.75,0.03130590764256919,0.08969557954970735
ergo_adaptive,153.83333333333337,0.031088484217874315,0.08962102184916841
ergo_adaptive,153.91666666666663,0.03263618176807152,0.08951544157396246
ergo_adaptive,154.0,0.031043452498781536,0.08940412488187588
ergo_adaptive,154.08333333333337,0.030466651010755196,0.08930882166395589
ergo_adaptive,154.16666666666663,0.029691024755114898,0.08923389798337256
ergo_adaptive,154.25,0.02841869578868765,0.08916314690902734
ergo_adaptive,154.33333333333337,0.029609054442859772,0.08908236928125747
ergo_adaptive,154.41666666666663,0.027350708810806645,0.08897178523583352
ergo_adaptive,154.5,0.028043769486629903,0.08894877961378957
ergo_adaptive,154.58333333333337,0.02820683001510175,0.08896862705752098
ergo_adaptive,154.66666666666663,0.02707586730161591,0.08902775934318859
ergo_adaptive,154.75,0.026480394338878378,0.08914292099146442
ergo_adaptive,154.83333333333337,0.027593714694887993,0.08926953091093014
ergo_adaptive,154.91666666666663,0.025944296024152404,0.08937677271885684
ergo_adaptive,155.0,0.026828782288256293,0.0894604349266747
ergo_adaptive,155.08333333333337,0.026341895936014808,0.08953586728058138
ergo_adaptive,155.16666666666663,0.030125802175839975,0.08958941330248373
ergo_adaptive,155.25,0.02824645702088746,0.089623490547544
ergo_adaptive,155.33333333333337,0.02729146892254652,0.08962529272581195
ergo_adaptive,155.41666666666663,0.03122422633802277,0.08960880351440034
ergo_adaptive,155.5,0.03133200461834646,0.08962279417063385
ergo_adaptive,155.58333333333337,0.028197942121082738,0.0896523644972534
ergo_adaptive,155.66666666666663,0.028051518081004295,0.08965731866372327
ergo_adaptive,155.75,0.029336864011285078,0.08971614906642131
ergo_adaptive,155.83333333333337,0.029446358729802863,0.08977318640466882
ergo_adaptive,155.91666666666663,0.027726019988797618,0.08982205952901011
ergo_adaptive,156.0,0.027956672566831292,0.08991522962084034
ergo_adaptive,156.08333333333337,0.026682045345537145,0.09003190797485189
ergo_adaptive,156.16666666666663,0.027089789348728008,0.09014545465944748
ergo_adaptive,156.25,0.029017330124894148,0.09020838608746222
ergo_adaptive,156.33333333333337,0.029392073513424932,0.09019820565984389
ergo_adaptive,156.41666666666663,0.02715282605666706,0.09014322587809417
ergo_adaptive,156.5,0.02579967312337811,0.09013271677544554
ergo_adaptive,156.58333333333337,0.02453683377418574,0.09018278483846945
ergo_adaptive,156.66666666666663,0.025223435597514974,0.09025901677382193
ergo_adaptive,156.75,0.027045750637240924,0.09033399517137734
ergo_adaptive,156.83333333333337,0.025679760468244963,0.09039230306560112
ergo_adaptive,156.91666666666663,0.025706357974118042,0.09042878976519801
ergo_adaptive,157.0,0.024568137604007882,0.0904513348847724
ergo_adaptive,157.08333333333337,0.024643153738012798,0.090516080614446
ergo_adaptive,157.16666666666663,0.02609175731881049,0.09060445988477936
ergo_adaptive,157.25,0.0269035778351426,0.09070090390833463
ergo_adaptive,157.33333333333337,0.025709407625882915,0.0907819604357827
ergo_adaptive,157.41666666666663,0.023979299299941293,0.09083245984481739
ergo_adaptive,157.5,0.02571958411430571,0.09086041361976357
ergo_adaptive,157.58333333333337,0.026252320628740927,0.0908808480389824
ergo_adaptive,157.66666666666663,0.026688589248208175,0.09089556033743246
ergo_adaptive,157.75,0.02859045284068151,0.09089709275239538
ergo_adaptive,157.83333333333337,0.03107844103906357,0.09088088240798048
ergo_adaptive,157.91666666666663,0.030232014554659098,0.09085341434892547
ergo_adaptive,158.0,0.029850038825563,0.09082139957400753
ergo_adaptive,158.08333333333337,0.029254032189787917,0.09075395627625626
ergo_adaptive,158.16666666666663,0.030406637513308,0.09062471137512361
ergo_adaptive,158.25,0.030993790386309363,0.09045969893417366
ergo_adaptive,158.33333333333337,0.03358595181166163,0.09032110397008129
ergo_adaptive,158.41666666666663,0.03441438998778823,0.09021392046527837
ergo_adaptive,158.5,0.03535314186851403,0.09005267544061275
ergo_adaptive,158.58333333333337,0.037396526716445354,0.08985898156396496
ergo_adaptive,158.66666666666663,0.03402721513276396,0.0896770288627807
ergo_adaptive,158.75,0.0316040155600139,0.08952500246421669
ergo_adaptive,158.83333333333337,0.03299182287745188,0.08940114790935577
ergo_adaptive,158.91666666666663,0.0345961079738877,0.08927871494976998
ergo_adaptive,159.0,0.040103810125895485,0.08915482601892918
ergo_adaptive,159.08333333333337,0.03531426538908939,0.08904963983076818
ergo_adaptive,159.16666666666663,0.035105866458376773,0.08899008195809378
ergo_adaptive,159.25,0.03768196456633543,0.08894220155868478
ergo_adaptive,159.33333333333337,0.036676529671585016,0.0888552980249757
ergo_adaptive,159.41666666666663,0.037259528604573634,0.08875892079365864
ergo_adaptive,159.5,0.03581865560294294,0.08869116784807661
ergo_adaptive,159.58333333333337,0.035389222973684256,0.08868676448288101
ergo_adaptive,159.66666666666663,0.03797710361485312,0.08876535745776673
ergo_adaptive,159.75,0.04450909689161613,0.08880985282163802
ergo_adaptive,159.83333333333337,0.04190145961087081,0.08881768122854666
ergo_adaptive,159.91666666666663,0.0448674208255487,0.0888181132625844
ergo_adaptive,160.0,0.0434185004106113,0.08881313716948845
ergo_adaptive,160.08333333333337,0.04851240341438493,0.08880309207184778
ergo_adaptive,160.16666666666663,0.052365240046064215,0.08878968761671376
ergo_adaptive,160.25,0.05087556300017938,0.08877760228232362
ergo_adaptive,160.33333333333337,0.055652714609224226,0.08878161959680926
ergo_adaptive,160.41666666666663,0.05765500655878476,0.08880550005100678
ergo_adaptive,160.5,0.03347453850479211,0.08882933837070421
ergo_adaptive,160.58333333333337,0.03866850915078284,0.0889912201902808
ergo_adaptive,160.66666666666663,0.04104098244979806,0.08921206822447778
ergo_adaptive,160.75,0.04206906832464448,0.08940537910971663
ergo_adaptive,160.83333333333337,0.0419943535393581,0.08955210022761168
ergo_adaptive,160.91666666666663,0.04490968562450628,0.08966694997534773
ergo_adaptive,161.0,0.028484056831826733,0.08979906051493508
ergo_adaptive,161.08333333333337,0.019139426115276234,0.08997668702019522
ergo_adaptive,161.16666666666663,0.02241279586450369,0.09015533854638279
ergo_adaptive,161.25,0.02587946996109846,0.09030266289067856
ergo_adaptive,161.33333333333337,0.028393756493563536,0.090389934900989
ergo_adaptive,161.41666666666663,0.02846159459779278,0.09038667330904834
ergo_adaptive,161.5,0.0321403838522466,0.09029229887229237
ergo_adaptive,161.58333333333337,0.03005251547314605,0.09013824499049582
ergo_adaptive,161.66666666666663,0.032039048452193825,0.08996960669998963
ergo_adaptive,161.75,0.033908073718829305,0.08983278576274549
ergo_adaptive,161.83333333333337,0.03419404945649903,0.08972783530821384
ergo_adaptive,161.91666666666663,0.03716771520787217,0.08953980056827787
ergo_adaptive,162.0,0.03643239072650668,0.08927398181072989
ergo_adaptive,162.08333333333337,0.03571821658098618,0.08898835312985534
ergo_adaptive,162.16666666666663,0.037761142206867826,0.08872588004795867
ergo_adaptive,162.25,0.03659559459478916,0.08850091743389317
ergo_adaptive,162.33333333333337,0.037618527688137136,0.08829706913307628
ergo_adaptive,162.41666666666663,0.038306595933534755,0.08804792805623679
ergo_adaptive,162.5,0.03977346791993465,0.08774562920206226
ergo_adaptive,162.58333333333337,0.03832067518607697,0.08744322923314853
ergo_adaptive,162.66666666666663,0.038287539420247145,0.08715065539041245
ergo_adaptive,162.75,0.037739845435894454,0.08684610743785628
ergo_adaptive,162.83333333333337,0.040014501385403384,0.08653373641421287
ergo_adaptive,162.91666666666663,0.04151859856430069,0.08621467340234819
ergo_adaptive,163.0,0.04240278861457262,0.08591257328472619
ergo_adaptive,163.08333333333337,0.041573979540373444,0.08568510424606707
ergo_adaptive,163.16666666666663,0.03891701001809777,0.08545148790335827
ergo_adaptive,163.25,0.03811863131610454,0.08510324132085251
ergo_adaptive,163.33333333333337,0.03914954599061513,0.08470803594328277
ergo_adaptive,163.41666666666663,0.038720425693146814,0.08432559033780564
ergo_adaptive,163.5,0.03878580525679542,0.0839948948070792
ergo_adaptive,163.58333333333337,0.04509704849747531,0.08374149426569036
ergo_adaptive,163.66666666666663,0.041972287302144695,0.08349084486779834
ergo_adaptive,163.75,0.039029721589709035,0.08315532076165012
ergo_adaptive,163.83333333333337,0.03834817713644778,0.08283599647397241
ergo_adaptive,163.91666666666663,0.0414961446289371,0.08260805647542173
ergo_adaptive,164.0,0.04475971006316811,0.08237765577103204
ergo_adaptive,164.08333333333337,0.04642252207061986,0.08214594356531806
ergo_adaptive,164.16666666666663,0.046256980683774575,0.08190728504969005
ergo_adaptive,164.25,0.043511130808606586,0.08162509881451308
ergo_adaptive,164.33333333333337,0.0397712143213555,0.0813143060130473
ergo_adaptive,164.41666666666663,0.0410705298775222,0.08124314363078995
ergo_adaptive,164.5,0.04055124745522624,0.08116789475360486
ergo_adaptive,164.58333333333337,0.04204510623217056,0.08106947860156068
ergo_adaptive,164.66666666666663,0.04138192375736271,0.08092805170116908
ergo_adaptive,164.75,0.0437669682654411,0.08076285440709217
ergo_adaptive,164.83333333333337,0.04240496801056802,0.08061927508054414
ergo_adaptive,164.91666666666663,0.0419754925733427,0.08049276498192175
ergo_adaptive,165.0,0.043002613755325804,0.0803451442896712
ergo_adaptive,165.08333333333337,0.04574117473962248,0.08015685213967792
ergo_adaptive,165.16666666666663,0.04492113340035651,0.07995607376025408
ergo_adaptive,165.25,0.045000401203064956,0.07972813166874684
ergo_adaptive,165.33333333333337,0.04414797716331807,0.07950808188640995
ergo_adaptive,165.41666666666663,0.046597408716669744,0.07938684391132632
ergo_adaptive,165.5,0.04711209274908878,0.07930879244871673
ergo_adaptive,165.58333333333337,0.04186940308810926,0.07919831420032435
ergo_adaptive,165.66666666666663,0.04361311886624606,0.07929239965426385
ergo_adaptive,165.75,0.0450904840600582,0.07941914776334764
ergo_adaptive,165.83333333333337,0.04523164427375383,0.07946809919171263
ergo_adaptive,165.91666666666663,0.04443400083678063,0.07946075682752392
ergo_adaptive,166.0,0.04558337620268973,0.07945037449520519
ergo_adaptive,166.08333333333337,0.04463419756714837,0.07950916854800236
ergo_adaptive,166.16666666666663,0.04454371550389278,0.07965300644114652
ergo_adaptive,166.25,0.043669680618765604,0.0798280205842113
ergo_adaptive,166.33333333333337,0.044076294333595153,0.0800081704879097
ergo_adaptive,166.41666666666663,0.04436276123981016,0.08018767099790639
ergo_adaptive,166.5,0.04557432562392559,0.08037208416910976
ergo_adaptive,166.58333333333337,0.0448822544099486,0.08051693596491301
ergo_adaptive,166.66666666666663,0.04585823276429472,0.08067834764046412
ergo_adaptive,166.75,0.047116417385389235,0.08082779632805775
ergo_adaptive,166.83333333333337,0.0455851735323667,0.08093168178822642
ergo_adaptive,166.91666666666663,0.04733506176132056,0.08107753140480409
ergo_adaptive,167.0,0.04801511024994688,0.08121256689098054
ergo_adaptive,167.08333333333337,0.049479793598914364,0.081288923872207
ergo_adaptive,167.16666666666663,0.04753745299455378,0.08125041115720871
ergo_adaptive,167.25,0.046981696617561755,0.0813541497145091
ergo_adaptive,167.33333333333337,0.044863964886635965,0.08155450209016217
ergo_adaptive,167.41666666666663,0.04437200462476769,0.08171270325125622
ergo_adaptive,167.5,0.04357795160433253,0.08179785789719712
ergo_adaptive,167.58333333333337,0.0452599022261785,0.08183519385239045
ergo_adaptive,167.66666666666663,0.043847932684657205,0.08186313594035577
ergo_adaptive,167.75,0.0448941156031533,0.08191146810281903
ergo_adaptive,167.83333333333337,0.04791736189761352,0.08205606600864408
ergo_adaptive,167.91666666666663,0.04704594123766929,0.08220843669708466
ergo_adaptive,168.0,0.049067109087603415,0.08235797628766581
ergo_adaptive,168.08333333333337,0.04873891986329027,0.0824927287734223
ergo_adaptive,168.16666666666663,0.047833991356883335,0.08260417089440214
ergo_adaptive,168.25,0.047590094377596474,0.08273170705992912
ergo_adaptive,168.33333333333337,0.04614527322973747,0.08286386095729052
ergo_adaptive,168.41666666666663,0.045785361190509605,0.08299515420973899
ergo_adaptive,168.5,0.04492108683236331,0.0830378199380014
ergo_adaptive,168.58333333333337,0.04676305578252406,0.08312630241928898
ergo_adaptive,168.66666666666663,0.04456568711844097,0.08326355839158328
ergo_adaptive,168.75,0.04536440447611896,0.08336755620439963
ergo_adaptive,168.83333333333337,0.04520282675820562,0.08338175357383676
ergo_adaptive,168.91666666666663,0.04378047938434077,0.08345133867924429
ergo_adaptive,169.0,0.04585048568542076,0.0834912584697174
ergo_adaptive,169.08333333333337,0.045923241352234745,0.08359050150552856
ergo_adaptive,169.16666666666663,0.04298680401688338,0.08370777684554079
ergo_adaptive,169.25,0.042719705127326715,0.08377878752417615
ergo_adaptive,169.33333333333337,0.043353156037412244,0.08379918272458545
ergo_adaptive,169.41666666666663,0.04254523435518486,0.08383530512919042
ergo_adaptive,169.5,0.04454582967496981,0.08394569700704066
ergo_adaptive,169.58333333333337,0.04488637654593967,0.08407663924224298
ergo_adaptive,169.66666666666663,0.045955760346116,0.08421546436648374
ergo_adaptive,169.75,0.04380649181000645,0.08434310512580914
ergo_adaptive,169.83333333333337,0.045778464062899336,0.08448337506897628
ergo_adaptive,169.91666666666663,0.04776631913049536,0.08461082224757477
ergo_adaptive,170.0,0.04701790043935491,0.08470154342295728
ergo_adaptive,170.08333333333337,0.04827663934599152,0.08479825574613041
ergo_adaptive,170.16666666666663,0.04883680215426315,0.0848496024223748
ergo_adaptive,170.25,0.052508555064973525,0.0848616365635122
ergo_adaptive,170.33333333333337,0.05173892206486293,0.08484919544165637
ergo_adaptive,170.41666666666663,0.05350069063997786,0.08481106749409471
ergo_adaptive,170.5,0.050074817065553556,0.08474703376179797
ergo_adaptive,170.58333333333337,0.055116034813408744,0.08469170659756407
ergo_adaptive,170.66666666666663,0.05518399152956601,0.08461592907372649
ergo_adaptive,170.75,0.05619659855054852,0.08449343437853485
ergo_adaptive,170.83333333333337,0.055928763729231536,0.0843205120298522
ergo_adaptive,170.91666666666663,0.05881508548528308,0.0840943266383607
ergo_adaptive,171.0,0.058592065854037687,0.0838576871769819
ergo_adaptive,171.08333333333337,0.05904643127152266,0.08363951397189366
ergo_adaptive,171.16666666666663,0.05719239653521607,0.08341524347920695
ergo_adaptive,171.25,0.05494162868786068,0.08317146954280309
ergo_adaptive,171.33333333333337,0.05562380378307912,0.08292406695516899
ergo_adaptive,171.41666666666663,0.06129559138379163,0.08268633939109836
ergo_adaptive,171.5,0.05850756685529484,0.08247179206055011
ergo_adaptive,171.58333333333337,0.061538333506603045,0.08229247635496591
ergo_adaptive,171.66666666666663,0.05750311711088452,0.08210302684900732
ergo_adaptive,171.75,0.059649329969119466,0.08187247682465072
ergo_adaptive,171.83333333333337,0.057565630986645695,0.08163063074631091
ergo_adaptive,171.91666666666663,0.061507879720900854,0.08141107935657799
ergo_adaptive,172.0,0.060870268814974544,0.08123067663324772
ergo_adaptive,172.08333333333337,0.0629584342017787,0.08109904488769656
ergo_adaptive,172.16666666666663,0.06484191371616586,0.08096387956671278
ergo_adaptive,172.25,0.065429127906642,0.08078033948572784
ergo_adaptive,172.33333333333337,0.06945412884951206,0.08057981942690906
ergo_adaptive,172.41666666666663,0.06913434608582042,0.08039857765387559
ergo_adaptive,172.5,0.06474563242839916,0.08026499327104765
ergo_adaptive,172.58333333333337,0.06825471722444175,0.08020972402751118
ergo_adaptive,172.66666666666663,0.06259737719119068,0.08015364180992178
ergo_adaptive,172.75,0.06732431971673174,0.0800307778563108
ergo_adaptive,172.83333333333337,0.07311853490617586,0.07988831416471348
ergo_adaptive,172.91666666666663,0.07018513101502832,0.0797718034793841
ergo_adaptive,173.0,0.06628109135325565,0.07970741299087178
ergo_adaptive,173.08333333333337,0.06728581736471562,0.07971058949332072
ergo_adaptive,173.16666666666663,0.06737844127522562,0.07973077562308763
ergo_adaptive,173.25,0.07377560266235535,0.07970313481742021
ergo_adaptive,173.33333333333337,0.07172651243752078,0.07966402313318095
ergo_adaptive,173.41666666666663,0.06894202338168992,0.07965238309343949
ergo_adaptive,173.5,0.06702343830566283,0.07967508166234755
ergo_adaptive,173.58333333333337,0.07030375304574575,0.07972767120039104
ergo_adaptive,173.66666666666663,0.07097013011636316,0.07979715821254106
ergo_adaptive,173.75,0.06621866857958246,0.0798733333645833
ergo_adaptive,173.83333333333337,0.07259152873855779,0.07996075065467784
ergo_adaptive,173.91666666666663,0.07341145964976832,0.0800752001050194
ergo_adaptive,174.0,0.07640406963252079,0.08021023635672292
ergo_adaptive,174.08333333333337,0.07779738898560648,0.080354928528104
ergo_adaptive,174.16666666666663,0.07316649292593355,0.08051027741511818
ergo_adaptive,174.25,0.0724318694863392,0.08068202361259927
ergo_adaptive,174.33333333333337,0.07082600246092415,0.0808754493485236
ergo_adaptive,174.41666666666663,0.05863837729136282,0.08108937536720454
ergo_adaptive,174.5,0.061800366936492955,0.08134511691167338
ergo_adaptive,174.58333333333337,0.0628063082561674,0.08158675479874444
ergo_adaptive,174.66666666666663,0.06528672390646302,0.08179517670098331
ergo_adaptive,174.75,0.06649970164131312,0.08196037389018834
ergo_adaptive,174.83333333333337,0.0659593175931776,0.08209065273359623
ergo_adaptive,174.91666666666663,0.06637424217447443,0.08219410310062747
ergo_adaptive,175.0,0.06724069607707772,0.08224027141393836
ergo_adaptive,175.08333333333337,0.06681107859002072,0.08225036034805278
ergo_adaptive,175.16666666666663,0.06692113580722475,0.08227428192060957
ergo_adaptive,175.25,0.0687230822780585,0.08232003034572427
ergo_adaptive,175.33333333333337,0.06796176343899496,0.08232582521348436
ergo_adaptive,175.41666666666663,0.06794048335692798,0.08229997189514432
ergo_adaptive,175.5,0.06799580488380302,0.08228538540649448
ergo_adaptive,175.58333333333337,0.06788459535663524,0.08230344094284539
ergo_adaptive,175.66666666666663,0.06634552727459557,0.08243915654468206
ergo_adaptive,175.75,0.06688501443222687,0.08263096534077059
ergo_adaptive,175.83333333333337,0.06805426405727616,0.08283383628518827
ergo_adaptive,175.91666666666663,0.06707215010644557,0.08303299038470778
ergo_adaptive,176.0,0.06650801302684102,0.08322854209624912
ergo_adaptive,176.08333333333337,0.0685207201554573,0.08340947086519819
ergo_adaptive,176.16666666666663,0.06859930875264322,0.08359197040613359
ergo_adaptive,176.25,0.07120324180511049,0.08377278183533725
ergo_adaptive,176.33333333333337,0.0707624054004482,0.08394958617967238
ergo_adaptive,176.41666666666663,0.06881087765886518,0.0841148660322625
ergo_adaptive,176.5,0.0679130705187589,0.08429673551139993
ergo_adaptive,176.58333333333337,0.06615914923715167,0.08447482823511247
ergo_adaptive,176.66666666666663,0.06940317245527608,0.08462386922392866
ergo_adaptive,176.75,0.0690409302220966,0.08474196730517664
ergo_adaptive,176.83333333333337,0.07091281489008665,0.08483337975690712
ergo_adaptive,176.91666666666663,0.07056649398432754,0.08495963649812956
ergo_adaptive,177.0,0.07009580249991117,0.08509264290581707
ergo_adaptive,177.08333333333337,0.07078493019521054,0.08519998924261352
ergo_adaptive,177.16666666666663,0.06982315277433815,0.08531732981611347
ergo_adaptive,177.25,0.07192509467553866,0.08540241288518098
ergo_adaptive,177.33333333333337,0.0709791516749844,0.08554580493374492
ergo_adaptive,177.41666666666663,0.06930672354089734,0.08565948626791871
ergo_adaptive,177.5,0.06862688132268437,0.0856805458313879
ergo_adaptive,177.58333333333337,0.06790527010357686,0.08566083638504779
ergo_adaptive,177.66666666666663,0.06649600658076184,0.08574621150902258
ergo_adaptive,177.75,0.06712888921350359,0.08584671099104553
ergo_adaptive,177.83333333333337,0.06696106161913971,0.08598521980530237
ergo_adaptive,177.91666666666663,0.0674524204379015,0.08614502921584592
ergo_adaptive,178.0,0.06893658722438072,0.08629899613422949
ergo_adaptive,178.08333333333337,0.0691118486349138,0.08642183628583917
ergo_adaptive,178.16666666666663,0.06796308379789304,0.08651630206213091
ergo_adaptive,178.25,0.06556476622592251,0.08660447365844208
ergo_adaptive,178.33333333333337,0.06352643401690179,0.08673139468858007
ergo_adaptive,178.41666666666663,0.06283912669274122,0.08687548327966584
ergo_adaptive,178.5,0.062120825152924664,0.08702155251768483
ergo_adaptive,178.58333333333337,0.06242266090638841,0.08715840880722932
ergo_adaptive,178.66666666666663,0.06295487531284916,0.0872270628551721
ergo_adaptive,178.75,0.06475109684858894,0.08721749972278246
ergo_adaptive,178.83333333333337,0.065486767717439,0.08716428065328792
ergo_adaptive,178.91666666666663,0.06451830616642458,0.0871020925078753
ergo_adaptive,179.0,0.06515588269537557,0.08703126816782038
ergo_adaptive,179.08333333333337,0.0651357835303373,0.08693551998978796
ergo_adaptive,179.16666666666663,0.06576948593181468,0.08681984706708402
ergo_adaptive,179.25,0.06588898320291996,0.08671549036562742
ergo_adaptive,179.33333333333337,0.06470122121404254,0.08663801839706005
ergo_adaptive,179.41666666666663,0.06475399835799397,0.0865770646966249
ergo_adaptive,179.5,0.06644209928415327,0.0864928669916514
ergo_adaptive,179.58333333333337,0.06774155191811528,0.0864057104747782
ergo_adaptive,179.66666666666663,0.06675922500729402,0.08633253394335416
ergo_adaptive,179.75,0.06546994793048042,0.0862705051854312
ergo_adaptive,179.83333333333337,0.06410805852244186,0.08638322750640433
ergo_adaptive,179.91666666666663,0.06520534290218497,0.0865705345386904
ergo_adaptive,180.0,0.06528286614941349,0.08675916500243983
ergo_adaptive,180.08333333333337,0.06435423935937074,0.08693930179679069
ergo_adaptive,180.16666666666663,0.06315645580399447,0.08711569624290513
ergo_adaptive,180.25,0.0629402041100914,0.08729074451454276
ergo_adaptive,180.33333333333337,0.06367444678028013,0.08744930013535591
ergo_adaptive,180.41666666666663,0.06368097999879517,0.08761136757085151
ergo_adaptive,180.5,0.06336353441543026,0.08777313859195306
ergo_adaptive,180.58333333333337,0.06400033646343414,0.08792116068317336
ergo_adaptive,180.66666666666663,0.06570850347451342,0.0880812030507012
ergo_adaptive,180.75,0.06792949757639559,0.08824145389294437
ergo_adaptive,180.83333333333337,0.06683084133031214,0.08834990196492687
ergo_adaptive,180.91666666666663,0.06423698976484285,0.08840579117655317
ergo_adaptive,181.0,0.0638098516371292,0.0885070485858974
ergo_adaptive,181.08333333333337,0.06471970540321645,0.08864479259797153
ergo_adaptive,181.16666666666663,0.0655074236264001,0.08880137023193001
ergo_adaptive,181.25,0.06555185171531461,0.08895912154080554
ergo_adaptive,181.33333333333337,0.0662178725484436,0.08910151726265704
ergo_adaptive,181.41666666666663,0.06687449284445547,0.0892100632337195
ergo_adaptive,181.5,0.0648186046500781,0.08927190068282166
ergo_adaptive,181.58333333333337,0.06676444114267359,0.08936368593346504
ergo_adaptive,181.66666666666663,0.06604644702783805,0.08946612789037357
ergo_adaptive,181.75,0.06781051236862189,0.08958902770828804
ergo_adaptive,181.83333333333337,0.06555993492337252,0.08969999434677414
ergo_adaptive,181.91666666666663,0.06531593131415514,0.08981594238891999
ergo_adaptive,182.0,0.06542792178917244,0.08994263342903945
ergo_adaptive,182.08333333333337,0.06531240371991713,0.09005004955938062
ergo_adaptive,182.16666666666663,0.06459379131097782,0.09017219669359754
ergo_adaptive,182.25,0.06170905825083952,0.09028443626256329
ergo_adaptive,182.33333333333337,0.06430917432767252,0.09033796469725057
ergo_adaptive,182.41666666666663,0.06348806912268116,0.09041732045075926
ergo_adaptive,182.5,0.06155772692462882,0.09049735206264685
ergo_adaptive,182.58333333333337,0.06411640958383089,0.09053072795589598
ergo_adaptive,182.66666666666663,0.06512943567570093,0.09060298366587044
ergo_adaptive,182.75,0.06311835007299922,0.0907202835551613
ergo_adaptive,182.83333333333337,0.06378133846894429,0.09080483532220682
ergo_adaptive,182.91666666666663,0.06451891335316236,0.09085143459640863
ergo_adaptive,183.0,0.06576220242631828,0.09092107685135262
ergo_adaptive,183.08333333333337,0.0667084734973949,0.09102908793035669
ergo_adaptive,183.16666666666663,0.06588287970310393,0.09116027924376112
ergo_adaptive,183.25,0.06797952857484535,0.09127666031045202
ergo_adaptive,183.33333333333337,0.06598529956293937,0.09134173171087728
ergo_adaptive,183.41666666666663,0.06528967339736154,0.09144024311739564
ergo_adaptive,183.5,0.06678322943576159,0.09156885036222082
ergo_adaptive,183.58333333333337,0.06773704576144386,0.09168618585710037
ergo_adaptive,183.66666666666663,0.0638453652718964,0.09174943963354006
ergo_adaptive,183.75,0.06391326721822108,0.09183574584834668
ergo_adaptive,183.83333333333337,0.06382465429485325,0.09193889017340416
ergo_adaptive,183.91666666666663,0.06463326820866376,0.09201433808240729
ergo_adaptive,184.0,0.062103319606556844,0.09204315722287167
ergo_adaptive,184.08333333333337,0.06245852323352689,0.09202104920953275
ergo_adaptive,184.16666666666663,0.06393124180331537,0.0919623885828427
ergo_adaptive,184.25,0.0626730640638061,0.09186559616744072
ergo_adaptive,184.33333333333337,0.062977523191468,0.09172145641265084
ergo_adaptive,184.41666666666663,0.06294054570007075,0.09154710739073137
ergo_adaptive,184.5,0.06239389839814849,0.09138464031766068
ergo_adaptive,184.58333333333337,0.06575684374163052,0.09125989550413174
ergo_adaptive,184.66666666666663,0.06452266992219896,0.0911470311252343
ergo_adaptive,184.75,0.06452223086602665,0.09103063844161538
ergo_adaptive,184.83333333333337,0.06398925875303,0.09101653584557177
ergo_adaptive,184.91666666666663,0.0667116698267253,0.09106571371441521
ergo_adaptive,185.0,0.06551933227483338,0.09115025268672959
ergo_adaptive,185.08333333333337,0.06678145070748816,0.09125646417425975
ergo_adaptive,185.16666666666663,0.066486703105407,0.0913748523212463
ergo_adaptive,185.25,0.06599307953535563,0.0914992556409923
ergo_adaptive,185.33333333333337,0.06624462070159425,0.09162585749774278
ergo_adaptive,185.41666666666663,0.0674848128999999,0.09175226332465648
ergo_adaptive,185.5,0.06803980227657436,0.09187693484725476
ergo_adaptive,185.58333333333337,0.06826224781813342,0.09199886037392445
ergo_adaptive,185.66666666666663,0.06689123079463202,0.09211758789621287
ergo_adaptive,185.75,0.06670559821159557,0.09223334226112237
ergo_adaptive,185.83333333333337,0.06555482208771726,0.09234620124618015
ergo_adaptive,185.91666666666663,0.06544344140390546,0.09245628954642329
ergo_adaptive,186.0,0.06413379295358317,0.09256358961157302
ergo_adaptive,186.08333333333337,0.06266920301729687,0.09266838020674083
ergo_adaptive,186.16666666666663,0.06393658004948753,0.09277113283494423
ergo_adaptive,186.25,0.0620189298425077,0.09287150792819004
ergo_adaptive,186.33333333333337,0.06465598043355747,0.09297012515270581
ergo_adaptive,186.41666666666663,0.06591536567415247,0.09306660529863826
ergo_adaptive,186.5,0.06601574350743587,0.09316049888377304
ergo_adaptive,186.58333333333337,0.06706493709012633,0.09325251874252603
ergo_adaptive,186.66666666666663,0.06727054554330511,0.09334298122121358
ergo_adaptive,186.75,0.07010882409873097,0.09343206379661254
ergo_adaptive,186.83333333333337,0.07002233539496426,0.09351317307612408
ergo_adaptive,186.91666666666663,0.06866278958095162,0.09360309671841267
ergo_adaptive,187.0,0.06695539009212916,0.09368738009039308
ergo_adaptive,187.08333333333337,0.06524648971430304,0.09377163064963269
ergo_adaptive,187.16666666666663,0.06524592334837025,0.09385582028243877
ergo_adaptive,187.25,0.0648586249005387,0.09393975419392361
ergo_adaptive,187.33333333333337,0.06692968228360081,0.09402334622289107
ergo_adaptive,187.41666666666663,0.06820203919408505,0.09410663971927724
ergo_adaptive,187.5,0.06917585651000893,0.09418922665424906
ergo_adaptive,187.58333333333337,0.06863778240978935,0.09427099031095156
ergo_adaptive,187.66666666666663,0.06771690858790652,0.09435278655926442
ergo_adaptive,187.75,0.06620926190373094,0.09443457371285355
ergo_adaptive,187.83333333333337,0.06614632692118305,0.09451619578805152
ergo_adaptive,187.91666666666663,0.06646278309095524,0.09459749825341753
ergo_adaptive,188.0,0.06516906191771069,0.0946782978168824
ergo_adaptive,188.08333333333337,0.06633521087655644,0.09475874381271689
ergo_adaptive,188.16666666666663,0.06559607391242822,0.0948386458473926
ergo_adaptive,188.25,0.06474831844516851,0.0949182276637612
ergo_adaptive,188.33333333333337,0.06312578370750567,0.09499744073574418
ergo_adaptive,188.41666666666663,0.06268238717900826,0.0950761430583259
ergo_adaptive,188.5,0.06345005594485013,0.09515431987836408
ergo_adaptive,188.58333333333337,0.06468414376221017,0.09523226601704111
ergo_adaptive,188.66666666666663,0.06251825782309464,0.09530978416876627
ergo_adaptive,188.75,0.06409595790734403,0.0953869991373835
ergo_adaptive,188.83333333333337,0.06655666960748297,0.09546378763009065
ergo_adaptive,188.91666666666663,0.06388764571561517,0.09553718889559726
ergo_adaptive,189.0,0.06362759045206191,0.09561285034603184
ergo_adaptive,189.08333333333337,0.06336035688050443,0.09568855300333425
ergo_adaptive,189.16666666666663,0.06255370994156428,0.09576354519330418
ergo_adaptive,189.25,0.06336673016992984,0.09583854397300696
ergo_adaptive,189.33333333333337,0.06506913699546338,0.09591026416881
ergo_adaptive,189.41666666666663,0.0630841377771172,0.09597585807185605
ergo_adaptive,189.5,0.06610211868623042,0.09604328251238393
ergo_adaptive,189.58333333333337,0.06595739171291165,0.09611362794038156
ergo_adaptive,189.66666666666663,0.06752280057769632,0.09618793645741822
ergo_adaptive,189.75,0.06590049102158223,0.09625772322576508
ergo_adaptive,189.83333333333337,0.0673002285042861,0.09633142429761422
ergo_adaptive,189.91666666666663,0.06504995011853285,0.09639930413987652
ergo_adaptive,190.0,0.0639113684018417,0.09646768575489509
ergo_adaptive,190.08333333333337,0.062205454854225045,0.09654131352141172
ergo_adaptive,190.16666666666663,0.06075444671827777,0.09661536124861139
ergo_adaptive,190.25,0.05853429030305297,0.0966889984626907
ergo_adaptive,190.33333333333337,0.0592312253790042,0.09675820049773902
ergo_adaptive,190.41666666666663,0.06311253376497516,0.09682828767059685
ergo_adaptive,190.5,0.06384955082771884,0.09689957633047291
ergo_adaptive,190.58333333333337,0.06101738393640182,0.09697134311114419
ergo_adaptive,190.66666666666663,0.061136139170239176,0.0970425545376018
ergo_adaptive,190.75,0.06297403438448057,0.09711318396367848
ergo_adaptive,190.83333333333337,0.06474357875417078,0.09718373289297712
ergo_adaptive,190.91666666666663,0.06419951101390237,0.09725359457440058
ergo_adaptive,191.0,0.06654280513379784,0.09732302127323263
ergo_adaptive,191.08333333333337,0.06481247452236741,0.09739087506290374
ergo_adaptive,191.16666666666663,0.06517990924557691,0.09745834191315995
ergo_adaptive,191.25,0.06612480181853854,0.09752567406402811
ergo_adaptive,191.33333333333337,0.06368985481058129,0.09758713700532058
ergo_adaptive,191.41666666666663,0.06289813537953878,0.09765065366299659
ergo_adaptive,191.5,0.06349046542347996,0.09771854531046868
ergo_adaptive,191.58333333333337,0.06447742758891865,0.09778647616684935
ergo_adaptive,191.66666666666663,0.06791647314815806,0.09785270753019158
ergo_adaptive,191.75,0.06785843710326209,0.09791546470790599
ergo_adaptive,191.83333333333337,0.06667481457502152,0.09794979069770508
ergo_adaptive,191.91666666666663,0.06464298841394273,0.09794667876533675
ergo_adaptive,192.0,0.06555357558391499,0.09798371825370396
ergo_adaptive,192.08333333333337,0.0638506747624393,0.09805740149788404
ergo_adaptive,192.16666666666663,0.06404703078537503,0.0981101082135801
ergo_adaptive,192.25,0.061733370324385764,0.09815963492545887
ergo_adaptive,192.33333333333337,0.06072596027278863,0.09821908218647596
ergo_adaptive,192.41666666666663,0.0604621803669452,0.09828272134821486
ergo_adaptive,192.5,0.059628786587414266,0.09834879442244789
ergo_adaptive,192.58333333333337,0.06184843427729657,0.09841594634354188
ergo_adaptive,192.66666666666663,0.06177128257907792,0.0984836079550697
ergo_adaptive,192.75,0.06313968369046777,0.09855115484666563
ergo_adaptive,192.83333333333337,0.06420267910667864,0.09861836733880792
ergo_adaptive,192.91666666666663,0.0633268595022338,0.09868489213080417
ergo_adaptive,193.0,0.06305604125663132,0.09875092733918685
ergo_adaptive,193.08333333333337,0.0621237998862143,0.09881632659224374
ergo_adaptive,193.16666666666663,0.05965879063660096,0.0988810411578135
ergo_adaptive,193.25,0.061411824992845816,0.0989442271480093
ergo_adaptive,193.33333333333337,0.06140365512420102,0.09900695049451566
ergo_adaptive,193.41666666666663,0.06284745493050536,0.09906952095679401
ergo_adaptive,193.5,0.06285119350154679,0.09913183765104507
ergo_adaptive,193.58333333333337,0.06410146007711756,0.0991936609630733
ergo_adaptive,193.66666666666663,0.06297640301155745,0.0992542478323155
ergo_adaptive,193.75,0.06514112216395913,0.09931500213361491
ergo_adaptive,193.83333333333337,0.06278213546145053,0.09936703879787107
ergo_adaptive,193.91666666666663,0.06103842296853361,0.09942823301849213
ergo_adaptive,194.0,0.061959155134770946,0.09948905317675742
ergo_adaptive,194.08333333333337,0.0613893682783271,0.09954934017755769
ergo_adaptive,194.16666666666663,0.062361700655139365,0.09960856557711448
ergo_adaptive,194.25,0.06217814518067485,0.09966678091284507
ergo_adaptive,194.33333333333337,0.06377151589169085,0.09972371376066591
ergo_adaptive,194.41666666666663,0.06077407077859202,0.09976665249814011
ergo_adaptive,194.5,0.06023531852224896,0.09981914855684945
ergo_adaptive,194.58333333333337,0.061865354355741586,0.0998770453153291
ergo_adaptive,194.66666666666663,0.061386234848775686,0.09993567859960645
ergo_adaptive,194.75,0.060643873956415656,0.0999942485886332
ergo_adaptive,194.83333333333337,0.05916800504081476,0.10005261316121053
ergo_adaptive,194.91666666666663,0.06198398789754661,0.1001108076496158
ergo_adaptive,195.0,0.06156324393442506,0.10016788553950097
ergo_adaptive,195.08333333333337,0.05979687254661899,0.10022401006208763
ergo_adaptive,195.16666666666663,0.06175998445539666,0.1002802633742165
ergo_adaptive,195.25,0.06287280446608899,0.10033614801640599
ergo_adaptive,195.33333333333337,0.06303702067939737,0.10039089032134403
ergo_adaptive,195.41666666666663,0.059179178087887224,0.10044516595766162
ergo_adaptive,195.5,0.060840645669132346,0.10049975920513399
ergo_adaptive,195.58333333333337,0.059244229257219436,0.10055468760563784
ergo_adaptive,195.66666666666663,0.061194407053006536,0.10060927360989934
ergo_adaptive,195.75,0.06097770551109707,0.10066371952096285
ergo_adaptive,195.83333333333337,0.06119402468563592,0.10071766757376946
ergo_adaptive,195.91666666666663,0.059311536680707544,0.1007707581673719
ergo_adaptive,196.0,0.06087397735125032,0.10082377811153262
ergo_adaptive,196.08333333333337,0.06346408735082046,0.10087629297208091
ergo_adaptive,196.16666666666663,0.06401552982270725,0.10092496505396702
ergo_adaptive,196.25,0.06156131332109212,0.10097968535540482
ergo_adaptive,196.33333333333337,0.060428794683795105,0.10103677480483858
ergo_adaptive,196.41666666666663,0.06095823540763566,0.10109036537575233
ergo_adaptive,196.5,0.06049873683736961,0.10114232895521325
ergo_adaptive,196.58333333333337,0.06042418298229431,0.10119349231497149
ergo_adaptive,196.66666666666663,0.059582103576721585,0.10124372188705547
ergo_adaptive,196.75,0.06294560225810615,0.10129375058705276
ergo_adaptive,196.83333333333337,0.060212614992442355,0.10133031448246259
ergo_adaptive,196.91666666666663,0.060569411445465134,0.10137713609418712
ergo_adaptive,197.0,0.06326834059787823,0.1014262459989693
ergo_adaptive,197.08333333333337,0.06341953195596783,0.10146170026569167
ergo_adaptive,197.16666666666663,0.0639049660182772,0.10148445059088909
ergo_adaptive,197.25,0.06671584313767587,0.10146974033396736
ergo_adaptive,197.33333333333337,0.06924807264328693,0.1014036023117517
ergo_adaptive,197.41666666666663,0.07060786018380248,0.10127078640338352
ergo_adaptive,197.5,0.06996047954904518,0.10109545286001072
ergo_adaptive,197.58333333333337,0.06823374528227757,0.10092550569278634
ergo_adaptive,197.66666666666663,0.0708263535305613,0.1007820811024371
ergo_adaptive,197.75,0.06695484501812106,0.10062673288590183
ergo_adaptive,197.83333333333337,0.06850264931061625,0.10046559346750214
ergo_adaptive,197.91666666666663,0.06947953850028839,0.10032891302653112
ergo_adaptive,198.0,0.07049790414134374,0.1002332017137677
ergo_adaptive,198.08333333333337,0.06857166039306305,0.10010275777357441
ergo_adaptive,198.16666666666663,0.07049202795083889,0.09994178344312975
ergo_adaptive,198.25,0.06870692333881041,0.09979384450143017
ergo_adaptive,198.33333333333337,0.06504448874375823,0.0997069951982529
ergo_adaptive,198.41666666666663,0.06674320536302834,0.09974465445686588
ergo_adaptive,198.5,0.06844064969594117,0.0998017580386841
ergo_adaptive,198.58333333333337,0.07050252349797413,0.09977669294742182
ergo_adaptive,198.66666666666663,0.07224812486607964,0.09966400826645819
ergo_adaptive,198.75,0.06637780404828457,0.0995215953259747
ergo_adaptive,198.83333333333337,0.06759268511218115,0.09952395810210077
ergo_adaptive,198.91666666666663,0.07122985255402027,0.09953718615868391
ergo_adaptive,199.0,0.07336447233219229,0.09954112272547117
ergo_adaptive,199.08333333333337,0.0690620461608817,0.09953236530920291
ergo_adaptive,199.16666666666663,0.0688939055391319,0.09949132993886634
ergo_adaptive,199.25,0.07293440530521828,0.0994271694476228
ergo_adaptive,199.33333333333337,0.0725464924141916,0.0993694413514731
ergo_adaptive,199.41666666666663,0.07089611177143469,0.09933601379914994
ergo_adaptive,199.5,0.06719886016724472,0.09931916123150807
ergo_adaptive,199.58333333333337,0.06908790864325437,0.09939375017847052
ergo_adaptive,199.66666666666663,0.06975952792388651,0.09951155906288663
ergo_adaptive,199.75,0.07217227789430636,0.0996263974010695
ergo_adaptive,199.83333333333337,0.0728048212703142,0.09973075843966543
ergo_adaptive,199.91666666666663,0.07458309743572128,0.09979936076837771
ergo_adaptive,200.0,0.07344291837533347,0.09982953429363634
ergo_adaptive,200.08333333333337,0.06845023916390731,0.09985125738698489
ergo_adaptive,200.16666666666663,0.07029330173337879,0.09993061154233679
ergo_adaptive,200.25,0.07117870061318209,0.10003374955701552
ergo_adaptive,200.33333333333337,0.07035338110718163,0.10013540761288064
ergo_adaptive,200.41666666666663,0.06604376631636238,0.10021780498527659
ergo_adaptive,200.5,0.06927016920906644,0.10026550279945393
ergo_adaptive,200.58333333333337,0.06739376963152396,0.10028206709532876
ergo_adaptive,200.66666666666663,0.06906849849654564,0.10028268989939189
ergo_adaptive,200.75,0.06867945699675916,0.10028217047364843
ergo_adaptive,200.83333333333337,0.07070784917807978,0.10026421129590471
ergo_adaptive,200.91666666666663,0.06897688379291875,0.1002934999009504
ergo_adaptive,201.0,0.0693201423785392,0.10030249670359934
ergo_adaptive,201.08333333333337,0.06995244161145855,0.10027490830636206
ergo_adaptive,201.16666666666663,0.07094163033198174,0.10029946953233576
ergo_adaptive,201.25,0.0714554754696499,0.10037156687416683
ergo_adaptive,201.33333333333337,0.06927301644654522,0.10047231022718157
ergo_adaptive,201.41666666666663,0.06922435381904593,0.1005568177307277
ergo_adaptive,201.5,0.06877574297145045,0.10060106729362164
ergo_adaptive,201.58333333333337,0.06997165573923535,0.10060925610174501
ergo_adaptive,201.66666666666663,0.06647435751009259,0.10065465787998497
ergo_adaptive,201.75,0.06749344897025751,0.10068537961794209
ergo_adaptive,201.83333333333337,0.07059809102040937,0.10070628854420398
ergo_adaptive,201.91666666666663,0.07211650099533343,0.10076307700468452
ergo_adaptive,202.0,0.07305720092912533,0.10083066940160659
ergo_adaptive,202.08333333333337,0.07351689860742071,0.10090137656910224
ergo_adaptive,202.16666666666663,0.0766545708184475,0.10097761463782493
ergo_adaptive,202.25,0.07662111762040702,0.10104861700367333
ergo_adaptive,202.33333333333337,0.07570472877316801,0.10110240604757363
ergo_adaptive,202.41666666666663,0.07501857211134794,0.10114539297588457
ergo_adaptive,202.5,0.07197636141186663,0.10119148180902011
ergo_adaptive,202.58333333333337,0.07071872313648536,0.10125057865549653
ergo_adaptive,202.66666666666663,0.07053506753505238,0.10133422578609151
ergo_adaptive,202.75,0.0719729970016383,0.10142024730295798
ergo_adaptive,202.83333333333337,0.0711312252061717,0.10150492078124067
ergo_adaptive,202.91666666666663,0.07241001242769728,0.10158539634606115
ergo_adaptive,203.0,0.07230539987655077,0.10166564158249583
ergo_adaptive,203.08333333333337,0.07143808404239332,0.10174122487598146
ergo_adaptive,203.16666666666663,0.07105838123535077,0.10182040672790818
ergo_adaptive,203.25,0.07283010685884277,0.10188965566991608
ergo_adaptive,203.33333333333337,0.07417602250955055,0.10196233899205227
ergo_adaptive,203.41666666666663,0.07473688004634851,0.1020334305498685
ergo_adaptive,203.5,0.07640662570084053,0.10208408846667012
ergo_adaptive,203.58333333333337,0.0807043150166412,0.10210052362091303
ergo_adaptive,203.66666666666663,0.08247466137465786,0.10208997033466717
ergo_adaptive,203.75,0.08460966470924258,0.10207603697761852
ergo_adaptive,203.83333333333337,0.08295903516428552,0.1020721104699124
ergo_adaptive,203.91666666666663,0.08377984322397314,0.10207732163192139
ergo_adaptive,204.0,0.08805138625878244,0.1020876711389709
ergo_adaptive,204.08333333333337,0.08747367529306467,0.10211385940832537
ergo_adaptive,204.16666666666663,0.09086786713364339,0.10216759583420636
ergo_adaptive,204.25,0.05217659621786654,0.10224166293741849
ergo_adaptive,204.33333333333337,0.04874585339028012,0.10235480786421504
ergo_adaptive,204.41666666666663,0.052377071780516316,0.10247101279989744
ergo_adaptive,204.5,0.05627165808521919,0.1025573995310797
ergo_adaptive,204.58333333333337,0.05804207106365391,0.10260834904324326
ergo_adaptive,204.66666666666663,0.05884731591176495,0.1026373034799892
ergo_adaptive,204.75,0.058783632752937964,0.10266187277977482
ergo_adaptive,204.83333333333337,0.056610246564868794,0.10264701596381487
ergo_adaptive,204.91666666666663,0.05625455437429693,0.10258903495711301
ergo_adaptive,205.0,0.056699267212893235,0.10251300042403687
ergo_adaptive,205.08333333333337,0.054842424716801966,0.10244384027409027
ergo_adaptive,205.16666666666663,0.055518013041536425,0.10237674532239517
ergo_adaptive,205.25,0.05765710128499647,0.1022952258649858
ergo_adaptive,205.33333333333337,0.054758248915330564,0.10220833623176713
ergo_adaptive,205.41666666666663,0.0546808244492896,0.1021235347120183
ergo_adaptive,205.5,0.052607361372761174,0.10203435433098106
ergo_adaptive,205.58333333333337,0.05446477361088176,0.10192574259928468
ergo_adaptive,205.66666666666663,0.05145675265477791,0.10179695120982021
ergo_adaptive,205.75,0.052338633986630995,0.10165951848761777
ergo_adaptive,205.83333333333337,0.051961214799271314,0.10152594092888302
ergo_adaptive,205.91666666666663,0.05362495863393782,0.10138885808215672
ergo_adaptive,206.0,0.05330257103726982,0.10124328358699713
ergo_adaptive,206.08333333333337,0.05206884430329934,0.10110242410473903
ergo_adaptive,206.16666666666663,0.051082097948944874,0.1009826036452022
ergo_adaptive,206.25,0.04970242917178182,0.10087534677058671
ergo_adaptive,206.33333333333337,0.05028640496110918,0.10076652046221424
ergo_adaptive,206.41666666666663,0.05237052314400084,0.10065906489499753
ergo_adaptive,206.5,0.0532445526401125,0.10056602931287556
ergo_adaptive,206.58333333333337,0.0518838686541823,0.10048937215106361
ergo_adaptive,206.66666666666663,0.050867143066626645,0.10041654828178583
ergo_adaptive,206.75,0.052467892019568196,0.10034529659577152
ergo_adaptive,206.83333333333337,0.050537547762351316,0.10028192714732376
ergo_adaptive,206.91666666666663,0.05003312666985644,0.10022992615477971
ergo_adaptive,207.0,0.04891256897242781,0.10017223325987046
ergo_adaptive,207.08333333333337,0.04649073611656439,0.10012047598682072
ergo_adaptive,207.16666666666663,0.046983584457857344,0.10016926694451303
ergo_adaptive,207.25,0.04613269559151796,0.10027560664736403
ergo_adaptive,207.33333333333337,0.04560233766711224,0.10039746651730387
ergo_adaptive,207.41666666666663,0.046048203975092974,0.10050700640615688
ergo_adaptive,207.5,0.04441330063489982,0.10059721193101387
ergo_adaptive,207.58333333333337,0.04370674490874657,0.1006784797923363
ergo_adaptive,207.66666666666663,0.0431932749788896,0.10076920001771572
ergo_adaptive,207.75,0.04266004994103804,0.10086397053629582
ergo_adaptive,207.83333333333337,0.044278189598261,0.10094612034957667
ergo_adaptive,207.91666666666663,0.044983352787868844,0.10103305517113141
ergo_adaptive,208.0,0.04505459807817912,0.10111338687667776
ergo_adaptive,208.08333333333337,0.04120777190524018,0.10118510859811844
ergo_adaptive,208.16666666666663,0.042570264299599724,0.10125390391243433
ergo_adaptive,208.25,0.04228145456241733,0.10130908625440725
ergo_adaptive,208.33333333333337,0.04181721939824916,0.10135047969316154
ergo_adaptive,208.41666666666663,0.03989691113771869,0.10140857387604608
ergo_adaptive,208.5,0.041487159243664355,0.10146932046435872
ergo_adaptive,208.58333333333337,0.039674510856177236,0.10153463904951786
ergo_adaptive,208.66666666666663,0.04056826757537402,0.10158397257169556
ergo_adaptive,208.75,0.04082780378916646,0.10163915857530217
ergo_adaptive,208.83333333333337,0.042665298249010636,0.10169779704484648
ergo_adaptive,208.91666666666663,0.04375873250724381,0.10175856822325975
ergo_adaptive,209.0,0.044276034474332426,0.10180550503300366
ergo_adaptive,209.08333333333337,0.047604650882207125,0.10183995259739372
ergo_adaptive,209.16666666666663,0.04708670406335861,0.10186895652041394
ergo_adaptive,209.25,0.046507752886254715,0.1018770825474712
ergo_adaptive,209.33333333333337,0.04362862161045609,0.10187978609471969
ergo_adaptive,209.41666666666663,0.04536063478199613,0.10192875433510067
ergo_adaptive,209.5,0.04405241598363741,0.10200075681832255
ergo_adaptive,209.58333333333337,0.04427689937512418,0.10206705284766796
ergo_adaptive,209.66666666666663,0.04524335591596699,0.10212127537558238
ergo_adaptive,209.75,0.046511881371362765,0.1021856593614585
ergo_adaptive,209.83333333333337,0.04466943033536792,0.10225490202159415
ergo_adaptive,209.91666666666663,0.04567908418694428,0.1023138854834903
ergo_adaptive,210.0,0.04519372399335594,0.10237697273904572
ergo_adaptive,210.08333333333337,0.04575296638774125,0.10244299814190144
ergo_adaptive,210.16666666666663,0.04606534033937821,0.10250690833893626
ergo_adaptive,210.25,0.04585460990430604,0.10256405574244948
ergo_adaptive,210.33333333333337,0.044845642637163875,0.10262073155613118
ergo_adaptive,210.41666666666663,0.047675778937234105,0.10266658802638379
ergo_adaptive,210.5,0.04839359907805757,0.10272354617119178
ergo_adaptive,210.58333333333337,0.047244776085882415,0.10275517784521683
ergo_adaptive,210.66666666666663,0.04567450904738347,0.1027953399843215
ergo_adaptive,210.75,0.04558392614057703,0.10284448106700635
ergo_adaptive,210.83333333333337,0.04521160958809173,0.1028766913286717
ergo_adaptive,210.91666666666663,0.04578654078478263,0.10291649303732209
ergo_adaptive,211.0,0.04537774922318222,0.1029645857115197
ergo_adaptive,211.08333333333337,0.045473366361856574,0.10301667629352193
ergo_adaptive,211.16666666666663,0.0458799463894874,0.10307047222882049
ergo_adaptive,211.25,0.04599862948082006,0.10312475851131338
ergo_adaptive,211.33333333333337,0.04604824655500218,0.1031774351425749
ergo_adaptive,211.41666666666663,0.04484073093592223,0.10322879666597647
ergo_adaptive,211.5,0.04601478376110345,0.1032649836587966
ergo_adaptive,211.58333333333337,0.047085569833251746,0.1033124617120502
ergo_adaptive,211.66666666666663,0.048437082313172855,0.10335708518404033
ergo_adaptive,211.75,0.0483129312576766,0.10338012089279872
ergo_adaptive,211.83333333333337,0.04892127784184453,0.10338269728321355
ergo_adaptive,211.91666666666663,0.047344046699459866,0.10337577411188481
ergo_adaptive,212.0,0.04712901905204212,0.10340205345653904
ergo_adaptive,212.08333333333337,0.04678962828103901,0.10345202975186192
ergo_adaptive,212.16666666666663,0.04632482005461401,0.10351413023988709
ergo_adaptive,212.25,0.04580725621846459,0.1035779008582105
ergo_adaptive,212.33333333333337,0.04666413985238779,0.10363362792779114
ergo_adaptive,212.41666666666663,0.045597865477917124,0.10367749893892858
ergo_adaptive,212.5,0.0472254906044171,0.10372104094758473
ergo_adaptive,212.58333333333337,0.046062633596130914,0.10376100893908048
ergo_adaptive,212.66666666666663,0.047075632575112554,0.10379970978388228
ergo_adaptive,212.75,0.04738994178434393,0.10383350822361319
ergo_adaptive,212.83333333333337,0.046174238933663195,0.10385063673724995
ergo_adaptive,212.91666666666663,0.04567822768672095,0.10387724601094059
ergo_adaptive,213.0,0.044991471449543616,0.10391807624312048
ergo_adaptive,213.08333333333337,0.04512454600317616,0.10395417244953398
ergo_adaptive,213.16666666666663,0.043339290635111875,0.10398907800327858
ergo_adaptive,213.25,0.04224122659876788,0.10402394485820446
ergo_adaptive,213.33333333333337,0.042448506981858446,0.10405877282429542
ergo_adaptive,213.41666666666663,0.04084011461535784,0.10409987038516648
ergo_adaptive,213.5,0.0423059065223992,0.10413711193138128
ergo_adaptive,213.58333333333337,0.04126957229885338,0.10418816174163621
ergo_adaptive,213.66666666666663,0.04020415844779297,0.10423355673730154
ergo_adaptive,213.75,0.03856560573417498,0.10426489620001793
ergo_adaptive,213.83333333333337,0.03987794521054592,0.1042769596821297
ergo_adaptive,213.91666666666663,0.042169091649574844,0.10428699910574975
ergo_adaptive,214.0,0.04350944064500513,0.10432507893797939
ergo_adaptive,214.08333333333337,0.043768676526087444,0.1043776945276485
ergo_adaptive,214.16666666666663,0.04581373226591584,0.1044257874514296
ergo_adaptive,214.25,0.0459249220105647,0.10445258317173325
ergo_adaptive,214.33333333333337,0.04637412158455455,0.1044291343708198
ergo_adaptive,214.41666666666663,0.04321853093598248,0.1043736161591427
ergo_adaptive,214.5,0.04305034207248215,0.1043691545427325
ergo_adaptive,214.58333333333337,0.04398127521681218,0.10439580661141472
ergo_adaptive,214.66666666666663,0.04224432160797181,0.1044328461928223
ergo_adaptive,214.75,0.042495447856099614,0.10445160529930124
ergo_adaptive,214.83333333333337,0.04427164147813837,0.10443636618159394
ergo_adaptive,214.91666666666663,0.04042338808961882,0.10438649806922146
ergo_adaptive,215.0,0.04234755793245785,0.10438638478907353
ergo_adaptive,215.08333333333337,0.04228291382357674,0.1043871197633767
ergo_adaptive,215.16666666666663,0.041703334840196386,0.10440272487640269
ergo_adaptive,215.25,0.042364973172823436,0.10443669913202842
ergo_adaptive,215.33333333333337,0.04053016005266464,0.104482601593131
ergo_adaptive,215.41666666666663,0.040502058693193906,0.10453143050924261
ergo_adaptive,215.5,0.039448311917110235,0.10458062861242984
ergo_adaptive,215.58333333333337,0.03966931835564869,0.10462006961093984
ergo_adaptive,215.66666666666663,0.04029249643176944,0.104660579242354
ergo_adaptive,215.75,0.040048785060006815,0.10470530134446457
ergo_adaptive,215.83333333333337,0.04090116638743763,0.10475210840105437
ergo_adaptive,215.91666666666663,0.04088214009531543,0.10479885490845603
ergo_adaptive,216.0,0.039747736332045716,0.10484459784807436
ergo_adaptive,216.08333333333337,0.03820461272825099,0.10488582185194519
ergo_adaptive,216.16666666666663,0.038158632655301485,0.10490731138984621
ergo_adaptive,216.25,0.04023905178045658,0.1049055631467073
ergo_adaptive,216.33333333333337,0.042163774691083816,0.10486870393599024
ergo_adaptive,216.41666666666663,0.039879706598515204,0.10477734565195547
ergo_adaptive,216.5,0.038218453872429614,0.10468010303981863
ergo_adaptive,216.58333333333337,0.03761615660969607,0.10467968602683206
ergo_adaptive,216.66666666666663,0.03733003283083935,0.1047424982957411
ergo_adaptive,216.75,0.03879548757832129,0.10481553631520986
ergo_adaptive,216.83333333333337,0.04063704589555725,0.10487324455105174
ergo_adaptive,216.91666666666663,0.041452018810661684,0.10490952491250599
ergo_adaptive,217.0,0.04159122311891234,0.10492937980517056
ergo_adaptive,217.08333333333337,0.0426932184483186,0.10492911527469367
ergo_adaptive,217.16666666666663,0.04243317019487477,0.10489357593360302
ergo_adaptive,217.25,0.04311783972202861,0.10482960451578988
ergo_adaptive,217.33333333333337,0.040301487773183264,0.10476729637957315
ergo_adaptive,217.41666666666663,0.03844627368499764,0.104712059318265
ergo_adaptive,217.5,0.040723139389877046,0.10472539071760971
ergo_adaptive,217.58333333333337,0.04288182830293272,0.10475593881107004
ergo_adaptive,217.66666666666663,0.043562587243538335,0.10472797089810511
ergo_adaptive,217.75,0.042890326061042164,0.10463839029130591
ergo_adaptive,217.83333333333337,0.041604152225918824,0.10455836879829004
ergo_adaptive,217.91666666666663,0.04238410978955428,0.10457689881537685
ergo_adaptive,218.0,0.03998694068371864,0.10462452162285761
ergo_adaptive,218.08333333333337,0.04133682794876413,0.10469402552132157
ergo_adaptive,218.16666666666663,0.0410011493796656,0.10477512338264625
ergo_adaptive,218.25,0.04195903800090169,0.1048540740021993
ergo_adaptive,218.33333333333337,0.04279345681895713,0.10492604839445896
ergo_adaptive,218.41666666666663,0.04298035961292196,0.10498056323442766
ergo_adaptive,218.5,0.041931706216112134,0.1050243903612661
ergo_adaptive,218.58333333333337,0.03983029924831468,0.1050839065327304
ergo_adaptive,218.66666666666663,0.04091012774290809,0.10513597830150084
ergo_adaptive,218.75,0.04272369863153221,0.10519309518890274
ergo_adaptive,218.83333333333337,0.03982385615170347,0.1052518784676487
ergo_adaptive,218.91666666666663,0.0424773113266816,0.10529350038015739
ergo_adaptive,219.0,0.041702415604137254,0.10533843462420385
ergo_adaptive,219.08333333333337,0.04337334584520714,0.1053794493026654
ergo_adaptive,219.16666666666663,0.04389760108009306,0.10543535015579417
ergo_adaptive,219.25,0.04413935778237139,0.10546125899970767
ergo_adaptive,219.33333333333337,0.04309916474342573,0.10547766741751533
ergo_adaptive,219.41666666666663,0.04265805624390712,0.10551497253960553
ergo_adaptive,219.5,0.04237448863123539,0.1055643592041652
ergo_adaptive,219.58333333333337,0.04103986225543517,0.10561268567267784
ergo_adaptive,219.66666666666663,0.040509514042852406,0.10564800810189108
ergo_adaptive,219.75,0.042066312116581565,0.10567431661777017
ergo_adaptive,219.83333333333337,0.040865787003592294,0.10571323304900412
ergo_adaptive,219.91666666666663,0.04017147576019777,0.10574898716492562
ergo_adaptive,220.0,0.040222125600509306,0.10577577998627233
ergo_adaptive,220.08333333333337,0.04115859056900237,0.1058025971766809
ergo_adaptive,220.16666666666663,0.04447152038751366,0.10584003554960682
ergo_adaptive,220.25,0.04678170824971991,0.10587541955821059
ergo_adaptive,220.33333333333337,0.046917295005363756,0.10584272567947306
ergo_adaptive,220.41666666666663,0.046996929376464,0.105751244058975
ergo_adaptive,220.5,0.043457645442267524,0.10565015700913394
ergo_adaptive,220.58333333333337,0.04407391208593755,0.10563578086150709
ergo_adaptive,220.66666666666663,0.04401356566514984,0.10566047150838122
ergo_adaptive,220.75,0.042792655130107465,0.10570282638629129
ergo_adaptive,220.83333333333337,0.040729517296881526,0.10574303293376872
ergo_adaptive,220.91666666666663,0.03925087491736103,0.10574683252075671
ergo_adaptive,221.0,0.04111832064591225,0.10573071801326724
ergo_adaptive,221.08333333333337,0.039628183960841785,0.10573266785285447
ergo_adaptive,221.16666666666663,0.03879252797636416,0.10574442219634149
ergo_adaptive,221.25,0.03883493072906146,0.10576682759751574
ergo_adaptive,221.33333333333337,0.03705210590367853,0.105798193217743
ergo_adaptive,221.41666666666663,0.0368419465552106,0.10582612993825227
ergo_adaptive,221.5,0.03771777629898682,0.10585550717605403
ergo_adaptive,221.58333333333337,0.0386561681644646,0.10589241391867749
ergo_adaptive,221.66666666666663,0.03858081037120696,0.10594015299326624
ergo_adaptive,221.75,0.038217078411877936,0.10599353441177731
ergo_adaptive,221.83333333333337,0.0379682713363079,0.10604295057867093
ergo_adaptive,221.91666666666663,0.04032470938737359,0.10608383222729804
ergo_adaptive,222.0,0.04082980073939549,0.10614413744597234
ergo_adaptive,222.08333333333337,0.0418301013508213,0.10618531265697159
ergo_adaptive,222.16666666666663,0.040534163576615496,0.10617511869566267
ergo_adaptive,222.25,0.04028841286521745,0.1062024370783883
ergo_adaptive,222.33333333333337,0.04153265886921892,0.1062659444875275
ergo_adaptive,222.41666666666663,0.04288681697538761,0.10632003858730679
ergo_adaptive,222.5,0.03844986925515999,0.10632836052856896
ergo_adaptive,222.58333333333337,0.03771819771339227,0.10635618016884266
ergo_adaptive,222.66666666666663,0.034870600072158274,0.10639333069325564
ergo_adaptive,222.75,0.03441275502413955,0.1063917130152985
ergo_adaptive,222.83333333333337,0.033763464264450836,0.10634453209576268
ergo_adaptive,222.91666666666663,0.03341129014689496,0.10627086598204587
ergo_adaptive,223.0,0.03536687379668514,0.10619807199963598
ergo_adaptive,223.08333333333337,0.033068736821410934,0.10612578689248005
ergo_adaptive,223.16666666666663,0.033302970564620525,0.10606394302900171
ergo_adaptive,223.25,0.03512583449755184,0.10602883163371221
ergo_adaptive,223.33333333333337,0.03414753692741692,0.10600059538100967
ergo_adaptive,223.41666666666663,0.03347644509855175,0.10599379881854497
ergo_adaptive,223.5,0.03577090478445367,0.10602179509559503
ergo_adaptive,223.58333333333337,0.036322219843059333,0.10606200315580004
ergo_adaptive,223.66666666666663,0.036242434374870576,0.10610996456393357
ergo_adaptive,223.75,0.038285519260121914,0.10616215908276848
ergo_adaptive,223.83333333333337,0.038432652285248205,0.1062194667974843
ergo_adaptive,223.91666666666663,0.03659139577858114,0.10627357318695982
ergo_adaptive,224.0,0.03669862224697532,0.10632401853559152
ergo_adaptive,224.08333333333337,0.03620987256826285,0.1063624465151569
ergo_adaptive,224.16666666666663,0.03595371056630796,0.10637470524221913
ergo_adaptive,224.25,0.03837963398701708,0.1063814185624131
ergo_adaptive,224.33333333333337,0.03787596345664276,0.10638966759443426
ergo_adaptive,224.41666666666663,0.035977810665095776,0.10641445754675466
ergo_adaptive,224.5,0.036418557718218295,0.1064351088309596
ergo_adaptive,224.58333333333337,0.03682987496425226,0.10645556549719105
ergo_adaptive,224.66666666666663,0.03776515537801983,0.10648121062383084
ergo_adaptive,224.75,0.036073595468915406,0.10651753277109119
ergo_adaptive,224.83333333333337,0.03650226531047461,0.10654360046893803
ergo_adaptive,224.91666666666663,0.03760098343723955,0.1065535258321174
ergo_adaptive,225.0,0.03757709232171297,0.1065643674122532
ergo_adaptive,225.08333333333337,0.0373889082683521,0.1065782710278983
ergo_adaptive,225.16666666666663,0.037796512042620675,0.10660010004035529
ergo_adaptive,225.25,0.03730383633355352,0.10662578123800606
ergo_adaptive,225.33333333333337,0.037333633009543385,0.1066530187119291
ergo_adaptive,225.41666666666663,0.0362650049463715,0.106682093305363
ergo_adaptive,225.5,0.035249493187683736,0.1067097916583919
ergo_adaptive,225.58333333333337,0.03493524897985685,0.10673282117855941
ergo_adaptive,225.66666666666663,0.03275996619858723,0.10674723381749622
ergo_adaptive,225.75,0.032331312254447554,0.10675508598101736
ergo_adaptive,225.83333333333337,0.03340756016604489,0.10676134213684313
ergo_adaptive,225.91666666666663,0.03498343294657286,0.10675908548324024
ergo_adaptive,226.0,0.03540789689948714,0.10672189553212665
ergo_adaptive,226.08333333333337,0.03613604253081385,0.1066181461256855
ergo_adaptive,226.16666666666663,0.04056006323884261,0.10645264101166223
ergo_adaptive,226.25,0.04321000564897653,0.1063770660907603
ergo_adaptive,226.33333333333337,0.044277754395084565,0.10634583562134448
ergo_adaptive,226.41666666666663,0.0430232284981556,0.10634069621301394
ergo_adaptive,226.5,0.03988771103266855,0.1063522606843226
ergo_adaptive,226.58333333333337,0.03901508478748794,0.10637557410556839
ergo_adaptive,226.66666666666663,0.03890436488807075,0.10640641273108735
ergo_adaptive,226.75,0.03954506719328688,0.10644136429039562
ergo_adaptive,226.83333333333337,0.039575328620611215,0.10647832806294909
ergo_adaptive,226.91666666666663,0.039158677864550566,0.10651602466731644
ergo_adaptive,227.0,0.037730437771570334,0.10655386617184816
ergo_adaptive,227.08333333333337,0.036071800497925535,0.10659122856729829
ergo_adaptive,227.16666666666663,0.03581852223706126,0.10662755616438299
ergo_adaptive,227.25,0.034425917746628246,0.10666277755971568
ergo_adaptive,227.33333333333337,0.035913596284392155,0.10669695204497806
ergo_adaptive,227.41666666666663,0.03527256344151894,0.1067311229223973
ergo_adaptive,227.5,0.03391901414649434,0.10676512779445942
ergo_adaptive,227.58333333333337,0.03538447836908161,0.10679864917200238
ergo_adaptive,227.66666666666663,0.03680309792680992,0.10683225759290912
ergo_adaptive,227.75,0.035940163685052366,0.10686605344908214
ergo_adaptive,227.83333333333337,0.03687039292870136,0.1068994388825207
ergo_adaptive,227.91666666666663,0.037948605035592144,0.10693248429880313
ergo_adaptive,228.0,0.03616397209433792,0.10696537474674482
ergo_adaptive,228.08333333333337,0.03762746173553949,0.1069977261758261
ergo_adaptive,228.16666666666663,0.03748787116020286,0.1070295172389754
ergo_adaptive,228.25,0.03757916100124366,0.10706078426771916
ergo_adaptive,228.33333333333337,0.03848567694938848,0.1070913696315311
ergo_adaptive,228.41666666666663,0.036848131028812646,0.10712144608986492
ergo_adaptive,228.5,0.03563157557017339,0.10715096047648975
ergo_adaptive,228.58333333333337,0.03503770010831438,0.10717988462501073
ergo_adaptive,228.66666666666663,0.03676530915181664,0.1072081733171015
ergo_adaptive,228.75,0.03711065841347157,0.10723617332457616
ergo_adaptive,228.83333333333337,0.03915543391314735,0.1072640590423692
ergo_adaptive,228.91666666666663,0.04058462859230568,0.10729187515097481
ergo_adaptive,229.0,0.03659836928071525,0.10731951397989595
ergo_adaptive,229.08333333333337,0.03669111765156839,0.10734680196727216
ergo_adaptive,229.16666666666663,0.03787060641270216,0.10737377945188262
ergo_adaptive,229.25,0.03720166299612938,0.10740052264500803
ergo_adaptive,229.33333333333337,0.03525201156675654,0.10742705730472239
ergo_adaptive,229.41666666666663,0.037374700299812186,0.10745336396854031
ergo_adaptive,229.5,0.039250533939891225,0.10747943431916065
ergo_adaptive,229.58333333333337,0.03928412523474588,0.10750520520438289
ergo_adaptive,229.66666666666663,0.03869708719479979,0.1075307447690496
ergo_adaptive,229.75,0.03720836110089163,0.10755617095380464
ergo_adaptive,229.83333333333337,0.03624012323130114,0.10758146506283198
ergo_adaptive,229.91666666666663,0.03424487188298868,0.10760654257268078
ergo_adaptive,230.0,0.037183772870878096,0.1076315154041128
ergo_adaptive,230.08333333333337,0.039450221239303015,0.10765613043174098
ergo_adaptive,230.16666666666663,0.03765742880008381,0.10768073511452417
ergo_adaptive,230.25,0.04019536765336687,0.10770545563004182
ergo_adaptive,230.33333333333337,0.0403020452521703,0.10772997695145085
ergo_adaptive,230.41666666666663,0.03951316776656592,0.10775432409231972
ergo_adaptive,230.5,0.03753819237810141,0.10777857324295921
ergo_adaptive,230.58333333333337,0.03639684208989374,0.10780274538153709
ergo_adaptive,230.66666666666663,0.038135259646899795,0.10782650972956105
ergo_adaptive,230.75,0.04078747469313407,0.1078502309199087
ergo_adaptive,230.83333333333337,0.03866073886987391,0.10787358707475782
ergo_adaptive,230.91666666666663,0.03850685180834494,0.10789720701201985
ergo_adaptive,231.0,0.037789305565840335,0.10792100675907387
ergo_adaptive,231.08333333333337,0.037803289531758814,0.10794459303556894
ergo_adaptive,231.16666666666663,0.03947697334059513,0.10796804939268716
ergo_adaptive,231.25,0.04019995314995209,0.10799112443436978
ergo_adaptive,231.33333333333337,0.04039496981805901,0.10801375797175322
ergo_adaptive,231.41666666666663,0.038758760613787836,0.10803636300152682
ergo_adaptive,231.5,0.03806245406307457,0.1080592994239651
ergo_adaptive,231.58333333333337,0.03906169537915218,0.10808196221553805
ergo_adaptive,231.66666666666663,0.03695137789302113,0.10810473816441597
ergo_adaptive,231.75,0.03619635129025146,0.10812765237523693
ergo_adaptive,231.83333333333337,0.03416127028203472,0.10815034987160357
ergo_adaptive,231.91666666666663,0.03492999049526006,0.10817304342661582
ergo_adaptive,232.0,0.03504029905445181,0.10819534934379077
ergo_adaptive,232.08333333333337,0.03544658672505191,0.1082104237873879
ergo_adaptive,232.16666666666663,0.03530596810935223,0.10823620537193378
ergo_adaptive,232.25,0.03539457340373295,0.10825378710219535
ergo_adaptive,232.33333333333337,0.03520293725495548,0.10827771063843139
ergo_adaptive,232.41666666666663,0.03346468474131109,0.1082999986866327
ergo_adaptive,232.5,0.03329960923397131,0.10832349601840384
ergo_adaptive,232.58333333333337,0.03397956056914854,0.10834519403495337
ergo_adaptive,232.66666666666663,0.03522211578831557,0.10836696584338285
ergo_adaptive,232.75,0.03605102621090027,0.10838850784358478
ergo_adaptive,232.83333333333337,0.0346647561308613,0.10840961929011689
ergo_adaptive,232.91666666666663,0.03361984189089459,0.10843094553416598
ergo_adaptive,233.0,0.03551205295696896,0.10845240346920035
ergo_adaptive,233.08333333333337,0.03644370966671049,0.10847363959083632
ergo_adaptive,233.16666666666663,0.036420888663187156,0.10849420883840322
ergo_adaptive,233.25,0.03630874171692992,0.10851509584507725
ergo_adaptive,233.33333333333337,0.03720451464555029,0.1085355488530497
ergo_adaptive,233.41666666666663,0.039206548586659555,0.10855641413876106
ergo_adaptive,233.5,0.037055946950879576,0.10857051998756949
ergo_adaptive,233.58333333333337,0.038175028151000025,0.10859351544878416
ergo_adaptive,233.66666666666663,0.03679398903939428,0.10860892845857932
ergo_adaptive,233.75,0.03682402174375178,0.10863682316930454
ergo_adaptive,233.83333333333337,0.0363365442295418,0.10865055824415312
ergo_adaptive,233.91666666666663,0.03641207926963957,0.10868158299949181
ergo_adaptive,234.0,0.03684698927693421,0.10869285401480926
ergo_adaptive,234.08333333333337,0.03750667285265206,0.10869846623028324
ergo_adaptive,234.16666666666663,0.03446396610388758,0.10872091087976225
ergo_adaptive,234.25,0.03523654021782518,0.10874047427419492
ergo_adaptive,234.33333333333337,0.03537228780314422,0.10876224383609633
ergo_adaptive,234.41666666666663,0.036884042206177255,0.10878091776403868
ergo_adaptive,234.5,0.039153116494225385,0.10880359720571631
ergo_adaptive,234.58333333333337,0.03906051178871954,0.10881080335967665
ergo_adaptive,234.66666666666663,0.0407898745319282,0.10879318670875486
ergo_adaptive,234.75,0.041761950191555305,0.1087411244684771
ergo_adaptive,234.83333333333337,0.039536295361694625,0.10865077528933484
ergo_adaptive,234.91666666666663,0.038915489250455564,0.10851108478819485
ergo_adaptive,235.0,0.040437382463843284,0.10834125811879264
ergo_adaptive,235.08333333333337,0.039756245624735745,0.108182064687473
ergo_adaptive,235.16666666666663,0.03883449531169782,0.10803926615951617
ergo_adaptive,235.25,0.03951126414869974,0.10787774381030697
ergo_adaptive,235.33333333333337,0.04038592861197731,0.10771560062138018
ergo_adaptive,235.41666666666663,0.03898299140822611,0.1075791806996028
ergo_adaptive,235.5,0.03806932014420857,0.10753231909549422
ergo_adaptive,235.58333333333337,0.037748226363086376,0.10754474546988126
ergo_adaptive,235.66666666666663,0.03625872438143387,0.10758283786653518
ergo_adaptive,235.75,0.03810811210556775,0.10762842933266187
ergo_adaptive,235.83333333333337,0.03842738855342981,0.10768348532026605
ergo_adaptive,235.91666666666663,0.038682941374127956,0.10772978270913837
ergo_adaptive,236.0,0.03799194850795119,0.10775894388157582
ergo_adaptive,236.08333333333337,0.035861003505379664,0.1077850344306173
ergo_adaptive,236.16666666666663,0.037727480790664014,0.10781242824825314
ergo_adaptive,236.25,0.038022854235759934,0.10784350116100591
ergo_adaptive,236.33333333333337,0.03591890627212806,0.10787559355964149
ergo_adaptive,236.41666666666663,0.03468405076692182,0.107906187067442
ergo_adaptive,236.5,0.03613164774355762,0.10792648656533224
ergo_adaptive,236.58333333333337,0.03772004261009802,0.10791483295073728
ergo_adaptive,236.66666666666663,0.03585174605985772,0.10785546970558392
ergo_adaptive,236.75,0.03473968561779491,0.10780206001833231
ergo_adaptive,236.83333333333337,0.0352312119954617,0.1077836132461714
ergo_adaptive,236.91666666666663,0.03452226837994643,0.10778453184507963
ergo_adaptive,237.0,0.035123393475720674,0.10779829803439439
ergo_adaptive,237.08333333333337,0.03543057552960517,0.10781933454717853
ergo_adaptive,237.16666666666663,0.034842690423527556,0.10784470470547435
ergo_adaptive,237.25,0.03526097717267678,0.10787122325207255
ergo_adaptive,237.33333333333337,0.033764221614410075,0.10792197328271115
ergo_adaptive,237.41666666666663,0.034602180754681494,0.10797168646139367
ergo_adaptive,237.5,0.032828045324678694,0.10801569857694399
ergo_adaptive,237.58333333333337,0.03417368088964488,0.1080401597106764
ergo_adaptive,237.66666666666663,0.0338336812446832,0.10804609482908975
ergo_adaptive,237.75,0.03450575845832338,0.1080375526223699
ergo_adaptive,237.83333333333337,0.03609609149098609,0.1080207936045172
ergo_adaptive,237.91666666666663,0.03556302593303252,0.10798946339789062
ergo_adaptive,238.0,0.03529095980041034,0.10792753407654468
ergo_adaptive,238.08333333333337,0.037716052258919684,0.10784057818589134
ergo_adaptive,238.16666666666663,0.03888241866189072,0.10775993114578077
ergo_adaptive,238.25,0.03984498790139581,0.10766577848696046
ergo_adaptive,238.33333333333337,0.03984583602268526,0.10750657578220897
ergo_adaptive,238.41666666666663,0.0415655695590254,0.10730945423526624
ergo_adaptive,238.5,0.04475444047206128,0.10712984775296519
ergo_adaptive,238.58333333333337,0.04547543749604626,0.10700001823117937
ergo_adaptive,238.66666666666663,0.04301367434140438,0.10682514959826643
ergo_adaptive,238.75,0.048233587803068995,0.10661723269965043
ergo_adaptive,238.83333333333337,0.04564607256173583,0.1064244324203724
ergo_adaptive,238.91666666666663,0.04490041640699153,0.10629311031484155
ergo_adaptive,239.0,0.04373003250349517,0.10618496989059045
ergo_adaptive,239.08333333333337,0.04363837882955154,0.10605928531318665
ergo_adaptive,239.16666666666663,0.044051436892534886,0.10594127723056113
ergo_adaptive,239.25,0.04479226621888904,0.10585360804330428
ergo_adaptive,239.33333333333337,0.04162574755592363,0.10579233803062034
ergo_adaptive,239.41666666666663,0.039526938398861344,0.10583698584067572
ergo_adaptive,239.5,0.03849544545958427,0.10592066089787626
ergo_adaptive,239.58333333333337,0.03741382950199472,0.10599989188326399
ergo_adaptive,239.66666666666663,0.03825017358778961,0.10606635398548449
ergo_adaptive,239.75,0.04041714241955967,0.10612945566599154
ergo_adaptive,239.83333333333337,0.04005229981555475,0.10617574943281431
ergo_adaptive,239.91666666666663,0.0387016382791486,0.10618591922689151
ergo_adaptive,240.0,0.03712101877291289,0.10617202141349726
ergo_adaptive,240.08333333333337,0.03776009333144872,0.10615519571877358
ergo_adaptive,240.16666666666663,0.03821883258326573,0.10614725453316344
ergo_adaptive,240.25,0.040151819681985446,0.10612020158313944
ergo_adaptive,240.33333333333337,0.03940108170889278,0.10612216919589006
ergo_adaptive,240.41666666666663,0.039968535934135435,0.10613762173130527
ergo_adaptive,240.5,0.041498022391727195,0.10617698475230339
ergo_adaptive,240.58333333333337,0.04133798428727482,0.10625510013778157
ergo_adaptive,240.66666666666663,0.041568215394779354,0.1063335033207418
ergo_adaptive,240.75,0.04246444129526484,0.10641647429372582
ergo_adaptive,240.83333333333337,0.04162426703312846,0.1064895786037626
ergo_adaptive,240.91666666666663,0.04158800155643701,0.10656465519674958
ergo_adaptive,241.0,0.04337243187518427,0.10663453038579249
ergo_adaptive,241.08333333333337,0.04167288204986807,0.10669600571052106
ergo_adaptive,241.16666666666663,0.04005653073340414,0.10675976512055829
ergo_adaptive,241.25,0.03696407591011292,0.10677438228184202
ergo_adaptive,241.33333333333337,0.03824300758339865,0.10672036123656164
ergo_adaptive,241.41666666666663,0.03563817054298453,0.10669090742684917
ergo_adaptive,241.5,0.034314470704657825,0.10663422142347194
ergo_adaptive,241.58333333333337,0.03327854312692744,0.10658223710937964
ergo_adaptive,241.66666666666663,0.03102969461165967,0.10656545343342849
ergo_adaptive,241.75,0.031356111298982574,0.10656729113500056
ergo_adaptive,241.83333333333337,0.031018221861370435,0.10658554846231268
ergo_adaptive,241.91666666666663,0.029413341253734664,0.1066136257657468
ergo_adaptive,242.0,0.02601517628533099,0.10664702012818432
ergo_adaptive,242.08333333333337,0.028027959749528857,0.10665094667838405
ergo_adaptive,242.16666666666663,0.029456525184207678,0.10667010475656037
ergo_adaptive,242.25,0.02983612839582876,0.10671066037847424
ergo_adaptive,242.33333333333337,0.03235442899605291,0.10675482794329168
ergo_adaptive,242.41666666666663,0.03273100360219262,0.106791618699645
ergo_adaptive,242.5,0.03445891453317082,0.10680936992076724
ergo_adaptive,242.58333333333337,0.036266653508270595,0.10681763588411476
ergo_adaptive,242.66666666666663,0.034907836085391664,0.10683196723721292
ergo_adaptive,242.75,0.03372329907874617,0.10685165838935652
ergo_adaptive,242.83333333333337,0.03461574569070601,0.10690009217990176
ergo_adaptive,242.91666666666663,0.035957951901877935,0.10695401705753554
ergo_adaptive,243.0,0.03564501955465897,0.10700421811075893
ergo_adaptive,243.08333333333337,0.03491331771602255,0.10703212214913595
ergo_adaptive,243.16666666666663,0.03367612557727334,0.10709075150434184
ergo_adaptive,243.25,0.03445001962653709,0.10712228579164663
ergo_adaptive,243.33333333333337,0.03258008604903646,0.1071587069869592
ergo_adaptive,243.41666666666663,0.03327063042329242,0.10718140183972605
ergo_adaptive,243.5,0.03366688115424387,0.10718451280755609
ergo_adaptive,243.58333333333337,0.03144160989687921,0.10720185229486656
ergo_adaptive,243.66666666666663,0.03011378893255619,0.10721034684912188
ergo_adaptive,243.75,0.03147157915046314,0.10720296848101438
ergo_adaptive,243.83333333333337,0.033169257815067195,0.10720595561876953
ergo_adaptive,243.91666666666663,0.034297449907314544,0.10723396381755604
ergo_adaptive,244.0,0.03138716319950011,0.10726971797176904
ergo_adaptive,244.08333333333337,0.030809819152544222,0.10729295942107346
ergo_adaptive,244.16666666666663,0.029842091308480558,0.10730352836955308
ergo_adaptive,244.25,0.031013658223820323,0.1073041146790316
ergo_adaptive,244.33333333333337,0.03178222757165706,0.10729208644248996
ergo_adaptive,244.41666666666663,0.03308765155310169,0.1073090560818244
ergo_adaptive,244.5,0.0370785375960154,0.10734954482001884
ergo_adaptive,244.58333333333337,0.04112692283224221,0.1073890201138792
ergo_adaptive,244.66666666666663,0.04133360407664887,0.10741865449670716
ergo_adaptive,244.75,0.0390811148945027,0.10744188066357031
ergo_adaptive,244.83333333333337,0.03638784528356799,0.10746311392709129
ergo_adaptive,244.91666666666663,0.03626227507750533,0.10750087599111832
ergo_adaptive,245.0,0.03334349534277912,0.10753159642450566
ergo_adaptive,245.08333333333337,0.03106924773569021,0.1075461088859222
ergo_adaptive,245.16666666666663,0.03030786476266777,0.10754363901781093
ergo_adaptive,245.25,0.031210275222762988,0.10751737770732296
ergo_adaptive,245.33333333333337,0.036776774021580624,0.10745024189567895
ergo_adaptive,245.41666666666663,0.036145680626418555,0.10735119314466345
ergo_adaptive,245.5,0.032014498947311704,0.10723591725557004
ergo_adaptive,245.58333333333337,0.03093244964666384,0.1072129601080695
ergo_adaptive,245.66666666666663,0.03180301654407029,0.10724482998805204
ergo_adaptive,245.75,0.030691448781531922,0.10730218129467196
ergo_adaptive,245.83333333333337,0.02977243791597192,0.1073520071859181
ergo_adaptive,245.91666666666663,0.031715339448992116,0.10738037616307462
ergo_adaptive,246.0,0.029878562341738465,0.1074269274932517
ergo_adaptive,246.08333333333337,0.031311823552243156,0.10745042355088158
ergo_adaptive,246.16666666666663,0.03145099319746794,0.10748724240459978
ergo_adaptive,246.25,0.0325904327975775,0.10753591108732415
ergo_adaptive,246.33333333333337,0.030516484944246563,0.10759427003105304
ergo_adaptive,246.41666666666663,0.03051490695552022,0.10763975361640621
ergo_adaptive,246.5,0.03180007421976644,0.10765388272804645
ergo_adaptive,246.58333333333337,0.030395312207840565,0.10767927770451029
ergo_adaptive,246.66666666666663,0.03119617859560372,0.10768136218411764
ergo_adaptive,246.75,0.032225308958367525,0.10767590692779912
ergo_adaptive,246.83333333333337,0.03361923947014422,0.10768869955451109
ergo_adaptive,246.91666666666663,0.03443286641158289,0.10772906653190042
ergo_adaptive,247.0,0.03366582127681337,0.10778137038576577
ergo_adaptive,247.08333333333337,0.03461879974332396,0.10782961375665999
ergo_adaptive,247.16666666666663,0.03603194638781293,0.10787307717786376
ergo_adaptive,247.25,0.034341801773716825,0.10789007141161876
ergo_adaptive,247.33333333333337,0.03516449686740198,0.10792026040249833
ergo_adaptive,247.41666666666663,0.03591932061501549,0.10793465592167192
ergo_adaptive,247.5,0.03602218332430421,0.10794919139336591
ergo_adaptive,247.58333333333337,0.037421973270945985,0.10794706930439402
ergo_adaptive,247.66666666666663,0.03983635587899222,0.10794977474961431
ergo_adaptive,247.75,0.03978922494903942,0.10795081735778186
ergo_adaptive,247.83333333333337,0.038278830228115075,0.10793234604144479
ergo_adaptive,247.91666666666663,0.0403220614912315,0.10794764624838402
ergo_adaptive,248.0,0.03917223132686772,0.10794250100099675
ergo_adaptive,248.08333333333337,0.038834571427863424,0.10793111603749214
ergo_adaptive,248.16666666666663,0.03785969435528125,0.10796653305661989
ergo_adaptive,248.25,0.03727563582889298,0.10802359090627103
ergo_adaptive,248.33333333333337,0.03777408700803027,0.1080680366430697
ergo_adaptive,248.41666666666663,0.03934026346873486,0.10810149567465448
ergo_adaptive,248.5,0.038533220300037904,0.10815687483579076
ergo_adaptive,248.58333333333337,0.04018337812063306,0.10820148612519113
ergo_adaptive,248.66666666666663,0.042124670484491276,0.10823610123214242
ergo_adaptive,248.75,0.040750778083212987,0.10822263428551879
ergo_adaptive,248.83333333333337,0.03929391056616883,0.10819245245504976
ergo_adaptive,248.91666666666663,0.04052899779252439,0.10821159286256828
ergo_adaptive,249.0,0.04059481238477818,0.10824609464724684
ergo_adaptive,249.08333333333337,0.0381287267812109,0.10827767668254726
ergo_adaptive,249.16666666666663,0.03694072585019182,0.10831596914294811
ergo_adaptive,249.25,0.038471828362187016,0.10833920707709385
ergo_adaptive,249.33333333333337,0.03915837326951572,0.10833546252090108
ergo_adaptive,249.41666666666663,0.038106720371650776,0.10831859804214412
ergo_adaptive,249.5,0.038310476736251646,0.1083114915000469
ergo_adaptive,249.58333333333337,0.03794926075252102,0.1083168425714123
ergo_adaptive,249.66666666666663,0.037103891040279766,0.10832854087645041
ergo_adaptive,249.75,0.0389376673219314,0.10833913902753682
ergo_adaptive,249.83333333333337,0.03854748582604303,0.1083684361723446
ergo_adaptive,249.91666666666663,0.04057880445325311,0.10839781250315492
ergo_adaptive,250.0,0.03938179014852658,0.10843859397089226
ergo_adaptive,250.08333333333337,0.03934446590772232,0.10847384684572509
ergo_adaptive,250.16666666666663,0.03907248161854584,0.10851084897066875
ergo_adaptive,250.25,0.03830437740911624,0.10854881391332954
ergo_adaptive,250.33333333333337,0.038375520631782345,0.10857545838771675
ergo_adaptive,250.41666666666663,0.038981776858571,0.10858594062254034
ergo_adaptive,250.5,0.03995205218528859,0.1086139570187974
ergo_adaptive,250.58333333333337,0.04175348546550647,0.1086557265469839
ergo_adaptive,250.66666666666663,0.039030514181826764,0.10868611389759282
ergo_adaptive,250.75,0.03976612749410524,0.10872988494344761
ergo_adaptive,250.83333333333337,0.041772672323557934,0.10875598478831147
ergo_adaptive,250.91666666666663,0.04133156700815092,0.10880152276470864
ergo_adaptive,251.0,0.042095893103452214,0.10881092305120395
ergo_adaptive,251.08333333333337,0.04265798737557223,0.10876983197016958
ergo_adaptive,251.16666666666663,0.04239247086799854,0.1087048108916394
ergo_adaptive,251.25,0.04150509964165506,0.10865734164854593
ergo_adaptive,251.33333333333337,0.0439959090132123,0.10866623200255737
ergo_adaptive,251.41666666666663,0.04641776970751893,0.10868359115479033
ergo_adaptive,251.5,0.043946978230835425,0.10868387464016949
ergo_adaptive,251.58333333333337,0.050405490031523004,0.10864263895517805
ergo_adaptive,251.66666666666663,0.04369506734293285,0.10856427691235204
ergo_adaptive,251.75,0.04350296401905606,0.10857104544727723
ergo_adaptive,251.83333333333337,0.04286018578605377,0.10862786164901225
ergo_adaptive,251.91666666666663,0.04294200859187454,0.10869579325760367
ergo_adaptive,252.0,0.043145584570371834,0.10874015946136924
ergo_adaptive,252.08333333333337,0.044128707259963124,0.10875885033201886
ergo_adaptive,252.16666666666663,0.043348903490708406,0.1088104225928139
ergo_adaptive,252.25,0.04259871390431909,0.10885886501821289
ergo_adaptive,252.33333333333337,0.04222843608133515,0.10888874658917568
ergo_adaptive,252.41666666666663,0.04162470691871328,0.10888488099944343
ergo_adaptive,252.5,0.03983185227344455,0.10886060058248483
ergo_adaptive,252.58333333333337,0.0415261799260385,0.1088274791103628
ergo_adaptive,252.66666666666663,0.04150321234670839,0.10882896757347747
ergo_adaptive,252.75,0.04152308915464943,0.10884676686840776
ergo_adaptive,252.83333333333337,0.04001759321961385,0.10887268554212697
ergo_adaptive,252.91666666666663,0.037327142158483644,0.1088979658841743
ergo_adaptive,253.0,0.037857695661412775,0.10887362442024277
ergo_adaptive,253.08333333333337,0.03694144708296437,0.10881122813855189
ergo_adaptive,253.16666666666663,0.03726088687091355,0.10873130526499986
ergo_adaptive,253.25,0.03560896623645955,0.1086846310030372
ergo_adaptive,253.33333333333337,0.03754968631664619,0.10867485298935624
ergo_adaptive,253.41666666666663,0.03770178515498485,0.10868223880892654
ergo_adaptive,253.5,0.03879156161389955,0.10870022995530898
ergo_adaptive,253.58333333333337,0.038993331601359094,0.1087322082302972
ergo_adaptive,253.66666666666663,0.03785941814616468,0.10877141272841168
ergo_adaptive,253.75,0.03581228190206608,0.10880410389822805
ergo_adaptive,253.83333333333337,0.03493939340079035,0.10881582277509336
ergo_adaptive,253.91666666666663,0.03619501457699041,0.10880880091069234
ergo_adaptive,254.0,0.03323680587377599,0.10878601174894885
ergo_adaptive,254.08333333333337,0.033779499250724064,0.10870062932252449
ergo_adaptive,254.16666666666663,0.03362881996427616,0.10855808427921874
ergo_adaptive,254.25,0.03039395101509297,0.10849381194375918
ergo_adaptive,254.33333333333337,0.03306156303422633,0.1085087160366399
ergo_adaptive,254.41666666666663,0.03267264239135992,0.1085699552843746
ergo_adaptive,254.5,0.03540940659333651,0.10862768050902442
ergo_adaptive,254.58333333333337,0.03618608476203059,0.10867159746027528
ergo_adaptive,254.66666666666663,0.03429684798121894,0.10869790022075287
ergo_adaptive,254.75,0.03475636614650993,0.10871220148208767
ergo_adaptive,254.83333333333337,0.03522216443231031,0.10872980925611336
ergo_adaptive,254.91666666666663,0.034219227564962804,0.10874760858447993
ergo_adaptive,255.0,0.034394284112561624,0.10878515039622257
ergo_adaptive,255.08333333333337,0.03247547085819286,0.10882664150319526
ergo_adaptive,255.16666666666663,0.03398420421284911,0.1088540899147327
ergo_adaptive,255.25,0.03485739976362506,0.1088819560874386
ergo_adaptive,255.33333333333337,0.03686321236873317,0.1089114293085343
ergo_adaptive,255.41666666666663,0.033997858703949925,0.10894283348157426
ergo_adaptive,255.5,0.034564364277314734,0.10896744767447894
ergo_adaptive,255.58333333333337,0.035011439569094874,0.10898580954425054
ergo_adaptive,255.66666666666663,0.03585458602500952,0.10900925196067657
ergo_adaptive,255.75,0.03562494607364025,0.10903564851114037
ergo_adaptive,255.83333333333337,0.03561209873465494,0.109054009775874
ergo_adaptive,255.91666666666663,0.0359198292230648,0.10907472311799112
ergo_adaptive,256.0,0.0363874229189492,0.10909966662565984
ergo_adaptive,256.08333333333337,0.03686550529907367,0.10912858999070706
ergo_adaptive,256.16666666666663,0.03663220629748365,0.10913250995428209
ergo_adaptive,256.25,0.03914538643482129,0.10911302395360653
ergo_adaptive,256.33333333333337,0.03669051612398652,0.10909300595810377
ergo_adaptive,256.41666666666663,0.035118655430039926,0.10910676409380804
ergo_adaptive,256.5,0.036291445051541665,0.10913748000733477
ergo_adaptive,256.58333333333337,0.03677178273026581,0.10917977748350349
ergo_adaptive,256.66666666666663,0.03344791119789122,0.10922465902863122
ergo_adaptive,256.75,0.03597346727978486,0.10924725671991263
ergo_adaptive,256.83333333333337,0.035146934768912216,0.10926280644301122
ergo_adaptive,256.91666666666663,0.03724410107428101,0.10926488312829502
ergo_adaptive,257.0,0.035761184062565246,0.10929088063899987
ergo_adaptive,257.08333333333337,0.0387601264960063,0.10929578392675168
ergo_adaptive,257.16666666666663,0.04012605797623905,0.10932352517152702
ergo_adaptive,257.25,0.03909209040992026,0.10936970355576019
ergo_adaptive,257.33333333333337,0.041305409016370934,0.10939379109042996
ergo_adaptive,257.41666666666663,0.04702193698225226,0.10938839069852316
ergo_adaptive,257.5,0.04523103512661997,0.10936789349998012
ergo_adaptive,257.58333333333337,0.04681458384723146,0.10934697955845107
ergo_adaptive,257.66666666666663,0.04315314625574606,0.10931060044613312
ergo_adaptive,257.75,0.04124991927649063,0.10924138223746864
ergo_adaptive,257.83333333333337,0.04307129980755726,0.10924620838869352
ergo_adaptive,257.91666666666663,0.04434299132383571,0.10923733994810705
ergo_adaptive,258.0,0.0441396297221687,0.10919679067892937
ergo_adaptive,258.08333333333337,0.04720215027282352,0.10914624431203641
ergo_adaptive,258.16666666666663,0.04951375324320475,0.10909107375883413
ergo_adaptive,258.25,0.052891969925412584,0.10901560792810322
ergo_adaptive,258.33333333333337,0.04613403040530441,0.10892238173257099
ergo_adaptive,258.41666666666663,0.04535296204752989,0.10890626495571
ergo_adaptive,258.5,0.04598089849923018,0.10896111530404162
ergo_adaptive,258.58333333333337,0.04578047754415717,0.10900759845993704
ergo_adaptive,258.66666666666663,0.05025253328255611,0.10907327225887899
ergo_adaptive,258.75,0.047771306965545594,0.10912848987842616
ergo_adaptive,258.83333333333337,0.05244025428097399,0.10916248130992859
ergo_adaptive,258.91666666666663,0.050642016808991074,0.10918105363164883
ergo_adaptive,259.0,0.04850533011010012,0.10919267877834471
ergo_adaptive,259.08333333333337,0.04709237310434456,0.10925624032508378
ergo_adaptive,259.16666666666663,0.04861262337628322,0.10933285948523712
ergo_adaptive,259.25,0.046799614566575616,0.10939928733252693
ergo_adaptive,259.33333333333337,0.0477596960722212,0.1094502288339804
ergo_adaptive,259.41666666666663,0.04944968791643906,0.10947941940213972
ergo_adaptive,259.5,0.0486574642912254,0.10953795073670786
ergo_adaptive,259.58333333333337,0.05106422572950036,0.10958537710046194
ergo_adaptive,259.66666666666663,0.05594634288715859,0.10964265804071574
ergo_adaptive,259.75,0.05855570067813115,0.10969138312903212
ergo_adaptive,259.83333333333337,0.05323815965149865,0.10971322485910477
ergo_adaptive,259.91666666666663,0.05310023958495122,0.1097444541088408
ergo_adaptive,260.0,0.05609161440223894,0.109806866675416
ergo_adaptive,260.08333333333337,0.05819648431825165,0.109863442991825
ergo_adaptive,260.16666666666663,0.058010019833814944,0.1099077602941337
ergo_adaptive,260.25,0.06386469975025064,0.1099572119395651
ergo_adaptive,260.33333333333337,0.030578917272579213,0.11000940460948924
ergo_adaptive,260.41666666666663,0.02868165411799053,0.11008283127061591
ergo_adaptive,260.5,0.032898312495537235,0.11015210071112058
ergo_adaptive,260.58333333333337,0.03455747195154545,0.11019369179641514
ergo_adaptive,260.66666666666663,0.036689430686896174,0.11019673434890462
ergo_adaptive,260.75,0.035804904181278956,0.11016956609342754
ergo_adaptive,260.83333333333337,0.034634051345743086,0.11011947714061564
ergo_adaptive,260.91666666666663,0.034436487591195865,0.11002699689438147
ergo_adaptive,261.0,0.034413741327041454,0.10989049353499614
ergo_adaptive,261.08333333333337,0.034176141904414516,0.10974164389297271
ergo_adaptive,261.16666666666663,0.03319545562027308,0.10962752607557756
ergo_adaptive,261.25,0.03397763016825593,0.10951057426222464
ergo_adaptive,261.33333333333337,0.03386359487419198,0.10936672122196706
ergo_adaptive,261.41666666666663,0.0335354550068199,0.10921528633635877
ergo_adaptive,261.5,0.03305101147489502,0.10909507911736502
ergo_adaptive,261.58333333333337,0.02958356742057003,0.10899564033623456
ergo_adaptive,261.66666666666663,0.028988775169533795,0.10888038026843147
ergo_adaptive,261.75,0.02909560697461385,0.10875396553765462
ergo_adaptive,261.83333333333337,0.029023297330283714,0.1086375785462398
ergo_adaptive,261.91666666666663,0.0297546136988141,0.1085339641124298
ergo_adaptive,262.0,0.028907943567722562,0.10842137065805334
ergo_adaptive,262.08333333333337,0.029585907836160944,0.10829580457197237
ergo_adaptive,262.16666666666663,0.02902260797428887,0.10817205749282235
ergo_adaptive,262.25,0.028210706653794153,0.1080530787384327
ergo_adaptive,262.33333333333337,0.028573552179545866,0.10789980736161764
ergo_adaptive,262.41666666666663,0.02695242841605528,0.10769887443897541
ergo_adaptive,262.5,0.02699581194702144,0.10751536564913827
ergo_adaptive,262.58333333333337,0.02399686323548289,0.10739799752772194
ergo_adaptive,262.66666666666663,0.027078282098674945,0.10739562608297651
ergo_adaptive,262.75,0.026401982482105676,0.10745555525517983
ergo_adaptive,262.83333333333337,0.025210211450039845,0.10754372861012562
ergo_adaptive,262.91666666666663,0.02552093764424628,0.10761804241570368
ergo_adaptive,263.0,0.02605590249646988,0.10770539090811662
ergo_adaptive,263.08333333333337,0.025863410242666002,0.1077860995615882
ergo_adaptive,263.16666666666663,0.02463277246419007,0.1078461650796089
ergo_adaptive,263.25,0.022755849903581687,0.10791247206965253
ergo_adaptive,263.33333333333337,0.021909887214249385,0.10796237286600037
ergo_adaptive,263.41666666666663,0.021713362533069602,0.10795626524571314
ergo_adaptive,263.5,0.02401179134842444,0.10788786208076967
ergo_adaptive,263.58333333333337,0.02233241530719017,0.10777396750681408
ergo_adaptive,263.66666666666663,0.020815001808600964,0.1076479753888804
ergo_adaptive,263.75,0.021502815682938495,0.10763401732602905
ergo_adaptive,263.83333333333337,0.021125619829348307,0.10765457898415269
ergo_adaptive,263.91666666666663,0.020699644916267128,0.10768484476133741
ergo_adaptive,264.0,0.021213594550243322,0.1077189342110368
ergo_adaptive,264.08333333333337,0.022013564559726497,0.10775856121786938
ergo_adaptive,264.16666666666663,0.023802282195678044,0.10780255414835699
ergo_adaptive,264.25,0.024664367345441904,0.10784955205246353
ergo_adaptive,264.33333333333337,0.02366279587259999,0.10788934432444552
ergo_adaptive,264.41666666666663,0.02402652910568304,0.10789976634296158
ergo_adaptive,264.5,0.02130490741046746,0.10789365177833743
ergo_adaptive,264.58333333333337,0.02098275537120569,0.1079132995495622
ergo_adaptive,264.66666666666663,0.021774055041317127,0.10794951166952772
ergo_adaptive,264.75,0.02289371741081128,0.10799108134214608
ergo_adaptive,264.83333333333337,0.02208088900082402,0.10801454429667934
ergo_adaptive,264.91666666666663,0.022368917066630134,0.10800217911676945
ergo_adaptive,265.0,0.02103775429489131,0.10795691597341478
ergo_adaptive,265.08333333333337,0.019426056249817695,0.10787934317748758
ergo_adaptive,265.16666666666663,0.020863215600200307,0.10775579190906084
ergo_adaptive,265.25,0.025544232097052106,0.10757916144104061
ergo_adaptive,265.33333333333337,0.027083518781251238,0.10734392003661433
ergo_adaptive,265.41666666666663,0.02658654067916226,0.10710107041132916
ergo_adaptive,265.5,0.02767661326116826,0.10688216381833499
ergo_adaptive,265.58333333333337,0.025249058929578207,0.10666798455537062
ergo_adaptive,265.66666666666663,0.02433267298906858,0.10647083748541217
ergo_adaptive,265.75,0.026823845183408697,0.10635430617522096
ergo_adaptive,265.83333333333337,0.02535367404235483,0.10631930683380998
ergo_adaptive,265.91666666666663,0.023471616858068905,0.10632451740676435
ergo_adaptive,266.0,0.026426071155210073,0.10635015359302818
ergo_adaptive,266.08333333333337,0.02646797908477241,0.10638872926490126
ergo_adaptive,266.16666666666663,0.024270329563033075,0.10643393920030492
ergo_adaptive,266.25,0.023209459488528122,0.10648071690601182
ergo_adaptive,266.33333333333337,0.02442799855316535,0.10652667997557731
ergo_adaptive,266.41666666666663,0.023406988886623393,0.10657586775092297
ergo_adaptive,266.5,0.022796412584197526,0.10661977567856966
ergo_adaptive,266.58333333333337,0.023528033495567077,0.1066705144047607
ergo_adaptive,266.66666666666663,0.02452775083842283,0.10671198023907913
ergo_adaptive,266.75,0.02517069537326143,0.10674502980708057
ergo_adaptive,266.83333333333337,0.02569556794026424,0.10678915029993373
ergo_adaptive,266.91666666666663,0.02718905593415304,0.10682431028040597
ergo_adaptive,267.0,0.028579285915886633,0.10685473576719266
ergo_adaptive,267.08333333333337,0.02656182570652237,0.10688697091331459
ergo_adaptive,267.16666666666663,0.027759398829911228,0.10691926767370442
ergo_adaptive,267.25,0.026466038673228304,0.10695320787274323
ergo_adaptive,267.33333333333337,0.02716377281888364,0.10698316004060937
ergo_adaptive,267.41666666666663,0.02682068210745109,0.10702479692323905
ergo_adaptive,267.5,0.026912120583878034,0.1070542011794669
ergo_adaptive,267.58333333333337,0.027062384650947728,0.10709818728661984
ergo_adaptive,267.66666666666663,0.025886642213482417,0.10714073673044
ergo_adaptive,267.75,0.024174083430641913,0.10716761024365092
ergo_adaptive,267.83333333333337,0.025213862021393415,0.10719340441312857
ergo_adaptive,267.91666666666663,0.026109542671866978,0.10721412835688636
ergo_adaptive,268.0,0.02722466505531062,0.10723943520777751
ergo_adaptive,268.08333333333337,0.027273305839890988,0.10726497953971552
ergo_adaptive,268.16666666666663,0.026822600302380796,0.10729105143838528
ergo_adaptive,268.25,0.026887408045568797,0.10731738242481156
ergo_adaptive,268.33333333333337,0.02727388691354348,0.10734372483700598
ergo_adaptive,268.41666666666663,0.02853826010863224,0.10737024125835665
ergo_adaptive,268.5,0.026698792297936782,0.10739676505301998
ergo_adaptive,268.58333333333337,0.024913216719671262,0.10742290435609235
ergo_adaptive,268.66666666666663,0.02603183667552448,0.10744851279745388
ergo_adaptive,268.75,0.026015255815530693,0.10747385473177337
ergo_adaptive,268.83333333333337,0.025437897165043705,0.1074995318958758
ergo_adaptive,268.91666666666663,0.02441997432837621,0.10752558722773527
ergo_adaptive,269.0,0.02534675818804762,0.10755108025452634
ergo_adaptive,269.08333333333337,0.024730997033646167,0.10757712230932019
ergo_adaptive,269.16666666666663,0.02570783343351523,0.10760097037608013
ergo_adaptive,269.25,0.025695080566753802,0.10762762423804573
ergo_adaptive,269.33333333333337,0.026028978775944574,0.10765272540180873
ergo_adaptive,269.41666666666663,0.026949360897063037,0.10767908247456102
ergo_adaptive,269.5,0.02784758946230168,0.10770648443313759
ergo_adaptive,269.58333333333337,0.0262161621242202,0.10773295931928185
ergo_adaptive,269.66666666666663,0.026705660793869244,0.10775950083693861
ergo_adaptive,269.75,0.027934507266777518,0.1077859388320312
ergo_adaptive,269.83333333333337,0.027264889256231228,0.10781219037988929
ergo_adaptive,269.91666666666663,0.027225845743300496,0.10783810320821159
ergo_adaptive,270.0,0.024401060155748007,0.10786359578758059
ergo_adaptive,270.08333333333337,0.025552585358726548,0.10788941557845282
ergo_adaptive,270.16666666666663,0.025504879365365142,0.10791548841938227
ergo_adaptive,270.25,0.027048351746964072,0.10794061218606822
ergo_adaptive,270.33333333333337,0.0280126660942212,0.1079647626435292
ergo_adaptive,270.41666666666663,0.028186585625600703,0.10798838095991244
ergo_adaptive,270.5,0.028481645054346243,0.10801227741577514
ergo_adaptive,270.58333333333337,0.027970843202992087,0.10803650731758889
ergo_adaptive,270.66666666666663,0.027975257028444632,0.10806055128141628
ergo_adaptive,270.75,0.030246532139336653,0.1080844134386593
ergo_adaptive,270.83333333333337,0.03165761414791621,0.10810839600530968
ergo_adaptive,270.91666666666663,0.0327108616026184,0.10813186088896719
ergo_adaptive,271.0,0.03292921376044814,0.10815505233372065
ergo_adaptive,271.08333333333337,0.031158100829276253,0.10817779187002587
ergo_adaptive,271.16666666666663,0.030042736534430077,0.10819971303243273
ergo_adaptive,271.25,0.030378941877709707,0.1082209827247401
ergo_adaptive,271.33333333333337,0.029861709329855043,0.10823341302433831
ergo_adaptive,271.41666666666663,0.030995419997814872,0.10826179967571656
ergo_adaptive,271.5,0.030578310710183076,0.10828997824532327
ergo_adaptive,271.58333333333337,0.031956100666416305,0.10831748244740604
ergo_adaptive,271.66666666666663,0.030995783925966608,0.10834130322862566
ergo_adaptive,271.75,0.03175445319458604,0.1083568529075546
ergo_adaptive,271.83333333333337,0.03150805413855323,0.10837164107445046
ergo_adaptive,271.91666666666663,0.03174970306599731,0.10838895558499408
ergo_adaptive,272.0,0.030871915461058917,0.10841002619408262
ergo_adaptive,272.08333333333337,0.029323692418780946,0.10842621034385402
ergo_adaptive,272.16666666666663,0.02873853965278965,0.1084498712398282
ergo_adaptive,272.25,0.028947187917147028,0.10845622024159007
ergo_adaptive,272.33333333333337,0.029680600266407835,0.10843789228654198
ergo_adaptive,272.41666666666663,0.03055621177505858,0.10838750586223775
ergo_adaptive,272.5,0.028883929221980905,0.10829329867478542
ergo_adaptive,272.58333333333337,0.03029488606465727,0.10816098167459222
ergo_adaptive,272.66666666666663,0.02962405823177619,0.1080327713873522
ergo_adaptive,272.75,0.03348752942343818,0.10791835150495475
ergo_adaptive,272.83333333333337,0.033468627179419105,0.10780011392710089
ergo_adaptive,272.91666666666663,0.03297729843904189,0.10767918481664353
ergo_adaptive,273.0,0.033070863879713065,0.10757705256870677
ergo_adaptive,273.08333333333337,0.030347221622136402,0.10750028518476351
ergo_adaptive,273.16666666666663,0.03064993491009135,0.10739759858354299
ergo_adaptive,273.25,0.028177986532741114,0.1072772643888405
ergo_adaptive,273.33333333333337,0.027593385443877325,0.10724585584625494
ergo_adaptive,273.41666666666663,0.031124111596705778,0.10727379535821445
ergo_adaptive,273.5,0.029031529388996568,0.10734600401711047
ergo_adaptive,273.58333333333337,0.025712874679587185,0.10739975720204967
ergo_adaptive,273.66666666666663,0.02585763034923895,0.10742795706948668
ergo_adaptive,273.75,0.02773867012146805,0.10744133947763354
ergo_adaptive,273.83333333333337,0.026843333848670624,0.10745303309763975
ergo_adaptive,273.91666666666663,0.02692391475630144,0.10746409806968653
ergo_adaptive,274.0,0.02736745387904476,0.10747117028950018
ergo_adaptive,274.08333333333337,0.025928372501279596,0.10747494570782753
ergo_adaptive,274.16666666666663,0.024672822137005758,0.10747837376764216
ergo_adaptive,274.25,0.02274333747606171,0.10747293041794555
ergo_adaptive,274.33333333333337,0.022245765504744473,0.10749693106022722
ergo_adaptive,274.41666666666663,0.022857477710159356,0.10755534590591102
ergo_adaptive,274.5,0.02325402146863733,0.10762137690802269
ergo_adaptive,274.58333333333337,0.02316959179450544,0.10767707291164505
ergo_adaptive,274.66666666666663,0.02358458296009222,0.10771850647152427
ergo_adaptive,274.75,0.02488287937568436,0.10775157316418754
ergo_adaptive,274.83333333333337,0.025845142552676382,0.10777678165326172
ergo_adaptive,274.91666666666663,0.026798971578540186,0.10778672943803039
ergo_adaptive,275.0,0.028291065798309627,0.10778406331200654
ergo_adaptive,275.08333333333337,0.030145137896447245,0.10777923834028225
ergo_adaptive,275.16666666666663,0.030873302682787755,0.10775746486012669
ergo_adaptive,275.25,0.029042765330448098,0.10768755953837778
ergo_adaptive,275.33333333333337,0.028294114192665334,0.10758485249507824
ergo_adaptive,275.41666666666663,0.02800312265338649,0.10748687365707756
ergo_adaptive,275.5,0.028229862578681295,0.10741962989301856
ergo_adaptive,275.58333333333337,0.02731765489390177,0.10736819392481217
ergo_adaptive,275.66666666666663,0.029045324338058672,0.107410597427501
ergo_adaptive,275.75,0.028369320188840266,0.10744280775709848
ergo_adaptive,275.83333333333337,0.02904308997436764,0.10749903889942504
ergo_adaptive,275.91666666666663,0.029427998170479336,0.10752826071653063
ergo_adaptive,276.0,0.029843518087308563,0.10749487182000142
ergo_adaptive,276.08333333333337,0.030383973190603895,0.107422972776229
ergo_adaptive,276.16666666666663,0.03270180130610449,0.10735584808958716
ergo_adaptive,276.25,0.034632369521808336,0.10731464144019827
ergo_adaptive,276.33333333333337,0.0372087656805768,0.10726339400479724
ergo_adaptive,276.41666666666663,0.035501182873571,0.10719562829171259
ergo_adaptive,276.5,0.03510558554757648,0.10713566370932251
ergo_adaptive,276.58333333333337,0.03539425641241953,0.10710152901518659
ergo_adaptive,276.66666666666663,0.037593069982100547,0.10710947324224335
ergo_adaptive,276.75,0.03495237911304814,0.10713233350716438
ergo_adaptive,276.83333333333337,0.03246426633285772,0.10719635966756974
ergo_adaptive,276.91666666666663,0.030964295285857528,0.10727593405053598
ergo_adaptive,277.0,0.030699404870711308,0.10734316091970912
ergo_adaptive,277.08333333333337,0.02937637571137473,0.10739138984072233
ergo_adaptive,277.16666666666663,0.0307062745603242,0.10742719163466725
ergo_adaptive,277.25,0.030577615398871667,0.10745196846414651
ergo_adaptive,277.33333333333337,0.026908037109108943,0.10744741355335874
ergo_adaptive,277.41666666666663,0.02612099556879261,0.10740825607393431
ergo_adaptive,277.5,0.027002657209376297,0.10735252882119102
ergo_adaptive,277.58333333333337,0.029811074847781116,0.10729898317672237
ergo_adaptive,277.66666666666663,0.030582633397234084,0.10730931089365535
ergo_adaptive,277.75,0.03121687110537145,0.10734496929409695
ergo_adaptive,277.83333333333337,0.03078624110774937,0.10739073853139781
ergo_adaptive,277.91666666666663,0.0306279495866536,0.10743905642154186
ergo_adaptive,278.0,0.02949147947172,0.1074852826862331
ergo_adaptive,278.08333333333337,0.02982238177371281,0.10751798941237566
ergo_adaptive,278.16666666666663,0.02958322908566203,0.10754757487009056
ergo_adaptive,278.25,0.028785534529071028,0.10757907907330012
ergo_adaptive,278.33333333333337,0.03130271110984385,0.1076050115494193
ergo_adaptive,278.41666666666663,0.032280587301732964,0.10764355069236638
ergo_adaptive,278.5,0.031107648230516826,0.10768100709006355
ergo_adaptive,278.58333333333337,0.03252175096440341,0.1077054002260305
ergo_adaptive,278.66666666666663,0.031133970191420893,0.10774847457480993
ergo_adaptive,278.75,0.030536927348167545,0.10778972940199767
ergo_adaptive,278.83333333333337,0.03107577690907653,0.10781679766054406
ergo_adaptive,278.91666666666663,0.03177934315304133,0.10782854804974623
ergo_adaptive,279.0,0.03164454148662659,0.10785185408521619
ergo_adaptive,279.08333333333337,0.029696182026004363,0.10787962296732735
ergo_adaptive,279.16666666666663,0.029270886268352572,0.10790537377833626
ergo_adaptive,279.25,0.028902997380499666,0.10790627764907453
ergo_adaptive,279.33333333333337,0.030950479210545105,0.10784565432519713
ergo_adaptive,279.41666666666663,0.029563987913778553,0.10780338183485923
ergo_adaptive,279.5,0.026956322461648887,0.10773801825614168
ergo_adaptive,279.58333333333337,0.028405244076491424,0.10769779399808196
ergo_adaptive,279.66666666666663,0.027239853837212332,0.10768606507066579
ergo_adaptive,279.75,0.027693584977293916,0.10768701128846926
ergo_adaptive,279.83333333333337,0.02727539719600887,0.1076980700858767
ergo_adaptive,279.91666666666663,0.028496828179681962,0.10771492154179477
ergo_adaptive,280.0,0.02880906601599572,0.10775124296799467
ergo_adaptive,280.08333333333337,0.028346523588397805,0.10780448957604133
ergo_adaptive,280.16666666666663,0.028470152590120923,0.1078651422105063
ergo_adaptive,280.25,0.02640174253248268,0.10791752042405643
ergo_adaptive,280.33333333333337,0.028756057658454365,0.10796412212695344
ergo_adaptive,280.41666666666663,0.027854425412260853,0.10800763411103115
ergo_adaptive,280.5,0.03067221829808141,0.1080186609694899
ergo_adaptive,280.58333333333337,0.030556646811789104,0.10805334694099303
ergo_adaptive,280.66666666666663,0.030612788715306875,0.10810793716648513
ergo_adaptive,280.75,0.02951955645675669,0.10813358062284899
ergo_adaptive,280.83333333333337,0.02864391180144035,0.1081781542984921
ergo_adaptive,280.91666666666663,0.02776573829655243,0.10821487623557176
ergo_adaptive,281.0,0.028267926456416757,0.10819725156364982
ergo_adaptive,281.08333333333337,0.02842127692092775,0.10814233216065225
ergo_adaptive,281.16666666666663,0.027302423142568023,0.10807254478771647
ergo_adaptive,281.25,0.02663564824688087,0.10800549070494676
ergo_adaptive,281.33333333333337,0.028312348885666586,0.10792560155765048
ergo_adaptive,281.41666666666663,0.02544747462671317,0.10782610477475499
ergo_adaptive,281.5,0.02482948089928202,0.10781021290714547
ergo_adaptive,281.58333333333337,0.02530251979998609,0.10785280618664891
ergo_adaptive,281.66666666666663,0.025376615403572618,0.10791865537040192
ergo_adaptive,281.75,0.023244577541781313,0.10796871970649749
ergo_adaptive,281.83333333333337,0.022515451818855444,0.1080150515200822
ergo_adaptive,281.91666666666663,0.024218439828471338,0.10805258440898169
ergo_adaptive,282.0,0.02541011627914761,0.10805789412266023
ergo_adaptive,282.08333333333337,0.026517031674468176,0.10804651914558826
ergo_adaptive,282.16666666666663,0.027689206156125343,0.1080435442577883
ergo_adaptive,282.25,0.025409082443389918,0.1080580194169197
ergo_adaptive,282.33333333333337,0.024311571518621622,0.10806778283280137
ergo_adaptive,282.41666666666663,0.02457494658666078,0.10806802537895756
ergo_adaptive,282.5,0.02425844441177442,0.10807344989488257
ergo_adaptive,282.58333333333337,0.024823263367070695,0.10808726447615238
ergo_adaptive,282.66666666666663,0.024331023963775872,0.10811316830554894
ergo_adaptive,282.75,0.02522669176652063,0.10814488556428924
ergo_adaptive,282.83333333333337,0.026602016147100997,0.10818900990568278
ergo_adaptive,282.91666666666663,0.026900017211780255,0.10823943042879076
ergo_adaptive,283.0,0.02732715610638371,0.1082611096792142
ergo_adaptive,283.08333333333337,0.028050257246660052,0.10825197315016685
ergo_adaptive,283.16666666666663,0.02773932448924627,0.10822771781908397
ergo_adaptive,283.25,0.029739614928965992,0.10820617402835926
ergo_adaptive,283.33333333333337,0.030077694605914616,0.10817711211972576
ergo_adaptive,283.41666666666663,0.02877094323206472,0.10813459498490777
ergo_adaptive,283.5,0.03148694171373883,0.108094151220073
ergo_adaptive,283.58333333333337,0.02954842854132609,0.10807518247956041
ergo_adaptive,283.66666666666663,0.03070972058625764,0.10806307205222287
ergo_adaptive,283.75,0.031145764299585085,0.10803765624323823
ergo_adaptive,283.83333333333337,0.02887176661145399,0.10800384192951593
ergo_adaptive,283.91666666666663,0.0299426375121633,0.10802567592201387
ergo_adaptive,284.0,0.03151725180856329,0.10808036519412935
ergo_adaptive,284.08333333333337,0.03149781702918949,0.10812832887387219
ergo_adaptive,284.16666666666663,0.031114818773297394,0.10816050878378645
ergo_adaptive,284.25,0.031906031026574175,0.10820765931137892
ergo_adaptive,284.33333333333337,0.03151289983152328,0.10824395365903222
ergo_adaptive,284.41666666666663,0.032931450400251715,0.10829385439637786
ergo_adaptive,284.5,0.031844685890925734,0.10833959307539234
ergo_adaptive,284.58333333333337,0.03260757302282998,0.10838824022159309
ergo_adaptive,284.66666666666663,0.03249017011811028,0.10843396927068917
ergo_adaptive,284.75,0.031501742833494044,0.10847822734171343
ergo_adaptive,284.83333333333337,0.03310039770097502,0.10852029527295676
ergo_adaptive,284.91666666666663,0.03210417461382476,0.10856303251150913
ergo_adaptive,285.0,0.033844247026619895,0.10860233862684598
ergo_adaptive,285.08333333333337,0.033852705988662565,0.10864227688384986
ergo_adaptive,285.16666666666663,0.03305737044608396,0.1086792693392864
ergo_adaptive,285.25,0.030293556260477587,0.10872087309904015
ergo_adaptive,285.33333333333337,0.032758094133461306,0.10874795421131785
ergo_adaptive,285.41666666666663,0.029472985444242712,0.10876448930754037
ergo_adaptive,285.5,0.02980221071584157,0.10877320854691014
ergo_adaptive,285.58333333333337,0.029782368657867844,0.10877208451933822
ergo_adaptive,285.66666666666663,0.030109657800699303,0.10873966031549831
ergo_adaptive,285.75,0.03174782133402935,0.10873798031413198
ergo_adaptive,285.83333333333337,0.03082050895349325,0.1087800647630561
ergo_adaptive,285.91666666666663,0.031731567928074016,0.10883440766511719
ergo_adaptive,286.0,0.032463028007792584,0.10888466784916738
ergo_adaptive,286.08333333333337,0.03120688532305802,0.10891865725727266
ergo_adaptive,286.16666666666663,0.03216764345243688,0.10896231688932481
ergo_adaptive,286.25,0.029681283642369282,0.1089895896558547
ergo_adaptive,286.33333333333337,0.030199028071451185,0.10902968740889418
ergo_adaptive,286.41666666666663,0.030293183768367034,0.10906411997329643
ergo_adaptive,286.5,0.030416060994282713,0.10905346838657912
ergo_adaptive,286.58333333333337,0.030458945226405493,0.10899884658931837
ergo_adaptive,286.66666666666663,0.029559066671495153,0.10897278215833642
ergo_adaptive,286.75,0.03037075028499435,0.10895628188328975
ergo_adaptive,286.83333333333337,0.03001798534444818,0.10896316011007347
ergo_adaptive,286.91666666666663,0.029880300570701082,0.10898528934398381
ergo_adaptive,287.0,0.030020919039821542,0.10901254450135632
ergo_adaptive,287.08333333333337,0.028889538818716056,0.10904653866482206
ergo_adaptive,287.16666666666663,0.02718486863090619,0.10906543144684352
ergo_adaptive,287.25,0.02796823388249883,0.10905283863888426
ergo_adaptive,287.33333333333337,0.029724816224391586,0.10902681005297771
ergo_adaptive,287.41666666666663,0.029833807238273353,0.10899258963154922
ergo_adaptive,287.5,0.03013725537565554,0.10898255116347765
ergo_adaptive,287.58333333333337,0.028431063891401605,0.1090032217219524
ergo_adaptive,287.66666666666663,0.029541907773243392,0.10901865321996929
ergo_adaptive,287.75,0.030413078744188513,0.10904493434885441
ergo_adaptive,287.83333333333337,0.031069871195911192,0.10909337369641299
ergo_adaptive,287.91666666666663,0.030119794521163756,0.10912864444597276
ergo_adaptive,288.0,0.02875808028959937,0.10914990058873533
ergo_adaptive,288.08333333333337,0.02690822638409014,0.10917802521193834
ergo_adaptive,288.16666666666663,0.024323358230982264,0.1092090051051783
ergo_adaptive,288.25,0.024776747073889195,0.10920162016392046
ergo_adaptive,288.33333333333337,0.023923495681562146,0.10913375527657057
ergo_adaptive,288.41666666666663,0.024384229808410485,0.10902924251825129
ergo_adaptive,288.5,0.023323059728937327,0.10892213225962903
ergo_adaptive,288.58333333333337,0.026473752310362246,0.10881591165069791
ergo_adaptive,288.66666666666663,0.026289640020768116,0.1086843663439901
ergo_adaptive,288.75,0.02579330749666942,0.10852630610735259
ergo_adaptive,288.83333333333337,0.022910105778180385,0.10836683353208995
ergo_adaptive,288.91666666666663,0.023862876373824105,0.10831463761536418
ergo_adaptive,289.0,0.023930012217364512,0.10829247712356739
ergo_adaptive,289.08333333333337,0.02408272425422096,0.10829382359909352
ergo_adaptive,289.16666666666663,0.02561012779409521,0.10831625438826667
ergo_adaptive,289.25,0.025937579018374516,0.10834475316984943
ergo_adaptive,289.33333333333337,0.024445450221474187,0.10837850922051931
ergo_adaptive,289.41666666666663,0.0228074899648184,0.10841630689513228
ergo_adaptive,289.5,0.023372691802391574,0.10844617782934425
ergo_adaptive,289.58333333333337,0.02514045977062357,0.10847946431098873
ergo_adaptive,289.66666666666663,0.025727847865886208,0.10851602899092343
ergo_adaptive,289.75,0.024929582739613702,0.10855272542114755
ergo_adaptive,289.83333333333337,0.025813794266272942,0.10859016988259787
ergo_adaptive,289.91666666666663,0.026002583921435153,0.10863521545768702
ergo_adaptive,290.0,0.024556976936361316,0.10865871094645348
ergo_adaptive,290.08333333333337,0.02676372383659489,0.10869810001014517
ergo_adaptive,290.16666666666663,0.026069987665613532,0.10873329727741304
ergo_adaptive,290.25,0.026151335321028077,0.10873795376586233
ergo_adaptive,290.33333333333337,0.0258556743479566,0.10872636528851563
ergo_adaptive,290.41666666666663,0.026257264510500547,0.10872806436381041
ergo_adaptive,290.5,0.027738960597168044,0.10874248349587594
ergo_adaptive,290.58333333333337,0.027994435810262498,0.10875989828698165
ergo_adaptive,290.66666666666663,0.027050563662324632,0.1087528444434402
ergo_adaptive,290.75,0.028767608279714453,0.10872912552106243
ergo_adaptive,290.83333333333337,0.027294945151947497,0.10870839143006265
ergo_adaptive,290.91666666666663,0.02755529762470891,0.10869822454776452
ergo_adaptive,291.0,0.02731718793623884,0.10871267212077416
ergo_adaptive,291.08333333333337,0.03048607710762035,0.1087487638650624
ergo_adaptive,291.16666666666663,0.029665115816128594,0.10878186700914647
ergo_adaptive,291.25,0.029454634937009845,0.10878115254446792
ergo_adaptive,291.33333333333337,0.03217827016320136,0.1087508241909844
ergo_adaptive,291.41666666666663,0.03359858253006505,0.10870951579392872
ergo_adaptive,291.5,0.03359560615495604,0.10866960265536756
ergo_adaptive,291.58333333333337,0.03456681501128366,0.10862203405130527
ergo_adaptive,291.66666666666663,0.031288194563051916,0.10856007577620715
ergo_adaptive,291.75,0.030451637314036124,0.10858216879313375
ergo_adaptive,291.83333333333337,0.030591358145292184,0.10864947818528374
ergo_adaptive,291.91666666666663,0.03073328961688166,0.10872195452193978
ergo_adaptive,292.0,0.029549589249437395,0.10877691215171366
ergo_adaptive,292.08333333333337,0.029072664422624715,0.10880772333358935
ergo_adaptive,292.16666666666663,0.02782396855778684,0.10882290363348365
ergo_adaptive,292.25,0.02732912796478285,0.1088324439688976
ergo_adaptive,292.33333333333337,0.02777423801201744,0.10884460396828446
ergo_adaptive,292.41666666666663,0.02702516974953794,0.1088682211854702
ergo_adaptive,292.5,0.02716986837928975,0.10889320778907852
ergo_adaptive,292.58333333333337,0.027714493535642922,0.10891916842570618
ergo_adaptive,292.66666666666663,0.027628707979797704,0.10896030298896005
ergo_adaptive,292.75,0.0270358635647152,0.10900789792078182
ergo_adaptive,292.83333333333337,0.028184539720048352,0.10905150722056971
ergo_adaptive,292.91666666666663,0.029471628125769637,0.10909789730927308
ergo_adaptive,293.0,0.03102567589043563,0.10913440897341344
ergo_adaptive,293.08333333333337,0.029641353569072965,0.10915907606771663
ergo_adaptive,293.16666666666663,0.02951224497352367,0.1091797917584333
ergo_adaptive,293.25,0.030069332311860326,0.10921068643365207
ergo_adaptive,293.33333333333337,0.02735683015835055,0.10924208193774028
ergo_adaptive,293.41666666666663,0.027400418379195213,0.10927591145788636
ergo_adaptive,293.5,0.028460395880246743,0.10930657886926493
ergo_adaptive,293.58333333333337,0.028871226447262744,0.10932764671837132
ergo_adaptive,293.66666666666663,0.03098914553282137,0.10935325884198217
ergo_adaptive,293.75,0.03176814691060536,0.10938740402524044
ergo_adaptive,293.83333333333337,0.03052583482783854,0.10942158684564166
ergo_adaptive,293.91666666666663,0.031900242527812456,0.10945333429733965
ergo_adaptive,294.0,0.032798653318688316,0.10948619701128842
ergo_adaptive,294.08333333333337,0.0338661753206133,0.10950961604924167
ergo_adaptive,294.16666666666663,0.033737182118695586,0.10950516482900617
ergo_adaptive,294.25,0.03246510056314441,0.10949572771836762
ergo_adaptive,294.33333333333337,0.034466287686649444,0.10953883312757885
ergo_adaptive,294.41666666666663,0.035740069286265844,0.10957010169293134
ergo_adaptive,294.5,0.03517766061071563,0.1095680868516537
ergo_adaptive,294.58333333333337,0.03534502993704515,0.10957972559514483
ergo_adaptive,294.66666666666663,0.03407749819929718,0.10960774164629669
ergo_adaptive,294.75,0.03454719734152199,0.1096545814530895
ergo_adaptive,294.83333333333337,0.034895774036169704,0.109700487609664
ergo_adaptive,294.91666666666663,0.033389074406899075,0.10974100808933326
ergo_adaptive,295.0,0.03257898154180086,0.10978394662611397
ergo_adaptive,295.08333333333337,0.03330672336561204,0.10981343184548101
ergo_adaptive,295.16666666666663,0.03301198271201501,0.10985158945510103
ergo_adaptive,295.25,0.0342070207404513,0.1098897316054874
ergo_adaptive,295.33333333333337,0.03418511068427884,0.10992905736163092
ergo_adaptive,295.41666666666663,0.03455652100142403,0.10996862074326064
ergo_adaptive,295.5,0.032230890024395525,0.1099899718823638
ergo_adaptive,295.58333333333337,0.032747192702259065,0.11002321325218506
ergo_adaptive,295.66666666666663,0.031220235873529595,0.1100412085069031
ergo_adaptive,295.75,0.031104669407549506,0.11002630986327247
ergo_adaptive,295.83333333333337,0.031363051477239265,0.1100111629680731
ergo_adaptive,295.91666666666663,0.03240653292680651,0.11001497032326196
ergo_adaptive,296.0,0.032042309054997435,0.11004527868111591
ergo_adaptive,296.08333333333337,0.030956148376514482,0.11008230216588906
ergo_adaptive,296.16666666666663,0.031776465748459944,0.11009353291341804
ergo_adaptive,296.25,0.03212774683945867,0.11011284440772587
ergo_adaptive,296.33333333333337,0.03128561764792073,0.11014539433175728
ergo_adaptive,296.41666666666663,0.030266675869042973,0.11017216020694454
ergo_adaptive,296.5,0.029597562546003486,0.11017241391122039
ergo_adaptive,296.58333333333337,0.027800510546054973,0.11014395061717842
ergo_adaptive,296.66666666666663,0.030544587264917576,0.11009133203306751
ergo_adaptive,296.75,0.02856076473795152,0.11007280823113871
ergo_adaptive,296.83333333333337,0.02311352667681891,0.11002438132837382
ergo_adaptive,296.91666666666663,0.024533260873421798,0.10991799366971476
ergo_adaptive,297.0,0.026951658368339446,0.10977737876827275
ergo_adaptive,297.08333333333337,0.023665929663597016,0.10964668583516841
ergo_adaptive,297.16666666666663,0.027506218722213007,0.10953552800356506
ergo_adaptive,297.25,0.02925220646886293,0.1094091273424343
ergo_adaptive,297.33333333333337,0.027243729200369136,0.10927090212187693
ergo_adaptive,297.41666666666663,0.02990206443277423,0.10914441475877672
ergo_adaptive,297.5,0.029839934730127356,0.10904845444661526
ergo_adaptive,297.58333333333337,0.0312736407575931,0.10894663782903198
ergo_adaptive,297.66666666666663,0.030368236628899228,0.10883431634671425
ergo_adaptive,297.75,0.027766413081562528,0.10875207047690506
ergo_adaptive,297.83333333333337,0.027019196754958855,0.10876547884860997
ergo_adaptive,297.91666666666663,0.02710247126984226,0.1088386548548363
ergo_adaptive,298.0,0.02632300643148417,0.10890891683421465
ergo_adaptive,298.08333333333337,0.0261352700452343,0.10895623955755958
ergo_adaptive,298.16666666666663,0.02368524247192397,0.1089882149723312
ergo_adaptive,298.25,0.022611832276000172,0.10902436629811081
ergo_adaptive,298.33333333333337,0.022770367115295655,0.10905961023795652
ergo_adaptive,298.41666666666663,0.022240102010310382,0.10908976802739664
ergo_adaptive,298.5,0.023569661543270892,0.10908271940910971
ergo_adaptive,298.58333333333337,0.023779416009759295,0.10901078090831919
ergo_adaptive,298.66666666666663,0.02343207254963822,0.10888279808773094
ergo_adaptive,298.75,0.02362075490887079,0.10872977543140164
ergo_adaptive,298.83333333333337,0.022310758400113043,0.10856260067078304
ergo_adaptive,298.91666666666663,0.0219644901133877,0.1085096646313608
ergo_adaptive,299.0,0.022538982240698457,0.10853531141089647
ergo_adaptive,299.08333333333337,0.022182277617691797,0.10858459070810417
ergo_adaptive,299.16666666666663,0.023855945009395738,0.10863221353858328
ergo_adaptive,299.25,0.024376827723350262,0.1086807306318443
ergo_adaptive,299.33333333333337,0.02321713478689919,0.10872751624217904
ergo_adaptive,299.41666666666663,0.023073850224834037,0.10875612127007611
ergo_adaptive,299.5,0.023202538994770653,0.10877595826543497
ergo_adaptive,299.58333333333337,0.02228805954214518,0.1087917787854326
ergo_adaptive,299.66666666666663,0.022349733975082588,0.1088249395050535
ergo_adaptive,299.75,0.022402343986823565,0.10887440964027915
ergo_adaptive,299.83333333333337,0.02359434440735287,0.10891554285292358
ergo_adaptive,299.91666666666663,0.02205121003747853,0.10895949430197552
ergo_adaptive,300.0,0.020859072562717514,0.10896695464482781
ergo_adaptive,300.08333333333337,0.023904502088812396,0.10893971791698182
ergo_adaptive,300.16666666666663,0.024308615996851406,0.1088843818047169
ergo_adaptive,300.25,0.02686903469755871,0.10879098502178598
ergo_adaptive,300.33333333333337,0.028473271639037484,0.10864717778766395
ergo_adaptive,300.41666666666663,0.028708998376593294,0.10843822454690254
ergo_adaptive,300.5,0.027293909826825506,0.10820771765828623
ergo_adaptive,300.58333333333337,0.028417255007211033,0.1081038329646106
ergo_adaptive,300.66666666666663,0.029307387179823653,0.10799814755892308
ergo_adaptive,300.75,0.027466267221513994,0.10785298763575199
ergo_adaptive,300.83333333333337,0.02639202359731902,0.10782934437603532
ergo_adaptive,300.91666666666663,0.02680188857807223,0.10788173991902762
ergo_adaptive,301.0,0.026347462588052747,0.1079441199113313
ergo_adaptive,301.08333333333337,0.028284119787945948,0.10799346923324352
ergo_adaptive,301.16666666666663,0.02855781290515578,0.10803238781754716
ergo_adaptive,301.25,0.027047713076679265,0.10806497447090804
ergo_adaptive,301.33333333333337,0.02772040942936433,0.10808197386501976
ergo_adaptive,301.41666666666663,0.027673460825537895,0.10808579678528793
ergo_adaptive,301.5,0.02692633276658683,0.10808244517531769
ergo_adaptive,301.58333333333337,0.02777550496445577,0.10807622561612049
ergo_adaptive,301.66666666666663,0.02690606841807991,0.10805756772098746
ergo_adaptive,301.75,0.025670995520270024,0.10802430726904959
ergo_adaptive,301.83333333333337,0.02888936892395933,0.10803291157943308
ergo_adaptive,301.91666666666663,0.02818784573981759,0.10804271928918338
ergo_adaptive,302.0,0.027022745860520437,0.10803619466792329
ergo_adaptive,302.08333333333337,0.02655283977577491,0.10805356114691611
ergo_adaptive,302.16666666666663,0.026382374091549254,0.1080876766620741
ergo_adaptive,302.25,0.026742740673655657,0.10813278797610688
ergo_adaptive,302.33333333333337,0.02659344504849837,0.10817761266470181
ergo_adaptive,302.41666666666663,0.02603207310772104,0.10820737799398347
ergo_adaptive,302.5,0.025438505756088966,0.10822269522817535
ergo_adaptive,302.58333333333337,0.024965218080852048,0.10823053291293105
ergo_adaptive,302.66666666666663,0.022957483910832917,0.10823082000562356
ergo_adaptive,302.75,0.022211287862966556,0.10821616723435504
ergo_adaptive,302.83333333333337,0.02435977237265941,0.10823078037887789
ergo_adaptive,302.91666666666663,0.02341696042406727,0.10825639800185273
ergo_adaptive,303.0,0.021916411374003696,0.10829435657200434
ergo_adaptive,303.08333333333337,0.021098160289764318,0.10834432410706253
ergo_adaptive,303.16666666666663,0.02063157415040398,0.10839963202581733
ergo_adaptive,303.25,0.02221302371361434,0.1084474662669556
ergo_adaptive,303.33333333333337,0.021444622937936354,0.10849467348162653
ergo_adaptive,303.41666666666663,0.022366113132870596,0.10853611752333064
ergo_adaptive,303.5,0.02102230709178903,0.1085612872635866
ergo_adaptive,303.58333333333337,0.020280458186608587,0.10856123984188222
ergo_adaptive,303.66666666666663,0.020519455022296566,0.10858447712703138
ergo_adaptive,303.75,0.019359016644987053,0.10860634176552496
ergo_adaptive,303.83333333333337,0.02122572225427241,0.10863236157823546
ergo_adaptive,303.91666666666663,0.0214070325708645,0.10866950798036853
ergo_adaptive,304.0,0.020724454814136324,0.10870676693071664
ergo_adaptive,304.08333333333337,0.022623369638378004,0.1087413016442496
ergo_adaptive,304.16666666666663,0.02285481274828953,0.10876019945180763
ergo_adaptive,304.25,0.02548081997808937,0.10876225060415276
ergo_adaptive,304.33333333333337,0.023770423483898247,0.10875904736513127
ergo_adaptive,304.41666666666663,0.024078149166991265,0.10874308372679603
ergo_adaptive,304.5,0.023249569309920677,0.10869773761745237
ergo_adaptive,304.58333333333337,0.02635456249999946,0.1086358468051415
ergo_adaptive,304.66666666666663,0.0268724741929356,0.10858521868665283
ergo_adaptive,304.75,0.030758026406825605,0.10854546958802123
ergo_adaptive,304.83333333333337,0.029136570518553298,0.10848491258371905
ergo_adaptive,304.91666666666663,0.027941720151378285,0.10840112445387567
ergo_adaptive,305.0,0.03350579298298572,0.10831936258382134
ergo_adaptive,305.08333333333337,0.0322443240309041,0.10826367326022181
ergo_adaptive,305.16666666666663,0.029969332133012054,0.10822248333726729
ergo_adaptive,305.25,0.03174775716121723,0.10817754119261384
ergo_adaptive,305.33333333333337,0.02999841345321161,0.10813376649787677
ergo_adaptive,305.41666666666663,0.03193703789904123,0.10810801627703287
ergo_adaptive,305.5,0.0350021122472641,0.1080920890884766
ergo_adaptive,305.58333333333337,0.03485869127079166,0.10805309258441327
ergo_adaptive,305.66666666666663,0.039271967712596084,0.10799873810957021
ergo_adaptive,305.75,0.03866171220731658,0.1079512045267368
ergo_adaptive,305.83333333333337,0.04064548191282114,0.10792773080082854
ergo_adaptive,305.91666666666663,0.039292829165390064,0.10791519747047319
ergo_adaptive,306.0,0.0436741727534673,0.10790683932402054
ergo_adaptive,306.08333333333337,0.03929083832351888,0.10791333976397034
ergo_adaptive,306.16666666666663,0.05043505508090472,0.10795601121895361
ergo_adaptive,306.25,0.020294675682054834,0.10801454858444136
ergo_adaptive,306.33333333333337,0.018617248593386898,0.10810861472511965
ergo_adaptive,306.41666666666663,0.0224154141298075,0.10821105669044934
ergo_adaptive,306.5,0.025119170538432413,0.10829662040205533
ergo_adaptive,306.58333333333337,0.02648925424958322,0.10836115296721846
ergo_adaptive,306.66666666666663,0.026155120753131034,0.10840889551790359
ergo_adaptive,306.75,0.02472393654356938,0.10843873253918097
ergo_adaptive,306.83333333333337,0.024391309013695576,0.10844041896767445
ergo_adaptive,306.91666666666663,0.022780446804550332,0.10841479334041504
ergo_adaptive,307.0,0.02098385474610143,0.10838249118542123
ergo_adaptive,307.08333333333337,0.02149919451271599,0.10835167343555642
ergo_adaptive,307.16666666666663,0.023953182133049984,0.10831132930670206
ergo_adaptive,307.25,0.02177965498512834,0.10825861926491612
ergo_adaptive,307.33333333333337,0.024166202869917393,0.10820475558281802
ergo_adaptive,307.41666666666663,0.023456419256644805,0.10816147816925949
ergo_adaptive,307.5,0.02507852291699542,0.10811139956656932
ergo_adaptive,307.58333333333337,0.02639827942864233,0.10804069045539617
ergo_adaptive,307.66666666666663,0.02420322928358544,0.10796319088790568
ergo_adaptive,307.75,0.02335180308019951,0.1078984847550986
ergo_adaptive,307.83333333333337,0.022167863527765563,0.10784288543666473
ergo_adaptive,307.91666666666663,0.021221647519428413,0.10776919260178462
ergo_adaptive,308.0,0.022519895169207663,0.10775641191654518
ergo_adaptive,308.08333333333337,0.022975097938178236,0.10777503261186035
ergo_adaptive,308.16666666666663,0.023301886723163617,0.10780813225516618
ergo_adaptive,308.25,0.024372152153435384,0.10785541207097091
ergo_adaptive,308.33333333333337,0.023493295478448386,0.10791650721976159
ergo_adaptive,308.41666666666663,0.022413071617580146,0.10798417862710097
ergo_adaptive,308.5,0.022098399289334734,0.10804903728723272
ergo_adaptive,308.58333333333337,0.02139746965074605,0.10811019439612116
ergo_adaptive,308.66666666666663,0.022378258715424013,0.10815534366375278
ergo_adaptive,308.75,0.02332356256345526,0.10820549831019131
ergo_adaptive,308.83333333333337,0.02198782733924393,0.10825378756574021
ergo_adaptive,308.91666666666663,0.02132360986444197,0.10829851343814817
ergo_adaptive,309.0,0.020460920200122808,0.1083392934072632
ergo_adaptive,309.08333333333337,0.022989288909919574,0.10834752682964714
ergo_adaptive,309.16666666666663,0.022815494406147892,0.10836621920777761
ergo_adaptive,309.25,0.02184653347214509,0.10840230812486312
ergo_adaptive,309.33333333333337,0.02139214316169584,0.1084393387947359
ergo_adaptive,309.41666666666663,0.022957100258814308,0.10847094929704322
ergo_adaptive,309.5,0.021821426841053097,0.10851242372428002
ergo_adaptive,309.58333333333337,0.021527262932912173,0.10855299672516942
ergo_adaptive,309.66666666666663,0.02315682578328012,0.10859119829016033
ergo_adaptive,309.75,0.023525051143959124,0.10862036806748858
ergo_adaptive,309.83333333333337,0.023050615411284208,0.10862313584666365
ergo_adaptive,309.91666666666663,0.022873563060411325,0.10862350979935087
ergo_adaptive,310.0,0.022787937922640247,0.10863422123201366
ergo_adaptive,310.08333333333337,0.020783405987755844,0.10865194751164908
ergo_adaptive,310.16666666666663,0.020995857369905578,0.10868455035594829
ergo_adaptive,310.25,0.02258278006439869,0.10869124868750014
ergo_adaptive,310.33333333333337,0.021655846193109778,0.10862487882418066
ergo_adaptive,310.41666666666663,0.02028663621422691,0.10856141913383091
ergo_adaptive,310.5,0.019748752082191304,0.10853685021438872
ergo_adaptive,310.58333333333337,0.019664768307788835,0.10854051096771478
ergo_adaptive,310.66666666666663,0.018028039412661144,0.1085671464583173
ergo_adaptive,310.75,0.018831221313128983,0.10857827124204361
ergo_adaptive,310.83333333333337,0.020261203618252024,0.10859498723386925
ergo_adaptive,310.91666666666663,0.0197143550872342,0.10864282006434746
ergo_adaptive,311.0,0.021163193511845275,0.10869554373421145
ergo_adaptive,311.08333333333337,0.019577623152804834,0.1087232829719263
ergo_adaptive,311.16666666666663,0.020122993695298005,0.1087599632994491
ergo_adaptive,311.25,0.020843618532367488,0.10879085600031753
ergo_adaptive,311.33333333333337,0.022674329627022042,0.10880335017055712
ergo_adaptive,311.41666666666663,0.022954007572859824,0.10880055458008343
ergo_adaptive,311.5,0.024217154335288697,0.10879706725805495
ergo_adaptive,311.58333333333337,0.023788900732321698,0.1087988496512972
ergo_adaptive,311.66666666666663,0.024265169825362427,0.1087950059299648
ergo_adaptive,311.75,0.02456548359325509,0.1087871249372853
ergo_adaptive,311.83333333333337,0.025040451870510256,0.10879622426235853
ergo_adaptive,311.91666666666663,0.024812124254853005,0.10882964473441453
ergo_adaptive,312.0,0.02329112017067855,0.10887316960334731
ergo_adaptive,312.08333333333337,0.022917782914057456,0.10892100540770353
ergo_adaptive,312.16666666666663,0.024546133953568954,0.10896882366984678
ergo_adaptive,312.25,0.023524603184797408,0.10901730322296144
ergo_adaptive,312.33333333333337,0.02448215021951073,0.10906137846878373
ergo_adaptive,312.41666666666663,0.02349205114605601,0.109103494448195
ergo_adaptive,312.5,0.022068493806870735,0.10914335403759341
ergo_adaptive,312.58333333333337,0.01878397564039661,0.10918481828442216
ergo_adaptive,312.66666666666663,0.018478366775771877,0.10921604303840561
ergo_adaptive,312.75,0.01475026511818123,0.10921807724242584
ergo_adaptive,312.83333333333337,0.01523424045652851,0.10918766346013938
ergo_adaptive,312.91666666666663,0.01601280391463708,0.10914070881424119
ergo_adaptive,313.0,0.017854677233545866,0.10909188559223953
ergo_adaptive,313.08333333333337,0.019035800960959016,0.10900496050357879
ergo_adaptive,313.16666666666663,0.02003864827695679,0.10887519406006119
ergo_adaptive,313.25,0.019957019972967147,0.10872996564510697
ergo_adaptive,313.33333333333337,0.021916558820360976,0.10860645375292204
ergo_adaptive,313.41666666666663,0.022264561827060776,0.10848465739830228
ergo_adaptive,313.5,0.021552198952254818,0.10834531771031815
ergo_adaptive,313.58333333333337,0.021765655895219324,0.10823577655771628
ergo_adaptive,313.66666666666663,0.02005774361763238,0.10816919416471452
ergo_adaptive,313.75,0.019920299594446886,0.10817738062366068
ergo_adaptive,313.83333333333337,0.02066079768236908,0.10823286797227863
ergo_adaptive,313.91666666666663,0.01914036142243187,0.10830677300881693
ergo_adaptive,314.0,0.01744955384933897,0.10836201601864562
ergo_adaptive,314.08333333333337,0.01817526877457637,0.10841799554595116
ergo_adaptive,314.16666666666663,0.017637148568392557,0.10846942641035619
ergo_adaptive,314.25,0.01766621770407426,0.1085291305228155
ergo_adaptive,314.33333333333337,0.01744519381385587,0.10858994897652749
ergo_adaptive,314.41666666666663,0.018224597905977483,0.10864591003536532
ergo_adaptive,314.5,0.017552377977540796,0.10869713630400607
ergo_adaptive,314.58333333333337,0.017023469745355135,0.1087341456433191
ergo_adaptive,314.66666666666663,0.01679041555628563,0.10874054186283377
ergo_adaptive,314.75,0.018187082046579366,0.1087216312775462
ergo_adaptive,314.83333333333337,0.018535467508304548,0.10870129086825395
ergo_adaptive,314.91666666666663,0.020025038900455736,0.10869290450145107
ergo_adaptive,315.0,0.018674181268748098,0.1087007484982508
ergo_adaptive,315.08333333333337,0.017500846013757607,0.10871762500507337
ergo_adaptive,315.16666666666663,0.017634258409226847,0.108731888634437
ergo_adaptive,315.25,0.018982362710760283,0.10874704434829607
ergo_adaptive,315.33333333333337,0.01784005126996691,0.1087783263504597
ergo_adaptive,315.41666666666663,0.018512056958812945,0.10880634731230288
ergo_adaptive,315.5,0.01957093271261363,0.10883342810387103
ergo_adaptive,315.58333333333337,0.020603389238955484,0.10887709913388789
ergo_adaptive,315.66666666666663,0.01863279775414345,0.10890999524708816
ergo_adaptive,315.75,0.018250030210945463,0.1089457808435963
ergo_adaptive,315.83333333333337,0.020713084790513016,0.1089557580417352
ergo_adaptive,315.91666666666663,0.022185315644573215,0.10891501238271223
ergo_adaptive,316.0,0.022699308680218456,0.10883013139401647
ergo_adaptive,316.08333333333337,0.024256462103235208,0.10872356127822677
ergo_adaptive,316.16666666666663,0.02295941712372091,0.10858708457627089
ergo_adaptive,316.25,0.02057048522547596,0.10842838830278168
ergo_adaptive,316.33333333333337,0.020291685425378417,0.10840015438528919
ergo_adaptive,316.41666666666663,0.01977171670784765,0.10845114606072935
ergo_adaptive,316.5,0.02034774462454114,0.10851061347124387
ergo_adaptive,316.58333333333337,0.021214742501233882,0.10855384319381098
ergo_adaptive,316.66666666666663,0.02116850782503847,0.10858025376068443
ergo_adaptive,316.75,0.02191996378791617,0.10859737913428198
ergo_adaptive,316.83333333333337,0.02336950196051516,0.10859340666940966
ergo_adaptive,316.91666666666663,0.02377057931013379,0.10855881503980258
ergo_adaptive,317.0,0.023222758075773012,0.10851108075538438
ergo_adaptive,317.08333333333337,0.024521964854714084,0.10847440019180012
ergo_adaptive,317.16666666666663,0.02363926328753316,0.10845388844593272
ergo_adaptive,317.25,0.02285898681127551,0.10842812439546569
ergo_adaptive,317.33333333333337,0.02279301249853555,0.10839781344598436
ergo_adaptive,317.41666666666663,0.022941628603695915,0.10838107447378832
ergo_adaptive,317.5,0.02408013520525935,0.10837363795302521
ergo_adaptive,317.58333333333337,0.023459711597359264,0.10835630250060793
ergo_adaptive,317.66666666666663,0.0243698136931878,0.10832679692460255
ergo_adaptive,317.75,0.024503663195306353,0.10829795849078488
ergo_adaptive,317.83333333333337,0.024227140355659264,0.10828383364833999
ergo_adaptive,317.91666666666663,0.024585826001546986,0.10831111026871061
ergo_adaptive,318.0,0.024385590681103082,0.10835954408675287
ergo_adaptive,318.08333333333337,0.02392601883615822,0.10841808437029077
ergo_adaptive,318.16666666666663,0.024285252177713625,0.10847585311449856
ergo_adaptive,318.25,0.02434084073276032,0.10853185530762444
ergo_adaptive,318.33333333333337,0.023793170736439717,0.10858559987869158
ergo_adaptive,318.41666666666663,0.0239335127375977,0.10863094055929573
ergo_adaptive,318.5,0.02453099836659417,0.10867346521187671
ergo_adaptive,318.58333333333337,0.02401684046704016,0.10871459839552469
ergo_adaptive,318.66666666666663,0.02380285956820358,0.10875324172337852
ergo_adaptive,318.75,0.024334323195518495,0.1087859851113699
ergo_adaptive,318.83333333333337,0.025809953652324368,0.10881936924241345
ergo_adaptive,318.91666666666663,0.023567946539491406,0.10886265435701058
ergo_adaptive,319.0,0.02397210258734606,0.10889888101303212
ergo_adaptive,319.08333333333337,0.02450169414355922,0.10891867710946693
ergo_adaptive,319.16666666666663,0.02424607552653499,0.10894140995773932
ergo_adaptive,319.25,0.023548319785483426,0.10896680073505371
ergo_adaptive,319.33333333333337,0.023659148095305334,0.10899226370901563
ergo_adaptive,319.41666666666663,0.024435658430733514,0.1090179326735512
ergo_adaptive,319.5,0.02483670097108514,0.10904622145678974
ergo_adaptive,319.58333333333337,0.023538007749020328,0.10907619906640864
ergo_adaptive,319.66666666666663,0.024100483997773967,0.10910669016663377
ergo_adaptive,319.75,0.02327938189683667,0.10913727726629562
ergo_adaptive,319.83333333333337,0.02450965482701204,0.10916374973059144
ergo_adaptive,319.91666666666663,0.025036926338544548,0.10919462451922164
ergo_adaptive,320.0,0.026174097102464162,0.10922543613799515
ergo_adaptive,320.08333333333337,0.025704407323272165,0.10925084166581048
ergo_adaptive,320.16666666666663,0.02590086927481493,0.10926319201358198
ergo_adaptive,320.25,0.02665655603042027,0.10928542396960467
ergo_adaptive,320.33333333333337,0.02492711412933674,0.10930857405226449
ergo_adaptive,320.41666666666663,0.023799535350503224,0.10934329805791601
ergo_adaptive,320.5,0.021793980534631305,0.10937131501564896
ergo_adaptive,320.58333333333337,0.023498065883506017,0.1093845481366967
ergo_adaptive,320.66666666666663,0.022880600799905643,0.10938710495299155
ergo_adaptive,320.75,0.023807392983178396,0.10936364751867483
ergo_adaptive,320.83333333333337,0.02628992078086739,0.10930463243405147
ergo_adaptive,320.91666666666663,0.0260682198310959,0.10922887101595229
ergo_adaptive,321.0,0.025405784524328585,0.10915677828932081
ergo_adaptive,321.08333333333337,0.028167772224020907,0.10909295414008262
ergo_adaptive,321.16666666666663,0.029268196239672674,0.10900938175974663
ergo_adaptive,321.25,0.027322482023156847,0.10890880542416613
ergo_adaptive,321.33333333333337,0.027463348295042548,0.10881750933244806
ergo_adaptive,321.41666666666663,0.026292030776014646,0.10876307850866596
ergo_adaptive,321.5,0.025061754377442604,0.10875727390895543
ergo_adaptive,321.58333333333337,0.02234096998008027,0.1087828717830747
ergo_adaptive,321.66666666666663,0.01938594696943337,0.10882020790760702
ergo_adaptive,321.75,0.021983365569950522,0.10885467887972478
ergo_adaptive,321.83333333333337,0.02244739037648555,0.10889986493584211
ergo_adaptive,321.91666666666663,0.020783586302254912,0.10895470077688044
ergo_adaptive,322.0,0.02060199915238816,0.10900998661559458
ergo_adaptive,322.08333333333337,0.020716034752042915,0.10906128184367596
ergo_adaptive,322.16666666666663,0.020128693865046215,0.10910845472625043
ergo_adaptive,322.25,0.021160621888211294,0.10914325425570932
ergo_adaptive,322.33333333333337,0.022517019223853307,0.10917595196312539
ergo_adaptive,322.41666666666663,0.02453985775252378,0.10922895343066027
ergo_adaptive,322.5,0.024478712315099963,0.10926603382093027
ergo_adaptive,322.58333333333337,0.024080654344422945,0.10927458185931757
ergo_adaptive,322.66666666666663,0.02322582790997079,0.10926782176449147
ergo_adaptive,322.75,0.023639940804521597,0.1092615258694447
ergo_adaptive,322.83333333333337,0.022704803970003132,0.10925844621383117
ergo_adaptive,322.91666666666663,0.021533664969878907,0.10928830894625949
ergo_adaptive,323.0,0.021824909152111834,0.10932854978733281
ergo_adaptive,323.08333333333337,0.022862895029141843,0.10936176201594322
ergo_adaptive,323.16666666666663,0.022711103835975247,0.10938691448366662
ergo_adaptive,323.25,0.023436136102454673,0.10940849960161378
ergo_adaptive,323.33333333333337,0.024562417961025384,0.10940889043920603
ergo_adaptive,323.41666666666663,0.024448985053939574,0.10941007366747198
ergo_adaptive,323.5,0.02361249778617258,0.10941857192894472
ergo_adaptive,323.58333333333337,0.021807407768727045,0.1094290260288209
ergo_adaptive,323.66666666666663,0.0200777504313136,0.10941787623449722
ergo_adaptive,323.75,0.019614576027029318,0.10938516571779232
ergo_adaptive,323.83333333333337,0.02080064483162653,0.10934206104048957
ergo_adaptive,323.91666666666663,0.020933875182930585,0.10931108405860489
ergo_adaptive,324.0,0.02047419006396791,0.10929451121541385
ergo_adaptive,324.08333333333337,0.02037524825029821,0.10929139203248926
ergo_adaptive,324.16666666666663,0.021094468798817854,0.10929966590723902
ergo_adaptive,324.25,0.02374848433709914,0.10931637331742258
ergo_adaptive,324.33333333333337,0.023494403642451613,0.10934342430299508
ergo_adaptive,324.41666666666663,0.02450261264876126,0.10937132100743313
ergo_adaptive,324.5,0.022276670578393262,0.10940779564109539
ergo_adaptive,324.58333333333337,0.02340854612402885,0.10944032121131286
ergo_adaptive,324.66666666666663,0.023104567353708062,0.10946689489899766
ergo_adaptive,324.75,0.023473690257594892,0.10948030171707979
ergo_adaptive,324.83333333333337,0.022772887950681737,0.10949043070300793
ergo_adaptive,324.91666666666663,0.021022845293955584,0.10949252630333918
ergo_adaptive,325.0,0.020538014335589598,0.10948667579199
ergo_adaptive,325.08333333333337,0.019748863010587727,0.10945577510290722
ergo_adaptive,325.16666666666663,0.02088880596026387,0.10943482320531094
ergo_adaptive,325.25,0.01942279114014503,0.10941558152346033
ergo_adaptive,325.33333333333337,0.020448123507197574,0.10943304642926102
ergo_adaptive,325.41666666666663,0.021406002666469255,0.10947699785306025
ergo_adaptive,325.5,0.022175557381330233,0.10951376405922492
ergo_adaptive,325.58333333333337,0.020431651252103285,0.10953120402500605
ergo_adaptive,325.66666666666663,0.020820265457836672,0.1095529185165914
ergo_adaptive,325.75,0.02004888074004288,0.10957703273936652
ergo_adaptive,325.83333333333337,0.0193180241732792,0.10960572733941597
ergo_adaptive,325.91666666666663,0.022868516117000397,0.10960411816298146
ergo_adaptive,326.0,0.025621993922361627,0.10954140108233779
ergo_adaptive,326.08333333333337,0.02312326594856669,0.10941979672684972
ergo_adaptive,326.16666666666663,0.021054187323524414,0.10932334695770678
ergo_adaptive,326.25,0.022150341179794534,0.10931357554427863
ergo_adaptive,326.33333333333337,0.020915964595367632,0.10934752222118993
ergo_adaptive,326.41666666666663,0.019823327198938763,0.10940012664118165
ergo_adaptive,326.5,0.018937520053967132,0.10944001336872163
ergo_adaptive,326.58333333333337,0.017966091898498793,0.10948223723885361
ergo_adaptive,326.66666666666663,0.0176656167579174,0.10949655826592178
ergo_adaptive,326.75,0.017208431859654538,0.10946572780166061
ergo_adaptive,326.83333333333337,0.01475246845084174,0.10939557932996516
ergo_adaptive,326.91666666666663,0.016195650093396578,0.10931221494489653
ergo_adaptive,327.0,0.01745057684153752,0.1091873935077812
ergo_adaptive,327.08333333333337,0.018917617399130858,0.10898973055557046
ergo_adaptive,327.16666666666663,0.01879460825744041,0.10873839146781755
ergo_adaptive,327.25,0.02150304429597138,0.10848085319982437
ergo_adaptive,327.33333333333337,0.02121794290871162,0.1082221475778238
ergo_adaptive,327.41666666666663,0.017474810498466307,0.10795589143787439
ergo_adaptive,327.5,0.017837134988469883,0.10784438350860391
ergo_adaptive,327.58333333333337,0.01975765277763676,0.1078391870117904
ergo_adaptive,327.66666666666663,0.020278157406115292,0.10779912298745978
ergo_adaptive,327.75,0.02069996399717126,0.1076755129764706
ergo_adaptive,327.83333333333337,0.02248344112959522,0.1076230456661512
ergo_adaptive,327.91666666666663,0.022506226940544143,0.10760942615694004
ergo_adaptive,328.0,0.022731732977325565,0.10761869312521569
ergo_adaptive,328.08333333333337,0.023473892698157205,0.10764155356115962
ergo_adaptive,328.16666666666663,0.025134370548794503,0.10767227857265035
ergo_adaptive,328.25,0.02432786364351536,0.10770705309869617
ergo_adaptive,328.33333333333337,0.023240482133709515,0.10774409779761931
ergo_adaptive,328.41666666666663,0.02091903626216822,0.1077820803687224
ergo_adaptive,328.5,0.022153985279349944,0.10782017074862237
ergo_adaptive,328.58333333333337,0.02209951291141138,0.10785766430278138
ergo_adaptive,328.66666666666663,0.02271035991281443,0.10789426096323006
ergo_adaptive,328.75,0.022139207907288082,0.10792974788619185
ergo_adaptive,328.83333333333337,0.023306824071530105,0.10796400637764579
ergo_adaptive,328.91666666666663,0.02498757631844873,0.10799702102695623
ergo_adaptive,329.0,0.025065869202339823,0.10802881585494738
ergo_adaptive,329.08333333333337,0.0277502189851998,0.10805959315040771
ergo_adaptive,329.16666666666663,0.026410328807794505,0.10808911500515407
ergo_adaptive,329.25,0.027430250674142873,0.10811780665343447
ergo_adaptive,329.33333333333337,0.027479025561587787,0.10814564429537683
ergo_adaptive,329.41666666666663,0.02525886036943315,0.10817265643290198
ergo_adaptive,329.5,0.02468688138070873,0.10819942944020114
ergo_adaptive,329.58333333333337,0.02444007007003586,0.10822587925228569
ergo_adaptive,329.66666666666663,0.02158108828368227,0.10825190662333149
ergo_adaptive,329.75,0.022411916969604616,0.10827749479397683
ergo_adaptive,329.83333333333337,0.020556641639696706,0.10830264898004648
ergo_adaptive,329.91666666666663,0.01993632060613079,0.10832742046098214
ergo_adaptive,330.0,0.02274929207557999,0.10835181692509654
ergo_adaptive,330.08333333333337,0.024457769420174906,0.10837586517408133
ergo_adaptive,330.16666666666663,0.02318148108792802,0.10839960127166227
ergo_adaptive,330.25,0.021653647831133445,0.10842306566665476
ergo_adaptive,330.33333333333337,0.021545786383895215,0.10844627732083036
ergo_adaptive,330.41666666666663,0.022612929803620556,0.10846918863928215
ergo_adaptive,330.5,0.020889732531128462,0.10849184964124292
ergo_adaptive,330.58333333333337,0.022590737270452403,0.1085141956742114
ergo_adaptive,330.66666666666663,0.024095962249817134,0.1085363921628419
ergo_adaptive,330.75,0.024286493941819233,0.10855841227966197
ergo_adaptive,330.83333333333337,0.02532759319644429,0.10858033935354039
ergo_adaptive,330.91666666666663,0.025134274799025903,0.10860210667808816
ergo_adaptive,331.0,0.022844334865148367,0.10862361761378755
ergo_adaptive,331.08333333333337,0.024048945135547967,0.10864478641454534
ergo_adaptive,331.16666666666663,0.024910011749820063,0.10866578825430354
ergo_adaptive,331.25,0.025916132022266832,0.10868694635746073
ergo_adaptive,331.33333333333337,0.025662951722604313,0.10870821831875081
ergo_adaptive,331.41666666666663,0.02513602817969056,0.10872952004612879
ergo_adaptive,331.5,0.024878438335194705,0.10875075137859154
ergo_adaptive,331.58333333333337,0.023566322551943446,0.10877187970839071
ergo_adaptive,331.66666666666663,0.022445597354494844,0.10879288213128192
ergo_adaptive,331.75,0.02297995663584007,0.10881373291517416
ergo_adaptive,331.83333333333337,0.025443011894896776,0.10883447015288274
ergo_adaptive,331.91666666666663,0.0226244740353392,0.10885509073580564
ergo_adaptive,332.0,0.024949760003041173,0.10887559430534893
ergo_adaptive,332.08333333333337,0.02489892391229169,0.10889597989929407
ergo_adaptive,332.16666666666663,0.02628015541211636,0.10891624847603137
ergo_adaptive,332.25,0.024120780111964585,0.10893638493764496
ergo_adaptive,332.33333333333337,0.024279510794184906,0.10895642208359783
ergo_adaptive,332.41666666666663,0.02543400434018498,0.10897634795966363
ergo_adaptive,332.5,0.02571517994193124,0.10899619328962847
ergo_adaptive,332.58333333333337,0.022234170066750755,0.10901594580105887
ergo_adaptive,332.66666666666663,0.02190688788170789,0.10903553542516402
ergo_adaptive,332.75,0.023546173375092037,0.10905497056986735
ergo_adaptive,332.83333333333337,0.022534175597712248,0.10907434648047123
ergo_adaptive,332.91666666666663,0.023431259216971752,0.1090936368538311
ergo_adaptive,333.0,0.023080497319618636,0.10911280397120282
ergo_adaptive,333.08333333333337,0.024073582166816883,0.1091317996633072
ergo_adaptive,333.16666666666663,0.02558768953228981,0.10915072632376366
ergo_adaptive,333.25,0.02516918497907842,0.10916966105873274
ergo_adaptive,333.33333333333337,0.022097525097519465,0.10918858770168625
ergo_adaptive,333.41666666666663,0.023910313270676026,0.1092074760315446
ergo_adaptive,333.5,0.02319957311097715,0.1092262965708924
ergo_adaptive,333.58333333333337,0.02542421451081313,0.10924502979312231
ergo_adaptive,333.66666666666663,0.025505198740401407,0.10926365175510523
ergo_adaptive,333.75,0.02508505817450177,0.10928214060341068
ergo_adaptive,333.83333333333337,0.024524073259855478,0.10930056959416495
ergo_adaptive,333.91666666666663,0.02373764456333896,0.10931891304200743
ergo_adaptive,334.0,0.02389748159809829,0.10933717360557357
ergo_adaptive,334.08333333333337,0.023182362777613947,0.10935521324175593
ergo_adaptive,334.16666666666663,0.024064271437287177,0.10937322640028341
ergo_adaptive,334.25,0.02562920975215217,0.10939124216577248
ergo_adaptive,334.33333333333337,0.027054587065020737,0.10940921817978012
ergo_adaptive,334.41666666666663,0.027996894110670318,0.10942711496914949
ergo_adaptive,334.5,0.026750889067403,0.10944492562672177
ergo_adaptive,334.58333333333337,0.02678299604291072,0.1094626601836016
ergo_adaptive,334.66666666666663,0.02762824679504981,0.10948030549566387
ergo_adaptive,334.75,0.028998377164496412,0.10949775829752911
ergo_adaptive,334.83333333333337,0.030170426991064096,0.10951508346010475
ergo_adaptive,334.91666666666663,0.028210446415180637,0.1095322932393459
ergo_adaptive,335.0,0.028960268982636605,0.10954947161997744
ergo_adaptive,335.08333333333337,0.02581965832716628,0.10956647147625052
ergo_adaptive,335.16666666666663,0.02315378077826305,0.10958333719802649
ergo_adaptive,335.25,0.025102053281768892,0.10960009252339799
ergo_adaptive,335.33333333333337,0.025058297777860544,0.10961691756394751
ergo_adaptive,335.41666666666663,0.027654286271918717,0.1096334103268985
ergo_adaptive,335.5,0.027367018431966948,0.10964969360713263
ergo_adaptive,335.58333333333337,0.026950573355359584,0.10966578621722403
ergo_adaptive,335.66666666666663,0.0263358919159012,0.10968159730259798
ergo_adaptive,335.75,0.025491557160634934,0.10969762453846087
ergo_adaptive,335.83333333333337,0.02458747908748003,0.1097140651508076
ergo_adaptive,335.91666666666663,0.024125991591544008,0.109730768906639
ergo_adaptive,336.0,0.024042728086301788,0.10974750062450161
ergo_adaptive,336.08333333333337,0.025151200654559926,0.10976424991903194
ergo_adaptive,336.16666666666663,0.025884999865858252,0.10978082991944287
ergo_adaptive,336.25,0.02654345836992369,0.10979717116524139
ergo_adaptive,336.33333333333337,0.02600159898433103,0.10981313332344336
ergo_adaptive,336.41666666666663,0.026572735692237094,0.10982918416390855
ergo_adaptive,336.5,0.02636634042475847,0.10984523752863766
ergo_adaptive,336.58333333333337,0.024810162362670446,0.10986116111867293
ergo_adaptive,336.66666666666663,0.02490707026795627,0.1098769228245109
ergo_adaptive,336.75,0.02507028855740225,0.10989272931741507
ergo_adaptive,336.83333333333337,0.024414578976231834,0.10990848353826993
ergo_adaptive,336.91666666666663,0.02623434252136506,0.10992421115497213
ergo_adaptive,337.0,0.02426881035954437,0.1099400267373009
ergo_adaptive,337.08333333333337,0.02619028478025948,0.10995582744185665
ergo_adaptive,337.16666666666663,0.025328254013880076,0.10997150416951089
ergo_adaptive,337.25,0.025749760210474388,0.1099870205356793
ergo_adaptive,337.33333333333337,0.027117078371614704,0.11000245709820841
ergo_adaptive,337.41666666666663,0.02577497847793194,0.11001767664631999
ergo_adaptive,337.5,0.02763499307634231,0.1100324631028766
ergo_adaptive,337.58333333333337,0.027799207516276365,0.11004694699662022
ergo_adaptive,337.66666666666663,0.026411172786716286,0.11006148311476273
ergo_adaptive,337.75,0.025208954937784588,0.11007617876395644
ergo_adaptive,337.83333333333337,0.025954614921112902,0.1100907171987788
ergo_adaptive,337.91666666666663,0.025625499880008822,0.11010498701032292
ergo_adaptive,338.0,0.02601319350159353,0.11011906595867783
ergo_adaptive,338.08333333333337,0.02528513268169442,0.11013323662681782
ergo_adaptive,338.16666666666663,0.025581738346437843,0.11014769908612698
ergo_adaptive,338.25,0.026142335674876383,0.11016205820840692
ergo_adaptive,338.33333333333337,0.024449338051206224,0.11017594244090126
ergo_adaptive,338.41666666666663,0.027540915558744775,0.11018915688416639
ergo_adaptive,338.5,0.03083753787371945,0.11020238840014472
ergo_adaptive,338.58333333333337,0.03233282577031088,0.11021629195412619
ergo_adaptive,338.66666666666663,0.03034884072203549,0.11023061966447671
ergo_adaptive,338.75,0.029373928084026384,0.11024471239640912
ergo_adaptive,338.83333333333337,0.029220296970766273,0.1102586500600491
ergo_adaptive,338.91666666666663,0.02786225691573005,0.11027271798096926
ergo_adaptive,339.0,0.027991195715527318,0.11028680399324994
ergo_adaptive,339.08333333333337,0.02546507559316845,0.11030058411431251
ergo_adaptive,339.16666666666663,0.026353532906061787,0.1103136517107383
ergo_adaptive,339.25,0.02624125002611998,0.11032610151038982
ergo_adaptive,339.33333333333337,0.027398308141210453,0.11033871348494775
ergo_adaptive,339.41666666666663,0.028413469726984223,0.11035112383654076
ergo_adaptive,339.5,0.027226197914622264,0.11036351350839298
ergo_adaptive,339.58333333333337,0.02797667328153094,0.11037551279260775
ergo_adaptive,339.66666666666663,0.029097538130520385,0.1103874514815372
ergo_adaptive,339.75,0.026215478496854926,0.11039995152829413
ergo_adaptive,339.83333333333337,0.0266679048721069,0.11041210966355482
ergo_adaptive,339.91666666666663,0.026340401004058416,0.11042403754724271
ergo_adaptive,340.0,0.026206661456646983,0.11043437703743136
ergo_adaptive,340.08333333333337,0.024024838192542072,0.11044596136720712
ergo_adaptive,340.16666666666663,0.02400362691188991,0.1104516573746191
ergo_adaptive,340.25,0.025377398014544205,0.1104330510866747
ergo_adaptive,340.33333333333337,0.022994201580622996,0.110373745089365
ergo_adaptive,340.41666666666663,0.02487404884337984,0.11031270789731078
ergo_adaptive,340.5,0.02549802533819411,0.11024353190022348
ergo_adaptive,340.58333333333337,0.025337646004286177,0.11011348922563788
ergo_adaptive,340.66666666666663,0.027394136893383592,0.10994175250790572
ergo_adaptive,340.75,0.028379569924234314,0.10977030582294536
ergo_adaptive,340.83333333333337,0.027235482922821814,0.1096121959214533
ergo_adaptive,340.91666666666663,0.025550394445790423,0.10942997375469748
ergo_adaptive,341.0,0.021490868502166263,0.10922598928632755
ergo_adaptive,341.08333333333337,0.02168179916274311,0.10914519988101068
ergo_adaptive,341.16666666666663,0.02220883838258989,0.10914364663418277
ergo_adaptive,341.25,0.022883178062993833,0.10917603332665393
ergo_adaptive,341.33333333333337,0.02120831503719174,0.10921331732394178
ergo_adaptive,341.41666666666663,0.020733889991893014,0.10924251418034134
ergo_adaptive,341.5,0.020434643224855185,0.10926202239503212
ergo_adaptive,341.58333333333337,0.020997950205058354,0.10927229147405292
ergo_adaptive,341.66666666666663,0.02020482508813089,0.10926414226473175
ergo_adaptive,341.75,0.02053971687475516,0.1092248251348052
ergo_adaptive,341.83333333333337,0.02066581412144189,0.10914331843515955
ergo_adaptive,341.91666666666663,0.02247767653614248,0.10911048512403189
ergo_adaptive,342.0,0.02281162473700499,0.10910429291833935
ergo_adaptive,342.08333333333337,0.023063876663688365,0.10911438098002234
ergo_adaptive,342.16666666666663,0.024389678056564248,0.10913448794448505
ergo_adaptive,342.25,0.02327179572467459,0.10915984683494907
ergo_adaptive,342.33333333333337,0.02526995994659501,0.10918829643237686
ergo_adaptive,342.41666666666663,0.025242130780722814,0.10921777543113984
ergo_adaptive,342.5,0.024517954597510792,0.10924751271732684
ergo_adaptive,342.58333333333337,0.02706158114514969,0.10927714793395144
ergo_adaptive,342.66666666666663,0.029386427574240755,0.1093060497901073
ergo_adaptive,342.75,0.028714246519406832,0.10933383295052737
ergo_adaptive,342.83333333333337,0.024970570722544164,0.10936070228659808
ergo_adaptive,342.91666666666663,0.022271041852709113,0.10938715325828374
ergo_adaptive,343.0,0.021789168243419876,0.10941307966247207
ergo_adaptive,343.08333333333337,0.023480145152610803,0.10943842273456822
ergo_adaptive,343.16666666666663,0.023548614849491292,0.10946309725559725
ergo_adaptive,343.25,0.02529534621786649,0.10948689887201762
ergo_adaptive,343.33333333333337,0.024504772226515193,0.10950993542548085
ergo_adaptive,343.41666666666663,0.02430547943633371,0.10953231231852
ergo_adaptive,343.5,0.02457022107529681,0.1095540754210915
ergo_adaptive,343.58333333333337,0.024294494330730197,0.10957529833901221
ergo_adaptive,343.66666666666663,0.021233303403372438,0.10959606510788261
ergo_adaptive,343.75,0.023035977885260725,0.1096164109915594
ergo_adaptive,343.83333333333337,0.025100411983110756,0.10963627756797091
ergo_adaptive,343.91666666666663,0.026255303650001494,0.1096556848364182
ergo_adaptive,344.0,0.02790110700045012,0.10967468436750351
ergo_adaptive,344.08333333333337,0.029790082355011054,0.10969328413765189
ergo_adaptive,344.16666666666663,0.026767724505661995,0.10971152623110922
ergo_adaptive,344.25,0.02371324907995667,0.10972952967685161
ergo_adaptive,344.33333333333337,0.02213948046818926,0.10974723244506629
ergo_adaptive,344.41666666666663,0.022884558585074453,0.10976454221919849
ergo_adaptive,344.5,0.02127734863262678,0.10978159984594564
ergo_adaptive,344.58333333333337,0.0206630063838325,0.10979813618937401
ergo_adaptive,344.66666666666663,0.020243097030506474,0.1098143564312339
ergo_adaptive,344.75,0.019399293098541836,0.10983071084144254
ergo_adaptive,344.83333333333337,0.020956613850557512,0.10984709739024859
ergo_adaptive,344.91666666666663,0.021283200295550336,0.10986311750320135
ergo_adaptive,345.0,0.02191501403243782,0.10987910002352284
ergo_adaptive,345.08333333333337,0.021971778033344276,0.10989523561294826
ergo_adaptive,345.16666666666663,0.022711481839190938,0.10991147086750848
ergo_adaptive,345.25,0.02245295079696667,0.10992776137849478
ergo_adaptive,345.33333333333337,0.023951653463573735,0.10994396207892838
ergo_adaptive,345.41666666666663,0.022651977542987277,0.10996009578814171
ergo_adaptive,345.5,0.02467067453199439,0.10997608769118397
ergo_adaptive,345.58333333333337,0.025136620552955125,0.10999196421558825
ergo_adaptive,345.66666666666663,0.02682990372806106,0.11000778171413893
ergo_adaptive,345.75,0.025049219056563977,0.11002351501479819
ergo_adaptive,345.83333333333337,0.02427566659858084,0.11003914277801714
ergo_adaptive,345.91666666666663,0.022497559420313822,0.11005457987641756
ergo_adaptive,346.0,0.0228098112959069,0.1100697066165279
ergo_adaptive,346.08333333333337,0.022980702940158713,0.11008453067517289
ergo_adaptive,346.16666666666663,0.023969830452032156,0.11009922284964445
ergo_adaptive,346.25,0.02289616295548086,0.1101140571472563
ergo_adaptive,346.33333333333337,0.023027229842871172,0.11012865765808943
ergo_adaptive,346.41666666666663,0.022128406761740174,0.11014319871602203
ergo_adaptive,346.5,0.023514702938159555,0.11015783025003573
ergo_adaptive,346.58333333333337,0.0223776170806517,0.1101725045027855
ergo_adaptive,346.66666666666663,0.021774374816308197,0.11018600125185314
ergo_adaptive,346.75,0.023901530430599522,0.1102013271280605
ergo_adaptive,346.83333333333337,0.02488461964102956,0.11021413961334638
ergo_adaptive,346.91666666666663,0.023794384749106223,0.11022968453808493
ergo_adaptive,347.0,0.022899321960088873,0.11024310005242362
ergo_adaptive,347.08333333333337,0.021452591456140476,0.1102585526066565
ergo_adaptive,347.16666666666663,0.019051496242284017,0.11026995461210161
ergo_adaptive,347.25,0.019350640212263695,0.11028503364521675
ergo_adaptive,347.33333333333337,0.01987959406508304,0.11029841888863616
ergo_adaptive,347.41666666666663,0.018449641593849396,0.11031945532228346
ergo_adaptive,347.5,0.0183167260179767,0.11033076989010834
ergo_adaptive,347.58333333333337,0.01871517983139699,0.11034565815542605
ergo_adaptive,347.66666666666663,0.019236641695609204,0.1103588548138395
ergo_adaptive,347.75,0.01907399099115278,0.11037320404198901
ergo_adaptive,347.83333333333337,0.019768323936648794,0.11038719794617192
ergo_adaptive,347.91666666666663,0.021350048276828647,0.11040125932446641
ergo_adaptive,348.0,0.0228879897236797,0.11041562256226684
ergo_adaptive,348.08333333333337,0.0220865601980798,0.11042937041560762
ergo_adaptive,348.16666666666663,0.02257923727031161,0.1104428801446954
ergo_adaptive,348.25,0.02429324332036945,0.11045603294605544
ergo_adaptive,348.33333333333337,0.02251400301796612,0.11046991774033701
ergo_adaptive,348.41666666666663,0.02271964812694491,0.11048321277467604
ergo_adaptive,348.5,0.023484115344466833,0.1104961339712545
ergo_adaptive,348.58333333333337,0.0250537881592716,0.11050995128281399
ergo_adaptive,348.66666666666663,0.02574638824997877,0.1105238169286197
ergo_adaptive,348.75,0.0240977198303932,0.11053773590875761
ergo_adaptive,348.83333333333337,0.024958157031511427,0.11055105642353431
ergo_adaptive,348.91666666666663,0.02527215750901481,0.1105643456105262
ergo_adaptive,349.0,0.025295438819124858,0.11057800574172351
ergo_adaptive,349.08333333333337,0.027768667983272845,0.11059183799727665
ergo_adaptive,349.16666666666663,0.02799621156727262,0.1106058533140521
ergo_adaptive,349.25,0.02727083456355629,0.11061987921801819
ergo_adaptive,349.33333333333337,0.026401447399894907,0.11063359856310273
ergo_adaptive,349.41666666666663,0.025433845025255867,0.11064711658821792
ergo_adaptive,349.5,0.025138305480729792,0.1106602134508903
ergo_adaptive,349.58333333333337,0.023267086166042842,0.11067323178574907
ergo_adaptive,349.66666666666663,0.023008974848209247,0.11068578288925769
ergo_adaptive,349.75,0.025165948356494668,0.1106979580285627
ergo_adaptive,349.83333333333337,0.02661624790171568,0.11071024437005042
ergo_adaptive,349.91666666666663,0.027434151237195736,0.11072199899000772
ergo_adaptive,350.0,0.0257742900540355,0.11073417630837894
ergo_adaptive,350.08333333333337,0.027495557035176223,0.11074611007129356
ergo_adaptive,350.16666666666663,0.027949914381402145,0.11075814181309537
ergo_adaptive,350.25,0.026550267566824142,0.11077012318023083
ergo_adaptive,350.33333333333337,0.028609029420001934,0.11078239790770211
ergo_adaptive,350.41666666666663,0.027720416836025438,0.11079502007629198
ergo_adaptive,350.5,0.029375415930947252,0.11080764413552689
ergo_adaptive,350.58333333333337,0.027516278928804327,0.11082018099008087
ergo_adaptive,350.66666666666663,0.026585809032192476,0.11083254564387819
ergo_adaptive,350.75,0.026984830577638154,0.11084474397526665
ergo_adaptive,350.83333333333337,0.02630122402754415,0.11085657385988815
ergo_adaptive,350.91666666666663,0.022466544051335448,0.11086807889325492
ergo_adaptive,351.0,0.02085801463215395,0.11087957196847757
ergo_adaptive,351.08333333333337,0.021009293921048847,0.11089069467621214
ergo_adaptive,351.16666666666663,0.02212787500865137,0.11090197633533837
ergo_adaptive,351.25,0.022109051035160674,0.11091346461455025
ergo_adaptive,351.33333333333337,0.024994402013895644,0.11092496785816475
ergo_adaptive,351.41666666666663,0.02508894395420664,0.11093642289580562
ergo_adaptive,351.5,0.02588775109377806,0.11094796352126178
ergo_adaptive,351.58333333333337,0.026284091262281137,0.11095952622387377
ergo_adaptive,351.66666666666663,0.023740305662180106,0.11097102971092061
ergo_adaptive,351.75,0.024670297769292027,0.11098212166707931
ergo_adaptive,351.83333333333337,0.025597860378269423,0.11099254904483338
ergo_adaptive,351.91666666666663,0.024392759295944123,0.11100277957531313
ergo_adaptive,352.0,0.025724516327221992,0.11101346415660797
ergo_adaptive,352.08333333333337,0.025721207559815995,0.11102435114214608
ergo_adaptive,352.16666666666663,0.025106529928517873,0.1110350352315865
ergo_adaptive,352.25,0.024773056330989834,0.11104540306547435
ergo_adaptive,352.33333333333337,0.023456894324960405,0.1110560529105861
ergo_adaptive,352.41666666666663,0.02207596224335886,0.1110667114684422
ergo_adaptive,352.5,0.0230607324375512,0.11107737117102098
ergo_adaptive,352.58333333333337,0.023096547889523453,0.11108802500066477
ergo_adaptive,352.66666666666663,0.024650645729734657,0.11109855601122999
ergo_adaptive,352.75,0.02631973267068873,0.11110901118092473
ergo_adaptive,352.83333333333337,0.02559293611253908,0.11111898391856322
ergo_adaptive,352.91666666666663,0.026830056052050574,0.1111287599651834
ergo_adaptive,353.0,0.025777282022680082,0.1111387810125909
ergo_adaptive,353.08333333333337,0.02711702191302592,0.11114907464991168
ergo_adaptive,353.16666666666663,0.027536237039800012,0.11115953389651786
ergo_adaptive,353.25,0.02666055988938453,0.11116956671800055
ergo_adaptive,353.33333333333337,0.02435009874164806,0.11118003270684698
ergo_adaptive,353.41666666666663,0.024216414867866028,0.11119038331510887
ergo_adaptive,353.5,0.024461397460859288,0.11120063473437804
ergo_adaptive,353.58333333333337,0.02530112729795107,0.11121099982951069
ergo_adaptive,353.66666666666663,0.023789962353872325,0.11122157770733139
ergo_adaptive,353.75,0.023888367067762054,0.11123238621528014
ergo_adaptive,353.83333333333337,0.020691325546838946,0.11124293722940407
ergo_adaptive,353.91666666666663,0.020059594911777858,0.1112537212193249
ergo_adaptive,354.0,0.018134857883805207,0.11126425495141347
ergo_adaptive,354.08333333333337,0.018534866263381515,0.11127461224070091
ergo_adaptive,354.16666666666663,0.017273042516811537,0.11128512728440217
ergo_adaptive,354.25,0.017305269052327578,0.11129554782799482
ergo_adaptive,354.33333333333337,0.017913281779187436,0.11130600257949728
ergo_adaptive,354.41666666666663,0.02080418436362791,0.1113163036593776
ergo_adaptive,354.5,0.02167952842476858,0.11132624068898776
ergo_adaptive,354.58333333333337,0.02155995258239145,0.1113356646622228
ergo_adaptive,354.66666666666663,0.021133213981815564,0.11134540598550996
ergo_adaptive,354.75,0.022243488949529593,0.11135532502886987
ergo_adaptive,354.83333333333337,0.02056263473067921,0.11136517177205775
ergo_adaptive,354.91666666666663,0.022279939384790774,0.11137492625020563
ergo_adaptive,355.0,0.021631480417859183,0.11138463558345515
ergo_adaptive,355.08333333333337,0.021762383293237614,0.11139446568594329
ergo_adaptive,355.16666666666663,0.02156887215886656,0.11140431574272809
ergo_adaptive,355.25,0.023119266535087044,0.11141400747538245
ergo_adaptive,355.33333333333337,0.022017540122811905,0.11142328984954736
ergo_adaptive,355.41666666666663,0.023043186830980063,0.11143095711577922
ergo_adaptive,355.5,0.020512316239968693,0.11143846713969026
ergo_adaptive,355.58333333333337,0.01948138868765613,0.11144545122845166
ergo_adaptive,355.66666666666663,0.022211310945527814,0.11145265139066156
ergo_adaptive,355.75,0.024931783310519675,0.11146038395224604
ergo_adaptive,355.83333333333337,0.025361893614531165,0.11146781819546084
ergo_adaptive,355.91666666666663,0.023646964155765796,0.11147574252047411
ergo_adaptive,356.0,0.024602072871070014,0.11148415394631839
ergo_adaptive,356.08333333333337,0.024129527541032036,0.11149218864673265
ergo_adaptive,356.16666666666663,0.024600779598876223,0.11149849172328112
ergo_adaptive,356.25,0.023907709123556876,0.11150615947153279
ergo_adaptive,356.33333333333337,0.02398877636356969,0.1115141943280967
ergo_adaptive,356.41666666666663,0.02501247435329849,0.11152339844886523
ergo_adaptive,356.5,0.027632924019924326,0.11153043779511103
ergo_adaptive,356.58333333333337,0.02791265845556674,0.11153909421013276
ergo_adaptive,356.66666666666663,0.02798701922288582,0.11154547514903827
ergo_adaptive,356.75,0.028074820095224953,0.11155255362767494
ergo_adaptive,356.83333333333337,0.02726258463068982,0.11155584400737781
ergo_adaptive,356.91666666666663,0.02586183918851096,0.11156589349054712
ergo_adaptive,357.0,0.026930232605521735,0.11157948583049082
ergo_adaptive,357.08333333333337,0.02390054424198545,0.11156574414719744
ergo_adaptive,357.16666666666663,0.02459410205680267,0.11152863693068618
ergo_adaptive,357.25,0.023112859249325733,0.11147291749763727
ergo_adaptive,357.33333333333337,0.02267083464260346,0.1114347410058098
ergo_adaptive,357.41666666666663,0.022193436994663668,0.11144347902264247
ergo_adaptive,357.5,0.021196345199112707,0.11145435245100438
ergo_adaptive,357.58333333333337,0.02239521393778997,0.11146117960180231
ergo_adaptive,357.66666666666663,0.023737338326742324,0.11147232261367508
ergo_adaptive,357.75,0.024612903637308885,0.1114860833872564
ergo_adaptive,357.83333333333337,0.02602346609730403,0.11150154032308984
ergo_adaptive,357.91666666666663,0.026765169424886364,0.11151772687144623
ergo_adaptive,358.0,0.02586384520943931,0.11153399083511169
ergo_adaptive,358.08333333333337,0.024980137383326953,0.11154952735319368
ergo_adaptive,358.16666666666663,0.024407353412139808,0.11156398801242881
ergo_adaptive,358.25,0.023516203787984358,0.11157789291216157
ergo_adaptive,358.33333333333337,0.023793709312743546,0.1115911964724733
ergo_adaptive,358.41666666666663,0.0261151073163005,0.1116040463896205
ergo_adaptive,358.5,0.027590083272755125,0.11161644434173269
ergo_adaptive,358.58333333333337,0.027250987287562044,0.11162845366411041
ergo_adaptive,358.66666666666663,0.027375326517777465,0.11164024587494456
ergo_adaptive,358.75,0.02529637990292123,0.11165182668942633
ergo_adaptive,358.83333333333337,0.026791612077629853,0.11166319980971025
ergo_adaptive,358.91666666666663,0.027645277674720362,0.11167433269373336
ergo_adaptive,359.0,0.026471794114425923,0.11168505322309877
ergo_adaptive,359.08333333333337,0.02698386872616254,0.11169532373461981
ergo_adaptive,359.16666666666663,0.024415261760869937,0.11170531988994115
ergo_adaptive,359.25,0.0259186038811738,0.11171534138329532
ergo_adaptive,359.33333333333337,0.027626796037624593,0.11172502184021707
ergo_adaptive,359.41666666666663,0.02792275321130231,0.11173416338614278
ergo_adaptive,359.5,0.026517783414695534,0.11174269060994262
ergo_adaptive,359.58333333333337,0.02672687969633921,0.11175084482894161
ergo_adaptive,359.66666666666663,0.025914455520830753,0.11175902353977293
ergo_adaptive,359.75,0.025598597496241618,0.11176654632393954
ergo_adaptive,359.83333333333337,0.027507539449821303,0.11177394743782397
ergo_adaptive,359.91666666666663,0.028666013701720446,0.11178107453993957
ergo_adaptive,360.0,0.028780264058097388,0.11178753206540867
