strategy,mission_minutes,estimated_target_deficit,ground_truth_target_deficit
ergo_adaptive,0.0,0.10836654551007444,0.0863063201208758
ergo_adaptive,0.08333333333337123,0.0924337453455563,0.08109783653434963
ergo_adaptive,0.16666666666662877,0.08729993625694646,0.07987762437630885
ergo_adaptive,0.25,0.08389628667522464,0.07923516768853814
ergo_adaptive,0.33333333333337123,0.08400559767206489,0.07878860766993374
ergo_adaptive,0.41666666666662877,0.08452694248618152,0.07843412078460718
ergo_adaptive,0.5,0.0828652740305561,0.07813665460466854
ergo_adaptive,0.5833333333333712,0.0832471435247368,0.07788269604116733
ergo_adaptive,0.6666666666666288,0.08481194072644198,0.0776629328131251
ergo_adaptive,0.75,0.08437568963235381,0.07747021022467276
ergo_adaptive,0.8333333333333712,0.08341728493787595,0.07729509158179629
ergo_adaptive,0.9166666666666288,0.08456029384162358,0.07712846082028
ergo_adaptive,1.0,0.08270952378523966,0.0769616168837535
ergo_adaptive,1.0833333333333712,0.08092751854444773,0.0767909089000501
ergo_adaptive,1.1666666666666288,0.08267875545348616,0.07661150405545356
ergo_adaptive,1.25,0.08247016295279251,0.07641803271758366
ergo_adaptive,1.3333333333333712,0.08194492871812148,0.07621626232043964
ergo_adaptive,1.4166666666666288,0.07834476098107815,0.07601884320484613
ergo_adaptive,1.5,0.07632770155915171,0.07584031171911072
ergo_adaptive,1.5833333333333712,0.07829284062310339,0.07569170816307601
ergo_adaptive,1.6666666666666288,0.08008998362388331,0.0755721830149976
ergo_adaptive,1.75,0.07983172446814277,0.07541382902624069
ergo_adaptive,1.8333333333333712,0.07878036588578671,0.07518382440099033
ergo_adaptive,1.9166666666666288,0.07365227083632161,0.07489941555979568
ergo_adaptive,2.0,0.07205683853293521,0.07459045421830508
ergo_adaptive,2.0833333333333712,0.07323708420680555,0.07428837559975143
ergo_adaptive,2.1666666666666288,0.07366506682027943,0.07400898894987833
ergo_adaptive,2.25,0.07242420784929957,0.0737496294617882
ergo_adaptive,2.3333333333333712,0.07174339578145641,0.0735032181424968
ergo_adaptive,2.4166666666666288,0.07186552878650403,0.07325187581282325
ergo_adaptive,2.5,0.07378080587506027,0.07298502192319846
ergo_adaptive,2.5833333333333712,0.07294309888514953,0.07270314851368427
ergo_adaptive,2.6666666666666288,0.07339186760734966,0.07241511341847616
ergo_adaptive,2.75,0.07402410083346751,0.07214907668341021
ergo_adaptive,2.8333333333333712,0.07411141947981308,0.071928101659347
ergo_adaptive,2.9166666666666288,0.07308887680349625,0.07173426803323335
ergo_adaptive,3.0,0.07473905946413735,0.07148441174075172
ergo_adaptive,3.0833333333333712,0.07834749438253262,0.07115582428880889
ergo_adaptive,3.1666666666666288,0.07626058185750005,0.07078842712170207
ergo_adaptive,3.25,0.07701021530122497,0.07044472639860963
ergo_adaptive,3.3333333333333712,0.07593246913662302,0.0701376200230259
ergo_adaptive,3.4166666666666288,0.07380980879172282,0.0698443955348515
ergo_adaptive,3.5,0.07466922942605014,0.0695232862081399
ergo_adaptive,3.5833333333333712,0.07073323809741916,0.06916524281307412
ergo_adaptive,3.6666666666666288,0.07370210581233475,0.06879595693087545
ergo_adaptive,3.75,0.07454069558619672,0.0684393393234268
ergo_adaptive,3.8333333333333712,0.07585615717039161,0.06811105469366324
ergo_adaptive,3.9166666666666288,0.0748471788166116,0.0677909173640828
ergo_adaptive,4.0,0.07677895383355453,0.06745560519420137
ergo_adaptive,4.083333333333371,0.07532537984476946,0.06711009249096075
ergo_adaptive,4.166666666666629,0.07479744550174314,0.06676358340105737
ergo_adaptive,4.25,0.07279766577998617,0.06644745858496225
ergo_adaptive,4.333333333333371,0.07229052519518349,0.06616758785137537
ergo_adaptive,4.416666666666629,0.07445160012279363,0.06585285374390189
ergo_adaptive,4.5,0.07540869361554348,0.06548246668369138
ergo_adaptive,4.583333333333371,0.0747922765672758,0.0651086012381076
ergo_adaptive,4.666666666666629,0.07678959892868521,0.06480313139996523
ergo_adaptive,4.75,0.07465406750274116,0.06454405988865784
ergo_adaptive,4.833333333333371,0.07470871103597748,0.06420774836083686
ergo_adaptive,4.916666666666629,0.07248532473960399,0.0638207199435951
ergo_adaptive,5.0,0.07105331601203359,0.06344968294394437
ergo_adaptive,5.083333333333371,0.06983621000198621,0.06313070468388697
ergo_adaptive,5.166666666666629,0.06842097111942236,0.0628262471780041
ergo_adaptive,5.25,0.0700937996001549,0.062499169782708766
ergo_adaptive,5.333333333333371,0.06884179241995031,0.062190526130596106
ergo_adaptive,5.416666666666629,0.07167744305034197,0.06192576384492466
ergo_adaptive,5.5,0.07126434978289228,0.06169655621378265
ergo_adaptive,5.583333333333371,0.06905419866964888,0.06147800226096847
ergo_adaptive,5.666666666666629,0.06960753376638952,0.061260291682756256
ergo_adaptive,5.75,0.07121686516531595,0.06105768289898943
ergo_adaptive,5.833333333333371,0.06934634642756975,0.06090142676992132
ergo_adaptive,5.916666666666629,0.06745500396245917,0.06076092531430098
ergo_adaptive,6.0,0.06555803451380476,0.06061749858436827
ergo_adaptive,6.083333333333371,0.06501220041223303,0.06048143326489052
ergo_adaptive,6.166666666666629,0.06570503991657212,0.06037508726336974
ergo_adaptive,6.25,0.06644143113890522,0.06029415354747053
ergo_adaptive,6.333333333333371,0.06691201460956331,0.0602159047389278
ergo_adaptive,6.416666666666629,0.0674479329822902,0.06012838713335873
ergo_adaptive,6.5,0.06704758688171358,0.06005936578291414
ergo_adaptive,6.583333333333371,0.06621650361280768,0.06002494410489923
ergo_adaptive,6.666666666666629,0.06519328597252387,0.05998652843859803
ergo_adaptive,6.75,0.0629522108162765,0.05993115349675404
ergo_adaptive,6.833333333333371,0.06246695286314528,0.05986999396603402
ergo_adaptive,6.916666666666629,0.06163473760275494,0.05980476813616001
ergo_adaptive,7.0,0.0623248717414815,0.05972350059276116
ergo_adaptive,7.083333333333371,0.06450507965934767,0.05962136188772423
ergo_adaptive,7.166666666666629,0.06451238977635536,0.0595141632661212
ergo_adaptive,7.25,0.06507108349546975,0.05936456226955297
ergo_adaptive,7.333333333333371,0.06745689126598273,0.05916295487818844
ergo_adaptive,7.416666666666629,0.0670872410923293,0.05895970723640619
ergo_adaptive,7.5,0.06814852997127016,0.058803825981384665
ergo_adaptive,7.583333333333371,0.0701542287215283,0.05865589208025648
ergo_adaptive,7.666666666666629,0.07030549850515794,0.058429926029373934
ergo_adaptive,7.75,0.07015015490384445,0.058160007286626715
ergo_adaptive,7.833333333333371,0.0686544696688874,0.05790173349508968
ergo_adaptive,7.916666666666629,0.07014636574815188,0.057656234418919886
ergo_adaptive,8.0,0.07241212498546984,0.05739497988395196
ergo_adaptive,8.083333333333371,0.07489733345060402,0.057128062054924995
ergo_adaptive,8.166666666666629,0.07479992562508131,0.05685303642475634
ergo_adaptive,8.25,0.07502283384893589,0.05659341901767948
ergo_adaptive,8.333333333333371,0.07582852245193719,0.05635807916082544
ergo_adaptive,8.416666666666629,0.07878694330900957,0.05609822955995091
ergo_adaptive,8.5,0.08067356331173134,0.05579122898556861
ergo_adaptive,8.583333333333371,0.08345193479767557,0.055498770376440146
ergo_adaptive,8.666666666666629,0.08252781286300052,0.055252485327421906
ergo_adaptive,8.75,0.08393295314216143,0.05498915365129922
ergo_adaptive,8.833333333333371,0.08527961225660602,0.054666883910077756
ergo_adaptive,8.916666666666629,0.0862398749137481,0.05431878354671711
ergo_adaptive,9.0,0.08588497111039382,0.053991999477879964
ergo_adaptive,9.083333333333371,0.08878267301921883,0.05371042851981018
ergo_adaptive,9.166666666666629,0.08874712322789385,0.053453515323100526
ergo_adaptive,9.25,0.0873262839163733,0.053181331227698365
ergo_adaptive,9.333333333333371,0.0858178035820791,0.05290447149696074
ergo_adaptive,9.416666666666629,0.08607657106669103,0.052683454628357065
ergo_adaptive,9.5,0.08803500287968777,0.05252074413235091
ergo_adaptive,9.583333333333371,0.08742701583026483,0.05228987661809072
ergo_adaptive,9.666666666666629,0.08752442682202084,0.052008511316096136
ergo_adaptive,9.75,0.08742117212012532,0.05176444343613144
ergo_adaptive,9.833333333333371,0.0860487341703424,0.051573698560380556
ergo_adaptive,9.916666666666629,0.08461234633887806,0.05140448124313038
ergo_adaptive,10.0,0.08536245547297357,0.05124417178931462
ergo_adaptive,10.083333333333371,0.08585936912837892,0.051104642210279855
ergo_adaptive,10.166666666666629,0.08641003208158574,0.050997307358878766
ergo_adaptive,10.25,0.08538725892042656,0.050934034543821415
ergo_adaptive,10.333333333333371,0.08632825978962651,0.05088047938642684
ergo_adaptive,10.416666666666629,0.08279478611682024,0.05082779262179779
ergo_adaptive,10.5,0.08061489181930596,0.0507826444656398
ergo_adaptive,10.583333333333371,0.08027376386909237,0.050767537570570904
ergo_adaptive,10.666666666666629,0.07969353065228714,0.05077026890445913
ergo_adaptive,10.75,0.07691068638698953,0.05076284172565878
ergo_adaptive,10.833333333333371,0.07347851603165645,0.05076384202976279
ergo_adaptive,10.916666666666629,0.07321350078987829,0.05078798026351284
ergo_adaptive,11.0,0.07094271431045002,0.050832331892380254
ergo_adaptive,11.083333333333371,0.06820219686323845,0.05088978269597126
ergo_adaptive,11.166666666666629,0.06713971872864713,0.050952229544349054
ergo_adaptive,11.25,0.06519793119304625,0.051017888414914524
ergo_adaptive,11.333333333333371,0.06293043995287907,0.051098258964095554
ergo_adaptive,11.416666666666629,0.06103194202252989,0.051193082007241604
ergo_adaptive,11.5,0.06017660672696841,0.051274136391766624
ergo_adaptive,11.583333333333371,0.05820304172332288,0.05133416848939687
ergo_adaptive,11.666666666666629,0.05764794856399064,0.05138937571157039
ergo_adaptive,11.75,0.05763833152578069,0.05145032025988422
ergo_adaptive,11.833333333333371,0.05678714326081158,0.05151831527647549
ergo_adaptive,11.916666666666629,0.05616456766389548,0.05158354895024725
ergo_adaptive,12.0,0.056414700714398636,0.05163377282325166
ergo_adaptive,12.083333333333371,0.05363161722124131,0.05167392444400666
ergo_adaptive,12.166666666666629,0.05374738581123299,0.051723162155737724
ergo_adaptive,12.25,0.05307072760740399,0.051783335324908746
ergo_adaptive,12.333333333333371,0.05290793335732916,0.05180610067450109
ergo_adaptive,12.416666666666629,0.052788560061493586,0.05180381221433601
ergo_adaptive,12.5,0.052955545399532726,0.05181030994510327
ergo_adaptive,12.583333333333371,0.05034155559749116,0.05184242279486854
ergo_adaptive,12.666666666666629,0.04735390697554682,0.05184909812869944
ergo_adaptive,12.75,0.047059829658247614,0.05182398977048723
ergo_adaptive,12.833333333333371,0.04797042864027906,0.05180078683316588
ergo_adaptive,12.916666666666629,0.04682408291237821,0.05180612373922725
ergo_adaptive,13.0,0.046443175336018376,0.05179988188263302
ergo_adaptive,13.083333333333371,0.04718366825100369,0.05174677875783861
ergo_adaptive,13.166666666666629,0.045942518007044034,0.05167437529582235
ergo_adaptive,13.25,0.04380296115580479,0.051622271969729176
ergo_adaptive,13.333333333333371,0.04438451255190819,0.05158222466024021
ergo_adaptive,13.416666666666629,0.04392231539222497,0.05151210281441371
ergo_adaptive,13.5,0.04371143867145029,0.051411863201577215
ergo_adaptive,13.583333333333371,0.043892512100342555,0.05130861528475369
ergo_adaptive,13.666666666666629,0.04157082089160831,0.05121281307527748
ergo_adaptive,13.75,0.041944162835267945,0.05110705613719658
ergo_adaptive,13.833333333333371,0.04257965060477931,0.05097682614260938
ergo_adaptive,13.916666666666629,0.04320182082176617,0.0508414720142513
ergo_adaptive,14.0,0.04446013780004892,0.05070973426181534
ergo_adaptive,14.083333333333371,0.04462409929696386,0.05058304387513159
ergo_adaptive,14.166666666666629,0.04199610529749482,0.050432168315285776
ergo_adaptive,14.25,0.042908719659375975,0.050250674884426395
ergo_adaptive,14.333333333333371,0.04169390754012506,0.05007873706159064
ergo_adaptive,14.416666666666629,0.04199841806515459,0.049951527774389166
ergo_adaptive,14.5,0.044077794843570786,0.04978675867591581
ergo_adaptive,14.583333333333371,0.044226091220898954,0.049540822972177705
ergo_adaptive,14.666666666666629,0.04490200892909325,0.049274199903270505
ergo_adaptive,14.75,0.04606535245814923,0.04904469364586608
ergo_adaptive,14.833333333333371,0.04831279050125613,0.04881551644898926
ergo_adaptive,14.916666666666629,0.04747855836994168,0.0485402241850388
ergo_adaptive,15.0,0.04790652739718554,0.04822750080061844
ergo_adaptive,15.083333333333371,0.04815271933837552,0.047920542500742645
ergo_adaptive,15.166666666666629,0.049618495286459036,0.04762987128176031
ergo_adaptive,15.25,0.049491080660903616,0.04733061687517875
ergo_adaptive,15.333333333333371,0.05123483016047131,0.04700129765380712
ergo_adaptive,15.416666666666629,0.05065295451667579,0.046658273558609034
ergo_adaptive,15.5,0.052973281263809034,0.04634698683904905
ergo_adaptive,15.583333333333371,0.056202334549352966,0.04604231981770836
ergo_adaptive,15.666666666666629,0.056244747961293085,0.04568604152977772
ergo_adaptive,15.75,0.05767995574890376,0.04529005250961207
ergo_adaptive,15.833333333333371,0.0627187906509063,0.04492598327574637
ergo_adaptive,15.916666666666629,0.0626221128746908,0.044635065384076765
ergo_adaptive,16.0,0.06560677610768316,0.044273640252452146
ergo_adaptive,16.08333333333337,0.0664625968233004,0.04383131753397557
ergo_adaptive,16.16666666666663,0.06907462609215005,0.0434071020237938
ergo_adaptive,16.25,0.07111223508310305,0.04308696487583215
ergo_adaptive,16.33333333333337,0.07377057834329029,0.042746509050242486
ergo_adaptive,16.41666666666663,0.0756837598314702,0.04230614516000184
ergo_adaptive,16.5,0.0786861296437086,0.041850550559841736
ergo_adaptive,16.58333333333337,0.07863387068371688,0.04149795123383488
ergo_adaptive,16.66666666666663,0.07929382297258637,0.04120163174820815
ergo_adaptive,16.75,0.08115992004050443,0.0408460781543241
ergo_adaptive,16.83333333333337,0.08069878727405513,0.04046419513393426
ergo_adaptive,16.91666666666663,0.07989483771426109,0.0401377559609927
ergo_adaptive,17.0,0.08078538950938448,0.03989645851740895
ergo_adaptive,17.08333333333337,0.08137567802971107,0.039627708869675954
ergo_adaptive,17.16666666666663,0.08002185081761798,0.0393161666619025
ergo_adaptive,17.25,0.08168239194522577,0.03903555731336609
ergo_adaptive,17.33333333333337,0.08200668047688735,0.03885707911067081
ergo_adaptive,17.41666666666663,0.08157323003422436,0.03870212520519178
ergo_adaptive,17.5,0.08195817070077902,0.038517450348784996
ergo_adaptive,17.58333333333337,0.0814266369094162,0.038351594230649225
ergo_adaptive,17.66666666666663,0.07961924581308732,0.03827143343097128
ergo_adaptive,17.75,0.07913772503269673,0.03823589705652505
ergo_adaptive,17.83333333333337,0.07790359560045124,0.03820231637212756
ergo_adaptive,17.91666666666663,0.07736821925820504,0.03818951328311396
ergo_adaptive,18.0,0.077534461894551,0.038229028820093026
ergo_adaptive,18.08333333333337,0.07536812675245051,0.038311554902775186
ergo_adaptive,18.16666666666663,0.07369554509220241,0.03840140411653598
ergo_adaptive,18.25,0.072764847524861,0.03850737635095611
ergo_adaptive,18.33333333333337,0.07149958655036505,0.03862530426167087
ergo_adaptive,18.41666666666663,0.0694192378549043,0.038756720659121335
ergo_adaptive,18.5,0.06914941829407707,0.03889562615793475
ergo_adaptive,18.58333333333337,0.06987282463353287,0.03903337584687062
ergo_adaptive,18.66666666666663,0.06978258763172689,0.03916970370030939
ergo_adaptive,18.75,0.0650649997091752,0.03931604665091721
ergo_adaptive,18.83333333333337,0.06446148988902188,0.03946656637328631
ergo_adaptive,18.91666666666663,0.064638644406208,0.03961268000537514
ergo_adaptive,19.0,0.06549337884993287,0.03974038208630689
ergo_adaptive,19.08333333333337,0.06203013745787911,0.039838551629114004
ergo_adaptive,19.16666666666663,0.060648105087931246,0.03992115690697443
ergo_adaptive,19.25,0.060577233813296084,0.04001290832395311
ergo_adaptive,19.33333333333337,0.0621182009835649,0.040110564957980994
ergo_adaptive,19.41666666666663,0.06017724883634476,0.04021205667143148
ergo_adaptive,19.5,0.06060070797324621,0.04030191231032833
ergo_adaptive,19.58333333333337,0.06024083513793057,0.0403836827673634
ergo_adaptive,19.66666666666663,0.059485517705597374,0.04047111882902934
ergo_adaptive,19.75,0.05993575006190053,0.04056006647266878
ergo_adaptive,19.83333333333337,0.05986124291282214,0.04063839821663227
ergo_adaptive,19.91666666666663,0.058956076668123775,0.040710232500132205
ergo_adaptive,20.0,0.05940952208242826,0.040799732061210216
ergo_adaptive,20.08333333333337,0.056377161484111954,0.04090292275219077
ergo_adaptive,20.16666666666663,0.05787959602999362,0.041000246534916296
ergo_adaptive,20.25,0.058353639383566955,0.04109263877090877
ergo_adaptive,20.33333333333337,0.05900720411863118,0.04118808298579783
ergo_adaptive,20.41666666666663,0.060296032137539035,0.041295395379154116
ergo_adaptive,20.5,0.05646114393652377,0.041406377631936706
ergo_adaptive,20.58333333333337,0.054574364347596764,0.04151572300347017
ergo_adaptive,20.66666666666663,0.05421152350108512,0.04162617653497525
ergo_adaptive,20.75,0.05400036274092578,0.04174768896354096
ergo_adaptive,20.83333333333337,0.053514208115203674,0.041878858244665154
ergo_adaptive,20.91666666666663,0.052677612884441186,0.04200073731014131
ergo_adaptive,21.0,0.05231078157695772,0.04210954695628333
ergo_adaptive,21.08333333333337,0.05325232699449755,0.04222283832826159
ergo_adaptive,21.16666666666663,0.05162895812706888,0.042353063814262376
ergo_adaptive,21.25,0.05149620062814933,0.04247336170489311
ergo_adaptive,21.33333333333337,0.04972913555258773,0.042571330386412545
ergo_adaptive,21.41666666666663,0.05065073488538231,0.042659303114716815
ergo_adaptive,21.5,0.050035231316708055,0.042750607964323666
ergo_adaptive,21.58333333333337,0.04915474653293568,0.042852538393872146
ergo_adaptive,21.66666666666663,0.050165979072506715,0.04296707125883045
ergo_adaptive,21.75,0.05013712208495006,0.04305609148883719
ergo_adaptive,21.83333333333337,0.04806802500888004,0.043114723887840954
ergo_adaptive,21.91666666666663,0.05071565043849695,0.043162126794069056
ergo_adaptive,22.0,0.04953561613260231,0.043213224480563424
ergo_adaptive,22.08333333333337,0.049855564796013434,0.043277691010046235
ergo_adaptive,22.16666666666663,0.0474092604560676,0.043349129805106155
ergo_adaptive,22.25,0.04863073425144183,0.04340555316615162
ergo_adaptive,22.33333333333337,0.04840346734985627,0.04344463041573197
ergo_adaptive,22.41666666666663,0.049497878079669794,0.04349128940482111
ergo_adaptive,22.5,0.049051260363639285,0.04355128097749465
ergo_adaptive,22.58333333333337,0.04980989334916021,0.04358702181302633
ergo_adaptive,22.66666666666663,0.0497820458131564,0.043595814671509955
ergo_adaptive,22.75,0.04875884673621437,0.043604022386913646
ergo_adaptive,22.83333333333337,0.04703859913939861,0.04362380017819362
ergo_adaptive,22.91666666666663,0.047877422807933015,0.04364705940404924
ergo_adaptive,23.0,0.0481764258912317,0.043661464408080684
ergo_adaptive,23.08333333333337,0.049318510968612124,0.04367015727782334
ergo_adaptive,23.16666666666663,0.047287401760168137,0.04368251766908749
ergo_adaptive,23.25,0.046331343790584144,0.04371014103146329
ergo_adaptive,23.33333333333337,0.046550428915483284,0.043737159277073424
ergo_adaptive,23.41666666666663,0.04505623560986753,0.04373370616501788
ergo_adaptive,23.5,0.043475488414788405,0.04372041319611571
ergo_adaptive,23.58333333333337,0.045189250986905745,0.043728999887433506
ergo_adaptive,23.66666666666663,0.04505475565210056,0.04374374392166478
ergo_adaptive,23.75,0.04481356547300481,0.04371884916347319
ergo_adaptive,23.83333333333337,0.04529659854707923,0.04366583554359974
ergo_adaptive,23.91666666666663,0.04521103724779065,0.04361424103774191
ergo_adaptive,24.0,0.04392540856188324,0.04357553866198846
ergo_adaptive,24.08333333333337,0.044478444663284926,0.04353347760403965
ergo_adaptive,24.16666666666663,0.043592634848204484,0.04347693822351953
ergo_adaptive,24.25,0.04478882434650733,0.043417431759944426
ergo_adaptive,24.33333333333337,0.04592628139228629,0.04336543396871907
ergo_adaptive,24.41666666666663,0.04561428640750376,0.0433181587412501
ergo_adaptive,24.5,0.04612479524663033,0.04325154189292504
ergo_adaptive,24.58333333333337,0.04549970523683951,0.043158385578766785
ergo_adaptive,24.66666666666663,0.04524285974594962,0.04307045690371505
ergo_adaptive,24.75,0.045931397733776656,0.04301322378971543
ergo_adaptive,24.83333333333337,0.0473974539184737,0.04293448951119249
ergo_adaptive,24.91666666666663,0.04679780217743623,0.042815269557245565
ergo_adaptive,25.0,0.045721151565916815,0.042690450628351514
ergo_adaptive,25.08333333333337,0.046491312508159334,0.04260932671421742
ergo_adaptive,25.16666666666663,0.046046360747243116,0.04253441854485786
ergo_adaptive,25.25,0.04912631854359413,0.04239006344504898
ergo_adaptive,25.33333333333337,0.048733893199982545,0.042214269759161205
ergo_adaptive,25.41666666666663,0.048873172191260215,0.042069129036685124
ergo_adaptive,25.5,0.05056977012680861,0.04196923644454483
ergo_adaptive,25.58333333333337,0.05051672544249003,0.04182949361204457
ergo_adaptive,25.66666666666663,0.04880899887274704,0.041644650325190324
ergo_adaptive,25.75,0.04832482120601194,0.04147240412521149
ergo_adaptive,25.83333333333337,0.047707775332055315,0.04134666254341427
ergo_adaptive,25.91666666666663,0.04947261528271703,0.04119732496732054
ergo_adaptive,26.0,0.052856572920897,0.040993796048540206
ergo_adaptive,26.08333333333337,0.05366576166821289,0.04079260039825131
ergo_adaptive,26.16666666666663,0.051973638742528694,0.040637491773395054
ergo_adaptive,26.25,0.053082792397964484,0.04049178750429739
ergo_adaptive,26.33333333333337,0.053184309238306235,0.0402872090662359
ergo_adaptive,26.41666666666663,0.05153559918347225,0.04005862170968978
ergo_adaptive,26.5,0.053698287095819634,0.03987404261877313
ergo_adaptive,26.58333333333337,0.05473035850508707,0.039731067634457495
ergo_adaptive,26.66666666666663,0.05437199958040991,0.03953989791311317
ergo_adaptive,26.75,0.05529391060148194,0.03930316416022663
ergo_adaptive,26.83333333333337,0.055273496198802105,0.039089071656002776
ergo_adaptive,26.91666666666663,0.05426186893221709,0.03893645316120075
ergo_adaptive,27.0,0.05413944009355973,0.03876364528764512
ergo_adaptive,27.08333333333337,0.05305263772021325,0.03853642078005843
ergo_adaptive,27.16666666666663,0.05283801641526978,0.03830338673947914
ergo_adaptive,27.25,0.05558597379688782,0.038134021291054525
ergo_adaptive,27.33333333333337,0.05537871502408771,0.037983230950144505
ergo_adaptive,27.41666666666663,0.05501907438765979,0.0377742123260442
ergo_adaptive,27.5,0.054563423011057606,0.03754109941432796
ergo_adaptive,27.58333333333337,0.057042407877337,0.03736008389232971
ergo_adaptive,27.66666666666663,0.0575440024180228,0.03721827286284265
ergo_adaptive,27.75,0.05727606461394772,0.037038072855147784
ergo_adaptive,27.83333333333337,0.05511841285721849,0.036830604380814605
ergo_adaptive,27.91666666666663,0.05599001789724299,0.036644643476683246
ergo_adaptive,28.0,0.05497175142842219,0.03651278509011976
ergo_adaptive,28.08333333333337,0.052851475652020787,0.03638380802145442
ergo_adaptive,28.16666666666663,0.054082564459106724,0.03622491848453263
ergo_adaptive,28.25,0.05262948964207895,0.0360748459015417
ergo_adaptive,28.33333333333337,0.05061565881958811,0.035963055684153505
ergo_adaptive,28.41666666666663,0.05203531201947591,0.03586850610862778
ergo_adaptive,28.5,0.050517511471249145,0.03576069596269562
ergo_adaptive,28.58333333333337,0.05011392505082688,0.03565102825530939
ergo_adaptive,28.66666666666663,0.0504484797339309,0.035577106665852426
ergo_adaptive,28.75,0.051633154003826016,0.03552627842765097
ergo_adaptive,28.83333333333337,0.050552701801795254,0.03547284724438709
ergo_adaptive,28.91666666666663,0.05133350820464094,0.03541085320988167
ergo_adaptive,29.0,0.052641696364287616,0.0353598396016715
ergo_adaptive,29.08333333333337,0.05183775629278105,0.035332874767018
ergo_adaptive,29.16666666666663,0.050170020341635126,0.03532055802117937
ergo_adaptive,29.25,0.05251268124155447,0.03530341654731216
ergo_adaptive,29.33333333333337,0.0520917048023654,0.03529445533279135
ergo_adaptive,29.41666666666663,0.05000714866568546,0.035301907406198846
ergo_adaptive,29.5,0.04979514349057446,0.03531839820123405
ergo_adaptive,29.58333333333337,0.05003108183623469,0.035338575089265245
ergo_adaptive,29.66666666666663,0.048502047758280285,0.03536369980192091
ergo_adaptive,29.75,0.04881813756564418,0.035397809067901714
ergo_adaptive,29.83333333333337,0.04949825669149862,0.035442621888063484
ergo_adaptive,29.91666666666663,0.049181639350939506,0.03548610737657959
ergo_adaptive,30.0,0.04793296925524398,0.03552163619458324
ergo_adaptive,30.08333333333337,0.048984747798709996,0.03555556900086655
ergo_adaptive,30.16666666666663,0.05035648118825646,0.0356012802916347
ergo_adaptive,30.25,0.049785541730213226,0.03562640265224028
ergo_adaptive,30.33333333333337,0.05010535112113909,0.03560877791460488
ergo_adaptive,30.41666666666663,0.04975495558532299,0.03556915175479253
ergo_adaptive,30.5,0.05107581709474357,0.035546045157700684
ergo_adaptive,30.58333333333337,0.05052986006340869,0.035518273331253465
ergo_adaptive,30.66666666666663,0.05059666419948666,0.03545194544753046
ergo_adaptive,30.75,0.052344694521986895,0.03536371366234078
ergo_adaptive,30.83333333333337,0.05126927634502596,0.03530629911285369
ergo_adaptive,30.91666666666663,0.05108989962810328,0.035279243357575686
ergo_adaptive,31.0,0.05086717264367849,0.0352046490248555
ergo_adaptive,31.08333333333337,0.049933372098626666,0.035088544889934584
ergo_adaptive,31.16666666666663,0.05082313397648781,0.0349751788737829
ergo_adaptive,31.25,0.053549573126140136,0.034879074994003965
ergo_adaptive,31.33333333333337,0.05651229919281344,0.03476958372753513
ergo_adaptive,31.41666666666663,0.05764223014063459,0.034632370586773306
ergo_adaptive,31.5,0.05711193748169147,0.03449568601029239
ergo_adaptive,31.58333333333337,0.058551918929034136,0.03437114077669221
ergo_adaptive,31.66666666666663,0.05724401077974682,0.03425484171926572
ergo_adaptive,31.75,0.05940612358594619,0.03413440470033227
ergo_adaptive,31.83333333333337,0.05991540309634497,0.034004146922348225
ergo_adaptive,31.91666666666663,0.059402952861965876,0.03388327478621727
ergo_adaptive,32.0,0.06067828358986523,0.033807853794139094
ergo_adaptive,32.08333333333337,0.06184609934267308,0.03373826150602494
ergo_adaptive,32.16666666666663,0.062074557237949884,0.033613884065286675
ergo_adaptive,32.25,0.0609956530650671,0.03346466508595134
ergo_adaptive,32.33333333333337,0.06129316771763522,0.03333807321695042
ergo_adaptive,32.41666666666663,0.06263047311498335,0.03324385083736489
ergo_adaptive,32.5,0.06608078102988758,0.03313411853936061
ergo_adaptive,32.58333333333337,0.06619949600264537,0.033006491768117575
ergo_adaptive,32.66666666666663,0.06710568686431523,0.03288792154212741
ergo_adaptive,32.75,0.06781162115422998,0.0327932394294493
ergo_adaptive,32.83333333333337,0.06621640511437125,0.032721646765956805
ergo_adaptive,32.91666666666663,0.06590977279620108,0.03265176923389116
ergo_adaptive,33.0,0.06701584318920176,0.03258442396753137
ergo_adaptive,33.08333333333337,0.06664728363415659,0.03255172962596443
ergo_adaptive,33.16666666666663,0.0672478913415673,0.03254888177582981
ergo_adaptive,33.25,0.06568888327471276,0.032541756867993675
ergo_adaptive,33.33333333333337,0.0668135615480295,0.032532885066489804
ergo_adaptive,33.41666666666663,0.06511612223623221,0.03256519518996784
ergo_adaptive,33.5,0.06440773490899948,0.03263323308562919
ergo_adaptive,33.58333333333337,0.06332748618997104,0.03270316715574213
ergo_adaptive,33.66666666666663,0.06355926351631372,0.03275806388673311
ergo_adaptive,33.75,0.06204788530817232,0.03283405893126956
ergo_adaptive,33.83333333333337,0.06175153074166937,0.03294612965829256
ergo_adaptive,33.91666666666663,0.06241212080094251,0.033078012141094876
ergo_adaptive,34.0,0.06221460018367165,0.03319347221978289
ergo_adaptive,34.08333333333337,0.06088000780040976,0.03331067488471992
ergo_adaptive,34.16666666666663,0.06062173706774023,0.0334567805151289
ergo_adaptive,34.25,0.0610645153027094,0.033624131419190385
ergo_adaptive,34.33333333333337,0.0591639838330837,0.03379105817139278
ergo_adaptive,34.41666666666663,0.05967228961917129,0.03395862816808682
ergo_adaptive,34.5,0.058573215788099056,0.034137541520971745
ergo_adaptive,34.58333333333337,0.05842746937011994,0.034333006884880765
ergo_adaptive,34.66666666666663,0.05868815404932772,0.03453370465301133
ergo_adaptive,34.75,0.0577489179323954,0.03473145548694468
ergo_adaptive,34.83333333333337,0.056954088542322326,0.0349331929236051
ergo_adaptive,34.91666666666663,0.05671789750694219,0.035145125828356924
ergo_adaptive,35.0,0.05739484205129562,0.03536603737781018
ergo_adaptive,35.08333333333337,0.057222820078641136,0.035590745017935896
ergo_adaptive,35.16666666666663,0.05705152771478948,0.035812401429044585
ergo_adaptive,35.25,0.0563714145809259,0.036028703810237074
ergo_adaptive,35.33333333333337,0.05707737617271109,0.03623650346978673
ergo_adaptive,35.41666666666663,0.057253343256796964,0.036440594892180496
ergo_adaptive,35.5,0.056662454874546575,0.03664013016504711
ergo_adaptive,35.58333333333337,0.05513040463955127,0.03681753619629233
ergo_adaptive,35.66666666666663,0.05445800995083895,0.03697870709375606
ergo_adaptive,35.75,0.05315097113835062,0.037144987880591354
ergo_adaptive,35.83333333333337,0.05423052036266436,0.037323222083277145
ergo_adaptive,35.91666666666663,0.05441319937586561,0.037481721147251186
ergo_adaptive,36.0,0.053051314538654894,0.03761871807756197
ergo_adaptive,36.08333333333337,0.054527065112965865,0.03775431419171867
ergo_adaptive,36.16666666666663,0.053351188962727475,0.037906170321822925
ergo_adaptive,36.25,0.052655791987541035,0.038052293023594655
ergo_adaptive,36.33333333333337,0.05203155700334129,0.03817206164881
ergo_adaptive,36.41666666666663,0.05212822562478295,0.03828465769907241
ergo_adaptive,36.5,0.051154531042604236,0.03841185717004135
ergo_adaptive,36.58333333333337,0.052733733128163984,0.03854590839988797
ergo_adaptive,36.66666666666663,0.051495446324074434,0.03865248581008017
ergo_adaptive,36.75,0.05034378659580651,0.03874055100283259
ergo_adaptive,36.83333333333337,0.04919736002766219,0.038839316161689424
ergo_adaptive,36.91666666666663,0.05016300772930851,0.03896388976441803
ergo_adaptive,37.0,0.048943086581061314,0.03906018623447966
ergo_adaptive,37.08333333333337,0.05321657966714229,0.03912654063740809
ergo_adaptive,37.16666666666663,0.05326720742580176,0.039190113039191364
ergo_adaptive,37.25,0.05292964506580526,0.03927065097373871
ergo_adaptive,37.33333333333337,0.0512620209753019,0.03934211210538652
ergo_adaptive,37.41666666666663,0.05091339668725149,0.039383561188084594
ergo_adaptive,37.5,0.049971380906827026,0.039411997259169246
ergo_adaptive,37.58333333333337,0.049095268381765436,0.0394476370691603
ergo_adaptive,37.66666666666663,0.05044575431804728,0.03948876012440582
ergo_adaptive,37.75,0.049431792192557354,0.03952050603721025
ergo_adaptive,37.83333333333337,0.049722323302229705,0.03954151467346705
ergo_adaptive,37.91666666666663,0.04910483783499376,0.039558741946392084
ergo_adaptive,38.0,0.048652202620118074,0.03958685671754083
ergo_adaptive,38.08333333333337,0.047908277892422156,0.03961786678102844
ergo_adaptive,38.16666666666663,0.04828166406236311,0.03962701416938517
ergo_adaptive,38.25,0.04629030883642759,0.03961629947348985
ergo_adaptive,38.33333333333337,0.046651005135641604,0.03962221670665694
ergo_adaptive,38.41666666666663,0.04787591234203075,0.03964524271705907
ergo_adaptive,38.5,0.048847506950992776,0.03963040993060745
ergo_adaptive,38.58333333333337,0.04739369000588808,0.03957966486329252
ergo_adaptive,38.66666666666663,0.0479712554168653,0.03952199857748434
ergo_adaptive,38.75,0.047929765956852055,0.039471720852154314
ergo_adaptive,38.83333333333337,0.04611077125557293,0.03942113596530099
ergo_adaptive,38.91666666666663,0.046369639461906975,0.03935890088279382
ergo_adaptive,39.0,0.04289550578275409,0.03929091281138373
ergo_adaptive,39.08333333333337,0.04640985931636433,0.03923224325627444
ergo_adaptive,39.16666666666663,0.049406863017552746,0.039202560198800404
ergo_adaptive,39.25,0.05132471348952976,0.039165716997511965
ergo_adaptive,39.33333333333337,0.05343559945805627,0.03907789790151984
ergo_adaptive,39.41666666666663,0.05149572286050441,0.03897291999030078
ergo_adaptive,39.5,0.05341297360885669,0.038889838770741036
ergo_adaptive,39.58333333333337,0.052493610737343044,0.03881791488464321
ergo_adaptive,39.66666666666663,0.05503167594046926,0.03871833311523765
ergo_adaptive,39.75,0.05646776733780553,0.03859135002239397
ergo_adaptive,39.83333333333337,0.05815601999260859,0.038470854121255914
ergo_adaptive,39.91666666666663,0.059998233064543126,0.03837080311685392
ergo_adaptive,40.0,0.06181823459839421,0.03826896503745199
ergo_adaptive,40.08333333333337,0.06121223600397446,0.03816194779038654
ergo_adaptive,40.16666666666663,0.05993023653813561,0.038051653719640505
ergo_adaptive,40.25,0.060373275543170304,0.03795560854115822
ergo_adaptive,40.33333333333337,0.061786838248135884,0.0378677816655937
ergo_adaptive,40.41666666666663,0.06554511332683391,0.03776856896469616
ergo_adaptive,40.5,0.06585157830191535,0.037661284957239034
ergo_adaptive,40.58333333333337,0.06569549646625367,0.03757891743058979
ergo_adaptive,40.66666666666663,0.0659798178999695,0.037522437442361535
ergo_adaptive,40.75,0.06736620924426812,0.03746196460854016
ergo_adaptive,40.83333333333337,0.06788691269624383,0.03738753224990997
ergo_adaptive,40.91666666666663,0.06728367104374719,0.03732029322842049
ergo_adaptive,41.0,0.07023965823150206,0.037280334379332675
ergo_adaptive,41.08333333333337,0.06900573155277032,0.037261232735789976
ergo_adaptive,41.16666666666663,0.06928741707965902,0.03723273699146472
ergo_adaptive,41.25,0.07029653993543279,0.03720179583554643
ergo_adaptive,41.33333333333337,0.07030844797149052,0.037193269011060584
ergo_adaptive,41.41666666666663,0.07008141666054984,0.037205161772557685
ergo_adaptive,41.5,0.07080475093991434,0.037228038488443915
ergo_adaptive,41.58333333333337,0.07095364166344961,0.03725344976374035
ergo_adaptive,41.66666666666663,0.07004152270870258,0.03730006210593987
ergo_adaptive,41.75,0.0710093045183762,0.03738338148879439
ergo_adaptive,41.83333333333337,0.07074028199104108,0.037495548765238335
ergo_adaptive,41.91666666666663,0.06942923394057939,0.037631728254301264
ergo_adaptive,42.0,0.06609847749259988,0.03779280868519485
ergo_adaptive,42.08333333333337,0.06655699162836637,0.037975664388025396
ergo_adaptive,42.16666666666663,0.06604180617383003,0.03817621646934556
ergo_adaptive,42.25,0.06591389312496682,0.03838010017762633
ergo_adaptive,42.33333333333337,0.063640971951295,0.03858923410731149
ergo_adaptive,42.41666666666663,0.06245955724655167,0.038810075942213466
ergo_adaptive,42.5,0.06261583044083859,0.03904094499645542
ergo_adaptive,42.58333333333337,0.06113576420184299,0.03927397689061828
ergo_adaptive,42.66666666666663,0.062261129362181096,0.03950730060316711
ergo_adaptive,42.75,0.060153598599605555,0.039747173737017034
ergo_adaptive,42.83333333333337,0.06033247367872266,0.03999703232192977
ergo_adaptive,42.91666666666663,0.05893223724454098,0.04024640855987568
ergo_adaptive,43.0,0.058282794915083806,0.04049284401477573
ergo_adaptive,43.08333333333337,0.05776172222651222,0.04073892699646889
ergo_adaptive,43.16666666666663,0.05674551434127293,0.04098389388375889
ergo_adaptive,43.25,0.05686057604548576,0.04121484190309374
ergo_adaptive,43.33333333333337,0.05554641539403807,0.041415478946092786
ergo_adaptive,43.41666666666663,0.05459629475428679,0.04158630328599228
ergo_adaptive,43.5,0.053875775759090874,0.04174175478102798
ergo_adaptive,43.58333333333337,0.05562541337101714,0.04189365642485767
ergo_adaptive,43.66666666666663,0.055597152576748306,0.04200928523946695
ergo_adaptive,43.75,0.05515811120040392,0.04208995757352485
ergo_adaptive,43.83333333333337,0.05488195037106039,0.04216231045870388
ergo_adaptive,43.91666666666663,0.05632066465069439,0.04223554248734393
ergo_adaptive,44.0,0.056854137682276984,0.0423161934011136
ergo_adaptive,44.08333333333337,0.05556460230993475,0.04239541024474194
ergo_adaptive,44.16666666666663,0.05545098948671925,0.04246537897310765
ergo_adaptive,44.25,0.05758788919838591,0.042532174711096965
ergo_adaptive,44.33333333333337,0.058109262903246986,0.0426120819390536
ergo_adaptive,44.41666666666663,0.05869346907172617,0.0426897921822135
ergo_adaptive,44.5,0.05986986831909672,0.0427300300916993
ergo_adaptive,44.58333333333337,0.06415140856638911,0.042743219163657906
ergo_adaptive,44.66666666666663,0.06384341066309179,0.04275660140208681
ergo_adaptive,44.75,0.06560466574092237,0.04279541183787838
ergo_adaptive,44.83333333333337,0.06451386178694359,0.04285053610741415
ergo_adaptive,44.91666666666663,0.06526492175419606,0.04290347204417478
ergo_adaptive,45.0,0.06391956732344709,0.04292885101325036
ergo_adaptive,45.08333333333337,0.06493083010749988,0.04293866335122706
ergo_adaptive,45.16666666666663,0.06422670740082485,0.04295565245495054
ergo_adaptive,45.25,0.06335071249568958,0.04298961230334163
ergo_adaptive,45.33333333333337,0.06180871945031919,0.04301976913077039
ergo_adaptive,45.41666666666663,0.061049260297592896,0.04304684587940497
ergo_adaptive,45.5,0.06406492761271992,0.043074211285486136
ergo_adaptive,45.58333333333337,0.06362582307761643,0.04311028233619994
ergo_adaptive,45.66666666666663,0.06457985684040518,0.04316575214736067
ergo_adaptive,45.75,0.0639404609043607,0.04321106637477633
ergo_adaptive,45.83333333333337,0.06355213256663915,0.043244187816881705
ergo_adaptive,45.91666666666663,0.062168279092717764,0.04327173138114031
ergo_adaptive,46.0,0.06305845030834976,0.04330147412716262
ergo_adaptive,46.08333333333337,0.06117705572666861,0.04333625364496441
ergo_adaptive,46.16666666666663,0.062044204961425965,0.04338156894112571
ergo_adaptive,46.25,0.06267028181765369,0.04342307692464828
ergo_adaptive,46.33333333333337,0.0614639340440278,0.04345591017290719
ergo_adaptive,46.41666666666663,0.0603044198477549,0.043495827790985084
ergo_adaptive,46.5,0.05841275727790065,0.04353915912513162
ergo_adaptive,46.58333333333337,0.055405283418905674,0.04357024719612313
ergo_adaptive,46.66666666666663,0.055271524799053194,0.04359152401137612
ergo_adaptive,46.75,0.05309288075056536,0.043609458072915504
ergo_adaptive,46.83333333333337,0.054111232461088433,0.04363734441748872
ergo_adaptive,46.91666666666663,0.055228513432518105,0.0436905429076295
ergo_adaptive,47.0,0.05307244498365177,0.04373920044026409
ergo_adaptive,47.08333333333337,0.05524180949693428,0.0437455871664622
ergo_adaptive,47.16666666666663,0.05351931381274614,0.04373282835697903
ergo_adaptive,47.25,0.05312427495061933,0.043729996868051575
ergo_adaptive,47.33333333333337,0.052271674293969665,0.04373434175745397
ergo_adaptive,47.41666666666663,0.05149623973799346,0.0437300975758297
ergo_adaptive,47.5,0.05025707200178541,0.04371711620859301
ergo_adaptive,47.58333333333337,0.04914390361605162,0.043705012622634966
ergo_adaptive,47.66666666666663,0.049691274004594395,0.0437085008895114
ergo_adaptive,47.75,0.04711915704669703,0.04372527558581928
ergo_adaptive,47.83333333333337,0.0458381173557892,0.04371787443603259
ergo_adaptive,47.91666666666663,0.04558202935463835,0.04367964297936845
ergo_adaptive,48.0,0.04651225696299628,0.043644760922742415
ergo_adaptive,48.08333333333337,0.04541309454188971,0.04363192871760446
ergo_adaptive,48.16666666666663,0.04339218563813035,0.04359699215551423
ergo_adaptive,48.25,0.0428682218384301,0.04352024374115719
ergo_adaptive,48.33333333333337,0.04407210314785852,0.04343145617618554
ergo_adaptive,48.41666666666663,0.04577922509306184,0.043356377035001975
ergo_adaptive,48.5,0.04463611979539711,0.04329496247321542
ergo_adaptive,48.58333333333337,0.04478636041042882,0.04322208394618114
ergo_adaptive,48.66666666666663,0.04280565651887484,0.04313079525688131
ergo_adaptive,48.75,0.041112632058240846,0.04303724397783352
ergo_adaptive,48.83333333333337,0.043229323843452405,0.04296203388634989
ergo_adaptive,48.91666666666663,0.043989990253500616,0.04288508853283007
ergo_adaptive,49.0,0.043170847836030646,0.04276712178460255
ergo_adaptive,49.08333333333337,0.0427923804213424,0.042632680358335326
ergo_adaptive,49.16666666666663,0.04279641341793612,0.0425305370660048
ergo_adaptive,49.25,0.04164224995104424,0.04246950404167843
ergo_adaptive,49.33333333333337,0.04356781435992696,0.042336947592108945
ergo_adaptive,49.41666666666663,0.04396803402867641,0.04215286157401237
ergo_adaptive,49.5,0.044829111870872074,0.04197504732643365
ergo_adaptive,49.58333333333337,0.04276818674986,0.04183025496848386
ergo_adaptive,49.66666666666663,0.04247561856740965,0.04167822546852435
ergo_adaptive,49.75,0.04235182791137527,0.04149486065499566
ergo_adaptive,49.83333333333337,0.044339619420970824,0.041303016398948046
ergo_adaptive,49.91666666666663,0.04435956725276347,0.041126908184182555
ergo_adaptive,50.0,0.04485364926648173,0.04095635815277196
ergo_adaptive,50.08333333333337,0.04386979313449885,0.04077205501998845
ergo_adaptive,50.16666666666663,0.044943571048407314,0.04057071659773333
ergo_adaptive,50.25,0.04363864723069505,0.04038540246074247
ergo_adaptive,50.33333333333337,0.04262514544524759,0.040217367437210716
ergo_adaptive,50.41666666666663,0.04246757320062173,0.04004166000666643
ergo_adaptive,50.5,0.040971978351374554,0.039846279976761476
ergo_adaptive,50.58333333333337,0.04204459961707777,0.03965016829100195
ergo_adaptive,50.66666666666663,0.04374641289368351,0.03947895361533307
ergo_adaptive,50.75,0.043746914215711176,0.03930679965935377
ergo_adaptive,50.83333333333337,0.044483760935969376,0.03910732027836265
ergo_adaptive,50.91666666666663,0.04500310545072197,0.0388989854411434
ergo_adaptive,51.0,0.04434878600425289,0.038727113658591494
ergo_adaptive,51.08333333333337,0.04647906845721065,0.03857779687034118
ergo_adaptive,51.16666666666663,0.04422508565842414,0.03838833885122548
ergo_adaptive,51.25,0.04433995009188949,0.03816680756307128
ergo_adaptive,51.33333333333337,0.045005974357257304,0.03797902532712831
ergo_adaptive,51.41666666666663,0.0444913766847261,0.037852541538703405
ergo_adaptive,51.5,0.043925339782945376,0.03769124642541125
ergo_adaptive,51.58333333333337,0.044649592859320256,0.03747133881639453
ergo_adaptive,51.66666666666663,0.04246768052120428,0.03726022441223141
ergo_adaptive,51.75,0.0438982216071547,0.037137575408636665
ergo_adaptive,51.83333333333337,0.04562790550532334,0.03700833504518407
ergo_adaptive,51.91666666666663,0.04661578211593941,0.03680732426416104
ergo_adaptive,52.0,0.04731898800121898,0.03659365356491175
ergo_adaptive,52.08333333333337,0.045405571470155864,0.036441159273476215
ergo_adaptive,52.16666666666663,0.04465844469511725,0.036328931629760114
ergo_adaptive,52.25,0.04409595975819977,0.03617472749634562
ergo_adaptive,52.33333333333337,0.04565464045199921,0.03600465870686041
ergo_adaptive,52.41666666666663,0.04842572194507935,0.03587989320627906
ergo_adaptive,52.5,0.049203453063175306,0.03579887990238053
ergo_adaptive,52.58333333333337,0.048008385496672606,0.035723726434065545
ergo_adaptive,52.66666666666663,0.04809917682606551,0.0356322128876382
ergo_adaptive,52.75,0.04594670322459874,0.03554587261796437
ergo_adaptive,52.83333333333337,0.045982891552694444,0.035497938557612206
ergo_adaptive,52.91666666666663,0.046028164482142205,0.035466781397387605
ergo_adaptive,53.0,0.04585943393725478,0.035433651355657035
ergo_adaptive,53.08333333333337,0.047080346722597775,0.03540544462619678
ergo_adaptive,53.16666666666663,0.04752802750137623,0.03539247809766286
ergo_adaptive,53.25,0.04736844872713067,0.03539768748207135
ergo_adaptive,53.33333333333337,0.047711138316582025,0.035405199093738814
ergo_adaptive,53.41666666666663,0.04780838195047275,0.03540695011309038
ergo_adaptive,53.5,0.046951825831723,0.035414106700452974
ergo_adaptive,53.58333333333337,0.04871726660593844,0.03544106953828275
ergo_adaptive,53.66666666666663,0.049968212177682124,0.0354777416364613
ergo_adaptive,53.75,0.049358167472165745,0.03552021500529667
ergo_adaptive,53.83333333333337,0.049244327541106483,0.035569108497057765
ergo_adaptive,53.91666666666663,0.04891617410108562,0.03560826750199353
ergo_adaptive,54.0,0.05012937651129835,0.03562469441599283
ergo_adaptive,54.08333333333337,0.050517556307558054,0.03561111093217403
ergo_adaptive,54.16666666666663,0.0507874101118808,0.03558746379383645
ergo_adaptive,54.25,0.049886894978898415,0.03556405411971975
ergo_adaptive,54.33333333333337,0.049921067414102245,0.03553175697380742
ergo_adaptive,54.41666666666663,0.05141162555559956,0.03547331171853866
ergo_adaptive,54.5,0.05495826324151288,0.035416010408339256
ergo_adaptive,54.58333333333337,0.05692664296886203,0.03539183103163574
ergo_adaptive,54.66666666666663,0.056789934944121774,0.03536429983682627
ergo_adaptive,54.75,0.058100480546389756,0.0352796271986949
ergo_adaptive,54.83333333333337,0.05713259201744473,0.03516823791475385
ergo_adaptive,54.91666666666663,0.058311459297387666,0.03509040528859911
ergo_adaptive,55.0,0.06008550888000891,0.035029421240416345
ergo_adaptive,55.08333333333337,0.05984023406297747,0.03493594178087321
ergo_adaptive,55.16666666666663,0.06062268924101987,0.034812983200335636
ergo_adaptive,55.25,0.062121231264674046,0.03469308823599481
ergo_adaptive,55.33333333333337,0.06322493684811299,0.03459389860043867
ergo_adaptive,55.41666666666663,0.0647648070128515,0.034503954073046274
ergo_adaptive,55.5,0.06563676319935857,0.034408343627019576
ergo_adaptive,55.58333333333337,0.06649315637693105,0.03431540685296256
ergo_adaptive,55.66666666666663,0.06848974005852666,0.03424337848357481
ergo_adaptive,55.75,0.06743356003583502,0.0341990133539195
ergo_adaptive,55.83333333333337,0.06716230465749762,0.03415519503589363
ergo_adaptive,55.91666666666663,0.06930130940442814,0.03409179484029256
ergo_adaptive,56.0,0.06893377800568933,0.034041165408542295
ergo_adaptive,56.08333333333337,0.06832030044598092,0.0340437739096562
ergo_adaptive,56.16666666666663,0.06979003474620672,0.03404723933397755
ergo_adaptive,56.25,0.06850896932091377,0.0340079799688304
ergo_adaptive,56.33333333333337,0.06854946073651462,0.033971746625227194
ergo_adaptive,56.41666666666663,0.06976583950890515,0.03399038429809865
ergo_adaptive,56.5,0.06999376528030234,0.034045625650849995
ergo_adaptive,56.58333333333337,0.07025643998666321,0.03406273736188918
ergo_adaptive,56.66666666666663,0.0682655228229413,0.034070099782827185
ergo_adaptive,56.75,0.06805300874414981,0.034123720811486596
ergo_adaptive,56.83333333333337,0.06817918188234456,0.034232034158414366
ergo_adaptive,56.91666666666663,0.06991985585183325,0.034320152948793384
ergo_adaptive,57.0,0.06698309428113773,0.03441025522525557
ergo_adaptive,57.08333333333337,0.06773783157298151,0.0345910922182758
ergo_adaptive,57.16666666666663,0.06846459364977582,0.03482004240699599
ergo_adaptive,57.25,0.0688425202485615,0.03505514562249723
ergo_adaptive,57.33333333333337,0.06999976909721708,0.03528673173984459
ergo_adaptive,57.41666666666663,0.07046976379691804,0.03550990777674488
ergo_adaptive,57.5,0.07064399256955187,0.035725298444773505
ergo_adaptive,57.58333333333337,0.07166789588871769,0.035934939888770195
ergo_adaptive,57.66666666666663,0.07186288729563103,0.03613669805403839
ergo_adaptive,57.75,0.07147687209042657,0.036333795221008366
ergo_adaptive,57.83333333333337,0.0709322109355506,0.03653062421340445
ergo_adaptive,57.91666666666663,0.07336377392804841,0.036726967378288254
ergo_adaptive,58.0,0.07378721945304398,0.03691181078868873
ergo_adaptive,58.08333333333337,0.07448490775471725,0.037088579019406896
ergo_adaptive,58.16666666666663,0.0747880366262634,0.03725750010047647
ergo_adaptive,58.25,0.07462412395616953,0.03742287483931694
ergo_adaptive,58.33333333333337,0.07529187180882015,0.03758808907067116
ergo_adaptive,58.41666666666663,0.07522159380353671,0.03775174686678967
ergo_adaptive,58.5,0.07562930067984178,0.037914603084297775
ergo_adaptive,58.58333333333337,0.07633841347800692,0.03807568767672885
ergo_adaptive,58.66666666666663,0.07793742357448624,0.03823352857063748
ergo_adaptive,58.75,0.07814577315627383,0.0383874224099625
ergo_adaptive,58.83333333333337,0.07879288015104141,0.03854417756799192
ergo_adaptive,58.91666666666663,0.07806566504481895,0.03870449107848424
ergo_adaptive,59.0,0.07788674381100548,0.03887392482492282
ergo_adaptive,59.08333333333337,0.08027743999072337,0.03904801865609977
ergo_adaptive,59.16666666666663,0.08139976114631434,0.039211431482944106
ergo_adaptive,59.25,0.08285463849510594,0.03936396135537805
ergo_adaptive,59.33333333333337,0.08115739253046506,0.0395093933757447
ergo_adaptive,59.41666666666663,0.08211352108192915,0.03967844560441008
ergo_adaptive,59.5,0.08448568492625998,0.03985384278439846
ergo_adaptive,59.58333333333337,0.08453731207503566,0.040019252897621475
ergo_adaptive,59.66666666666663,0.08362746099128768,0.04018096304861302
ergo_adaptive,59.75,0.084168876577408,0.04034826574769112
ergo_adaptive,59.83333333333337,0.08332218605243029,0.040514581921287755
ergo_adaptive,59.91666666666663,0.08354811876371546,0.04068314719288962
ergo_adaptive,60.0,0.08238608572849278,0.04085091323474756
ergo_adaptive,60.08333333333337,0.08155959490063609,0.04102316708643132
ergo_adaptive,60.16666666666663,0.08273246875131812,0.041201458217126195
ergo_adaptive,60.25,0.08363789711282403,0.041379058518839565
ergo_adaptive,60.33333333333337,0.08510570660406583,0.04155013292785877
ergo_adaptive,60.41666666666663,0.08597712316907567,0.04170865981088069
ergo_adaptive,60.5,0.08496689722471723,0.041849401621676455
ergo_adaptive,60.58333333333337,0.08490366690062856,0.041987566164146575
ergo_adaptive,60.66666666666663,0.08628271421471548,0.0421309419401479
ergo_adaptive,60.75,0.08737565382971811,0.04226810533853455
ergo_adaptive,60.83333333333337,0.0876308659140949,0.04239159127621607
ergo_adaptive,60.91666666666663,0.08941661756979623,0.04250746995478122
ergo_adaptive,61.0,0.08949065480429809,0.04261282469752939
ergo_adaptive,61.08333333333337,0.0904062531930735,0.042726932498707126
ergo_adaptive,61.16666666666663,0.09132020394519397,0.042847000726406737
ergo_adaptive,61.25,0.09334585600391043,0.04296694640339819
ergo_adaptive,61.33333333333337,0.09303423392885356,0.04307095598020113
ergo_adaptive,61.41666666666663,0.09258485798894638,0.04320882839088302
ergo_adaptive,61.5,0.09169733040616367,0.04337346263317584
ergo_adaptive,61.58333333333337,0.09257060995967904,0.04355007244028014
ergo_adaptive,61.66666666666663,0.09172226190166488,0.04372115406070623
ergo_adaptive,61.75,0.0922569157874817,0.04389048134955401
ergo_adaptive,61.83333333333337,0.0929027324564277,0.04405273970121697
ergo_adaptive,61.91666666666663,0.09193667911151257,0.044209461408047164
ergo_adaptive,62.0,0.09315680376828507,0.04437562749576622
ergo_adaptive,62.08333333333337,0.09360594931046104,0.044539493120092366
ergo_adaptive,62.16666666666663,0.09307480728531274,0.04469945455858137
ergo_adaptive,62.25,0.09351169958070278,0.0448630725431983
ergo_adaptive,62.33333333333337,0.09195622183303058,0.045027873501427174
ergo_adaptive,62.41666666666663,0.09177050367041152,0.04519413307682598
ergo_adaptive,62.5,0.0931880994170274,0.04535660924461926
ergo_adaptive,62.58333333333337,0.09387116680740107,0.045507064486175454
ergo_adaptive,62.66666666666663,0.09458502065294441,0.04564223350681881
ergo_adaptive,62.75,0.09426253076079881,0.045760360440471944
ergo_adaptive,62.83333333333337,0.0948365406630395,0.04588874206030623
ergo_adaptive,62.91666666666663,0.09359028708632251,0.046021812645887186
ergo_adaptive,63.0,0.0922944766250061,0.046176238087381784
ergo_adaptive,63.08333333333337,0.09289190258337274,0.046352931695438304
ergo_adaptive,63.16666666666663,0.09297916835375641,0.046527594040976505
ergo_adaptive,63.25,0.09633888312088558,0.046696001710866554
ergo_adaptive,63.33333333333337,0.0982580957127486,0.046840635191263545
ergo_adaptive,63.41666666666663,0.09883047377013904,0.04695416349401015
ergo_adaptive,63.5,0.09842277916882813,0.047050150651242864
ergo_adaptive,63.58333333333337,0.09839149663898243,0.04714439946815879
ergo_adaptive,63.66666666666663,0.09524283497634863,0.04723145178011019
ergo_adaptive,63.75,0.0956245218736915,0.0473148959213556
ergo_adaptive,63.83333333333337,0.09544929646201082,0.04740335531211009
ergo_adaptive,63.91666666666663,0.09603789180126815,0.04750925624223592
ergo_adaptive,64.0,0.09568859345582775,0.04759480898313994
ergo_adaptive,64.08333333333337,0.09485317096427376,0.047653702336465355
ergo_adaptive,64.16666666666663,0.09322043109048232,0.047735820674060736
ergo_adaptive,64.25,0.09346378222630508,0.04788318269882055
ergo_adaptive,64.33333333333337,0.09095038881925327,0.048056459860446876
ergo_adaptive,64.41666666666663,0.09210249246868905,0.04822718377706264
ergo_adaptive,64.5,0.09237676891524293,0.04840383077567715
ergo_adaptive,64.58333333333337,0.08843874387701556,0.04860238743380839
ergo_adaptive,64.66666666666663,0.08790549970267376,0.04884674179511395
ergo_adaptive,64.75,0.08858692158444964,0.0490943015780957
ergo_adaptive,64.83333333333337,0.08980947147485985,0.049332314859913434
ergo_adaptive,64.91666666666663,0.08994121934216723,0.04955856834728881
ergo_adaptive,65.0,0.08976642682347347,0.04974351436117656
ergo_adaptive,65.08333333333337,0.09019668885324275,0.049878607890590884
ergo_adaptive,65.16666666666663,0.09067454297724752,0.049977206255799766
ergo_adaptive,65.25,0.09062208939291225,0.050063279097405794
ergo_adaptive,65.33333333333337,0.09208208299020723,0.050145116927088944
ergo_adaptive,65.41666666666663,0.09431420985882363,0.05020652972679355
ergo_adaptive,65.5,0.09299063143589861,0.05025255439985935
ergo_adaptive,65.58333333333337,0.093870864073651,0.05029722972097749
ergo_adaptive,65.66666666666663,0.09451862324618573,0.05034576744804295
ergo_adaptive,65.75,0.09315484825521139,0.050372158545875664
ergo_adaptive,65.83333333333337,0.09220377066262994,0.05036739335905788
ergo_adaptive,65.91666666666663,0.0922990122811814,0.050351549382227224
ergo_adaptive,66.0,0.09311113182325324,0.050336382476064506
ergo_adaptive,66.08333333333337,0.09270502950287529,0.05025650344336803
ergo_adaptive,66.16666666666663,0.09276541292279401,0.050097030444457
ergo_adaptive,66.25,0.09229515744838984,0.04991385534481219
ergo_adaptive,66.33333333333337,0.09262603186430012,0.04978571771917009
ergo_adaptive,66.41666666666663,0.09489130544735451,0.04966661090607549
ergo_adaptive,66.5,0.09427828725056697,0.04948961131498805
ergo_adaptive,66.58333333333337,0.09791905726454032,0.049296568073488395
ergo_adaptive,66.66666666666663,0.09620807257676095,0.049152208437383764
ergo_adaptive,66.75,0.09582252589250562,0.04905690925870756
ergo_adaptive,66.83333333333337,0.09318359346548953,0.048924394842966366
ergo_adaptive,66.91666666666663,0.09317626154469723,0.04877234762397453
ergo_adaptive,67.0,0.09446077237505256,0.04865174187782861
ergo_adaptive,67.08333333333337,0.09049408026244884,0.04856674317773417
ergo_adaptive,67.16666666666663,0.09017939941358824,0.048505005540431856
ergo_adaptive,67.25,0.0907737332660341,0.04846991696744559
ergo_adaptive,67.33333333333337,0.09163749956464214,0.048447663523557616
ergo_adaptive,67.41666666666663,0.09228510988306347,0.04844842668633242
ergo_adaptive,67.5,0.09187589539367653,0.048484270426586776
ergo_adaptive,67.58333333333337,0.0907535960865671,0.04851152954937816
ergo_adaptive,67.66666666666663,0.09276886411772425,0.048512159051412554
ergo_adaptive,67.75,0.09347380837051139,0.04851025658917797
ergo_adaptive,67.83333333333337,0.0914656653532514,0.0485375465388894
ergo_adaptive,67.91666666666663,0.08999850638331458,0.048578990132911705
ergo_adaptive,68.0,0.09138797391802457,0.04858640975861686
ergo_adaptive,68.08333333333337,0.09088877142951975,0.04857735348827021
ergo_adaptive,68.16666666666663,0.09045533540912482,0.04858681619532533
ergo_adaptive,68.25,0.09118887524028094,0.04862121725263582
ergo_adaptive,68.33333333333337,0.08991196746122783,0.0485980927547976
ergo_adaptive,68.41666666666663,0.08988396087608132,0.04852533153104154
ergo_adaptive,68.5,0.08881552610933857,0.04845709797854062
ergo_adaptive,68.58333333333337,0.08790410853491808,0.04842909577445087
ergo_adaptive,68.66666666666663,0.08854288805575261,0.04838609775372757
ergo_adaptive,68.75,0.08939254340054177,0.04830922294670105
ergo_adaptive,68.83333333333337,0.0899230747812713,0.04825230523056837
ergo_adaptive,68.91666666666663,0.08723723007382,0.04824337305840847
ergo_adaptive,69.0,0.0874486829114572,0.048251812518342825
ergo_adaptive,69.08333333333337,0.08665692892640146,0.048236669449147
ergo_adaptive,69.16666666666663,0.08454416483115072,0.04821404000766499
ergo_adaptive,69.25,0.08555275079126103,0.04823901171108085
ergo_adaptive,69.33333333333337,0.08816458108351992,0.048298337834474354
ergo_adaptive,69.41666666666663,0.08909238078063976,0.04833683231417027
ergo_adaptive,69.5,0.08751949655031402,0.04835805712822212
ergo_adaptive,69.58333333333337,0.08744790443510295,0.048402106596990145
ergo_adaptive,69.66666666666663,0.0873404491779161,0.04849899963807958
ergo_adaptive,69.75,0.0873157096341485,0.04859457845187967
ergo_adaptive,69.83333333333337,0.08764705716029708,0.0486787777528746
ergo_adaptive,69.91666666666663,0.08745798699074765,0.048810990752255284
ergo_adaptive,70.0,0.08798332934661796,0.049000384728130904
ergo_adaptive,70.08333333333337,0.08699545232027986,0.049221527663256326
ergo_adaptive,70.16666666666663,0.08677706374865705,0.04944124497694174
ergo_adaptive,70.25,0.08692605587472688,0.04967366816518634
ergo_adaptive,70.33333333333337,0.08776133697001817,0.04991894362123598
ergo_adaptive,70.41666666666663,0.08758942442167471,0.050181072958025506
ergo_adaptive,70.5,0.08780521096145891,0.05047280966528005
ergo_adaptive,70.58333333333337,0.08740069786051104,0.050771744829558166
ergo_adaptive,70.66666666666663,0.08802287576361192,0.05105303706572235
ergo_adaptive,70.75,0.08914918342625759,0.051288816619267825
ergo_adaptive,70.83333333333337,0.08839101737070867,0.05146424111663421
ergo_adaptive,70.91666666666663,0.08937284788399541,0.05159449311290828
ergo_adaptive,71.0,0.08937384247845606,0.05169526344500208
ergo_adaptive,71.08333333333337,0.09087362312280403,0.05173843797528438
ergo_adaptive,71.16666666666663,0.09007228510324708,0.0517223435883743
ergo_adaptive,71.25,0.09247463891572029,0.051688660247974964
ergo_adaptive,71.33333333333337,0.0935640247260071,0.05167067614643199
ergo_adaptive,71.41666666666663,0.09518862659723304,0.05162985738737324
ergo_adaptive,71.5,0.09771749235008907,0.05155237355409119
ergo_adaptive,71.58333333333337,0.09857618591657055,0.05145592677299932
ergo_adaptive,71.66666666666663,0.0998907773106116,0.051370694969425784
ergo_adaptive,71.75,0.10152943654476544,0.051280458168248
ergo_adaptive,71.83333333333337,0.10225854132649487,0.05115165627697159
ergo_adaptive,71.91666666666663,0.10296802154352037,0.050993936412922256
ergo_adaptive,72.0,0.10570891408649809,0.0508396639724364
ergo_adaptive,72.08333333333337,0.10800064310111794,0.050714555497666035
ergo_adaptive,72.16666666666663,0.10706423114712392,0.05057751893919058
ergo_adaptive,72.25,0.1105236390551196,0.050412137605554526
ergo_adaptive,72.33333333333337,0.11289758865597409,0.0502372003764651
ergo_adaptive,72.41666666666663,0.11251090416479971,0.05010287231113845
ergo_adaptive,72.5,0.11467185054251379,0.05000749445928291
ergo_adaptive,72.58333333333337,0.11425063945447037,0.049833027399291255
ergo_adaptive,72.66666666666663,0.11474400780255216,0.049596231598760324
ergo_adaptive,72.75,0.11445693041774561,0.049373062082108864
ergo_adaptive,72.83333333333337,0.11809728131133514,0.04918605908895784
ergo_adaptive,72.91666666666663,0.1195030709824588,0.04898682062141369
ergo_adaptive,73.0,0.12027089452714777,0.04874970465408063
ergo_adaptive,73.08333333333337,0.1202881645981969,0.04850660146544033
ergo_adaptive,73.16666666666663,0.12075443049411815,0.048289333717882084
ergo_adaptive,73.25,0.12201730925640175,0.048107331650896396
ergo_adaptive,73.33333333333337,0.12216985997001045,0.04792562131366404
ergo_adaptive,73.41666666666663,0.122365453685996,0.0477177055495789
ergo_adaptive,73.5,0.12147415793625566,0.047516231288236184
ergo_adaptive,73.58333333333337,0.12135926055712627,0.047386161280317085
ergo_adaptive,73.66666666666663,0.1209626061913185,0.04726463862149875
ergo_adaptive,73.75,0.12246952606212047,0.04704632341130453
ergo_adaptive,73.83333333333337,0.11874782842653571,0.04679152430149467
ergo_adaptive,73.91666666666663,0.1192127413909451,0.04657154220443657
ergo_adaptive,74.0,0.11797003331658344,0.0463903820058572
ergo_adaptive,74.08333333333337,0.11798239318489626,0.04621913358916572
ergo_adaptive,74.16666666666663,0.1198905185631464,0.046042467666800216
ergo_adaptive,74.25,0.1210210335251056,0.04587391964181904
ergo_adaptive,74.33333333333337,0.12110705296930126,0.04575698861482475
ergo_adaptive,74.41666666666663,0.11913535967500816,0.04568802854515362
ergo_adaptive,74.5,0.11757051368726044,0.04560906189534736
ergo_adaptive,74.58333333333337,0.115161040314263,0.04551263418919595
ergo_adaptive,74.66666666666663,0.11381930860523887,0.04546426679570129
ergo_adaptive,74.75,0.11376743101659603,0.045498304585756266
ergo_adaptive,74.83333333333337,0.11171006117483723,0.045530472248820626
ergo_adaptive,74.91666666666663,0.11160372377315327,0.045537937784258846
ergo_adaptive,75.0,0.1099005458520313,0.04554898964475603
ergo_adaptive,75.08333333333337,0.10916157768260826,0.04559245244016512
ergo_adaptive,75.16666666666663,0.10727610400176825,0.04565828055772964
ergo_adaptive,75.25,0.1051496012261299,0.04572972584023461
ergo_adaptive,75.33333333333337,0.10368241382037444,0.04580437372658828
ergo_adaptive,75.41666666666663,0.10368223877910028,0.04588965766020176
ergo_adaptive,75.5,0.10413688698717821,0.045995653241397455
ergo_adaptive,75.58333333333337,0.10155291696280075,0.046104335753104325
ergo_adaptive,75.66666666666663,0.10039849581281919,0.046200507120386064
ergo_adaptive,75.75,0.09805172705944093,0.04629304188129638
ergo_adaptive,75.83333333333337,0.09617101551329896,0.04641176066934623
ergo_adaptive,75.91666666666663,0.09617607396845694,0.04655100907451416
ergo_adaptive,76.0,0.09453718549098811,0.046651317176123926
ergo_adaptive,76.08333333333337,0.0940547856552076,0.04672509097661336
ergo_adaptive,76.16666666666663,0.09160771043552879,0.0468143280440421
ergo_adaptive,76.25,0.09033535142070304,0.04700326739250053
ergo_adaptive,76.33333333333337,0.09029646044267896,0.04723892367547458
ergo_adaptive,76.41666666666663,0.09092593512342492,0.047484867949557176
ergo_adaptive,76.5,0.09146064364120787,0.04772783404610906
ergo_adaptive,76.58333333333337,0.09159168524871832,0.04793403685563066
ergo_adaptive,76.66666666666663,0.09237978369941634,0.04809837610621236
ergo_adaptive,76.75,0.091633459239572,0.048236211895160086
ergo_adaptive,76.83333333333337,0.09205264954780036,0.04837138579568521
ergo_adaptive,76.91666666666663,0.09303123964435266,0.048486846640659206
ergo_adaptive,77.0,0.0942644558030861,0.04856462857627554
ergo_adaptive,77.08333333333337,0.09383148380849092,0.04862136732395887
ergo_adaptive,77.16666666666663,0.09449975962272779,0.04868574533988733
ergo_adaptive,77.25,0.093784113140785,0.048751122111510066
ergo_adaptive,77.33333333333337,0.09238996661302767,0.048787820054065734
ergo_adaptive,77.41666666666663,0.09373713439758473,0.04880145438972697
ergo_adaptive,77.5,0.09372649135821588,0.04881600683324234
ergo_adaptive,77.58333333333337,0.09343636537776163,0.04883558393505231
ergo_adaptive,77.66666666666663,0.09275601320576884,0.04884287745847849
ergo_adaptive,77.75,0.09374455744362244,0.048837791181267305
ergo_adaptive,77.83333333333337,0.09441186643845657,0.04883022031012502
ergo_adaptive,77.91666666666663,0.09308906714608924,0.04882821098720093
ergo_adaptive,78.0,0.09368897694897163,0.04882227139682603
ergo_adaptive,78.08333333333337,0.09599728024678432,0.04880124780513423
ergo_adaptive,78.16666666666663,0.09689925807078567,0.048771459374426014
ergo_adaptive,78.25,0.09826747845616943,0.04876076591274429
ergo_adaptive,78.33333333333337,0.09703696206566738,0.04876756482281492
ergo_adaptive,78.41666666666663,0.0963246040326021,0.04876030649822174
ergo_adaptive,78.5,0.0956029527035079,0.048733768491306666
ergo_adaptive,78.58333333333337,0.09536050577639428,0.048721878233576134
ergo_adaptive,78.66666666666663,0.09686273803929274,0.04877748014149952
ergo_adaptive,78.75,0.09912250584971605,0.04880543425245765
ergo_adaptive,78.83333333333337,0.09829269522213496,0.04877232243318354
ergo_adaptive,78.91666666666663,0.09975513291491601,0.048720888865642804
ergo_adaptive,79.0,0.09928471773275284,0.04869355255220554
ergo_adaptive,79.08333333333337,0.0992198227240904,0.048687462966157384
ergo_adaptive,79.16666666666663,0.09986656270765853,0.04867307240576731
ergo_adaptive,79.25,0.10009688905164808,0.048653518614442705
ergo_adaptive,79.33333333333337,0.10029392478255297,0.04864850469985308
ergo_adaptive,79.41666666666663,0.10123066899284036,0.0486850296040557
ergo_adaptive,79.5,0.10179795126867414,0.04876981484500047
ergo_adaptive,79.58333333333337,0.10089374317814068,0.0488268839010722
ergo_adaptive,79.66666666666663,0.10000960712448934,0.0488549623663255
ergo_adaptive,79.75,0.10063468592847762,0.0489188911843385
ergo_adaptive,79.83333333333337,0.10120678396725352,0.04907980901488252
ergo_adaptive,79.91666666666663,0.10189949539672807,0.04929238618424757
ergo_adaptive,80.0,0.10284504701514634,0.049516638995080346
ergo_adaptive,80.08333333333337,0.103567563752122,0.04971730703626358
ergo_adaptive,80.16666666666663,0.1044411696216235,0.049934591069814876
ergo_adaptive,80.25,0.10308443178496716,0.0501481339733711
ergo_adaptive,80.33333333333337,0.1040206047828263,0.050345067679973834
ergo_adaptive,80.41666666666663,0.10457061527867693,0.05051300709782733
ergo_adaptive,80.5,0.10519535611963254,0.05070759567848697
ergo_adaptive,80.58333333333337,0.1073777194207621,0.05087705113904676
ergo_adaptive,80.66666666666663,0.10718433322964488,0.05106972633357119
ergo_adaptive,80.75,0.10865920306830613,0.05123762435950688
ergo_adaptive,80.83333333333337,0.1085054651232627,0.05142550482098781
ergo_adaptive,80.91666666666663,0.10914697583970007,0.051586563221167406
ergo_adaptive,81.0,0.11019234465088559,0.051764668762909354
ergo_adaptive,81.08333333333337,0.1082553200711013,0.05194196851935114
ergo_adaptive,81.16666666666663,0.10908949771593511,0.052111336165511515
ergo_adaptive,81.25,0.10876027106701733,0.05228555147446383
ergo_adaptive,81.33333333333337,0.10807661692548363,0.05244973329414375
ergo_adaptive,81.41666666666663,0.10741851128307783,0.052595380797218705
ergo_adaptive,81.5,0.10932837676782194,0.05276588960336663
ergo_adaptive,81.58333333333337,0.10870244948675441,0.052904194197562836
ergo_adaptive,81.66666666666663,0.10847240176912641,0.05306207196610297
ergo_adaptive,81.75,0.10926451232660463,0.05320013687847093
ergo_adaptive,81.83333333333337,0.10981902589103076,0.053289662755195595
ergo_adaptive,81.91666666666663,0.11008099848289309,0.05335548723820376
ergo_adaptive,82.0,0.10959506958466728,0.053453028182152765
ergo_adaptive,82.08333333333337,0.1095825056195533,0.05355264873917543
ergo_adaptive,82.16666666666663,0.10885914279701885,0.05361509022808191
ergo_adaptive,82.25,0.10894197206878566,0.05369078808152431
ergo_adaptive,82.33333333333337,0.11077927339572982,0.05383513487325477
ergo_adaptive,82.41666666666663,0.11029354314999715,0.054036845202211664
ergo_adaptive,82.5,0.11148648379013949,0.05422835602470574
ergo_adaptive,82.58333333333337,0.11056376621294317,0.05437589662451031
ergo_adaptive,82.66666666666663,0.10962282729871581,0.05448994736303646
ergo_adaptive,82.75,0.11121742461820673,0.05459364690903328
ergo_adaptive,82.83333333333337,0.11082731269680196,0.05466064945917684
ergo_adaptive,82.91666666666663,0.11127343133311492,0.05465084978757203
ergo_adaptive,83.0,0.11154059574340154,0.054604379492439646
ergo_adaptive,83.08333333333337,0.11088395315867529,0.05457891510866822
ergo_adaptive,83.16666666666663,0.1119609167684406,0.05458665402682806
ergo_adaptive,83.25,0.11107858295913593,0.05459831805309922
ergo_adaptive,83.33333333333337,0.11245427693820892,0.054683738326540825
ergo_adaptive,83.41666666666663,0.11267681164186352,0.05485732198464758
ergo_adaptive,83.5,0.11206141448488818,0.055045039258971445
ergo_adaptive,83.58333333333337,0.11126905059313914,0.05523050688635454
ergo_adaptive,83.66666666666663,0.11122106800652924,0.05540941874853225
ergo_adaptive,83.75,0.11123544579128564,0.05556389626946556
ergo_adaptive,83.83333333333337,0.11221199923615485,0.05569662395922107
ergo_adaptive,83.91666666666663,0.11087297332786149,0.05582253534216571
ergo_adaptive,84.0,0.11189116762731591,0.05594486918520971
ergo_adaptive,84.08333333333337,0.1139224877117755,0.05606116050397414
ergo_adaptive,84.16666666666663,0.11293896848532066,0.05617658930703768
ergo_adaptive,84.25,0.1128295856761059,0.05629912296347577
ergo_adaptive,84.33333333333337,0.1132844480912736,0.056403212062020064
ergo_adaptive,84.41666666666663,0.11456492458126116,0.05646307835488798
ergo_adaptive,84.5,0.11547810592622401,0.05649860567515639
ergo_adaptive,84.58333333333337,0.11680945703637946,0.05655290231919255
ergo_adaptive,84.66666666666663,0.11810770885849155,0.05663498786473954
ergo_adaptive,84.75,0.11902798722440848,0.056683230120771
ergo_adaptive,84.83333333333337,0.11926478749819183,0.0567046909530571
ergo_adaptive,84.91666666666663,0.1203278911358422,0.05673003227192075
ergo_adaptive,85.0,0.12046042720816744,0.05677532790485094
ergo_adaptive,85.08333333333337,0.12159526992942268,0.05682149771952667
ergo_adaptive,85.16666666666663,0.12329979407631643,0.05685171552200868
ergo_adaptive,85.25,0.12073738909227498,0.056880352535051075
ergo_adaptive,85.33333333333337,0.12026545806153574,0.05692120877454087
ergo_adaptive,85.41666666666663,0.12028538989824203,0.0569797371777849
ergo_adaptive,85.5,0.12051929919483953,0.057041143209669985
ergo_adaptive,85.58333333333337,0.11934238864498167,0.05709331817457843
ergo_adaptive,85.66666666666663,0.1193236015510066,0.057146959434727605
ergo_adaptive,85.75,0.12111990221400606,0.05723218187889718
ergo_adaptive,85.83333333333337,0.11983988363477238,0.057337321562654496
ergo_adaptive,85.91666666666663,0.11900839501351682,0.05741659897821017
ergo_adaptive,86.0,0.11844657484998476,0.057480353286551766
ergo_adaptive,86.08333333333337,0.11541636042670794,0.05755440854405229
ergo_adaptive,86.16666666666663,0.11507887278399385,0.05767004876055459
ergo_adaptive,86.25,0.11591621616483357,0.05782714093590828
ergo_adaptive,86.33333333333337,0.11696590673475181,0.057989506770948135
ergo_adaptive,86.41666666666663,0.11805745768734274,0.05814435179434456
ergo_adaptive,86.5,0.11800095777602938,0.058275186754290886
ergo_adaptive,86.58333333333337,0.11748228026228677,0.058370703513593455
ergo_adaptive,86.66666666666663,0.11871513622909882,0.05844162657038797
ergo_adaptive,86.75,0.11944707456894414,0.05850941089787544
ergo_adaptive,86.83333333333337,0.11950965866777358,0.05857622488086235
ergo_adaptive,86.91666666666663,0.11958052105928303,0.058613834632671814
ergo_adaptive,87.0,0.11960333990952164,0.05863440054994188
ergo_adaptive,87.08333333333337,0.11977269074042025,0.058676847264915545
ergo_adaptive,87.16666666666663,0.12018398450050219,0.058746649293924424
ergo_adaptive,87.25,0.11898552418229294,0.05878613924383537
ergo_adaptive,87.33333333333337,0.11891032373320362,0.05879380017567753
ergo_adaptive,87.41666666666663,0.1188139133832567,0.058796785082134324
ergo_adaptive,87.5,0.11964251512432492,0.058816208996298205
ergo_adaptive,87.58333333333337,0.11864941015781404,0.05883471702457452
ergo_adaptive,87.66666666666663,0.11735853432588624,0.058842318875719155
ergo_adaptive,87.75,0.11718303836645559,0.05884658354887455
ergo_adaptive,87.83333333333337,0.12014944277713445,0.05885924907987713
ergo_adaptive,87.91666666666663,0.11981530269907824,0.05888609054220587
ergo_adaptive,88.0,0.11951186388447953,0.058915244100256114
ergo_adaptive,88.08333333333337,0.12022955967232184,0.05893652925486705
ergo_adaptive,88.16666666666663,0.12036227758285777,0.05895803223766819
ergo_adaptive,88.25,0.12025702876576731,0.05898227054893249
ergo_adaptive,88.33333333333337,0.12045770344810469,0.05900066756259878
ergo_adaptive,88.41666666666663,0.12023614560899003,0.05900192063094018
ergo_adaptive,88.5,0.12055255183042181,0.05900164784024187
ergo_adaptive,88.58333333333337,0.12102611308388334,0.05902096182669338
ergo_adaptive,88.66666666666663,0.12013161865220329,0.05903604557068166
ergo_adaptive,88.75,0.1192958432941639,0.05900670702894768
ergo_adaptive,88.83333333333337,0.11987709731443842,0.05895767333254042
ergo_adaptive,88.91666666666663,0.1204800567710923,0.05895392502656868
ergo_adaptive,89.0,0.11898952144322825,0.05899443584920031
ergo_adaptive,89.08333333333337,0.1186415827420632,0.05901913284390248
ergo_adaptive,89.16666666666663,0.11872273186081991,0.059043447184061806
ergo_adaptive,89.25,0.11934708146982936,0.059114870606406425
ergo_adaptive,89.33333333333337,0.11915067030852904,0.0592193490574169
ergo_adaptive,89.41666666666663,0.11867610955936145,0.05936131264504286
ergo_adaptive,89.5,0.11874245954547466,0.05954026089591146
ergo_adaptive,89.58333333333337,0.11846022309128952,0.05973828623358852
ergo_adaptive,89.66666666666663,0.11860335264982606,0.05993878781444205
ergo_adaptive,89.75,0.11943883682613193,0.060150013166829816
ergo_adaptive,89.83333333333337,0.1192156513324051,0.060343765407592995
ergo_adaptive,89.91666666666663,0.11923993581505805,0.06049443040125679
ergo_adaptive,90.0,0.12023119187486404,0.06061221263847186
ergo_adaptive,90.08333333333337,0.12197959287635007,0.060729366096847336
ergo_adaptive,90.16666666666663,0.12256933933620728,0.06084976597446469
ergo_adaptive,90.25,0.12286478565218126,0.060952161554423845
ergo_adaptive,90.33333333333337,0.12294969869854722,0.061033013411439796
ergo_adaptive,90.41666666666663,0.12227246662545967,0.061106756408981666
ergo_adaptive,90.5,0.1221601556725004,0.06118298749766184
ergo_adaptive,90.58333333333337,0.1224507239134434,0.06125672322148272
ergo_adaptive,90.66666666666663,0.12169877391459798,0.0613134025511217
ergo_adaptive,90.75,0.1217751518950448,0.06135879753532345
ergo_adaptive,90.83333333333337,0.12045724535162083,0.061403860715201423
ergo_adaptive,90.91666666666663,0.12199073120266538,0.061450560291819355
ergo_adaptive,91.0,0.1230833402385858,0.06149015877328803
ergo_adaptive,91.08333333333337,0.12342251965010459,0.061520811512157304
ergo_adaptive,91.16666666666663,0.1244533474274024,0.06155498741164955
ergo_adaptive,91.25,0.12788086085740683,0.0616137192183726
ergo_adaptive,91.33333333333337,0.12750368853623922,0.06167214109353559
ergo_adaptive,91.41666666666663,0.12704369210123995,0.06170835758994657
ergo_adaptive,91.5,0.12845651580085302,0.0617365827042916
ergo_adaptive,91.58333333333337,0.12986604559845444,0.06178692585997667
ergo_adaptive,91.66666666666663,0.12828065008692355,0.06184549757577511
ergo_adaptive,91.75,0.12712487329209265,0.06188704406425041
ergo_adaptive,91.83333333333337,0.12679439633838058,0.06191911800039886
ergo_adaptive,91.91666666666663,0.12693612704460489,0.06196001600961157
ergo_adaptive,92.0,0.12665696770040522,0.062010426289717833
ergo_adaptive,92.08333333333337,0.1273557442563146,0.06206445806224752
ergo_adaptive,92.16666666666663,0.12710958812507972,0.06211580044883917
ergo_adaptive,92.25,0.12809231437493176,0.06216576264311777
ergo_adaptive,92.33333333333337,0.1263717150801982,0.06223046697196437
ergo_adaptive,92.41666666666663,0.12662884677714054,0.06231108460288017
ergo_adaptive,92.5,0.12894526462902203,0.062366956280676074
ergo_adaptive,92.58333333333337,0.12920235341565772,0.06238773568042483
ergo_adaptive,92.66666666666663,0.12755151901336523,0.06239879356857074
ergo_adaptive,92.75,0.12467326621953721,0.06241659690798888
ergo_adaptive,92.83333333333337,0.12313917648032423,0.0624312281658116
ergo_adaptive,92.91666666666663,0.12329605023622045,0.062432834314746465
ergo_adaptive,93.0,0.12092863370369053,0.06243380043381523
ergo_adaptive,93.08333333333337,0.121225643766742,0.06244688750005239
ergo_adaptive,93.16666666666663,0.11961093245389277,0.06247978342783414
ergo_adaptive,93.25,0.11651424869092798,0.06252196458634798
ergo_adaptive,93.33333333333337,0.11690083765190563,0.06255588024559262
ergo_adaptive,93.41666666666663,0.11674807764491194,0.0625806782507588
ergo_adaptive,93.5,0.11601916167756939,0.06261202833372966
ergo_adaptive,93.58333333333337,0.11673636352643339,0.06263499173219479
ergo_adaptive,93.66666666666663,0.11482797679573764,0.06261425685739164
ergo_adaptive,93.75,0.11191798423835,0.06256057427028378
ergo_adaptive,93.83333333333337,0.11310231598904531,0.06250847372137965
ergo_adaptive,93.91666666666663,0.11218638938221227,0.062472093188775356
ergo_adaptive,94.0,0.11252106888984222,0.06245984252700144
ergo_adaptive,94.08333333333337,0.11051287654534775,0.06243770472489878
ergo_adaptive,94.16666666666663,0.10837312181990194,0.06237355081989616
ergo_adaptive,94.25,0.1064077939883457,0.06229512093052444
ergo_adaptive,94.33333333333337,0.10680756692797903,0.06223252126293037
ergo_adaptive,94.41666666666663,0.10780550005114932,0.06217549820453315
ergo_adaptive,94.5,0.10335121851743365,0.06210595006476654
ergo_adaptive,94.58333333333337,0.10220451424661477,0.062036566108916155
ergo_adaptive,94.66666666666663,0.09952967924404468,0.061977108871672563
ergo_adaptive,94.75,0.10036203757893013,0.061956732937329353
ergo_adaptive,94.83333333333337,0.09782500649067008,0.061976906666583904
ergo_adaptive,94.91666666666663,0.0942449629478282,0.06195091269241681
ergo_adaptive,95.0,0.09576550521504332,0.06195918082064876
ergo_adaptive,95.08333333333337,0.09315133921450644,0.06198964581248475
ergo_adaptive,95.16666666666663,0.09173010414285118,0.062145373841262244
ergo_adaptive,95.25,0.09294945988793615,0.062388068059313496
ergo_adaptive,95.33333333333337,0.09283487032248355,0.06265138458507422
ergo_adaptive,95.41666666666663,0.09331456944686221,0.06291679713939555
ergo_adaptive,95.5,0.0930257395110481,0.06317780124872631
ergo_adaptive,95.58333333333337,0.09262902922715555,0.06343550232459884
ergo_adaptive,95.66666666666663,0.09283276340363304,0.06368414006220123
ergo_adaptive,95.75,0.09283664524583068,0.06390759520189558
ergo_adaptive,95.83333333333337,0.09314686537554821,0.0640979563793165
ergo_adaptive,95.91666666666663,0.09160228907358704,0.06425996906243102
ergo_adaptive,96.0,0.09197378329751463,0.06440066642426803
ergo_adaptive,96.08333333333337,0.09295586691177789,0.06450568718963126
ergo_adaptive,96.16666666666663,0.09358960105369973,0.06456092959995344
ergo_adaptive,96.25,0.09298810810149019,0.06457318670896525
ergo_adaptive,96.33333333333337,0.09250304699324341,0.06456283754543007
ergo_adaptive,96.41666666666663,0.09385578759424659,0.06453932846313322
ergo_adaptive,96.5,0.09266643793383947,0.06449106950000326
ergo_adaptive,96.58333333333337,0.09462243528798221,0.06442347348445852
ergo_adaptive,96.66666666666663,0.09424182316011027,0.0643595416342564
ergo_adaptive,96.75,0.09343190986264123,0.06430973459594437
ergo_adaptive,96.83333333333337,0.09464779860309312,0.06424581523081496
ergo_adaptive,96.91666666666663,0.0943402914967051,0.06415568799488147
ergo_adaptive,97.0,0.09569276379621085,0.06407050746047789
ergo_adaptive,97.08333333333337,0.09557606160807518,0.06403167309101583
ergo_adaptive,97.16666666666663,0.09445056298367416,0.0639670765020164
ergo_adaptive,97.25,0.09407139278470329,0.06382148783149769
ergo_adaptive,97.33333333333337,0.09317604411089234,0.06365175965574837
ergo_adaptive,97.41666666666663,0.09459043645344674,0.06351877578748268
ergo_adaptive,97.5,0.09583712243860142,0.06338754722684786
ergo_adaptive,97.58333333333337,0.09494413770036333,0.06321222964808221
ergo_adaptive,97.66666666666663,0.0947863111928641,0.06299991803710045
ergo_adaptive,97.75,0.09508768653782747,0.06278316817039123
ergo_adaptive,97.83333333333337,0.09632455339183014,0.06258248043924455
ergo_adaptive,97.91666666666663,0.09712823769192236,0.062395174508523756
ergo_adaptive,98.0,0.0954714170267998,0.06218234360983621
ergo_adaptive,98.08333333333337,0.09403336594928198,0.061955358102393
ergo_adaptive,98.16666666666663,0.09323550997799754,0.061755036278931294
ergo_adaptive,98.25,0.09461066442312639,0.061600332119195404
ergo_adaptive,98.33333333333337,0.09329486365364117,0.06138054133326026
ergo_adaptive,98.41666666666663,0.09358156883464701,0.06110225332090336
ergo_adaptive,98.5,0.09290026773534256,0.06082809240930684
ergo_adaptive,98.58333333333337,0.09407308876416942,0.06060688453601107
ergo_adaptive,98.66666666666663,0.09398432229061768,0.06036894525743412
ergo_adaptive,98.75,0.09471774233631805,0.06007019177914109
ergo_adaptive,98.83333333333337,0.09407946964890035,0.059770368504267375
ergo_adaptive,98.91666666666663,0.09263657696381214,0.0594937876010532
ergo_adaptive,99.0,0.09080754931870778,0.0592323604030854
ergo_adaptive,99.08333333333337,0.09005063137421383,0.058951858749716486
ergo_adaptive,99.16666666666663,0.09097494360460606,0.05866557625646231
ergo_adaptive,99.25,0.09375436857943152,0.05839695022980736
ergo_adaptive,99.33333333333337,0.09185420820582105,0.05815291777314868
ergo_adaptive,99.41666666666663,0.09154408612181651,0.05790903056257597
ergo_adaptive,99.5,0.09324444926593675,0.05763580242666215
ergo_adaptive,99.58333333333337,0.09198459098641167,0.057360555595614246
ergo_adaptive,99.66666666666663,0.08894709307004092,0.057139874580896505
ergo_adaptive,99.75,0.08936999767471276,0.05696787511036792
ergo_adaptive,99.83333333333337,0.08971195289293124,0.056696723959196796
ergo_adaptive,99.91666666666663,0.09021031834940656,0.05636358998026252
ergo_adaptive,100.0,0.09160157336744962,0.056053951667610465
ergo_adaptive,100.08333333333337,0.09138024080841396,0.05578150438488252
ergo_adaptive,100.16666666666663,0.09050545905232919,0.05550935920301001
ergo_adaptive,100.25,0.09188797618435726,0.0552130336974455
ergo_adaptive,100.33333333333337,0.09089556756908007,0.054916592870514896
ergo_adaptive,100.41666666666663,0.09134103334834727,0.054665063809142746
ergo_adaptive,100.5,0.09112250177235741,0.054481388557816986
ergo_adaptive,100.58333333333337,0.09241042036879923,0.05430172906805011
ergo_adaptive,100.66666666666663,0.09410296601497822,0.05404079729734384
ergo_adaptive,100.75,0.09631860179693141,0.05373507022463198
ergo_adaptive,100.83333333333337,0.09628371294258874,0.05344451514173306
ergo_adaptive,100.91666666666663,0.09681590204404883,0.05317462688831922
ergo_adaptive,101.0,0.09428353385048577,0.05293199268705737
ergo_adaptive,101.08333333333337,0.09371103883479646,0.05271969541829398
ergo_adaptive,101.16666666666663,0.09515848143264222,0.05248387715844262
ergo_adaptive,101.25,0.09472021386232339,0.052210262048798035
ergo_adaptive,101.33333333333337,0.09656433279122797,0.05192717210643325
ergo_adaptive,101.41666666666663,0.09684472489106465,0.05166708884875863
ergo_adaptive,101.5,0.0972870855836444,0.05146643559672696
ergo_adaptive,101.58333333333337,0.09936462422004257,0.05134345796701111
ergo_adaptive,101.66666666666663,0.0990748435369981,0.05118456971319004
ergo_adaptive,101.75,0.0988296132106305,0.05097039213778117
ergo_adaptive,101.83333333333337,0.0983711936747359,0.050777267683865535
ergo_adaptive,101.91666666666663,0.09583629827683551,0.050651980032740025
ergo_adaptive,102.0,0.09658287288857387,0.05054177486698345
ergo_adaptive,102.08333333333337,0.09662767726643495,0.05038917343034427
ergo_adaptive,102.16666666666663,0.09633846318585447,0.05023459417625041
ergo_adaptive,102.25,0.09900365549858212,0.050123606043776664
ergo_adaptive,102.33333333333337,0.0998287409514592,0.050045693746828115
ergo_adaptive,102.41666666666663,0.10124513652608093,0.04996354364649613
ergo_adaptive,102.5,0.10330809530719551,0.04986358018735877
ergo_adaptive,102.58333333333337,0.1014120468628351,0.04979142865947958
ergo_adaptive,102.66666666666663,0.10017611336023284,0.049785922709138175
ergo_adaptive,102.75,0.09968096311127482,0.049772391095170634
ergo_adaptive,102.83333333333337,0.09741731513584871,0.04971461972718262
ergo_adaptive,102.91666666666663,0.09687385322530846,0.04966804790389233
ergo_adaptive,103.0,0.09697550776914965,0.04971427972386904
ergo_adaptive,103.08333333333337,0.09711172891252616,0.0497835246542576
ergo_adaptive,103.16666666666663,0.09724334036098421,0.049814033293677895
ergo_adaptive,103.25,0.0974761425090805,0.04986886626986693
ergo_adaptive,103.33333333333337,0.09650003268841073,0.04998233185768691
ergo_adaptive,103.41666666666663,0.09502061135566235,0.05015243847659639
ergo_adaptive,103.5,0.0926362710383695,0.050330027133501515
ergo_adaptive,103.58333333333337,0.0898611237499769,0.05051792995950103
ergo_adaptive,103.66666666666663,0.08877643601596455,0.05074772585641855
ergo_adaptive,103.75,0.08864414674458292,0.051023612357512474
ergo_adaptive,103.83333333333337,0.08978051069469671,0.05130530199914482
ergo_adaptive,103.91666666666663,0.08935955209708203,0.05157853824952029
ergo_adaptive,104.0,0.08898826280387731,0.051840049131153636
ergo_adaptive,104.08333333333337,0.08963008073715317,0.052063541169301175
ergo_adaptive,104.16666666666663,0.08977464083183384,0.052240424378399625
ergo_adaptive,104.25,0.08975325827463171,0.052382224779870486
ergo_adaptive,104.33333333333337,0.0910601644522146,0.052508910206825306
ergo_adaptive,104.41666666666663,0.09199848674767443,0.05261658227746197
ergo_adaptive,104.5,0.09376569588952534,0.052690523896766116
ergo_adaptive,104.58333333333337,0.09315182240312853,0.05273951836083464
ergo_adaptive,104.66666666666663,0.09341352827779444,0.05278656475135562
ergo_adaptive,104.75,0.09339232159286408,0.05283183284637019
ergo_adaptive,104.83333333333337,0.09350400760597323,0.0528585801564111
ergo_adaptive,104.91666666666663,0.09056392229079285,0.05286438778358847
ergo_adaptive,105.0,0.0911148253262722,0.052866510253942546
ergo_adaptive,105.08333333333337,0.09099766644749334,0.05287830151981162
ergo_adaptive,105.16666666666663,0.08966259210841332,0.052881885997152114
ergo_adaptive,105.25,0.09317354122706076,0.05286418396654338
ergo_adaptive,105.33333333333337,0.09635847437739783,0.05283750155935554
ergo_adaptive,105.41666666666663,0.09664366196367889,0.05281612235918422
ergo_adaptive,105.5,0.09722550645571373,0.0527978955475416
ergo_adaptive,105.58333333333337,0.09676437925048155,0.052764658312061626
ergo_adaptive,105.66666666666663,0.09565205053595463,0.052722624649700164
ergo_adaptive,105.75,0.09654251866938905,0.05268822202337943
ergo_adaptive,105.83333333333337,0.09533146865553477,0.052665243831312485
ergo_adaptive,105.91666666666663,0.09409681887754913,0.05263992496236892
ergo_adaptive,106.0,0.09381907721119893,0.052609837054716176
ergo_adaptive,106.08333333333337,0.09464969420949429,0.052596506407397735
ergo_adaptive,106.16666666666663,0.09511397824186299,0.0526307081203048
ergo_adaptive,106.25,0.09399425087743835,0.05265030150690346
ergo_adaptive,106.33333333333337,0.09473492090172951,0.05279156656292037
ergo_adaptive,106.41666666666663,0.0956224759993118,0.05301766843612921
ergo_adaptive,106.5,0.09672847274494258,0.05325064398551144
ergo_adaptive,106.58333333333337,0.09585110078165866,0.05343032788883401
ergo_adaptive,106.66666666666663,0.0966349830909124,0.05366077340366128
ergo_adaptive,106.75,0.09602663084788611,0.05390046244383431
ergo_adaptive,106.83333333333337,0.09503655060345365,0.054094970914199236
ergo_adaptive,106.91666666666663,0.09573327774573799,0.05425198671402244
ergo_adaptive,107.0,0.09598805192090909,0.05440242974905955
ergo_adaptive,107.08333333333337,0.09692361274622717,0.05454561633187811
ergo_adaptive,107.16666666666663,0.09795318540186619,0.054662404557515844
ergo_adaptive,107.25,0.09640504558264748,0.05475103005700474
ergo_adaptive,107.33333333333337,0.09516635085737368,0.054893696235979235
ergo_adaptive,107.41666666666663,0.0972344744065425,0.055078946068842186
ergo_adaptive,107.5,0.09649931551599068,0.05528926319289908
ergo_adaptive,107.58333333333337,0.09662696611033353,0.055487972119555126
ergo_adaptive,107.66666666666663,0.09658951349306526,0.055654048627433936
ergo_adaptive,107.75,0.09712424826775962,0.05578830108395356
ergo_adaptive,107.83333333333337,0.09635222132456893,0.055895533660191773
ergo_adaptive,107.91666666666663,0.09539691866598826,0.0559390004577987
ergo_adaptive,108.0,0.09597419608305914,0.055983194828195686
ergo_adaptive,108.08333333333337,0.09486130877812908,0.05604159585193117
ergo_adaptive,108.16666666666663,0.09514688760654004,0.0561948762048904
ergo_adaptive,108.25,0.09649697152177751,0.05641181375486858
ergo_adaptive,108.33333333333337,0.09690814176334547,0.05661650068262033
ergo_adaptive,108.41666666666663,0.09880461899732806,0.056795668123811274
ergo_adaptive,108.5,0.09873340055589841,0.056958384369607325
ergo_adaptive,108.58333333333337,0.09843871012645145,0.05710926832368652
ergo_adaptive,108.66666666666663,0.09928361662979979,0.057227295897461616
ergo_adaptive,108.75,0.0996301664114891,0.057299477500851397
ergo_adaptive,108.83333333333337,0.10214235253004673,0.05734246054206705
ergo_adaptive,108.91666666666663,0.1003720584400078,0.05738272835359675
ergo_adaptive,109.0,0.10047078623305752,0.0574269117535318
ergo_adaptive,109.08333333333337,0.10375927766138592,0.0574636020416674
ergo_adaptive,109.16666666666663,0.10457179363728618,0.05749123938040974
ergo_adaptive,109.25,0.10416956009807617,0.05752396894664647
ergo_adaptive,109.33333333333337,0.10463065480523528,0.05757238559506238
ergo_adaptive,109.41666666666663,0.10541987674947596,0.05763269030545145
ergo_adaptive,109.5,0.10439444495916723,0.05769770048520482
ergo_adaptive,109.58333333333337,0.10303660254621008,0.05776989605949969
ergo_adaptive,109.66666666666663,0.10248962934175164,0.05786293492813354
ergo_adaptive,109.75,0.10151452375540997,0.05797415672658886
ergo_adaptive,109.83333333333337,0.09976000250629548,0.058088670953000195
ergo_adaptive,109.91666666666663,0.10047863318130659,0.05820434912439082
ergo_adaptive,110.0,0.09965086779368268,0.05833188196640072
ergo_adaptive,110.08333333333337,0.10115575231282482,0.05848004717569032
ergo_adaptive,110.16666666666663,0.10039863798261742,0.05862555432559572
ergo_adaptive,110.25,0.10028022639971752,0.058761204811933754
ergo_adaptive,110.33333333333337,0.10080778098850647,0.058897174417494466
ergo_adaptive,110.41666666666663,0.10295710700003938,0.05904182703849113
ergo_adaptive,110.5,0.10334220997843062,0.05917161761259925
ergo_adaptive,110.58333333333337,0.10544016434548381,0.05927459844894918
ergo_adaptive,110.66666666666663,0.10544333314190389,0.059366410741241354
ergo_adaptive,110.75,0.10431403165549633,0.05946882858003615
ergo_adaptive,110.83333333333337,0.10189087932099593,0.0595849190038127
ergo_adaptive,110.91666666666663,0.10210630059509161,0.05971607393132892
ergo_adaptive,111.0,0.09916913917876274,0.059857865659668295
ergo_adaptive,111.08333333333337,0.09979794950859344,0.06002554909313025
ergo_adaptive,111.16666666666663,0.09902904460527451,0.06022275743393291
ergo_adaptive,111.25,0.09790469433636523,0.06043643543169722
ergo_adaptive,111.33333333333337,0.09610415022286135,0.060649235566207764
ergo_adaptive,111.41666666666663,0.09498265633335384,0.06087207619233294
ergo_adaptive,111.5,0.09408895581624753,0.061115532248540126
ergo_adaptive,111.58333333333337,0.09394773286274818,0.06137490042213392
ergo_adaptive,111.66666666666663,0.09339754469855391,0.061640918815962384
ergo_adaptive,111.75,0.0931464632263951,0.06191214882274781
ergo_adaptive,111.83333333333337,0.0929057700726422,0.06219495716513586
ergo_adaptive,111.91666666666663,0.09281043642790333,0.06248384627556012
ergo_adaptive,112.0,0.09240885845569037,0.06276636255987163
ergo_adaptive,112.08333333333337,0.09235848831404907,0.06303517689239946
ergo_adaptive,112.16666666666663,0.09286393997916216,0.06328283550097791
ergo_adaptive,112.25,0.09272616382021406,0.06350630380632531
ergo_adaptive,112.33333333333337,0.09287925626900036,0.06371073777291746
ergo_adaptive,112.41666666666663,0.0932379961983611,0.06390323618204902
ergo_adaptive,112.5,0.09363801293460422,0.06406709700647872
ergo_adaptive,112.58333333333337,0.09402212712583669,0.06418118307511948
ergo_adaptive,112.66666666666663,0.09320808216330098,0.06425187987152879
ergo_adaptive,112.75,0.09447876446235454,0.06430952943773668
ergo_adaptive,112.83333333333337,0.09569328012437917,0.06436049543755368
ergo_adaptive,112.91666666666663,0.09601876733539534,0.06436550039118633
ergo_adaptive,113.0,0.09710965071376639,0.06432671899606128
ergo_adaptive,113.08333333333337,0.09627606094035,0.064278581413961
ergo_adaptive,113.16666666666663,0.09658116868573989,0.06425400355581565
ergo_adaptive,113.25,0.09823340892905992,0.0642139752681673
ergo_adaptive,113.33333333333337,0.09789498754485759,0.06414416729033501
ergo_adaptive,113.41666666666663,0.09992004477243256,0.06406676137857933
ergo_adaptive,113.5,0.10026281763543712,0.06401104994536913
ergo_adaptive,113.58333333333337,0.09955905506921717,0.06394697560031484
ergo_adaptive,113.66666666666663,0.09891736219519452,0.06384851421930726
ergo_adaptive,113.75,0.09891237613518292,0.06373993927875793
ergo_adaptive,113.83333333333337,0.10034520008366153,0.06365309471757977
ergo_adaptive,113.91666666666663,0.10215807518317932,0.06357004651621082
ergo_adaptive,114.0,0.10394506799173497,0.06345603805448112
ergo_adaptive,114.08333333333337,0.10355841140203588,0.06332074176799966
ergo_adaptive,114.16666666666663,0.10506054126911346,0.06319307032314704
ergo_adaptive,114.25,0.10481332603585215,0.06308201774060296
ergo_adaptive,114.33333333333337,0.10505777759563249,0.0629627151726597
ergo_adaptive,114.41666666666663,0.10659316890806442,0.0628282840324664
ergo_adaptive,114.5,0.10480300774162467,0.06269362446399626
ergo_adaptive,114.58333333333337,0.10677752390081294,0.06257747384668247
ergo_adaptive,114.66666666666663,0.10740505779864071,0.062468415068507276
ergo_adaptive,114.75,0.10718223364310625,0.06233390425334529
ergo_adaptive,114.83333333333337,0.10734905086455303,0.06217995186905186
ergo_adaptive,114.91666666666663,0.10575456449025976,0.06204959085831193
ergo_adaptive,115.0,0.1083193275555117,0.06195977720241856
ergo_adaptive,115.08333333333337,0.10642899139508796,0.061812403453033786
ergo_adaptive,115.16666666666663,0.10415295298837812,0.061589796320762585
ergo_adaptive,115.25,0.10606588811774018,0.06136073917825989
ergo_adaptive,115.33333333333337,0.10562346519991604,0.06120451690459678
ergo_adaptive,115.41666666666663,0.10613753069779507,0.061014709460631714
ergo_adaptive,115.5,0.10466911399104536,0.06075230994541216
ergo_adaptive,115.58333333333337,0.1031663387383269,0.06049001287906943
ergo_adaptive,115.66666666666663,0.1003940783568345,0.06032193310786038
ergo_adaptive,115.75,0.10139450788860149,0.060186453839592396
ergo_adaptive,115.83333333333337,0.09933226326472293,0.05998146496910882
ergo_adaptive,115.91666666666663,0.10087070177714824,0.059768309631879436
ergo_adaptive,116.0,0.10000112880812617,0.05961385281485013
ergo_adaptive,116.08333333333337,0.09901803528598203,0.05950222519864642
ergo_adaptive,116.16666666666663,0.09973749331122793,0.059371201217635276
ergo_adaptive,116.25,0.1002094241072416,0.05923452554685717
ergo_adaptive,116.33333333333337,0.0990320839613149,0.059115517902613754
ergo_adaptive,116.41666666666663,0.09905622645926111,0.05904442209424894
ergo_adaptive,116.5,0.09897103337978333,0.05903185215865586
ergo_adaptive,116.58333333333337,0.10027126393515602,0.05902538676467263
ergo_adaptive,116.66666666666663,0.09884085515925327,0.059006828219871424
ergo_adaptive,116.75,0.0994929455493303,0.05901017870980914
ergo_adaptive,116.83333333333337,0.09891033309199404,0.05906681221924804
ergo_adaptive,116.91666666666663,0.09879363784533265,0.05911595632755375
ergo_adaptive,117.0,0.09708700527208619,0.059128976171221856
ergo_adaptive,117.08333333333337,0.09716994743354734,0.05914693582798053
ergo_adaptive,117.16666666666663,0.0966829562648478,0.05920455428047191
ergo_adaptive,117.25,0.0969791183559551,0.059282588563753666
ergo_adaptive,117.33333333333337,0.09537528147065295,0.05936890801503502
ergo_adaptive,117.41666666666663,0.09461133112909885,0.059463572110860355
ergo_adaptive,117.5,0.09429888761528196,0.05958541878366655
ergo_adaptive,117.58333333333337,0.09313432287582579,0.05973939277607222
ergo_adaptive,117.66666666666663,0.09337573863808928,0.05991715733395076
ergo_adaptive,117.75,0.09266419902752193,0.06007955968123154
ergo_adaptive,117.83333333333337,0.09375408894755204,0.06023755782710595
ergo_adaptive,117.91666666666663,0.09327717718508224,0.06040577140295339
ergo_adaptive,118.0,0.09269965093549105,0.060588152359551804
ergo_adaptive,118.08333333333337,0.09255305162441227,0.06076980958091739
ergo_adaptive,118.16666666666663,0.09200154244412001,0.060946739360954245
ergo_adaptive,118.25,0.09058104878271912,0.061124434747401195
ergo_adaptive,118.33333333333337,0.09093975277261433,0.06132006616920313
ergo_adaptive,118.41666666666663,0.09046596220431474,0.061524130207328484
ergo_adaptive,118.5,0.09027067279815604,0.061733479751908446
ergo_adaptive,118.58333333333337,0.0913901062256179,0.06197720063409508
ergo_adaptive,118.66666666666663,0.09120225107564174,0.06223568380604919
ergo_adaptive,118.75,0.09081261255259024,0.06250357271328937
ergo_adaptive,118.83333333333337,0.09082098981896937,0.06277794258958788
ergo_adaptive,118.91666666666663,0.09019373113758422,0.06305454939120207
ergo_adaptive,119.0,0.09068252480846324,0.06333010072743932
ergo_adaptive,119.08333333333337,0.09082094009337441,0.06360238925366117
ergo_adaptive,119.16666666666663,0.09078088503359368,0.06386987523840795
ergo_adaptive,119.25,0.0908270258102406,0.06413321675012344
ergo_adaptive,119.33333333333337,0.09026766965611745,0.06439076035539601
ergo_adaptive,119.41666666666663,0.09096696051695069,0.06464160580214554
ergo_adaptive,119.5,0.09136998838522581,0.06488610612254225
ergo_adaptive,119.58333333333337,0.09109654890009544,0.0651245427500355
ergo_adaptive,119.66666666666663,0.09095759347476791,0.06535761589804871
ergo_adaptive,119.75,0.0907455430496813,0.0655854927643463
ergo_adaptive,119.83333333333337,0.09090784540244465,0.06580812013691001
ergo_adaptive,119.91666666666663,0.09084653030591519,0.06602593160001281
ergo_adaptive,120.0,0.09168470305686198,0.06623969439629711
ergo_adaptive,120.08333333333337,0.09226955156752989,0.06645121905097572
ergo_adaptive,120.16666666666663,0.09128489581982344,0.06665999289935996
ergo_adaptive,120.25,0.09177606648056813,0.06686539760684408
ergo_adaptive,120.33333333333337,0.09242401670263159,0.06706778056869152
ergo_adaptive,120.41666666666663,0.09304288206078433,0.06726734791993211
ergo_adaptive,120.5,0.09375674419457013,0.06746407195529204
ergo_adaptive,120.58333333333337,0.09401033492703025,0.06765884330380129
ergo_adaptive,120.66666666666663,0.09334227641307395,0.06785207299839838
ergo_adaptive,120.75,0.0931839624474411,0.0680448415764744
ergo_adaptive,120.83333333333337,0.09457740108496304,0.06823549100208502
ergo_adaptive,120.91666666666663,0.09329404228866638,0.06842479388982271
ergo_adaptive,121.0,0.09391821896143052,0.06861111499334402
ergo_adaptive,121.08333333333337,0.09455218853139816,0.0687961741961677
ergo_adaptive,121.16666666666663,0.09591462743727962,0.0689794628702061
ergo_adaptive,121.25,0.09561531541786746,0.06916283016999535
ergo_adaptive,121.33333333333337,0.09609038375230312,0.06933674048442533
ergo_adaptive,121.41666666666663,0.09635143938283941,0.06949328590755562
ergo_adaptive,121.5,0.09709653777076738,0.06954311192877995
ergo_adaptive,121.58333333333337,0.0945974204658593,0.06950976973540138
ergo_adaptive,121.66666666666663,0.09467935476007164,0.06946015682976585
ergo_adaptive,121.75,0.09698235283121297,0.06945109328358719
ergo_adaptive,121.83333333333337,0.09674468904732095,0.0694127017293839
ergo_adaptive,121.91666666666663,0.09803807117167192,0.06930935045196417
ergo_adaptive,122.0,0.09990744401016041,0.06921051953371521
ergo_adaptive,122.08333333333337,0.09854025085961522,0.06915790729869667
ergo_adaptive,122.16666666666663,0.09963451959483471,0.0691048371333511
ergo_adaptive,122.25,0.10027247973244265,0.0689794884840004
ergo_adaptive,122.33333333333337,0.09984458533036257,0.06880618374110391
ergo_adaptive,122.41666666666663,0.09956638981915142,0.06863974463357136
ergo_adaptive,122.5,0.10139930272777588,0.06848095617601914
ergo_adaptive,122.58333333333337,0.10170472652986277,0.06828684639567176
ergo_adaptive,122.66666666666663,0.1019883545735637,0.06806007130351335
ergo_adaptive,122.75,0.10065288797738697,0.06783090043551493
ergo_adaptive,122.83333333333337,0.10169847169129828,0.06762313793983253
ergo_adaptive,122.91666666666663,0.10539873253705728,0.06742373551813856
ergo_adaptive,123.0,0.10571650492398725,0.06720500988211182
ergo_adaptive,123.08333333333337,0.10781751579937938,0.06695771461398166
ergo_adaptive,123.16666666666663,0.10926706954662466,0.06672903388750719
ergo_adaptive,123.25,0.10825551134118266,0.06656643964216381
ergo_adaptive,123.33333333333337,0.10730475600478225,0.0663559855132869
ergo_adaptive,123.41666666666663,0.1074177267562753,0.0660560221220715
ergo_adaptive,123.5,0.10785169431168451,0.06572617977955195
ergo_adaptive,123.58333333333337,0.10961198025771071,0.06541740642579115
ergo_adaptive,123.66666666666663,0.11182787269765185,0.06513128775365042
ergo_adaptive,123.75,0.11402470429181884,0.06484798294760312
ergo_adaptive,123.83333333333337,0.11441400657894216,0.06455125365789166
ergo_adaptive,123.91666666666663,0.11341022505578695,0.06425782027926444
ergo_adaptive,124.0,0.11305074078870368,0.06401371805353358
ergo_adaptive,124.08333333333337,0.11273864315908336,0.06382794445537449
ergo_adaptive,124.16666666666663,0.11523561830584264,0.06355701458793422
ergo_adaptive,124.25,0.11599586344519405,0.06321303394930641
ergo_adaptive,124.33333333333337,0.11769181860561898,0.06286396147575168
ergo_adaptive,124.41666666666663,0.11715681471641634,0.06254328560830143
ergo_adaptive,124.5,0.11710276673638664,0.06223971499526767
ergo_adaptive,124.58333333333337,0.11860908044595164,0.061936316809052594
ergo_adaptive,124.66666666666663,0.1189437813587905,0.06162639256088875
ergo_adaptive,124.75,0.11985067847944852,0.061334275724422974
ergo_adaptive,124.83333333333337,0.12007655707844407,0.06111417118370794
ergo_adaptive,124.91666666666663,0.12040880072486357,0.060907979803506915
ergo_adaptive,125.0,0.12069497254354923,0.0605983399419777
ergo_adaptive,125.08333333333337,0.12032203927802722,0.06023781065296717
ergo_adaptive,125.16666666666663,0.12073370857290022,0.059892872459985994
ergo_adaptive,125.25,0.11829645551643397,0.059597883614901634
ergo_adaptive,125.33333333333337,0.11848671040426549,0.05936115243314115
ergo_adaptive,125.41666666666663,0.11726246861693967,0.05913696568057868
ergo_adaptive,125.5,0.11599149837241646,0.05886009057260321
ergo_adaptive,125.58333333333337,0.1165589363089366,0.05856281776858142
ergo_adaptive,125.66666666666663,0.11439695165413,0.05829907337261927
ergo_adaptive,125.75,0.11434706866398521,0.0580307341447622
ergo_adaptive,125.83333333333337,0.11315823667062529,0.05776627402016549
ergo_adaptive,125.91666666666663,0.11441640837471792,0.057530997600314195
ergo_adaptive,126.0,0.11077320694005377,0.05731238482293376
ergo_adaptive,126.08333333333337,0.10899037553938147,0.0571250445006059
ergo_adaptive,126.16666666666663,0.10801332375526287,0.05696675930936301
ergo_adaptive,126.25,0.10689138911133785,0.05681116025942982
ergo_adaptive,126.33333333333337,0.10850850891718475,0.05666220899010852
ergo_adaptive,126.41666666666663,0.1077991411970465,0.05652864865568964
ergo_adaptive,126.5,0.10529434056457686,0.056417852509277666
ergo_adaptive,126.58333333333337,0.10175712924505582,0.05631197513438592
ergo_adaptive,126.66666666666663,0.10034358870758653,0.05620833084421313
ergo_adaptive,126.75,0.09640805562611489,0.05610577728457393
ergo_adaptive,126.83333333333337,0.09733137012225787,0.05601861543758819
ergo_adaptive,126.91666666666663,0.09473867339920015,0.05596705004787285
ergo_adaptive,127.0,0.0944876345635918,0.055898065833212086
ergo_adaptive,127.08333333333337,0.09241670097662631,0.055766362654010956
ergo_adaptive,127.16666666666663,0.09029847265136143,0.05560719034891661
ergo_adaptive,127.25,0.09024445662940479,0.05546120460253399
ergo_adaptive,127.33333333333337,0.08751979266029765,0.055345800141808905
ergo_adaptive,127.41666666666663,0.08329997449891746,0.055247361826276965
ergo_adaptive,127.5,0.08070589816882237,0.05512544672683044
ergo_adaptive,127.58333333333337,0.08378337965333729,0.054980586565895176
ergo_adaptive,127.66666666666663,0.08134988849219918,0.05487322870571277
ergo_adaptive,127.75,0.08033459382334456,0.054816211428338604
ergo_adaptive,127.83333333333337,0.0748709891317152,0.05470420307029786
ergo_adaptive,127.91666666666663,0.07664708120578026,0.05453298773143375
ergo_adaptive,128.0,0.0758171476361322,0.054374511701974104
ergo_adaptive,128.08333333333337,0.07502674041037194,0.05429755836069695
ergo_adaptive,128.16666666666663,0.0736584926640907,0.054213129650594424
ergo_adaptive,128.25,0.0729998646440215,0.05406228020166158
ergo_adaptive,128.33333333333337,0.07259055042330641,0.05390166256576309
ergo_adaptive,128.41666666666663,0.07001035385081769,0.05379430930379062
ergo_adaptive,128.5,0.0683316201458963,0.05371575251729707
ergo_adaptive,128.58333333333337,0.06835289269610087,0.05364500875738895
ergo_adaptive,128.66666666666663,0.06655453126195406,0.0536043770946306
ergo_adaptive,128.75,0.06928351280892742,0.053620322471487715
ergo_adaptive,128.83333333333337,0.06864274693643223,0.05364855935954407
ergo_adaptive,128.91666666666663,0.06948519392128014,0.0536608489681935
ergo_adaptive,129.0,0.06683699621746603,0.05366541129803003
ergo_adaptive,129.08333333333337,0.06496178618129013,0.05368189646375046
ergo_adaptive,129.16666666666663,0.06631483781695446,0.053724612082403894
ergo_adaptive,129.25,0.06694644659120917,0.05376575688383172
ergo_adaptive,129.33333333333337,0.06681712627486307,0.05378093710449096
ergo_adaptive,129.41666666666663,0.06719266074366143,0.05377995636230802
ergo_adaptive,129.5,0.06872809725746554,0.053799976028263814
ergo_adaptive,129.58333333333337,0.06913331443438508,0.0538239508574855
ergo_adaptive,129.66666666666663,0.06937719135080474,0.05377277221057735
ergo_adaptive,129.75,0.06816431914968508,0.053678850927006944
ergo_adaptive,129.83333333333337,0.06862310375788418,0.053600089882312775
ergo_adaptive,129.91666666666663,0.06911185595861116,0.05353985751843772
ergo_adaptive,130.0,0.06909642467980658,0.05347458239435361
ergo_adaptive,130.08333333333337,0.07001973448893677,0.053388742380450216
ergo_adaptive,130.16666666666663,0.07117337849468464,0.053287979473646524
ergo_adaptive,130.25,0.07087763943022132,0.05319767896659899
ergo_adaptive,130.33333333333337,0.07101040178333665,0.053142542478230935
ergo_adaptive,130.41666666666663,0.07029401024464002,0.053064828196760054
ergo_adaptive,130.5,0.07073483691893646,0.05293687439420225
ergo_adaptive,130.58333333333337,0.07304956119303789,0.05278580970978945
ergo_adaptive,130.66666666666663,0.07300519950986506,0.05265484696406022
ergo_adaptive,130.75,0.07315391825744717,0.0525299137783866
ergo_adaptive,130.83333333333337,0.07332032151787904,0.052375832808417386
ergo_adaptive,130.91666666666663,0.07218571883107171,0.052200581432867176
ergo_adaptive,131.0,0.07382868465394439,0.05203630144872232
ergo_adaptive,131.08333333333337,0.07275032541423314,0.05192392526338412
ergo_adaptive,131.16666666666663,0.07372496341534665,0.05186294829513268
ergo_adaptive,131.25,0.07401462163663117,0.05174530564057272
ergo_adaptive,131.33333333333337,0.07569026406750977,0.051553250521964133
ergo_adaptive,131.41666666666663,0.07434699846805387,0.051341978684809816
ergo_adaptive,131.5,0.07241673152455042,0.05115557271371046
ergo_adaptive,131.58333333333337,0.07328290929937448,0.05100012554144682
ergo_adaptive,131.66666666666663,0.07536264983759837,0.05087777322286967
ergo_adaptive,131.75,0.07592429397408015,0.05074502237364096
ergo_adaptive,131.83333333333337,0.07660156624093913,0.05058000796305846
ergo_adaptive,131.91666666666663,0.0755648791339677,0.050411399821697414
ergo_adaptive,132.0,0.07613327159240407,0.050257614800875774
ergo_adaptive,132.08333333333337,0.07555758392009113,0.050119876094842926
ergo_adaptive,132.16666666666663,0.07642299182225584,0.050032628555168754
ergo_adaptive,132.25,0.07681661613695588,0.04996965934175077
ergo_adaptive,132.33333333333337,0.07604284214751104,0.04989743173610164
ergo_adaptive,132.41666666666663,0.07485572488554243,0.04982771064267149
ergo_adaptive,132.5,0.07512827792950678,0.04977831794805978
ergo_adaptive,132.58333333333337,0.07453224320002037,0.04977572307061572
ergo_adaptive,132.66666666666663,0.07484880740094486,0.04982448595637141
ergo_adaptive,132.75,0.07476799590941155,0.049884690228524195
ergo_adaptive,132.83333333333337,0.07583208818353318,0.049910942608713996
ergo_adaptive,132.91666666666663,0.07604083505224447,0.049936095964651706
ergo_adaptive,133.0,0.07644575278321497,0.050008576193556024
ergo_adaptive,133.08333333333337,0.0760324255413008,0.050106795777066386
ergo_adaptive,133.16666666666663,0.07594220475664129,0.05017299535842264
ergo_adaptive,133.25,0.07536414468467123,0.0502208934131826
ergo_adaptive,133.33333333333337,0.07703311797492488,0.050304420672435686
ergo_adaptive,133.41666666666663,0.07715502344958945,0.05041197646264747
ergo_adaptive,133.5,0.07724690299121255,0.05051377205720175
ergo_adaptive,133.58333333333337,0.07771256802879925,0.05059646726526471
ergo_adaptive,133.66666666666663,0.07766719884250899,0.05068838123834978
ergo_adaptive,133.75,0.07764224656699907,0.050798785422271585
ergo_adaptive,133.83333333333337,0.07608051981742713,0.050912348867449095
ergo_adaptive,133.91666666666663,0.07619367103195586,0.050993919585568516
ergo_adaptive,134.0,0.07649358103375622,0.05105145548298238
ergo_adaptive,134.08333333333337,0.07594483931340626,0.051098726669252935
ergo_adaptive,134.16666666666663,0.07751471910569453,0.05113363190015079
ergo_adaptive,134.25,0.07627967338946406,0.05114110146630489
ergo_adaptive,134.33333333333337,0.07394692222412975,0.05114329905430561
ergo_adaptive,134.41666666666663,0.07544539228662483,0.05114429942870845
ergo_adaptive,134.5,0.07477399994019812,0.0511308761057171
ergo_adaptive,134.58333333333337,0.07760405218247662,0.051099984946802623
ergo_adaptive,134.66666666666663,0.07851593344064525,0.05105954954151611
ergo_adaptive,134.75,0.07993726549450632,0.051029951169299405
ergo_adaptive,134.83333333333337,0.07990740725616699,0.05101912814805488
ergo_adaptive,134.91666666666663,0.07874801993137433,0.05101153359666119
ergo_adaptive,135.0,0.07908527219111137,0.05099288293442767
ergo_adaptive,135.08333333333337,0.07988305001894383,0.050975458122770025
ergo_adaptive,135.16666666666663,0.08134916450837448,0.050974468256240656
ergo_adaptive,135.25,0.08349865706270469,0.050985596063787025
ergo_adaptive,135.33333333333337,0.08326188621143116,0.050984507935562584
ergo_adaptive,135.41666666666663,0.08106872236630099,0.05098335852134622
ergo_adaptive,135.5,0.08173750427218361,0.05101343619171229
ergo_adaptive,135.58333333333337,0.08257011171733843,0.05107459633535615
ergo_adaptive,135.66666666666663,0.08182709719856124,0.051093361076842134
ergo_adaptive,135.75,0.08163244377010999,0.05108525887525848
ergo_adaptive,135.83333333333337,0.08529263739819909,0.05109313463721979
ergo_adaptive,135.91666666666663,0.08584663007069496,0.051134614882135075
ergo_adaptive,136.0,0.08452408711980434,0.051165184777980266
ergo_adaptive,136.08333333333337,0.0837258376792926,0.05116565836121332
ergo_adaptive,136.16666666666663,0.08500411343047179,0.05116317130806067
ergo_adaptive,136.25,0.08538492912722931,0.05117849426909248
ergo_adaptive,136.33333333333337,0.08586221619612179,0.05120968443073001
ergo_adaptive,136.41666666666663,0.0851614797971593,0.05124229082336988
ergo_adaptive,136.5,0.08616905517290115,0.05127356792641023
ergo_adaptive,136.58333333333337,0.08757839882416035,0.05132083513903578
ergo_adaptive,136.66666666666663,0.08699218384259236,0.051420165901554904
ergo_adaptive,136.75,0.08637989739836126,0.05151619667880453
ergo_adaptive,136.83333333333337,0.08740521615929522,0.05156352220540987
ergo_adaptive,136.91666666666663,0.08543219912996525,0.05160408315127471
ergo_adaptive,137.0,0.08356623809255005,0.05167361845131382
ergo_adaptive,137.08333333333337,0.08466009936732721,0.05176083714565156
ergo_adaptive,137.16666666666663,0.08424940778055758,0.05187735855522205
ergo_adaptive,137.25,0.08615608849672972,0.052006739616631915
ergo_adaptive,137.33333333333337,0.08427093230942512,0.05215087739509898
ergo_adaptive,137.41666666666663,0.08362152022387251,0.05231298121387881
ergo_adaptive,137.5,0.08254172498240359,0.052487619109099465
ergo_adaptive,137.58333333333337,0.08360706056180416,0.05269338594770902
ergo_adaptive,137.66666666666663,0.08305309908217101,0.05290525121290588
ergo_adaptive,137.75,0.08482315475727167,0.05313128386873829
ergo_adaptive,137.83333333333337,0.08425033765285633,0.05335270045958427
ergo_adaptive,137.91666666666663,0.08452669602632004,0.05357133294614701
ergo_adaptive,138.0,0.08413157073851886,0.0537949270863713
ergo_adaptive,138.08333333333337,0.08514111209857794,0.05402272664458503
ergo_adaptive,138.16666666666663,0.08655596454899674,0.05423791738249838
ergo_adaptive,138.25,0.08716472063078634,0.05441372908755626
ergo_adaptive,138.33333333333337,0.08866537803626019,0.05453992883072954
ergo_adaptive,138.41666666666663,0.08746775977972535,0.054625128914226176
ergo_adaptive,138.5,0.08694763522919384,0.054688593379301015
ergo_adaptive,138.58333333333337,0.08542718606049408,0.05473362072154489
ergo_adaptive,138.66666666666663,0.08631583777288451,0.05475264127233125
ergo_adaptive,138.75,0.08523847525616454,0.0547507663838871
ergo_adaptive,138.83333333333337,0.08536810922579499,0.05474227656973407
ergo_adaptive,138.91666666666663,0.08647810744445159,0.05473722008381772
ergo_adaptive,139.0,0.08749392060146453,0.05472902385497458
ergo_adaptive,139.08333333333337,0.08809946536052884,0.05471010768097291
ergo_adaptive,139.16666666666663,0.08953155653474253,0.05469139712009272
ergo_adaptive,139.25,0.08928126748609955,0.05469371523943823
ergo_adaptive,139.33333333333337,0.09061493936614005,0.05470539674504469
ergo_adaptive,139.41666666666663,0.09130748240728234,0.05470158462149344
ergo_adaptive,139.5,0.09300751048440042,0.054690668343753364
ergo_adaptive,139.58333333333337,0.09358110730341705,0.054699700254998894
ergo_adaptive,139.66666666666663,0.09452010837429481,0.05473403652768397
ergo_adaptive,139.75,0.09334819073644153,0.054753461613151935
ergo_adaptive,139.83333333333337,0.09463899583751764,0.05476018727544392
ergo_adaptive,139.91666666666663,0.09453348661990746,0.05478936663266291
ergo_adaptive,140.0,0.09407967218318221,0.05486596246770434
ergo_adaptive,140.08333333333337,0.09628539064478502,0.05492837473630852
ergo_adaptive,140.16666666666663,0.09585969824179381,0.0549547205215654
ergo_adaptive,140.25,0.09550608680426934,0.05498589723897225
ergo_adaptive,140.33333333333337,0.09676093105899354,0.055075146466988266
ergo_adaptive,140.41666666666663,0.09685136904848193,0.055163190910886756
ergo_adaptive,140.5,0.09630664835741223,0.05519674524231793
ergo_adaptive,140.58333333333337,0.09722741734572751,0.055210603967586626
ergo_adaptive,140.66666666666663,0.09714448179113105,0.055256326397713544
ergo_adaptive,140.75,0.09685367380512327,0.055326637694175756
ergo_adaptive,140.83333333333337,0.09606339283094192,0.055355098009652666
ergo_adaptive,140.91666666666663,0.09650617010644824,0.05534625477373393
ergo_adaptive,141.0,0.09667067008194657,0.05534001476409189
ergo_adaptive,141.08333333333337,0.09572278840088855,0.05535218305085364
ergo_adaptive,141.16666666666663,0.09474855784830578,0.05537546573159686
ergo_adaptive,141.25,0.09525190902462306,0.055417791708540116
ergo_adaptive,141.33333333333337,0.09569275753180624,0.05548473932016246
ergo_adaptive,141.41666666666663,0.09371106674723878,0.05558263003734761
ergo_adaptive,141.5,0.09300481272002982,0.055727104044711005
ergo_adaptive,141.58333333333337,0.09258285830573006,0.05589530061931558
ergo_adaptive,141.66666666666663,0.09311263902919396,0.05607085450640593
ergo_adaptive,141.75,0.09433801061628032,0.05623900936812068
ergo_adaptive,141.83333333333337,0.0937258130688759,0.05640041119234048
ergo_adaptive,141.91666666666663,0.09405842268751113,0.0565670786824273
ergo_adaptive,142.0,0.0943224910459814,0.05672724914928318
ergo_adaptive,142.08333333333337,0.09514609068167396,0.05687116333684465
ergo_adaptive,142.16666666666663,0.09511426718551991,0.05699832104583263
ergo_adaptive,142.25,0.09459288375011561,0.05711727153956646
ergo_adaptive,142.33333333333337,0.09444252837868163,0.05723711524979563
ergo_adaptive,142.41666666666663,0.09331405005753964,0.05734957133475115
ergo_adaptive,142.5,0.09490189760804793,0.05744562788275259
ergo_adaptive,142.58333333333337,0.09424745091501693,0.057531854014882026
ergo_adaptive,142.66666666666663,0.09458944412970459,0.057633897688097215
ergo_adaptive,142.75,0.09542275105599925,0.05774043504699795
ergo_adaptive,142.83333333333337,0.0956254561708061,0.05782060850172693
ergo_adaptive,142.91666666666663,0.09558865881816066,0.057879216241641225
ergo_adaptive,143.0,0.09620134213536922,0.05794559973604701
ergo_adaptive,143.08333333333337,0.0955990715961975,0.05802942301236218
ergo_adaptive,143.16666666666663,0.09756772614074499,0.058092414762299746
ergo_adaptive,143.25,0.09859936475816028,0.05813056023145653
ergo_adaptive,143.33333333333337,0.09785122128793597,0.05816226543668302
ergo_adaptive,143.41666666666663,0.09846823140519184,0.05820260006270548
ergo_adaptive,143.5,0.09588273375716024,0.058253752912077066
ergo_adaptive,143.58333333333337,0.09789480948501796,0.058307111123775575
ergo_adaptive,143.66666666666663,0.10030558850530802,0.058355561628969974
ergo_adaptive,143.75,0.09996383889465088,0.05841883490493185
ergo_adaptive,143.83333333333337,0.09853259008417158,0.05850937918699669
ergo_adaptive,143.91666666666663,0.09879207381455503,0.05860091948488602
ergo_adaptive,144.0,0.09912702615621777,0.05868050274346438
ergo_adaptive,144.08333333333337,0.10209161661822079,0.0587584494649871
ergo_adaptive,144.16666666666663,0.10182561836523267,0.05885310232283834
ergo_adaptive,144.25,0.10175320196171077,0.05895657003585606
ergo_adaptive,144.33333333333337,0.09971124186945353,0.059053674267443505
ergo_adaptive,144.41666666666663,0.0993882647468818,0.05914571591121958
ergo_adaptive,144.5,0.10092750462181051,0.059240075946269996
ergo_adaptive,144.58333333333337,0.10155508629843006,0.059336644940245736
ergo_adaptive,144.66666666666663,0.10033167779601476,0.05942727593207851
ergo_adaptive,144.75,0.09899108273361493,0.059493603271377614
ergo_adaptive,144.83333333333337,0.09614711946629732,0.05954372026955706
ergo_adaptive,144.91666666666663,0.09379479870813279,0.05961062689458869
ergo_adaptive,145.0,0.09418282576098652,0.05970104138836174
ergo_adaptive,145.08333333333337,0.09497818786431886,0.059771373818281646
ergo_adaptive,145.16666666666663,0.09535712409315505,0.05982470442597215
ergo_adaptive,145.25,0.09732563897706331,0.05987753586060495
ergo_adaptive,145.33333333333337,0.09589269486368475,0.05994486452421492
ergo_adaptive,145.41666666666663,0.0958171981009204,0.06003062065815926
ergo_adaptive,145.5,0.09603470815006164,0.060121868209201935
ergo_adaptive,145.58333333333337,0.09258359289393735,0.06018912836558747
ergo_adaptive,145.66666666666663,0.09180842068332154,0.06023420457869111
ergo_adaptive,145.75,0.09139020178397522,0.06027876800809084
ergo_adaptive,145.83333333333337,0.09213908256107316,0.060325690822370846
ergo_adaptive,145.91666666666663,0.08947980997167346,0.06037067355149153
ergo_adaptive,146.0,0.0869841966743015,0.06041124353706493
ergo_adaptive,146.08333333333337,0.08425316915736997,0.060447100938854116
ergo_adaptive,146.16666666666663,0.08687189101560645,0.060478418944223546
ergo_adaptive,146.25,0.08641575180791823,0.06051376000131066
ergo_adaptive,146.33333333333337,0.08369034301167112,0.060533094113554724
ergo_adaptive,146.41666666666663,0.08596224501929794,0.060527503700676825
ergo_adaptive,146.5,0.08442773846441927,0.06051124094077729
ergo_adaptive,146.58333333333337,0.0835103356926671,0.060488400571481145
ergo_adaptive,146.66666666666663,0.08228294393111699,0.0604526437880029
ergo_adaptive,146.75,0.08106691717620855,0.06040555060078291
ergo_adaptive,146.83333333333337,0.08116859472818459,0.060348196854680534
ergo_adaptive,146.91666666666663,0.07975900363140546,0.06028531615973759
ergo_adaptive,147.0,0.07724403311942338,0.06024828940565963
ergo_adaptive,147.08333333333337,0.07810923442372437,0.060208009285697785
ergo_adaptive,147.16666666666663,0.07785273968393272,0.0601080631744336
ergo_adaptive,147.25,0.07680458745483262,0.05996850840895053
ergo_adaptive,147.33333333333337,0.07495107130008158,0.05982067146802595
ergo_adaptive,147.41666666666663,0.0756428791927359,0.059685257921187465
ergo_adaptive,147.5,0.07151026400414513,0.05955717109240093
ergo_adaptive,147.58333333333337,0.07168531792266247,0.059419034106112684
ergo_adaptive,147.66666666666663,0.07278750108069625,0.05926790999823581
ergo_adaptive,147.75,0.07033263202264302,0.059121729510172555
ergo_adaptive,147.83333333333337,0.07176367857777165,0.05902014133714073
ergo_adaptive,147.91666666666663,0.07391372621651644,0.05893988509407824
ergo_adaptive,148.0,0.07467986471312037,0.05881486583075901
ergo_adaptive,148.08333333333337,0.07249483978941351,0.058657525812726305
ergo_adaptive,148.16666666666663,0.0730054763383456,0.05852210408697076
ergo_adaptive,148.25,0.07242128669190434,0.05839834695345804
ergo_adaptive,148.33333333333337,0.07070630486228112,0.05826117535542798
ergo_adaptive,148.41666666666663,0.07106668038791944,0.05813395875674366
ergo_adaptive,148.5,0.07271360555450726,0.058025099814138704
ergo_adaptive,148.58333333333337,0.07000941429750919,0.05792651597966248
ergo_adaptive,148.66666666666663,0.07239328450842868,0.05784767470455375
ergo_adaptive,148.75,0.0757546104869217,0.05776232522951284
ergo_adaptive,148.83333333333337,0.07675947401638852,0.05766606084152984
ergo_adaptive,148.91666666666663,0.0772387653759572,0.05757952005688748
ergo_adaptive,149.0,0.07537310350274602,0.057492286113647824
ergo_adaptive,149.08333333333337,0.0744817293093256,0.057391587743477
ergo_adaptive,149.16666666666663,0.0740745389840765,0.05728266836825266
ergo_adaptive,149.25,0.0724186717888949,0.05717967608993334
ergo_adaptive,149.33333333333337,0.0702949982778973,0.05710028697861617
ergo_adaptive,149.41666666666663,0.06956284808655014,0.057072435680246295
ergo_adaptive,149.5,0.06805973498559054,0.05706355542691181
ergo_adaptive,149.58333333333337,0.06866682486913366,0.05699547271859594
ergo_adaptive,149.66666666666663,0.069253541847305,0.05689637649360559
ergo_adaptive,149.75,0.06931521140861079,0.056823979115844574
ergo_adaptive,149.83333333333337,0.06876092456909519,0.056781148674199845
ergo_adaptive,149.91666666666663,0.0681119981804674,0.056709504362074156
ergo_adaptive,150.0,0.0667126548673827,0.05660553811884271
ergo_adaptive,150.08333333333337,0.06615108731254947,0.056503279256467163
ergo_adaptive,150.16666666666663,0.06643617621726002,0.05643117404550133
ergo_adaptive,150.25,0.06651422676617433,0.056355587512039854
ergo_adaptive,150.33333333333337,0.06480739896002795,0.05625352896935185
ergo_adaptive,150.41666666666663,0.06457281450958552,0.056140075738949295
ergo_adaptive,150.5,0.06671729598084453,0.05604089489170335
ergo_adaptive,150.58333333333337,0.06559118834765508,0.05595009650275441
ergo_adaptive,150.66666666666663,0.06505898816485366,0.05583554875746529
ergo_adaptive,150.75,0.06546574576563707,0.05569599614094927
ergo_adaptive,150.83333333333337,0.065423870186841,0.05556355831143813
ergo_adaptive,150.91666666666663,0.06746346604135928,0.05545440495310051
ergo_adaptive,151.0,0.06663984846724884,0.055326757451554236
ergo_adaptive,151.08333333333337,0.06513705837982353,0.05516141731398802
ergo_adaptive,151.16666666666663,0.06572616764606737,0.055002394936608225
ergo_adaptive,151.25,0.06754587320553082,0.05487967528519524
ergo_adaptive,151.33333333333337,0.06531610194141446,0.05474626476652343
ergo_adaptive,151.41666666666663,0.06679231206752613,0.0545525497776291
ergo_adaptive,151.5,0.06531075289683852,0.054339225662122
ergo_adaptive,151.58333333333337,0.06621293339505198,0.0541785357783196
ergo_adaptive,151.66666666666663,0.06677546699261329,0.05405345051732611
ergo_adaptive,151.75,0.07055645965985977,0.05383208362940339
ergo_adaptive,151.83333333333337,0.07297522641622854,0.05356893256598138
ergo_adaptive,151.91666666666663,0.07332926977335562,0.05333410614611458
ergo_adaptive,152.0,0.07341286365835156,0.05315475851971672
ergo_adaptive,152.08333333333337,0.0741964322855521,0.052946217915569735
ergo_adaptive,152.16666666666663,0.07537214479847966,0.05267911725995475
ergo_adaptive,152.25,0.07481094160020217,0.05241263487155275
ergo_adaptive,152.33333333333337,0.07617166700749554,0.05219649940416859
ergo_adaptive,152.41666666666663,0.07651961242730435,0.051985160758186766
ergo_adaptive,152.5,0.07611073523341358,0.05173955671149002
ergo_adaptive,152.58333333333337,0.07672010531050316,0.0514779679050201
ergo_adaptive,152.66666666666663,0.07679081972516942,0.05124103916544685
ergo_adaptive,152.75,0.07766661467008393,0.051027690265339695
ergo_adaptive,152.83333333333337,0.07805973144766414,0.05080951159557994
ergo_adaptive,152.91666666666663,0.07867511482460736,0.05057518710306077
ergo_adaptive,153.0,0.07728103757874392,0.050352013639284626
ergo_adaptive,153.08333333333337,0.07714405895572717,0.050156933914157396
ergo_adaptive,153.16666666666663,0.07844604534150057,0.049969942880323207
ergo_adaptive,153.25,0.07955753916258701,0.04976653745933535
ergo_adaptive,153.33333333333337,0.0788712146606696,0.04956215212443857
ergo_adaptive,153.41666666666663,0.07876842952496538,0.04940416355240946
ergo_adaptive,153.5,0.07930764329210693,0.04929169629048279
ergo_adaptive,153.58333333333337,0.07883432663438651,0.049125226260022796
ergo_adaptive,153.66666666666663,0.08008846287098358,0.04890851725225075
ergo_adaptive,153.75,0.07973723244930117,0.04871305210559691
ergo_adaptive,153.83333333333337,0.07932068281928464,0.04856209358681844
ergo_adaptive,153.91666666666663,0.07964340564552298,0.0484086101233557
ergo_adaptive,154.0,0.0784721385525867,0.04823825511347432
ergo_adaptive,154.08333333333337,0.07775492432745096,0.048079125807697576
ergo_adaptive,154.16666666666663,0.0769793460522957,0.04796263734117797
ergo_adaptive,154.25,0.07615788766659175,0.047926613896901185
ergo_adaptive,154.33333333333337,0.07653591905910472,0.04794184065193021
ergo_adaptive,154.41666666666663,0.07508546259231129,0.04788804474362612
ergo_adaptive,154.5,0.07500397541541594,0.04779747177256183
ergo_adaptive,154.58333333333337,0.07456233576986936,0.047719266431033434
ergo_adaptive,154.66666666666663,0.07328542587977761,0.04769069557005745
ergo_adaptive,154.75,0.0724546502561895,0.04770894909484539
ergo_adaptive,154.83333333333337,0.07307600650224921,0.04781241857021965
ergo_adaptive,154.91666666666663,0.07197835037711621,0.047951559431543306
ergo_adaptive,155.0,0.0726570186396081,0.048174146874259575
ergo_adaptive,155.08333333333337,0.07272354186243482,0.0484201849151979
ergo_adaptive,155.16666666666663,0.07476466931626452,0.04864124280884263
ergo_adaptive,155.25,0.07413617879405014,0.048832478966756354
ergo_adaptive,155.33333333333337,0.07389522252611008,0.04899731105581437
ergo_adaptive,155.41666666666663,0.07583826921499255,0.04913707585420938
ergo_adaptive,155.5,0.07599634348513057,0.04924464439477043
ergo_adaptive,155.58333333333337,0.07442664125312345,0.04932145090827065
ergo_adaptive,155.66666666666663,0.0743888974893647,0.04938476832300144
ergo_adaptive,155.75,0.07512788913466732,0.04945717125965968
ergo_adaptive,155.83333333333337,0.07518032463064439,0.04952984638901926
ergo_adaptive,155.91666666666663,0.07423041657036826,0.04959026570490508
ergo_adaptive,156.0,0.07439292812118453,0.04964458540546397
ergo_adaptive,156.08333333333337,0.07372177319568053,0.049715091077258036
ergo_adaptive,156.16666666666663,0.0742380009647525,0.04981034989046026
ergo_adaptive,156.25,0.07549637638965914,0.04989509950132711
ergo_adaptive,156.33333333333337,0.07564171263611537,0.0499687216927405
ergo_adaptive,156.41666666666663,0.07413851366001387,0.050074429020956615
ergo_adaptive,156.5,0.07328697853175163,0.05022171282762457
ergo_adaptive,156.58333333333337,0.07243444406086912,0.05035246250955141
ergo_adaptive,156.66666666666663,0.07278055162594375,0.050495892555539774
ergo_adaptive,156.75,0.07369390236016814,0.050657381189783246
ergo_adaptive,156.83333333333337,0.07255208041130423,0.05084484714967574
ergo_adaptive,156.91666666666663,0.07217992049979385,0.05104370874899676
ergo_adaptive,157.0,0.07109881282357852,0.051246711112192
ergo_adaptive,157.08333333333337,0.0708005604929093,0.05146459238830592
ergo_adaptive,157.16666666666663,0.0713016329361897,0.05170491190671615
ergo_adaptive,157.25,0.07133877011986135,0.051955249472400385
ergo_adaptive,157.33333333333337,0.07009766560201998,0.052199828370453075
ergo_adaptive,157.41666666666663,0.06865933788877496,0.05245184914200763
ergo_adaptive,157.5,0.06944857495120108,0.05272665552291795
ergo_adaptive,157.58333333333337,0.06982035654383785,0.05300574893355594
ergo_adaptive,157.66666666666663,0.07024683447028784,0.05327481102940469
ergo_adaptive,157.75,0.07121562265836767,0.0535133133852072
ergo_adaptive,157.83333333333337,0.07255428237656719,0.05371168555069134
ergo_adaptive,157.91666666666663,0.07247553316312427,0.05387644075642802
ergo_adaptive,158.0,0.07261456728328804,0.05402808326613376
ergo_adaptive,158.08333333333337,0.072705444794068,0.05415200052212603
ergo_adaptive,158.16666666666663,0.07367889550726422,0.05422842068426558
ergo_adaptive,158.25,0.07446590690575042,0.0542683770533812
ergo_adaptive,158.33333333333337,0.07627926417049084,0.054300641510448305
ergo_adaptive,158.41666666666663,0.07717850349628981,0.054331479705308654
ergo_adaptive,158.5,0.07800347907850688,0.05432226523548779
ergo_adaptive,158.58333333333337,0.07920094058834645,0.05428368025838425
ergo_adaptive,158.66666666666663,0.07782976584920276,0.05424627976555228
ergo_adaptive,158.75,0.07669702600216544,0.05421806974997771
ergo_adaptive,158.83333333333337,0.07735147921735022,0.054156646441869696
ergo_adaptive,158.91666666666663,0.07807028476687475,0.054047290596291146
ergo_adaptive,159.0,0.08062047141671431,0.053910898677100846
ergo_adaptive,159.08333333333337,0.07807114968774953,0.05376837290364556
ergo_adaptive,159.16666666666663,0.0776128135909711,0.05360927227705497
ergo_adaptive,159.25,0.07868642132151285,0.05342657704679674
ergo_adaptive,159.33333333333337,0.07804415418650763,0.05322987106102572
ergo_adaptive,159.41666666666663,0.07813806687542173,0.05305545869546223
ergo_adaptive,159.5,0.07741393491247649,0.052950948396439754
ergo_adaptive,159.58333333333337,0.0772067741092476,0.05285535996579237
ergo_adaptive,159.66666666666663,0.07882738375520552,0.052698735511891893
ergo_adaptive,159.75,0.08186882021199107,0.05251686585263247
ergo_adaptive,159.83333333333337,0.08041007114446967,0.05235121745212265
ergo_adaptive,159.91666666666663,0.08104092849994404,0.05219956252659485
ergo_adaptive,160.0,0.07989230056413638,0.052034692340642126
ergo_adaptive,160.08333333333337,0.08084784895124075,0.05184838883986273
ergo_adaptive,160.16666666666663,0.08119864834929034,0.051658094572576786
ergo_adaptive,160.25,0.07994380527623181,0.05150400448041186
ergo_adaptive,160.33333333333337,0.08052642791240172,0.05139313693168525
ergo_adaptive,160.41666666666663,0.08027153813085634,0.05122640373772833
ergo_adaptive,160.5,0.08028831043221209,0.051002795111723224
ergo_adaptive,160.58333333333337,0.08104363989994247,0.050815953535169836
ergo_adaptive,160.66666666666663,0.08114074192091356,0.050711068402548035
ergo_adaptive,160.75,0.08032031951861442,0.05055400882491903
ergo_adaptive,160.83333333333337,0.07861351715976131,0.05032728747568623
ergo_adaptive,160.91666666666663,0.07998236933356793,0.05012872539205478
ergo_adaptive,161.0,0.0779202251068998,0.0500144315936734
ergo_adaptive,161.08333333333337,0.07798219211418393,0.049925623742399984
ergo_adaptive,161.16666666666663,0.07548464027905608,0.04978366590566465
ergo_adaptive,161.25,0.07504348970091829,0.04964592911555164
ergo_adaptive,161.33333333333337,0.07498710157125005,0.04958399071997084
ergo_adaptive,161.41666666666663,0.07406709588830127,0.04959202008039039
ergo_adaptive,161.5,0.07536426264481101,0.04957345995581708
ergo_adaptive,161.58333333333337,0.07365627351526503,0.049539805226852446
ergo_adaptive,161.66666666666663,0.07409963379648474,0.049532941136411074
ergo_adaptive,161.75,0.07453071658521579,0.049573446223886694
ergo_adaptive,161.83333333333337,0.07416990259300336,0.04962417701780892
ergo_adaptive,161.91666666666663,0.07489509088678883,0.0496868594469885
ergo_adaptive,162.0,0.07401072328415624,0.049772656926393134
ergo_adaptive,162.08333333333337,0.07315605994278168,0.04988204950964994
ergo_adaptive,162.16666666666663,0.07341175918668932,0.0500339732889164
ergo_adaptive,162.25,0.07254608187887496,0.0502121317489874
ergo_adaptive,162.33333333333337,0.07243968220768053,0.05040451111183556
ergo_adaptive,162.41666666666663,0.07219534536641976,0.050612636273759525
ergo_adaptive,162.5,0.07218354833342801,0.05084097293606274
ergo_adaptive,162.58333333333337,0.07132821829955613,0.05108593967849962
ergo_adaptive,162.66666666666663,0.0708668676517365,0.05134988164203685
ergo_adaptive,162.75,0.07035249464916073,0.05162912844921108
ergo_adaptive,162.83333333333337,0.07055173012411349,0.051913105549511195
ergo_adaptive,162.91666666666663,0.07052771946608477,0.05219972925505953
ergo_adaptive,163.0,0.07032244570051013,0.052490464454634976
ergo_adaptive,163.08333333333337,0.06977111160466266,0.05278721184963228
ergo_adaptive,163.16666666666663,0.06905427420000101,0.053091896992802284
ergo_adaptive,163.25,0.0687973363585167,0.05339858186797476
ergo_adaptive,163.33333333333337,0.06887764448193862,0.05370058540907422
ergo_adaptive,163.41666666666663,0.06879621695726347,0.05399574321899331
ergo_adaptive,163.5,0.06880121683054205,0.054281453898673636
ergo_adaptive,163.58333333333337,0.06982630647148218,0.054556742373114454
ergo_adaptive,163.66666666666663,0.06932341337417891,0.05482237067707974
ergo_adaptive,163.75,0.06883379963945611,0.05508274746548806
ergo_adaptive,163.83333333333337,0.06872938817355931,0.055337958900226976
ergo_adaptive,163.91666666666663,0.06944166623745342,0.055581278884523425
ergo_adaptive,164.0,0.07020544796344733,0.055808618165575745
ergo_adaptive,164.08333333333337,0.07055349285577175,0.05602884313752177
ergo_adaptive,164.16666666666663,0.07046588274163097,0.056250587806275135
ergo_adaptive,164.25,0.06977622514061171,0.056463357023885524
ergo_adaptive,164.33333333333337,0.06872524286064757,0.0566449679055498
ergo_adaptive,164.41666666666663,0.0690043024455907,0.05680413270228699
ergo_adaptive,164.5,0.06895159679478971,0.056953703454338464
ergo_adaptive,164.58333333333337,0.0698151206317863,0.05709162492027874
ergo_adaptive,164.66666666666663,0.06969225639134224,0.057206798701340274
ergo_adaptive,164.75,0.07098398624753482,0.05729347346184326
ergo_adaptive,164.83333333333337,0.07044252110090192,0.05736383034689304
ergo_adaptive,164.91666666666663,0.0703559355128695,0.05743053547885841
ergo_adaptive,165.0,0.0710953908526766,0.05751999651002817
ergo_adaptive,165.08333333333337,0.0727214423240287,0.057569159732096996
ergo_adaptive,165.16666666666663,0.07241707323287377,0.05753569484603207
ergo_adaptive,165.25,0.0725774830825598,0.05744641480890714
ergo_adaptive,165.33333333333337,0.07216765177925842,0.057338620356794705
ergo_adaptive,165.41666666666663,0.0740452313934036,0.05723446737168651
ergo_adaptive,165.5,0.07454703341353604,0.057165385183576355
ergo_adaptive,165.58333333333337,0.07091169566267493,0.05704621317635753
ergo_adaptive,165.66666666666663,0.07271644608275467,0.05679591795996884
ergo_adaptive,165.75,0.0748662777302666,0.05645404627649028
ergo_adaptive,165.83333333333337,0.07506247048229242,0.05608033769003891
ergo_adaptive,165.91666666666663,0.07398660396816964,0.055729217619329655
ergo_adaptive,166.0,0.07626372998580008,0.05543756393690097
ergo_adaptive,166.08333333333337,0.07499555784106915,0.055180147583092344
ergo_adaptive,166.16666666666663,0.07502101070721813,0.05491978224567543
ergo_adaptive,166.25,0.07403991092615125,0.05467979822062994
ergo_adaptive,166.33333333333337,0.0752540950644496,0.054483261804009316
ergo_adaptive,166.41666666666663,0.07609540059806966,0.054320763946208724
ergo_adaptive,166.5,0.07804911370054818,0.054176673085289506
ergo_adaptive,166.58333333333337,0.07749536987029743,0.054040045022115006
ergo_adaptive,166.66666666666663,0.07882524002572391,0.053892596270845264
ergo_adaptive,166.75,0.08028451647306184,0.053742053532264335
ergo_adaptive,166.83333333333337,0.07889575706674004,0.053601277288583125
ergo_adaptive,166.91666666666663,0.0810472497920239,0.053448634416527245
ergo_adaptive,167.0,0.08163861943408884,0.05327996240122476
ergo_adaptive,167.08333333333337,0.0826810956912961,0.053109197161058976
ergo_adaptive,167.16666666666663,0.08083010381004861,0.05293982658107025
ergo_adaptive,167.25,0.07984140952259774,0.05278317106184992
ergo_adaptive,167.33333333333337,0.077273024701757,0.05264528077367869
ergo_adaptive,167.41666666666663,0.07733675069455803,0.05248579745106469
ergo_adaptive,167.5,0.07713830258803468,0.052307490347184286
ergo_adaptive,167.58333333333337,0.07987099777410982,0.05213364607286988
ergo_adaptive,167.66666666666663,0.07859706350355793,0.05198067954496463
ergo_adaptive,167.75,0.08020798734806148,0.051853224385623294
ergo_adaptive,167.83333333333337,0.0839582917080646,0.05174725377622907
ergo_adaptive,167.91666666666663,0.08161568764727087,0.05164319835636172
ergo_adaptive,168.0,0.08331670842447028,0.05154524514661382
ergo_adaptive,168.08333333333337,0.08133330641911778,0.051476397822924014
ergo_adaptive,168.16666666666663,0.07881744591523039,0.051437760435691836
ergo_adaptive,168.25,0.07772870297659805,0.05142206618943239
ergo_adaptive,168.33333333333337,0.07564714049941393,0.051430699668632986
ergo_adaptive,168.41666666666663,0.07532068236846325,0.051463301280821105
ergo_adaptive,168.5,0.07462400841076283,0.05152901908785553
ergo_adaptive,168.58333333333337,0.07658444921868825,0.05163387535132221
ergo_adaptive,168.66666666666663,0.07371160573467178,0.051740608093535395
ergo_adaptive,168.75,0.07411886846312205,0.051822293793702
ergo_adaptive,168.83333333333337,0.07309878291811481,0.05189144739583035
ergo_adaptive,168.91666666666663,0.07068705824459122,0.05196767594465673
ergo_adaptive,169.0,0.07204238129879302,0.05206695763666087
ergo_adaptive,169.08333333333337,0.07106736381711011,0.052202560884104715
ergo_adaptive,169.16666666666663,0.06713269765292597,0.052318404304688544
ergo_adaptive,169.25,0.06630108627219193,0.052384477016725196
ergo_adaptive,169.33333333333337,0.06638376219648001,0.052432092257209566
ergo_adaptive,169.41666666666663,0.06471182230498478,0.05248969901369607
ergo_adaptive,169.5,0.0663879945573292,0.052565200801440795
ergo_adaptive,169.58333333333337,0.06593071560507187,0.05267096443607641
ergo_adaptive,169.66666666666663,0.06594724568643634,0.052760209834916576
ergo_adaptive,169.75,0.06236316636822177,0.05279561249616575
ergo_adaptive,169.83333333333337,0.06379042891510453,0.05280373405025833
ergo_adaptive,169.91666666666663,0.06483619864875342,0.05281149897077574
ergo_adaptive,170.0,0.0628350612525128,0.052829160489318086
ergo_adaptive,170.08333333333337,0.06304424921671747,0.05285060084630032
ergo_adaptive,170.16666666666663,0.06246303604282711,0.05285611722857091
ergo_adaptive,170.25,0.06395978860477672,0.05284715602236976
ergo_adaptive,170.33333333333337,0.062277559666715034,0.05285228617586567
ergo_adaptive,170.41666666666663,0.0625775162192242,0.05289628722546819
ergo_adaptive,170.5,0.059704496375127585,0.052889418430711085
ergo_adaptive,170.58333333333337,0.062258943551193824,0.052822872764293406
ergo_adaptive,170.66666666666663,0.06146229635773066,0.0527358163707919
ergo_adaptive,170.75,0.06144676223936764,0.05265851346288291
ergo_adaptive,170.83333333333337,0.060899143584575655,0.05258652255492028
ergo_adaptive,170.91666666666663,0.06211926430265544,0.0524975988388173
ergo_adaptive,171.0,0.061868438488044276,0.05237984519553039
ergo_adaptive,171.08333333333337,0.062158238699721965,0.05225766277593496
ergo_adaptive,171.16666666666663,0.06149260045841069,0.05214826110000616
ergo_adaptive,171.25,0.060834337577362896,0.05204254659862161
ergo_adaptive,171.33333333333337,0.06166598208029238,0.05191837270631419
ergo_adaptive,171.41666666666663,0.06510383836883119,0.05177092606692902
ergo_adaptive,171.5,0.06440139719561014,0.0516486544402035
ergo_adaptive,171.58333333333337,0.06671764400487404,0.0515336233612717
ergo_adaptive,171.66666666666663,0.0656439504596299,0.05134314152970203
ergo_adaptive,171.75,0.06793591229471109,0.0511013235476901
ergo_adaptive,171.83333333333337,0.06817423677181313,0.05088169663848336
ergo_adaptive,171.91666666666663,0.07141067500831098,0.05070081084697011
ergo_adaptive,172.0,0.07256673778647489,0.050475590249790134
ergo_adaptive,172.08333333333337,0.07537503385815865,0.05019559135186322
ergo_adaptive,172.16666666666663,0.07801976200053373,0.04992738008063465
ergo_adaptive,172.25,0.07984142115824655,0.04970424483276129
ergo_adaptive,172.33333333333337,0.08334037740206444,0.04946634791315823
ergo_adaptive,172.41666666666663,0.08492583784675668,0.04917012410971759
ergo_adaptive,172.5,0.08451150283371657,0.048861289138790086
ergo_adaptive,172.58333333333337,0.08794103436142571,0.0486050893544293
ergo_adaptive,172.66666666666663,0.08685497293510229,0.048366120363562214
ergo_adaptive,172.75,0.09054827655003059,0.048092395430890576
ergo_adaptive,172.83333333333337,0.09444457143227342,0.047795240052688266
ergo_adaptive,172.91666666666663,0.09462183719991403,0.0475232574921314
ergo_adaptive,173.0,0.09428088000920098,0.047288899890037435
ergo_adaptive,173.08333333333337,0.09574477805815915,0.047053220916455425
ergo_adaptive,173.16666666666663,0.09673781664034935,0.046789538075300605
ergo_adaptive,173.25,0.09973341940231945,0.046540843157367624
ergo_adaptive,173.33333333333337,0.09974269949674547,0.04633817518480991
ergo_adaptive,173.41666666666663,0.09943776400133501,0.04614727880198865
ergo_adaptive,173.5,0.09925666817574534,0.045936597158732134
ergo_adaptive,173.58333333333337,0.10059914658575277,0.045731739343864285
ergo_adaptive,173.66666666666663,0.10096662840721374,0.045584060348663996
ergo_adaptive,173.75,0.09969249882489073,0.04547827601298572
ergo_adaptive,173.83333333333337,0.10148917529259162,0.04535795632826361
ergo_adaptive,173.91666666666663,0.1015048117345121,0.04522312367751936
ergo_adaptive,174.0,0.10194907409740916,0.0451414408748908
ergo_adaptive,174.08333333333337,0.10188377807291912,0.04513975744238778
ergo_adaptive,174.16666666666663,0.10025431067236726,0.045121580259856416
ergo_adaptive,174.25,0.09935452482098503,0.04507174001945164
ergo_adaptive,174.33333333333337,0.0981533741756531,0.04505686701845076
ergo_adaptive,174.41666666666663,0.09891262394109962,0.04513714155015579
ergo_adaptive,174.5,0.09862296999157848,0.045235373672210526
ergo_adaptive,174.58333333333337,0.09723165975955055,0.045319793934383575
ergo_adaptive,174.66666666666663,0.09726059588410277,0.045464086171392463
ergo_adaptive,174.75,0.09682683348267972,0.045672296488503954
ergo_adaptive,174.83333333333337,0.0954104810819997,0.04590384321988657
ergo_adaptive,174.91666666666663,0.09491169675014774,0.04616230867744677
ergo_adaptive,175.0,0.09477381293184214,0.046438060034803864
ergo_adaptive,175.08333333333337,0.09383358723045788,0.0467231903273887
ergo_adaptive,175.16666666666663,0.09327360546588691,0.047012735219662254
ergo_adaptive,175.25,0.09381459780469327,0.04730559422310783
ergo_adaptive,175.33333333333337,0.09286172028308676,0.047595304792759724
ergo_adaptive,175.41666666666663,0.09242129146467593,0.047897803124149284
ergo_adaptive,175.5,0.09226108641090454,0.04820222422599035
ergo_adaptive,175.58333333333337,0.09209332638993634,0.048492120676206424
ergo_adaptive,175.66666666666663,0.09095456823073485,0.04877700454874401
ergo_adaptive,175.75,0.09133858144292788,0.049070210324795985
ergo_adaptive,175.83333333333337,0.0919911446177838,0.04935203308280619
ergo_adaptive,175.91666666666663,0.09150992384417855,0.04962625989121357
ergo_adaptive,176.0,0.09123166510535603,0.0499013732091396
ergo_adaptive,176.08333333333337,0.09234123186754034,0.05017626843919205
ergo_adaptive,176.16666666666663,0.0924171708449755,0.050450812651605836
ergo_adaptive,176.25,0.0937243591595014,0.0507226031069199
ergo_adaptive,176.33333333333337,0.0936663425538072,0.05099208106217178
ergo_adaptive,176.41666666666663,0.09295188187281697,0.05125884704678776
ergo_adaptive,176.5,0.09256484947764017,0.05152146162855167
ergo_adaptive,176.58333333333337,0.09183115531301442,0.051779345526349455
ergo_adaptive,176.66666666666663,0.09390993176115675,0.05201991133709457
ergo_adaptive,176.75,0.09390135168422081,0.05227638004769572
ergo_adaptive,176.83333333333337,0.09506950685189447,0.05253155540606713
ergo_adaptive,176.91666666666663,0.09508767271328257,0.052783979905004746
ergo_adaptive,177.0,0.09502514283436911,0.05303349504145144
ergo_adaptive,177.08333333333337,0.09561764697208164,0.053279461960540765
ergo_adaptive,177.16666666666663,0.09528029487892221,0.053522063668324585
ergo_adaptive,177.25,0.09667752491148249,0.0537618337441084
ergo_adaptive,177.33333333333337,0.09634959879634054,0.0539993635841057
ergo_adaptive,177.41666666666663,0.0955794837399925,0.05423414894218383
ergo_adaptive,177.5,0.09543774006644953,0.05446650874101777
ergo_adaptive,177.58333333333337,0.09516891098644131,0.0546964189119831
ergo_adaptive,177.66666666666663,0.09454536596658832,0.054924786619510876
ergo_adaptive,177.75,0.09510041756940973,0.055131908232019786
ergo_adaptive,177.83333333333337,0.09532028418727488,0.05528562000886309
ergo_adaptive,177.91666666666663,0.09603480448642013,0.05540097399287372
ergo_adaptive,178.0,0.09735038491669908,0.05549561455083154
ergo_adaptive,178.08333333333337,0.09742093724629217,0.05557559237443215
ergo_adaptive,178.16666666666663,0.0964874800688428,0.055665496924134035
ergo_adaptive,178.25,0.09487438111026096,0.055776553772097726
ergo_adaptive,178.33333333333337,0.09355061057384884,0.055895378528216
ergo_adaptive,178.41666666666663,0.0930785544621343,0.05600438436206269
ergo_adaptive,178.5,0.09262027624504231,0.056103722516564695
ergo_adaptive,178.58333333333337,0.09298046640706789,0.056204615921446426
ergo_adaptive,178.66666666666663,0.09320785635881843,0.05631814385417082
ergo_adaptive,178.75,0.09401112830643497,0.05643678217596285
ergo_adaptive,178.83333333333337,0.09379041586499716,0.05654659287761181
ergo_adaptive,178.91666666666663,0.09221788619479922,0.05665805235389763
ergo_adaptive,179.0,0.09192030903802685,0.056779754418385356
ergo_adaptive,179.08333333333337,0.09106617033890464,0.05690413627898174
ergo_adaptive,179.16666666666663,0.09082671082202756,0.05701968451652454
ergo_adaptive,179.25,0.09008230607505123,0.05713800644048083
ergo_adaptive,179.33333333333337,0.08864050214577737,0.05729888927775281
ergo_adaptive,179.41666666666663,0.08885197851186034,0.05751261259384609
ergo_adaptive,179.5,0.09054102865495263,0.05772542089437772
ergo_adaptive,179.58333333333337,0.09225050029882838,0.05793027233760012
ergo_adaptive,179.66666666666663,0.09244887188652058,0.058108901832938056
ergo_adaptive,179.75,0.09238824013892134,0.05823745003676344
ergo_adaptive,179.83333333333337,0.0920446149134053,0.05832423381552438
ergo_adaptive,179.91666666666663,0.09445436503822155,0.05839833702066595
ergo_adaptive,180.0,0.09565355640521706,0.058466268746153675
ergo_adaptive,180.08333333333337,0.0959061209131565,0.05853559527503449
ergo_adaptive,180.16666666666663,0.0959929454845845,0.05859471923154685
ergo_adaptive,180.25,0.09692354142705202,0.05861939003019675
ergo_adaptive,180.33333333333337,0.09859134453782553,0.05861445807489912
ergo_adaptive,180.41666666666663,0.0993125190124924,0.05860121340239996
ergo_adaptive,180.5,0.09956657919047927,0.05858331149702971
ergo_adaptive,180.58333333333337,0.100619954632061,0.05855882218548677
ergo_adaptive,180.66666666666663,0.10234259510806999,0.05853738934600588
ergo_adaptive,180.75,0.1040759519071483,0.05853395385785263
ergo_adaptive,180.83333333333337,0.10319773499972898,0.058579197763252336
ergo_adaptive,180.91666666666663,0.10182828511063304,0.05864993847504761
ergo_adaptive,181.0,0.10157668512956777,0.05870646653761187
ergo_adaptive,181.08333333333337,0.1022557483488155,0.058749025211136834
ergo_adaptive,181.16666666666663,0.10291835383336957,0.05879418602113052
ergo_adaptive,181.25,0.10294435765321794,0.058855231363062796
ergo_adaptive,181.33333333333337,0.10330388491757159,0.058917854125500525
ergo_adaptive,181.41666666666663,0.10345368500480616,0.058964211300916364
ergo_adaptive,181.5,0.10194532692177298,0.05900401801900116
ergo_adaptive,181.58333333333337,0.10294974958908759,0.05906590292034789
ergo_adaptive,181.66666666666663,0.1022244409702147,0.059137593661731346
ergo_adaptive,181.75,0.10332196589964414,0.05919988379687848
ergo_adaptive,181.83333333333337,0.10135919215067558,0.05922872220644739
ergo_adaptive,181.91666666666663,0.10148067577405276,0.059288565970409456
ergo_adaptive,182.0,0.10212640383202472,0.05941671867989315
ergo_adaptive,182.08333333333337,0.1026220372868197,0.059609282942409296
ergo_adaptive,182.16666666666663,0.102739791035035,0.05979047619818862
ergo_adaptive,182.25,0.10166417023884604,0.059990318023104484
ergo_adaptive,182.33333333333337,0.10340374807920263,0.060160437822138424
ergo_adaptive,182.41666666666663,0.10327089479842604,0.06035650536563571
ergo_adaptive,182.5,0.10252574575744146,0.060536296856548606
ergo_adaptive,182.58333333333337,0.10403937881350982,0.06072345226674518
ergo_adaptive,182.66666666666663,0.10497292194720839,0.060908008976298424
ergo_adaptive,182.75,0.10416670676624755,0.061106927789836986
ergo_adaptive,182.83333333333337,0.10472647160739888,0.061298773514594514
ergo_adaptive,182.91666666666663,0.1054229772666684,0.06145989161318705
ergo_adaptive,183.0,0.10631510961112023,0.061639803727007086
ergo_adaptive,183.08333333333337,0.10708658679914002,0.061819854126880784
ergo_adaptive,183.16666666666663,0.106843249162059,0.06199621495943412
ergo_adaptive,183.25,0.1080217569895313,0.06218274597071031
ergo_adaptive,183.33333333333337,0.10720703773515244,0.06235264259673015
ergo_adaptive,183.41666666666663,0.10695973076867245,0.06253557836085366
ergo_adaptive,183.5,0.10807333625522954,0.06269035917819696
ergo_adaptive,183.58333333333337,0.10896637129826744,0.06283819195758145
ergo_adaptive,183.66666666666663,0.10714443082134954,0.06300412259976299
ergo_adaptive,183.75,0.1072866204911163,0.06318173163102064
ergo_adaptive,183.83333333333337,0.10734575121174199,0.0633364144904968
ergo_adaptive,183.91666666666663,0.10792603865833994,0.0634345992818085
ergo_adaptive,184.0,0.1064462486974241,0.0635058221840876
ergo_adaptive,184.08333333333337,0.10698044398134661,0.06364317421684695
ergo_adaptive,184.16666666666663,0.10807038509671935,0.063805229413693
ergo_adaptive,184.25,0.10782559564306607,0.06395734341759843
ergo_adaptive,184.33333333333337,0.10807732919468553,0.06412881561692962
ergo_adaptive,184.41666666666663,0.108162216211441,0.06431015122323096
ergo_adaptive,184.5,0.10785755631703911,0.06446847164738731
ergo_adaptive,184.58333333333337,0.1105564906062306,0.06457843401661922
ergo_adaptive,184.66666666666663,0.11012236741823889,0.06470971769500322
ergo_adaptive,184.75,0.11060601965200512,0.06485070757530788
ergo_adaptive,184.83333333333337,0.11060450900766214,0.06497747650142796
ergo_adaptive,184.91666666666663,0.11362106399687273,0.06510314165678509
ergo_adaptive,185.0,0.1125658496131469,0.06522510564029274
ergo_adaptive,185.08333333333337,0.11397974094708387,0.06536684011405096
ergo_adaptive,185.16666666666663,0.11361488822522588,0.06552229451966621
ergo_adaptive,185.25,0.11317983350211006,0.06571120517606312
ergo_adaptive,185.33333333333337,0.11340243348931453,0.06591560973187667
ergo_adaptive,185.41666666666663,0.11434041605578535,0.06611638968316537
ergo_adaptive,185.5,0.11495605654152347,0.06629424608232155
ergo_adaptive,185.58333333333337,0.11543268582687469,0.06644790061355287
ergo_adaptive,185.66666666666663,0.11468229176792005,0.06660538651204116
ergo_adaptive,185.75,0.11466940289038752,0.06678534109160622
ergo_adaptive,185.83333333333337,0.11408632694760723,0.06697426622440354
ergo_adaptive,185.91666666666663,0.11414940113383962,0.0671482133382169
ergo_adaptive,186.0,0.11338842174196363,0.06729548019354818
ergo_adaptive,186.08333333333337,0.11247295840972416,0.06741540060577399
ergo_adaptive,186.16666666666663,0.11361671246966104,0.06750801192376456
ergo_adaptive,186.25,0.11196226062218323,0.06756368834692587
ergo_adaptive,186.33333333333337,0.1145296099549822,0.06756255102394945
ergo_adaptive,186.41666666666663,0.11568349935353997,0.06752220553320092
ergo_adaptive,186.5,0.1159371877153999,0.06755702119455115
ergo_adaptive,186.58333333333337,0.11710351243611775,0.06764262991172888
ergo_adaptive,186.66666666666663,0.11772077588311512,0.0677523820570247
ergo_adaptive,186.75,0.1202374385327696,0.06783969848101767
ergo_adaptive,186.83333333333337,0.12064803334903772,0.06786993770253592
ergo_adaptive,186.91666666666663,0.12011959500333566,0.06785592168672266
ergo_adaptive,187.0,0.11923703765042733,0.06782675789198202
ergo_adaptive,187.08333333333337,0.11858157657242002,0.06780679518912672
ergo_adaptive,187.16666666666663,0.11935636606052744,0.06780745378684684
ergo_adaptive,187.25,0.1197831408772007,0.06782725463110795
ergo_adaptive,187.33333333333337,0.12200238182704867,0.06785730806580201
ergo_adaptive,187.41666666666663,0.12319358680051462,0.06791773456418583
ergo_adaptive,187.5,0.12389696630328884,0.06801302754056744
ergo_adaptive,187.58333333333337,0.1235619825802462,0.06811755930324573
ergo_adaptive,187.66666666666663,0.12304262517233125,0.06822175629657476
ergo_adaptive,187.75,0.12223682131138337,0.06834259584956041
ergo_adaptive,187.83333333333337,0.122517715915124,0.06847355223614104
ergo_adaptive,187.91666666666663,0.12302224660462177,0.0686123944036571
ergo_adaptive,188.0,0.12245340643236786,0.06875820835194489
ergo_adaptive,188.08333333333337,0.12342510716993105,0.06889351178004048
ergo_adaptive,188.16666666666663,0.12298553175367603,0.06900897810940243
ergo_adaptive,188.25,0.1223813321195547,0.06911080548800072
ergo_adaptive,188.33333333333337,0.12131115251725189,0.06920324275348008
ergo_adaptive,188.41666666666663,0.12102482193369764,0.06928626389849177
ergo_adaptive,188.5,0.12158549114561444,0.06935048813802042
ergo_adaptive,188.58333333333337,0.1221688665726545,0.0693919489279865
ergo_adaptive,188.66666666666663,0.11981321768454728,0.06942354750071805
ergo_adaptive,188.75,0.12056230748367307,0.06946550557413661
ergo_adaptive,188.83333333333337,0.12159568479608007,0.0695384770478692
ergo_adaptive,188.91666666666663,0.11806973076234217,0.06960005140311898
ergo_adaptive,189.0,0.11703311543165411,0.06974248235560508
ergo_adaptive,189.08333333333337,0.11666130222643735,0.06994855093580211
ergo_adaptive,189.16666666666663,0.11654993145239223,0.07016453068709345
ergo_adaptive,189.25,0.11723966648968676,0.07035217975163242
ergo_adaptive,189.33333333333337,0.11843422543323245,0.07049997189956782
ergo_adaptive,189.41666666666663,0.11782814676187825,0.0706113671574286
ergo_adaptive,189.5,0.12020554302363674,0.07069530437313905
ergo_adaptive,189.58333333333337,0.12068711621130973,0.07077359814649249
ergo_adaptive,189.66666666666663,0.12214676654495112,0.07085882989174697
ergo_adaptive,189.75,0.12166225181292396,0.07092021887714589
ergo_adaptive,189.83333333333337,0.12324222420678523,0.07094548887415089
ergo_adaptive,189.91666666666663,0.12235655399016904,0.07095373518781203
ergo_adaptive,190.0,0.12233574147831346,0.0709652955112208
ergo_adaptive,190.08333333333337,0.12191456901536625,0.07100214183540603
ergo_adaptive,190.16666666666663,0.12167755341198767,0.07107185200411466
ergo_adaptive,190.25,0.12080521699792227,0.07111643786092992
ergo_adaptive,190.33333333333337,0.12177119293002928,0.07111259228027116
ergo_adaptive,190.41666666666663,0.12473880059959853,0.07107960752790438
ergo_adaptive,190.5,0.12507725793180322,0.0710484088788527
ergo_adaptive,190.58333333333337,0.1227520181418363,0.07104160506643586
ergo_adaptive,190.66666666666663,0.1227505863351531,0.07107197804116835
ergo_adaptive,190.75,0.12387314182740058,0.07109261257863585
ergo_adaptive,190.83333333333337,0.12486252244901316,0.07108453114381176
ergo_adaptive,190.91666666666663,0.12407902493936718,0.07106860865092426
ergo_adaptive,191.0,0.12530968069148035,0.07105918035749607
ergo_adaptive,191.08333333333337,0.1234258962362783,0.07106180979339083
ergo_adaptive,191.16666666666663,0.12311540349813478,0.0710554495949957
ergo_adaptive,191.25,0.12312710349178818,0.0710267583304376
ergo_adaptive,191.33333333333337,0.12055415689169575,0.07098994664754595
ergo_adaptive,191.41666666666663,0.11966825856566975,0.0709674358476563
ergo_adaptive,191.5,0.11980323049745843,0.07095204469602862
ergo_adaptive,191.58333333333337,0.1197256372421615,0.0708924799912559
ergo_adaptive,191.66666666666663,0.1213556521571941,0.07083447310126323
ergo_adaptive,191.75,0.11946198661331575,0.07081641278446514
ergo_adaptive,191.83333333333337,0.11681945359930371,0.07084356486559945
ergo_adaptive,191.91666666666663,0.11388803698316204,0.07089518398334901
ergo_adaptive,192.0,0.1138962819188282,0.07101054714059736
ergo_adaptive,192.08333333333337,0.11292175232580459,0.0711592543453751
ergo_adaptive,192.16666666666663,0.11327408617594459,0.0712865250864249
ergo_adaptive,192.25,0.11233929046799612,0.07136603248463115
ergo_adaptive,192.33333333333337,0.11189612057201148,0.07138330637965097
ergo_adaptive,192.41666666666663,0.11239698055403449,0.0713399237789059
ergo_adaptive,192.5,0.11230734432781034,0.0712670953747761
ergo_adaptive,192.58333333333337,0.1148529066174512,0.07120708596926131
ergo_adaptive,192.66666666666663,0.11512201387665134,0.07111731688147177
ergo_adaptive,192.75,0.116971391985171,0.07097213475179241
ergo_adaptive,192.83333333333337,0.1185449701809125,0.07081412814666632
ergo_adaptive,192.91666666666663,0.11834317872624353,0.07068555111738206
ergo_adaptive,193.0,0.11885018249372983,0.07057466697003437
ergo_adaptive,193.08333333333337,0.11904053394055734,0.07045909819376844
ergo_adaptive,193.16666666666663,0.11803112282819239,0.07034158532559275
ergo_adaptive,193.25,0.12047996767547435,0.07023927957586977
ergo_adaptive,193.33333333333337,0.12124096246210435,0.07017742789899883
ergo_adaptive,193.41666666666663,0.12276922684755513,0.07016332810773357
ergo_adaptive,193.5,0.12307886089258996,0.07012444461000568
ergo_adaptive,193.58333333333337,0.1242318112680731,0.07005053506671044
ergo_adaptive,193.66666666666663,0.12347560954533225,0.06997467021135977
ergo_adaptive,193.75,0.1251086016242035,0.06991734522964548
ergo_adaptive,193.83333333333337,0.1233246444267806,0.06988540932537958
ergo_adaptive,193.91666666666663,0.1220198085879337,0.06987674204139824
ergo_adaptive,194.0,0.1225550087320492,0.06987117921657654
ergo_adaptive,194.08333333333337,0.12201106349345271,0.06986794121951508
ergo_adaptive,194.16666666666663,0.12215611364526735,0.06989871948058855
ergo_adaptive,194.25,0.1213718110848162,0.06996672589284093
ergo_adaptive,194.33333333333337,0.12155871284447298,0.07002966741678929
ergo_adaptive,194.41666666666663,0.11788829329150508,0.07009277769299213
ergo_adaptive,194.5,0.11638765544855799,0.07015820785028132
ergo_adaptive,194.58333333333337,0.11660532654144247,0.07023683546655649
ergo_adaptive,194.66666666666663,0.11510411897944516,0.07034587622235997
ergo_adaptive,194.75,0.1134598526027021,0.07047361813945828
ergo_adaptive,194.83333333333337,0.11142440850973918,0.07061068894372488
ergo_adaptive,194.91666666666663,0.11287771619961154,0.07079667826485163
ergo_adaptive,195.0,0.11299239079671827,0.0709992461089745
ergo_adaptive,195.08333333333337,0.11275715296975959,0.07118409103296915
ergo_adaptive,195.16666666666663,0.11404219712555244,0.07134694866050559
ergo_adaptive,195.25,0.11498685485587602,0.07149022921096049
ergo_adaptive,195.33333333333337,0.11551509931455498,0.07162178156564454
ergo_adaptive,195.41666666666663,0.1142958341086233,0.07173547280112409
ergo_adaptive,195.5,0.11578353104519201,0.07181986506313948
ergo_adaptive,195.58333333333337,0.11548046970389618,0.07187984552351834
ergo_adaptive,195.66666666666663,0.1171755852475558,0.07193008185423126
ergo_adaptive,195.75,0.11750452588098705,0.07198955114400603
ergo_adaptive,195.83333333333337,0.11808588914150961,0.07205714277835097
ergo_adaptive,195.91666666666663,0.11752166665637796,0.0721061357874465
ergo_adaptive,196.0,0.11890448266222697,0.072135293939511
ergo_adaptive,196.08333333333337,0.12070264610913221,0.0721692959592615
ergo_adaptive,196.16666666666663,0.121100771958338,0.07222801454193956
ergo_adaptive,196.25,0.12001946734458023,0.07228452433070677
ergo_adaptive,196.33333333333337,0.11960133086451408,0.07231373056917904
ergo_adaptive,196.41666666666663,0.12018109292458608,0.0723276686168268
ergo_adaptive,196.5,0.12006803774142495,0.07234276527968966
ergo_adaptive,196.58333333333337,0.12010365937170799,0.07236030450299329
ergo_adaptive,196.66666666666663,0.11960778676822553,0.07237437161888866
ergo_adaptive,196.75,0.12161925956338507,0.07238264374899077
ergo_adaptive,196.83333333333337,0.1196002105214675,0.0723886397750791
ergo_adaptive,196.91666666666663,0.1195722176512606,0.07241442870834655
ergo_adaptive,197.0,0.12089045950666094,0.0724490462905562
ergo_adaptive,197.08333333333337,0.12041212288423876,0.07246969887860455
ergo_adaptive,197.16666666666663,0.1198800095805392,0.07248953329330544
ergo_adaptive,197.25,0.12057667572411698,0.07251570486903058
ergo_adaptive,197.33333333333337,0.1209837780158869,0.07254856163636805
ergo_adaptive,197.41666666666663,0.12082477161132514,0.07258725968224135
ergo_adaptive,197.5,0.11990274098589858,0.07262737538850453
ergo_adaptive,197.58333333333337,0.11850418472957888,0.07266477890093105
ergo_adaptive,197.66666666666663,0.11905408741120714,0.07270776109103708
ergo_adaptive,197.75,0.11678116610831048,0.07275624391309388
ergo_adaptive,197.83333333333337,0.11654884366676245,0.07276629465788453
ergo_adaptive,197.91666666666663,0.11563282703207318,0.07274965893976255
ergo_adaptive,198.0,0.11451862847968705,0.07273354969956158
ergo_adaptive,198.08333333333337,0.11269068214905496,0.07279991661786657
ergo_adaptive,198.16666666666663,0.11302094034920072,0.07292949104900605
ergo_adaptive,198.25,0.11244393303324296,0.07307902212577914
ergo_adaptive,198.33333333333337,0.11145264850568914,0.07323078346588185
ergo_adaptive,198.41666666666663,0.11182920892240389,0.07337848448564784
ergo_adaptive,198.5,0.11217546006448076,0.07352791352910801
ergo_adaptive,198.58333333333337,0.11256936462128209,0.07367497833477452
ergo_adaptive,198.66666666666663,0.1129992975338373,0.07380257636068337
ergo_adaptive,198.75,0.11146983996010937,0.07391149815400042
ergo_adaptive,198.83333333333337,0.11186544039827107,0.07404176681921108
ergo_adaptive,198.91666666666663,0.11307100198224919,0.07418545721022607
ergo_adaptive,199.0,0.11373080095386477,0.07433397602918375
ergo_adaptive,199.08333333333337,0.11239839111843586,0.07446614517689175
ergo_adaptive,199.16666666666663,0.11220278018122004,0.07460080831153544
ergo_adaptive,199.25,0.11318923846302481,0.07471403159476275
ergo_adaptive,199.33333333333337,0.11266402200282294,0.07477489496304668
ergo_adaptive,199.41666666666663,0.11215119340494058,0.07485345844798008
ergo_adaptive,199.5,0.11110158166989575,0.07495076201938204
ergo_adaptive,199.58333333333337,0.11216522217812731,0.07503595630473935
ergo_adaptive,199.66666666666663,0.11303892850201634,0.07507313279622675
ergo_adaptive,199.75,0.11490144207139827,0.07505888032734145
ergo_adaptive,199.83333333333337,0.11518824665813346,0.07501674857599254
ergo_adaptive,199.91666666666663,0.11575404414589832,0.07496813999072408
ergo_adaptive,200.0,0.11477425784902108,0.07492330507671748
ergo_adaptive,200.08333333333337,0.11211104705205432,0.07487728627948459
ergo_adaptive,200.16666666666663,0.1133534467329491,0.07480723497421483
ergo_adaptive,200.25,0.11425701365044426,0.07472704554105895
ergo_adaptive,200.33333333333337,0.11426839178475025,0.07468276617843198
ergo_adaptive,200.41666666666663,0.11139843214125993,0.07465625559464378
ergo_adaptive,200.5,0.11554805259803788,0.07457521474527894
ergo_adaptive,200.58333333333337,0.11483137423827587,0.07446590489040723
ergo_adaptive,200.66666666666663,0.11696711984408176,0.07437234305866589
ergo_adaptive,200.75,0.11719146918804435,0.07430735801245836
ergo_adaptive,200.83333333333337,0.11919688059389823,0.07423174505163053
ergo_adaptive,200.91666666666663,0.11805789620374772,0.07414251363163057
ergo_adaptive,201.0,0.11861937253182787,0.07406281754393325
ergo_adaptive,201.08333333333337,0.11928297490400805,0.07400437700236705
ergo_adaptive,201.16666666666663,0.12015670909399583,0.07397536792487354
ergo_adaptive,201.25,0.12059894440325078,0.07396062100182178
ergo_adaptive,201.33333333333337,0.11884295883596617,0.07393996516844185
ergo_adaptive,201.41666666666663,0.11891045604158544,0.07394156885734902
ergo_adaptive,201.5,0.11878818733349424,0.07397967288983909
ergo_adaptive,201.58333333333337,0.11968809253035778,0.07402457708917232
ergo_adaptive,201.66666666666663,0.11693380908588481,0.07406069201242473
ergo_adaptive,201.75,0.11766726970973032,0.07409035667135586
ergo_adaptive,201.83333333333337,0.1197263520015344,0.07412828378325706
ergo_adaptive,201.91666666666663,0.1203515980022751,0.07419011687892321
ergo_adaptive,202.0,0.12026866173034458,0.0742773337291509
ergo_adaptive,202.08333333333337,0.11962132324139636,0.07436373662271621
ergo_adaptive,202.16666666666663,0.12070480134670891,0.07443580419880089
ergo_adaptive,202.25,0.11930151156059064,0.07450515104775687
ergo_adaptive,202.33333333333337,0.1173421273249031,0.07458067466996234
ergo_adaptive,202.41666666666663,0.11557535173826039,0.07466494124700715
ergo_adaptive,202.5,0.1124819835144655,0.07475812891854455
ergo_adaptive,202.58333333333337,0.11038984593598981,0.07485148530287572
ergo_adaptive,202.66666666666663,0.10927411758255615,0.07494118306830717
ergo_adaptive,202.75,0.10943693696373041,0.07504370179855684
ergo_adaptive,202.83333333333337,0.10783825930428528,0.07516981181963556
ergo_adaptive,202.91666666666663,0.10841569796338794,0.07533271626147349
ergo_adaptive,203.0,0.10849352555040816,0.07550130083095019
ergo_adaptive,203.08333333333337,0.10839623828275811,0.07565909859253286
ergo_adaptive,203.16666666666663,0.10854913291948187,0.07580177091253666
ergo_adaptive,203.25,0.10981940490216117,0.07591922811718789
ergo_adaptive,203.33333333333337,0.11082125398348547,0.07600625557631228
ergo_adaptive,203.41666666666663,0.11120198148916309,0.07606612227560623
ergo_adaptive,203.5,0.11189177402715128,0.07610623389792531
ergo_adaptive,203.58333333333337,0.1132911190118588,0.07613976368501178
ergo_adaptive,203.66666666666663,0.11363110365047414,0.07618068209481678
ergo_adaptive,203.75,0.11417330667351712,0.07621726918874586
ergo_adaptive,203.83333333333337,0.11374970954952507,0.07623733363530767
ergo_adaptive,203.91666666666663,0.11407570164766495,0.07624986645303031
ergo_adaptive,204.0,0.11526456475506465,0.07627103229925078
ergo_adaptive,204.08333333333337,0.11517617188858668,0.07629380315759361
ergo_adaptive,204.16666666666663,0.116113358596457,0.07629772876406317
ergo_adaptive,204.25,0.11572329554433164,0.07628450719127049
ergo_adaptive,204.33333333333337,0.11608802577840606,0.07626831935753697
ergo_adaptive,204.41666666666663,0.11577785308334815,0.07626164951467704
ergo_adaptive,204.5,0.11716929892082843,0.07626562050900676
ergo_adaptive,204.58333333333337,0.11778699121557701,0.07626731957023987
ergo_adaptive,204.66666666666663,0.11867818017241968,0.0762658236190047
ergo_adaptive,204.75,0.11944810684031491,0.0762773243657096
ergo_adaptive,204.83333333333337,0.1185739511632465,0.07631157588960565
ergo_adaptive,204.91666666666663,0.11896110608967321,0.07633609921123168
ergo_adaptive,205.0,0.11977924680872955,0.07634447029105106
ergo_adaptive,205.08333333333337,0.11893558700168477,0.07635748808757492
ergo_adaptive,205.16666666666663,0.11982062789612291,0.0764081391122173
ergo_adaptive,205.25,0.12169797790949356,0.0764486422754088
ergo_adaptive,205.33333333333337,0.11974458142032578,0.0764598038130649
ergo_adaptive,205.41666666666663,0.1198033763274222,0.07645868384165214
ergo_adaptive,205.5,0.11829650725951861,0.07647637868407944
ergo_adaptive,205.58333333333337,0.11959988365539334,0.07651097096610088
ergo_adaptive,205.66666666666663,0.1172312661047549,0.07654754182698156
ergo_adaptive,205.75,0.11766061546193114,0.07658699982489722
ergo_adaptive,205.83333333333337,0.11719009731159563,0.076623946139085
ergo_adaptive,205.91666666666663,0.11844593310590003,0.07665365707693529
ergo_adaptive,206.0,0.11818536882871172,0.07667481685679951
ergo_adaptive,206.08333333333337,0.11715266277588884,0.07669195133455686
ergo_adaptive,206.16666666666663,0.11636523266098238,0.07670498777154953
ergo_adaptive,206.25,0.11507966749424788,0.07671341011606829
ergo_adaptive,206.33333333333337,0.11538520594267529,0.07670195335938139
ergo_adaptive,206.41666666666663,0.11711900227686661,0.07666780194808755
ergo_adaptive,206.5,0.11724679825849388,0.07663766743948774
ergo_adaptive,206.58333333333337,0.11464638750625804,0.07664039358954804
ergo_adaptive,206.66666666666663,0.11218981445093044,0.07661480308305443
ergo_adaptive,206.75,0.11285601921845069,0.07655101406034093
ergo_adaptive,206.83333333333337,0.10830223178940986,0.07648416791348964
ergo_adaptive,206.91666666666663,0.10726821182466935,0.0765514983296277
ergo_adaptive,207.0,0.10617369187162867,0.07668835547499799
ergo_adaptive,207.08333333333337,0.10500580720994437,0.07685081260637398
ergo_adaptive,207.16666666666663,0.10563172226320862,0.07699738426108313
ergo_adaptive,207.25,0.10495534038921794,0.07710783372618311
ergo_adaptive,207.33333333333337,0.10451766540021427,0.07718763956385075
ergo_adaptive,207.41666666666663,0.10548942087612839,0.07725181937032495
ergo_adaptive,207.5,0.10393626246689575,0.07730640149995405
ergo_adaptive,207.58333333333337,0.10360355455814137,0.07734317298296986
ergo_adaptive,207.66666666666663,0.1034088984952974,0.07736749054163754
ergo_adaptive,207.75,0.10319813978682844,0.0773899421753994
ergo_adaptive,207.83333333333337,0.10517775250201498,0.07737948106181389
ergo_adaptive,207.91666666666663,0.10610914951104256,0.07731979445286258
ergo_adaptive,208.0,0.10620660050724516,0.07725539652537856
ergo_adaptive,208.08333333333337,0.10227538025965255,0.07721643617540958
ergo_adaptive,208.16666666666663,0.10440367310711084,0.0771702329564204
ergo_adaptive,208.25,0.1043654391585078,0.07707775266516242
ergo_adaptive,208.33333333333337,0.10402747177970828,0.07696267003311058
ergo_adaptive,208.41666666666663,0.10210482417559312,0.07687619811916366
ergo_adaptive,208.5,0.10409100785898143,0.07680631585047866
ergo_adaptive,208.58333333333337,0.10200152764100905,0.07670802876305409
ergo_adaptive,208.66666666666663,0.1030055627868537,0.07658535317765904
ergo_adaptive,208.75,0.1030683694807119,0.0764843756191885
ergo_adaptive,208.83333333333337,0.10476384108127113,0.07640447771929314
ergo_adaptive,208.91666666666663,0.10542853207545477,0.07632030188804619
ergo_adaptive,209.0,0.10532345069222411,0.07624095706176658
ergo_adaptive,209.08333333333337,0.10852092725906344,0.07617153672194275
ergo_adaptive,209.16666666666663,0.10697550649464344,0.0761308056296369
ergo_adaptive,209.25,0.10556696715952163,0.07610706194870569
ergo_adaptive,209.33333333333337,0.1021076110598713,0.07607894556040352
ergo_adaptive,209.41666666666663,0.1037149019692148,0.07604263750192537
ergo_adaptive,209.5,0.10150530119901748,0.07601660273596816
ergo_adaptive,209.58333333333337,0.10127808683433492,0.07601131520774844
ergo_adaptive,209.66666666666663,0.10168313493066762,0.0760005806911284
ergo_adaptive,209.75,0.10237192017411392,0.07597442833329315
ergo_adaptive,209.83333333333337,0.09914035608446518,0.07595876529036173
ergo_adaptive,209.91666666666663,0.09968006140514678,0.07597477855911088
ergo_adaptive,210.0,0.09859618310022797,0.0759940963712099
ergo_adaptive,210.08333333333337,0.09842563403734932,0.07599271869600256
ergo_adaptive,210.16666666666663,0.09807144586866287,0.07599045252629835
ergo_adaptive,210.25,0.0970755583457028,0.07600295501361279
ergo_adaptive,210.33333333333337,0.0955866777370385,0.07604281096367287
ergo_adaptive,210.41666666666663,0.09786784406063057,0.07610825615021198
ergo_adaptive,210.5,0.09791559083232891,0.07618130211824639
ergo_adaptive,210.58333333333337,0.0961094793536735,0.07624510725812343
ergo_adaptive,210.66666666666663,0.09418350553643358,0.07630358933505053
ergo_adaptive,210.75,0.0938752226866001,0.07636429708439672
ergo_adaptive,210.83333333333337,0.0933276237136642,0.07643846506295184
ergo_adaptive,210.91666666666663,0.09356482319655691,0.07652962572177084
ergo_adaptive,211.0,0.09291110798442517,0.07662845056366033
ergo_adaptive,211.08333333333337,0.09252771855217282,0.07671891114482113
ergo_adaptive,211.16666666666663,0.09226513500330345,0.07680890441512254
ergo_adaptive,211.25,0.09178262858074998,0.07690902747380926
ergo_adaptive,211.33333333333337,0.09122607416579637,0.07702223251781071
ergo_adaptive,211.41666666666663,0.08996665795691217,0.0771541535506529
ergo_adaptive,211.5,0.09046016604222847,0.07728966340323326
ergo_adaptive,211.58333333333337,0.09077395645482925,0.07741497027575231
ergo_adaptive,211.66666666666663,0.09117843833731344,0.0775383853376039
ergo_adaptive,211.75,0.09039356208119129,0.07766863458796933
ergo_adaptive,211.83333333333337,0.09025477423985459,0.07780670560928175
ergo_adaptive,211.91666666666663,0.0890193275045461,0.07795231749958796
ergo_adaptive,212.0,0.08872828099398238,0.07809424294523722
ergo_adaptive,212.08333333333337,0.08844596586263108,0.07821914261228877
ergo_adaptive,212.16666666666663,0.0879298114435827,0.07832812592851916
ergo_adaptive,212.25,0.08757536031306358,0.07842964673665567
ergo_adaptive,212.33333333333337,0.08833925487344398,0.0785089353674709
ergo_adaptive,212.41666666666663,0.0873082913308254,0.07855816530805593
ergo_adaptive,212.5,0.08830546815573605,0.07858893044755079
ergo_adaptive,212.58333333333337,0.08715088428528135,0.07861184598962323
ergo_adaptive,212.66666666666663,0.08771054963706824,0.07862427177061357
ergo_adaptive,212.75,0.08771801012092949,0.07861818136832409
ergo_adaptive,212.83333333333337,0.08624893800369245,0.07859255974082671
ergo_adaptive,212.91666666666663,0.08569947116383145,0.07859810971210007
ergo_adaptive,213.0,0.08531037466156165,0.07867494053701012
ergo_adaptive,213.08333333333337,0.08551104985986455,0.0787843226058027
ergo_adaptive,213.16666666666663,0.08476147239626187,0.07890952147343139
ergo_adaptive,213.25,0.08442987126275309,0.0790250208942848
ergo_adaptive,213.33333333333337,0.08472053297875105,0.07911970115902611
ergo_adaptive,213.41666666666663,0.08394246782919235,0.07920405049139714
ergo_adaptive,213.5,0.08546883618084443,0.07929574191655607
ergo_adaptive,213.58333333333337,0.08462177770957252,0.0793715214750941
ergo_adaptive,213.66666666666663,0.08399457487292422,0.07940689640225092
ergo_adaptive,213.75,0.08291735464549194,0.07941262302222248
ergo_adaptive,213.83333333333337,0.08422817069759564,0.07940859357046359
ergo_adaptive,213.91666666666663,0.08633152641295933,0.07939717615221051
ergo_adaptive,214.0,0.08755996977000292,0.07936231018841869
ergo_adaptive,214.08333333333337,0.08756023374588436,0.07929698267407544
ergo_adaptive,214.16666666666663,0.08976224463093638,0.07921619739438171
ergo_adaptive,214.25,0.08974438274116481,0.07913341773525452
ergo_adaptive,214.33333333333337,0.09008710351849038,0.07905125691609613
ergo_adaptive,214.41666666666663,0.08776498628082663,0.07896243807874986
ergo_adaptive,214.5,0.08810114378625071,0.07887555746822027
ergo_adaptive,214.58333333333337,0.08946172509914141,0.07880233787902896
ergo_adaptive,214.66666666666663,0.08892567932015806,0.07874012868648793
ergo_adaptive,214.75,0.08996521030844941,0.07867517642112894
ergo_adaptive,214.83333333333337,0.09192751954717196,0.07860630857053506
ergo_adaptive,214.91666666666663,0.09024913966213009,0.07854170920528677
ergo_adaptive,215.0,0.09233739238692285,0.07848170615251332
ergo_adaptive,215.08333333333337,0.09299145081204119,0.07841397259118414
ergo_adaptive,215.16666666666663,0.09323434082788354,0.07833164980696536
ergo_adaptive,215.25,0.09447864183409115,0.07823818987794579
ergo_adaptive,215.33333333333337,0.09383222078115734,0.07814445183707022
ergo_adaptive,215.41666666666663,0.09469306506500177,0.07804631043818686
ergo_adaptive,215.5,0.09486144549601049,0.07793352404342471
ergo_adaptive,215.58333333333337,0.09616239324597928,0.07781268895506022
ergo_adaptive,215.66666666666663,0.09759009410739337,0.07769776396379573
ergo_adaptive,215.75,0.09826738433619578,0.07759773498752147
ergo_adaptive,215.83333333333337,0.09955722286360244,0.07749361718498694
ergo_adaptive,215.91666666666663,0.10019966674720832,0.07738193105775015
ergo_adaptive,216.0,0.09985493840436468,0.07728218494186759
ergo_adaptive,216.08333333333337,0.09932267527403052,0.07720310863189775
ergo_adaptive,216.16666666666663,0.09975847063454066,0.07713330910084022
ergo_adaptive,216.25,0.10126753034435652,0.07705358708346431
ergo_adaptive,216.33333333333337,0.10235111481793076,0.07698028353852308
ergo_adaptive,216.41666666666663,0.10116709337141121,0.0769423205843095
ergo_adaptive,216.5,0.10037931049681381,0.07691747903047415
ergo_adaptive,216.58333333333337,0.10002932241103221,0.07686191158086778
ergo_adaptive,216.66666666666663,0.09992565979846112,0.07679789713814592
ergo_adaptive,216.75,0.10103378230816244,0.07676495715023517
ergo_adaptive,216.83333333333337,0.1020456931068453,0.07676277959478671
ergo_adaptive,216.91666666666663,0.10206654246146739,0.07673008749559417
ergo_adaptive,217.0,0.10147065333049521,0.0766814748462962
ergo_adaptive,217.08333333333337,0.10136618185754671,0.07665622285690496
ergo_adaptive,217.16666666666663,0.10035423702773444,0.07667549226637459
ergo_adaptive,217.25,0.09979425836429268,0.07671205531832778
ergo_adaptive,217.33333333333337,0.09720900903640949,0.076785919688511
ergo_adaptive,217.41666666666663,0.09518867245403503,0.0768912833108886
ergo_adaptive,217.5,0.09589905524294379,0.07700361883314395
ergo_adaptive,217.58333333333337,0.0966951777033626,0.07711997406785577
ergo_adaptive,217.66666666666663,0.09618773938996013,0.07721660202435078
ergo_adaptive,217.75,0.09468605476902837,0.07729416063328802
ergo_adaptive,217.83333333333337,0.09287067785401779,0.07736082277468873
ergo_adaptive,217.91666666666663,0.0928236566921595,0.07741904347960867
ergo_adaptive,218.0,0.0901508228446918,0.07746167248218641
ergo_adaptive,218.08333333333337,0.09101792878532752,0.07748047800835675
ergo_adaptive,218.16666666666663,0.09014963753220566,0.0774792981789024
ergo_adaptive,218.25,0.0906768922936096,0.07747092975027164
ergo_adaptive,218.33333333333337,0.09097015039612256,0.0774604029300323
ergo_adaptive,218.41666666666663,0.09054417567265532,0.07743841415952567
ergo_adaptive,218.5,0.089064274403643,0.07740107064243432
ergo_adaptive,218.58333333333337,0.08671520088199493,0.0773584646026765
ergo_adaptive,218.66666666666663,0.08821740226714253,0.07733114829559255
ergo_adaptive,218.75,0.09021112714484639,0.07729845776799023
ergo_adaptive,218.83333333333337,0.0865952424013426,0.07724474619997905
ergo_adaptive,218.91666666666663,0.08919159390525097,0.07718383001728528
ergo_adaptive,219.0,0.08757681024773376,0.07712958124003728
ergo_adaptive,219.08333333333337,0.08892889385677441,0.07706196446408765
ergo_adaptive,219.16666666666663,0.08819395448413443,0.0769602802900484
ergo_adaptive,219.25,0.086846241297543,0.07683712423533938
ergo_adaptive,219.33333333333337,0.08432787583238811,0.07671149776773402
ergo_adaptive,219.41666666666663,0.08258024058962174,0.07658648373166732
ergo_adaptive,219.5,0.08127658874080233,0.07644666634953422
ergo_adaptive,219.58333333333337,0.0788651250846759,0.07628384899024851
ergo_adaptive,219.66666666666663,0.07746194741529223,0.07612150127157438
ergo_adaptive,219.75,0.07844885613387664,0.07597618638430861
ergo_adaptive,219.83333333333337,0.07592874189824202,0.0758309522652915
ergo_adaptive,219.91666666666663,0.07449986519897682,0.07567690043162727
ergo_adaptive,220.0,0.07377952358809635,0.07553610737025306
ergo_adaptive,220.08333333333337,0.07400941826982964,0.07543321999803065
ergo_adaptive,220.16666666666663,0.076377790273455,0.07536675124078285
ergo_adaptive,220.25,0.07720491531057803,0.07528183666352731
ergo_adaptive,220.33333333333337,0.07530016818262707,0.07514732925894138
ergo_adaptive,220.41666666666663,0.0735653264589569,0.07500970136527027
ergo_adaptive,220.5,0.06969812576340449,0.0749488582913099
ergo_adaptive,220.58333333333337,0.06976222804215267,0.0750307228632709
ergo_adaptive,220.66666666666663,0.069640433983022,0.07516606256791887
ergo_adaptive,220.75,0.0690570745541042,0.07531546262288324
ergo_adaptive,220.83333333333337,0.06822338990800003,0.07546259732108573
ergo_adaptive,220.91666666666663,0.06783359426142486,0.07559573272646361
ergo_adaptive,221.0,0.06910267004687172,0.07570592491833268
ergo_adaptive,221.08333333333337,0.06863434447005386,0.07578758743140665
ergo_adaptive,221.16666666666663,0.0685349135623141,0.07584338590166068
ergo_adaptive,221.25,0.06904072744495249,0.07587989910541408
ergo_adaptive,221.33333333333337,0.06825727352325457,0.07589845039297667
ergo_adaptive,221.41666666666663,0.06870189470111542,0.07589301427912375
ergo_adaptive,221.5,0.06980828155266673,0.07587105854020676
ergo_adaptive,221.58333333333337,0.0707848793243317,0.07585113493804903
ergo_adaptive,221.66666666666663,0.07083718069452401,0.07583601096239756
ergo_adaptive,221.75,0.07054157620797968,0.07581626906380212
ergo_adaptive,221.83333333333337,0.0704422424756412,0.07578884435111162
ergo_adaptive,221.91666666666663,0.07258808264855708,0.07576105054309201
ergo_adaptive,222.0,0.0730656007234176,0.07574802902616383
ergo_adaptive,222.08333333333337,0.07378255833492127,0.07576361679138292
ergo_adaptive,222.16666666666663,0.07299045659789,0.075763696375989
ergo_adaptive,222.25,0.07337634844147588,0.0757141482781178
ergo_adaptive,222.33333333333337,0.07514129175142481,0.07563248512214903
ergo_adaptive,222.41666666666663,0.07689159389061231,0.07554977599363698
ergo_adaptive,222.5,0.07411162454360651,0.07548069046866658
ergo_adaptive,222.58333333333337,0.07448408568131407,0.07541596195513055
ergo_adaptive,222.66666666666663,0.07360471181540128,0.07534871874019392
ergo_adaptive,222.75,0.07456555984761473,0.07528685725132399
ergo_adaptive,222.83333333333337,0.07535236950160563,0.07524556032390682
ergo_adaptive,222.91666666666663,0.07617344277914358,0.07523335634245366
ergo_adaptive,223.0,0.078083516429604,0.07520586758246038
ergo_adaptive,223.08333333333337,0.07753421916286858,0.07515069416583771
ergo_adaptive,223.16666666666663,0.07830019408218154,0.07509122422263548
ergo_adaptive,223.25,0.07975077062203516,0.07506366648616523
ergo_adaptive,223.33333333333337,0.07949815365841911,0.07500978667100967
ergo_adaptive,223.41666666666663,0.07937578687919776,0.07490775839366319
ergo_adaptive,223.5,0.08167108590197526,0.0747851952444007
ergo_adaptive,223.58333333333337,0.08233317484982224,0.07469318840302809
ergo_adaptive,223.66666666666663,0.08237190168803982,0.07462906375471376
ergo_adaptive,223.75,0.08420277660828299,0.07455578172206194
ergo_adaptive,223.83333333333337,0.08426461037354557,0.0744923258095567
ergo_adaptive,223.91666666666663,0.08310662253109707,0.07446880199987649
ergo_adaptive,224.0,0.0833450225180908,0.07449614069715574
ergo_adaptive,224.08333333333337,0.08315938381468488,0.07449585584371551
ergo_adaptive,224.16666666666663,0.08300560449156456,0.0744770304239669
ergo_adaptive,224.25,0.08389243413277904,0.07448975193078392
ergo_adaptive,224.33333333333337,0.08341244517157646,0.07455216748284431
ergo_adaptive,224.41666666666663,0.08197310048563743,0.07461857355906786
ergo_adaptive,224.5,0.08196251850820867,0.07471417672537821
ergo_adaptive,224.58333333333337,0.08172920768301578,0.07483771869589234
ergo_adaptive,224.66666666666663,0.08183568377071353,0.07498824550317558
ergo_adaptive,224.75,0.08040081757316186,0.07514082981786017
ergo_adaptive,224.83333333333337,0.08030436355157208,0.0752850586876272
ergo_adaptive,224.91666666666663,0.08071597027209854,0.07541923271342284
ergo_adaptive,225.0,0.08035616983895087,0.07554909088655244
ergo_adaptive,225.08333333333337,0.08018526711398027,0.07567621294118548
ergo_adaptive,225.16666666666663,0.08042787561445845,0.07582453791961154
ergo_adaptive,225.25,0.08037965421552692,0.07598019788898039
ergo_adaptive,225.33333333333337,0.08050531653177309,0.07613105958331055
ergo_adaptive,225.41666666666663,0.08017241956994078,0.07627437411794662
ergo_adaptive,225.5,0.07965063943757172,0.07641276135479955
ergo_adaptive,225.58333333333337,0.07962688722484441,0.07656011081325996
ergo_adaptive,225.66666666666663,0.07880158060883166,0.0767028986122887
ergo_adaptive,225.75,0.07860987731263203,0.07682927984577975
ergo_adaptive,225.83333333333337,0.07943921523446278,0.0769340126750122
ergo_adaptive,225.91666666666663,0.08037736051170703,0.07701886727613706
ergo_adaptive,226.0,0.08053806566529839,0.07709090010744783
ergo_adaptive,226.08333333333337,0.08075321623051156,0.07715353534392491
ergo_adaptive,226.16666666666663,0.0827808410828326,0.07722262359602754
ergo_adaptive,226.25,0.08393471100485111,0.07730845399401474
ergo_adaptive,226.33333333333337,0.08404122104486901,0.07740692640523761
ergo_adaptive,226.41666666666663,0.08253936655432918,0.07751528599634751
ergo_adaptive,226.5,0.08074312566507776,0.07765481800074849
ergo_adaptive,226.58333333333337,0.08051951515975006,0.07779855123298333
ergo_adaptive,226.66666666666663,0.08071907167607338,0.07792716518833537
ergo_adaptive,226.75,0.08144493270677373,0.0780265279184152
ergo_adaptive,226.83333333333337,0.08192867013837885,0.07808970628485483
ergo_adaptive,226.91666666666663,0.082180654572497,0.07812771926491124
ergo_adaptive,227.0,0.08177015249347057,0.07816145764245434
ergo_adaptive,227.08333333333337,0.08126948428384295,0.07817440130228151
ergo_adaptive,227.16666666666663,0.0818301291318709,0.07816035087610977
ergo_adaptive,227.25,0.08139568412835943,0.07813003611887831
ergo_adaptive,227.33333333333337,0.083211534968986,0.07809192460650063
ergo_adaptive,227.41666666666663,0.08294818017435064,0.0780613805589354
ergo_adaptive,227.5,0.0820302582075637,0.07804734332256387
ergo_adaptive,227.58333333333337,0.08354908734859462,0.07802239278167306
ergo_adaptive,227.66666666666663,0.08493889626628338,0.07797111608861505
ergo_adaptive,227.75,0.08413381984438006,0.07791744806632656
ergo_adaptive,227.83333333333337,0.08490089270654344,0.07787800522269718
ergo_adaptive,227.91666666666663,0.08564335305854276,0.07786112166264933
ergo_adaptive,228.0,0.08401534673206315,0.07788070744168683
ergo_adaptive,228.08333333333337,0.08513832851032312,0.07787884082880474
ergo_adaptive,228.16666666666663,0.08478215225912965,0.07783220366672576
ergo_adaptive,228.25,0.08475613701262869,0.07776179396348924
ergo_adaptive,228.33333333333337,0.08569421814449203,0.0776831064797878
ergo_adaptive,228.41666666666663,0.08428282911998919,0.07759232871642992
ergo_adaptive,228.5,0.08361908971328665,0.0774936330189259
ergo_adaptive,228.58333333333337,0.08380953722795591,0.07738050420165947
ergo_adaptive,228.66666666666663,0.08646729702681967,0.07724456902459725
ergo_adaptive,228.75,0.08760243694896042,0.07708923295506503
ergo_adaptive,228.83333333333337,0.09045896623114835,0.07693087817733381
ergo_adaptive,228.91666666666663,0.09231760988992467,0.076785181537968
ergo_adaptive,229.0,0.08864745799614925,0.076688400453943
ergo_adaptive,229.08333333333337,0.08963114959396477,0.07658782372441021
ergo_adaptive,229.16666666666663,0.09167115191311574,0.07642540363876163
ergo_adaptive,229.25,0.09141368992974865,0.0762263330779359
ergo_adaptive,229.33333333333337,0.08971543613744737,0.07603112263634323
ergo_adaptive,229.41666666666663,0.09254684137602089,0.07585293119865924
ergo_adaptive,229.5,0.09448061087147261,0.07571177527134693
ergo_adaptive,229.58333333333337,0.09397399534520069,0.07557041384450469
ergo_adaptive,229.66666666666663,0.09261989777584545,0.07539628956554933
ergo_adaptive,229.75,0.09012679964493665,0.0752201158369711
ergo_adaptive,229.83333333333337,0.08835342713383135,0.0750491772038213
ergo_adaptive,229.91666666666663,0.08544411605261305,0.07489276267902847
ergo_adaptive,230.0,0.08835664820723853,0.07482021492182296
ergo_adaptive,230.08333333333337,0.0900110199918057,0.07479709420024216
ergo_adaptive,230.16666666666663,0.08797665454109918,0.07481771336700663
ergo_adaptive,230.25,0.0896904083563123,0.0748857956043375
ergo_adaptive,230.33333333333337,0.08973413509303388,0.07495770645406462
ergo_adaptive,230.41666666666663,0.08933084336467319,0.07501880063216655
ergo_adaptive,230.5,0.0883261958812217,0.07507464503552631
ergo_adaptive,230.58333333333337,0.08811866027640813,0.07513637691034467
ergo_adaptive,230.66666666666663,0.08969562089063444,0.07520333762859525
ergo_adaptive,230.75,0.0918970449678056,0.07526258792821743
ergo_adaptive,230.83333333333337,0.09090662231915445,0.07529941272283773
ergo_adaptive,230.91666666666663,0.0913576253442883,0.07531488692061945
ergo_adaptive,231.0,0.09135179040604469,0.07532768856741232
ergo_adaptive,231.08333333333337,0.09190591697438719,0.07534363422902846
ergo_adaptive,231.16666666666663,0.09361978740179784,0.07535389337192375
ergo_adaptive,231.25,0.09446310790338337,0.07535882336814569
ergo_adaptive,231.33333333333337,0.0948087580879387,0.07537677300162082
ergo_adaptive,231.41666666666663,0.09396947563895873,0.07542129225075467
ergo_adaptive,231.5,0.09389002479541424,0.07547186393904733
ergo_adaptive,231.58333333333337,0.09488539167810421,0.07551694850585787
ergo_adaptive,231.66666666666663,0.09381093755173572,0.07556293797514918
ergo_adaptive,231.75,0.0936611672050555,0.07561896226504314
ergo_adaptive,231.83333333333337,0.0926966690484778,0.07568701444987846
ergo_adaptive,231.91666666666663,0.09342633532572173,0.07576405596531942
ergo_adaptive,232.0,0.09353628060173995,0.07583519743274253
ergo_adaptive,232.08333333333337,0.09361993366605093,0.07590312196370366
ergo_adaptive,232.16666666666663,0.09327771328115,0.07597216571913112
ergo_adaptive,232.25,0.09299124104792922,0.07605787105737596
ergo_adaptive,232.33333333333337,0.092326273662134,0.07615726150147199
ergo_adaptive,232.41666666666663,0.09108738286012787,0.0762805891019001
ergo_adaptive,232.5,0.09075150943754866,0.07640622321903869
ergo_adaptive,232.58333333333337,0.0907389849427057,0.07653564397810067
ergo_adaptive,232.66666666666663,0.09088952291237438,0.07667373734895264
ergo_adaptive,232.75,0.0907185819549729,0.07681628518762373
ergo_adaptive,232.83333333333337,0.08941087926126015,0.0769522853034438
ergo_adaptive,232.91666666666663,0.08863506086044526,0.07708182751958717
ergo_adaptive,233.0,0.08973029612944812,0.07719468670634771
ergo_adaptive,233.08333333333337,0.09036961744069243,0.07728535762718995
ergo_adaptive,233.16666666666663,0.09048922185151864,0.07735098285684136
ergo_adaptive,233.25,0.09063116268882854,0.0773930330713443
ergo_adaptive,233.33333333333337,0.09157340457284231,0.07742259693302506
ergo_adaptive,233.41666666666663,0.09333093330848495,0.07744293871806054
ergo_adaptive,233.5,0.09178833449746616,0.07744318191885273
ergo_adaptive,233.58333333333337,0.09313898196594067,0.07742451722359146
ergo_adaptive,233.66666666666663,0.0922117461532031,0.07739750914486371
ergo_adaptive,233.75,0.09273864882960162,0.07737127334168041
ergo_adaptive,233.83333333333337,0.09285388551968589,0.07735681276066664
ergo_adaptive,233.91666666666663,0.09341051616622893,0.07734666632303662
ergo_adaptive,234.0,0.09424451809500364,0.07730998127325396
ergo_adaptive,234.08333333333337,0.09517961691065555,0.07724813959012213
ergo_adaptive,234.16666666666663,0.09271082270521754,0.07717367093484248
ergo_adaptive,234.25,0.09403216449157968,0.07709981723331685
ergo_adaptive,234.33333333333337,0.09472212258312783,0.07703780398017637
ergo_adaptive,234.41666666666663,0.09662164970682516,0.07698323817899297
ergo_adaptive,234.5,0.09921802991372279,0.07692411197730524
ergo_adaptive,234.58333333333337,0.0995993594184418,0.07686281960635592
ergo_adaptive,234.66666666666663,0.10127188340654604,0.07681270281535786
ergo_adaptive,234.75,0.10218004744809979,0.07677181092434983
ergo_adaptive,234.83333333333337,0.10062532808990739,0.07671912532333758
ergo_adaptive,234.91666666666663,0.10033899094215593,0.07665560114089812
ergo_adaptive,235.0,0.10158810622310778,0.07658899716768075
ergo_adaptive,235.08333333333337,0.10120833535787994,0.07653120820996953
ergo_adaptive,235.16666666666663,0.1004898110900092,0.07648338599360065
ergo_adaptive,235.25,0.10049702857746944,0.07639551668051495
ergo_adaptive,235.33333333333337,0.10016795407712087,0.07625732864105354
ergo_adaptive,235.41666666666663,0.0973905980069268,0.0760960977865157
ergo_adaptive,235.5,0.09473694668446485,0.0759277214717417
ergo_adaptive,235.58333333333337,0.0930707426786451,0.07575344367965417
ergo_adaptive,235.66666666666663,0.09009948346209064,0.07557161432602857
ergo_adaptive,235.75,0.09180289972768148,0.07538277369508062
ergo_adaptive,235.83333333333337,0.09110613871772666,0.07516733771119136
ergo_adaptive,235.91666666666663,0.09009158131129,0.07492353199654224
ergo_adaptive,236.0,0.0875344413234137,0.07465722586522772
ergo_adaptive,236.08333333333337,0.08334928600204815,0.07440830250334221
ergo_adaptive,236.16666666666663,0.08482353746271826,0.07434529650040467
ergo_adaptive,236.25,0.08502222703724693,0.074382468853682
ergo_adaptive,236.33333333333337,0.08356466419645608,0.07445729309140735
ergo_adaptive,236.41666666666663,0.08300556255006836,0.07453970312368514
ergo_adaptive,236.5,0.08432010271318728,0.0746156497457611
ergo_adaptive,236.58333333333337,0.08576834348729981,0.07467770659145578
ergo_adaptive,236.66666666666663,0.08511735241965694,0.07472675389368634
ergo_adaptive,236.75,0.08499661638475618,0.0747716325609053
ergo_adaptive,236.83333333333337,0.08586647864641243,0.07480543076140632
ergo_adaptive,236.91666666666663,0.08578711105211671,0.07481976447666883
ergo_adaptive,237.0,0.08657107953478747,0.07481772424843074
ergo_adaptive,237.08333333333337,0.08706940689360365,0.0748111357308096
ergo_adaptive,237.16666666666663,0.08689500742318174,0.07481704324697208
ergo_adaptive,237.25,0.08756560210639004,0.0748331473308171
ergo_adaptive,237.33333333333337,0.0865143393303654,0.07484542274206273
ergo_adaptive,237.41666666666663,0.08755150166608325,0.07484440307431375
ergo_adaptive,237.5,0.08641203012492933,0.074840631349248
ergo_adaptive,237.58333333333337,0.08781770210739542,0.07484825805290611
ergo_adaptive,237.66666666666663,0.08796714260331875,0.07485606395475185
ergo_adaptive,237.75,0.08882587597851695,0.0748610679379237
ergo_adaptive,237.83333333333337,0.09022611640575175,0.07486816312996376
ergo_adaptive,237.91666666666663,0.09024181063871375,0.07488435606641795
ergo_adaptive,238.0,0.09035410637742808,0.07491418234141074
ergo_adaptive,238.08333333333337,0.09163373786772713,0.07495329165598517
ergo_adaptive,238.16666666666663,0.09226657243552994,0.07499208698237673
ergo_adaptive,238.25,0.09272475526794768,0.07503667080638898
ergo_adaptive,238.33333333333337,0.09272325652447014,0.07509994070250618
ergo_adaptive,238.41666666666663,0.09325290958302271,0.07517559882964882
ergo_adaptive,238.5,0.09423310762715505,0.07524983150906632
ergo_adaptive,238.58333333333337,0.09436662810127022,0.07533388338060591
ergo_adaptive,238.66666666666663,0.09348699439332767,0.07544044938385612
ergo_adaptive,238.75,0.09486565837068799,0.07555836890742564
ergo_adaptive,238.83333333333337,0.09396832453382477,0.07567269147876272
ergo_adaptive,238.91666666666663,0.09343376672768089,0.0757839615475798
ergo_adaptive,239.0,0.09267221245467136,0.07590134188411536
ergo_adaptive,239.08333333333337,0.09231304698441671,0.07602702096020936
ergo_adaptive,239.16666666666663,0.09203888110137971,0.07615419228816478
ergo_adaptive,239.25,0.09184298055077217,0.07627894229833107
ergo_adaptive,239.33333333333337,0.09014589695967185,0.07640055879571776
ergo_adaptive,239.41666666666663,0.08865604476826829,0.07652052819207383
ergo_adaptive,239.5,0.08780762072699407,0.07664001284713245
ergo_adaptive,239.58333333333337,0.08746558662080975,0.07677112794804233
ergo_adaptive,239.66666666666663,0.0884144413561761,0.07690227629614832
ergo_adaptive,239.75,0.09025610432811627,0.0770206158846577
ergo_adaptive,239.83333333333337,0.09078369601077647,0.07711247338275201
ergo_adaptive,239.91666666666663,0.09060417298385892,0.07718192786303991
ergo_adaptive,240.0,0.09017939304252903,0.0772310686970092
ergo_adaptive,240.08333333333337,0.09105917514193469,0.07726364507102496
ergo_adaptive,240.16666666666663,0.09175850341295758,0.07727961902890693
ergo_adaptive,240.25,0.09358866290241533,0.07727357677967978
ergo_adaptive,240.33333333333337,0.09320081208161075,0.07724008925814335
ergo_adaptive,240.41666666666663,0.0938091341625543,0.07719207456775071
ergo_adaptive,240.5,0.09517976313149638,0.07714669668337466
ergo_adaptive,240.58333333333337,0.09490840670177239,0.07709271304082393
ergo_adaptive,240.66666666666663,0.09534106025381314,0.077019708553703
ergo_adaptive,240.75,0.09621657165668472,0.07693805983326142
ergo_adaptive,240.83333333333337,0.09508338864585598,0.07685975057714739
ergo_adaptive,240.91666666666663,0.09502399083786933,0.07679611734466067
ergo_adaptive,241.0,0.09683844168464092,0.0767550811157147
ergo_adaptive,241.08333333333337,0.09489961699300968,0.07669974662059284
ergo_adaptive,241.16666666666663,0.0930001106913866,0.07661367615204304
ergo_adaptive,241.25,0.09030329035105174,0.07652023521690726
ergo_adaptive,241.33333333333337,0.09181064269325584,0.07644748907399124
ergo_adaptive,241.41666666666663,0.08996491439299528,0.0763913323107017
ergo_adaptive,241.5,0.08943126286152246,0.07632879840129442
ergo_adaptive,241.58333333333337,0.08893208895594884,0.07625471615578795
ergo_adaptive,241.66666666666663,0.08716100337330401,0.07619026030537178
ergo_adaptive,241.75,0.08799319196076058,0.07615464373148001
ergo_adaptive,241.83333333333337,0.08815321380150466,0.0761076008122134
ergo_adaptive,241.91666666666663,0.0866518138663808,0.07602924267965652
ergo_adaptive,242.0,0.08356384409025805,0.07595339492953819
ergo_adaptive,242.08333333333337,0.08594725734710087,0.07589050071216115
ergo_adaptive,242.16666666666663,0.08736113933451922,0.07582990500277921
ergo_adaptive,242.25,0.0872777040004885,0.07576009891904537
ergo_adaptive,242.33333333333337,0.08926096093416747,0.07568388094167983
ergo_adaptive,242.41666666666663,0.08852033185107613,0.07561268391197033
ergo_adaptive,242.5,0.08912529789154354,0.07556042594869777
ergo_adaptive,242.58333333333337,0.08962689130199235,0.07551635547418538
ergo_adaptive,242.66666666666663,0.08697645181295308,0.07543957989400894
ergo_adaptive,242.75,0.0844725144601608,0.07532008783364583
ergo_adaptive,242.83333333333337,0.08452405432008656,0.07518747352872807
ergo_adaptive,242.91666666666663,0.0851228007967664,0.07504877236156628
ergo_adaptive,243.0,0.08341447684192736,0.07489219371190055
ergo_adaptive,243.08333333333337,0.08107523805340493,0.07471345197944614
ergo_adaptive,243.16666666666663,0.07853000642817565,0.07451166349493933
ergo_adaptive,243.25,0.07852442133997728,0.07430035112682824
ergo_adaptive,243.33333333333337,0.0755967463845228,0.07410079935448237
ergo_adaptive,243.41666666666663,0.07601462089296951,0.07388621292770535
ergo_adaptive,243.5,0.07540777167885444,0.07361694336338923
ergo_adaptive,243.58333333333337,0.07180278726166037,0.07332249439778156
ergo_adaptive,243.66666666666663,0.07059813877922345,0.07325974649247625
ergo_adaptive,243.75,0.07160911564588213,0.07332308623329808
ergo_adaptive,243.83333333333337,0.07270626099443417,0.07341171219350962
ergo_adaptive,243.91666666666663,0.07358317380205782,0.0734969781136503
ergo_adaptive,244.0,0.07238298014645256,0.0735770869358967
ergo_adaptive,244.08333333333337,0.07255081862585522,0.07364930145689692
ergo_adaptive,244.16666666666663,0.07257026883357318,0.07370519118737616
ergo_adaptive,244.25,0.07368059716241526,0.07374098689929522
ergo_adaptive,244.33333333333337,0.07461704259714902,0.07376559010019432
ergo_adaptive,244.41666666666663,0.07588616446515521,0.07378185965777312
ergo_adaptive,244.5,0.07904682981631908,0.07378247106763558
ergo_adaptive,244.58333333333337,0.08225070131423436,0.07375912621614614
ergo_adaptive,244.66666666666663,0.08226283677998562,0.0737230873334522
ergo_adaptive,244.75,0.08057062684026978,0.07368923840764789
ergo_adaptive,244.83333333333337,0.07899425772515149,0.07366291827905636
ergo_adaptive,244.91666666666663,0.0794515630737394,0.07362787028538395
ergo_adaptive,245.0,0.07806191171178717,0.07358135009830079
ergo_adaptive,245.08333333333337,0.07755992050522365,0.07354670049752421
ergo_adaptive,245.16666666666663,0.07833178518562167,0.07353520942960802
ergo_adaptive,245.25,0.07997935906893389,0.07351385905504798
ergo_adaptive,245.33333333333337,0.08420512125567525,0.07347402276414634
ergo_adaptive,245.41666666666663,0.08428410410411868,0.07343676620834659
ergo_adaptive,245.5,0.08229915915395937,0.07343581037767004
ergo_adaptive,245.58333333333337,0.08201919520469501,0.07344095575013702
ergo_adaptive,245.66666666666663,0.08302632253590558,0.07343108157191156
ergo_adaptive,245.75,0.08243752848837194,0.07342177261545753
ergo_adaptive,245.83333333333337,0.08202008604526659,0.07343377833181973
ergo_adaptive,245.91666666666663,0.08346194939611437,0.07346640397187197
ergo_adaptive,246.0,0.08224036989667317,0.0734881660933911
ergo_adaptive,246.08333333333337,0.08317252407109318,0.07350639156418898
ergo_adaptive,246.16666666666663,0.08319239192251672,0.07353229549077817
ergo_adaptive,246.25,0.08380230351397114,0.07357624722195918
ergo_adaptive,246.33333333333337,0.08211975665660604,0.07362481459014507
ergo_adaptive,246.41666666666663,0.08198108810103,0.07367687814109676
ergo_adaptive,246.5,0.08263768603668703,0.0737521041433601
ergo_adaptive,246.58333333333337,0.08165793030018767,0.07384057173047691
ergo_adaptive,246.66666666666663,0.08204570735187516,0.073940561130513
ergo_adaptive,246.75,0.08264740412312906,0.07404930443281187
ergo_adaptive,246.83333333333337,0.08354025960975761,0.07416057765466647
ergo_adaptive,246.91666666666663,0.0839038950713363,0.07427706665532163
ergo_adaptive,247.0,0.08323869071000999,0.07440088780536847
ergo_adaptive,247.08333333333337,0.08338061401874465,0.07451566171482203
ergo_adaptive,247.16666666666663,0.08403848526747802,0.07461508523415097
ergo_adaptive,247.25,0.08252287547087911,0.0747078371984854
ergo_adaptive,247.33333333333337,0.08282258270323062,0.07480331065036765
ergo_adaptive,247.41666666666663,0.08287925994268304,0.074904183411057
ergo_adaptive,247.5,0.08242553507934086,0.07500723966131609
ergo_adaptive,247.58333333333337,0.08254050504840757,0.07511381398938573
ergo_adaptive,247.66666666666663,0.08306984875614297,0.07522277590433679
ergo_adaptive,247.75,0.08207430269004866,0.07533388277161843
ergo_adaptive,247.83333333333337,0.0804317503172571,0.07545058393638839
ergo_adaptive,247.91666666666663,0.08105954579432297,0.07559146672169884
ergo_adaptive,248.0,0.08070364461198307,0.07573646039094611
ergo_adaptive,248.08333333333337,0.08069969930161881,0.0758703073468651
ergo_adaptive,248.16666666666663,0.08057800185948152,0.07598421318206391
ergo_adaptive,248.25,0.08064486409074396,0.07607751788573108
ergo_adaptive,248.33333333333337,0.08147407780346666,0.0761539124514024
ergo_adaptive,248.41666666666663,0.08290456689440415,0.07621240731927938
ergo_adaptive,248.5,0.08259764557426863,0.0762447550879829
ergo_adaptive,248.58333333333337,0.08419112235139938,0.07625377579350187
ergo_adaptive,248.66666666666663,0.08560712441592272,0.076254619740444
ergo_adaptive,248.75,0.08445403305138001,0.07625831061921616
ergo_adaptive,248.83333333333337,0.08335132417569249,0.07625805256552917
ergo_adaptive,248.91666666666663,0.08404380561964749,0.07625156734651979
ergo_adaptive,249.0,0.08384141839013355,0.07624586708768497
ergo_adaptive,249.08333333333337,0.08179873841580414,0.0762441048200062
ergo_adaptive,249.16666666666663,0.08104084795439537,0.07624976088717943
ergo_adaptive,249.25,0.08223945194543943,0.07626237148288234
ergo_adaptive,249.33333333333337,0.0827280862169518,0.07627284732818444
ergo_adaptive,249.41666666666663,0.08190872063628378,0.0762870866758888
ergo_adaptive,249.5,0.0819860577576353,0.07630444108867568
ergo_adaptive,249.58333333333337,0.08156387790794893,0.07631753487625029
ergo_adaptive,249.66666666666663,0.08092658415514298,0.0763265478066377
ergo_adaptive,249.75,0.08221660677221787,0.07633506519311047
ergo_adaptive,249.83333333333337,0.08167257917555389,0.07634462327976621
ergo_adaptive,249.91666666666663,0.0828732200273746,0.07634614346953178
ergo_adaptive,250.0,0.0814442240382224,0.07634726833678136
ergo_adaptive,250.08333333333337,0.08098258349399888,0.07634009100647957
ergo_adaptive,250.16666666666663,0.08022077794370487,0.07634318783765143
ergo_adaptive,250.25,0.07938035089525915,0.0763612596782741
ergo_adaptive,250.33333333333337,0.07967686891229032,0.07636714740891073
ergo_adaptive,250.41666666666663,0.08053115779015017,0.0763378966197314
ergo_adaptive,250.5,0.08172924080954261,0.07630120886914434
ergo_adaptive,250.58333333333337,0.08318507411409401,0.07627940279769369
ergo_adaptive,250.66666666666663,0.08066132313261143,0.0762658156145467
ergo_adaptive,250.75,0.0814898947896865,0.07623998602891327
ergo_adaptive,250.83333333333337,0.08343118765500435,0.07620002261886973
ergo_adaptive,250.91666666666663,0.08318843882612219,0.07616905894374651
ergo_adaptive,251.0,0.0837376645399571,0.07615746224038743
ergo_adaptive,251.08333333333337,0.08382248496694446,0.07613670024864722
ergo_adaptive,251.16666666666663,0.083088415170026,0.07608572387135869
ergo_adaptive,251.25,0.08181386862494903,0.07602643062720724
ergo_adaptive,251.33333333333337,0.08356762962998512,0.075990584736068
ergo_adaptive,251.41666666666663,0.08481160380464493,0.0759531915109359
ergo_adaptive,251.5,0.08205821208844308,0.0758869888843696
ergo_adaptive,251.58333333333337,0.08497582320984703,0.07580247233250742
ergo_adaptive,251.66666666666663,0.07985157798691493,0.07572313921844907
ergo_adaptive,251.75,0.07868109296974543,0.07565308740536736
ergo_adaptive,251.83333333333337,0.07784726507386747,0.07558304154395189
ergo_adaptive,251.91666666666663,0.07812114696930879,0.07550556341312686
ergo_adaptive,252.0,0.07849215133624456,0.07542772656913636
ergo_adaptive,252.08333333333337,0.07948416801472354,0.07536781447956503
ergo_adaptive,252.16666666666663,0.07857580607643969,0.07533360955981533
ergo_adaptive,252.25,0.07746552471472358,0.07526213540890983
ergo_adaptive,252.33333333333337,0.0769990269060822,0.07514186633099933
ergo_adaptive,252.41666666666663,0.0765735493800963,0.07500289041657424
ergo_adaptive,252.5,0.07510677594980109,0.07486419153998955
ergo_adaptive,252.58333333333337,0.07697177017105969,0.07471990488650458
ergo_adaptive,252.66666666666663,0.07689120199186927,0.07455510085633064
ergo_adaptive,252.75,0.07668040249155471,0.07436495561302005
ergo_adaptive,252.83333333333337,0.07461817299263343,0.07415851973627378
ergo_adaptive,252.91666666666663,0.07168688080291812,0.07397209946625795
ergo_adaptive,253.0,0.07257492314176257,0.07378437666294296
ergo_adaptive,253.08333333333337,0.07176558794193304,0.07349863563267334
ergo_adaptive,253.16666666666663,0.07219976279146674,0.073137674860625
ergo_adaptive,253.25,0.069973643829962,0.07275174643123639
ergo_adaptive,253.33333333333337,0.07218945764783308,0.07238722368138639
ergo_adaptive,253.41666666666663,0.0717402930082148,0.07207979154002118
ergo_adaptive,253.5,0.07222009506902635,0.07180275967017116
ergo_adaptive,253.58333333333337,0.07143132673489395,0.07140225868005441
ergo_adaptive,253.66666666666663,0.06865681524189776,0.07092154641676933
ergo_adaptive,253.75,0.06542976036248935,0.0704586283082887
ergo_adaptive,253.83333333333337,0.06474262242634489,0.07016764536012784
ergo_adaptive,253.91666666666663,0.06631090080187838,0.07006183448838399
ergo_adaptive,254.0,0.06489931928804656,0.07004604773311335
ergo_adaptive,254.08333333333337,0.06575824318874143,0.07001760517671592
ergo_adaptive,254.16666666666663,0.06611780355926741,0.06996058571197383
ergo_adaptive,254.25,0.06452864639369363,0.06989879612529333
ergo_adaptive,254.33333333333337,0.06688640095224958,0.06985605766119339
ergo_adaptive,254.41666666666663,0.06683787775662633,0.06982797020445224
ergo_adaptive,254.5,0.06905942758640395,0.06979754406742743
ergo_adaptive,254.58333333333337,0.06959740742343551,0.06975903319201049
ergo_adaptive,254.66666666666663,0.0682634920304702,0.0697246445694595
ergo_adaptive,254.75,0.06874867251261262,0.06971072463403527
ergo_adaptive,254.83333333333337,0.06925455734770218,0.06970514877688903
ergo_adaptive,254.91666666666663,0.06880296424045881,0.06969027758926398
ergo_adaptive,255.0,0.06932402842131827,0.06967339703268989
ergo_adaptive,255.08333333333337,0.06868508929595307,0.06967644141728561
ergo_adaptive,255.16666666666663,0.07044024409425383,0.06968909872925977
ergo_adaptive,255.25,0.07179235237334636,0.06967407481131024
ergo_adaptive,255.33333333333337,0.07366152230594443,0.0696318590245561
ergo_adaptive,255.41666666666663,0.07197386905037313,0.06960360333383102
ergo_adaptive,255.5,0.07319648451319596,0.06960348754177799
ergo_adaptive,255.58333333333337,0.07425994473233552,0.06958370568687672
ergo_adaptive,255.66666666666663,0.07559444645825508,0.06953336888742426
ergo_adaptive,255.75,0.07593121003680792,0.06948502355027884
ergo_adaptive,255.83333333333337,0.07626377880175388,0.0694734028674032
ergo_adaptive,255.91666666666663,0.07689577535237214,0.06945684891865687
ergo_adaptive,256.0,0.07760398450568591,0.06940842474195544
ergo_adaptive,256.08333333333337,0.0782305833354312,0.06936440702242548
ergo_adaptive,256.16666666666663,0.07839491559483268,0.06935363315443839
ergo_adaptive,256.25,0.07989555741763063,0.06935937777119133
ergo_adaptive,256.33333333333337,0.07876294991847572,0.06933691673287262
ergo_adaptive,256.41666666666663,0.07818797550787977,0.06930464293827018
ergo_adaptive,256.5,0.07940006068861567,0.06930190693972689
ergo_adaptive,256.58333333333337,0.08011142517108905,0.06933694530775639
ergo_adaptive,256.66666666666663,0.07860476836555667,0.06935251958679335
ergo_adaptive,256.75,0.08071403364257905,0.06934547455498599
ergo_adaptive,256.83333333333337,0.08064425308847037,0.06934935157699942
ergo_adaptive,256.91666666666663,0.08210103153164558,0.06939666642789633
ergo_adaptive,257.0,0.08129867551014001,0.06944023031059432
ergo_adaptive,257.08333333333337,0.08308746490041226,0.06946752709833356
ergo_adaptive,257.16666666666663,0.08366616887164786,0.06950732908361441
ergo_adaptive,257.25,0.08278937097537661,0.06956969591277619
ergo_adaptive,257.33333333333337,0.08351795261080143,0.06964339098550339
ergo_adaptive,257.41666666666663,0.0853508646527448,0.06970650712260353
ergo_adaptive,257.5,0.08384693488789058,0.06976321459934734
ergo_adaptive,257.58333333333337,0.08376500162244246,0.06983412968708164
ergo_adaptive,257.66666666666663,0.08192103691569301,0.06992097411458323
ergo_adaptive,257.75,0.0805704398453743,0.07000720001143987
ergo_adaptive,257.83333333333337,0.08076654868059722,0.0700924242868927
ergo_adaptive,257.91666666666663,0.08048771451430022,0.0701855885678453
ergo_adaptive,258.0,0.07941336246074691,0.0702926836174501
ergo_adaptive,258.08333333333337,0.07929262155144046,0.07040639215432874
ergo_adaptive,258.16666666666663,0.07869133797540215,0.0705233220180131
ergo_adaptive,258.25,0.07842351764541763,0.0706478774244677
ergo_adaptive,258.33333333333337,0.0757832522375521,0.07077548154692474
ergo_adaptive,258.41666666666663,0.07462549306797503,0.07090360580256197
ergo_adaptive,258.5,0.07394132773030887,0.0710342580695891
ergo_adaptive,258.58333333333337,0.07315569624048242,0.07117038843533956
ergo_adaptive,258.66666666666663,0.07435233133829124,0.07131892528507679
ergo_adaptive,258.75,0.07344566435943489,0.07146834971573165
ergo_adaptive,258.83333333333337,0.07448483476920019,0.07160742914891235
ergo_adaptive,258.91666666666663,0.07406516111756319,0.07172842123531019
ergo_adaptive,259.0,0.0733638294259326,0.07182352550700459
ergo_adaptive,259.08333333333337,0.07276509960655538,0.0718937024278443
ergo_adaptive,259.16666666666663,0.07351753499004923,0.07199617991182172
ergo_adaptive,259.25,0.07307512201173046,0.07212163069674013
ergo_adaptive,259.33333333333337,0.07372258263534687,0.07224902405712143
ergo_adaptive,259.41666666666663,0.07462573413599911,0.07236270682301638
ergo_adaptive,259.5,0.07409559452519106,0.07245777544036137
ergo_adaptive,259.58333333333337,0.07501936785325503,0.07254078636383297
ergo_adaptive,259.66666666666663,0.07647607809967803,0.07262299669677846
ergo_adaptive,259.75,0.07624975812343551,0.0727075280470908
ergo_adaptive,259.83333333333337,0.073291045253661,0.07278812509524274
ergo_adaptive,259.91666666666663,0.07195458476976843,0.07286863218962646
ergo_adaptive,260.0,0.07223346883795924,0.07296482395046465
ergo_adaptive,260.08333333333337,0.0720426183902556,0.07307406362002036
ergo_adaptive,260.16666666666663,0.07103137044066465,0.07317771874972297
ergo_adaptive,260.25,0.07122606211075597,0.07327751887588525
ergo_adaptive,260.33333333333337,0.06978562070110202,0.07337871405780311
ergo_adaptive,260.41666666666663,0.07041631452276874,0.07349424542810788
ergo_adaptive,260.5,0.07018387952661072,0.07361271480229659
ergo_adaptive,260.58333333333337,0.06933836077654303,0.0737276481036671
ergo_adaptive,260.66666666666663,0.06964479607931182,0.07383420620389303
ergo_adaptive,260.75,0.06906628623603404,0.07392979316082623
ergo_adaptive,260.83333333333337,0.06886958331301764,0.07402109357570279
ergo_adaptive,260.91666666666663,0.06923837183565427,0.07409403691429216
ergo_adaptive,261.0,0.069556783667085,0.07413059699475097
ergo_adaptive,261.08333333333337,0.06953750849120387,0.07414535702796056
ergo_adaptive,261.16666666666663,0.06892374879527488,0.07415985882370173
ergo_adaptive,261.25,0.06944299950641018,0.07417522134311832
ergo_adaptive,261.33333333333337,0.06939184770824347,0.07418183210879566
ergo_adaptive,261.41666666666663,0.06922238782107236,0.07417579490307104
ergo_adaptive,261.5,0.06898936037351655,0.0741612337580523
ergo_adaptive,261.58333333333337,0.06681013733524752,0.0741474221034803
ergo_adaptive,261.66666666666663,0.06678676715887223,0.07414934586332027
ergo_adaptive,261.75,0.06727885474498903,0.07420274855056486
ergo_adaptive,261.83333333333337,0.06766585384237542,0.07430340346162748
ergo_adaptive,261.91666666666663,0.06833906624946148,0.07441591842375882
ergo_adaptive,262.0,0.06844325052499553,0.07450130520250477
ergo_adaptive,262.08333333333337,0.06935388625477101,0.074563771198691
ergo_adaptive,262.16666666666663,0.06959039853058431,0.07462351067076295
ergo_adaptive,262.25,0.06968239011651618,0.07469549365712587
ergo_adaptive,262.33333333333337,0.07035391427021406,0.07474236513029903
ergo_adaptive,262.41666666666663,0.06995733031782514,0.07475734384393401
ergo_adaptive,262.5,0.07042599141822309,0.0747636109160926
ergo_adaptive,262.58333333333337,0.06921262700335137,0.07478816482636166
ergo_adaptive,262.66666666666663,0.07227097054271354,0.0748021944325452
ergo_adaptive,262.75,0.07213185991251618,0.07478242784333568
ergo_adaptive,262.83333333333337,0.07124886140682787,0.0747466003484553
ergo_adaptive,262.91666666666663,0.07218964577708993,0.07472345061093591
ergo_adaptive,263.0,0.07376245945899214,0.0747030208695431
ergo_adaptive,263.08333333333337,0.07413417127582696,0.07463933625577888
ergo_adaptive,263.16666666666663,0.07280297864100385,0.07454048001013622
ergo_adaptive,263.25,0.07143451318539693,0.07443292400291757
ergo_adaptive,263.33333333333337,0.071680257451255,0.07432621080327326
ergo_adaptive,263.41666666666663,0.07253239933706165,0.07417340428141617
ergo_adaptive,263.5,0.07534914329951116,0.07396385145089399
ergo_adaptive,263.58333333333337,0.074273897466245,0.07371949340680091
ergo_adaptive,263.66666666666663,0.07332833168830297,0.07347818972540476
ergo_adaptive,263.75,0.07436606428192742,0.07324982569204636
ergo_adaptive,263.83333333333337,0.07446565859670115,0.07302656169359041
ergo_adaptive,263.91666666666663,0.07458712128844014,0.07282001750856874
ergo_adaptive,264.0,0.0757536406861366,0.07264842260703074
ergo_adaptive,264.08333333333337,0.07706321038909651,0.07251098381470462
ergo_adaptive,264.16666666666663,0.07928729544207107,0.07237667178036303
ergo_adaptive,264.25,0.08034591122047713,0.07223284330783113
ergo_adaptive,264.33333333333337,0.07921149124995802,0.07209078474864648
ergo_adaptive,264.41666666666663,0.07944971520312835,0.0719683176951474
ergo_adaptive,264.5,0.07660850510718605,0.07185812970087882
ergo_adaptive,264.58333333333337,0.07631494656798829,0.07174768497237277
ergo_adaptive,264.66666666666663,0.07724441515596563,0.07164083127851015
ergo_adaptive,264.75,0.07827313689035241,0.0715613632074287
ergo_adaptive,264.83333333333337,0.07730907962009774,0.07151297136338229
ergo_adaptive,264.91666666666663,0.07718782160263593,0.07145743201183762
ergo_adaptive,265.0,0.07560235244070666,0.07139142890381192
ergo_adaptive,265.08333333333337,0.07388323690961465,0.07134659229938829
ergo_adaptive,265.16666666666663,0.0743882255830568,0.07133807255186735
ergo_adaptive,265.25,0.07680933787353915,0.07131533741219676
ergo_adaptive,265.33333333333337,0.07682968850006032,0.07129991377723176
ergo_adaptive,265.41666666666663,0.07535082754612962,0.07129728967591716
ergo_adaptive,265.5,0.07502025947815572,0.07132521338219813
ergo_adaptive,265.58333333333337,0.07206469585573534,0.0713654027992637
ergo_adaptive,265.66666666666663,0.07010292795805206,0.0714123910796098
ergo_adaptive,265.75,0.07112797757150253,0.0714586040603038
ergo_adaptive,265.83333333333337,0.06841711789783005,0.07150648200846742
ergo_adaptive,265.91666666666663,0.06554484036525707,0.07155610865645197
ergo_adaptive,266.0,0.06825922741223898,0.07159809755459208
ergo_adaptive,266.08333333333337,0.06765686739995465,0.07162494653386801
ergo_adaptive,266.16666666666663,0.06464776443688702,0.07165397133592613
ergo_adaptive,266.25,0.06351554638685314,0.07169269784253259
ergo_adaptive,266.33333333333337,0.06485543107253236,0.07170834513776708
ergo_adaptive,266.41666666666663,0.06338772014203217,0.0716939105675113
ergo_adaptive,266.5,0.06240677710904517,0.0716744054160674
ergo_adaptive,266.58333333333337,0.06345097983707756,0.07167006437329264
ergo_adaptive,266.66666666666663,0.06437348248476234,0.0716606598934087
ergo_adaptive,266.75,0.0646091139963293,0.07162322861522852
ergo_adaptive,266.83333333333337,0.06479919722193771,0.07157112967276867
ergo_adaptive,266.91666666666663,0.06595423469138861,0.0715268467422212
ergo_adaptive,267.0,0.06665227127922022,0.07148786785596069
ergo_adaptive,267.08333333333337,0.06359858277408538,0.0714353548878456
ergo_adaptive,267.16666666666663,0.06452869759510667,0.07136716942278705
ergo_adaptive,267.25,0.06259985623240241,0.07130004674337817
ergo_adaptive,267.33333333333337,0.06324399522247591,0.0712395209627993
ergo_adaptive,267.41666666666663,0.06259845760782279,0.07117646803497978
ergo_adaptive,267.5,0.06250986148856984,0.07110211012081533
ergo_adaptive,267.58333333333337,0.062449404383239905,0.07102482436957105
ergo_adaptive,267.66666666666663,0.06082225198017647,0.07095823401833444
ergo_adaptive,267.75,0.058993582545207986,0.07090400842822248
ergo_adaptive,267.83333333333337,0.06022409684617251,0.07082562049641838
ergo_adaptive,267.91666666666663,0.060950494256247253,0.07071825894827924
ergo_adaptive,268.0,0.06169078661889013,0.07061606051907791
ergo_adaptive,268.08333333333337,0.06101578399050544,0.07054494061638755
ergo_adaptive,268.16666666666663,0.05978001694424925,0.07043460144635075
ergo_adaptive,268.25,0.05919971420469406,0.07026703657295907
ergo_adaptive,268.33333333333337,0.059043952134142416,0.07008121651422704
ergo_adaptive,268.41666666666663,0.060002282592823586,0.06990507826380372
ergo_adaptive,268.5,0.056974689093234596,0.06972745521064225
ergo_adaptive,268.58333333333337,0.054475955016938075,0.06951998809900038
ergo_adaptive,268.66666666666663,0.055882000849763525,0.06928855041988745
ergo_adaptive,268.75,0.05562964097128443,0.06905547144784109
ergo_adaptive,268.83333333333337,0.05473413778178841,0.0688355102910539
ergo_adaptive,268.91666666666663,0.053461977311453024,0.06860830279933178
ergo_adaptive,269.0,0.054732578134625905,0.06833424437491968
ergo_adaptive,269.08333333333337,0.05375970430257695,0.0680243676033201
ergo_adaptive,269.16666666666663,0.05491052403538169,0.0677489078475131
ergo_adaptive,269.25,0.05461534202170169,0.06749573448260694
ergo_adaptive,269.33333333333337,0.05483187213837864,0.06715244764787258
ergo_adaptive,269.41666666666663,0.055990855563346036,0.06673516564991386
ergo_adaptive,269.5,0.05692614392968458,0.06631424613595564
ergo_adaptive,269.58333333333337,0.054324121130808735,0.06592274414429317
ergo_adaptive,269.66666666666663,0.05525323416004085,0.06552325342045774
ergo_adaptive,269.75,0.05722508480343042,0.06509162041121132
ergo_adaptive,269.83333333333337,0.056407151156221094,0.06464695646940165
ergo_adaptive,269.91666666666663,0.05680749839384867,0.06421880508774427
ergo_adaptive,270.0,0.053704900986690875,0.06381734335915593
ergo_adaptive,270.08333333333337,0.05663316498208318,0.06339826506746532
ergo_adaptive,270.16666666666663,0.05775103011546898,0.06294709819454643
ergo_adaptive,270.25,0.06098976039260459,0.06250230048022658
ergo_adaptive,270.33333333333337,0.06292992778806517,0.062117553914601054
ergo_adaptive,270.41666666666663,0.06375193088065802,0.06171503733380186
ergo_adaptive,270.5,0.0650084937641507,0.06122820150874539
ergo_adaptive,270.58333333333337,0.06531189715996738,0.06072207789376364
ergo_adaptive,270.66666666666663,0.06655236863107493,0.06030173941206334
ergo_adaptive,270.75,0.0707365077406824,0.05992145969406705
ergo_adaptive,270.83333333333337,0.0736213632610702,0.059437434369989765
ergo_adaptive,270.91666666666663,0.07593377358499068,0.05890235697283395
ergo_adaptive,271.0,0.07696492911044742,0.058444775608007225
ergo_adaptive,271.08333333333337,0.07572766098417345,0.05809299421512119
ergo_adaptive,271.16666666666663,0.07602836681155346,0.05764535784728763
ergo_adaptive,271.25,0.07857040564363033,0.05711152228688393
ergo_adaptive,271.33333333333337,0.07979791028720895,0.056623954186751334
ergo_adaptive,271.41666666666663,0.08240943873955991,0.05625343411198832
ergo_adaptive,271.5,0.08303407566495107,0.055862934551126356
ergo_adaptive,271.58333333333337,0.08630081577022918,0.05537960702010159
ergo_adaptive,271.66666666666663,0.08692162394229802,0.05489462852115336
ergo_adaptive,271.75,0.08870873662138258,0.05451453535989804
ergo_adaptive,271.83333333333337,0.089472346225678,0.054191451172566
ergo_adaptive,271.91666666666663,0.0907484064788983,0.05378387767790131
ergo_adaptive,272.0,0.09094302970226444,0.05334226984858529
ergo_adaptive,272.08333333333337,0.09084422229522611,0.05297299344303752
ergo_adaptive,272.16666666666663,0.09146261717612902,0.05270451534807503
ergo_adaptive,272.25,0.09265252510073688,0.05237623851409982
ergo_adaptive,272.33333333333337,0.0940089345924788,0.051987330958218274
ergo_adaptive,272.41666666666663,0.09509839169011239,0.05164049333886347
ergo_adaptive,272.5,0.09446145599028029,0.05141222500588636
ergo_adaptive,272.58333333333337,0.09548124070398473,0.05117079910206443
ergo_adaptive,272.66666666666663,0.09529965905507778,0.050850318098010924
ergo_adaptive,272.75,0.09719728924476734,0.05053664417892727
ergo_adaptive,272.83333333333337,0.09696402880281867,0.050327537954890186
ergo_adaptive,272.91666666666663,0.09660767526266031,0.050172075176818626
ergo_adaptive,273.0,0.0964041366804586,0.04993916300995459
ergo_adaptive,273.08333333333337,0.09473102828600836,0.049680943729527645
ergo_adaptive,273.16666666666663,0.09460192040211915,0.04947596689358922
ergo_adaptive,273.25,0.09304508431230324,0.049311525652248084
ergo_adaptive,273.33333333333337,0.09252878138894198,0.04910538240579196
ergo_adaptive,273.41666666666663,0.09504612893376442,0.048879957375597985
ergo_adaptive,273.5,0.09297411714924916,0.04867652933635282
ergo_adaptive,273.58333333333337,0.09028279337737741,0.048467249604054775
ergo_adaptive,273.66666666666663,0.09095882087317045,0.04855167042652315
ergo_adaptive,273.75,0.092387085336034,0.048749658818579546
ergo_adaptive,273.83333333333337,0.09251030056042552,0.04894542248448984
ergo_adaptive,273.91666666666663,0.09296638486667219,0.049118363722989854
ergo_adaptive,274.0,0.09346013505280826,0.04927792355894884
ergo_adaptive,274.08333333333337,0.09291694175936166,0.04938839429905503
ergo_adaptive,274.16666666666663,0.09223080455783161,0.04941050778297539
ergo_adaptive,274.25,0.09129473076480603,0.049456212746829424
ergo_adaptive,274.33333333333337,0.09125152648591874,0.049628937511268706
ergo_adaptive,274.41666666666663,0.09192869437386655,0.04984807042958587
ergo_adaptive,274.5,0.09253612692448064,0.05003456541800667
ergo_adaptive,274.58333333333337,0.09285575935299079,0.05015986903246006
ergo_adaptive,274.66666666666663,0.09361422959248969,0.05022844391955812
ergo_adaptive,274.75,0.09510478737251586,0.050251253560021074
ergo_adaptive,274.83333333333337,0.0961991310891699,0.050179978171806514
ergo_adaptive,274.91666666666663,0.09693165441168135,0.049958440435863026
ergo_adaptive,275.0,0.09777675219333722,0.049645263458144115
ergo_adaptive,275.08333333333337,0.09854582465745744,0.049343496517137854
ergo_adaptive,275.16666666666663,0.09808546788097759,0.049092650988988816
ergo_adaptive,275.25,0.0954662466611661,0.048826755562465546
ergo_adaptive,275.33333333333337,0.09349180369369017,0.04853221234985378
ergo_adaptive,275.41666666666663,0.09176708458867164,0.04827366509561325
ergo_adaptive,275.5,0.09129916499896522,0.048314007435428574
ergo_adaptive,275.58333333333337,0.09067977032722274,0.048490574298986525
ergo_adaptive,275.66666666666663,0.09164306595686579,0.04870765750725512
ergo_adaptive,275.75,0.09139083413610312,0.048921276283430085
ergo_adaptive,275.83333333333337,0.0918384518193835,0.04910174055084675
ergo_adaptive,275.91666666666663,0.09223840117710923,0.04923831905934406
ergo_adaptive,276.0,0.09256250703923795,0.04933851294039042
ergo_adaptive,276.08333333333337,0.09297936494794137,0.04942937329847444
ergo_adaptive,276.16666666666663,0.09467929337774864,0.049524882597713586
ergo_adaptive,276.25,0.0963376143734491,0.04961373280930761
ergo_adaptive,276.33333333333337,0.09839902763374571,0.04969947052735545
ergo_adaptive,276.41666666666663,0.09807610873435288,0.049791865429795946
ergo_adaptive,276.5,0.09834595888492952,0.049854872694324655
ergo_adaptive,276.58333333333337,0.09886301314267426,0.04985882415017098
ergo_adaptive,276.66666666666663,0.10040138856606341,0.04983401074252611
ergo_adaptive,276.75,0.09910791465891543,0.04982772060018038
ergo_adaptive,276.83333333333337,0.09775230034743156,0.0498458287878028
ergo_adaptive,276.91666666666663,0.09698589317879261,0.04985315537963822
ergo_adaptive,277.0,0.09698742742107311,0.0498529821468195
ergo_adaptive,277.08333333333337,0.0964577890926649,0.049895515668907445
ergo_adaptive,277.16666666666663,0.09748700441136891,0.0500602538508851
ergo_adaptive,277.25,0.09800657133857141,0.05027284557724356
ergo_adaptive,277.33333333333337,0.09690725815419651,0.05049148520792627
ergo_adaptive,277.41666666666663,0.09711366218182636,0.050700077135950275
ergo_adaptive,277.5,0.09799458196198381,0.050883069025252844
ergo_adaptive,277.58333333333337,0.09967006900819356,0.051037353448918216
ergo_adaptive,277.66666666666663,0.10035703269084618,0.051148809064015054
ergo_adaptive,277.75,0.10094071861371105,0.051213627453415816
ergo_adaptive,277.83333333333337,0.10055378082249039,0.05125503003628307
ergo_adaptive,277.91666666666663,0.10035816387799715,0.05130564987339143
ergo_adaptive,278.0,0.09930618782855206,0.0513681844676771
ergo_adaptive,278.08333333333337,0.09944481017737801,0.05143051867357246
ergo_adaptive,278.16666666666663,0.09938149880857686,0.0514942773990561
ergo_adaptive,278.25,0.09868124479735567,0.05156291484424355
ergo_adaptive,278.33333333333337,0.10074985016505211,0.05164398908153406
ergo_adaptive,278.41666666666663,0.10157555699516727,0.05172487445900347
ergo_adaptive,278.5,0.10073943342576566,0.05179440782164881
ergo_adaptive,278.58333333333337,0.10174262785453607,0.05185988245405528
ergo_adaptive,278.66666666666663,0.10076059014767222,0.051915435381439085
ergo_adaptive,278.75,0.10052581777757591,0.051929652774362234
ergo_adaptive,278.83333333333337,0.10115991793625884,0.05187515999333379
ergo_adaptive,278.91666666666663,0.10172771272932796,0.051763672757883024
ergo_adaptive,279.0,0.10138054844625612,0.05162732126229173
ergo_adaptive,279.08333333333337,0.09870636143690983,0.05146573613917288
ergo_adaptive,279.16666666666663,0.09838495031802975,0.051510925372413766
ergo_adaptive,279.25,0.09850331469962112,0.05166156408161546
ergo_adaptive,279.33333333333337,0.10011835692327224,0.05183685690026266
ergo_adaptive,279.41666666666663,0.09992833011686475,0.052008633399271344
ergo_adaptive,279.5,0.09920126178807433,0.05217137249773875
ergo_adaptive,279.58333333333337,0.10039842911292957,0.05232352590730586
ergo_adaptive,279.66666666666663,0.1001955546742356,0.052454533639405033
ergo_adaptive,279.75,0.10073564686505247,0.05256148611779096
ergo_adaptive,279.83333333333337,0.10072201268901192,0.05265399018607253
ergo_adaptive,279.91666666666663,0.10181750953321406,0.052747858557986894
ergo_adaptive,280.0,0.10217827700490424,0.052837851990685615
ergo_adaptive,280.08333333333337,0.10190186421129972,0.05291708377486331
ergo_adaptive,280.16666666666663,0.10224410581506035,0.052993596565367784
ergo_adaptive,280.25,0.10082771363203996,0.053082884148682924
ergo_adaptive,280.33333333333337,0.10299646106743461,0.05318277046236255
ergo_adaptive,280.41666666666663,0.10268972026736942,0.05327797537576267
ergo_adaptive,280.5,0.10514989785391628,0.053372306925350846
ergo_adaptive,280.58333333333337,0.10548057910141728,0.05346958365747402
ergo_adaptive,280.66666666666663,0.10572608354314075,0.053555274673629666
ergo_adaptive,280.75,0.10501905355236484,0.053610211692708055
ergo_adaptive,280.83333333333337,0.10448802056520885,0.05364765943871824
ergo_adaptive,280.91666666666663,0.1039348809001297,0.05368241805917795
ergo_adaptive,281.0,0.10429758098071922,0.05372256805111799
ergo_adaptive,281.08333333333337,0.10434635226085445,0.05376889101442861
ergo_adaptive,281.16666666666663,0.10361691731940027,0.05384283170844301
ergo_adaptive,281.25,0.103078520826398,0.05397978877768171
ergo_adaptive,281.33333333333337,0.10368292763665359,0.05417091013420987
ergo_adaptive,281.41666666666663,0.10240887626797289,0.05437392464612687
ergo_adaptive,281.5,0.10231021591200275,0.054596635242544767
ergo_adaptive,281.58333333333337,0.10298391338320355,0.05480939667843891
ergo_adaptive,281.66666666666663,0.10354500043800696,0.054993857210452454
ergo_adaptive,281.75,0.1026669725114404,0.05515053776686539
ergo_adaptive,281.83333333333337,0.10289954517892479,0.055282900054004123
ergo_adaptive,281.91666666666663,0.10483808439887199,0.05538078402053629
ergo_adaptive,282.0,0.10636261042816081,0.05544248033512691
ergo_adaptive,282.08333333333337,0.10763970891427939,0.0554853575343954
ergo_adaptive,282.16666666666663,0.10892572149941573,0.05553528846338322
ergo_adaptive,282.25,0.10747118402221921,0.05557880222538224
ergo_adaptive,282.33333333333337,0.10697490852759083,0.05559964650154297
ergo_adaptive,282.41666666666663,0.10757465215370718,0.055608436164165984
ergo_adaptive,282.5,0.10771347760177297,0.055626773967757955
ergo_adaptive,282.58333333333337,0.10831885444590962,0.055651932509220084
ergo_adaptive,282.66666666666663,0.10807623243717308,0.055665409193781705
ergo_adaptive,282.75,0.10890114751997605,0.05567230363013069
ergo_adaptive,282.83333333333337,0.11008791723170208,0.05568827049621319
ergo_adaptive,282.91666666666663,0.1102484116819584,0.05571880222551946
ergo_adaptive,283.0,0.11049099510135386,0.055746915345565626
ergo_adaptive,283.08333333333337,0.11086315443173125,0.055773051070223824
ergo_adaptive,283.16666666666663,0.11043954246116276,0.05580507955042441
ergo_adaptive,283.25,0.11162703770139137,0.055836820632934235
ergo_adaptive,283.33333333333337,0.11166644911869708,0.055844046895932094
ergo_adaptive,283.41666666666663,0.1104139055633094,0.05581812739942028
ergo_adaptive,283.5,0.11219042521665593,0.05576053523254827
ergo_adaptive,283.58333333333337,0.10998749907421175,0.05566543496582203
ergo_adaptive,283.66666666666663,0.11019697653227509,0.055512982133446034
ergo_adaptive,283.75,0.10931548591044205,0.055315628806061265
ergo_adaptive,283.83333333333337,0.10561443789033026,0.055131314762783205
ergo_adaptive,283.91666666666663,0.10552325850043917,0.05506192529765959
ergo_adaptive,284.0,0.10613604850828808,0.055101912887834024
ergo_adaptive,284.08333333333337,0.10553033608396081,0.05519607793697863
ergo_adaptive,284.16666666666663,0.1051450301279222,0.05534963583317707
ergo_adaptive,284.25,0.10585739097849146,0.05551992940202498
ergo_adaptive,284.33333333333337,0.10592655224101973,0.05568229566930544
ergo_adaptive,284.41666666666663,0.10716574251193123,0.055829804820345955
ergo_adaptive,284.5,0.10685055716987091,0.05595863790983646
ergo_adaptive,284.58333333333337,0.10774633432085115,0.05606577155891743
ergo_adaptive,284.66666666666663,0.10797619864934062,0.05615394499179803
ergo_adaptive,284.75,0.10758209583599754,0.05623219780487755
ergo_adaptive,284.83333333333337,0.10903225095773764,0.05630662076338977
ergo_adaptive,284.91666666666663,0.10842108934108464,0.056371091054385064
ergo_adaptive,285.0,0.10996481929563558,0.056422384748430615
ergo_adaptive,285.08333333333337,0.10995333103661997,0.05647029980359998
ergo_adaptive,285.16666666666663,0.10926640424028229,0.05652870471872239
ergo_adaptive,285.25,0.1072921622281085,0.05658125910664686
ergo_adaptive,285.33333333333337,0.10967959760345862,0.056622201551383665
ergo_adaptive,285.41666666666663,0.10769006223026605,0.05665937971274541
ergo_adaptive,285.5,0.108704520193574,0.05671035140336052
ergo_adaptive,285.58333333333337,0.10940636129459769,0.05676753269255971
ergo_adaptive,285.66666666666663,0.11023199856732381,0.05682276693274525
ergo_adaptive,285.75,0.11189376060284499,0.056878554795759116
ergo_adaptive,285.83333333333337,0.11156424998897889,0.05694368219902359
ergo_adaptive,285.91666666666663,0.1124912945716969,0.057018382481261225
ergo_adaptive,286.0,0.11333341266204311,0.05709693743399321
ergo_adaptive,286.08333333333337,0.11260961168291697,0.05717889361424251
ergo_adaptive,286.16666666666663,0.11356400340636633,0.057265482205490735
ergo_adaptive,286.25,0.1122421440502421,0.05736333939449891
ergo_adaptive,286.33333333333337,0.11277478774222896,0.05747018337761168
ergo_adaptive,286.41666666666663,0.11292279916305648,0.05757552042810229
ergo_adaptive,286.5,0.11289149719306733,0.05768320408449116
ergo_adaptive,286.58333333333337,0.11265545922215117,0.057801438834816005
ergo_adaptive,286.66666666666663,0.11162944981145921,0.05793068483382303
ergo_adaptive,286.75,0.11144075707134603,0.058075328737858214
ergo_adaptive,286.83333333333337,0.11078769774441305,0.058255380020876574
ergo_adaptive,286.91666666666663,0.11031866860256796,0.05844802222611075
ergo_adaptive,287.0,0.11015650166425481,0.058651497982334544
ergo_adaptive,287.08333333333337,0.10961741707197348,0.05885490448626533
ergo_adaptive,287.16666666666663,0.10906933501421641,0.05904109326266346
ergo_adaptive,287.25,0.1098388131435493,0.05920414261181749
ergo_adaptive,287.33333333333337,0.1111428496373911,0.05934317512857619
ergo_adaptive,287.41666666666663,0.11178528536743701,0.05945536357860373
ergo_adaptive,287.5,0.11244561064679946,0.05954495236901749
ergo_adaptive,287.58333333333337,0.1118346367292573,0.05962575342563173
ergo_adaptive,287.66666666666663,0.11298863824428614,0.05970206858609431
ergo_adaptive,287.75,0.11402623194430074,0.059758643763485365
ergo_adaptive,287.83333333333337,0.1147637033853816,0.05979429418697848
ergo_adaptive,287.91666666666663,0.11414108868339122,0.05982564346292811
ergo_adaptive,288.0,0.11326679792852958,0.05986450493379382
ergo_adaptive,288.08333333333337,0.11218780943535996,0.05988452695097623
ergo_adaptive,288.16666666666663,0.11068265235150584,0.05988284536910389
ergo_adaptive,288.25,0.111781314495193,0.05987373082703293
ergo_adaptive,288.33333333333337,0.11203089924066661,0.059878061741068286
ergo_adaptive,288.41666666666663,0.11302875270146077,0.05987990602842548
ergo_adaptive,288.5,0.11296875740433768,0.05986375789903895
ergo_adaptive,288.58333333333337,0.11546777671924423,0.05984426118080568
ergo_adaptive,288.66666666666663,0.11564217835825667,0.05983650728361002
ergo_adaptive,288.75,0.11557443220593597,0.05983493800837984
ergo_adaptive,288.83333333333337,0.11391963587645557,0.0598202698279461
ergo_adaptive,288.91666666666663,0.11482696977014913,0.059800865583456875
ergo_adaptive,289.0,0.1150682983398119,0.05979176616221124
ergo_adaptive,289.08333333333337,0.11533816266676444,0.05979666281950329
ergo_adaptive,289.16666666666663,0.11689013846431305,0.05979884767478907
ergo_adaptive,289.25,0.11720465577405186,0.05979564599236179
ergo_adaptive,289.33333333333337,0.11589874569530305,0.059793392144429594
ergo_adaptive,289.41666666666663,0.1145657714242467,0.05979290489150314
ergo_adaptive,289.5,0.115237805575228,0.05977035802290482
ergo_adaptive,289.58333333333337,0.11678923647890328,0.05971950928609917
ergo_adaptive,289.66666666666663,0.11675995398589498,0.059642598159449806
ergo_adaptive,289.75,0.11491329820649683,0.059550112953737515
ergo_adaptive,289.83333333333337,0.11482956539583945,0.059436698434727056
ergo_adaptive,289.91666666666663,0.1133910506249268,0.05929780861506675
ergo_adaptive,290.0,0.1096272959122932,0.05917097869885334
ergo_adaptive,290.08333333333337,0.11071258459653187,0.05922034120116456
ergo_adaptive,290.16666666666663,0.10907848642239142,0.05929425738363208
ergo_adaptive,290.25,0.10864996286123355,0.05944306988271786
ergo_adaptive,290.33333333333337,0.1084402280191895,0.05961983376955923
ergo_adaptive,290.41666666666663,0.10880011402321088,0.05979426439690042
ergo_adaptive,290.5,0.10964251050979879,0.05995186293480846
ergo_adaptive,290.58333333333337,0.11001288598338012,0.06008379431294794
ergo_adaptive,290.66666666666663,0.10974430126443614,0.06018858571553755
ergo_adaptive,290.75,0.11096759733526909,0.06027280504745947
ergo_adaptive,290.83333333333337,0.11034450514895533,0.060342283045321014
ergo_adaptive,290.91666666666663,0.11074934453584909,0.06039696417758308
ergo_adaptive,291.0,0.11091585214369809,0.06043701541914586
ergo_adaptive,291.08333333333337,0.11375358396078651,0.060465699172144595
ergo_adaptive,291.16666666666663,0.11325644288292228,0.06049141175594678
ergo_adaptive,291.25,0.11314332212506696,0.06051371505255172
ergo_adaptive,291.33333333333337,0.11486550738469538,0.060519078746481804
ergo_adaptive,291.41666666666663,0.11567844618957215,0.06051047470266285
ergo_adaptive,291.5,0.11564552186260693,0.06050281533787819
ergo_adaptive,291.58333333333337,0.11623173064596234,0.06050397589747707
ergo_adaptive,291.66666666666663,0.11451930216424056,0.0604890243942372
ergo_adaptive,291.75,0.11411490960341893,0.060459654780917145
ergo_adaptive,291.83333333333337,0.11470164815086668,0.060430130016027775
ergo_adaptive,291.91666666666663,0.11533123003649055,0.06040840942379031
ergo_adaptive,292.0,0.11466488899161674,0.06039525911133137
ergo_adaptive,292.08333333333337,0.11478547348932217,0.06038793353103197
ergo_adaptive,292.16666666666663,0.11430723719442575,0.060387403989392456
ergo_adaptive,292.25,0.11453779816130823,0.060405664806589196
ergo_adaptive,292.33333333333337,0.11516551376403662,0.06045459794094949
ergo_adaptive,292.41666666666663,0.11490056537611502,0.06051086877428874
ergo_adaptive,292.5,0.1151683609843134,0.06055367898374276
ergo_adaptive,292.58333333333337,0.11580713287720219,0.06060150010542134
ergo_adaptive,292.66666666666663,0.11580801679692976,0.06067509093357503
ergo_adaptive,292.75,0.11548556315917397,0.06075351259092416
ergo_adaptive,292.83333333333337,0.11621950029679005,0.06081069747307684
ergo_adaptive,292.91666666666663,0.11701081822152162,0.06086702032116616
ergo_adaptive,293.0,0.11770342105635287,0.060945172709609106
ergo_adaptive,293.08333333333337,0.11605804992013452,0.061042151964042723
ergo_adaptive,293.16666666666663,0.11524207090633813,0.06114369229135538
ergo_adaptive,293.25,0.11469670963133614,0.06124601441082756
ergo_adaptive,293.33333333333337,0.11169518560118047,0.061344299950363654
ergo_adaptive,293.41666666666663,0.11148856082605092,0.0614851917715762
ergo_adaptive,293.5,0.11226183320436088,0.06165684836122702
ergo_adaptive,293.58333333333337,0.1127056002739165,0.0618261752461449
ergo_adaptive,293.66666666666663,0.1139697550793754,0.061979406895850415
ergo_adaptive,293.75,0.11445146224981667,0.06211370578108189
ergo_adaptive,293.83333333333337,0.11390752389634545,0.0622324908540873
ergo_adaptive,293.91666666666663,0.11443342645615401,0.062341185725282286
ergo_adaptive,294.0,0.11485687454947106,0.062465410197992205
ergo_adaptive,294.08333333333337,0.115351490695656,0.0625844114704259
ergo_adaptive,294.16666666666663,0.11536119897809828,0.06269088267946663
ergo_adaptive,294.25,0.11495380753684631,0.0627774140998701
ergo_adaptive,294.33333333333337,0.11643332789013659,0.06285012584216926
ergo_adaptive,294.41666666666663,0.11729179743591074,0.06291744386344214
ergo_adaptive,294.5,0.11714490164269545,0.06297508383123313
ergo_adaptive,294.58333333333337,0.11746616332589377,0.06300902196052134
ergo_adaptive,294.66666666666663,0.117030589008853,0.06302874420104349
ergo_adaptive,294.75,0.11786428350240374,0.06304957189404431
ergo_adaptive,294.83333333333337,0.11855520237813319,0.06307262264000651
ergo_adaptive,294.91666666666663,0.11820498303097983,0.0630690520843291
ergo_adaptive,295.0,0.11809534197293757,0.06304203730165972
ergo_adaptive,295.08333333333337,0.11939959586781405,0.0630165328078035
ergo_adaptive,295.16666666666663,0.1196093723639422,0.06300555094899125
ergo_adaptive,295.25,0.12089881489979863,0.06297728097694108
ergo_adaptive,295.33333333333337,0.12085564828752564,0.06292507788772793
ergo_adaptive,295.41666666666663,0.12099948189442947,0.06287143604955124
ergo_adaptive,295.5,0.11900677580777433,0.06283269575438054
ergo_adaptive,295.58333333333337,0.1194692088888664,0.06279791216344117
ergo_adaptive,295.66666666666663,0.11819853649584393,0.0627493058861524
ergo_adaptive,295.75,0.1183202960218717,0.06269805079513989
ergo_adaptive,295.83333333333337,0.11880082489152985,0.06266173275739688
ergo_adaptive,295.91666666666663,0.11965869119859131,0.06263632378440682
ergo_adaptive,296.0,0.11929943625943765,0.06260985174441616
ergo_adaptive,296.08333333333337,0.1183132982655002,0.06258667226603153
ergo_adaptive,296.16666666666663,0.11914692537088095,0.06257376827827363
ergo_adaptive,296.25,0.11942639296748213,0.06257413123648789
ergo_adaptive,296.33333333333337,0.1186155910784695,0.0625776958424998
ergo_adaptive,296.41666666666663,0.11761614339456243,0.0625789319648945
ergo_adaptive,296.5,0.11702993563896891,0.06258345093934586
ergo_adaptive,296.58333333333337,0.11560665315943648,0.06258936978081593
ergo_adaptive,296.66666666666663,0.11746503048217313,0.06258606827717271
ergo_adaptive,296.75,0.1150582307352421,0.0625492363941917
ergo_adaptive,296.83333333333337,0.10977421951048603,0.06250067479880275
ergo_adaptive,296.91666666666663,0.11055591905691349,0.06257957236274062
ergo_adaptive,297.0,0.11179731047677349,0.06272098011658206
ergo_adaptive,297.08333333333337,0.11085240602980209,0.06287725472329035
ergo_adaptive,297.16666666666663,0.11265717627943564,0.06302438582379447
ergo_adaptive,297.25,0.11392546072727641,0.06314888502731028
ergo_adaptive,297.33333333333337,0.11365092449557058,0.06324645076173743
ergo_adaptive,297.41666666666663,0.1156841203660704,0.06332138141571779
ergo_adaptive,297.5,0.11642663302923642,0.06337737312612331
ergo_adaptive,297.58333333333337,0.11790892913581805,0.06341395778315682
ergo_adaptive,297.66666666666663,0.11790732988840917,0.06343270502299315
ergo_adaptive,297.75,0.11668758507294262,0.06343997887384817
ergo_adaptive,297.83333333333337,0.1166682920594562,0.06344995077928238
ergo_adaptive,297.91666666666663,0.11733683151459917,0.06345763346647276
ergo_adaptive,298.0,0.11709950388373833,0.06344721289144464
ergo_adaptive,298.08333333333337,0.11732980586125992,0.06342600048568674
ergo_adaptive,298.16666666666663,0.11554046926026648,0.06340994477983881
ergo_adaptive,298.25,0.11515413856859417,0.06340257351350558
ergo_adaptive,298.33333333333337,0.11601228956211758,0.06338246475695879
ergo_adaptive,298.41666666666663,0.11637842986208713,0.06335024357376022
ergo_adaptive,298.5,0.11800452247242656,0.06332189127449318
ergo_adaptive,298.58333333333337,0.11853932275768145,0.06330116373797261
ergo_adaptive,298.66666666666663,0.11858343571469444,0.06328747226010939
ergo_adaptive,298.75,0.11878511742224919,0.06327764656799449
ergo_adaptive,298.83333333333337,0.11804102269881529,0.06327352459145674
ergo_adaptive,298.91666666666663,0.11779595926187136,0.0632911344410789
ergo_adaptive,299.0,0.11833404452971652,0.06334222786816848
ergo_adaptive,299.08333333333337,0.11815113749513442,0.06339322589868365
ergo_adaptive,299.16666666666663,0.11967398234947085,0.06343577856467414
ergo_adaptive,299.25,0.12009293571352718,0.0634830635103041
ergo_adaptive,299.33333333333337,0.11912765633024636,0.06354992725522397
ergo_adaptive,299.41666666666663,0.11909443455516566,0.06362700896973467
ergo_adaptive,299.5,0.11895220829654862,0.06370029340334497
ergo_adaptive,299.58333333333337,0.11789051629882363,0.0637741127397448
ergo_adaptive,299.66666666666663,0.11783733612477898,0.06386108282447463
ergo_adaptive,299.75,0.11785425669892441,0.06395562640161125
ergo_adaptive,299.83333333333337,0.11862958251163873,0.06404670530100588
ergo_adaptive,299.91666666666663,0.11694498848488913,0.06412595432067217
ergo_adaptive,300.0,0.11553691917496611,0.06418927251044741
ergo_adaptive,300.08333333333337,0.11724014377388503,0.06424274783809067
ergo_adaptive,300.16666666666663,0.11635017556524228,0.06427297410650779
ergo_adaptive,300.25,0.11676490808787202,0.06427905617894027
ergo_adaptive,300.33333333333337,0.1161074057618405,0.06428374592677784
ergo_adaptive,300.41666666666663,0.1145350234217123,0.06431870132305689
ergo_adaptive,300.5,0.11183072542188094,0.06431910585765924
ergo_adaptive,300.58333333333337,0.11188566835323603,0.0643580499124624
ergo_adaptive,300.66666666666663,0.11226283049912571,0.06443690489742877
ergo_adaptive,300.75,0.11136161070106643,0.06453514558934195
ergo_adaptive,300.83333333333337,0.11091913752193815,0.06463695886898368
ergo_adaptive,300.91666666666663,0.1115605248585179,0.06473269657406694
ergo_adaptive,301.0,0.11176083452866456,0.0648247978091356
ergo_adaptive,301.08333333333337,0.11362373988373785,0.06491691645032716
ergo_adaptive,301.16666666666663,0.11433632680032953,0.06498512348605716
ergo_adaptive,301.25,0.11384049979180903,0.0650198172657819
ergo_adaptive,301.33333333333337,0.11477007427599212,0.06504114766845094
ergo_adaptive,301.41666666666663,0.11507693372619877,0.06507328072975112
ergo_adaptive,301.5,0.11493430330101634,0.06511471478587756
ergo_adaptive,301.58333333333337,0.11553466165930515,0.06514784733337321
ergo_adaptive,301.66666666666663,0.11516635456980442,0.06517276359176945
ergo_adaptive,301.75,0.1145821610731769,0.06520444547037041
ergo_adaptive,301.83333333333337,0.11651891614435841,0.06524071401166652
ergo_adaptive,301.91666666666663,0.11628587987006747,0.06527598441384248
ergo_adaptive,302.0,0.11573618751378137,0.0652927802506985
ergo_adaptive,302.08333333333337,0.11584961421919657,0.0652884313805355
ergo_adaptive,302.16666666666663,0.1163288068556066,0.06528434339986486
ergo_adaptive,302.25,0.1173653633088369,0.0652869491300325
ergo_adaptive,302.33333333333337,0.11800770200082307,0.06526741756769744
ergo_adaptive,302.41666666666663,0.11831579006812536,0.06521893373356136
ergo_adaptive,302.5,0.1184631070375338,0.06516450064340262
ergo_adaptive,302.58333333333337,0.11864026017214449,0.06512887594892004
ergo_adaptive,302.66666666666663,0.11757464717048768,0.06508311327406853
ergo_adaptive,302.75,0.11736512892918674,0.06500752201388801
ergo_adaptive,302.83333333333337,0.11948949292481323,0.0649193645567713
ergo_adaptive,302.91666666666663,0.11888054208815674,0.0648480793059018
ergo_adaptive,303.0,0.11776755157220749,0.064787269748577
ergo_adaptive,303.08333333333337,0.11718985502343186,0.06471069122402152
ergo_adaptive,303.16666666666663,0.11683498402927675,0.06462215739902726
ergo_adaptive,303.25,0.11831713788311758,0.06454837298495188
ergo_adaptive,303.33333333333337,0.11756465049783184,0.06448919654871337
ergo_adaptive,303.41666666666663,0.11845958590321166,0.06443111025820135
ergo_adaptive,303.5,0.11704772451573192,0.06436894354955162
ergo_adaptive,303.58333333333337,0.11665173854737486,0.06431609123429866
ergo_adaptive,303.66666666666663,0.11675690396788199,0.06428287252584365
ergo_adaptive,303.75,0.11540553771448653,0.06425712088444557
ergo_adaptive,303.83333333333337,0.11689814958356226,0.06423115371125493
ergo_adaptive,303.91666666666663,0.11705600820561611,0.06420639348783207
ergo_adaptive,304.0,0.1162305106210573,0.06418348099192384
ergo_adaptive,304.08333333333337,0.11783013387823825,0.06415195095250784
ergo_adaptive,304.16666666666663,0.1174545510838501,0.0640923136942361
ergo_adaptive,304.25,0.11916306085184547,0.06401079940120734
ergo_adaptive,304.33333333333337,0.11635914914193494,0.06391319705393549
ergo_adaptive,304.41666666666663,0.11524741702186177,0.06381612092413295
ergo_adaptive,304.5,0.11266428507277355,0.0637181762780328
ergo_adaptive,304.58333333333337,0.11317356705186306,0.06367502328495189
ergo_adaptive,304.66666666666663,0.11135068531263097,0.0636368911036335
ergo_adaptive,304.75,0.11240591879632991,0.06373664386421111
ergo_adaptive,304.83333333333337,0.11157327334112987,0.06389253339679739
ergo_adaptive,304.91666666666663,0.11138505175151908,0.06405965196500626
ergo_adaptive,305.0,0.11304838923418128,0.06421282222410082
ergo_adaptive,305.08333333333337,0.11301602933773797,0.06433858522675757
ergo_adaptive,305.16666666666663,0.11246386900098153,0.06443559639367491
ergo_adaptive,305.25,0.1133307569727097,0.06451255340042023
ergo_adaptive,305.33333333333337,0.1128003404680517,0.06457560126775076
ergo_adaptive,305.41666666666663,0.11377483743424828,0.06462284967615238
ergo_adaptive,305.5,0.11512047883870669,0.06465109002097962
ergo_adaptive,305.58333333333337,0.11526487500695458,0.06466470126088635
ergo_adaptive,305.66666666666663,0.11684474408450761,0.06466949145455178
ergo_adaptive,305.75,0.11690084029084212,0.06466390199008185
ergo_adaptive,305.83333333333337,0.11758901773291199,0.06464357173275251
ergo_adaptive,305.91666666666663,0.11716287440067905,0.06461409197949373
ergo_adaptive,306.0,0.11805620840919864,0.06458667532451709
ergo_adaptive,306.08333333333337,0.11631706626588985,0.06456476424916191
ergo_adaptive,306.16666666666663,0.11891953554496802,0.06453376854959768
ergo_adaptive,306.25,0.11916948753427743,0.06448813275046422
ergo_adaptive,306.33333333333337,0.12044959152556545,0.06444697141775022
ergo_adaptive,306.41666666666663,0.12141136437735812,0.06442351314698656
ergo_adaptive,306.5,0.1222072518523202,0.06439354012499147
ergo_adaptive,306.58333333333337,0.1226353294402093,0.06434496668781707
ergo_adaptive,306.66666666666663,0.12218065387367767,0.0642925256584958
ergo_adaptive,306.75,0.12113206784850775,0.06425396355551319
ergo_adaptive,306.83333333333337,0.12132792359853262,0.0642299681844911
ergo_adaptive,306.91666666666663,0.12037216482979048,0.0642141253220995
ergo_adaptive,307.0,0.11917966228774213,0.06420477527711309
ergo_adaptive,307.08333333333337,0.1197644596492082,0.06420895787999738
ergo_adaptive,307.16666666666663,0.12170217549308673,0.06423393667054023
ergo_adaptive,307.25,0.12014631964267378,0.06427970858972067
ergo_adaptive,307.33333333333337,0.12187619972029994,0.06432719360119336
ergo_adaptive,307.41666666666663,0.1213297909688216,0.064384679058447
ergo_adaptive,307.5,0.12235927067051935,0.06445603149943328
ergo_adaptive,307.58333333333337,0.12306757047343157,0.06454179144080904
ergo_adaptive,307.66666666666663,0.1214376438328519,0.06462936629249762
ergo_adaptive,307.75,0.12066610812286735,0.06471800590076424
ergo_adaptive,307.83333333333337,0.11970664446273795,0.06481726973519916
ergo_adaptive,307.91666666666663,0.11910728666463233,0.0649340717776567
ergo_adaptive,308.0,0.11983209729078693,0.06505684978700628
ergo_adaptive,308.08333333333337,0.11994328869762907,0.06518466725119
ergo_adaptive,308.16666666666663,0.11992622466134044,0.06532175335744579
ergo_adaptive,308.25,0.12036631726770759,0.06546907554486656
ergo_adaptive,308.33333333333337,0.11979902109722944,0.06561908983416342
ergo_adaptive,308.41666666666663,0.11899054245602829,0.06576816861402193
ergo_adaptive,308.5,0.11878190850693537,0.06591520781819266
ergo_adaptive,308.58333333333337,0.11825671256789279,0.0660612732999006
ergo_adaptive,308.66666666666663,0.11907759009176783,0.0662029285640558
ergo_adaptive,308.75,0.11996790411263995,0.06633967758754543
ergo_adaptive,308.83333333333337,0.11904983703244036,0.06647145487880408
ergo_adaptive,308.91666666666663,0.11858979637262111,0.0665981050310302
ergo_adaptive,309.0,0.11817229531411343,0.06671992720248043
ergo_adaptive,309.08333333333337,0.11997598767649771,0.06683796088893276
ergo_adaptive,309.16666666666663,0.11985670296971644,0.06695181170939066
ergo_adaptive,309.25,0.11934754186114542,0.0670618279561518
ergo_adaptive,309.33333333333337,0.119146709480648,0.06716881089815396
ergo_adaptive,309.41666666666663,0.12035907064460792,0.06727273528514888
ergo_adaptive,309.5,0.11957909987860277,0.06737361642223441
ergo_adaptive,309.58333333333337,0.11950438332153682,0.0674723044067562
ergo_adaptive,309.66666666666663,0.12091192704651674,0.0675702660466407
ergo_adaptive,309.75,0.1213287025399505,0.0676659644975597
ergo_adaptive,309.83333333333337,0.12110341163438926,0.06775990892329434
ergo_adaptive,309.91666666666663,0.12114409278957974,0.06785198350049372
ergo_adaptive,310.0,0.12129409171299625,0.06794289237905271
ergo_adaptive,310.08333333333337,0.11992164040181433,0.06803291501831069
ergo_adaptive,310.16666666666663,0.12019628559126207,0.06812214155011259
ergo_adaptive,310.25,0.1215771594254822,0.06820963184399989
ergo_adaptive,310.33333333333337,0.1212921160476964,0.06829593982804547
ergo_adaptive,310.41666666666663,0.12054226597036866,0.06838149380252645
ergo_adaptive,310.5,0.12037892034682769,0.06846542899500457
ergo_adaptive,310.58333333333337,0.12056478473877788,0.06854963534148097
ergo_adaptive,310.66666666666663,0.1193949596239373,0.06863211812177461
ergo_adaptive,310.75,0.1201715736230326,0.06871577217500732
ergo_adaptive,310.83333333333337,0.12140162251939357,0.06879589053420965
ergo_adaptive,310.91666666666663,0.12105572735004733,0.06888558109023761
ergo_adaptive,311.0,0.12285795876147883,0.06895076615563307
ergo_adaptive,311.08333333333337,0.12172263745766586,0.06899011799299964
ergo_adaptive,311.16666666666663,0.1226260731492518,0.0689963972993796
ergo_adaptive,311.25,0.12368477252578396,0.06898003879628967
ergo_adaptive,311.33333333333337,0.12558868846820506,0.06893514603158477
ergo_adaptive,311.41666666666663,0.125996284341895,0.06886798179132003
ergo_adaptive,311.5,0.12734520958511392,0.06879697123033705
ergo_adaptive,311.58333333333337,0.12710193542765527,0.06873545604399198
ergo_adaptive,311.66666666666663,0.12776786113268143,0.06866027531323136
ergo_adaptive,311.75,0.12830471250018333,0.06855991496876492
ergo_adaptive,311.83333333333337,0.12916318335102978,0.06845562063815433
ergo_adaptive,311.91666666666663,0.12912936971872402,0.06837577934637933
ergo_adaptive,312.0,0.1278747006135831,0.06829046952280449
ergo_adaptive,312.08333333333337,0.12804734905441104,0.068174873173348
ergo_adaptive,312.16666666666663,0.13057428713886618,0.06804486149203824
ergo_adaptive,312.25,0.12980295042015277,0.06794333041546272
ergo_adaptive,312.33333333333337,0.1316267094678152,0.06785187072418278
ergo_adaptive,312.41666666666663,0.13091320745975424,0.06772423931569231
ergo_adaptive,312.5,0.12969109294591258,0.06757250255634369
ergo_adaptive,312.58333333333337,0.12606661872831115,0.06743679777293338
ergo_adaptive,312.66666666666663,0.12625886334788397,0.06733176706040966
ergo_adaptive,312.75,0.1226846324642731,0.0672152469507263
ergo_adaptive,312.83333333333337,0.12358234193491827,0.0670855871408347
ergo_adaptive,312.91666666666663,0.12447092782689227,0.06696445185754102
ergo_adaptive,313.0,0.12609102586859047,0.06687116768873491
ergo_adaptive,313.08333333333337,0.12692765434432324,0.06678022161583781
ergo_adaptive,313.16666666666663,0.12753286985356482,0.06667310115951171
ergo_adaptive,313.25,0.12721893005517995,0.06657234319592155
ergo_adaptive,313.33333333333337,0.12861813659035923,0.06649369457013793
ergo_adaptive,313.41666666666663,0.12863038411286767,0.06642833139048948
ergo_adaptive,313.5,0.12767976799650615,0.06634977911253835
ergo_adaptive,313.58333333333337,0.1274938462221833,0.06626818820199452
ergo_adaptive,313.66666666666663,0.1255257922243702,0.06621044831089565
ergo_adaptive,313.75,0.12526153373047139,0.06618226648502429
ergo_adaptive,313.83333333333337,0.12597117322404494,0.06615258353814656
ergo_adaptive,313.91666666666663,0.12347671000456387,0.06611523187388015
ergo_adaptive,314.0,0.1207953986530504,0.06608869049670885
ergo_adaptive,314.08333333333337,0.12130993427387086,0.06608644432496195
ergo_adaptive,314.16666666666663,0.12022966796982273,0.06608110678481158
ergo_adaptive,314.25,0.11950362332235014,0.06606565469735534
ergo_adaptive,314.33333333333337,0.11799437431161618,0.0660471292164223
ergo_adaptive,314.41666666666663,0.11793781729219573,0.06611435818987939
ergo_adaptive,314.5,0.11734958954670922,0.06624762591291786
ergo_adaptive,314.58333333333337,0.11720762542174089,0.06640047418861746
ergo_adaptive,314.66666666666663,0.11747959782838184,0.06654848733064829
ergo_adaptive,314.75,0.11841664118043485,0.06667648187610786
ergo_adaptive,314.83333333333337,0.11887128378946535,0.06678036638828025
ergo_adaptive,314.91666666666663,0.11994751301039198,0.06686286426971248
ergo_adaptive,315.0,0.11916580065838711,0.06692677648721317
ergo_adaptive,315.08333333333337,0.11847595998030354,0.0669690589842791
ergo_adaptive,315.16666666666663,0.11869175815714836,0.06698826586350408
ergo_adaptive,315.25,0.1198697116409404,0.06698928678690252
ergo_adaptive,315.33333333333337,0.11879619876721065,0.06697579479932972
ergo_adaptive,315.41666666666663,0.11944937760087497,0.06695065546156875
ergo_adaptive,315.5,0.12077347426852884,0.06690726383074687
ergo_adaptive,315.58333333333337,0.12202754074500097,0.06684405667565681
ergo_adaptive,315.66666666666663,0.12008117097692743,0.06677619599844117
ergo_adaptive,315.75,0.12019484269941931,0.06671951475324109
ergo_adaptive,315.83333333333337,0.12314830863928768,0.06665084024297922
ergo_adaptive,315.91666666666663,0.12497804681902089,0.06654803615830922
ergo_adaptive,316.0,0.12595554280247834,0.06642470131045829
ergo_adaptive,316.08333333333337,0.12765163009495387,0.06629589178568417
ergo_adaptive,316.16666666666663,0.12694971838014976,0.06616709082041675
ergo_adaptive,316.25,0.12521762392055608,0.0660368864868874
ergo_adaptive,316.33333333333337,0.12496654174664232,0.06590133929418562
ergo_adaptive,316.41666666666663,0.12424921831759654,0.06575449978508181
ergo_adaptive,316.5,0.12497950092993346,0.06560254234073594
ergo_adaptive,316.58333333333337,0.1258246103017689,0.06544340384606627
ergo_adaptive,316.66666666666663,0.125150281126438,0.065257996097903
ergo_adaptive,316.75,0.1253940851818482,0.06506651567808576
ergo_adaptive,316.83333333333337,0.12613823780146907,0.0648957353470077
ergo_adaptive,316.91666666666663,0.1254264091369391,0.06472060043791734
ergo_adaptive,317.0,0.12338487344087745,0.0645080752259296
ergo_adaptive,317.08333333333337,0.12353954071227743,0.06428606272682999
ergo_adaptive,317.16666666666663,0.12102445276097315,0.06408546727695827
ergo_adaptive,317.25,0.11887831403763349,0.06394714740767396
ergo_adaptive,317.33333333333337,0.11775675734218943,0.06384980704277014
ergo_adaptive,317.41666666666663,0.11671861223822522,0.06375321980820237
ergo_adaptive,317.5,0.11672146652845199,0.06363660426270891
ergo_adaptive,317.58333333333337,0.1141406381404213,0.06352991470064999
ergo_adaptive,317.66666666666663,0.11369633187074117,0.06344454808245624
ergo_adaptive,317.75,0.11183557934083971,0.06335558981872462
ergo_adaptive,317.83333333333337,0.10941126957840488,0.06325375277144718
ergo_adaptive,317.91666666666663,0.10806817059882501,0.06317330412134868
ergo_adaptive,318.0,0.10647336417675186,0.06317194215944053
ergo_adaptive,318.08333333333337,0.10523884632970176,0.0632709451938194
ergo_adaptive,318.16666666666663,0.10550972545759965,0.06342134436104287
ergo_adaptive,318.25,0.10566825768422984,0.06358477204420522
ergo_adaptive,318.33333333333337,0.1056856181872474,0.06373448399814677
ergo_adaptive,318.41666666666663,0.10605618402341198,0.06385999507537626
ergo_adaptive,318.5,0.10664237241440605,0.0639689596484069
ergo_adaptive,318.58333333333337,0.10662886011791962,0.06407646007754997
ergo_adaptive,318.66666666666663,0.10679939013518693,0.06418161283556992
ergo_adaptive,318.75,0.10741300412913178,0.06425284086584884
ergo_adaptive,318.83333333333337,0.10858245341547096,0.06429850916288074
ergo_adaptive,318.91666666666663,0.10717164774653402,0.06434328384569456
ergo_adaptive,319.0,0.10774176914370484,0.0643905194490327
ergo_adaptive,319.08333333333337,0.10831512155168062,0.06441282378496482
ergo_adaptive,319.16666666666663,0.10828814176762584,0.06439685805756458
ergo_adaptive,319.25,0.10782565958260104,0.0643682051270245
ergo_adaptive,319.33333333333337,0.10801482166862819,0.06434455908604816
ergo_adaptive,319.41666666666663,0.10882185075027895,0.06431621899567304
ergo_adaptive,319.5,0.10935306747933494,0.06427957098719572
ergo_adaptive,319.58333333333337,0.1085245741068022,0.06423953300770399
ergo_adaptive,319.66666666666663,0.10932295216480666,0.06419828776464107
ergo_adaptive,319.75,0.1090975023800607,0.06416133189493138
ergo_adaptive,319.83333333333337,0.11066283064415686,0.06412251474320589
ergo_adaptive,319.91666666666663,0.11167692648585854,0.06407356978429952
ergo_adaptive,320.0,0.11298931636749912,0.06403341997400286
ergo_adaptive,320.08333333333337,0.11268484781048409,0.06401039829106482
ergo_adaptive,320.16666666666663,0.11303146892002446,0.06396564278819132
ergo_adaptive,320.25,0.1139577425161027,0.06389250126657148
ergo_adaptive,320.33333333333337,0.11240754352570462,0.06381384487700714
ergo_adaptive,320.41666666666663,0.11160987950360575,0.06375896739790558
ergo_adaptive,320.5,0.11017045103087024,0.06370382058769407
ergo_adaptive,320.58333333333337,0.11261093741747562,0.06362619464207041
ergo_adaptive,320.66666666666663,0.11249072822774295,0.06353965884529986
ergo_adaptive,320.75,0.11364415700541516,0.06347388215899863
ergo_adaptive,320.83333333333337,0.11582788241286923,0.0634248876464069
ergo_adaptive,320.91666666666663,0.11552451236738988,0.06337162004977764
ergo_adaptive,321.0,0.11480911585721115,0.0633184285414492
ergo_adaptive,321.08333333333337,0.11706115222600821,0.06328003622119259
ergo_adaptive,321.16666666666663,0.11788093419575126,0.06325906626884577
ergo_adaptive,321.25,0.11628314576016605,0.06323421343051595
ergo_adaptive,321.33333333333337,0.11646036386716802,0.06320754866496785
ergo_adaptive,321.41666666666663,0.11569273438380742,0.06318936478801701
ergo_adaptive,321.5,0.11484180701543599,0.06319002076038985
ergo_adaptive,321.58333333333337,0.11215910756985492,0.06319687024745313
ergo_adaptive,321.66666666666663,0.10920415068739782,0.06320125147166829
ergo_adaptive,321.75,0.11242509867292444,0.063212900777761
ergo_adaptive,321.83333333333337,0.11298883710543062,0.06322580319356617
ergo_adaptive,321.91666666666663,0.11086660907449133,0.0632270528480744
ergo_adaptive,322.0,0.1103675919086282,0.06320755929310361
ergo_adaptive,322.08333333333337,0.1099178937425351,0.06316754082153843
ergo_adaptive,322.16666666666663,0.10791607241705543,0.06311948597773066
ergo_adaptive,322.25,0.1083108526923889,0.06309967481543376
ergo_adaptive,322.33333333333337,0.10834560065409889,0.0630725735261046
ergo_adaptive,322.41666666666663,0.10941802381893924,0.06301205038364656
ergo_adaptive,322.5,0.10688674892102677,0.06293348413299672
ergo_adaptive,322.58333333333337,0.10530936315777893,0.06298112355241452
ergo_adaptive,322.66666666666663,0.10449799203944908,0.06311176097758772
ergo_adaptive,322.75,0.10482217783682617,0.06326574439905472
ergo_adaptive,322.83333333333337,0.10466474211389051,0.06342029050881506
ergo_adaptive,322.91666666666663,0.10442784604107466,0.06355029228966379
ergo_adaptive,323.0,0.10506971979381233,0.06364817409956763
ergo_adaptive,323.08333333333337,0.10639013713672409,0.06372224542347
ergo_adaptive,323.16666666666663,0.10686064798086234,0.06378682278529366
ergo_adaptive,323.25,0.10798307230591787,0.06384193060226587
ergo_adaptive,323.33333333333337,0.10935037110714628,0.06387741207190052
ergo_adaptive,323.41666666666663,0.10962520581753663,0.06389678748935905
ergo_adaptive,323.5,0.10949184490101337,0.06390652863957962
ergo_adaptive,323.58333333333337,0.1083808477591458,0.06390913498121677
ergo_adaptive,323.66666666666663,0.10730814729136416,0.06389952923615291
ergo_adaptive,323.75,0.10721072224545965,0.06387440731312746
ergo_adaptive,323.83333333333337,0.1082323981982801,0.06384197876013288
ergo_adaptive,323.91666666666663,0.10820715670783745,0.06380850642806478
ergo_adaptive,324.0,0.1077431979905397,0.06377015905398545
ergo_adaptive,324.08333333333337,0.10780686586742967,0.06372098067667434
ergo_adaptive,324.16666666666663,0.10861450967597698,0.06366553095740153
ergo_adaptive,324.25,0.1112265235020367,0.06361721619076706
ergo_adaptive,324.33333333333337,0.11111740375670805,0.06357820437916903
ergo_adaptive,324.41666666666663,0.11241316469611651,0.06353348677511703
ergo_adaptive,324.5,0.11073881652675742,0.06347640170171767
ergo_adaptive,324.58333333333337,0.11250016770313392,0.06342905272729896
ergo_adaptive,324.66666666666663,0.11258882713170466,0.06340469805007072
ergo_adaptive,324.75,0.11337483825742231,0.06337823996193516
ergo_adaptive,324.83333333333337,0.11284425371296622,0.06333720543395902
ergo_adaptive,324.91666666666663,0.11151339550268449,0.0632942950713726
ergo_adaptive,325.0,0.11121479647924024,0.0632690112021754
ergo_adaptive,325.08333333333337,0.11073388036215691,0.06325464449322415
ergo_adaptive,325.16666666666663,0.1116843037387146,0.06324064093653738
ergo_adaptive,325.25,0.1105833986092229,0.06322491604688578
ergo_adaptive,325.33333333333337,0.111403084793914,0.06321556136940211
ergo_adaptive,325.41666666666663,0.11210986257366322,0.06322015947031799
ergo_adaptive,325.5,0.11257868334396896,0.06323512425781284
ergo_adaptive,325.58333333333337,0.11091200592079889,0.06324707773323983
ergo_adaptive,325.66666666666663,0.11102956301396548,0.06326980393886612
ergo_adaptive,325.75,0.1103013198175456,0.06331440264543979
ergo_adaptive,325.83333333333337,0.10982141930043669,0.06338359120908302
ergo_adaptive,325.91666666666663,0.11208138834440055,0.0634675001158036
ergo_adaptive,326.0,0.11336537122315854,0.06356216987501537
ergo_adaptive,326.08333333333337,0.11175357148843497,0.06367124282238648
ergo_adaptive,326.16666666666663,0.11043391019767518,0.0637907210255242
ergo_adaptive,326.25,0.1109403743201193,0.06391242554001182
ergo_adaptive,326.33333333333337,0.1100630374762431,0.06403149597625116
ergo_adaptive,326.41666666666663,0.1093625330813657,0.06415798093233464
ergo_adaptive,326.5,0.10894083859653764,0.06429686982327253
ergo_adaptive,326.58333333333337,0.10855115892987517,0.0644378537142872
ergo_adaptive,326.66666666666663,0.10861199952532671,0.06457707550659278
ergo_adaptive,326.75,0.10856567583127599,0.06471336154752172
ergo_adaptive,326.83333333333337,0.10760810769981853,0.0648467676326782
ergo_adaptive,326.91666666666663,0.10857247953940992,0.0649756861651384
ergo_adaptive,327.0,0.10916606694672874,0.06509994112304814
ergo_adaptive,327.08333333333337,0.10991898937590017,0.06521972936402945
ergo_adaptive,327.16666666666663,0.10994847022337796,0.06533571017689577
ergo_adaptive,327.25,0.11123974527725682,0.06544771140034938
ergo_adaptive,327.33333333333337,0.11130032049017383,0.06555545967065632
ergo_adaptive,327.41666666666663,0.10978176703453721,0.06565904303168628
ergo_adaptive,327.5,0.10993392946547698,0.06576047765609166
ergo_adaptive,327.58333333333337,0.11146729614996449,0.06585364850838252
ergo_adaptive,327.66666666666663,0.11187130722408795,0.06593466366219901
ergo_adaptive,327.75,0.11210809967551671,0.06598858714988778
ergo_adaptive,327.83333333333337,0.1133512650746892,0.0660240206326666
ergo_adaptive,327.91666666666663,0.11345170679994157,0.06603689871082206
ergo_adaptive,328.0,0.11357889069687034,0.0660250629218602
ergo_adaptive,328.08333333333337,0.1141889195827715,0.06600222171265825
ergo_adaptive,328.16666666666663,0.11572570335073602,0.06598072861643071
ergo_adaptive,328.25,0.11489803369860986,0.06594992777424812
ergo_adaptive,328.33333333333337,0.11384556063861137,0.06588946758068044
ergo_adaptive,328.41666666666663,0.11171987911664025,0.06580792032246505
ergo_adaptive,328.5,0.11355901122077204,0.06574094505187901
ergo_adaptive,328.58333333333337,0.11399362156350366,0.06568499921294907
ergo_adaptive,328.66666666666663,0.11506928776355996,0.0656066616011354
ergo_adaptive,328.75,0.11476508776558374,0.06550641255363551
ergo_adaptive,328.83333333333337,0.11636093235865677,0.06541353486260734
ergo_adaptive,328.91666666666663,0.11825211680188559,0.0653457027212323
ergo_adaptive,329.0,0.1184627878488619,0.06526322870136035
ergo_adaptive,329.08333333333337,0.12149319039517056,0.06515598058653455
ergo_adaptive,329.16666666666663,0.12005906239545693,0.06504583834633595
ergo_adaptive,329.25,0.12131839882589797,0.06496137684290165
ergo_adaptive,329.33333333333337,0.12122774986374342,0.06487502705695518
ergo_adaptive,329.41666666666663,0.11863821968779545,0.06476274655023867
ergo_adaptive,329.5,0.11776369216045274,0.06464426194192063
ergo_adaptive,329.58333333333337,0.1171563856945372,0.06455662497816832
ergo_adaptive,329.66666666666663,0.11382651138985753,0.06449022805742827
ergo_adaptive,329.75,0.11475749002403803,0.0644114075251521
ergo_adaptive,329.83333333333337,0.11267992815213329,0.0643342279942209
ergo_adaptive,329.91666666666663,0.11202957317489098,0.06427791827619128
ergo_adaptive,330.0,0.1150644863453998,0.06424909280199874
ergo_adaptive,330.08333333333337,0.11662378344502633,0.06421250338054911
ergo_adaptive,330.16666666666663,0.11501023151343133,0.06415977373997253
ergo_adaptive,330.25,0.11338173708490742,0.06411431310768297
ergo_adaptive,330.33333333333337,0.11347323937571188,0.06409705673822702
ergo_adaptive,330.41666666666663,0.11468460975992305,0.06408520457015254
ergo_adaptive,330.5,0.11266788654692682,0.06405929571832893
ergo_adaptive,330.58333333333337,0.11429532545702477,0.06403591431893058
ergo_adaptive,330.66666666666663,0.11534475380967406,0.06403101120006656
ergo_adaptive,330.75,0.11483292913211697,0.06403383581597258
ergo_adaptive,330.83333333333337,0.11509562125271991,0.06402482496890745
ergo_adaptive,330.91666666666663,0.11392300132605422,0.06400564156970925
ergo_adaptive,331.0,0.11062041361390255,0.06399204979686615
ergo_adaptive,331.08333333333337,0.11131087207867131,0.06398842825044566
ergo_adaptive,331.16666666666663,0.1113302917611893,0.06397161327960113
ergo_adaptive,331.25,0.11118564168203575,0.06393597995882724
ergo_adaptive,331.33333333333337,0.10940556077035417,0.06389317942385249
ergo_adaptive,331.41666666666663,0.10743385904657912,0.06386693408792886
ergo_adaptive,331.5,0.10626533567204234,0.06389862007721635
ergo_adaptive,331.58333333333337,0.10538205369329878,0.06402635369592077
ergo_adaptive,331.66666666666663,0.10497570720591794,0.06417758110344199
ergo_adaptive,331.75,0.10544873668475528,0.06432143093814593
ergo_adaptive,331.83333333333337,0.1067669999469726,0.06445449432360903
ergo_adaptive,331.91666666666663,0.10580569003260104,0.06458230763289012
ergo_adaptive,332.0,0.10725033760221907,0.06470136526537927
ergo_adaptive,332.08333333333337,0.10746812282464875,0.06479703033017009
ergo_adaptive,332.16666666666663,0.10852605302185006,0.06486978619480581
ergo_adaptive,332.25,0.10728165411389562,0.06492789731731351
ergo_adaptive,332.33333333333337,0.10773556219064055,0.06497564540186569
ergo_adaptive,332.41666666666663,0.10899112935247213,0.06500255989531495
ergo_adaptive,332.5,0.10961312465372927,0.06500491950505073
ergo_adaptive,332.58333333333337,0.10726315813756725,0.06499072772568382
ergo_adaptive,332.66666666666663,0.1076782316855521,0.06496828395620148
ergo_adaptive,332.75,0.1097070222724527,0.06493634558715045
ergo_adaptive,332.83333333333337,0.10925497048705485,0.06488828127821372
ergo_adaptive,332.91666666666663,0.11042129172045043,0.06482565805502086
ergo_adaptive,333.0,0.11024733861295397,0.06475846878538859
ergo_adaptive,333.08333333333337,0.11124129415385464,0.06469412059986553
ergo_adaptive,333.16666666666663,0.1126928744757088,0.0646207078795826
ergo_adaptive,333.25,0.11233173251975721,0.06452828237126307
ergo_adaptive,333.33333333333337,0.10944340032179838,0.06443256509154316
ergo_adaptive,333.41666666666663,0.11174272487450072,0.06434869407857692
ergo_adaptive,333.5,0.1112771044184942,0.06425795733811818
ergo_adaptive,333.58333333333337,0.11374834015166368,0.06414223379654135
ergo_adaptive,333.66666666666663,0.11366471946710463,0.06401055148739941
ergo_adaptive,333.75,0.11303138884178732,0.06388058959532647
ergo_adaptive,333.83333333333337,0.11223149187838752,0.06377352924303337
ergo_adaptive,333.91666666666663,0.11130567832897477,0.0637146249365849
ergo_adaptive,334.0,0.11131835756498272,0.06363391350978934
ergo_adaptive,334.08333333333337,0.11004187160528936,0.06349382702708993
ergo_adaptive,334.16666666666663,0.11048992330731502,0.06332364293300949
ergo_adaptive,334.25,0.11144295064121444,0.06315676694119139
ergo_adaptive,334.33333333333337,0.11189341950850283,0.06301066792744599
ergo_adaptive,334.41666666666663,0.11157133785666681,0.0628858779007305
ergo_adaptive,334.5,0.1085126814891947,0.06276098440872725
ergo_adaptive,334.58333333333337,0.10733268341431207,0.06264366731496016
ergo_adaptive,334.66666666666663,0.1073355975784427,0.06256169624609459
ergo_adaptive,334.75,0.10787122521327853,0.06252121795484199
ergo_adaptive,334.83333333333337,0.10780655421532802,0.06244701087012314
ergo_adaptive,334.91666666666663,0.1031675926525925,0.06234265990372127
ergo_adaptive,335.0,0.1027297373318132,0.062233168989273085
ergo_adaptive,335.08333333333337,0.0968665904552648,0.06213532401761896
ergo_adaptive,335.16666666666663,0.09229405500824119,0.062030309571664305
ergo_adaptive,335.25,0.09454966649005303,0.061894545112732756
ergo_adaptive,335.33333333333337,0.09315516165531953,0.061740168008599834
ergo_adaptive,335.41666666666663,0.09546066862135069,0.06158329115920265
ergo_adaptive,335.5,0.09272715629156066,0.06142566794472051
ergo_adaptive,335.58333333333337,0.0898705489134327,0.061246489553911196
ergo_adaptive,335.66666666666663,0.08676296355470188,0.06104339502709462
ergo_adaptive,335.75,0.08361873898569126,0.06083555183470927
ergo_adaptive,335.83333333333337,0.0809427869616438,0.06065033282753866
ergo_adaptive,335.91666666666663,0.07938541290043159,0.06049083370592616
ergo_adaptive,336.0,0.0792804851245887,0.0605102258748481
ergo_adaptive,336.08333333333337,0.08007114057807437,0.06062747165693882
ergo_adaptive,336.16666666666663,0.08055372201314658,0.060750935605299344
ergo_adaptive,336.25,0.0809251200674911,0.06086917336966885
ergo_adaptive,336.33333333333337,0.08071735062245926,0.060982420850382725
ergo_adaptive,336.41666666666663,0.08112181586668954,0.06109407502236792
ergo_adaptive,336.5,0.08117710236506048,0.061202751710806275
ergo_adaptive,336.58333333333337,0.08065660473781495,0.061302729611087084
ergo_adaptive,336.66666666666663,0.08102148721027427,0.06138914323130142
ergo_adaptive,336.75,0.08143911457907209,0.061467710496427345
ergo_adaptive,336.83333333333337,0.08144088016616366,0.06154558365378255
ergo_adaptive,336.91666666666663,0.08272171973050241,0.061615294247685616
ergo_adaptive,337.0,0.0818553481764967,0.061668899071459914
ergo_adaptive,337.08333333333337,0.0832517626671466,0.06171237367374152
ergo_adaptive,337.16666666666663,0.08295278294197751,0.06175478290161062
ergo_adaptive,337.25,0.08345723650944352,0.06179256263742405
ergo_adaptive,337.33333333333337,0.08451394325762293,0.06181317682448105
ergo_adaptive,337.41666666666663,0.0838522868321133,0.0618179417959821
ergo_adaptive,337.5,0.08528844363018054,0.061821663242854506
ergo_adaptive,337.58333333333337,0.08554567431091491,0.06182529627254517
ergo_adaptive,337.66666666666663,0.08485656458368492,0.06181321206243858
ergo_adaptive,337.75,0.08437871452947265,0.06178263699654773
ergo_adaptive,337.83333333333337,0.08530616816680947,0.06174498646896766
ergo_adaptive,337.91666666666663,0.08548562184596345,0.061706680190319635
ergo_adaptive,338.0,0.08620682933704758,0.06167025270271973
ergo_adaptive,338.08333333333337,0.08616415885714723,0.06161819331500056
ergo_adaptive,338.16666666666663,0.08689891084317893,0.061548389408119304
ergo_adaptive,338.25,0.08779554959312932,0.0614717831208974
ergo_adaptive,338.33333333333337,0.08691209785947124,0.06139560870441172
ergo_adaptive,338.41666666666663,0.0897181088398133,0.06132469132977548
ergo_adaptive,338.5,0.09227510875169041,0.06127431032922289
ergo_adaptive,338.58333333333337,0.09316093422735666,0.06124274414335877
ergo_adaptive,338.66666666666663,0.09148313104483397,0.0611869189171992
ergo_adaptive,338.75,0.09095757449275456,0.06110920192732393
ergo_adaptive,338.83333333333337,0.0913536293465901,0.061037123450343234
ergo_adaptive,338.91666666666663,0.09078164196825832,0.06099078754382142
ergo_adaptive,339.0,0.09157930705564502,0.06093679424744295
ergo_adaptive,339.08333333333337,0.08985621659894678,0.06086293598983501
ergo_adaptive,339.16666666666663,0.0913549637781919,0.06078461236418409
ergo_adaptive,339.25,0.09165497153335,0.060726237570764306
ergo_adaptive,339.33333333333337,0.09297357332951406,0.06067729639074722
ergo_adaptive,339.41666666666663,0.09390748914798853,0.060624617270230295
ergo_adaptive,339.5,0.09266544595849094,0.060580844078746844
ergo_adaptive,339.58333333333337,0.09325688043393301,0.06055505760641361
ergo_adaptive,339.66666666666663,0.0941177305680295,0.06054415227202308
ergo_adaptive,339.75,0.09141129042379015,0.06053759868551574
ergo_adaptive,339.83333333333337,0.09199851079503962,0.060533716835358825
ergo_adaptive,339.91666666666663,0.09186176003549931,0.06053812962359421
ergo_adaptive,340.0,0.09187880747455614,0.060553200058825266
ergo_adaptive,340.08333333333337,0.08995281020312218,0.06057608403661086
ergo_adaptive,340.16666666666663,0.08997147636317669,0.06060151904765227
ergo_adaptive,340.25,0.09103213366743629,0.060630470494809394
ergo_adaptive,340.33333333333337,0.08892747683110498,0.06066697895115687
ergo_adaptive,340.41666666666663,0.09006875326399508,0.06071234195468357
ergo_adaptive,340.5,0.09018324370672663,0.0607562755826747
ergo_adaptive,340.58333333333337,0.08976759768390136,0.0607961228158214
ergo_adaptive,340.66666666666663,0.09076963029589014,0.060840080107249755
ergo_adaptive,340.75,0.09109972962300072,0.06088624518537187
ergo_adaptive,340.83333333333337,0.09003451803935611,0.06092021577925987
ergo_adaptive,340.91666666666663,0.0884731713843567,0.06093989775326317
ergo_adaptive,341.0,0.08545070283169628,0.06096628292501236
ergo_adaptive,341.08333333333337,0.0854020255697079,0.061059409274301264
ergo_adaptive,341.16666666666663,0.08577517566482164,0.0611824556302207
ergo_adaptive,341.25,0.0863257337044155,0.06131468846391405
ergo_adaptive,341.33333333333337,0.08561608299188571,0.0614421762330345
ergo_adaptive,341.41666666666663,0.08554900790026042,0.061546444851826705
ergo_adaptive,341.5,0.08561584218538607,0.06162451972552326
ergo_adaptive,341.58333333333337,0.08629468509333364,0.061683988215666896
ergo_adaptive,341.66666666666663,0.08603110697440486,0.06173448754334633
ergo_adaptive,341.75,0.08663098069042685,0.061771323473317846
ergo_adaptive,341.83333333333337,0.08711393397465547,0.06178915377365947
ergo_adaptive,341.91666666666663,0.088984540930009,0.06179425905141236
ergo_adaptive,342.0,0.0898347885761799,0.06179510684394295
ergo_adaptive,342.08333333333337,0.09049109427679929,0.06179015932060394
ergo_adaptive,342.16666666666663,0.09201363800131462,0.06177415639545485
ergo_adaptive,342.25,0.09119321740079354,0.06174868217158117
ergo_adaptive,342.33333333333337,0.09310319249440417,0.06171997296745898
ergo_adaptive,342.41666666666663,0.09311269145172076,0.06169316426860652
ergo_adaptive,342.5,0.09252697423191511,0.061664866565551084
ergo_adaptive,342.58333333333337,0.0950496550023581,0.06162823493415649
ergo_adaptive,342.66666666666663,0.0972341914968089,0.061590945493121746
ergo_adaptive,342.75,0.09660782985757388,0.061563490898728306
ergo_adaptive,342.83333333333337,0.09352035422680317,0.061542653270617184
ergo_adaptive,342.91666666666663,0.09162229830392997,0.06151358357363293
ergo_adaptive,343.0,0.0918978079746983,0.061479353609328054
ergo_adaptive,343.08333333333337,0.09399143784307795,0.061462983621851895
ergo_adaptive,343.16666666666663,0.09430065322552816,0.06146336611012893
ergo_adaptive,343.25,0.09590544539016685,0.06144958182340809
ergo_adaptive,343.33333333333337,0.09500741372284584,0.061421558120959535
ergo_adaptive,343.41666666666663,0.09451898741620866,0.06140167926630633
ergo_adaptive,343.5,0.0944525991366322,0.06140301649233243
ergo_adaptive,343.58333333333337,0.09413101353407698,0.06139989891001884
ergo_adaptive,343.66666666666663,0.09177559644783823,0.06138221230169447
ergo_adaptive,343.75,0.0935142152294384,0.06136396257589825
ergo_adaptive,343.83333333333337,0.0952853665982934,0.06137085309988835
ergo_adaptive,343.91666666666663,0.09612014414900985,0.06138782240070696
ergo_adaptive,344.0,0.09714014236351826,0.06139653321451143
ergo_adaptive,344.08333333333337,0.098164232495548,0.06141166604646799
ergo_adaptive,344.16666666666663,0.095528653656389,0.061460786443897554
ergo_adaptive,344.25,0.09338171587800229,0.06153081614135106
ergo_adaptive,344.33333333333337,0.09278190470217443,0.061637262225088585
ergo_adaptive,344.41666666666663,0.09350800334740784,0.06175245407236566
ergo_adaptive,344.5,0.09283901412042182,0.06185448258638046
ergo_adaptive,344.58333333333337,0.0926414700471284,0.0619407764961813
ergo_adaptive,344.66666666666663,0.09246685896099917,0.06201899681957534
ergo_adaptive,344.75,0.09199398523871195,0.06208201297544018
ergo_adaptive,344.83333333333337,0.09334901983343118,0.06211807069732959
ergo_adaptive,344.91666666666663,0.09366978031704884,0.06213165959198983
ergo_adaptive,345.0,0.09415632943725695,0.062140397937134204
ergo_adaptive,345.08333333333337,0.09416044552616157,0.06215421484475886
ergo_adaptive,345.16666666666663,0.09501564686432845,0.062154142398508604
ergo_adaptive,345.25,0.0951580951931376,0.0621410820521706
ergo_adaptive,345.33333333333337,0.09689660377105105,0.06212673349260403
ergo_adaptive,345.41666666666663,0.09610957623782852,0.0621209030556841
ergo_adaptive,345.5,0.09829472015280427,0.06211358508654434
ergo_adaptive,345.58333333333337,0.09895254242563796,0.062095292801892445
ergo_adaptive,345.66666666666663,0.10060522598938738,0.06207778888353541
ergo_adaptive,345.75,0.09898456865001024,0.06206958133132796
ergo_adaptive,345.83333333333337,0.09833357254964516,0.062065567027551616
ergo_adaptive,345.91666666666663,0.09669897713549787,0.06205947466148303
ergo_adaptive,346.0,0.09698556103924696,0.062054767048341584
ergo_adaptive,346.08333333333337,0.09706406855903654,0.06205793352673184
ergo_adaptive,346.16666666666663,0.09786949222194978,0.062068796630070984
ergo_adaptive,346.25,0.09688694727447156,0.062081884205501335
ergo_adaptive,346.33333333333337,0.09714624573982723,0.06209507603157636
ergo_adaptive,346.41666666666663,0.09649268093684367,0.06211134266713525
ergo_adaptive,346.5,0.09797958671245459,0.062135358763452414
ergo_adaptive,346.58333333333337,0.09705274489370892,0.062163470078309115
ergo_adaptive,346.66666666666663,0.09653001003122448,0.062190096614487794
ergo_adaptive,346.75,0.0984520998540954,0.06221822265726283
ergo_adaptive,346.83333333333337,0.09905311507319266,0.062251845251703256
ergo_adaptive,346.91666666666663,0.0977468537399131,0.06229098256040932
ergo_adaptive,347.0,0.09665647712374956,0.0623309485358211
ergo_adaptive,347.08333333333337,0.09515567885192962,0.06237121519300978
ergo_adaptive,347.16666666666663,0.09294227167617149,0.06241561795200229
ergo_adaptive,347.25,0.09342706412117535,0.06246653709880999
ergo_adaptive,347.33333333333337,0.09402292149496538,0.06250237003362934
ergo_adaptive,347.41666666666663,0.09240704632357014,0.06251407935582594
ergo_adaptive,347.5,0.09222566701278039,0.06252726305636148
ergo_adaptive,347.58333333333337,0.09276920983477088,0.06255555540025073
ergo_adaptive,347.66666666666663,0.09264173636350852,0.06252865570494791
ergo_adaptive,347.75,0.09139473341162793,0.06244452702769707
ergo_adaptive,347.83333333333337,0.0917128269525941,0.06250238283961328
ergo_adaptive,347.91666666666663,0.09290082359185556,0.06264072202251647
ergo_adaptive,348.0,0.09405958259422938,0.062782988103013
ergo_adaptive,348.08333333333337,0.0939100773633373,0.0629027765180409
ergo_adaptive,348.16666666666663,0.09455215092342971,0.06299871392507049
ergo_adaptive,348.25,0.09587646853746204,0.06307925511069354
ergo_adaptive,348.33333333333337,0.09495416940072397,0.0631535849353813
ergo_adaptive,348.41666666666663,0.0954085238976857,0.06321088217136504
ergo_adaptive,348.5,0.0960469614687289,0.06324818026307988
ergo_adaptive,348.58333333333337,0.09739328374113969,0.06327409212818114
ergo_adaptive,348.66666666666663,0.09796831514263075,0.06329681144537598
ergo_adaptive,348.75,0.0968572365800373,0.0633093059794061
ergo_adaptive,348.83333333333337,0.097755721873542,0.06330463243634817
ergo_adaptive,348.91666666666663,0.0981221291388429,0.06328807405484957
ergo_adaptive,349.0,0.0983235251009337,0.0632682733195026
ergo_adaptive,349.08333333333337,0.10048703086165006,0.06324469166057918
ergo_adaptive,349.16666666666663,0.10070226886181835,0.06321043069815513
ergo_adaptive,349.25,0.1001922188162045,0.0631689331397936
ergo_adaptive,349.33333333333337,0.09948315106975963,0.0631262860406775
ergo_adaptive,349.41666666666663,0.09886933925207544,0.06308716152468616
ergo_adaptive,349.5,0.09881219058891569,0.06304681550341706
ergo_adaptive,349.58333333333337,0.09765990341095625,0.06299826157554038
ergo_adaptive,349.66666666666663,0.09795356030185229,0.06294920949314757
ergo_adaptive,349.75,0.10015760280981321,0.0629117654829374
ergo_adaptive,349.83333333333337,0.10173666753479818,0.06287976685857981
ergo_adaptive,349.91666666666663,0.10239454669560287,0.06283642506381848
ergo_adaptive,350.0,0.10108983415238838,0.06278386755837691
ergo_adaptive,350.08333333333337,0.10258128794223866,0.0627458734357509
ergo_adaptive,350.16666666666663,0.10284081152419189,0.06272766992320009
ergo_adaptive,350.25,0.10142462938116838,0.06269599540579082
ergo_adaptive,350.33333333333337,0.10293779336596945,0.06265039052388933
ergo_adaptive,350.41666666666663,0.10199438448552077,0.06261016032422663
ergo_adaptive,350.5,0.1031788392385202,0.06258830371979021
ergo_adaptive,350.58333333333337,0.10153259912414149,0.06257292041758546
ergo_adaptive,350.66666666666663,0.10080130464089958,0.06255840349434993
ergo_adaptive,350.75,0.10129809013443648,0.06254835981623103
ergo_adaptive,350.83333333333337,0.10089329544750948,0.06255073653128408
ergo_adaptive,350.91666666666663,0.09808173449762556,0.06255995820183056
ergo_adaptive,351.0,0.09732492511996657,0.06257399172988601
ergo_adaptive,351.08333333333337,0.09781328519036836,0.0625985969880074
ergo_adaptive,351.16666666666663,0.09887670795319514,0.06263735202326556
ergo_adaptive,351.25,0.09891437028842258,0.06268667110539758
ergo_adaptive,351.33333333333337,0.10095175236983094,0.06274701686101362
ergo_adaptive,351.41666666666663,0.1004665278986768,0.06281025241819367
ergo_adaptive,351.5,0.10048874342784192,0.06288391958759487
ergo_adaptive,351.58333333333337,0.1001588533581344,0.06297344610417471
ergo_adaptive,351.66666666666663,0.09785975210594179,0.06307011811240754
ergo_adaptive,351.75,0.09822728467275649,0.06317162269883278
ergo_adaptive,351.83333333333337,0.09854032114595976,0.06328144978969141
ergo_adaptive,351.91666666666663,0.09774594722202362,0.06340440809490758
ergo_adaptive,352.0,0.09843538700309301,0.0635335766044896
ergo_adaptive,352.08333333333337,0.0984373875349257,0.06366640918681254
ergo_adaptive,352.16666666666663,0.09816754178675012,0.06379924101960935
ergo_adaptive,352.25,0.09807355714156021,0.0639304248082179
ergo_adaptive,352.33333333333337,0.09746850702141296,0.06405841538511835
ergo_adaptive,352.41666666666663,0.09682765651139487,0.06418238416220547
ergo_adaptive,352.5,0.09751756146894834,0.06430207090879898
ergo_adaptive,352.58333333333337,0.09767114627599705,0.06441866368965896
ergo_adaptive,352.66666666666663,0.09871070778703606,0.06453136666930757
ergo_adaptive,352.75,0.09983999170374891,0.06464020871751458
ergo_adaptive,352.83333333333337,0.09952908006747221,0.06474617764302315
ergo_adaptive,352.91666666666663,0.10041175639228556,0.06484977057417553
ergo_adaptive,353.0,0.09987421811689176,0.06495008160914086
ergo_adaptive,353.08333333333337,0.10084374600115001,0.06504751312718299
ergo_adaptive,353.16666666666663,0.10124659287017916,0.06514254394290475
ergo_adaptive,353.25,0.10079101596512736,0.06523510754761962
ergo_adaptive,353.33333333333337,0.09942253471747876,0.06532742221256212
ergo_adaptive,353.41666666666663,0.09945970368144502,0.06541818309124425
ergo_adaptive,353.5,0.09973701705495829,0.06550820608585096
ergo_adaptive,353.58333333333337,0.10040736294918232,0.06559687920770306
ergo_adaptive,353.66666666666663,0.09951288652926446,0.06568422922581618
ergo_adaptive,353.75,0.09971356592375995,0.06577046776892082
ergo_adaptive,353.83333333333337,0.09764985825427601,0.06585524069179464
ergo_adaptive,353.91666666666663,0.09735272405201668,0.06593941863121258
ergo_adaptive,354.0,0.09616267616718217,0.0660227359226247
ergo_adaptive,354.08333333333337,0.09653982447801415,0.06610548384080137
ergo_adaptive,354.16666666666663,0.09578865533520498,0.06618770478502667
ergo_adaptive,354.25,0.09591883030926704,0.06626915821700916
ergo_adaptive,354.33333333333337,0.0964692259210363,0.06634988037328528
ergo_adaptive,354.41666666666663,0.09859301896721467,0.0664300239166654
ergo_adaptive,354.5,0.09932688752162916,0.0665093306220849
ergo_adaptive,354.58333333333337,0.09933704399658184,0.06658773627743901
ergo_adaptive,354.66666666666663,0.09915442003060303,0.06666790889325379
ergo_adaptive,354.75,0.10004453304882732,0.0667471622684704
ergo_adaptive,354.83333333333337,0.09899390493783378,0.06682662817874802
ergo_adaptive,354.91666666666663,0.10029599876677034,0.06690608276594012
ergo_adaptive,355.0,0.09994321150324097,0.06698438405340222
ergo_adaptive,355.08333333333337,0.10014722238277446,0.06706390927195727
ergo_adaptive,355.16666666666663,0.10013084581376701,0.06714108287240914
ergo_adaptive,355.25,0.1013238717956338,0.06721996105680028
ergo_adaptive,355.33333333333337,0.10053341446590125,0.06728409517397958
ergo_adaptive,355.41666666666663,0.10131519050367567,0.06736786461413197
ergo_adaptive,355.5,0.09967290406996532,0.06744746583648578
ergo_adaptive,355.58333333333337,0.09909965842177546,0.06753209392499332
ergo_adaptive,355.66666666666663,0.10113852129097184,0.06760400961516419
ergo_adaptive,355.75,0.1031130338676047,0.06766780749288896
ergo_adaptive,355.83333333333337,0.10363493904134359,0.06768975797160644
ergo_adaptive,355.91666666666663,0.10266361300343553,0.06767984514368162
ergo_adaptive,356.0,0.10386650152174448,0.0676401645968218
ergo_adaptive,356.08333333333337,0.1040123064288947,0.06756537708601139
ergo_adaptive,356.16666666666663,0.10481338738657157,0.06745978729483507
ergo_adaptive,356.25,0.10452653299218824,0.06734983176250572
ergo_adaptive,356.33333333333337,0.1049384228307673,0.06724544827623122
ergo_adaptive,356.41666666666663,0.10662022271342175,0.06712222052885493
ergo_adaptive,356.5,0.1093622503109434,0.06697793370677352
ergo_adaptive,356.58333333333337,0.10993487034958209,0.06684516745532681
ergo_adaptive,356.66666666666663,0.11013719507899512,0.0667322879908516
ergo_adaptive,356.75,0.11036376390328402,0.06660579887535564
ergo_adaptive,356.83333333333337,0.10967775621035566,0.06645265119804454
ergo_adaptive,356.91666666666663,0.10826953385387102,0.06629657946121523
ergo_adaptive,357.0,0.10952827730922617,0.06616957648901743
ergo_adaptive,357.08333333333337,0.1069310887389386,0.06603976493172573
ergo_adaptive,357.16666666666663,0.10788439807478305,0.06588016582381666
ergo_adaptive,357.25,0.1068301932642647,0.06570747939042995
ergo_adaptive,357.33333333333337,0.10679984819248221,0.06556083402333202
ergo_adaptive,357.41666666666663,0.10629421015508085,0.06542863586960682
ergo_adaptive,357.5,0.10542483483760771,0.06526901019100524
ergo_adaptive,357.58333333333337,0.10701926176676722,0.06509293815662598
ergo_adaptive,357.66666666666663,0.10857630297432452,0.06493876503211078
ergo_adaptive,357.75,0.10917224293596836,0.06481273680787554
ergo_adaptive,357.83333333333337,0.11015710054674596,0.06466966333568139
ergo_adaptive,357.91666666666663,0.11048163194098538,0.06451277357760596
ergo_adaptive,358.0,0.10904641886778474,0.06437094195350264
ergo_adaptive,358.08333333333337,0.10768520644325728,0.06425232449643364
ergo_adaptive,358.16666666666663,0.10654204400508711,0.06414088640141734
ergo_adaptive,358.25,0.10521706448881663,0.06402338598841296
ergo_adaptive,358.33333333333337,0.10519568219425271,0.06392008816185868
ergo_adaptive,358.41666666666663,0.10731225961036601,0.06382765634290521
ergo_adaptive,358.5,0.10795937628871505,0.0637410311543914
ergo_adaptive,358.58333333333337,0.10627557567110991,0.06364701448493586
ergo_adaptive,358.66666666666663,0.10513857138635432,0.0635418673587002
ergo_adaptive,358.75,0.101654774165394,0.06344017489189621
ergo_adaptive,358.83333333333337,0.10257227680570892,0.06336091788580468
ergo_adaptive,358.91666666666663,0.10258556739316058,0.06327240273227748
ergo_adaptive,359.0,0.0998461695370277,0.06311836136194186
ergo_adaptive,359.08333333333337,0.09895662440777123,0.06291697902099046
ergo_adaptive,359.16666666666663,0.09405670550816325,0.06270548647428832
ergo_adaptive,359.25,0.09520721153806799,0.062496323108664625
ergo_adaptive,359.33333333333337,0.09607207995141331,0.062285602417863954
ergo_adaptive,359.41666666666663,0.09484936829941798,0.06206657582198277
ergo_adaptive,359.5,0.09135876905063152,0.06181987137740782
ergo_adaptive,359.58333333333337,0.09002170552162743,0.06155471920228306
ergo_adaptive,359.66666666666663,0.08802087881992647,0.061282095519221945
ergo_adaptive,359.75,0.08632017706676835,0.06099246291616145
ergo_adaptive,359.83333333333337,0.0876977740581373,0.06071337511609152
ergo_adaptive,359.91666666666663,0.08784348056862963,0.06049844170477123
ergo_adaptive,360.0,0.08633414277257911,0.06026119240614566
