strategy,mission_minutes,estimated_target_deficit,ground_truth_target_deficit
ergo_adaptive,0.0,0.14238779062731677,0.11905974690476614
ergo_adaptive,0.08333333333337123,0.14367780351948492,0.11446635531995665
ergo_adaptive,0.16666666666662877,0.14225267878939088,0.11326428734384608
ergo_adaptive,0.25,0.14063514763045026,0.11264839274561184
ergo_adaptive,0.33333333333337123,0.14338021075046534,0.11221135647234395
ergo_adaptive,0.41666666666662877,0.1462214143163951,0.11185737831807989
ergo_adaptive,0.5,0.14554168876973306,0.11155866298585977
ergo_adaptive,0.5833333333333712,0.14752574929897666,0.11130910884542636
ergo_adaptive,0.6666666666666288,0.15077409961172777,0.11110902889251258
ergo_adaptive,0.75,0.15104339436282052,0.11096088993540826
ergo_adaptive,0.8333333333333712,0.15052463799534194,0.11086001510938369
ergo_adaptive,0.9166666666666288,0.1527226265594971,0.11075373173559665
ergo_adaptive,1.0,0.1508852112913086,0.11059184928370236
ergo_adaptive,1.0833333333333712,0.14903957953320404,0.11037501349278721
ergo_adaptive,1.1666666666666288,0.152583343536969,0.11012654053088289
ergo_adaptive,1.25,0.15305954032677813,0.10987493021333934
ergo_adaptive,1.3333333333333712,0.15301455343343398,0.10964785953608243
ergo_adaptive,1.4166666666666288,0.14865760565801775,0.1094640493365758
ergo_adaptive,1.5,0.1464951124306092,0.10933678278272509
ergo_adaptive,1.5833333333333712,0.14997961664618933,0.10920774910726397
ergo_adaptive,1.6666666666666288,0.15323722727251074,0.10901403934294115
ergo_adaptive,1.75,0.1532330735729974,0.10876157457849456
ergo_adaptive,1.8333333333333712,0.15218485848364163,0.10848190720024695
ergo_adaptive,1.9166666666666288,0.1453154411392272,0.1082141846976834
ergo_adaptive,2.0,0.14366619017266719,0.10799055745414327
ergo_adaptive,2.0833333333333712,0.1458426378078929,0.1078323249692713
ergo_adaptive,2.1666666666666288,0.14687074883160106,0.10770068678471605
ergo_adaptive,2.25,0.14521820639344707,0.10749369263045651
ergo_adaptive,2.3333333333333712,0.14424507276322948,0.10722052147730639
ergo_adaptive,2.4166666666666288,0.1445783471950744,0.10692413875640931
ergo_adaptive,2.5,0.14770464663011665,0.10665416621658083
ergo_adaptive,2.5833333333333712,0.1465567912779907,0.10644685614125307
ergo_adaptive,2.6666666666666288,0.14726152195191236,0.10631582179752891
ergo_adaptive,2.75,0.14826396584433996,0.10615131140812259
ergo_adaptive,2.8333333333333712,0.14857648779062077,0.10591345908819493
ergo_adaptive,2.9166666666666288,0.1469816649718866,0.10563415604157603
ergo_adaptive,3.0,0.14967022209892658,0.10536358084278433
ergo_adaptive,3.0833333333333712,0.154340602055555,0.10514454826728153
ergo_adaptive,3.1666666666666288,0.15183856354955289,0.10499325225891158
ergo_adaptive,3.25,0.15287571174417364,0.10481896217888693
ergo_adaptive,3.3333333333333712,0.15152109618175827,0.10457830970099212
ergo_adaptive,3.4166666666666288,0.14864934559392187,0.10430465404614961
ergo_adaptive,3.5,0.15016888133817502,0.10404994793985564
ergo_adaptive,3.5833333333333712,0.14537599825422198,0.1038503886775497
ergo_adaptive,3.6666666666666288,0.14980496053059494,0.10369002563416276
ergo_adaptive,3.75,0.15124799247392345,0.10349140707114622
ergo_adaptive,3.8333333333333712,0.1532951811116878,0.10324902287922827
ergo_adaptive,3.9166666666666288,0.1522057053776102,0.10300365360251636
ergo_adaptive,4.0,0.1547808566986601,0.10279418616085716
ergo_adaptive,4.083333333333371,0.15322150080205355,0.10262075764516557
ergo_adaptive,4.166666666666629,0.1527994549448521,0.10244587834611457
ergo_adaptive,4.25,0.15032879414472483,0.10224543731010267
ergo_adaptive,4.333333333333371,0.1497754924033824,0.10204200040143943
ergo_adaptive,4.416666666666629,0.15283392486000524,0.10186354540901735
ergo_adaptive,4.5,0.1542372879889216,0.10171318495392276
ergo_adaptive,4.583333333333371,0.1539272173130542,0.10157361601205578
ergo_adaptive,4.666666666666629,0.15661931082608874,0.1014364183732365
ergo_adaptive,4.75,0.15459169283856872,0.10131037520817962
ergo_adaptive,4.833333333333371,0.15507847884105264,0.10121339940163124
ergo_adaptive,4.916666666666629,0.15325135141415694,0.10115757857116148
ergo_adaptive,5.0,0.1521655234459786,0.10112507087492477
ergo_adaptive,5.083333333333371,0.15099979564198732,0.10107916485708736
ergo_adaptive,5.166666666666629,0.11338529637943988,0.10103016375731844
ergo_adaptive,5.25,0.0962875654903361,0.10100667128670988
ergo_adaptive,5.333333333333371,0.08790501516862832,0.10100870467217547
ergo_adaptive,5.416666666666629,0.08662437770977233,0.10102367606400992
ergo_adaptive,5.5,0.08482075205742501,0.10105536682042435
ergo_adaptive,5.583333333333371,0.08287813191487156,0.10111199009721865
ergo_adaptive,5.666666666666629,0.08305940053201966,0.10120168239686271
ergo_adaptive,5.75,0.08403264060592586,0.10132188107075575
ergo_adaptive,5.833333333333371,0.08302994872670245,0.10145795299079553
ergo_adaptive,5.916666666666629,0.08193218830265307,0.10160395302502559
ergo_adaptive,6.0,0.08093418346497501,0.10176360040879147
ergo_adaptive,6.083333333333371,0.08070944505145165,0.10193719747786992
ergo_adaptive,6.166666666666629,0.08111628696450754,0.10211402237134198
ergo_adaptive,6.25,0.08147957917524035,0.1022917962618381
ergo_adaptive,6.333333333333371,0.08159503909726887,0.10247304710945057
ergo_adaptive,6.416666666666629,0.0817351139508196,0.10265869053447906
ergo_adaptive,6.5,0.08126341137690538,0.10284599430704457
ergo_adaptive,6.583333333333371,0.08039294283074319,0.10303183102500027
ergo_adaptive,6.666666666666629,0.07936328602566269,0.10321646905255187
ergo_adaptive,6.75,0.07757350702122731,0.10340146754687901
ergo_adaptive,6.833333333333371,0.07710058718839159,0.10358679270750124
ergo_adaptive,6.916666666666629,0.07603131130929132,0.1037689430663223
ergo_adaptive,7.0,0.07603913531746913,0.10394824778683934
ergo_adaptive,7.083333333333371,0.07718672944280953,0.1041263619901635
ergo_adaptive,7.166666666666629,0.07637232967278941,0.10430392335291187
ergo_adaptive,7.25,0.07591973109016253,0.10448034475782697
ergo_adaptive,7.333333333333371,0.07677418385914293,0.10465509328290631
ergo_adaptive,7.416666666666629,0.07537943282018147,0.10482816925770089
ergo_adaptive,7.5,0.07513291624534231,0.10500017249087595
ergo_adaptive,7.583333333333371,0.07562413283919639,0.10517199559028172
ergo_adaptive,7.666666666666629,0.07444441949544019,0.10534155619700836
ergo_adaptive,7.75,0.07286189187787613,0.1055062288240845
ergo_adaptive,7.833333333333371,0.0700822631929568,0.10566720145481354
ergo_adaptive,7.916666666666629,0.06968027642623673,0.10582616139609886
ergo_adaptive,8.0,0.06988677112059015,0.10598372453852235
ergo_adaptive,8.083333333333371,0.07020819798132721,0.10613933563123622
ergo_adaptive,8.166666666666629,0.06846898458323783,0.10629142576599343
ergo_adaptive,8.25,0.06694750027780963,0.10643976392199715
ergo_adaptive,8.333333333333371,0.06596028486347703,0.10658676085139024
ergo_adaptive,8.416666666666629,0.06674053040164897,0.10673371686014042
ergo_adaptive,8.5,0.06652791386848632,0.10687441842483761
ergo_adaptive,8.583333333333371,0.06711041745451643,0.10700776072669954
ergo_adaptive,8.666666666666629,0.06446033709900825,0.10713897470100743
ergo_adaptive,8.75,0.06403631330085127,0.10727289587686592
ergo_adaptive,8.833333333333371,0.06347767563298565,0.10740178876433744
ergo_adaptive,8.916666666666629,0.062484550409490185,0.10752057616573918
ergo_adaptive,9.0,0.0603343868636071,0.10763479580858268
ergo_adaptive,9.083333333333371,0.06144696272151328,0.10775056752668362
ergo_adaptive,9.166666666666629,0.05985173827675048,0.10786447751388364
ergo_adaptive,9.25,0.05691493606667635,0.10796919800638975
ergo_adaptive,9.333333333333371,0.05398536637481338,0.10806653041697815
ergo_adaptive,9.416666666666629,0.052836191713748225,0.10816173317789655
ergo_adaptive,9.5,0.05355795615840437,0.10825564316664735
ergo_adaptive,9.583333333333371,0.05190029448716256,0.10834464965436885
ergo_adaptive,9.666666666666629,0.051003500515295695,0.10842652866159529
ergo_adaptive,9.75,0.049988928067070865,0.10850366869737932
ergo_adaptive,9.833333333333371,0.047919997426082696,0.10858198461078374
ergo_adaptive,9.916666666666629,0.04604281550679268,0.10866282312236088
ergo_adaptive,10.0,0.0462331208290266,0.10872938729013003
ergo_adaptive,10.083333333333371,0.04617147077705981,0.10877772946101728
ergo_adaptive,10.166666666666629,0.04618386214789485,0.10881902959757159
ergo_adaptive,10.25,0.0445396609256881,0.10885925193409615
ergo_adaptive,10.333333333333371,0.0451838346349705,0.10889361730081094
ergo_adaptive,10.416666666666629,0.041164271580350034,0.1089187807120095
ergo_adaptive,10.5,0.038749802353713024,0.10893523657260798
ergo_adaptive,10.583333333333371,0.03813896790606353,0.10894759106652722
ergo_adaptive,10.666666666666629,0.03743575801023549,0.10896599555070212
ergo_adaptive,10.75,0.03489957163223077,0.10898258003539771
ergo_adaptive,10.833333333333371,0.03175367898485058,0.10896666393065757
ergo_adaptive,10.916666666666629,0.03141654831810968,0.10892313027429197
ergo_adaptive,11.0,0.028970979687611538,0.10886963758343392
ergo_adaptive,11.083333333333371,0.026213411279789548,0.10881953572704779
ergo_adaptive,11.166666666666629,0.02531807352829897,0.10878595611386534
ergo_adaptive,11.25,0.02381274132541176,0.10875974096045346
ergo_adaptive,11.333333333333371,0.021457074533364106,0.10867736198633417
ergo_adaptive,11.416666666666629,0.018969598173874336,0.10855090022632899
ergo_adaptive,11.5,0.01772376325967713,0.10840927278978688
ergo_adaptive,11.583333333333371,0.015825913012880416,0.10827255817711766
ergo_adaptive,11.666666666666629,0.015314016990566465,0.10815704712481854
ergo_adaptive,11.75,0.015227012385437723,0.10805364420118735
ergo_adaptive,11.833333333333371,0.014135185812634713,0.10788372203007762
ergo_adaptive,11.916666666666629,0.013011149503713973,0.1076509271841868
ergo_adaptive,12.0,0.01267120373384578,0.10739423183857175
ergo_adaptive,12.083333333333371,0.009655268233295735,0.1071383598617795
ergo_adaptive,12.166666666666629,0.00916901157608095,0.10689042706173038
ergo_adaptive,12.25,0.00793888184158809,0.10663222104099171
ergo_adaptive,12.333333333333371,0.0071865125389528935,0.10632389647802598
ergo_adaptive,12.416666666666629,0.006490075596475129,0.1059753856726168
ergo_adaptive,12.5,0.006022268411907245,0.10563530447590373
ergo_adaptive,12.583333333333371,0.00353584921029994,0.10528529693285117
ergo_adaptive,12.666666666666629,0.0014754720516937853,0.10485485932211408
ergo_adaptive,12.75,0.0010016432122764733,0.10435519914613155
ergo_adaptive,12.833333333333371,0.0009525526301973588,0.1038421612717647
ergo_adaptive,12.916666666666629,0.005801120641215963,0.10334878710820965
ergo_adaptive,13.0,0.024737618772707203,0.10284405816662112
ergo_adaptive,13.083333333333371,0.04292354098488428,0.10230068757401588
ergo_adaptive,13.166666666666629,0.05121324997454632,0.10173866308851698
ergo_adaptive,13.25,0.05252752726807363,0.10121061175958164
ergo_adaptive,13.333333333333371,0.05505932109246638,0.10076606163521398
ergo_adaptive,13.416666666666629,0.054710458178385775,0.1003066566677488
ergo_adaptive,13.5,0.05456192084292754,0.09972874507303925
ergo_adaptive,13.583333333333371,0.05493356952672048,0.09911240786002473
ergo_adaptive,13.666666666666629,0.0510102212176657,0.09854025288902932
ergo_adaptive,13.75,0.05167328915851235,0.0980000507390457
ergo_adaptive,13.833333333333371,0.05269772928769552,0.09744635337832976
ergo_adaptive,13.916666666666629,0.053611039107961465,0.09687688574683762
ergo_adaptive,14.0,0.05531045574091293,0.09632692895289913
ergo_adaptive,14.083333333333371,0.05530049454891308,0.09584118838252893
ergo_adaptive,14.166666666666629,0.051546144540744125,0.09540849150332772
ergo_adaptive,14.25,0.05258541958295636,0.0949408273117507
ergo_adaptive,14.333333333333371,0.050438439969850965,0.09442346952903287
ergo_adaptive,14.416666666666629,0.050413285878696756,0.09394607219042579
ergo_adaptive,14.5,0.052656398910581666,0.09355346932452605
ergo_adaptive,14.583333333333371,0.05232758529429396,0.09311783788491844
ergo_adaptive,14.666666666666629,0.05256358637182443,0.09260385208303293
ergo_adaptive,14.75,0.05329289975031744,0.09209091297949058
ergo_adaptive,14.833333333333371,0.054950594337559444,0.09163148154724457
ergo_adaptive,14.916666666666629,0.05340236289545606,0.09121252874162594
ergo_adaptive,15.0,0.05295764423880788,0.0907997624444075
ergo_adaptive,15.083333333333371,0.0522486684601732,0.09038530285473331
ergo_adaptive,15.166666666666629,0.05262586282735263,0.0900025319484131
ergo_adaptive,15.25,0.05152046594981883,0.08969305746004727
ergo_adaptive,15.333333333333371,0.05195799236441373,0.08941271624813274
ergo_adaptive,15.416666666666629,0.050201699544273386,0.08907439087168242
ergo_adaptive,15.5,0.050978821210868726,0.08871350063801114
ergo_adaptive,15.583333333333371,0.052327864897741334,0.08841556801319789
ergo_adaptive,15.666666666666629,0.05109253660756232,0.08817196547182668
ergo_adaptive,15.75,0.05079987951682045,0.08788614363620827
ergo_adaptive,15.833333333333371,0.053177401576100486,0.08756675069791786
ergo_adaptive,15.916666666666629,0.051903999126041704,0.08727320186331763
ergo_adaptive,16.0,0.05260760272141485,0.08703290179492906
ergo_adaptive,16.08333333333337,0.05185978447941367,0.08682118029210904
ergo_adaptive,16.16666666666663,0.052230906111667356,0.08664365581259989
ergo_adaptive,16.25,0.05240384217309101,0.08661315035980845
ergo_adaptive,16.33333333333337,0.05282290179823988,0.0866245863477855
ergo_adaptive,16.41666666666663,0.05283613444664702,0.08660838395138104
ergo_adaptive,16.5,0.0532330630653863,0.08653044695206367
ergo_adaptive,16.58333333333337,0.052589842653581825,0.08641049649969525
ergo_adaptive,16.66666666666663,0.052352963206300444,0.08640977865371846
ergo_adaptive,16.75,0.05268380683845736,0.08650844925582779
ergo_adaptive,16.83333333333337,0.05217823674308023,0.08663089969882547
ergo_adaptive,16.91666666666663,0.051412364255935476,0.08678246148226365
ergo_adaptive,17.0,0.05139669829533998,0.08694132932665534
ergo_adaptive,17.08333333333337,0.0513200207894078,0.08707636084136139
ergo_adaptive,17.16666666666663,0.049884833634748015,0.0871308952898438
ergo_adaptive,17.25,0.0507222793368084,0.08721920313215482
ergo_adaptive,17.33333333333337,0.050816042626239996,0.08735506012811227
ergo_adaptive,17.41666666666663,0.05059136517382265,0.08745170725269451
ergo_adaptive,17.5,0.0510220570196919,0.08748051387841316
ergo_adaptive,17.58333333333337,0.05093865870593972,0.08744643916479548
ergo_adaptive,17.66666666666663,0.049840140053063225,0.08736180949481775
ergo_adaptive,17.75,0.049731732790903024,0.0872289222349655
ergo_adaptive,17.83333333333337,0.049228699569929,0.08703273124711287
ergo_adaptive,17.91666666666663,0.04946560544810859,0.08702955696587977
ergo_adaptive,18.0,0.050338277676100045,0.08706782032405884
ergo_adaptive,18.08333333333337,0.04957765045732189,0.08706588754295656
ergo_adaptive,18.16666666666663,0.04923629508279241,0.08712969992658408
ergo_adaptive,18.25,0.04952637830990584,0.0872555382711847
ergo_adaptive,18.33333333333337,0.04966846162985056,0.08740254199883207
ergo_adaptive,18.41666666666663,0.04906507382180638,0.08754208719898897
ergo_adaptive,18.5,0.049685396909855316,0.08764577298548916
ergo_adaptive,18.58333333333337,0.05137101701731958,0.0877030721421514
ergo_adaptive,18.66666666666663,0.0526463653264452,0.08771939310786472
ergo_adaptive,18.75,0.04935929816975648,0.08771572266742342
ergo_adaptive,18.83333333333337,0.04969386675027437,0.0876558043816239
ergo_adaptive,18.91666666666663,0.05087321879866011,0.08749602304615693
ergo_adaptive,19.0,0.05294125991966421,0.08727269177526203
ergo_adaptive,19.08333333333337,0.05014053537579165,0.08706994522843982
ergo_adaptive,19.16666666666663,0.04962879244432244,0.0869044374629513
ergo_adaptive,19.25,0.050356090074740505,0.0866383401773526
ergo_adaptive,19.33333333333337,0.05278185041830576,0.08631422643161454
ergo_adaptive,19.41666666666663,0.051164276391105074,0.08603545387434916
ergo_adaptive,19.5,0.0521154728078389,0.08585653528542204
ergo_adaptive,19.58333333333337,0.05228204948495108,0.08563496622758969
ergo_adaptive,19.66666666666663,0.05198004927962528,0.08533687205611067
ergo_adaptive,19.75,0.052904658404330084,0.0850506571977246
ergo_adaptive,19.83333333333337,0.05327322228186847,0.08486137561099301
ergo_adaptive,19.91666666666663,0.05299868343251334,0.08468866742488401
ergo_adaptive,20.0,0.053945361805277536,0.0844325732903598
ergo_adaptive,20.08333333333337,0.05157297565845748,0.08415855165055222
ergo_adaptive,20.16666666666663,0.05347860657493418,0.0839613136157368
ergo_adaptive,20.25,0.054329018664276134,0.08382851757883074
ergo_adaptive,20.33333333333337,0.05536233302593979,0.08363849250790374
ergo_adaptive,20.41666666666663,0.056814067209978614,0.08340394472075036
ergo_adaptive,20.5,0.05446723761184075,0.08320597675711842
ergo_adaptive,20.58333333333337,0.053738440853765244,0.08309730720040487
ergo_adaptive,20.66666666666663,0.05408364225903589,0.0829748476729024
ergo_adaptive,20.75,0.05437743303756353,0.08280067215572864
ergo_adaptive,20.83333333333337,0.05437857122479817,0.08263335886406449
ergo_adaptive,20.91666666666663,0.05419446662453759,0.0825158892651394
ergo_adaptive,21.0,0.05436705868515,0.08242578229271322
ergo_adaptive,21.08333333333337,0.05532826005994301,0.08233172786731496
ergo_adaptive,21.16666666666663,0.05462091507031281,0.08223482271088547
ergo_adaptive,21.25,0.05489065456223652,0.08217002763169282
ergo_adaptive,21.33333333333337,0.054282702074874,0.08214164553958213
ergo_adaptive,21.41666666666663,0.0549682996424914,0.08225395230707361
ergo_adaptive,21.5,0.05509160192688802,0.082429178894601
ergo_adaptive,21.58333333333337,0.05496898466063861,0.0825809456058939
ergo_adaptive,21.66666666666663,0.05567667094458406,0.0827810010078706
ergo_adaptive,21.75,0.056031058758379014,0.08297357846083439
ergo_adaptive,21.83333333333337,0.05538220301230152,0.08312844885238783
ergo_adaptive,21.91666666666663,0.05677138946042375,0.08331942300206041
ergo_adaptive,22.0,0.05663421514818017,0.08349846064673093
ergo_adaptive,22.08333333333337,0.05726236421097363,0.08366786844874723
ergo_adaptive,22.16666666666663,0.056337017035446545,0.08382004972630601
ergo_adaptive,22.25,0.057044919774273874,0.0839995254495609
ergo_adaptive,22.33333333333337,0.057075370826597846,0.08414538824930755
ergo_adaptive,22.41666666666663,0.05773550442443291,0.08425318674875795
ergo_adaptive,22.5,0.057623386829084806,0.08434324852690636
ergo_adaptive,22.58333333333337,0.05811734704251712,0.08442963782632207
ergo_adaptive,22.66666666666663,0.058280551446571724,0.08450065416163725
ergo_adaptive,22.75,0.05788522809750132,0.08454383294723336
ergo_adaptive,22.83333333333337,0.05687565828393026,0.08457479296721637
ergo_adaptive,22.91666666666663,0.057511108210740805,0.08460553325088069
ergo_adaptive,23.0,0.05782063778927473,0.08461403744808647
ergo_adaptive,23.08333333333337,0.058887720089717585,0.08463954740396601
ergo_adaptive,23.16666666666663,0.057841934432358404,0.08473835339631826
ergo_adaptive,23.25,0.05725152996479029,0.0848792357905229
ergo_adaptive,23.33333333333337,0.05735614881778719,0.0850514984839479
ergo_adaptive,23.41666666666663,0.0566698459307153,0.08521404464705133
ergo_adaptive,23.5,0.0555644418890437,0.08533761873516998
ergo_adaptive,23.58333333333337,0.056573915465474814,0.08540039397592689
ergo_adaptive,23.66666666666663,0.05629192256158816,0.085415378947902
ergo_adaptive,23.75,0.05592759569579855,0.08541310984992805
ergo_adaptive,23.83333333333337,0.056220479310977754,0.08539816477705275
ergo_adaptive,23.91666666666663,0.05612954480245254,0.08535174960249232
ergo_adaptive,24.0,0.054811206237299584,0.08527385841010728
ergo_adaptive,24.08333333333337,0.055434430526838475,0.0851995438338651
ergo_adaptive,24.16666666666663,0.05467390242998783,0.08525564381147824
ergo_adaptive,24.25,0.05551635450348107,0.08537218527619331
ergo_adaptive,24.33333333333337,0.05655212952279611,0.08543697139666824
ergo_adaptive,24.41666666666663,0.05650652714987526,0.08547179701308835
ergo_adaptive,24.5,0.057177241269508856,0.08546290247896565
ergo_adaptive,24.58333333333337,0.056983750170142615,0.0855356208704691
ergo_adaptive,24.66666666666663,0.05689044888060285,0.08565745154109654
ergo_adaptive,24.75,0.05739337351530119,0.08572869210017077
ergo_adaptive,24.83333333333337,0.058598752914292715,0.08578765160228642
ergo_adaptive,24.91666666666663,0.05830966681289005,0.08588911064311554
ergo_adaptive,25.0,0.05748767376343035,0.0859832103336251
ergo_adaptive,25.08333333333337,0.05773669339812484,0.08605922371289931
ergo_adaptive,25.16666666666663,0.05696542485506077,0.08611367910069574
ergo_adaptive,25.25,0.058838449723324984,0.08615881189202844
ergo_adaptive,25.33333333333337,0.05838576349373923,0.08617195837087828
ergo_adaptive,25.41666666666663,0.05837070128806174,0.08614680784793827
ergo_adaptive,25.5,0.05969364109586006,0.0861065708907564
ergo_adaptive,25.58333333333337,0.05959207475309884,0.0860655837574012
ergo_adaptive,25.66666666666663,0.058135033995906096,0.08601290211782799
ergo_adaptive,25.75,0.05745214376917147,0.08595707829410301
ergo_adaptive,25.83333333333337,0.056573813278431806,0.08591194069944727
ergo_adaptive,25.91666666666663,0.05759394587176976,0.08589393788777172
ergo_adaptive,26.0,0.05961252298644612,0.0858998879705931
ergo_adaptive,26.08333333333337,0.06006111504773072,0.0859094741858253
ergo_adaptive,26.16666666666663,0.05891135225597686,0.08589220670427203
ergo_adaptive,26.25,0.059665943091956074,0.08585152800095086
ergo_adaptive,26.33333333333337,0.059751700055440365,0.0858191679430954
ergo_adaptive,26.41666666666663,0.0587362733315629,0.08579083272749845
ergo_adaptive,26.5,0.060293641081677736,0.08571399546611506
ergo_adaptive,26.58333333333337,0.061078047555936946,0.08560247436522617
ergo_adaptive,26.66666666666663,0.06082212219972633,0.08549301406141527
ergo_adaptive,26.75,0.06144479042118134,0.08540797105524274
ergo_adaptive,26.83333333333337,0.06138841342070922,0.0853253840593267
ergo_adaptive,26.91666666666663,0.06051834537943328,0.0852368170695811
ergo_adaptive,27.0,0.06054088663400006,0.08533676406663392
ergo_adaptive,27.08333333333337,0.06016960532850954,0.08553171090573645
ergo_adaptive,27.16666666666663,0.06006875968763595,0.08573456104295538
ergo_adaptive,27.25,0.06107694873982211,0.08590818446988292
ergo_adaptive,27.33333333333337,0.06119390977370334,0.08608890577486758
ergo_adaptive,27.41666666666663,0.0612792825805899,0.0862694832123114
ergo_adaptive,27.5,0.061263201135242945,0.08644253628508433
ergo_adaptive,27.58333333333337,0.06253546841974297,0.08660817098176532
ergo_adaptive,27.66666666666663,0.06323387781703112,0.08675038942092192
ergo_adaptive,27.75,0.06363631233481055,0.08682926192007072
ergo_adaptive,27.83333333333337,0.06263195900417566,0.08682170248535276
ergo_adaptive,27.91666666666663,0.06368902761590609,0.08691218300298559
ergo_adaptive,28.0,0.06331030706631093,0.08698092167469626
ergo_adaptive,28.08333333333337,0.062196148051169145,0.08710168533041458
ergo_adaptive,28.16666666666663,0.06275124397190414,0.08725571858380902
ergo_adaptive,28.25,0.06208383011797946,0.08739425021725472
ergo_adaptive,28.33333333333337,0.0607912919250478,0.08747992181862964
ergo_adaptive,28.41666666666663,0.06136866273659618,0.08751144747749466
ergo_adaptive,28.5,0.06021892385710751,0.08752238560040443
ergo_adaptive,28.58333333333337,0.0599591837465777,0.08754405133084836
ergo_adaptive,28.66666666666663,0.06019786490063057,0.08753722234138896
ergo_adaptive,28.75,0.0610825495841407,0.08750150035570403
ergo_adaptive,28.83333333333337,0.06045990812879919,0.08747625385233472
ergo_adaptive,28.91666666666663,0.06107338730713183,0.08750574572797126
ergo_adaptive,29.0,0.06194835539433931,0.08751799975559316
ergo_adaptive,29.08333333333337,0.06151470604921516,0.0874752520221031
ergo_adaptive,29.16666666666663,0.060514784824230346,0.0874276278426309
ergo_adaptive,29.25,0.062160287970404446,0.08742386767499971
ergo_adaptive,29.33333333333337,0.062076167273252145,0.08744097882876757
ergo_adaptive,29.41666666666663,0.06076313179294148,0.08746265151111923
ergo_adaptive,29.5,0.0607176876224088,0.08750197045650343
ergo_adaptive,29.58333333333337,0.06107569597386639,0.08756794345199057
ergo_adaptive,29.66666666666663,0.060077839126800696,0.08759959483746799
ergo_adaptive,29.75,0.06053979545140909,0.08759507766426015
ergo_adaptive,29.83333333333337,0.061361966627450325,0.08758777721525603
ergo_adaptive,29.91666666666663,0.06129747131466506,0.0876200123054826
ergo_adaptive,30.0,0.06030778596234396,0.08763572403905254
ergo_adaptive,30.08333333333337,0.06138985656221251,0.08761393115852786
ergo_adaptive,30.16666666666663,0.06280453773286908,0.08758236955714206
ergo_adaptive,30.25,0.06232456750183202,0.08758944704024059
ergo_adaptive,30.33333333333337,0.06268656331219719,0.08758936844597257
ergo_adaptive,30.41666666666663,0.0623211373767687,0.08752691071569575
ergo_adaptive,30.5,0.0635993118232081,0.08742738168002698
ergo_adaptive,30.58333333333337,0.06286382108851153,0.08733300057273824
ergo_adaptive,30.66666666666663,0.06272229984631976,0.08723707493378886
ergo_adaptive,30.75,0.06427491181017052,0.0870699313151278
ergo_adaptive,30.83333333333337,0.06260395461560192,0.0868433127007011
ergo_adaptive,30.91666666666663,0.06163210240387742,0.08661138505340926
ergo_adaptive,31.0,0.060564871725550085,0.08639811804283411
ergo_adaptive,31.08333333333337,0.05854983872494165,0.08618112690174791
ergo_adaptive,31.16666666666663,0.058476314402237835,0.08594696576861573
ergo_adaptive,31.25,0.060608690621726094,0.08570654882224361
ergo_adaptive,31.33333333333337,0.0629432775628001,0.08547674435586827
ergo_adaptive,31.41666666666663,0.06323148275821808,0.08524989289391392
ergo_adaptive,31.5,0.06174641740346379,0.085007699177335
ergo_adaptive,31.58333333333337,0.06244564300033019,0.0847524729312542
ergo_adaptive,31.66666666666663,0.06014211730543194,0.08451451824217225
ergo_adaptive,31.75,0.06180368141386524,0.08433753903055419
ergo_adaptive,31.83333333333337,0.06170092389608119,0.08419610096478317
ergo_adaptive,31.91666666666663,0.06053394211694534,0.0840239950363204
ergo_adaptive,32.0,0.06134651187010831,0.08383643532881264
ergo_adaptive,32.08333333333337,0.062072595783714136,0.0836591813054864
ergo_adaptive,32.16666666666663,0.061773304028688525,0.08347973305025778
ergo_adaptive,32.25,0.060107751966588546,0.0832667558720694
ergo_adaptive,32.33333333333337,0.059793850164787,0.08301660448196649
ergo_adaptive,32.41666666666663,0.060666641681530804,0.08275176959372055
ergo_adaptive,32.5,0.06364644776686422,0.08250196913690651
ergo_adaptive,32.58333333333337,0.06321245881800051,0.08226145567983907
ergo_adaptive,32.66666666666663,0.06364465281805197,0.08198816347812417
ergo_adaptive,32.75,0.06396023612271484,0.08167986858821683
ergo_adaptive,32.83333333333337,0.06201384066189648,0.08140613438944153
ergo_adaptive,32.91666666666663,0.061663741390524926,0.08120142874042567
ergo_adaptive,33.0,0.06277333777265294,0.08093454693132808
ergo_adaptive,33.08333333333337,0.062322989802210994,0.08059146703434206
ergo_adaptive,33.16666666666663,0.06293697185037178,0.08026800385737248
ergo_adaptive,33.25,0.06151281670546997,0.08003984793721876
ergo_adaptive,33.33333333333337,0.062984886748296,0.0798009882949471
ergo_adaptive,33.41666666666663,0.06156520967785617,0.07947458469282749
ergo_adaptive,33.5,0.0611142217734542,0.07913883036303355
ergo_adaptive,33.58333333333337,0.06047689795130761,0.07886589167506337
ergo_adaptive,33.66666666666663,0.0613217220228225,0.07862253271120836
ergo_adaptive,33.75,0.06043559604557752,0.07834973714030088
ergo_adaptive,33.83333333333337,0.06056349860120371,0.07805967530716641
ergo_adaptive,33.91666666666663,0.06171333757009474,0.07779248326532502
ergo_adaptive,34.0,0.06211466326993407,0.0775607789581611
ergo_adaptive,34.08333333333337,0.061401773154073504,0.07733267921181287
ergo_adaptive,34.16666666666663,0.06168905677869215,0.0770885051437487
ergo_adaptive,34.25,0.0627037245668758,0.07684303202985365
ergo_adaptive,34.33333333333337,0.06117450304617364,0.07662692588313615
ergo_adaptive,34.41666666666663,0.06250675553125258,0.07645818082441667
ergo_adaptive,34.5,0.06195726136404723,0.07626063971090187
ergo_adaptive,34.58333333333337,0.06241819174587527,0.0760291708757478
ergo_adaptive,34.66666666666663,0.06342014523326278,0.07582144213039646
ergo_adaptive,34.75,0.0630339474169395,0.07565774775326019
ergo_adaptive,34.83333333333337,0.06278589988216884,0.07547138253805961
ergo_adaptive,34.91666666666663,0.06310888191640798,0.07524891186339887
ergo_adaptive,35.0,0.06467660221464248,0.07502965435250895
ergo_adaptive,35.08333333333337,0.06498094021053948,0.07486621420217497
ergo_adaptive,35.16666666666663,0.06531925677789631,0.07470018586192081
ergo_adaptive,35.25,0.06496625310437686,0.07447026886322805
ergo_adaptive,35.33333333333337,0.0664668055345107,0.07423119444205631
ergo_adaptive,35.41666666666663,0.06705979245701837,0.07403007616680364
ergo_adaptive,35.5,0.06670852161984103,0.07385359663762668
ergo_adaptive,35.58333333333337,0.06548570960398345,0.07366495167072148
ergo_adaptive,35.66666666666663,0.06544278199049476,0.07366275471495974
ergo_adaptive,35.75,0.06504590335164413,0.07388346115727387
ergo_adaptive,35.83333333333337,0.06568792396503162,0.07416537230786036
ergo_adaptive,35.91666666666663,0.0659502239900703,0.07442898115819416
ergo_adaptive,36.0,0.06556645440969772,0.07467903769071833
ergo_adaptive,36.08333333333337,0.06654358168045257,0.07491314696078583
ergo_adaptive,36.16666666666663,0.06630304306856066,0.07514061072459374
ergo_adaptive,36.25,0.06625963474978883,0.07536738166849143
ergo_adaptive,36.33333333333337,0.06613451032696709,0.0755490360265003
ergo_adaptive,36.41666666666663,0.06639765613087954,0.07571989391999769
ergo_adaptive,36.5,0.06590246481265082,0.07586067521663493
ergo_adaptive,36.58333333333337,0.06695452362194122,0.07600137238168647
ergo_adaptive,36.66666666666663,0.06637765771040696,0.07611592108036656
ergo_adaptive,36.75,0.06584851401561448,0.07618156452376998
ergo_adaptive,36.83333333333337,0.0651493564523513,0.07621499797768606
ergo_adaptive,36.91666666666663,0.0660443836350854,0.07626234584616567
ergo_adaptive,37.0,0.06545116277693629,0.0763277762325285
ergo_adaptive,37.08333333333337,0.06841458819360069,0.07635931802627842
ergo_adaptive,37.16666666666663,0.06900825129039236,0.07642974806748111
ergo_adaptive,37.25,0.06932179420788565,0.07659278506138409
ergo_adaptive,37.33333333333337,0.06897026650875336,0.07679818128715099
ergo_adaptive,37.41666666666663,0.06923412239524633,0.07700530871773417
ergo_adaptive,37.5,0.06915897287338549,0.07721003635102698
ergo_adaptive,37.58333333333337,0.06894461838434511,0.07738469816399692
ergo_adaptive,37.66666666666663,0.06976811600361142,0.07747280157869939
ergo_adaptive,37.75,0.06917908275526169,0.07750050422791005
ergo_adaptive,37.83333333333337,0.06927193088077337,0.07751741900841534
ergo_adaptive,37.91666666666663,0.06885386895437588,0.0775647701929111
ergo_adaptive,38.0,0.06851234256409271,0.07758798068498995
ergo_adaptive,38.08333333333337,0.06795346713548242,0.07756655835377442
ergo_adaptive,38.16666666666663,0.06820672826375394,0.0775380839222106
ergo_adaptive,38.25,0.06706320758444884,0.07758922195520862
ergo_adaptive,38.33333333333337,0.06711187711888285,0.07772257742480336
ergo_adaptive,38.41666666666663,0.06778236639179265,0.07788035274481658
ergo_adaptive,38.5,0.06843520624400566,0.07805787631994804
ergo_adaptive,38.58333333333337,0.06783257392744757,0.07823745133627956
ergo_adaptive,38.66666666666663,0.06822118233622455,0.07837688700499865
ergo_adaptive,38.75,0.06825666954192566,0.0784700652796501
ergo_adaptive,38.83333333333337,0.06695361676460658,0.07853389642100483
ergo_adaptive,38.91666666666663,0.06700489046212023,0.07860947745187406
ergo_adaptive,39.0,0.06433102158016238,0.0786840964980107
ergo_adaptive,39.08333333333337,0.06628215935722057,0.07882140487615172
ergo_adaptive,39.16666666666663,0.06795191371876746,0.07899280426840503
ergo_adaptive,39.25,0.06921390459719137,0.07915038395423693
ergo_adaptive,39.33333333333337,0.07056296357548208,0.07927104517833161
ergo_adaptive,39.41666666666663,0.06933651180493496,0.07933738249968444
ergo_adaptive,39.5,0.07028528307452758,0.07937920726734181
ergo_adaptive,39.58333333333337,0.06920014415708009,0.07941444669641774
ergo_adaptive,39.66666666666663,0.07038493908304708,0.07944761208536315
ergo_adaptive,39.75,0.07083918026887355,0.07945805312335182
ergo_adaptive,39.83333333333337,0.07150079673807498,0.07943365129141776
ergo_adaptive,39.91666666666663,0.07236883919002607,0.07937707734870797
ergo_adaptive,40.0,0.07324841528573248,0.07930310470392077
ergo_adaptive,40.08333333333337,0.07211350459065233,0.07921645454146489
ergo_adaptive,40.16666666666663,0.07027118774760911,0.07905790227781825
ergo_adaptive,40.25,0.07000425413709316,0.07883908381636884
ergo_adaptive,40.33333333333337,0.07074552085828538,0.07865026979889629
ergo_adaptive,40.41666666666663,0.07345906439921826,0.07853754207295441
ergo_adaptive,40.5,0.07326541951614401,0.07835433773911564
ergo_adaptive,40.58333333333337,0.0726654265587881,0.07808533974659262
ergo_adaptive,40.66666666666663,0.07259056413356688,0.07783198109561916
ergo_adaptive,40.75,0.07351371250836955,0.0776798778195409
ergo_adaptive,40.83333333333337,0.07371102839219917,0.0775451236264166
ergo_adaptive,40.91666666666663,0.07296518803356543,0.07733195257415941
ergo_adaptive,41.0,0.07553823558893948,0.07711511477408906
ergo_adaptive,41.08333333333337,0.07428984024847121,0.07696436259978279
ergo_adaptive,41.16666666666663,0.07464730723694468,0.07688157608702825
ergo_adaptive,41.25,0.07571423748516057,0.07673204194880771
ergo_adaptive,41.33333333333337,0.07595145758966472,0.07653602191364843
ergo_adaptive,41.41666666666663,0.07604050824432737,0.07637457229745005
ergo_adaptive,41.5,0.07713632881822645,0.0762903420963891
ergo_adaptive,41.58333333333337,0.07787097086634236,0.07619561147523735
ergo_adaptive,41.66666666666663,0.07772936726671278,0.07604477077748983
ergo_adaptive,41.75,0.07964078306321132,0.07590296498579147
ergo_adaptive,41.83333333333337,0.0802873437357856,0.07584057583394684
ergo_adaptive,41.91666666666663,0.07997863385449805,0.07580504577649681
ergo_adaptive,42.0,0.07765891617993027,0.07570187264690044
ergo_adaptive,42.08333333333337,0.07921288432358932,0.07561700705840685
ergo_adaptive,42.16666666666663,0.07981494802251603,0.07557455823330086
ergo_adaptive,42.25,0.08079248416697525,0.07557976570189844
ergo_adaptive,42.33333333333337,0.0800355198199696,0.07559666354447121
ergo_adaptive,42.41666666666663,0.08002518313595046,0.07562982357815871
ergo_adaptive,42.5,0.08088337683241838,0.07569719177675646
ergo_adaptive,42.58333333333337,0.0807831185690142,0.07582466631078819
ergo_adaptive,42.66666666666663,0.08226790384781367,0.07599705573311183
ergo_adaptive,42.75,0.08184432619289995,0.07618988384418653
ergo_adaptive,42.83333333333337,0.08270470720177092,0.07639500297350625
ergo_adaptive,42.91666666666663,0.08260071272247008,0.07660559794428654
ergo_adaptive,43.0,0.08308410814979013,0.07681831709254404
ergo_adaptive,43.08333333333337,0.08366362726172127,0.07703040916693718
ergo_adaptive,43.16666666666663,0.08380046906780204,0.07724089370004539
ergo_adaptive,43.25,0.08423139121097989,0.07744846007268334
ergo_adaptive,43.33333333333337,0.08367172149403766,0.07765233501604694
ergo_adaptive,43.41666666666663,0.0831980286294396,0.07785228965323614
ergo_adaptive,43.5,0.08266585924385333,0.07804810701608882
ergo_adaptive,43.58333333333337,0.08378201598060257,0.07823957863529295
ergo_adaptive,43.66666666666663,0.08376852899511479,0.07842721218345748
ergo_adaptive,43.75,0.08324221274217723,0.07861129924733626
ergo_adaptive,43.83333333333337,0.08286890907796629,0.07879179507260806
ergo_adaptive,43.91666666666663,0.0836914691530512,0.07896875570106344
ergo_adaptive,44.0,0.08390433831294672,0.0791431432032447
ergo_adaptive,44.08333333333337,0.08251017039442374,0.07931519815623804
ergo_adaptive,44.16666666666663,0.08178677596406642,0.07948382562336861
ergo_adaptive,44.25,0.083074736223263,0.07964793077583728
ergo_adaptive,44.33333333333337,0.08303705336823491,0.07981225036056837
ergo_adaptive,44.41666666666663,0.08310158223388563,0.07997552484214533
ergo_adaptive,44.5,0.08367124682747547,0.08013728483251827
ergo_adaptive,44.58333333333337,0.08682319851615322,0.08029792036324468
ergo_adaptive,44.66666666666663,0.08698248809556454,0.08043579101595574
ergo_adaptive,44.75,0.08947610878868781,0.08050540458203012
ergo_adaptive,44.83333333333337,0.08870291044826445,0.08051012730492516
ergo_adaptive,44.91666666666663,0.09033687209710153,0.08046392890973542
ergo_adaptive,45.0,0.08889886419101015,0.08037300015618883
ergo_adaptive,45.08333333333337,0.09084706357135088,0.08026397144132794
ergo_adaptive,45.16666666666663,0.09026844463158902,0.08018449791968565
ergo_adaptive,45.25,0.08949192052514683,0.08013351131947691
ergo_adaptive,45.33333333333337,0.08781013573720155,0.08005878113878151
ergo_adaptive,45.41666666666663,0.08727881330458306,0.08015959220418058
ergo_adaptive,45.5,0.08924478533475699,0.08036745125269198
ergo_adaptive,45.58333333333337,0.0893255072698078,0.0805559124056417
ergo_adaptive,45.66666666666663,0.0913277680612332,0.08064651971227611
ergo_adaptive,45.75,0.09191339182475551,0.08065828744805442
ergo_adaptive,45.83333333333337,0.09312629031128714,0.08064062119244055
ergo_adaptive,45.91666666666663,0.09286823608976207,0.08064580609226636
ergo_adaptive,46.0,0.09500734465008963,0.080796635224576
ergo_adaptive,46.08333333333337,0.0940453438582672,0.08093587466157187
ergo_adaptive,46.16666666666663,0.0956882711627407,0.08112384628689119
ergo_adaptive,46.25,0.09791699919230488,0.08123073506116446
ergo_adaptive,46.33333333333337,0.09818834820423678,0.08121771816906406
ergo_adaptive,46.41666666666663,0.09862031955162637,0.08122341240674608
ergo_adaptive,46.5,0.09737835697943628,0.08129825011576121
ergo_adaptive,46.58333333333337,0.0952176298883318,0.0814771752045283
ergo_adaptive,46.66666666666663,0.09558346922170205,0.08168175361425992
ergo_adaptive,46.75,0.0946751782857708,0.08189075037696433
ergo_adaptive,46.83333333333337,0.09546516174350612,0.08206350496304929
ergo_adaptive,46.91666666666663,0.09668441350180373,0.08225430436816661
ergo_adaptive,47.0,0.0952612225360052,0.08242569742754971
ergo_adaptive,47.08333333333337,0.09760666884887563,0.08259651301885916
ergo_adaptive,47.16666666666663,0.09733682653450151,0.08276980621561272
ergo_adaptive,47.25,0.0980462448136093,0.08295257242706822
ergo_adaptive,47.33333333333337,0.09849029801795409,0.08310731912984505
ergo_adaptive,47.41666666666663,0.09898078027019278,0.08324528505440713
ergo_adaptive,47.5,0.09903231320486208,0.08336496943903636
ergo_adaptive,47.58333333333337,0.09904415471421645,0.08349882799988874
ergo_adaptive,47.66666666666663,0.10048223904376802,0.08364703852842656
ergo_adaptive,47.75,0.09843343938103295,0.08374980054306023
ergo_adaptive,47.83333333333337,0.0976307246380909,0.08387957406214806
ergo_adaptive,47.91666666666663,0.0977800753639046,0.0840171421264095
ergo_adaptive,48.0,0.09878569938249802,0.08410472221370176
ergo_adaptive,48.08333333333337,0.0980835196770978,0.08413919226135506
ergo_adaptive,48.16666666666663,0.09626058871933876,0.0841349340001035
ergo_adaptive,48.25,0.09589079060987439,0.0841234106757938
ergo_adaptive,48.33333333333337,0.09730042054028246,0.08411289863719133
ergo_adaptive,48.41666666666663,0.09922806985968641,0.08410116781419895
ergo_adaptive,48.5,0.09864185787838589,0.08412588100901056
ergo_adaptive,48.58333333333337,0.09914417136366858,0.0841689038275497
ergo_adaptive,48.66666666666663,0.09782682780212312,0.08424704032794855
ergo_adaptive,48.75,0.09630014803447084,0.08431166201876784
ergo_adaptive,48.83333333333337,0.09819072787878473,0.08434151005080234
ergo_adaptive,48.91666666666663,0.09890681992788197,0.08433175933292991
ergo_adaptive,49.0,0.09823470872289808,0.08428489387574664
ergo_adaptive,49.08333333333337,0.09790996705322762,0.08422969586327801
ergo_adaptive,49.16666666666663,0.09783293578458613,0.08419151149281426
ergo_adaptive,49.25,0.09650687079007286,0.08417901945754812
ergo_adaptive,49.33333333333337,0.09803030989433581,0.08414729214866426
ergo_adaptive,49.41666666666663,0.09828967275445809,0.08409408449434413
ergo_adaptive,49.5,0.09893252012669353,0.0840648026849239
ergo_adaptive,49.58333333333337,0.09715091058852046,0.08409121292848187
ergo_adaptive,49.66666666666663,0.09683105516283172,0.08406942675665315
ergo_adaptive,49.75,0.09660528960154732,0.08398449955961354
ergo_adaptive,49.83333333333337,0.09860700407430813,0.08389152828636955
ergo_adaptive,49.91666666666663,0.0985646941493491,0.08385564970271685
ergo_adaptive,50.0,0.09908350307129109,0.08380717186723122
ergo_adaptive,50.08333333333337,0.09785955431534826,0.08368378204528183
ergo_adaptive,50.16666666666663,0.0990553638296565,0.08353487133723064
ergo_adaptive,50.25,0.0973990675721379,0.0834278490466921
ergo_adaptive,50.33333333333337,0.09604851561170138,0.08335034172465751
ergo_adaptive,50.41666666666663,0.0956306411353593,0.08321402245974834
ergo_adaptive,50.5,0.09314472492525264,0.08303471516478521
ergo_adaptive,50.58333333333337,0.09449748031076796,0.08287574842558035
ergo_adaptive,50.66666666666663,0.09672706106839692,0.08275386038375757
ergo_adaptive,50.75,0.09652132272706121,0.08260549896953608
ergo_adaptive,50.83333333333337,0.09742026779579943,0.0824011532696785
ergo_adaptive,50.91666666666663,0.0979846778379872,0.0821806131860061
ergo_adaptive,51.0,0.09666817658514608,0.08197331038150436
ergo_adaptive,51.08333333333337,0.09980973533416768,0.08175661628723899
ergo_adaptive,51.16666666666663,0.09555851432944049,0.08149693920210282
ergo_adaptive,51.25,0.09524907862098506,0.08121306136388433
ergo_adaptive,51.33333333333337,0.09600128775418289,0.08096335913642551
ergo_adaptive,51.41666666666663,0.09434596832889831,0.08077291355985812
ergo_adaptive,51.5,0.09247505052444878,0.08060470505311884
ergo_adaptive,51.58333333333337,0.0933149364801337,0.08040758577723886
ergo_adaptive,51.66666666666663,0.08785462577418476,0.08022249887361732
ergo_adaptive,51.75,0.09038506639624952,0.08010907143861387
ergo_adaptive,51.83333333333337,0.0937132930227274,0.08002227865899554
ergo_adaptive,51.91666666666663,0.09551040812354926,0.07986732952684236
ergo_adaptive,52.0,0.09689180458179332,0.07967827494168431
ergo_adaptive,52.08333333333337,0.09220649944726905,0.07951467478500888
ergo_adaptive,52.16666666666663,0.09002270101536125,0.07938499764559724
ergo_adaptive,52.25,0.08841979413498276,0.07924896603855243
ergo_adaptive,52.33333333333337,0.09229589883831513,0.0790935475978812
ergo_adaptive,52.41666666666663,0.09920196992818019,0.07894115986827496
ergo_adaptive,52.5,0.10098818946028368,0.0788236465866472
ergo_adaptive,52.58333333333337,0.09770347533676894,0.07874110461956366
ergo_adaptive,52.66666666666663,0.09763272385589816,0.07865280814958364
ergo_adaptive,52.75,0.09138596419785108,0.07853963383768124
ergo_adaptive,52.83333333333337,0.09106574168539769,0.07856788726673508
ergo_adaptive,52.91666666666663,0.09064155887056151,0.07863674314429372
ergo_adaptive,53.0,0.08984542976087621,0.07866595710485212
ergo_adaptive,53.08333333333337,0.09142759230075351,0.07865680888388114
ergo_adaptive,53.16666666666663,0.09199417782887448,0.07861433165644675
ergo_adaptive,53.25,0.09177372055023424,0.07857084989565748
ergo_adaptive,53.33333333333337,0.09271229576008828,0.07846755286681975
ergo_adaptive,53.41666666666663,0.09322837470949887,0.07828965904986479
ergo_adaptive,53.5,0.09157862008778495,0.07810321048284394
ergo_adaptive,53.58333333333337,0.09593328835150042,0.07796877091858138
ergo_adaptive,53.66666666666663,0.09896946422165519,0.07784010537241068
ergo_adaptive,53.75,0.09751224419884047,0.07764008887389434
ergo_adaptive,53.83333333333337,0.09676740759528521,0.07741247012092282
ergo_adaptive,53.91666666666663,0.09511013589113608,0.07724271941112403
ergo_adaptive,54.0,0.09704746963368173,0.07712834729050089
ergo_adaptive,54.08333333333337,0.0964883398669252,0.07692654281787353
ergo_adaptive,54.16666666666663,0.09533530932186,0.07666765711322183
ergo_adaptive,54.25,0.09125938874321742,0.07644442808355265
ergo_adaptive,54.33333333333337,0.08996416436575992,0.07632165193125622
ergo_adaptive,54.41666666666663,0.09157813938825203,0.0761613036635462
ergo_adaptive,54.5,0.09701846135081128,0.0759049397861303
ergo_adaptive,54.58333333333337,0.09924724549701042,0.07564101906633665
ergo_adaptive,54.66666666666663,0.09715757764734458,0.0754596436949733
ergo_adaptive,54.75,0.09765229326069672,0.07532246959041995
ergo_adaptive,54.83333333333337,0.09354732578065489,0.07509898860639716
ergo_adaptive,54.91666666666663,0.09381341565646,0.07483051771074334
ergo_adaptive,55.0,0.09544435615016442,0.07461747569206369
ergo_adaptive,55.08333333333337,0.09338880005087505,0.07448933411238229
ergo_adaptive,55.16666666666663,0.0932299803293552,0.07428804483750712
ergo_adaptive,55.25,0.09440509782940051,0.07401518101556903
ergo_adaptive,55.33333333333337,0.09490457647469247,0.07376177869704979
ergo_adaptive,55.41666666666663,0.09620595009969475,0.07357260814254248
ergo_adaptive,55.5,0.09636346690213203,0.07338220719853268
ergo_adaptive,55.58333333333337,0.09673581366516176,0.07314158848145556
ergo_adaptive,55.66666666666663,0.09949108632965564,0.07289184190340012
ergo_adaptive,55.75,0.09667080768533001,0.07267886377392638
ergo_adaptive,55.83333333333337,0.09553745349335166,0.07250292715918265
ergo_adaptive,55.91666666666663,0.09883542452160024,0.07233819635616304
ergo_adaptive,56.0,0.0978190705953328,0.07217962098084568
ergo_adaptive,56.08333333333337,0.09640750436876411,0.0720525869893368
ergo_adaptive,56.16666666666663,0.09869153452103668,0.07198540442851589
ergo_adaptive,56.25,0.09669058479423531,0.07194495380288435
ergo_adaptive,56.33333333333337,0.09697250786114277,0.07185248014755188
ergo_adaptive,56.41666666666663,0.09927134777590153,0.07173331711534776
ergo_adaptive,56.5,0.09989821966686414,0.07165143728767125
ergo_adaptive,56.58333333333337,0.10067311910013813,0.07160273612171467
ergo_adaptive,56.66666666666663,0.09807612718988734,0.07152847725578763
ergo_adaptive,56.75,0.09815810985714397,0.0714249023959167
ergo_adaptive,56.83333333333337,0.09870564901714499,0.07133024828152432
ergo_adaptive,56.91666666666663,0.1021471300282141,0.07127030365409183
ergo_adaptive,57.0,0.09881649416094151,0.07123802126894209
ergo_adaptive,57.08333333333337,0.10074348590185034,0.07120641672435504
ergo_adaptive,57.16666666666663,0.10169464589824999,0.07117028736366715
ergo_adaptive,57.25,0.10169191689730765,0.07116146662770459
ergo_adaptive,57.33333333333337,0.10331977962977773,0.07122116488536688
ergo_adaptive,57.41666666666663,0.10329783112761129,0.07126355396761457
ergo_adaptive,57.5,0.10277257879875787,0.0712429076301843
ergo_adaptive,57.58333333333337,0.10405214203377752,0.0712106866638489
ergo_adaptive,57.66666666666663,0.10369488398525459,0.07120929539997575
ergo_adaptive,57.75,0.10261547903185672,0.07123447772399612
ergo_adaptive,57.83333333333337,0.1015799852795525,0.07126659170452716
ergo_adaptive,57.91666666666663,0.10528824857637498,0.07130066402137733
ergo_adaptive,58.0,0.10537941405273721,0.07135503033782684
ergo_adaptive,58.08333333333337,0.10582855550491883,0.07145421426093969
ergo_adaptive,58.16666666666663,0.10578474541479968,0.07160674595200058
ergo_adaptive,58.25,0.10522761167785472,0.07173585798545741
ergo_adaptive,58.33333333333337,0.10586565639696524,0.07183529953404373
ergo_adaptive,58.41666666666663,0.10553935109052912,0.07194318609323386
ergo_adaptive,58.5,0.10594862131663102,0.07207876704948483
ergo_adaptive,58.58333333333337,0.10669742444502359,0.07224496749937925
ergo_adaptive,58.66666666666663,0.10829316556159704,0.0724405205300348
ergo_adaptive,58.75,0.1081883114670437,0.07265870706874157
ergo_adaptive,58.83333333333337,0.08634857962343194,0.07288936949825274
ergo_adaptive,58.91666666666663,0.08144070551154102,0.07313548010180912
ergo_adaptive,59.0,0.08482151740404076,0.07337031767458703
ergo_adaptive,59.08333333333337,0.08837597273269494,0.07355181346081177
ergo_adaptive,59.16666666666663,0.08976653976718617,0.07365781603901937
ergo_adaptive,59.25,0.09052153218922024,0.07370450409927735
ergo_adaptive,59.33333333333337,0.08982220453184643,0.07371182812758972
ergo_adaptive,59.41666666666663,0.09006351058909955,0.07368267790178118
ergo_adaptive,59.5,0.09073257843790213,0.07363121739617369
ergo_adaptive,59.58333333333337,0.09047340205356792,0.07358012983636783
ergo_adaptive,59.66666666666663,0.08984257570035782,0.07353371536328336
ergo_adaptive,59.75,0.08988989233751006,0.07347310081424613
ergo_adaptive,59.83333333333337,0.0892470353478584,0.07338996240491671
ergo_adaptive,59.91666666666663,0.0892439468546297,0.07330639013149412
ergo_adaptive,60.0,0.08846894225923306,0.07323511232044363
ergo_adaptive,60.08333333333337,0.08797263564738758,0.0731616839869278
ergo_adaptive,60.16666666666663,0.08873128275777271,0.07307266052088514
ergo_adaptive,60.25,0.08911810090362625,0.07297316618241415
ergo_adaptive,60.33333333333337,0.0896746219855729,0.07289438401174726
ergo_adaptive,60.41666666666663,0.08977961890874178,0.07281831264852454
ergo_adaptive,60.5,0.08882280831011434,0.07269882414505302
ergo_adaptive,60.58333333333337,0.08848054180505452,0.07254743735185294
ergo_adaptive,60.66666666666663,0.08913857062339403,0.07247214751161027
ergo_adaptive,60.75,0.08962324602146017,0.0724682761716515
ergo_adaptive,60.83333333333337,0.08965161342406637,0.07251891348857442
ergo_adaptive,60.91666666666663,0.09064635718207278,0.0726231822320799
ergo_adaptive,61.0,0.09072028024568174,0.07276387397865099
ergo_adaptive,61.08333333333337,0.09137562135486998,0.07294694343156484
ergo_adaptive,61.16666666666663,0.0921234158458302,0.07317026478366451
ergo_adaptive,61.25,0.09380204210827292,0.07340199698925323
ergo_adaptive,61.33333333333337,0.0937144939054654,0.07362128981385123
ergo_adaptive,61.41666666666663,0.09341543873075545,0.07384756385727415
ergo_adaptive,61.5,0.0928870682933178,0.07411038855780215
ergo_adaptive,61.58333333333337,0.0936367643488165,0.0743767965988486
ergo_adaptive,61.66666666666663,0.09297666526457944,0.0746267203098117
ergo_adaptive,61.75,0.09332488190980139,0.07485058634351067
ergo_adaptive,61.83333333333337,0.09365274345297167,0.07500302338453912
ergo_adaptive,61.91666666666663,0.09272423716696569,0.07517183834249014
ergo_adaptive,62.0,0.0937383065666673,0.07539831235949214
ergo_adaptive,62.08333333333337,0.0941021339860058,0.07563132021658023
ergo_adaptive,62.16666666666663,0.09359607365786188,0.07584022714368349
ergo_adaptive,62.25,0.09412554590711403,0.07601644094352746
ergo_adaptive,62.33333333333337,0.09243322936743129,0.07616942285722339
ergo_adaptive,62.41666666666663,0.09251700175164028,0.07636138026071913
ergo_adaptive,62.5,0.0938141530196797,0.07656983605068832
ergo_adaptive,62.58333333333337,0.09427605395700704,0.07677510500596232
ergo_adaptive,62.66666666666663,0.09460076519286266,0.07696662814299064
ergo_adaptive,62.75,0.09385910017649013,0.07711773807276293
ergo_adaptive,62.83333333333337,0.09405045405544596,0.07718786691012358
ergo_adaptive,62.91666666666663,0.09186679146283455,0.0771694048838568
ergo_adaptive,63.0,0.08944716740820127,0.07708608201721427
ergo_adaptive,63.08333333333337,0.0901386109936444,0.0769759122578574
ergo_adaptive,63.16666666666663,0.09008142079818254,0.0768630006359264
ergo_adaptive,63.25,0.0944574765058351,0.07674612134476923
ergo_adaptive,63.33333333333337,0.09612249526529988,0.0766251879163421
ergo_adaptive,63.41666666666663,0.09602126100983674,0.076523960034358
ergo_adaptive,63.5,0.09514254020738265,0.07645943704816655
ergo_adaptive,63.58333333333337,0.09483389400326775,0.07641157999876229
ergo_adaptive,63.66666666666663,0.09160795404576873,0.07634752553030122
ergo_adaptive,63.75,0.09209147960491776,0.07627143107374947
ergo_adaptive,63.83333333333337,0.09214154645386291,0.07621356769034095
ergo_adaptive,63.91666666666663,0.09299007186921728,0.07617368994461726
ergo_adaptive,64.0,0.09303561539587825,0.07610776502656663
ergo_adaptive,64.08333333333337,0.09280143130913568,0.07600173897634288
ergo_adaptive,64.16666666666663,0.09183508564273672,0.07590937483247413
ergo_adaptive,64.25,0.09275085417322547,0.07587857681039165
ergo_adaptive,64.33333333333337,0.09060547153705385,0.07580965103547728
ergo_adaptive,64.41666666666663,0.09298684634155513,0.07566273856740367
ergo_adaptive,64.5,0.09444903864123343,0.07550858916494237
ergo_adaptive,64.58333333333337,0.09082046406492206,0.0754143803579513
ergo_adaptive,64.66666666666663,0.09026809784051326,0.07533006300037966
ergo_adaptive,64.75,0.09142439927348582,0.07517445095804892
ergo_adaptive,64.83333333333337,0.09305545920483219,0.07498487371607854
ergo_adaptive,64.91666666666663,0.09206519001711698,0.07481897493080387
ergo_adaptive,65.0,0.09070642254799337,0.07467702769276637
ergo_adaptive,65.08333333333337,0.09065456039062852,0.07451598719793748
ergo_adaptive,65.16666666666663,0.09067187488421444,0.07432612669645065
ergo_adaptive,65.25,0.08998239597538701,0.07413584163919626
ergo_adaptive,65.33333333333337,0.09146586326539743,0.07397524514610442
ergo_adaptive,65.41666666666663,0.09387108734206075,0.0738351450985837
ergo_adaptive,65.5,0.09127673767140247,0.07367706747287386
ergo_adaptive,65.58333333333337,0.09189740771586027,0.07350868313369803
ergo_adaptive,65.66666666666663,0.09226438216319119,0.07337484135146208
ergo_adaptive,65.75,0.0900574813864113,0.07328891783400553
ergo_adaptive,65.83333333333337,0.08857121520023178,0.07317617182414532
ergo_adaptive,65.91666666666663,0.08851482713490025,0.07301418138340347
ergo_adaptive,66.0,0.08935547840211455,0.07285399212417035
ergo_adaptive,66.08333333333337,0.08876843466996552,0.07273015261972346
ergo_adaptive,66.16666666666663,0.0887899375599268,0.07260002312086689
ergo_adaptive,66.25,0.08826502597658063,0.07242742665956715
ergo_adaptive,66.33333333333337,0.08861714676180066,0.07223977925288591
ergo_adaptive,66.41666666666663,0.09100663369862794,0.07207402279212041
ergo_adaptive,66.5,0.09042318853654396,0.07196112298792683
ergo_adaptive,66.58333333333337,0.09406552305980664,0.07188374003092253
ergo_adaptive,66.66666666666663,0.0924074180428107,0.07177464362160454
ergo_adaptive,66.75,0.09210525873995731,0.07163220871917711
ergo_adaptive,66.83333333333337,0.08931664536540296,0.07152274278417001
ergo_adaptive,66.91666666666663,0.08963395689172568,0.07148526130039659
ergo_adaptive,67.0,0.09101756744497146,0.07143168550359766
ergo_adaptive,67.08333333333337,0.0874275713919152,0.07135671052083836
ergo_adaptive,67.16666666666663,0.087340750254171,0.07143819087375665
ergo_adaptive,67.25,0.08784275838054048,0.07159919237014614
ergo_adaptive,67.33333333333337,0.08846163950223329,0.07175749510520948
ergo_adaptive,67.41666666666663,0.08889821097921426,0.07189404150631651
ergo_adaptive,67.5,0.08897457253085533,0.07203857438847662
ergo_adaptive,67.58333333333337,0.08880974647446556,0.07220878743396396
ergo_adaptive,67.66666666666663,0.08971981476646726,0.07233228498867386
ergo_adaptive,67.75,0.09011391327775756,0.07242330708287452
ergo_adaptive,67.83333333333337,0.08925946839028732,0.07251286455686264
ergo_adaptive,67.91666666666663,0.08866900498797296,0.07265629465714435
ergo_adaptive,68.0,0.08973886927031059,0.07287748037389433
ergo_adaptive,68.08333333333337,0.08990485985726561,0.0731168188308444
ergo_adaptive,68.16666666666663,0.0901120798053953,0.07335113972076453
ergo_adaptive,68.25,0.09122199644079239,0.07357936636656809
ergo_adaptive,68.33333333333337,0.09093329451322087,0.07377571802957973
ergo_adaptive,68.41666666666663,0.091512453585182,0.07399529010695852
ergo_adaptive,68.5,0.09133048165744703,0.07422203225396805
ergo_adaptive,68.58333333333337,0.09103070490511328,0.07441874284633898
ergo_adaptive,68.66666666666663,0.09205584169271842,0.07456459166243558
ergo_adaptive,68.75,0.09338583877293524,0.07467304676662066
ergo_adaptive,68.83333333333337,0.0945275135614029,0.07477611314506478
ergo_adaptive,68.91666666666663,0.09259919159135051,0.07485190059034025
ergo_adaptive,69.0,0.09305324148574885,0.07487028580417658
ergo_adaptive,69.08333333333337,0.09259978799982144,0.0748681120183795
ergo_adaptive,69.16666666666663,0.09093328272581631,0.07489316681886711
ergo_adaptive,69.25,0.09184329236486165,0.07502614771035894
ergo_adaptive,69.33333333333337,0.0943662014494425,0.07520940384399376
ergo_adaptive,69.41666666666663,0.09569678893042663,0.07539859132606308
ergo_adaptive,69.5,0.0942563283216873,0.07557748268035931
ergo_adaptive,69.58333333333337,0.0941394429688074,0.07573327369572935
ergo_adaptive,69.66666666666663,0.09370263402315382,0.07585100823649547
ergo_adaptive,69.75,0.0933662162202627,0.07592902728773834
ergo_adaptive,69.83333333333337,0.09374828119054601,0.07597828865647287
ergo_adaptive,69.91666666666663,0.09348512276157475,0.07600535284917444
ergo_adaptive,70.0,0.0952775281161503,0.0759984976033585
ergo_adaptive,70.08333333333337,0.09329345405252046,0.0759602315796522
ergo_adaptive,70.16666666666663,0.09377633632183406,0.07591612173294118
ergo_adaptive,70.25,0.09551781207175249,0.07588354670472304
ergo_adaptive,70.33333333333337,0.09959218676240071,0.0757904935578078
ergo_adaptive,70.41666666666663,0.10049048788904648,0.0756178492218627
ergo_adaptive,70.5,0.10256920418407262,0.07541970695399529
ergo_adaptive,70.58333333333337,0.10118003938139217,0.07525878063104674
ergo_adaptive,70.66666666666663,0.1032868949897486,0.07509320762451666
ergo_adaptive,70.75,0.10570998338098497,0.07486094166927747
ergo_adaptive,70.83333333333337,0.10216176897970747,0.07459747667904021
ergo_adaptive,70.91666666666663,0.10282225563319275,0.0743571791704724
ergo_adaptive,71.0,0.10091996369351534,0.07418353422651489
ergo_adaptive,71.08333333333337,0.1019766923572063,0.07409880315207959
ergo_adaptive,71.16666666666663,0.09801599197510888,0.07399831735757773
ergo_adaptive,71.25,0.10045109070528627,0.07383297014111652
ergo_adaptive,71.33333333333337,0.10013115073532064,0.07365570958402418
ergo_adaptive,71.41666666666663,0.10090266174754799,0.07350636950811487
ergo_adaptive,71.5,0.10315403411096116,0.0733643628738624
ergo_adaptive,71.58333333333337,0.10191480504728366,0.07320394322039876
ergo_adaptive,71.66666666666663,0.10165897510819216,0.07302552585209157
ergo_adaptive,71.75,0.10205964345186677,0.07285279665275106
ergo_adaptive,71.83333333333337,0.10043348158319722,0.0727327625370871
ergo_adaptive,71.91666666666663,0.09884953839568567,0.07267106682625189
ergo_adaptive,72.0,0.10165629662730799,0.07250960555771714
ergo_adaptive,72.08333333333337,0.10382028503228515,0.07226854352279682
ergo_adaptive,72.16666666666663,0.09842021554957432,0.07202604845988081
ergo_adaptive,72.25,0.10338652770696351,0.07183024441218784
ergo_adaptive,72.33333333333337,0.10607831374410408,0.07169356364728399
ergo_adaptive,72.41666666666663,0.10323395458107311,0.07160839393703476
ergo_adaptive,72.5,0.10613463047581526,0.07153970573270975
ergo_adaptive,72.58333333333337,0.10358333674037273,0.07146298414373128
ergo_adaptive,72.66666666666663,0.10273356752964365,0.07139259247421151
ergo_adaptive,72.75,0.10029857207996135,0.0713317131715801
ergo_adaptive,72.83333333333337,0.1060505495440512,0.07128440405410459
ergo_adaptive,72.91666666666663,0.10733839779443956,0.07126502089472608
ergo_adaptive,73.0,0.1074601818879617,0.07124889028085628
ergo_adaptive,73.08333333333337,0.10623441086520154,0.07120098604419227
ergo_adaptive,73.16666666666663,0.10605882422392642,0.07113755005446908
ergo_adaptive,73.25,0.10769341713338826,0.07108726523737112
ergo_adaptive,73.33333333333337,0.10730420553220088,0.07107581931404232
ergo_adaptive,73.41666666666663,0.10721743572338636,0.07111760686324822
ergo_adaptive,73.5,0.10536464689179302,0.07115681399973735
ergo_adaptive,73.58333333333337,0.1048060987642678,0.07114027596949009
ergo_adaptive,73.66666666666663,0.10400331487995929,0.07111033015980703
ergo_adaptive,73.75,0.10683018225323153,0.07110995843445166
ergo_adaptive,73.83333333333337,0.10133139603120235,0.07112398102403485
ergo_adaptive,73.91666666666663,0.10261551853793945,0.071116726086117
ergo_adaptive,74.0,0.10117682842050953,0.07109050182339971
ergo_adaptive,74.08333333333337,0.10199782948861646,0.07107331638737285
ergo_adaptive,74.16666666666663,0.10580129570739284,0.07107771195396693
ergo_adaptive,74.25,0.10859635073829918,0.07108668548315507
ergo_adaptive,74.33333333333337,0.11015747335761142,0.0710906418578269
ergo_adaptive,74.41666666666663,0.1089170666054028,0.07110304964372383
ergo_adaptive,74.5,0.10860414271055867,0.07114110203774425
ergo_adaptive,74.58333333333337,0.10763630675148601,0.07119730830899312
ergo_adaptive,74.66666666666663,0.10813252489398342,0.07124088524655445
ergo_adaptive,74.75,0.11027051585982765,0.071270879016403
ergo_adaptive,74.83333333333337,0.11023082709481874,0.07132448230317108
ergo_adaptive,74.91666666666663,0.11269897835551161,0.07142589687106614
ergo_adaptive,75.0,0.11362801008970924,0.07151244551838676
ergo_adaptive,75.08333333333337,0.11558199300431307,0.07156295558613285
ergo_adaptive,75.16666666666663,0.11612805088654275,0.07162313335717026
ergo_adaptive,75.25,0.11639505435109233,0.07172115794723999
ergo_adaptive,75.33333333333337,0.1173658756045419,0.0718350665732472
ergo_adaptive,75.41666666666663,0.11974430083261314,0.07194429656491895
ergo_adaptive,75.5,0.12235505178603538,0.07206217953330518
ergo_adaptive,75.58333333333337,0.12176020320879093,0.07221129509626142
ergo_adaptive,75.66666666666663,0.12258301258111944,0.07240310905661075
ergo_adaptive,75.75,0.12224212007458506,0.07263923225151914
ergo_adaptive,75.83333333333337,0.09240065767204612,0.07287601159767922
ergo_adaptive,75.91666666666663,0.10108001565379639,0.07308556095480691
ergo_adaptive,76.0,0.10508752965349138,0.07321933510466684
ergo_adaptive,76.08333333333337,0.10806682297512327,0.0732918473191481
ergo_adaptive,76.16666666666663,0.10879434270448023,0.07334129648245545
ergo_adaptive,76.25,0.10895887748018175,0.07338179786262833
ergo_adaptive,76.33333333333337,0.109376465128819,0.07341361686858625
ergo_adaptive,76.41666666666663,0.10981322677205863,0.07343863696908223
ergo_adaptive,76.5,0.10990071566447202,0.07346257614818782
ergo_adaptive,76.58333333333337,0.10982680425516579,0.07347275649912761
ergo_adaptive,76.66666666666663,0.10992306562401777,0.07346463207059035
ergo_adaptive,76.75,0.10963899432567482,0.07345981856347646
ergo_adaptive,76.83333333333337,0.10964942483565919,0.07346600800249832
ergo_adaptive,76.91666666666663,0.10997834399789021,0.07359222874597844
ergo_adaptive,77.0,0.11056722646512798,0.07378719356605268
ergo_adaptive,77.08333333333337,0.11041787245486696,0.07402407236167925
ergo_adaptive,77.16666666666663,0.11080396988294464,0.07426133081848696
ergo_adaptive,77.25,0.11036365287545824,0.07449656766699951
ergo_adaptive,77.33333333333337,0.10942913254445753,0.07469611951528225
ergo_adaptive,77.41666666666663,0.10996260529828294,0.07480864465979224
ergo_adaptive,77.5,0.10971993681025244,0.07487058258367578
ergo_adaptive,77.58333333333337,0.10931458219578893,0.07501467752514146
ergo_adaptive,77.66666666666663,0.10864242733628128,0.07518616630839403
ergo_adaptive,77.75,0.10918396265604371,0.07536126653594855
ergo_adaptive,77.83333333333337,0.10964637040363835,0.07556107381701806
ergo_adaptive,77.91666666666663,0.10832622897902747,0.07579015510588483
ergo_adaptive,78.0,0.10865956657737709,0.07599664696948023
ergo_adaptive,78.08333333333337,0.11060013218109654,0.07617450067991506
ergo_adaptive,78.16666666666663,0.11158548975777048,0.07638731706223718
ergo_adaptive,78.25,0.11341493866817404,0.07661379018958894
ergo_adaptive,78.33333333333337,0.1118396078788725,0.07682148517696213
ergo_adaptive,78.41666666666663,0.11061304104308396,0.07700084607719232
ergo_adaptive,78.5,0.10950570724235893,0.07721029355650333
ergo_adaptive,78.58333333333337,0.1086684568801681,0.07743400925306958
ergo_adaptive,78.66666666666663,0.10980891725012361,0.07763059719148645
ergo_adaptive,78.75,0.11198326088015437,0.07775270722309473
ergo_adaptive,78.83333333333337,0.110953517036089,0.07778955083947768
ergo_adaptive,78.91666666666663,0.11202484666361019,0.07778101693925199
ergo_adaptive,79.0,0.1114569821651639,0.07776267124755934
ergo_adaptive,79.08333333333337,0.11116650782974269,0.07767970216965316
ergo_adaptive,79.16666666666663,0.11140606641768165,0.07752694878835123
ergo_adaptive,79.25,0.11150784875863011,0.07754840737011218
ergo_adaptive,79.33333333333337,0.11169309339409986,0.07766555131383208
ergo_adaptive,79.41666666666663,0.11268157074895008,0.0778599025258876
ergo_adaptive,79.5,0.11356085491026362,0.07810311347382973
ergo_adaptive,79.58333333333337,0.11272493810124466,0.0783429192121811
ergo_adaptive,79.66666666666663,0.11163736970458848,0.07854501213728027
ergo_adaptive,79.75,0.11267126109805344,0.07871912021753098
ergo_adaptive,79.83333333333337,0.1136122081993286,0.07887543239355314
ergo_adaptive,79.91666666666663,0.11487383826470722,0.0790151907446364
ergo_adaptive,80.0,0.11687163048722281,0.07914406837016176
ergo_adaptive,80.08333333333337,0.11823867330237751,0.07926208573254741
ergo_adaptive,80.16666666666663,0.12003219505413672,0.07937732671374122
ergo_adaptive,80.25,0.11654378324395817,0.07950257473573626
ergo_adaptive,80.33333333333337,0.11919338132242481,0.07964226773270408
ergo_adaptive,80.41666666666663,0.12117916830884945,0.07978439287960284
ergo_adaptive,80.5,0.12355039792983484,0.07992992953659024
ergo_adaptive,80.58333333333337,0.12933254215676365,0.08009346339389783
ergo_adaptive,80.66666666666663,0.11251239300732997,0.08028132968977968
ergo_adaptive,80.75,0.10588169404022559,0.0805032453166929
ergo_adaptive,80.83333333333337,0.11014264217742087,0.08073866153909454
ergo_adaptive,80.91666666666663,0.11320909527812065,0.0809623888650859
ergo_adaptive,81.0,0.11552572969072229,0.0811612596221556
ergo_adaptive,81.08333333333337,0.11442585074025759,0.08137003010859507
ergo_adaptive,81.16666666666663,0.11621227323483344,0.08156720618546304
ergo_adaptive,81.25,0.11681300207428374,0.08177404919047357
ergo_adaptive,81.33333333333337,0.11756746656859444,0.08199310463689669
ergo_adaptive,81.41666666666663,0.1051311603015795,0.0822180107345082
ergo_adaptive,81.5,0.1115698493514206,0.08243598165906757
ergo_adaptive,81.58333333333337,0.11247457041209365,0.0826272880340881
ergo_adaptive,81.66666666666663,0.11277521761830012,0.08277945461392715
ergo_adaptive,81.75,0.11344517950205434,0.0828943704323688
ergo_adaptive,81.83333333333337,0.11332301092679517,0.08298434168999723
ergo_adaptive,81.91666666666663,0.11275046733459092,0.08305654604009309
ergo_adaptive,82.0,0.11140242607905053,0.0831129940061067
ergo_adaptive,82.08333333333337,0.11050533440089133,0.08315647088589252
ergo_adaptive,82.16666666666663,0.10897271238062367,0.08320416787547552
ergo_adaptive,82.25,0.10847422033470856,0.08326501879347727
ergo_adaptive,82.33333333333337,0.11033377735936614,0.08332551834806493
ergo_adaptive,82.41666666666663,0.10921711016315329,0.08337989360110996
ergo_adaptive,82.5,0.11046813925899948,0.08344259155763253
ergo_adaptive,82.58333333333337,0.1091132032497484,0.08349996036842773
ergo_adaptive,82.66666666666663,0.10791549242284124,0.08346293730016884
ergo_adaptive,82.75,0.10955719005336571,0.08332848980777273
ergo_adaptive,82.83333333333337,0.10895109436570143,0.08315112731033
ergo_adaptive,82.91666666666663,0.10913486141327282,0.0829758731514
ergo_adaptive,83.0,0.10911290352795446,0.08280085405477779
ergo_adaptive,83.08333333333337,0.10825738081145092,0.08261218801294312
ergo_adaptive,83.16666666666663,0.10896404878355331,0.08242021978128411
ergo_adaptive,83.25,0.10805594050065877,0.08225357041084896
ergo_adaptive,83.33333333333337,0.10908670906972438,0.08211987692728177
ergo_adaptive,83.41666666666663,0.10879908267436116,0.08199730268912853
ergo_adaptive,83.5,0.10775435941454505,0.08187218964803575
ergo_adaptive,83.58333333333337,0.1066736418576056,0.08175807673232834
ergo_adaptive,83.66666666666663,0.10650569011831156,0.08166999951866004
ergo_adaptive,83.75,0.10643310857696281,0.08159413801951879
ergo_adaptive,83.83333333333337,0.10713832124225035,0.08151477094804796
ergo_adaptive,83.91666666666663,0.10588940827871757,0.08143830851620686
ergo_adaptive,84.0,0.1065478899986985,0.0813924344866408
ergo_adaptive,84.08333333333337,0.10780013489796235,0.0813588121235656
ergo_adaptive,84.16666666666663,0.1067053854070847,0.08131565837162551
ergo_adaptive,84.25,0.10635817472127053,0.08131229046304914
ergo_adaptive,84.33333333333337,0.10646176157102484,0.08138195247560237
ergo_adaptive,84.41666666666663,0.10704194106484068,0.08150000732759603
ergo_adaptive,84.5,0.1074336116518475,0.0816460683792843
ergo_adaptive,84.58333333333337,0.1081192419745258,0.08180747198412507
ergo_adaptive,84.66666666666663,0.1089437923874075,0.08197659782577839
ergo_adaptive,84.75,0.10948333189816327,0.08214880366966623
ergo_adaptive,84.83333333333337,0.1096504309383338,0.08232122232132484
ergo_adaptive,84.91666666666663,0.11037326238161392,0.08249210828000486
ergo_adaptive,85.0,0.11053320904980954,0.08266035100214192
ergo_adaptive,85.08333333333337,0.11158885255750867,0.08282525795819996
ergo_adaptive,85.16666666666663,0.11317190014123148,0.08298667299966977
ergo_adaptive,85.25,0.11175893606212649,0.08314428432267391
ergo_adaptive,85.33333333333337,0.11172794156929207,0.08329844005419929
ergo_adaptive,85.41666666666663,0.1120344064475544,0.08344886072573336
ergo_adaptive,85.5,0.11258140532250001,0.08359486090065435
ergo_adaptive,85.58333333333337,0.11197510670228558,0.08374122661360316
ergo_adaptive,85.66666666666663,0.11222691802460093,0.08388341195292834
ergo_adaptive,85.75,0.11394605626427405,0.08402631772388226
ergo_adaptive,85.83333333333337,0.11313434868966417,0.08415801102775511
ergo_adaptive,85.91666666666663,0.11283334780945936,0.08427465261949277
ergo_adaptive,86.0,0.1129493910478392,0.08436308465750277
ergo_adaptive,86.08333333333337,0.11072099884893896,0.0844329420563209
ergo_adaptive,86.16666666666663,0.1109849380224986,0.0845081109434144
ergo_adaptive,86.25,0.1120954289949897,0.0845903228141399
ergo_adaptive,86.33333333333337,0.11339391753988542,0.0846496538942046
ergo_adaptive,86.41666666666663,0.1146632389666351,0.08469331373352582
ergo_adaptive,86.5,0.11385610290716928,0.08475208776480336
ergo_adaptive,86.58333333333337,0.11253202116863795,0.08483520214363335
ergo_adaptive,86.66666666666663,0.11427820320069515,0.08488578901317996
ergo_adaptive,86.75,0.11537947578058746,0.0849020484382782
ergo_adaptive,86.83333333333337,0.11529256155103791,0.0849169083395341
ergo_adaptive,86.91666666666663,0.11527108824041699,0.08497329543487275
ergo_adaptive,87.0,0.11524918646995473,0.0850166278155209
ergo_adaptive,87.08333333333337,0.1153839585134013,0.08502714850953963
ergo_adaptive,87.16666666666663,0.11604735786444718,0.08502881528574265
ergo_adaptive,87.25,0.11343375400517146,0.08505974444375987
ergo_adaptive,87.33333333333337,0.11335871661959634,0.08511914821289303
ergo_adaptive,87.41666666666663,0.11318704995202396,0.08518171126758049
ergo_adaptive,87.5,0.11477914949387234,0.08524771875157439
ergo_adaptive,87.58333333333337,0.11260516700093492,0.08532776870519711
ergo_adaptive,87.66666666666663,0.10983526778593634,0.08543042297215556
ergo_adaptive,87.75,0.10911654613732176,0.08554176763528587
ergo_adaptive,87.83333333333337,0.11452868969504756,0.08565584769093325
ergo_adaptive,87.91666666666663,0.11325656166545396,0.0857763072631845
ergo_adaptive,88.0,0.11239137226285646,0.08590779593374716
ergo_adaptive,88.08333333333337,0.11436205639259203,0.0860489394020643
ergo_adaptive,88.16666666666663,0.11603341977221887,0.08619012876669321
ergo_adaptive,88.25,0.11808830301449136,0.08633205564994542
ergo_adaptive,88.33333333333337,0.12157533200355472,0.08648284973895577
ergo_adaptive,88.41666666666663,0.08983748789855225,0.08664371057417179
ergo_adaptive,88.5,0.08593047588489597,0.08683321307851749
ergo_adaptive,88.58333333333337,0.09158591012682357,0.08702152196709345
ergo_adaptive,88.66666666666663,0.09366502440031732,0.08718957833300468
ergo_adaptive,88.75,0.09429972964571036,0.08733540779990827
ergo_adaptive,88.83333333333337,0.09563510981809728,0.08746687165530216
ergo_adaptive,88.91666666666663,0.0966812805135719,0.0875849941800154
ergo_adaptive,89.0,0.09513509782108152,0.08767223052830303
ergo_adaptive,89.08333333333337,0.09538070839251703,0.08772906354053552
ergo_adaptive,89.16666666666663,0.09664444531717334,0.08777097877071358
ergo_adaptive,89.25,0.09883117066040815,0.08781221078084663
ergo_adaptive,89.33333333333337,0.09958239377531518,0.08783221109300296
ergo_adaptive,89.41666666666663,0.09952745616747607,0.08782368756682186
ergo_adaptive,89.5,0.0999228720063346,0.08780088681999124
ergo_adaptive,89.58333333333337,0.09905262959603281,0.08778019823167152
ergo_adaptive,89.66666666666663,0.09883330995603384,0.08777278599555452
ergo_adaptive,89.75,0.09992264979651945,0.08776948125784308
ergo_adaptive,89.83333333333337,0.0985558424083616,0.08774767888195786
ergo_adaptive,89.91666666666663,0.09771502480861707,0.08770106247174844
ergo_adaptive,90.0,0.098572953310182,0.08765318562227536
ergo_adaptive,90.08333333333337,0.1005636749938452,0.0876013812224085
ergo_adaptive,90.16666666666663,0.10071011506132073,0.08752110082376484
ergo_adaptive,90.25,0.10031042110054557,0.08742328407773653
ergo_adaptive,90.33333333333337,0.09961734836443419,0.08731936509898831
ergo_adaptive,90.41666666666663,0.0979022776932252,0.08722219166032069
ergo_adaptive,90.5,0.0972239317264911,0.08714213596452021
ergo_adaptive,90.58333333333337,0.09716246564863402,0.08705039825178951
ergo_adaptive,90.66666666666663,0.09552281851348825,0.08691041988953796
ergo_adaptive,90.75,0.09517837853471235,0.08674503090401066
ergo_adaptive,90.83333333333337,0.09280337916519099,0.08657854806380139
ergo_adaptive,90.91666666666663,0.09467508855334901,0.08643916572896114
ergo_adaptive,91.0,0.09566344838380167,0.08635741566685215
ergo_adaptive,91.08333333333337,0.09571101507873428,0.08625181428634268
ergo_adaptive,91.16666666666663,0.09672023096366814,0.08604786210724613
ergo_adaptive,91.25,0.1010989502205998,0.08578975921496947
ergo_adaptive,91.33333333333337,0.09999565431668882,0.08553045244691268
ergo_adaptive,91.41666666666663,0.09883620983217523,0.08530229670310989
ergo_adaptive,91.5,0.10030647867518519,0.08511750232057688
ergo_adaptive,91.58333333333337,0.10181362527412315,0.08492653803029368
ergo_adaptive,91.66666666666663,0.09931074174012837,0.08467948455907
ergo_adaptive,91.75,0.09767077652339226,0.08442287526896661
ergo_adaptive,91.83333333333337,0.09749427805205246,0.08419867739606295
ergo_adaptive,91.91666666666663,0.09795853013276414,0.0839765367583661
ergo_adaptive,92.0,0.09787313389082333,0.08373470633325077
ergo_adaptive,92.08333333333337,0.09898946192884096,0.0834828984518574
ergo_adaptive,92.16666666666663,0.09875614789192806,0.0832452054168621
ergo_adaptive,92.25,0.10000366934569803,0.08305023017061651
ergo_adaptive,92.33333333333337,0.09786214903650522,0.08288456731814131
ergo_adaptive,92.41666666666663,0.09829138950932906,0.08267994565600235
ergo_adaptive,92.5,0.10124393402311614,0.08242999831428736
ergo_adaptive,92.58333333333337,0.10156205780205077,0.0822083379842439
ergo_adaptive,92.66666666666663,0.09996516509629719,0.0820642251191577
ergo_adaptive,92.75,0.0971109423079447,0.08185649810134683
ergo_adaptive,92.83333333333337,0.09616423655340595,0.08156918144109648
ergo_adaptive,92.91666666666663,0.09744933706575092,0.08146031897839646
ergo_adaptive,93.0,0.09637192045555015,0.08140153770473162
ergo_adaptive,93.08333333333337,0.09763231199339106,0.08146180890508775
ergo_adaptive,93.16666666666663,0.09740139789837006,0.08161345037465252
ergo_adaptive,93.25,0.09610685551330578,0.08180685487720595
ergo_adaptive,93.33333333333337,0.09680513546077502,0.08200856918590237
ergo_adaptive,93.41666666666663,0.09724465611231088,0.08217731694925537
ergo_adaptive,93.5,0.09725900657631048,0.08230723065709054
ergo_adaptive,93.58333333333337,0.09821852722418192,0.08241484070512606
ergo_adaptive,93.66666666666663,0.09770754155449345,0.08251956070590843
ergo_adaptive,93.75,0.09681692190476716,0.08266944425058474
ergo_adaptive,93.83333333333337,0.09812371756198071,0.08281836719312591
ergo_adaptive,93.91666666666663,0.09852097893068962,0.08296656656021249
ergo_adaptive,94.0,0.09965516388653878,0.08310328907211334
ergo_adaptive,94.08333333333337,0.09968523889750572,0.08322925090084263
ergo_adaptive,94.16666666666663,0.09959880963946223,0.08334682983236304
ergo_adaptive,94.25,0.09956909598125298,0.08344897784553369
ergo_adaptive,94.33333333333337,0.10089883509377733,0.08354367537897964
ergo_adaptive,94.41666666666663,0.10273479235779043,0.08362496027188904
ergo_adaptive,94.5,0.10124485434346592,0.08372448180822883
ergo_adaptive,94.58333333333337,0.10153317077498451,0.08380242303495734
ergo_adaptive,94.66666666666663,0.10080376206162626,0.08391244538973827
ergo_adaptive,94.75,0.1021765146227683,0.08402392153102548
ergo_adaptive,94.83333333333337,0.10144033453976697,0.0841469819959858
ergo_adaptive,94.91666666666663,0.09989388114419542,0.08429435563011946
ergo_adaptive,95.0,0.10130252908879449,0.08444822038015462
ergo_adaptive,95.08333333333337,0.10008744332385408,0.0845823056208537
ergo_adaptive,95.16666666666663,0.09904948574269522,0.08470256105788897
ergo_adaptive,95.25,0.10057354110440486,0.08485925468267029
ergo_adaptive,95.33333333333337,0.10026358460033565,0.08497927889904396
ergo_adaptive,95.41666666666663,0.1012625361801804,0.08507976862765744
ergo_adaptive,95.5,0.10001647311857727,0.0851846305152486
ergo_adaptive,95.58333333333337,0.0983076343616301,0.08530849589622964
ergo_adaptive,95.66666666666663,0.09827112386268495,0.0854666123122001
ergo_adaptive,95.75,0.09774009869671828,0.08557812425391162
ergo_adaptive,95.83333333333337,0.09830809741091005,0.08569838513813469
ergo_adaptive,95.91666666666663,0.09568902166093199,0.08581141850017761
ergo_adaptive,96.0,0.09612535379014361,0.08595775280772294
ergo_adaptive,96.08333333333337,0.09748977147006808,0.08606364715939843
ergo_adaptive,96.16666666666663,0.09843978394900157,0.08608722041124281
ergo_adaptive,96.25,0.09738673403906821,0.08605898103304656
ergo_adaptive,96.33333333333337,0.0963993880527413,0.0860189734315467
ergo_adaptive,96.41666666666663,0.09825276271497102,0.08599811526394195
ergo_adaptive,96.5,0.09672123661114124,0.08598596900489755
ergo_adaptive,96.58333333333337,0.09951498056059542,0.08596953428601145
ergo_adaptive,96.66666666666663,0.0993247230793978,0.08597647493096146
ergo_adaptive,96.75,0.09861968722648766,0.0859944145470147
ergo_adaptive,96.83333333333337,0.10084297279085198,0.08591698095225142
ergo_adaptive,96.91666666666663,0.10088742540527358,0.08574281663779622
ergo_adaptive,97.0,0.10355029218289773,0.08553477426675594
ergo_adaptive,97.08333333333337,0.10380900091883734,0.08537391526557683
ergo_adaptive,97.16666666666663,0.10224794655063472,0.08513356693041126
ergo_adaptive,97.25,0.10200721301598388,0.08477154724045097
ergo_adaptive,97.33333333333337,0.10090350104682023,0.0843876152105686
ergo_adaptive,97.41666666666663,0.1035217125654016,0.08409551500417552
ergo_adaptive,97.5,0.10577071234506272,0.083850813963478
ergo_adaptive,97.58333333333337,0.10457866246242987,0.08349619768241816
ergo_adaptive,97.66666666666663,0.10462697247685514,0.08308561598777901
ergo_adaptive,97.75,0.10543454419163112,0.08271462964325625
ergo_adaptive,97.83333333333337,0.10771993329455914,0.08239046570213156
ergo_adaptive,97.91666666666663,0.10934175590206456,0.08201572258155607
ergo_adaptive,98.0,0.10673410128661667,0.08157538689309039
ergo_adaptive,98.08333333333337,0.10445399960741736,0.0811247757332753
ergo_adaptive,98.16666666666663,0.10319163435923275,0.0807088280407289
ergo_adaptive,98.25,0.10596480096820189,0.08034026570931785
ergo_adaptive,98.33333333333337,0.10392251236199727,0.0799967865994929
ergo_adaptive,98.41666666666663,0.1049504247264635,0.07965470870769398
ergo_adaptive,98.5,0.10428998538088202,0.07932939458169985
ergo_adaptive,98.58333333333337,0.1068843717821737,0.07904066757790104
ergo_adaptive,98.66666666666663,0.10721353469630317,0.07876916256159482
ergo_adaptive,98.75,0.10893988715182054,0.07851789061758986
ergo_adaptive,98.83333333333337,0.10831296620027803,0.07829843724506301
ergo_adaptive,98.91666666666663,0.10613227857209573,0.07808194667370039
ergo_adaptive,99.0,0.10304630608756826,0.07784488212974436
ergo_adaptive,99.08333333333337,0.1019267400318415,0.07760148032891451
ergo_adaptive,99.16666666666663,0.10409135429862913,0.07737146591278463
ergo_adaptive,99.25,0.10960822318492024,0.07718577302632729
ergo_adaptive,99.33333333333337,0.10635018520996492,0.07707692252700771
ergo_adaptive,99.41666666666663,0.10621428480645731,0.0769339068797673
ergo_adaptive,99.5,0.1101587655683588,0.07670001875265839
ergo_adaptive,99.58333333333337,0.10811136807665077,0.07643581249324041
ergo_adaptive,99.66666666666663,0.1019743543552574,0.07619996723136087
ergo_adaptive,99.75,0.10327085273613101,0.07602912498496825
ergo_adaptive,99.83333333333337,0.1046087497734844,0.0759228897067854
ergo_adaptive,99.91666666666663,0.10621105955176556,0.07582109479633937
ergo_adaptive,100.0,0.10951548778600435,0.07567959127056238
ergo_adaptive,100.08333333333337,0.10938197352085155,0.07553691180666745
ergo_adaptive,100.16666666666663,0.10775152482993194,0.07542195355200734
ergo_adaptive,100.25,0.11044022033001674,0.07532878477631995
ergo_adaptive,100.33333333333337,0.10838123023190646,0.07525197778921586
ergo_adaptive,100.41666666666663,0.10900476049861324,0.07518611508503761
ergo_adaptive,100.5,0.10812747431297239,0.07513059098800183
ergo_adaptive,100.58333333333337,0.1103204513406909,0.07510534556734465
ergo_adaptive,100.66666666666663,0.11306614971701476,0.07510393054048009
ergo_adaptive,100.75,0.11669937522312368,0.07509267716742607
ergo_adaptive,100.83333333333337,0.11621822397313052,0.07506621312764913
ergo_adaptive,100.91666666666663,0.1167836276524966,0.07504929946818743
ergo_adaptive,101.0,0.11148531807214687,0.0750580679500098
ergo_adaptive,101.08333333333337,0.10998431507964143,0.07510750025158555
ergo_adaptive,101.16666666666663,0.11239989368433163,0.07518908111298411
ergo_adaptive,101.25,0.11132999698513145,0.07525572057767052
ergo_adaptive,101.33333333333337,0.11462265517702719,0.0753033824218671
ergo_adaptive,101.41666666666663,0.11504359975764296,0.07536030135484553
ergo_adaptive,101.5,0.1158444150339238,0.07544383125165
ergo_adaptive,101.58333333333337,0.11956639992642172,0.07556530549389122
ergo_adaptive,101.66666666666663,0.11892946618215139,0.07572111478582588
ergo_adaptive,101.75,0.08422639572080252,0.07586865778356318
ergo_adaptive,101.83333333333337,0.06670440093747777,0.07612801758579779
ergo_adaptive,101.91666666666663,0.06328896795058463,0.07642866365161301
ergo_adaptive,102.0,0.06902938300839628,0.0767039084721949
ergo_adaptive,102.08333333333337,0.07281882901813716,0.07694114323383833
ergo_adaptive,102.16666666666663,0.07459875775531569,0.0771492661494071
ergo_adaptive,102.25,0.07873591369084909,0.0773423784609733
ergo_adaptive,102.33333333333337,0.08022527341305488,0.07752131342290973
ergo_adaptive,102.41666666666663,0.08263246566242982,0.07767556367274182
ergo_adaptive,102.5,0.08627068539177327,0.07781117763820343
ergo_adaptive,102.58333333333337,0.08422386208187922,0.07795197554675723
ergo_adaptive,102.66666666666663,0.08322908453698744,0.0781004630784573
ergo_adaptive,102.75,0.08354860716319022,0.07823442063803177
ergo_adaptive,102.83333333333337,0.0815621379851829,0.07834234312265409
ergo_adaptive,102.91666666666663,0.0821695045694542,0.0784441616044666
ergo_adaptive,103.0,0.08353188229739211,0.07855212739879805
ergo_adaptive,103.08333333333337,0.08497951882677157,0.07865045708697033
ergo_adaptive,103.16666666666663,0.08662269141472442,0.07872316661457313
ergo_adaptive,103.25,0.08848026812082964,0.07879206522143717
ergo_adaptive,103.33333333333337,0.08855052003879575,0.0788844951820316
ergo_adaptive,103.41666666666663,0.08791581441249376,0.07899167662123785
ergo_adaptive,103.5,0.0861614307284337,0.0790714814981857
ergo_adaptive,103.58333333333337,0.08386176935433454,0.07912874149736948
ergo_adaptive,103.66666666666663,0.08396736874300197,0.07919747179186261
ergo_adaptive,103.75,0.08485672630747101,0.0792862481572008
ergo_adaptive,103.83333333333337,0.08807621729271183,0.07933946190807728
ergo_adaptive,103.91666666666663,0.08596161650808347,0.07936487230366618
ergo_adaptive,104.0,0.08400765765703919,0.07940199730330576
ergo_adaptive,104.08333333333337,0.08565630934258832,0.07947529698815897
ergo_adaptive,104.16666666666663,0.08590838684145354,0.07953331281825887
ergo_adaptive,104.25,0.08592024597922478,0.07954588745026496
ergo_adaptive,104.33333333333337,0.08867073156544009,0.07955407140453585
ergo_adaptive,104.41666666666663,0.09008651307009334,0.07961333863212208
ergo_adaptive,104.5,0.09262385731416578,0.07970282473579009
ergo_adaptive,104.58333333333337,0.0602859476019527,0.07975658521259191
ergo_adaptive,104.66666666666663,0.06562260983807094,0.07985054516947133
ergo_adaptive,104.75,0.06912746389117383,0.07990273595424409
ergo_adaptive,104.83333333333337,0.07136180625000009,0.07988111209075488
ergo_adaptive,104.91666666666663,0.06936013272374335,0.07982028847704578
ergo_adaptive,105.0,0.07052475071870938,0.07975687703259743
ergo_adaptive,105.08333333333337,0.07045829711538162,0.07968307507937697
ergo_adaptive,105.16666666666663,0.0688054347304016,0.07958732967148457
ergo_adaptive,105.25,0.07195437398547949,0.07948630552412257
ergo_adaptive,105.33333333333337,0.07439146228385242,0.07939810945138769
ergo_adaptive,105.41666666666663,0.0739531175549611,0.07932332499047713
ergo_adaptive,105.5,0.07400460597257913,0.07922805573052859
ergo_adaptive,105.58333333333337,0.07304947097995587,0.07909407807312853
ergo_adaptive,105.66666666666663,0.07161713788426573,0.07896285167874817
ergo_adaptive,105.75,0.07303382718481106,0.07888827669265135
ergo_adaptive,105.83333333333337,0.0716337632410819,0.07879487123345748
ergo_adaptive,105.91666666666663,0.07003756363218948,0.07864199091375712
ergo_adaptive,106.0,0.06990977360379688,0.07848350863216934
ergo_adaptive,106.08333333333337,0.07146317710889712,0.07836404061146435
ergo_adaptive,106.16666666666663,0.07241301950928541,0.07827272750486676
ergo_adaptive,106.25,0.0712114390428052,0.07817829629463442
ergo_adaptive,106.33333333333337,0.072478346240874,0.07807536939278491
ergo_adaptive,106.41666666666663,0.07369571667023704,0.07798394388363375
ergo_adaptive,106.5,0.07496490365910266,0.07792443608718537
ergo_adaptive,106.58333333333337,0.07338075171152808,0.07789563965361405
ergo_adaptive,106.66666666666663,0.07432953167939901,0.07784171422199022
ergo_adaptive,106.75,0.07269032159737275,0.0777434517655543
ergo_adaptive,106.83333333333337,0.07084917544460886,0.07764282422306674
ergo_adaptive,106.91666666666663,0.0717027652181802,0.07757760297210474
ergo_adaptive,107.0,0.0717785947182201,0.07749418322151509
ergo_adaptive,107.08333333333337,0.07260704914833582,0.07734642375861807
ergo_adaptive,107.16666666666663,0.07344930816352244,0.07716890128740059
ergo_adaptive,107.25,0.07116054842494404,0.07700322214404007
ergo_adaptive,107.33333333333337,0.06930075624304052,0.07686673233973172
ergo_adaptive,107.41666666666663,0.07211603219078007,0.07677141534524504
ergo_adaptive,107.5,0.07055385162823807,0.07664120420884768
ergo_adaptive,107.58333333333337,0.07050450805028761,0.07649120134511056
ergo_adaptive,107.66666666666663,0.07034934503761937,0.07635177209245787
ergo_adaptive,107.75,0.07103477669812808,0.07623872866763154
ergo_adaptive,107.83333333333337,0.07027462117758122,0.076170676071386
ergo_adaptive,107.91666666666663,0.06959802755475716,0.07614200070966301
ergo_adaptive,108.0,0.07056134281874435,0.07609121370514926
ergo_adaptive,108.08333333333337,0.06940257565407205,0.07601466410714187
ergo_adaptive,108.16666666666663,0.06974981286997549,0.07595181067347719
ergo_adaptive,108.25,0.07109721454766361,0.07594131269631961
ergo_adaptive,108.33333333333337,0.07096814481223077,0.0758948717289386
ergo_adaptive,108.41666666666663,0.0728388108540791,0.07579769637748453
ergo_adaptive,108.5,0.0718970405475816,0.07570584730120916
ergo_adaptive,108.58333333333337,0.07097747372871667,0.07568075040846632
ergo_adaptive,108.66666666666663,0.07155325756931796,0.07563995063367655
ergo_adaptive,108.75,0.07144156897194895,0.0755229700642488
ergo_adaptive,108.83333333333337,0.07356376591429094,0.07538258096382025
ergo_adaptive,108.91666666666663,0.07106267641589427,0.07529911189213817
ergo_adaptive,109.0,0.07092712405394315,0.07540968095853974
ergo_adaptive,109.08333333333337,0.07352445034554574,0.07559440056645589
ergo_adaptive,109.16666666666663,0.07423728460083143,0.07576728288623638
ergo_adaptive,109.25,0.07396875961848426,0.07591650276683126
ergo_adaptive,109.33333333333337,0.07447425966062793,0.07609815952258418
ergo_adaptive,109.41666666666663,0.07529449656505964,0.0762800760186147
ergo_adaptive,109.5,0.0744898325878065,0.07644935861542675
ergo_adaptive,109.58333333333337,0.0733592604713622,0.07664135845780436
ergo_adaptive,109.66666666666663,0.07274301684254522,0.07680056126088156
ergo_adaptive,109.75,0.07148776159702284,0.07692599269135977
ergo_adaptive,109.83333333333337,0.06929675883948734,0.07704151524976417
ergo_adaptive,109.91666666666663,0.07000426577342717,0.07719235986025444
ergo_adaptive,110.0,0.06921827348061992,0.07734613882572766
ergo_adaptive,110.08333333333337,0.07088663623555091,0.0774930610070066
ergo_adaptive,110.16666666666663,0.07007022053420348,0.07763535055812797
ergo_adaptive,110.25,0.06980768404451972,0.07777933665095102
ergo_adaptive,110.33333333333337,0.07029417870000333,0.07791466967518125
ergo_adaptive,110.41666666666663,0.07269258576724713,0.07804693841880038
ergo_adaptive,110.5,0.07345401404052374,0.07817018407995564
ergo_adaptive,110.58333333333337,0.07616913598888483,0.07823415031447704
ergo_adaptive,110.66666666666663,0.0769390034709597,0.07824668795570558
ergo_adaptive,110.75,0.07660105989137532,0.07824781111996686
ergo_adaptive,110.83333333333337,0.07499938341982612,0.07827432076034349
ergo_adaptive,110.91666666666663,0.07661952335083437,0.07831521933315388
ergo_adaptive,111.0,0.07516659483017801,0.07833021083358743
ergo_adaptive,111.08333333333337,0.0775599949777601,0.07838061529841109
ergo_adaptive,111.16666666666663,0.0786101377977032,0.07843714540540299
ergo_adaptive,111.25,0.0793030082182355,0.07848791228599784
ergo_adaptive,111.33333333333337,0.07916941660198577,0.07853763392567567
ergo_adaptive,111.41666666666663,0.0797183829199004,0.07855746459970986
ergo_adaptive,111.5,0.08022207431319325,0.07854260121110139
ergo_adaptive,111.58333333333337,0.08164456025972004,0.07851259097525852
ergo_adaptive,111.66666666666663,0.0822750679177886,0.07848405229656541
ergo_adaptive,111.75,0.08335457436936436,0.07845101665822364
ergo_adaptive,111.83333333333337,0.08385076727348086,0.07840588245970048
ergo_adaptive,111.91666666666663,0.08386231470590677,0.07835479461112604
ergo_adaptive,112.0,0.08195195825186889,0.07832034291504772
ergo_adaptive,112.08333333333337,0.0811932950834175,0.07831903684317736
ergo_adaptive,112.16666666666663,0.08248181672893842,0.07831251079885873
ergo_adaptive,112.25,0.08146766210746963,0.07827135471549157
ergo_adaptive,112.33333333333337,0.08139678144598539,0.07822344522992147
ergo_adaptive,112.41666666666663,0.08175628635902212,0.07818547298248618
ergo_adaptive,112.5,0.08208939343547596,0.07815148793563474
ergo_adaptive,112.58333333333337,0.08237445703619073,0.07811472115437507
ergo_adaptive,112.66666666666663,0.08045317398081973,0.07807355836532326
ergo_adaptive,112.75,0.082191146241448,0.07804137129226413
ergo_adaptive,112.83333333333337,0.08365544061692873,0.07804243560833173
ergo_adaptive,112.91666666666663,0.08366190838410151,0.07805290878530508
ergo_adaptive,113.0,0.08478597400716686,0.07801227077620182
ergo_adaptive,113.08333333333337,0.0828735155097019,0.07793464453899972
ergo_adaptive,113.16666666666663,0.08284918556603761,0.07785791597509521
ergo_adaptive,113.25,0.08504910372687888,0.07780872796469253
ergo_adaptive,113.33333333333337,0.0840804207987219,0.0778085909302701
ergo_adaptive,113.41666666666663,0.08657099541223993,0.07782606520141559
ergo_adaptive,113.5,0.08657516784859319,0.0777801304083583
ergo_adaptive,113.58333333333337,0.08466816527004908,0.07769747031894103
ergo_adaptive,113.66666666666663,0.08301104618587336,0.0776214437019433
ergo_adaptive,113.75,0.08244332772314726,0.07757681882470786
ergo_adaptive,113.83333333333337,0.08412961455408229,0.07758335358158441
ergo_adaptive,113.91666666666663,0.08658186374502767,0.07761905500468669
ergo_adaptive,114.0,0.08889387929680051,0.07761441686860214
ergo_adaptive,114.08333333333337,0.08760228922792962,0.0775779542856343
ergo_adaptive,114.16666666666663,0.08971767608486328,0.07754885232294333
ergo_adaptive,114.25,0.08884817030977755,0.07754243766123557
ergo_adaptive,114.33333333333337,0.08888836789264914,0.07756358442631232
ergo_adaptive,114.41666666666663,0.09107031060368485,0.07760426269332762
ergo_adaptive,114.5,0.08777278223030875,0.0776454250909774
ergo_adaptive,114.58333333333337,0.09109196635406556,0.07768469867339152
ergo_adaptive,114.66666666666663,0.09213430351534069,0.0777375626072059
ergo_adaptive,114.75,0.09188742629129452,0.07780438810014506
ergo_adaptive,114.83333333333337,0.09252265909862335,0.07788902323737829
ergo_adaptive,114.91666666666663,0.09031509741222636,0.07800297806036775
ergo_adaptive,115.0,0.09555599365011908,0.0781355026280835
ergo_adaptive,115.08333333333337,0.09338317659156942,0.07827550973389417
ergo_adaptive,115.16666666666663,0.09127519029606537,0.07842430563632156
ergo_adaptive,115.25,0.09649217626640919,0.07858992079417797
ergo_adaptive,115.33333333333337,0.09804400082243264,0.07878434208939568
ergo_adaptive,115.41666666666663,0.08381364786044582,0.07901098166273425
ergo_adaptive,115.5,0.0646218613972657,0.07924421987183757
ergo_adaptive,115.58333333333337,0.05921530207829197,0.07951464863511497
ergo_adaptive,115.66666666666663,0.06273989050004461,0.07978289852503187
ergo_adaptive,115.75,0.06768745322723828,0.08002326024742813
ergo_adaptive,115.83333333333337,0.06917303444713072,0.08023605046378945
ergo_adaptive,115.91666666666663,0.07237580907390738,0.08043021857490323
ergo_adaptive,116.0,0.07258146584274064,0.08060715607154904
ergo_adaptive,116.08333333333337,0.07220336645557633,0.0807593304535042
ergo_adaptive,116.16666666666663,0.07381895401355613,0.08088957594227777
ergo_adaptive,116.25,0.07525581318548656,0.08101268661661791
ergo_adaptive,116.33333333333337,0.07455226825089424,0.08113540317764698
ergo_adaptive,116.41666666666663,0.07534265857013071,0.08124906835988914
ergo_adaptive,116.5,0.07592369793871445,0.08134542764454668
ergo_adaptive,116.58333333333337,0.07856930218891194,0.08143123277526096
ergo_adaptive,116.66666666666663,0.07730264391532328,0.08152282694227654
ergo_adaptive,116.75,0.07903190731811702,0.0816165929862258
ergo_adaptive,116.83333333333337,0.07888147428298077,0.08168040095542792
ergo_adaptive,116.91666666666663,0.07947344839686982,0.08171947972259158
ergo_adaptive,117.0,0.07779550587454435,0.08177057323630287
ergo_adaptive,117.08333333333337,0.07891933108081876,0.0818481700148687
ergo_adaptive,117.16666666666663,0.07914995520944586,0.08187737748052508
ergo_adaptive,117.25,0.08064940724292241,0.08185830733838768
ergo_adaptive,117.33333333333337,0.07892339378165648,0.08184376223407622
ergo_adaptive,117.41666666666663,0.07879278880709378,0.08186224005988493
ergo_adaptive,117.5,0.07929965319390185,0.08185741514806306
ergo_adaptive,117.58333333333337,0.07776611139466413,0.08179658989510678
ergo_adaptive,117.66666666666663,0.07894672526993968,0.08171180035896629
ergo_adaptive,117.75,0.07824089221545245,0.08163491961778675
ergo_adaptive,117.83333333333337,0.08115461787916947,0.08155650345614122
ergo_adaptive,117.91666666666663,0.08091266309271815,0.08145746358058809
ergo_adaptive,118.0,0.08014066470333753,0.08133480839858348
ergo_adaptive,118.08333333333337,0.08026207339970638,0.08120669627635627
ergo_adaptive,118.16666666666663,0.07945966817479243,0.08108463797549996
ergo_adaptive,118.25,0.0763503543801371,0.0809427483285815
ergo_adaptive,118.33333333333337,0.07719006988924508,0.0807581830475907
ergo_adaptive,118.41666666666663,0.07556219670761775,0.08054712248433188
ergo_adaptive,118.5,0.0746280307118768,0.08036487761495736
ergo_adaptive,118.58333333333337,0.07741193785235266,0.08024135346864585
ergo_adaptive,118.66666666666663,0.07644334394805136,0.0800560308261114
ergo_adaptive,118.75,0.0745292304521919,0.0798349305084262
ergo_adaptive,118.83333333333337,0.07406280310992072,0.07964337773621641
ergo_adaptive,118.91666666666663,0.07116010532955448,0.07950749559566861
ergo_adaptive,119.0,0.07238225599998986,0.07942523523462199
ergo_adaptive,119.08333333333337,0.07228781311262886,0.07937981057544298
ergo_adaptive,119.16666666666663,0.0716624956805717,0.07933255769023559
ergo_adaptive,119.25,0.07133987229606738,0.07926240574964104
ergo_adaptive,119.33333333333337,0.069384325977443,0.07918306254071993
ergo_adaptive,119.41666666666663,0.0709022842643234,0.0791211216546825
ergo_adaptive,119.5,0.0714264989568492,0.07907490227844671
ergo_adaptive,119.58333333333337,0.07052281339457138,0.07906807644994816
ergo_adaptive,119.66666666666663,0.07008275201128306,0.07906418027889263
ergo_adaptive,119.75,0.06953998060579078,0.07902906628044792
ergo_adaptive,119.83333333333337,0.06966026590992294,0.07901767660019256
ergo_adaptive,119.91666666666663,0.06943741968015488,0.07903493870777312
ergo_adaptive,120.0,0.07034218978643589,0.07908658425483829
ergo_adaptive,120.08333333333337,0.07079373690845996,0.07915715230304779
ergo_adaptive,120.16666666666663,0.06936640906910853,0.07921738178444454
ergo_adaptive,120.25,0.06981381196118913,0.07924581850439022
ergo_adaptive,120.33333333333337,0.07032334949761247,0.07926061725509698
ergo_adaptive,120.41666666666663,0.07075062024173928,0.07928919279857925
ergo_adaptive,120.5,0.07120641370791876,0.07931446387574645
ergo_adaptive,120.58333333333337,0.07098636757821332,0.07928907013505058
ergo_adaptive,120.66666666666663,0.06942446512988495,0.07923718666540154
ergo_adaptive,120.75,0.0689592818168376,0.07921166284504418
ergo_adaptive,120.83333333333337,0.07085962871630086,0.07922113812825007
ergo_adaptive,120.91666666666663,0.06876805511157098,0.07923879051463012
ergo_adaptive,121.0,0.06966956893092843,0.07926571607186152
ergo_adaptive,121.08333333333337,0.07047993641996014,0.07931034718112039
ergo_adaptive,121.16666666666663,0.07212737566709017,0.07938135827693357
ergo_adaptive,121.25,0.07132613675252626,0.07946152863511165
ergo_adaptive,121.33333333333337,0.07170393580830146,0.07951116198545877
ergo_adaptive,121.41666666666663,0.07171255685770693,0.0795214413027316
ergo_adaptive,121.5,0.07234452317420127,0.0795355349273116
ergo_adaptive,121.58333333333337,0.06971493863175207,0.07958697517898898
ergo_adaptive,121.66666666666663,0.06966083249036886,0.07974742709514225
ergo_adaptive,121.75,0.07170180445147724,0.07993109284151399
ergo_adaptive,121.83333333333337,0.07120280450700323,0.08009371620435311
ergo_adaptive,121.91666666666663,0.07223458647340367,0.08024631037585366
ergo_adaptive,122.0,0.07396727231113571,0.08039611775583515
ergo_adaptive,122.08333333333337,0.0719714206839429,0.08054043032815063
ergo_adaptive,122.16666666666663,0.07295003741591619,0.08067741672581574
ergo_adaptive,122.25,0.07332040910026838,0.08079252483401896
ergo_adaptive,122.33333333333337,0.07218662479715349,0.08087600012934976
ergo_adaptive,122.41666666666663,0.07109581313884465,0.08094035072564555
ergo_adaptive,122.5,0.07329402049210833,0.08099017323083652
ergo_adaptive,122.58333333333337,0.07320686503204424,0.08102351434374655
ergo_adaptive,122.66666666666663,0.07313718572864855,0.08106417968460533
ergo_adaptive,122.75,0.0703694772243261,0.08110086738875044
ergo_adaptive,122.83333333333337,0.07127199522455142,0.0811191747359087
ergo_adaptive,122.91666666666663,0.07698027652303277,0.08112064665292033
ergo_adaptive,123.0,0.0770602759668551,0.08112714080526083
ergo_adaptive,123.08333333333337,0.08036842463066239,0.08116662688011729
ergo_adaptive,123.16666666666663,0.08272467577194413,0.08126697221360982
ergo_adaptive,123.25,0.08123385594087112,0.08139420025371535
ergo_adaptive,123.33333333333337,0.07959446382402774,0.08148654273707635
ergo_adaptive,123.41666666666663,0.07960206676513945,0.08156329644874816
ergo_adaptive,123.5,0.08001759526710103,0.08164928298998535
ergo_adaptive,123.58333333333337,0.08252906567923915,0.08175615240389138
ergo_adaptive,123.66666666666663,0.06457003523869552,0.08188943039868943
ergo_adaptive,123.75,0.0712350838721788,0.08207334764753031
ergo_adaptive,123.83333333333337,0.07417562151447513,0.08224883461083614
ergo_adaptive,123.91666666666663,0.07470473518120783,0.08240064960733243
ergo_adaptive,124.0,0.04863921038691812,0.08250040039136287
ergo_adaptive,124.08333333333337,0.04511067555326179,0.08267865286707958
ergo_adaptive,124.16666666666663,0.04893829641468879,0.0829034781800438
ergo_adaptive,124.25,0.05129570004110472,0.08309851302455402
ergo_adaptive,124.33333333333337,0.053689567778368,0.08325111313931936
ergo_adaptive,124.41666666666663,0.05443255384192483,0.083371820958629
ergo_adaptive,124.5,0.05485278765948893,0.08347470839008296
ergo_adaptive,124.58333333333337,0.05583085198080067,0.08356516973396852
ergo_adaptive,124.66666666666663,0.05597328413248103,0.08363885380154618
ergo_adaptive,124.75,0.05641456232191317,0.08369399823309863
ergo_adaptive,124.83333333333337,0.05643174820556732,0.08374076815163127
ergo_adaptive,124.91666666666663,0.05669457701803812,0.08380755112464619
ergo_adaptive,125.0,0.05698901593496657,0.0838840514004198
ergo_adaptive,125.08333333333337,0.05691560201115019,0.08390682763978248
ergo_adaptive,125.16666666666663,0.05734234500529261,0.08387998888169788
ergo_adaptive,125.25,0.05583006659281983,0.083834626580376
ergo_adaptive,125.33333333333337,0.055955935481499866,0.08379591306744605
ergo_adaptive,125.41666666666663,0.0552547064030992,0.08378261613615287
ergo_adaptive,125.5,0.05466869296399814,0.08379423576021988
ergo_adaptive,125.58333333333337,0.05513708097284735,0.08379777914259141
ergo_adaptive,125.66666666666663,0.054245226526901946,0.08379014419401283
ergo_adaptive,125.75,0.054522392326407924,0.08378250767376665
ergo_adaptive,125.83333333333337,0.054280825416933305,0.08377603064888872
ergo_adaptive,125.91666666666663,0.05540925355108897,0.08377121500841304
ergo_adaptive,126.0,0.05416897572503402,0.08376811409241808
ergo_adaptive,126.08333333333337,0.05391322792891849,0.08373029305024723
ergo_adaptive,126.16666666666663,0.05414318216321905,0.08363858178705191
ergo_adaptive,126.25,0.054373267017119815,0.08350139913667237
ergo_adaptive,126.33333333333337,0.056280491323448666,0.08333117374381287
ergo_adaptive,126.41666666666663,0.056899413795240224,0.08315424955020427
ergo_adaptive,126.5,0.05647197582404148,0.083003169753264
ergo_adaptive,126.58333333333337,0.05548108754522481,0.08283786044437394
ergo_adaptive,126.66666666666663,0.05569851700740461,0.08264130207440756
ergo_adaptive,126.75,0.05456126424976587,0.08244806344913001
ergo_adaptive,126.83333333333337,0.05592801454096416,0.0822889494848171
ergo_adaptive,126.91666666666663,0.055445347808413335,0.08218803658532452
ergo_adaptive,127.0,0.056103299929850844,0.0821661075503338
ergo_adaptive,127.08333333333337,0.05608325646072307,0.08210203174421195
ergo_adaptive,127.16666666666663,0.05605056470220929,0.0819553432851261
ergo_adaptive,127.25,0.056917855468288106,0.08178022728884593
ergo_adaptive,127.33333333333337,0.05646382298807395,0.08162165778539819
ergo_adaptive,127.41666666666663,0.055259878585940614,0.08149902899520102
ergo_adaptive,127.5,0.05486722394407023,0.0814110881426778
ergo_adaptive,127.58333333333337,0.05695533095766105,0.0813236373958987
ergo_adaptive,127.66666666666663,0.05660050400801272,0.08122800486124944
ergo_adaptive,127.75,0.056697866341443616,0.08116025463120162
ergo_adaptive,127.83333333333337,0.05504215334853439,0.08114180850315031
ergo_adaptive,127.91666666666663,0.056441553788651275,0.08112976392474239
ergo_adaptive,128.0,0.05674072099418999,0.08108868183303396
ergo_adaptive,128.08333333333337,0.056933555743673675,0.08106179037947722
ergo_adaptive,128.16666666666663,0.056903880006979185,0.08107874312129836
ergo_adaptive,128.25,0.05722642519043153,0.0811077513362243
ergo_adaptive,128.33333333333337,0.0576639965289807,0.08113711410775569
ergo_adaptive,128.41666666666663,0.05707165144764922,0.08118965935853137
ergo_adaptive,128.5,0.056724286835106504,0.08126465731373081
ergo_adaptive,128.58333333333337,0.05720405208643056,0.08140661153117879
ergo_adaptive,128.66666666666663,0.0567773286466791,0.08161574503166011
ergo_adaptive,128.75,0.058894587514595476,0.08182164942859912
ergo_adaptive,128.83333333333337,0.059035011880518067,0.08200235329173175
ergo_adaptive,128.91666666666663,0.060323055570303485,0.08218764990110916
ergo_adaptive,129.0,0.05869340556190237,0.08235307893926139
ergo_adaptive,129.08333333333337,0.05726613553192876,0.08251522946041397
ergo_adaptive,129.16666666666663,0.05856659951150481,0.08268313750674935
ergo_adaptive,129.25,0.05929615608068674,0.08283062984393114
ergo_adaptive,129.33333333333337,0.0592656539345219,0.08298348961945534
ergo_adaptive,129.41666666666663,0.059791693117760364,0.08314207387676392
ergo_adaptive,129.5,0.061700400824921106,0.08328392626711707
ergo_adaptive,129.58333333333337,0.06263049870964293,0.08339536992743768
ergo_adaptive,129.66666666666663,0.06335444091630335,0.08347275019828398
ergo_adaptive,129.75,0.06224417549020065,0.08350635255088873
ergo_adaptive,129.83333333333337,0.0627824707373577,0.08362273390081765
ergo_adaptive,129.91666666666663,0.06319101384718365,0.08377823066228095
ergo_adaptive,130.0,0.06306888529519103,0.08391837769546578
ergo_adaptive,130.08333333333337,0.06384415793783256,0.08407422281605526
ergo_adaptive,130.16666666666663,0.0649786184144887,0.08420860738364513
ergo_adaptive,130.25,0.06464170056555624,0.08430847346349957
ergo_adaptive,130.33333333333337,0.06482688060945346,0.08441610524030382
ergo_adaptive,130.41666666666663,0.06376578901780866,0.08454140402441121
ergo_adaptive,130.5,0.06379394583251362,0.08468334509255583
ergo_adaptive,130.58333333333337,0.06583231038076087,0.08482380843580227
ergo_adaptive,130.66666666666663,0.06576539317236507,0.08494853674956719
ergo_adaptive,130.75,0.06580822928585418,0.0850807313902942
ergo_adaptive,130.83333333333337,0.0658115667822993,0.08520624469315986
ergo_adaptive,130.91666666666663,0.06440340463855249,0.08532458918828462
ergo_adaptive,131.0,0.06572395336826051,0.08546654266168113
ergo_adaptive,131.08333333333337,0.06403405840537145,0.08556656315068824
ergo_adaptive,131.16666666666663,0.06479324330737457,0.08568404552065167
ergo_adaptive,131.25,0.0648749714131801,0.08581073403549871
ergo_adaptive,131.33333333333337,0.06656432581396825,0.08592362589255748
ergo_adaptive,131.41666666666663,0.06521194093698267,0.08600913629114171
ergo_adaptive,131.5,0.06312291555882277,0.0861300119626082
ergo_adaptive,131.58333333333337,0.06355915506860325,0.08626362570404217
ergo_adaptive,131.66666666666663,0.06573336705351307,0.086341137975886
ergo_adaptive,131.75,0.0664122715971394,0.08635780590303614
ergo_adaptive,131.83333333333337,0.06744716646290495,0.08634576517572039
ergo_adaptive,131.91666666666663,0.06606638788112199,0.08630541771052871
ergo_adaptive,132.0,0.06702396867410049,0.08618324443605248
ergo_adaptive,132.08333333333337,0.066219128617698,0.08600146623629606
ergo_adaptive,132.16666666666663,0.06766111499279515,0.08583643900133801
ergo_adaptive,132.25,0.06834595740502215,0.08573372147655713
ergo_adaptive,132.33333333333337,0.06728659976131499,0.08562956897758797
ergo_adaptive,132.41666666666663,0.06560209823263641,0.0855825948745122
ergo_adaptive,132.5,0.06612572088693801,0.08568593298669573
ergo_adaptive,132.58333333333337,0.06542294707696661,0.08582524423031763
ergo_adaptive,132.66666666666663,0.0657086005106954,0.0859564529754129
ergo_adaptive,132.75,0.06528307371130011,0.08606680005449616
ergo_adaptive,132.83333333333337,0.06676869753792027,0.08616271237310007
ergo_adaptive,132.91666666666663,0.06722851641384879,0.08625112663965549
ergo_adaptive,133.0,0.06798890180136956,0.08633034655112591
ergo_adaptive,133.08333333333337,0.06740566254311005,0.0863917069203424
ergo_adaptive,133.16666666666663,0.06749297641694818,0.08643127798886698
ergo_adaptive,133.25,0.06680364912473116,0.0864544704632637
ergo_adaptive,133.33333333333337,0.0701201240841526,0.08643989229514955
ergo_adaptive,133.41666666666663,0.07082397393515809,0.08636520474578671
ergo_adaptive,133.5,0.07147720778919175,0.08626293959881294
ergo_adaptive,133.58333333333337,0.07259887572830286,0.08619886191801157
ergo_adaptive,133.66666666666663,0.07281242802823394,0.08617442903269976
ergo_adaptive,133.75,0.07295470752669451,0.08608820038486338
ergo_adaptive,133.83333333333337,0.07046640751647724,0.08596553572733479
ergo_adaptive,133.91666666666663,0.07085349728026559,0.08586109931419805
ergo_adaptive,134.0,0.07155163027696812,0.08581044440271461
ergo_adaptive,134.08333333333337,0.07114353480279251,0.0857743450826269
ergo_adaptive,134.16666666666663,0.07328060108169475,0.08571389311368487
ergo_adaptive,134.25,0.07197638449048566,0.0856582348090738
ergo_adaptive,134.33333333333337,0.06901032779960893,0.08563451316009547
ergo_adaptive,134.41666666666663,0.07054630729016821,0.08574457243409252
ergo_adaptive,134.5,0.07007433549324205,0.08589979876648188
ergo_adaptive,134.58333333333337,0.0720745084436223,0.08605808960726195
ergo_adaptive,134.66666666666663,0.07273291316828283,0.0861899095564322
ergo_adaptive,134.75,0.07363157909939219,0.08628898495019603
ergo_adaptive,134.83333333333337,0.07369145198122927,0.08640241726648361
ergo_adaptive,134.91666666666663,0.07299407274200591,0.08653630220082284
ergo_adaptive,135.0,0.07312322975018001,0.08668710488392777
ergo_adaptive,135.08333333333337,0.07359421715933535,0.08684792392790341
ergo_adaptive,135.16666666666663,0.07459269161766528,0.08701309523965654
ergo_adaptive,135.25,0.07629107770088922,0.08717886167870967
ergo_adaptive,135.33333333333337,0.07624845817988674,0.08734364190352174
ergo_adaptive,135.41666666666663,0.07442786652564223,0.08750501771310952
ergo_adaptive,135.5,0.07493774531445035,0.08766226559337122
ergo_adaptive,135.58333333333337,0.07555065943756442,0.08781510359160838
ergo_adaptive,135.66666666666663,0.07475328785934103,0.08796343919783767
ergo_adaptive,135.75,0.07444060164711912,0.08810743330349413
ergo_adaptive,135.83333333333337,0.0777588517037567,0.08824730615572404
ergo_adaptive,135.91666666666663,0.07851959972431702,0.08838286605821978
ergo_adaptive,136.0,0.077425612917718,0.08851426303807394
ergo_adaptive,136.08333333333337,0.07673256207615664,0.0886423313357241
ergo_adaptive,136.16666666666663,0.07782986241048917,0.08876766653344423
ergo_adaptive,136.25,0.07809558116795413,0.08889019775606759
ergo_adaptive,136.33333333333337,0.07845235397390767,0.08901011693179524
ergo_adaptive,136.41666666666663,0.07771968560419956,0.08912774005740774
ergo_adaptive,136.5,0.0785564818213972,0.08924361944216982
ergo_adaptive,136.58333333333337,0.08023216623647982,0.08935773943116879
ergo_adaptive,136.66666666666663,0.07994872661636378,0.08946902762700594
ergo_adaptive,136.75,0.07957822372702834,0.08957810142420644
ergo_adaptive,136.83333333333337,0.080613134740004,0.08968609720287497
ergo_adaptive,136.91666666666663,0.07891695935206634,0.0897923239047344
ergo_adaptive,137.0,0.07716382547233772,0.08989843630895701
ergo_adaptive,137.08333333333337,0.07784198083013275,0.09000519451313645
ergo_adaptive,137.16666666666663,0.07744478246772368,0.09011126906022575
ergo_adaptive,137.25,0.07934747353392703,0.09021642360122056
ergo_adaptive,137.33333333333337,0.07799747873826196,0.09031923894109954
ergo_adaptive,137.41666666666663,0.07779186912340237,0.09042142149517297
ergo_adaptive,137.5,0.07708659398242305,0.09052368068732879
ergo_adaptive,137.58333333333337,0.07836940393477905,0.09062548867038342
ergo_adaptive,137.66666666666663,0.07800596406421588,0.09072605454296302
ergo_adaptive,137.75,0.08022003638585871,0.09082566244895589
ergo_adaptive,137.83333333333337,0.07973086769718116,0.09091345707371304
ergo_adaptive,137.91666666666663,0.08034443611172999,0.09100012789086707
ergo_adaptive,138.0,0.07988344847357887,0.09107378854078337
ergo_adaptive,138.08333333333337,0.08146450802724353,0.09110935169749743
ergo_adaptive,138.16666666666663,0.0842200242496415,0.09109682310261302
ergo_adaptive,138.25,0.08509382807619449,0.09102051080877623
ergo_adaptive,138.33333333333337,0.08792562203987717,0.09090131641779196
ergo_adaptive,138.41666666666663,0.08492356759014431,0.09078721581708787
ergo_adaptive,138.5,0.08373156985055492,0.0906956720481954
ergo_adaptive,138.58333333333337,0.08041983779881423,0.09058543157249968
ergo_adaptive,138.66666666666663,0.08216460806006645,0.09045955757592548
ergo_adaptive,138.75,0.08002729188370523,0.0903672109344146
ergo_adaptive,138.83333333333337,0.0805074124261207,0.0903358726493057
ergo_adaptive,138.91666666666663,0.0827343923216537,0.09028783882028145
ergo_adaptive,139.0,0.08455726433312434,0.09019675239874238
ergo_adaptive,139.08333333333337,0.08549418431273152,0.09011198181673835
ergo_adaptive,139.16666666666663,0.0876913368197592,0.09008930499539536
ergo_adaptive,139.25,0.08670949942596648,0.09007702666220406
ergo_adaptive,139.33333333333337,0.08917655200125556,0.09001616188448043
ergo_adaptive,139.41666666666663,0.09024373580918041,0.08994681514094056
ergo_adaptive,139.5,0.09358594168214941,0.08992094204173559
ergo_adaptive,139.58333333333337,0.09415731972737068,0.0899397592852571
ergo_adaptive,139.66666666666663,0.09581131025706292,0.08992764807025005
ergo_adaptive,139.75,0.09214943017830918,0.08989631184755675
ergo_adaptive,139.83333333333337,0.09514987568263157,0.0898934418151377
ergo_adaptive,139.91666666666663,0.0945162791481478,0.08994273812258913
ergo_adaptive,140.0,0.0926115023002039,0.0899880839237555
ergo_adaptive,140.08333333333337,0.09853175796433586,0.0900134639248368
ergo_adaptive,140.16666666666663,0.09702912070244886,0.09005159401704506
ergo_adaptive,140.25,0.09622340367172914,0.09013408894517876
ergo_adaptive,140.33333333333337,0.10067215697574385,0.0902393510208789
ergo_adaptive,140.41666666666663,0.1028986748870392,0.0903242372516324
ergo_adaptive,140.5,0.10430006576694888,0.09041064540469058
ergo_adaptive,140.58333333333337,0.10964842248285875,0.0905283980116683
ergo_adaptive,140.66666666666663,0.09227509266066004,0.0906809954627626
ergo_adaptive,140.75,0.06515345997608833,0.09083991681453521
ergo_adaptive,140.83333333333337,0.05828827921369372,0.09103614908311877
ergo_adaptive,140.91666666666663,0.06288145114806819,0.09124010930515286
ergo_adaptive,141.0,0.06628193416582812,0.09140761172175281
ergo_adaptive,141.08333333333337,0.0676718828876435,0.09153578115326101
ergo_adaptive,141.16666666666663,0.06753340745574415,0.09163688364083541
ergo_adaptive,141.25,0.0676057185586192,0.09172573625326899
ergo_adaptive,141.33333333333337,0.06753694783116207,0.09178984105628483
ergo_adaptive,141.41666666666663,0.06518062459573576,0.09181501747039045
ergo_adaptive,141.5,0.06409369837737561,0.09181144456110713
ergo_adaptive,141.58333333333337,0.06344119669725604,0.09180025191979832
ergo_adaptive,141.66666666666663,0.06400686601980562,0.09178242759141886
ergo_adaptive,141.75,0.06551204158105814,0.0917513879510118
ergo_adaptive,141.83333333333337,0.06438794570560352,0.09170838336958659
ergo_adaptive,141.91666666666663,0.06454581648288187,0.0916675274922376
ergo_adaptive,142.0,0.0646061856637044,0.0916445345735804
ergo_adaptive,142.08333333333337,0.06538874076221961,0.09163079494340344
ergo_adaptive,142.16666666666663,0.06509627520384517,0.09160205130245117
ergo_adaptive,142.25,0.06424080770738162,0.09155925464140394
ergo_adaptive,142.33333333333337,0.06395799126594506,0.0915426413493857
ergo_adaptive,142.41666666666663,0.0628741352771422,0.09156714992495343
ergo_adaptive,142.5,0.0647167173563887,0.09153468537099108
ergo_adaptive,142.58333333333337,0.0640462334923056,0.0914625483566029
ergo_adaptive,142.66666666666663,0.06447530465167717,0.0914014668448765
ergo_adaptive,142.75,0.0653943841932918,0.09138851029110633
ergo_adaptive,142.83333333333337,0.06574535487130291,0.09135816791511892
ergo_adaptive,142.91666666666663,0.06587260491429997,0.09127859748433585
ergo_adaptive,143.0,0.06662709879869343,0.09118777047548798
ergo_adaptive,143.08333333333337,0.06614297170108575,0.09114105484521656
ergo_adaptive,143.16666666666663,0.06781244819769386,0.09111882297457279
ergo_adaptive,143.25,0.06845397815909245,0.09106077367970439
ergo_adaptive,143.33333333333337,0.06748313553090128,0.09098521194331191
ergo_adaptive,143.41666666666663,0.0676068095722816,0.09093965662141189
ergo_adaptive,143.5,0.06535890917936552,0.09094306733788815
ergo_adaptive,143.58333333333337,0.06654194651290311,0.09094058240851133
ergo_adaptive,143.66666666666663,0.06782993753975455,0.09091971305588206
ergo_adaptive,143.75,0.06744514158097237,0.09089253225675228
ergo_adaptive,143.83333333333337,0.0664203918999476,0.09092915934983735
ergo_adaptive,143.91666666666663,0.06630384166971953,0.09098260705329732
ergo_adaptive,144.0,0.06619901928535589,0.09102626209337962
ergo_adaptive,144.08333333333337,0.06818753432059374,0.09101832541090991
ergo_adaptive,144.16666666666663,0.06742639847659873,0.09095987848990573
ergo_adaptive,144.25,0.06698505053619963,0.09089835905547217
ergo_adaptive,144.33333333333337,0.06491351462634377,0.09087483860303
ergo_adaptive,144.41666666666663,0.06459643080037372,0.09078610258076479
ergo_adaptive,144.5,0.06623326396594077,0.09061679473157801
ergo_adaptive,144.58333333333337,0.06699624767645279,0.09042205875586742
ergo_adaptive,144.66666666666663,0.0658619609542868,0.09027295305502682
ergo_adaptive,144.75,0.06493314075339374,0.0901490312957497
ergo_adaptive,144.83333333333337,0.06255296988609667,0.089992023883836
ergo_adaptive,144.91666666666663,0.0603665518192852,0.08982272181298818
ergo_adaptive,145.0,0.06112887565712946,0.08971229438131431
ergo_adaptive,145.08333333333337,0.06222004623856135,0.08970516986111726
ergo_adaptive,145.16666666666663,0.0631366304092052,0.08976592055564254
ergo_adaptive,145.25,0.06515154640686541,0.08985988824739233
ergo_adaptive,145.33333333333337,0.06527468244639986,0.08997093580529063
ergo_adaptive,145.41666666666663,0.06607635707644709,0.09008774435838363
ergo_adaptive,145.5,0.06712161669497653,0.09019638352909272
ergo_adaptive,145.58333333333337,0.06620443334432285,0.09029789810857936
ergo_adaptive,145.66666666666663,0.06652817011342968,0.09041242216454616
ergo_adaptive,145.75,0.06699528807831477,0.09052167603126464
ergo_adaptive,145.83333333333337,0.0681483868669343,0.0905977628057581
ergo_adaptive,145.91666666666663,0.0673188065625318,0.09064043246064005
ergo_adaptive,146.0,0.06640777188735643,0.09066632913195877
ergo_adaptive,146.08333333333337,0.06532275351081442,0.09068140384955897
ergo_adaptive,146.16666666666663,0.06751617686117187,0.09068518651065222
ergo_adaptive,146.25,0.0679949571144848,0.09068762682472796
ergo_adaptive,146.33333333333337,0.06723346467512883,0.09069251295461668
ergo_adaptive,146.41666666666663,0.06947370564196055,0.09070749713387574
ergo_adaptive,146.5,0.06965924041042088,0.09073362507292357
ergo_adaptive,146.58333333333337,0.07014060816770458,0.09076609899246253
ergo_adaptive,146.66666666666663,0.07036353239197647,0.0908095502430971
ergo_adaptive,146.75,0.07047082680925754,0.09088307022386154
ergo_adaptive,146.83333333333337,0.0712730160248945,0.09096264473719365
ergo_adaptive,146.91666666666663,0.07093782782957554,0.09101959962229929
ergo_adaptive,147.0,0.06943253445464923,0.09106536777185292
ergo_adaptive,147.08333333333337,0.07025311055461263,0.09113224218601101
ergo_adaptive,147.16666666666663,0.07032571487807221,0.0912174588141711
ergo_adaptive,147.25,0.07024395554384628,0.0913542087858835
ergo_adaptive,147.33333333333337,0.06962699167059863,0.09151503850138538
ergo_adaptive,147.41666666666663,0.07043472853764209,0.0916637690761448
ergo_adaptive,147.5,0.06822208820288855,0.09180758576799701
ergo_adaptive,147.58333333333337,0.06824274734500597,0.09193495551377003
ergo_adaptive,147.66666666666663,0.06887065250098466,0.09204078700324
ergo_adaptive,147.75,0.06720666399063091,0.09214859262526034
ergo_adaptive,147.83333333333337,0.06781335207175511,0.09225493493755818
ergo_adaptive,147.91666666666663,0.06928690690800922,0.09236168496458065
ergo_adaptive,148.0,0.07001194864399433,0.09247024094671562
ergo_adaptive,148.08333333333337,0.06869766563250373,0.09257744739614888
ergo_adaptive,148.16666666666663,0.0691543857568572,0.09268174139334709
ergo_adaptive,148.25,0.06863435434469489,0.0927831634838833
ergo_adaptive,148.33333333333337,0.06737320143455555,0.09288279177038408
ergo_adaptive,148.41666666666663,0.06761430922614735,0.09298162922850532
ergo_adaptive,148.5,0.06879984295207722,0.09307946080618863
ergo_adaptive,148.58333333333337,0.0669105619104249,0.09317693329476172
ergo_adaptive,148.66666666666663,0.06882515674346158,0.09327535958868537
ergo_adaptive,148.75,0.07181987440012173,0.09337164214728964
ergo_adaptive,148.83333333333337,0.07364934651659795,0.09345980462941741
ergo_adaptive,148.91666666666663,0.07531768970624335,0.0935379379591749
ergo_adaptive,149.0,0.07480300170292369,0.09361768531317338
ergo_adaptive,149.08333333333337,0.07487470840600048,0.09366206084424997
ergo_adaptive,149.16666666666663,0.07530855195248,0.09371978558962721
ergo_adaptive,149.25,0.07446665398490733,0.09378750765116545
ergo_adaptive,149.33333333333337,0.07316275315345193,0.09390845490491422
ergo_adaptive,149.41666666666663,0.07274495756984721,0.09402909268313742
ergo_adaptive,149.5,0.07144971588558731,0.0941127847899259
ergo_adaptive,149.58333333333337,0.07212300209779324,0.09416600329758237
ergo_adaptive,149.66666666666663,0.07303402893480461,0.09421226392097136
ergo_adaptive,149.75,0.07368944793082331,0.0942765897208371
ergo_adaptive,149.83333333333337,0.07383306378386859,0.09435588682545158
ergo_adaptive,149.91666666666663,0.07393722611395138,0.09444362002567361
ergo_adaptive,150.0,0.0734780980289615,0.09453388695103151
ergo_adaptive,150.08333333333337,0.07338247789316538,0.09462258261274728
ergo_adaptive,150.16666666666663,0.07411922600634534,0.09471033195125586
ergo_adaptive,150.25,0.07472108857182515,0.09480003805835444
ergo_adaptive,150.33333333333337,0.07346583327983616,0.09489535913511521
ergo_adaptive,150.41666666666663,0.07369326850837063,0.09499286160534233
ergo_adaptive,150.5,0.07594844425842799,0.09509167271501
ergo_adaptive,150.58333333333337,0.07521824762044739,0.0951950742056497
ergo_adaptive,150.66666666666663,0.07487758741545417,0.09525064722799717
ergo_adaptive,150.75,0.07569047316646917,0.09533472126993268
ergo_adaptive,150.83333333333337,0.07572490492707296,0.09542079685054143
ergo_adaptive,150.91666666666663,0.07837341953981047,0.09550522129714112
ergo_adaptive,151.0,0.07750464478872295,0.09554829877766872
ergo_adaptive,151.08333333333337,0.07531198510338152,0.09555067967658853
ergo_adaptive,151.16666666666663,0.07532571516906551,0.09560833723843899
ergo_adaptive,151.25,0.07695090402739528,0.09570335841165577
ergo_adaptive,151.33333333333337,0.07467017140184849,0.09580924470876022
ergo_adaptive,151.41666666666663,0.07553633513560487,0.09587130306241769
ergo_adaptive,151.5,0.07327046454000406,0.09589356369712247
ergo_adaptive,151.58333333333337,0.0732115626857429,0.09589285088786645
ergo_adaptive,151.66666666666663,0.07287378388379485,0.09588441469992083
ergo_adaptive,151.75,0.07628864022507077,0.09585239208047183
ergo_adaptive,151.83333333333337,0.07843142569307616,0.09578791169744474
ergo_adaptive,151.91666666666663,0.07840253572559708,0.09571382622293598
ergo_adaptive,152.0,0.07804352763773005,0.09565471089773246
ergo_adaptive,152.08333333333337,0.07830913887867688,0.09561477087691383
ergo_adaptive,152.16666666666663,0.07885929765969962,0.09557078655655929
ergo_adaptive,152.25,0.07752527748141022,0.09552199106893702
ergo_adaptive,152.33333333333337,0.07816991686721057,0.09548657006568864
ergo_adaptive,152.41666666666663,0.07777683395248249,0.09545920080905634
ergo_adaptive,152.5,0.07655900478987912,0.09542622191230851
ergo_adaptive,152.58333333333337,0.07652877356485542,0.09538346765859364
ergo_adaptive,152.66666666666663,0.0759125558283134,0.09537196879146778
ergo_adaptive,152.75,0.07605437056445327,0.09541296889267396
ergo_adaptive,152.83333333333337,0.07602699012282195,0.09548169898818247
ergo_adaptive,152.91666666666663,0.07637447883210852,0.0955659966165216
ergo_adaptive,153.0,0.07432151882451551,0.0956585178599231
ergo_adaptive,153.08333333333337,0.07350844003500552,0.09575376833129275
ergo_adaptive,153.16666666666663,0.07433654236789376,0.0958680293870931
ergo_adaptive,153.25,0.07520641264744314,0.0959832129284023
ergo_adaptive,153.33333333333337,0.07387031647990851,0.0960922327315465
ergo_adaptive,153.41666666666663,0.0732403493940017,0.09618152534348463
ergo_adaptive,153.5,0.07374662191145002,0.09624271871706942
ergo_adaptive,153.58333333333337,0.07289998132160816,0.09628713716098543
ergo_adaptive,153.66666666666663,0.07550067877075267,0.09633062453757166
ergo_adaptive,153.75,0.07568833868309935,0.09636682036369419
ergo_adaptive,153.83333333333337,0.07594155486223969,0.09638144556203446
ergo_adaptive,153.91666666666663,0.07801437438330015,0.09638446488235808
ergo_adaptive,154.0,0.07711002632015566,0.09639253799785066
ergo_adaptive,154.08333333333337,0.07717157331637339,0.09641699097069205
ergo_adaptive,154.16666666666663,0.07705940940373299,0.09644023954189625
ergo_adaptive,154.25,0.07635583596507861,0.09646050335033833
ergo_adaptive,154.33333333333337,0.07832599286033447,0.09648695095664092
ergo_adaptive,154.41666666666663,0.07647133200506474,0.09651787294206289
ergo_adaptive,154.5,0.07784790872456158,0.09650657722128655
ergo_adaptive,154.58333333333337,0.07830173075713087,0.09646375861989398
ergo_adaptive,154.66666666666663,0.07626706896812364,0.09642743851089056
ergo_adaptive,154.75,0.07521342870028556,0.09643607005222227
ergo_adaptive,154.83333333333337,0.07768559215237678,0.09643942590447621
ergo_adaptive,154.91666666666663,0.07530861767589463,0.0964179320328288
ergo_adaptive,155.0,0.07763078548220274,0.09640091526042954
ergo_adaptive,155.08333333333337,0.07768089215250557,0.09640971206632547
ergo_adaptive,155.16666666666663,0.08395130449271052,0.0964463574741446
ergo_adaptive,155.25,0.08118207514104113,0.09648003478537663
ergo_adaptive,155.33333333333337,0.0799140763745037,0.09651273624191749
ergo_adaptive,155.41666666666663,0.08530183993432713,0.09656357486280412
ergo_adaptive,155.5,0.08613981661241733,0.09663435563505157
ergo_adaptive,155.58333333333337,0.08365012953227632,0.09671388205787322
ergo_adaptive,155.66666666666663,0.08703860376698748,0.09679591129122936
ergo_adaptive,155.75,0.09399220897997207,0.09688602408579174
ergo_adaptive,155.83333333333337,0.09974895815234974,0.09698903042245313
ergo_adaptive,155.91666666666663,0.06674559202965999,0.09710265522282555
ergo_adaptive,156.0,0.06395406306340137,0.09725355553439496
ergo_adaptive,156.08333333333337,0.0675494721383759,0.09740971427392867
ergo_adaptive,156.16666666666663,0.0702267166432754,0.09754767406788055
ergo_adaptive,156.25,0.07243803048101256,0.09766388576343027
ergo_adaptive,156.33333333333337,0.0725590897993867,0.09776284775712095
ergo_adaptive,156.41666666666663,0.070557669750508,0.09784459144324137
ergo_adaptive,156.5,0.06891209779619546,0.09789984385891487
ergo_adaptive,156.58333333333337,0.0674692617478965,0.09792566157928706
ergo_adaptive,156.66666666666663,0.06798163441271571,0.09793800329330189
ergo_adaptive,156.75,0.06967943577612241,0.09795075450077624
ergo_adaptive,156.83333333333337,0.068884714927372,0.09794956546746587
ergo_adaptive,156.91666666666663,0.06905510450317734,0.09791943341288242
ergo_adaptive,157.0,0.06831218952098607,0.09787644848043504
ergo_adaptive,157.08333333333337,0.06860492201876453,0.09784836346190001
ergo_adaptive,157.16666666666663,0.07003033963921408,0.09782381401912872
ergo_adaptive,157.25,0.07097758181377653,0.09777098025811476
ergo_adaptive,157.33333333333337,0.07019996521693786,0.0977004862921983
ergo_adaptive,157.41666666666663,0.06901879199436542,0.09763859613693557
ergo_adaptive,157.5,0.07064585125780454,0.09759880307550761
ergo_adaptive,157.58333333333337,0.07112955966665821,0.09756592805246428
ergo_adaptive,157.66666666666663,0.07143319797270531,0.09752988985280917
ergo_adaptive,157.75,0.07262922050903889,0.09750146080321029
ergo_adaptive,157.83333333333337,0.07396447369715356,0.09748337435960229
ergo_adaptive,157.91666666666663,0.0731101261496907,0.09746285930993306
ergo_adaptive,158.0,0.07246236904758872,0.09743197995071928
ergo_adaptive,158.08333333333337,0.07182242621682737,0.09739876442346573
ergo_adaptive,158.16666666666663,0.07224079768692568,0.09737876113344436
ergo_adaptive,158.25,0.07239479440761495,0.09737109300810408
ergo_adaptive,158.33333333333337,0.07363867759322093,0.09736372455873754
ergo_adaptive,158.41666666666663,0.07408078120510803,0.0973526625034165
ergo_adaptive,158.5,0.07450765834554275,0.09734216187268262
ergo_adaptive,158.58333333333337,0.07537893682732336,0.0973280472731555
ergo_adaptive,158.66666666666663,0.07392907538214104,0.09729824186289492
ergo_adaptive,158.75,0.07266726052648818,0.09724797562386434
ergo_adaptive,158.83333333333337,0.073148509525584,0.09725701460808081
ergo_adaptive,158.91666666666663,0.07371141605369577,0.09730082769340559
ergo_adaptive,159.0,0.07566787836829582,0.09736549424847252
ergo_adaptive,159.08333333333337,0.07403541222039259,0.09744195900754174
ergo_adaptive,159.16666666666663,0.07377455378213978,0.09752484013254895
ergo_adaptive,159.25,0.07454676923366581,0.09761092094804268
ergo_adaptive,159.33333333333337,0.07407141681606319,0.09769811716660914
ergo_adaptive,159.41666666666663,0.0740698964669022,0.09778509819155168
ergo_adaptive,159.5,0.07326981957716759,0.09787102679599693
ergo_adaptive,159.58333333333337,0.07273462160325764,0.09795529309641489
ergo_adaptive,159.66666666666663,0.07385197037369903,0.0980376127356334
ergo_adaptive,159.75,0.07657060676032548,0.09811810266114508
ergo_adaptive,159.83333333333337,0.07565828442478119,0.0981970258276489
ergo_adaptive,159.91666666666663,0.07656098297274519,0.09827426862299284
ergo_adaptive,160.0,0.07588774166716089,0.0983498481617152
ergo_adaptive,160.08333333333337,0.07712341931528117,0.09842377205238331
ergo_adaptive,160.16666666666663,0.07801618023401187,0.09849629301413926
ergo_adaptive,160.25,0.07736598811030822,0.0985675851612929
ergo_adaptive,160.33333333333337,0.07831069499183971,0.09863756634368513
ergo_adaptive,160.41666666666663,0.07865031768723767,0.09870650525987842
ergo_adaptive,160.5,0.07930384366672613,0.09877453014958193
ergo_adaptive,160.58333333333337,0.08077672787295548,0.09884171973116225
ergo_adaptive,160.66666666666663,0.08169006920659808,0.0989082163818759
ergo_adaptive,160.75,0.08176493130571025,0.09897407550021677
ergo_adaptive,160.83333333333337,0.08103047764070474,0.09903924955938379
ergo_adaptive,160.91666666666663,0.08282582933171076,0.0991035505261811
ergo_adaptive,161.0,0.08131281834631437,0.0991672544119354
ergo_adaptive,161.08333333333337,0.0814684856069124,0.09923020597822393
ergo_adaptive,161.16666666666663,0.0794075123423735,0.09929252191805282
ergo_adaptive,161.25,0.0789548558156232,0.09935266769447833
ergo_adaptive,161.33333333333337,0.07880284652914185,0.09941762290252727
ergo_adaptive,161.41666666666663,0.07758258184019359,0.09947917176241745
ergo_adaptive,161.5,0.07874723392562552,0.09954043411187798
ergo_adaptive,161.58333333333337,0.07700050689903598,0.09958774780784649
ergo_adaptive,161.66666666666663,0.07739618279672854,0.09962609263090058
ergo_adaptive,161.75,0.07793956855568679,0.09964392677199493
ergo_adaptive,161.83333333333337,0.0776008766455198,0.0996362640784164
ergo_adaptive,161.91666666666663,0.07885113050387758,0.09961660084373664
ergo_adaptive,162.0,0.07800836802159054,0.09960617804515715
ergo_adaptive,162.08333333333337,0.07715147013148556,0.09959354921628032
ergo_adaptive,162.16666666666663,0.07794764793001073,0.09956518684209105
ergo_adaptive,162.25,0.0769688704284417,0.09953219651070423
ergo_adaptive,162.33333333333337,0.07742243765602708,0.09951924442103727
ergo_adaptive,162.41666666666663,0.07778403017785322,0.09951957554622744
ergo_adaptive,162.5,0.07865598025430134,0.09950603391225812
ergo_adaptive,162.58333333333337,0.07799477249670017,0.09948378967363204
ergo_adaptive,162.66666666666663,0.07803560328491768,0.09947897467841889
ergo_adaptive,162.75,0.077821155053787,0.0994935501101565
ergo_adaptive,162.83333333333337,0.07907082113807633,0.09949691281688011
ergo_adaptive,162.91666666666663,0.07997001180026243,0.0994887744515742
ergo_adaptive,163.0,0.08042942145499885,0.0994906865363389
ergo_adaptive,163.08333333333337,0.07990867140437793,0.09951606558264746
ergo_adaptive,163.16666666666663,0.0784497862833845,0.09954348174084564
ergo_adaptive,163.25,0.07798388590110818,0.09956409395896204
ergo_adaptive,163.33333333333337,0.07844610512475618,0.09958644362479552
ergo_adaptive,163.41666666666663,0.0781017372765276,0.09962395044025979
ergo_adaptive,163.5,0.0778843439430576,0.09970682393461607
ergo_adaptive,163.58333333333337,0.08065113114119324,0.0998078402341927
ergo_adaptive,163.66666666666663,0.07958299607880408,0.09990709621568937
ergo_adaptive,163.75,0.07838237498276987,0.10000540455144381
ergo_adaptive,163.83333333333337,0.07783906151749632,0.10010284400192031
ergo_adaptive,163.91666666666663,0.07910403415393992,0.10018786843724219
ergo_adaptive,164.0,0.08032026326490292,0.10026135784741923
ergo_adaptive,164.08333333333337,0.08087484177112658,0.1003265859842086
ergo_adaptive,164.16666666666663,0.08074762150444197,0.1003722321290724
ergo_adaptive,164.25,0.0793549529936827,0.10039108939383337
ergo_adaptive,164.33333333333337,0.0773060197598374,0.10039196678596224
ergo_adaptive,164.41666666666663,0.07768314551615105,0.1003949963320471
ergo_adaptive,164.5,0.0772670022066266,0.10039920870839761
ergo_adaptive,164.58333333333337,0.07824380460708712,0.10038654777659962
ergo_adaptive,164.66666666666663,0.07767688287320068,0.10036585042586835
ergo_adaptive,164.75,0.07897644453226887,0.10035088603202881
ergo_adaptive,164.83333333333337,0.07777800164985783,0.10034318332591441
ergo_adaptive,164.91666666666663,0.07711763510692603,0.10032522905625395
ergo_adaptive,165.0,0.07746845372412378,0.10031006926565202
ergo_adaptive,165.08333333333337,0.07889223879832837,0.10031390652946251
ergo_adaptive,165.16666666666663,0.0783095557575817,0.10032781128392813
ergo_adaptive,165.25,0.07820149092763544,0.10035795076306862
ergo_adaptive,165.33333333333337,0.07762277375599169,0.10041327328204232
ergo_adaptive,165.41666666666663,0.07894966274618359,0.10048732904658995
ergo_adaptive,165.5,0.07943540727454165,0.10056959183576317
ergo_adaptive,165.58333333333337,0.07655414853407691,0.10065950581770326
ergo_adaptive,165.66666666666663,0.077951340943267,0.10073551040992562
ergo_adaptive,165.75,0.07984905023370482,0.10079193183082635
ergo_adaptive,165.83333333333337,0.08048469597927575,0.10083546516515514
ergo_adaptive,165.91666666666663,0.08000817763987893,0.10088042525904528
ergo_adaptive,166.0,0.08216706830240243,0.10092876830603893
ergo_adaptive,166.08333333333337,0.08107047235522313,0.10096894839991098
ergo_adaptive,166.16666666666663,0.08083206128005058,0.10100434289321379
ergo_adaptive,166.25,0.07941658562309997,0.10104464908653202
ergo_adaptive,166.33333333333337,0.08014260666442029,0.10109022587265062
ergo_adaptive,166.41666666666663,0.08072057884432535,0.10112394941299657
ergo_adaptive,166.5,0.0829461428883803,0.10114362144697182
ergo_adaptive,166.58333333333337,0.08221821477393075,0.1011605266965149
ergo_adaptive,166.66666666666663,0.08381939239046174,0.1011856183928962
ergo_adaptive,166.75,0.08536224042080232,0.10120659208573177
ergo_adaptive,166.83333333333337,0.08273302999682434,0.10122042188638887
ergo_adaptive,166.91666666666663,0.08472718425917722,0.10124447008271256
ergo_adaptive,167.0,0.08506373625718791,0.10128669483624614
ergo_adaptive,167.08333333333337,0.08709704051046047,0.10134554407655899
ergo_adaptive,167.16666666666663,0.08675044011690501,0.10140839713729313
ergo_adaptive,167.25,0.08897030885878035,0.10147419025485248
ergo_adaptive,167.33333333333337,0.0902466962824284,0.10154970126571351
ergo_adaptive,167.41666666666663,0.07647314862001751,0.10163550934100464
ergo_adaptive,167.5,0.0706668023124484,0.10175877906482857
ergo_adaptive,167.58333333333337,0.07529058690683324,0.10189322177778666
ergo_adaptive,167.66666666666663,0.07649595114818922,0.10201910979424074
ergo_adaptive,167.75,0.07800662243129758,0.10212675638689461
ergo_adaptive,167.83333333333337,0.08011754769030947,0.1022141603203857
ergo_adaptive,167.91666666666663,0.07887530772775457,0.10228036041686411
ergo_adaptive,168.0,0.07982315180923336,0.10231907572516077
ergo_adaptive,168.08333333333337,0.07886290443303764,0.10232786995845154
ergo_adaptive,168.16666666666663,0.07759147525715626,0.10231655748327421
ergo_adaptive,168.25,0.07738827211510005,0.1022979173337175
ergo_adaptive,168.33333333333337,0.07636468305117239,0.10227333924848041
ergo_adaptive,168.41666666666663,0.0765155105086108,0.10223782481363176
ergo_adaptive,168.5,0.07616585742603255,0.10219980342131169
ergo_adaptive,168.58333333333337,0.07818921900262446,0.10216996656022642
ergo_adaptive,168.66666666666663,0.07616781425860003,0.10214813269915779
ergo_adaptive,168.75,0.0771778810433459,0.10211392765398064
ergo_adaptive,168.83333333333337,0.07740721273152575,0.102068747189617
ergo_adaptive,168.91666666666663,0.07643885035166965,0.10202607236881071
ergo_adaptive,169.0,0.07878733826972349,0.10199902833614662
ergo_adaptive,169.08333333333337,0.07899044902180047,0.10196431203834273
ergo_adaptive,169.16666666666663,0.07641634652365442,0.1019181816000606
ergo_adaptive,169.25,0.07651133750574578,0.10187633464105651
ergo_adaptive,169.33333333333337,0.07751350507276286,0.10184189474786688
ergo_adaptive,169.41666666666663,0.07701264535514507,0.10179421611321102
ergo_adaptive,169.5,0.07933978449962324,0.10172365472251471
ergo_adaptive,169.58333333333337,0.07977211682910812,0.10163788431400694
ergo_adaptive,169.66666666666663,0.08074042704267569,0.1015563387216041
ergo_adaptive,169.75,0.07845555319265951,0.10147966155352665
ergo_adaptive,169.83333333333337,0.08043976041169117,0.10141108645322457
ergo_adaptive,169.91666666666663,0.0821515916338986,0.10133839377596988
ergo_adaptive,170.0,0.08128374271332613,0.10126657835648326
ergo_adaptive,170.08333333333337,0.08220472818945905,0.10119948977942005
ergo_adaptive,170.16666666666663,0.08239856976509533,0.1011207911781692
ergo_adaptive,170.25,0.08445392147216407,0.10101892848106808
ergo_adaptive,170.33333333333337,0.08361905511447788,0.10092492858715373
ergo_adaptive,170.41666666666663,0.08439423996147864,0.10081653342541
ergo_adaptive,170.5,0.08135052829130068,0.10067954603725232
ergo_adaptive,170.58333333333337,0.0848748138082078,0.10048416690067537
ergo_adaptive,170.66666666666663,0.0841465748712844,0.10023192611008404
ergo_adaptive,170.75,0.08420052630429448,0.09998185299978381
ergo_adaptive,170.83333333333337,0.08338123997683593,0.0997908265917976
ergo_adaptive,170.91666666666663,0.0848949959077723,0.09955294082503953
ergo_adaptive,171.0,0.08400623764975404,0.0992398995780849
ergo_adaptive,171.08333333333337,0.08373606769507873,0.09891541519568517
ergo_adaptive,171.16666666666663,0.08179132467097812,0.09864596919602926
ergo_adaptive,171.25,0.07964951162179662,0.09838050908247344
ergo_adaptive,171.33333333333337,0.07980814473628955,0.09803520568302927
ergo_adaptive,171.41666666666663,0.08439332947755637,0.09765289630233144
ergo_adaptive,171.5,0.08173151694387559,0.097313697729541
ergo_adaptive,171.58333333333337,0.08414154216500325,0.097018496419235
ergo_adaptive,171.66666666666663,0.08028507462938626,0.09665046597710658
ergo_adaptive,171.75,0.08193287929119566,0.09622611728133683
ergo_adaptive,171.83333333333337,0.07983688321562618,0.0958328775514721
ergo_adaptive,171.91666666666663,0.0830363845050312,0.09551900750898266
ergo_adaptive,172.0,0.08224313662329674,0.0951518753927863
ergo_adaptive,172.08333333333337,0.0840497197919403,0.0946942469372304
ergo_adaptive,172.16666666666663,0.08552363371980334,0.09424259089991738
ergo_adaptive,172.25,0.08563307860297291,0.09388707386748849
ergo_adaptive,172.33333333333337,0.08868044177393525,0.09354281958375146
ergo_adaptive,172.41666666666663,0.0881843695208423,0.09309746149673581
ergo_adaptive,172.5,0.08375141582135687,0.09262361180457278
ergo_adaptive,172.58333333333337,0.08716801783060762,0.09223501414267637
ergo_adaptive,172.66666666666663,0.08188828192271058,0.09192173109837108
ergo_adaptive,172.75,0.08635089926543345,0.09150299116572966
ergo_adaptive,172.83333333333337,0.09146619725332096,0.09101955784280591
ergo_adaptive,172.91666666666663,0.08849606687621316,0.09057946282502687
ergo_adaptive,173.0,0.08458546555653675,0.09024360292425916
ergo_adaptive,173.08333333333337,0.08527927997126171,0.08988277305075806
ergo_adaptive,173.16666666666663,0.08503003013971913,0.0894348199578751
ergo_adaptive,173.25,0.09052753957935919,0.08899292820480811
ergo_adaptive,173.33333333333337,0.08846330503756024,0.08865235316261548
ergo_adaptive,173.41666666666663,0.08580971310402431,0.08832792609520702
ergo_adaptive,173.5,0.08365274205372449,0.08790430730377369
ergo_adaptive,173.58333333333337,0.08646535489506492,0.08748347229921931
ergo_adaptive,173.66666666666663,0.08678676717981634,0.08711889293629804
ergo_adaptive,173.75,0.08252936765309565,0.08684659477971919
ergo_adaptive,173.83333333333337,0.08640853631920443,0.08687794514911003
ergo_adaptive,173.91666666666663,0.08725472722914991,0.08690403879425138
ergo_adaptive,174.0,0.09000782170902295,0.08670996444246816
ergo_adaptive,174.08333333333337,0.09156158277818295,0.086338234070066
ergo_adaptive,174.16666666666663,0.08770800390306192,0.08593719398643705
ergo_adaptive,174.25,0.08728995551421855,0.08564306276461972
ergo_adaptive,174.33333333333337,0.0857109535258305,0.08534983100573883
ergo_adaptive,174.41666666666663,0.088612211806562,0.08540144824456761
ergo_adaptive,174.5,0.08976242779933345,0.08538381691795545
ergo_adaptive,174.58333333333337,0.08868372599509998,0.08515214255486453
ergo_adaptive,174.66666666666663,0.09235170006358388,0.08481387564538805
ergo_adaptive,174.75,0.09428979906754398,0.08451023154051175
ergo_adaptive,174.83333333333337,0.09273050026114667,0.08423465089132066
ergo_adaptive,174.91666666666663,0.09440389403702083,0.08383677291388195
ergo_adaptive,175.0,0.09724548288798705,0.08337214774535671
ergo_adaptive,175.08333333333337,0.09618712959374806,0.08293733413500437
ergo_adaptive,175.16666666666663,0.09657789931342099,0.08254884251374471
ergo_adaptive,175.25,0.10183758989306664,0.08215950829373503
ergo_adaptive,175.33333333333337,0.09972592772085045,0.08175448118693456
ergo_adaptive,175.41666666666663,0.09980481481844673,0.08135479741215138
ergo_adaptive,175.5,0.10015142210033587,0.08100439985526563
ergo_adaptive,175.58333333333337,0.10000501290700699,0.08073626302569112
ergo_adaptive,175.66666666666663,0.09580508398886128,0.08045598396053909
ergo_adaptive,175.75,0.09793860189712525,0.08007741391522258
ergo_adaptive,175.83333333333337,0.10136084437104559,0.07967610847038137
ergo_adaptive,175.91666666666663,0.09952528484364802,0.07932040310420285
ergo_adaptive,176.0,0.09872760198569872,0.07898320244915723
ergo_adaptive,176.08333333333337,0.10360074795996312,0.0786271940705148
ergo_adaptive,176.16666666666663,0.10359840629382633,0.07825800950763903
ergo_adaptive,176.25,0.10805863834626007,0.07791170566204522
ergo_adaptive,176.33333333333337,0.10678117843494692,0.07763209123317681
ergo_adaptive,176.41666666666663,0.10362627239110478,0.07741541843704347
ergo_adaptive,176.5,0.1020863841641733,0.0771493179999252
ergo_adaptive,176.58333333333337,0.09967663373919254,0.07681519324859967
ergo_adaptive,176.66666666666663,0.10660090377353795,0.07649623057656453
ergo_adaptive,176.75,0.10608777317599986,0.07622810107791717
ergo_adaptive,176.83333333333337,0.10913139006931862,0.07595484234715508
ergo_adaptive,176.91666666666663,0.10843165528151912,0.07564618390729931
ergo_adaptive,177.0,0.10770964859519068,0.07533359649684211
ergo_adaptive,177.08333333333337,0.10905076783250507,0.0750588546596078
ergo_adaptive,177.16666666666663,0.10772017049203826,0.07483286934537503
ergo_adaptive,177.25,0.11124806011070662,0.07461962852185831
ergo_adaptive,177.33333333333337,0.10972903552889872,0.07438393417917757
ergo_adaptive,177.41666666666663,0.10764641326584241,0.07415265252721029
ergo_adaptive,177.5,0.10759493232262674,0.07399644199774348
ergo_adaptive,177.58333333333337,0.10770131176375373,0.07387620866335931
ergo_adaptive,177.66666666666663,0.10634613872464743,0.07365986911297535
ergo_adaptive,177.75,0.10825448311686238,0.07339878406882648
ergo_adaptive,177.83333333333337,0.10885352670685522,0.0731687413152898
ergo_adaptive,177.91666666666663,0.11006920771962658,0.07298392902472434
ergo_adaptive,178.0,0.11208116140493685,0.07280921142678268
ergo_adaptive,178.08333333333337,0.11242731937786896,0.07262712206480604
ergo_adaptive,178.16666666666663,0.1115686165110711,0.07245486762754691
ergo_adaptive,178.25,0.10988272282912206,0.07232376854635177
ergo_adaptive,178.33333333333337,0.10873517511839692,0.07224422928883673
ergo_adaptive,178.41666666666663,0.10895589784793729,0.07217036366488283
ergo_adaptive,178.5,0.10925362658042839,0.07206695144931646
ergo_adaptive,178.58333333333337,0.11076222190010333,0.07196891740434876
ergo_adaptive,178.66666666666663,0.11206134617313612,0.07190579156501763
ergo_adaptive,178.75,0.11417777919312992,0.0718532409135614
ergo_adaptive,178.83333333333337,0.11499630191364764,0.07180016794328425
ergo_adaptive,178.91666666666663,0.11414885551018852,0.07175808589523622
ergo_adaptive,179.0,0.11496439730869636,0.07174342932452593
ergo_adaptive,179.08333333333337,0.11516151818273031,0.07176821643001624
ergo_adaptive,179.16666666666663,0.11619600268782518,0.07182370198096114
ergo_adaptive,179.25,0.11668675012608679,0.07187830474830402
ergo_adaptive,179.33333333333337,0.11539595076190791,0.07193153664396021
ergo_adaptive,179.41666666666663,0.11577403732804584,0.07200967588096646
ergo_adaptive,179.5,0.1184315597314518,0.07211055198852787
ergo_adaptive,179.58333333333337,0.12062356620114238,0.07222219858869951
ergo_adaptive,179.66666666666663,0.11954685839603754,0.07234181512552007
ergo_adaptive,179.75,0.11806520377556025,0.07247910489030052
ergo_adaptive,179.83333333333337,0.11639080927765955,0.07264502003895296
ergo_adaptive,179.91666666666663,0.11878240039753002,0.07283816572245291
ergo_adaptive,180.0,0.11938977276662399,0.07304503444801586
ergo_adaptive,180.08333333333337,0.11881107079393974,0.0732605290302276
ergo_adaptive,180.16666666666663,0.11822967773327059,0.07349372433427187
ergo_adaptive,180.25,0.11891811583889368,0.07375728533378745
ergo_adaptive,180.33333333333337,0.09511702540077714,0.07403782054542798
ergo_adaptive,180.41666666666663,0.09098588781952605,0.07434542793279232
ergo_adaptive,180.5,0.09459058071303654,0.07464545900023789
ergo_adaptive,180.58333333333337,0.09746928872642792,0.07490575121272786
ergo_adaptive,180.66666666666663,0.09978045303683995,0.07512351566594863
ergo_adaptive,180.75,0.10126347229183721,0.07531774852222478
ergo_adaptive,180.83333333333337,0.10067328898220827,0.07549774959055189
ergo_adaptive,180.91666666666663,0.09947125907402207,0.07562241512358123
ergo_adaptive,181.0,0.09905558225330947,0.07569848417747503
ergo_adaptive,181.08333333333337,0.09955923539304222,0.07576395311809787
ergo_adaptive,181.16666666666663,0.10015861353394756,0.07586460263837745
ergo_adaptive,181.25,0.10025171623401545,0.07593290826823781
ergo_adaptive,181.33333333333337,0.10064027337548785,0.07594039981704193
ergo_adaptive,181.41666666666663,0.10088249083597892,0.07593002371985186
ergo_adaptive,181.5,0.1000278798830542,0.07595863559748114
ergo_adaptive,181.58333333333337,0.10094252490692086,0.07599706016783941
ergo_adaptive,181.66666666666663,0.10060938332723623,0.07596419644694635
ergo_adaptive,181.75,0.10143613247484484,0.07589829648225899
ergo_adaptive,181.83333333333337,0.10045971280937631,0.07586299204842481
ergo_adaptive,181.91666666666663,0.10056777318204578,0.0758669439934696
ergo_adaptive,182.0,0.10079383913105408,0.07582052267830593
ergo_adaptive,182.08333333333337,0.10088081430649702,0.07572597645426216
ergo_adaptive,182.16666666666663,0.10072075453971387,0.07564446601001662
ergo_adaptive,182.25,0.09975778428214857,0.07560589989487909
ergo_adaptive,182.33333333333337,0.10095873178935391,0.07555740175613174
ergo_adaptive,182.41666666666663,0.10072142157736354,0.07546083787813297
ergo_adaptive,182.5,0.10007735416758848,0.07536036866686881
ergo_adaptive,182.58333333333337,0.10106532898313718,0.07529767074175912
ergo_adaptive,182.66666666666663,0.10136613760985291,0.075249452663733
ergo_adaptive,182.75,0.10058803199292804,0.07517318941558668
ergo_adaptive,182.83333333333337,0.10087811197259124,0.07508324537366036
ergo_adaptive,182.91666666666663,0.10113764731899219,0.07502335247414707
ergo_adaptive,183.0,0.10152081866258006,0.07499218147233032
ergo_adaptive,183.08333333333337,0.10175057617689122,0.07495013794209489
ergo_adaptive,183.16666666666663,0.10141463002920915,0.07489056730996403
ergo_adaptive,183.25,0.10190081510352511,0.07484934576808178
ergo_adaptive,183.33333333333337,0.10135496161828256,0.0748407258171608
ergo_adaptive,183.41666666666663,0.10122801148595416,0.07483523826834972
ergo_adaptive,183.5,0.10175085386995766,0.07485814110623613
ergo_adaptive,183.58333333333337,0.10202026226387412,0.07488712758141658
ergo_adaptive,183.66666666666663,0.10107249371235455,0.07497978810195487
ergo_adaptive,183.75,0.10136532988605948,0.07510514043485396
ergo_adaptive,183.83333333333337,0.10166341620522733,0.07529582086288497
ergo_adaptive,183.91666666666663,0.1023257134367297,0.07551603440182332
ergo_adaptive,184.0,0.1019620925248541,0.075715991641485
ergo_adaptive,184.08333333333337,0.10246854384937455,0.07593960697478021
ergo_adaptive,184.16666666666663,0.10333855942734838,0.07615345726867735
ergo_adaptive,184.25,0.10316284745524879,0.07634338593110154
ergo_adaptive,184.33333333333337,0.10350803119380238,0.0765599018698581
ergo_adaptive,184.41666666666663,0.10375310179128219,0.07677046102948844
ergo_adaptive,184.5,0.10371107233927085,0.07698740907156641
ergo_adaptive,184.58333333333337,0.10550423716566272,0.07720019443011884
ergo_adaptive,184.66666666666663,0.10519477276028351,0.07740258682349765
ergo_adaptive,184.75,0.1055234118993125,0.0776052592395725
ergo_adaptive,184.83333333333337,0.10549639600780947,0.07780522508645785
ergo_adaptive,184.91666666666663,0.10778428442719634,0.07800165863064015
ergo_adaptive,185.0,0.10716096380621835,0.07819423562778799
ergo_adaptive,185.08333333333337,0.108433524056189,0.07838322441200815
ergo_adaptive,185.16666666666663,0.10845875529708483,0.078568575796152
ergo_adaptive,185.25,0.10837099208766778,0.07875035023149413
ergo_adaptive,185.33333333333337,0.1088124580329794,0.07892857971353213
ergo_adaptive,185.41666666666663,0.10994244169610712,0.07910345512854725
ergo_adaptive,185.5,0.1105989183948533,0.0792753449241715
ergo_adaptive,185.58333333333337,0.11097208812595001,0.07944450379314423
ergo_adaptive,185.66666666666663,0.11026264722555307,0.07961109878318141
ergo_adaptive,185.75,0.11035017469764541,0.07977523306692483
ergo_adaptive,185.83333333333337,0.10981509522598532,0.07993706441567691
ergo_adaptive,185.91666666666663,0.1099553665803909,0.08009667355728471
ergo_adaptive,186.0,0.10931816846231995,0.0802541945371433
ergo_adaptive,186.08333333333337,0.1085555139985109,0.08040956801931395
ergo_adaptive,186.16666666666663,0.10957446915682699,0.08056248987283095
ergo_adaptive,186.25,0.10852665599854935,0.08071412500868737
ergo_adaptive,186.33333333333337,0.11041445365830779,0.08086357172605979
ergo_adaptive,186.41666666666663,0.11139143824773613,0.08101205298836615
ergo_adaptive,186.5,0.11161935826659224,0.08116117968058933
ergo_adaptive,186.58333333333337,0.11242914055501502,0.08130960291745357
ergo_adaptive,186.66666666666663,0.11273022169824555,0.08145720449344443
ergo_adaptive,186.75,0.11460663037266168,0.08160391635935535
ergo_adaptive,186.83333333333337,0.11472708719370331,0.08174973615073734
ergo_adaptive,186.91666666666663,0.11413340516907791,0.08189463417245516
ergo_adaptive,187.0,0.11327120520629093,0.08203852188575345
ergo_adaptive,187.08333333333337,0.11241479506150097,0.08218127790367535
ergo_adaptive,187.16666666666663,0.1125727815203771,0.08232282710683395
ergo_adaptive,187.25,0.11251182733790428,0.08246319029967154
ergo_adaptive,187.33333333333337,0.113956432304677,0.08260250151533106
ergo_adaptive,187.41666666666663,0.11488940214183672,0.08274116755281002
ergo_adaptive,187.5,0.11563251431012259,0.08287933043220129
ergo_adaptive,187.58333333333337,0.11547733691764603,0.08301684753787944
ergo_adaptive,187.66666666666663,0.115088426065103,0.08315359460693425
ergo_adaptive,187.75,0.11433981595830653,0.08328945090635546
ergo_adaptive,187.83333333333337,0.1144706015286978,0.08342422102801622
ergo_adaptive,187.91666666666663,0.11483160187202303,0.08355806299471003
ergo_adaptive,188.0,0.11420147649804889,0.08369132021148641
ergo_adaptive,188.08333333333337,0.11507715697594757,0.08382377006134656
ergo_adaptive,188.16666666666663,0.1147860213534378,0.08395555431570648
ergo_adaptive,188.25,0.114421348665144,0.08408673831985491
ergo_adaptive,188.33333333333337,0.11358875197345891,0.08421693903698566
ergo_adaptive,188.41666666666663,0.11347242843632137,0.08434611293058711
ergo_adaptive,188.5,0.11411892525450909,0.0844744589372758
ergo_adaptive,188.58333333333337,0.11503157468748466,0.0846025176134169
ergo_adaptive,188.66666666666663,0.11385346207643013,0.08473044626429024
ergo_adaptive,188.75,0.11498719537131247,0.08485746148196471
ergo_adaptive,188.83333333333337,0.11662953245127214,0.08498382921314213
ergo_adaptive,188.91666666666663,0.11519233869478718,0.08511012632765415
ergo_adaptive,189.0,0.11520285300091057,0.08523573369045058
ergo_adaptive,189.08333333333337,0.11519969013421474,0.085360586493728
ergo_adaptive,189.16666666666663,0.11486052928717225,0.08548495643850101
ergo_adaptive,189.25,0.1155200995493707,0.08560868302767743
ergo_adaptive,189.33333333333337,0.1166770463380749,0.0857318595067899
ergo_adaptive,189.41666666666663,0.11562755274857792,0.08585456119094483
ergo_adaptive,189.5,0.11756421411827654,0.08597652449790542
ergo_adaptive,189.58333333333337,0.11761931865033609,0.08609790164956609
ergo_adaptive,189.66666666666663,0.11870666252177788,0.08621885196153495
ergo_adaptive,189.75,0.11783563783047961,0.0863392728843073
ergo_adaptive,189.83333333333337,0.1188301877543195,0.086459081421616
ergo_adaptive,189.91666666666663,0.11764621907107624,0.08657823371637824
ergo_adaptive,190.0,0.11714486364166514,0.08669670223650881
ergo_adaptive,190.08333333333337,0.11623105986420719,0.08681445988667962
ergo_adaptive,190.16666666666663,0.11546515876493182,0.08693153232271869
ergo_adaptive,190.25,0.1141912309528892,0.08704788533759193
ergo_adaptive,190.33333333333337,0.11479444519813779,0.08716333239102243
ergo_adaptive,190.41666666666663,0.1173781930663927,0.08727808659854998
ergo_adaptive,190.5,0.11799537579393851,0.08739249601780652
ergo_adaptive,190.58333333333337,0.11636628177098834,0.08750651861655392
ergo_adaptive,190.66666666666663,0.11659123442149356,0.08762003699121247
ergo_adaptive,190.75,0.1178838896707452,0.08773296621862191
ergo_adaptive,190.83333333333337,0.11912285752385456,0.08784530380192852
ergo_adaptive,190.91666666666663,0.118937797312722,0.08795702526950652
ergo_adaptive,191.0,0.12050800010122006,0.08806808797974869
ergo_adaptive,191.08333333333337,0.11959219664048247,0.0881784633237745
ergo_adaptive,191.16666666666663,0.11994095405356399,0.08828830507740762
ergo_adaptive,191.25,0.12062359987629194,0.08839762557196948
ergo_adaptive,191.33333333333337,0.11932705878651213,0.08850647077214138
ergo_adaptive,191.41666666666663,0.11903676035246329,0.08861483402559053
ergo_adaptive,191.5,0.11954382084253543,0.0887225803149191
ergo_adaptive,191.58333333333337,0.12026740077597878,0.08882966873764751
ergo_adaptive,191.66666666666663,0.12243843027707209,0.08893623011082855
ergo_adaptive,191.75,0.12248833062378499,0.0890423350447873
ergo_adaptive,191.83333333333337,0.12187121881490613,0.08914795875349306
ergo_adaptive,191.91666666666663,0.12082163049522009,0.08925307921556098
ergo_adaptive,192.0,0.12126473016101108,0.08935769824783961
ergo_adaptive,192.08333333333337,0.12024618679024918,0.08946176686671338
ergo_adaptive,192.16666666666663,0.12053114940742776,0.0895652614555941
ergo_adaptive,192.25,0.11939254528793294,0.08966832299725987
ergo_adaptive,192.33333333333337,0.11886606366085481,0.08977080589379065
ergo_adaptive,192.41666666666663,0.11893218328836568,0.08987280767223149
ergo_adaptive,192.5,0.11855225375528086,0.08997422396316992
ergo_adaptive,192.58333333333337,0.12016950147238536,0.0900751734425955
ergo_adaptive,192.66666666666663,0.1202305456561901,0.09017561614796739
ergo_adaptive,192.75,0.12125684853590064,0.09027560772130208
ergo_adaptive,192.83333333333337,0.12208969155542629,0.09037505708522615
ergo_adaptive,192.91666666666663,0.12166514181754388,0.09047404727902944
ergo_adaptive,193.0,0.12162049419223223,0.09057257964819368
ergo_adaptive,193.08333333333337,0.12118763845872536,0.09067051413526792
ergo_adaptive,193.16666666666663,0.11972119555582329,0.09076790394377782
ergo_adaptive,193.25,0.12097453930328177,0.09086402694448058
ergo_adaptive,193.33333333333337,0.12110468837963712,0.09095951159825097
ergo_adaptive,193.41666666666663,0.12214087573738246,0.09105516919602571
ergo_adaptive,193.5,0.12226051444831004,0.09115073995304676
ergo_adaptive,193.58333333333337,0.12314649221863772,0.09124606009935303
ergo_adaptive,193.66666666666663,0.12257325239790945,0.0913409996494023
ergo_adaptive,193.75,0.12401301444876901,0.09143545197814142
ergo_adaptive,193.83333333333337,0.12274879041462261,0.09152944981831129
ergo_adaptive,193.91666666666663,0.12175689860628487,0.09162300158750981
ergo_adaptive,194.0,0.12241508631884,0.0917154695658076
ergo_adaptive,194.08333333333337,0.12223671483454081,0.09180690124992041
ergo_adaptive,194.16666666666663,0.12293183314214216,0.09189840990594468
ergo_adaptive,194.25,0.12295246195987485,0.09199009336702711
ergo_adaptive,194.33333333333337,0.12401307272076212,0.09208151027258059
ergo_adaptive,194.41666666666663,0.12233009180098257,0.09217264100875437
ergo_adaptive,194.5,0.12211149627366238,0.09226311135235454
ergo_adaptive,194.58333333333337,0.12323819883131105,0.09235263820074202
ergo_adaptive,194.66666666666663,0.12305802248113386,0.09244175863639874
ergo_adaptive,194.75,0.12270175093930857,0.0925307351086391
ergo_adaptive,194.83333333333337,0.12189628063441581,0.09261921234198696
ergo_adaptive,194.91666666666663,0.12378172678207253,0.09270711075254247
ergo_adaptive,195.0,0.1236266261017936,0.09279486682773969
ergo_adaptive,195.08333333333337,0.12264309653530574,0.0928824783370779
ergo_adaptive,195.16666666666663,0.12399332596111812,0.0929695320625478
ergo_adaptive,195.25,0.12479364818721533,0.09305603413483506
ergo_adaptive,195.33333333333337,0.1250070451207232,0.09314203414375025
ergo_adaptive,195.41666666666663,0.12273010057458728,0.09322700264365037
ergo_adaptive,195.5,0.12389259946963697,0.09331017227741562
ergo_adaptive,195.58333333333337,0.12297053486901723,0.0933910589072733
ergo_adaptive,195.66666666666663,0.12431693922028937,0.0934718609364135
ergo_adaptive,195.75,0.12427509230640414,0.09355363849663861
ergo_adaptive,195.83333333333337,0.12450757806558192,0.09363710863846979
ergo_adaptive,195.91666666666663,0.12344872813554346,0.09372109850652645
ergo_adaptive,196.0,0.12451260596044925,0.09380472192742983
ergo_adaptive,196.08333333333337,0.1261978032832202,0.09388792656509405
ergo_adaptive,196.16666666666663,0.12661426299164105,0.09396871182347794
ergo_adaptive,196.25,0.12522082548738828,0.0940474234524322
ergo_adaptive,196.33333333333337,0.12454235317252432,0.0941208519619231
ergo_adaptive,196.41666666666663,0.1249470353902231,0.09419255743137264
ergo_adaptive,196.5,0.12456178964037357,0.09424182024271756
ergo_adaptive,196.58333333333337,0.12427308374163248,0.09425237969736369
ergo_adaptive,196.66666666666663,0.12329687584585632,0.09420985448804611
ergo_adaptive,196.75,0.12638849329587112,0.09409110131586491
ergo_adaptive,196.83333333333337,0.1231148019466501,0.09391308954329375
ergo_adaptive,196.91666666666663,0.12340214528791092,0.09372827689719342
ergo_adaptive,197.0,0.12603345251983777,0.09356978802940619
ergo_adaptive,197.08333333333337,0.1257494722080396,0.09339848336559346
ergo_adaptive,197.16666666666663,0.12551303677907222,0.09318981154324427
ergo_adaptive,197.25,0.12727028846703692,0.09298213686547833
ergo_adaptive,197.33333333333337,0.12837581880405313,0.09282204255392977
ergo_adaptive,197.41666666666663,0.12856940878006548,0.09267668418505753
ergo_adaptive,197.5,0.12757072492654437,0.09248626552871422
ergo_adaptive,197.58333333333337,0.12605324065811477,0.0922837999270606
ergo_adaptive,197.66666666666663,0.12781301391708344,0.0921311178593118
ergo_adaptive,197.75,0.125267115443453,0.09203165456585084
ergo_adaptive,197.83333333333337,0.1263429043292764,0.09189631335052989
ergo_adaptive,197.91666666666663,0.1268972524409711,0.09173892746559068
ergo_adaptive,198.0,0.12733927909693307,0.09161002829699699
ergo_adaptive,198.08333333333337,0.1256336807149501,0.09154213802948075
ergo_adaptive,198.16666666666663,0.12625106687600532,0.0914631054724887
ergo_adaptive,198.25,0.12429479145312798,0.0913574647458644
ergo_adaptive,198.33333333333337,0.12076901830615155,0.09127075584771219
ergo_adaptive,198.41666666666663,0.12180020864228142,0.09124394681402032
ergo_adaptive,198.5,0.12295881117172211,0.09123979768519577
ergo_adaptive,198.58333333333337,0.12389796749072012,0.09122610555457496
ergo_adaptive,198.66666666666663,0.12470539332293698,0.09121234095188654
ergo_adaptive,198.75,0.12124912363857476,0.09121726938059951
ergo_adaptive,198.83333333333337,0.12232735727709731,0.09125365592743478
ergo_adaptive,198.91666666666663,0.12494174636735159,0.09130357753197971
ergo_adaptive,199.0,0.1264097995439608,0.09135528521004181
ergo_adaptive,199.08333333333337,0.12377064971314913,0.09141254131588482
ergo_adaptive,199.16666666666663,0.1241124836138576,0.09149334167100374
ergo_adaptive,199.25,0.12723066322222523,0.09159081830647928
ergo_adaptive,199.33333333333337,0.12827295894931212,0.09168843885123525
ergo_adaptive,199.41666666666663,0.12900244358549876,0.09178864043793912
ergo_adaptive,199.5,0.1287249684444251,0.09190204333467236
ergo_adaptive,199.58333333333337,0.10170031171402973,0.09203221937337382
ergo_adaptive,199.66666666666663,0.09814936544378931,0.0921854343364568
ergo_adaptive,199.75,0.1058637485453801,0.09233042455853042
ergo_adaptive,199.83333333333337,0.1096493273273596,0.09244955846903963
ergo_adaptive,199.91666666666663,0.11180559128616684,0.09253985477817118
ergo_adaptive,200.0,0.11112882883176316,0.09261373911131052
ergo_adaptive,200.08333333333337,0.10800315255077839,0.09268060752592908
ergo_adaptive,200.16666666666663,0.10824247179022443,0.09271812791835445
ergo_adaptive,200.25,0.10825122633528021,0.09272124408550199
ergo_adaptive,200.33333333333337,0.10752227820486404,0.09271745933153805
ergo_adaptive,200.41666666666663,0.10389159468939191,0.09273507290677636
ergo_adaptive,200.5,0.10747980733222776,0.09272961628835016
ergo_adaptive,200.58333333333337,0.10631573193211714,0.09268563626254567
ergo_adaptive,200.66666666666663,0.10807287762825077,0.09262630525342157
ergo_adaptive,200.75,0.10804440062828573,0.09258528380392513
ergo_adaptive,200.83333333333337,0.10967157915639263,0.0925509042727702
ergo_adaptive,200.91666666666663,0.10850742813391302,0.09250251095623234
ergo_adaptive,201.0,0.108836783935838,0.09244214097701224
ergo_adaptive,201.08333333333337,0.10929550826874042,0.09239145597727905
ergo_adaptive,201.16666666666663,0.1099700722183513,0.09235628120457261
ergo_adaptive,201.25,0.11029284950326691,0.0923169112205401
ergo_adaptive,201.33333333333337,0.10870626910185056,0.09226665224289843
ergo_adaptive,201.41666666666663,0.10868975703371149,0.09221802550368251
ergo_adaptive,201.5,0.1084655232448272,0.09218592151342471
ergo_adaptive,201.58333333333337,0.10917295097013384,0.09215634167275473
ergo_adaptive,201.66666666666663,0.10690430819415568,0.09211737204570092
ergo_adaptive,201.75,0.10747000772588548,0.09208060839661175
ergo_adaptive,201.83333333333337,0.10912362687959498,0.09206051354604794
ergo_adaptive,201.91666666666663,0.10980098678406217,0.09205281805766163
ergo_adaptive,202.0,0.11003811017980492,0.0920377355837838
ergo_adaptive,202.08333333333337,0.109958356647623,0.09201743830741682
ergo_adaptive,202.16666666666663,0.11117818694098731,0.0920120180595338
ergo_adaptive,202.25,0.11087883876337559,0.0920324347084364
ergo_adaptive,202.33333333333337,0.11029572597896488,0.09205284187659678
ergo_adaptive,202.41666666666663,0.10989277555260452,0.09206680580791457
ergo_adaptive,202.5,0.10863521809507784,0.09208665501448102
ergo_adaptive,202.58333333333337,0.10819181055490182,0.0921236288014388
ergo_adaptive,202.66666666666663,0.10850040816824101,0.09212238533261842
ergo_adaptive,202.75,0.10983093681427585,0.0920597332592393
ergo_adaptive,202.83333333333337,0.10944908748700508,0.09194063627454356
ergo_adaptive,202.91666666666663,0.11049151807220073,0.09178824285054418
ergo_adaptive,203.0,0.1103571065068433,0.09163874395569736
ergo_adaptive,203.08333333333337,0.10954597101033768,0.09149165247201146
ergo_adaptive,203.16666666666663,0.10896860025750782,0.09129057634892283
ergo_adaptive,203.25,0.11044891575139305,0.09105259033141849
ergo_adaptive,203.33333333333337,0.11123381895146754,0.09085050093731008
ergo_adaptive,203.41666666666663,0.11101985971325362,0.09070051935712206
ergo_adaptive,203.5,0.11129654516216503,0.09048540012980588
ergo_adaptive,203.58333333333337,0.1127109541828236,0.09020809085162058
ergo_adaptive,203.66666666666663,0.11243060199930437,0.08994554218785161
ergo_adaptive,203.75,0.11240696077576237,0.0897336741159514
ergo_adaptive,203.83333333333337,0.11069268155043654,0.08950467702951544
ergo_adaptive,203.91666666666663,0.11008560891906498,0.08933604945939061
ergo_adaptive,204.0,0.11075104621885626,0.08934303878876915
ergo_adaptive,204.08333333333337,0.1099479085438371,0.08945893970055559
ergo_adaptive,204.16666666666663,0.11016697241006299,0.08960921031145774
ergo_adaptive,204.25,0.10938132557612013,0.08976622902188833
ergo_adaptive,204.33333333333337,0.10920932549523958,0.08992633112345434
ergo_adaptive,204.41666666666663,0.10849497719490837,0.09007246714440043
ergo_adaptive,204.5,0.10944213995140736,0.09018134648512786
ergo_adaptive,204.58333333333337,0.10973053876925597,0.09030688678038565
ergo_adaptive,204.66666666666663,0.11040873504673136,0.09044068300576591
ergo_adaptive,204.75,0.1111670947394236,0.09056287690411575
ergo_adaptive,204.83333333333337,0.11016579852382374,0.09068179367592084
ergo_adaptive,204.91666666666663,0.11051648852214449,0.09079781671676755
ergo_adaptive,205.0,0.11120646771454018,0.09090629512274924
ergo_adaptive,205.08333333333337,0.11020658181574541,0.09100892592884151
ergo_adaptive,205.16666666666663,0.11094053169870927,0.09111650718468536
ergo_adaptive,205.25,0.1128268205446054,0.09121586658090265
ergo_adaptive,205.33333333333337,0.11130661303862686,0.0913218530571157
ergo_adaptive,205.41666666666663,0.11175308010304989,0.09142258404278975
ergo_adaptive,205.5,0.11079622049542232,0.09152020863671795
ergo_adaptive,205.58333333333337,0.11264198526213352,0.0916043810668656
ergo_adaptive,205.66666666666663,0.11105134438380704,0.09170191358993482
ergo_adaptive,205.75,0.11205672487084972,0.0918010057311199
ergo_adaptive,205.83333333333337,0.1122206429820972,0.09189065404430397
ergo_adaptive,205.91666666666663,0.11388911342133902,0.09197906800555032
ergo_adaptive,206.0,0.11424317428981366,0.09208033349784493
ergo_adaptive,206.08333333333337,0.1140356872802199,0.09217551572751698
ergo_adaptive,206.16666666666663,0.11387998726355182,0.09223888533319206
ergo_adaptive,206.25,0.1133483774749347,0.09229621569802086
ergo_adaptive,206.33333333333337,0.11404108127526115,0.09238211237993085
ergo_adaptive,206.41666666666663,0.11596271490308364,0.09246298201462055
ergo_adaptive,206.5,0.11725563850519687,0.09251605937474897
ergo_adaptive,206.58333333333337,0.11649233672184095,0.09259426650915034
ergo_adaptive,206.66666666666663,0.11605121511800419,0.0927001751493989
ergo_adaptive,206.75,0.11779986008724418,0.09280019081863157
ergo_adaptive,206.83333333333337,0.11650877854640707,0.09286473649708121
ergo_adaptive,206.91666666666663,0.11638517805750319,0.0928838704335086
ergo_adaptive,207.0,0.11551441892859159,0.09292246228408392
ergo_adaptive,207.08333333333337,0.113596347240347,0.09299629916367706
ergo_adaptive,207.16666666666663,0.11401886517191365,0.09307736623864062
ergo_adaptive,207.25,0.11264412582893066,0.0931348106700185
ergo_adaptive,207.33333333333337,0.11149786825954405,0.0931456546839306
ergo_adaptive,207.41666666666663,0.11227011406898105,0.09311099136740715
ergo_adaptive,207.5,0.10927375776302715,0.09302918573689806
ergo_adaptive,207.58333333333337,0.10837476799258519,0.09298236901211594
ergo_adaptive,207.66666666666663,0.10791394398283793,0.09302247168571791
ergo_adaptive,207.75,0.10734570886423868,0.09309691863932906
ergo_adaptive,207.83333333333337,0.10904811759936284,0.09318449994233759
ergo_adaptive,207.91666666666663,0.10968063093789733,0.09328601596807362
ergo_adaptive,208.0,0.10959765739035685,0.0933683769637952
ergo_adaptive,208.08333333333337,0.10513493588536613,0.09339022111950605
ergo_adaptive,208.16666666666663,0.10714299752078553,0.09336932290452246
ergo_adaptive,208.25,0.10696759867794424,0.09332675700622302
ergo_adaptive,208.33333333333337,0.10658983873367237,0.09328348812913936
ergo_adaptive,208.41666666666663,0.1045436279736094,0.09326169180199699
ergo_adaptive,208.5,0.10674091196354629,0.09324409565859401
ergo_adaptive,208.58333333333337,0.10438040780925212,0.09316544382220808
ergo_adaptive,208.66666666666663,0.10560126606574448,0.09304264502289213
ergo_adaptive,208.75,0.10577342952361442,0.09291616203522572
ergo_adaptive,208.83333333333337,0.10798314632889325,0.09279981780747755
ergo_adaptive,208.91666666666663,0.10916889285586495,0.09268638085115771
ergo_adaptive,209.0,0.10960021792368152,0.09257591982030768
ergo_adaptive,209.08333333333337,0.11391916647820927,0.09247768282154892
ergo_adaptive,209.16666666666663,0.11314551072206366,0.09241019343969724
ergo_adaptive,209.25,0.11256841566355098,0.09239013942118626
ergo_adaptive,209.33333333333337,0.10978100440088218,0.09238051027552928
ergo_adaptive,209.41666666666663,0.1122201805681945,0.09235806079223713
ergo_adaptive,209.5,0.11067547109190877,0.0923409893033724
ergo_adaptive,209.58333333333337,0.11110597637653839,0.0923553838272523
ergo_adaptive,209.66666666666663,0.11224877255385593,0.09238334650035028
ergo_adaptive,209.75,0.11391497240321727,0.09240360789357933
ergo_adaptive,209.83333333333337,0.11144426875583198,0.09242081350213083
ergo_adaptive,209.91666666666663,0.11289726140074491,0.09244988180921355
ergo_adaptive,210.0,0.11275992692945368,0.09249423789651245
ergo_adaptive,210.08333333333337,0.11364431751984969,0.09254737061373232
ergo_adaptive,210.16666666666663,0.11440062939172099,0.09260031900619616
ergo_adaptive,210.25,0.1142941897757911,0.09265650481003673
ergo_adaptive,210.33333333333337,0.11323409528446031,0.0927243236159798
ergo_adaptive,210.41666666666663,0.11644623203648326,0.09284587856973285
ergo_adaptive,210.5,0.11737515728214136,0.09297155757919347
ergo_adaptive,210.58333333333337,0.11598781556777259,0.09308254485419717
ergo_adaptive,210.66666666666663,0.1141210445689283,0.093177954247741
ergo_adaptive,210.75,0.11420588867332074,0.09330729706607165
ergo_adaptive,210.83333333333337,0.11409844459155305,0.09345210501707082
ergo_adaptive,210.91666666666663,0.11464584577135022,0.09358366327360214
ergo_adaptive,211.0,0.11445766430830004,0.09369040609967591
ergo_adaptive,211.08333333333337,0.11445627472924398,0.09377418548028918
ergo_adaptive,211.16666666666663,0.11461581446394714,0.09384313142620605
ergo_adaptive,211.25,0.11467190587175144,0.09391591403056475
ergo_adaptive,211.33333333333337,0.11473307931020721,0.09401673215655142
ergo_adaptive,211.41666666666663,0.11381176678211327,0.09412833158096368
ergo_adaptive,211.5,0.1147062007276134,0.09424123769366294
ergo_adaptive,211.58333333333337,0.11563232240607299,0.09435378668264494
ergo_adaptive,211.66666666666663,0.11688005482487711,0.09446489091925862
ergo_adaptive,211.75,0.11688098187585583,0.09457197181980799
ergo_adaptive,211.83333333333337,0.11758018735374984,0.09467419272668602
ergo_adaptive,211.91666666666663,0.11620180344568089,0.09476767921530786
ergo_adaptive,212.0,0.11611471693138288,0.09486590094491201
ergo_adaptive,212.08333333333337,0.11589819404179674,0.09495966310320586
ergo_adaptive,212.16666666666663,0.11532177029598754,0.0950346799552364
ergo_adaptive,212.25,0.1147785655682824,0.09507708909319308
ergo_adaptive,212.33333333333337,0.11599494582136884,0.09513553748521313
ergo_adaptive,212.41666666666663,0.11505459951300717,0.09522832157267724
ergo_adaptive,212.5,0.11673141192111455,0.09532695403868531
ergo_adaptive,212.58333333333337,0.11582552111689955,0.09541910746115768
ergo_adaptive,212.66666666666663,0.11725168435181883,0.09549314030176591
ergo_adaptive,212.75,0.11810503167429774,0.09555426892178054
ergo_adaptive,212.83333333333337,0.11680004562086518,0.09560691813909639
ergo_adaptive,212.91666666666663,0.11644371223628747,0.09564506701257036
ergo_adaptive,213.0,0.11601648231972458,0.09573763227719435
ergo_adaptive,213.08333333333337,0.11634427937055258,0.09584592174444403
ergo_adaptive,213.16666666666663,0.11506811550082004,0.09594650945393528
ergo_adaptive,213.25,0.11425122125931823,0.09602640986834073
ergo_adaptive,213.33333333333337,0.11435751527121735,0.0960826223978169
ergo_adaptive,213.41666666666663,0.11298282213061918,0.09611217901381584
ergo_adaptive,213.5,0.11471434772488089,0.09611051369472434
ergo_adaptive,213.58333333333337,0.11355484702691844,0.09607704343748541
ergo_adaptive,213.66666666666663,0.11274099585060654,0.09602849371799156
ergo_adaptive,213.75,0.11160480117205364,0.09598634936819164
ergo_adaptive,213.83333333333337,0.11280441939691735,0.09602825415763927
ergo_adaptive,213.91666666666663,0.11477956997502962,0.09611376880402715
ergo_adaptive,214.0,0.11606702682521663,0.09621260882488192
ergo_adaptive,214.08333333333337,0.11621451899876498,0.09631503528560043
ergo_adaptive,214.16666666666663,0.11846758212041678,0.09641684153061666
ergo_adaptive,214.25,0.11861539991479368,0.09651047691157304
ergo_adaptive,214.33333333333337,0.11909537966078283,0.09659141432974158
ergo_adaptive,214.41666666666663,0.11592654933945173,0.09666040946292961
ergo_adaptive,214.5,0.11594924502934663,0.09672330126553641
ergo_adaptive,214.58333333333337,0.11750340357453293,0.09677311923380529
ergo_adaptive,214.66666666666663,0.1157320434880376,0.09680701492801602
ergo_adaptive,214.75,0.11680016355458377,0.09684418492301965
ergo_adaptive,214.83333333333337,0.11978370693600124,0.09690527450968728
ergo_adaptive,214.91666666666663,0.11648637124310549,0.09697547843479704
ergo_adaptive,215.0,0.11907918360541847,0.09709463151730105
ergo_adaptive,215.08333333333337,0.11986007321805868,0.09721329588638356
ergo_adaptive,215.16666666666663,0.12087220229954616,0.09731392256260658
ergo_adaptive,215.25,0.12470547869818101,0.09739984905195302
ergo_adaptive,215.33333333333337,0.12557626184415197,0.09748250968484042
ergo_adaptive,215.41666666666663,0.11124928943900221,0.0975715256694661
ergo_adaptive,215.5,0.1157158358624266,0.0976915235306074
ergo_adaptive,215.58333333333337,0.11861163825069598,0.09782053827157058
ergo_adaptive,215.66666666666663,0.11996725147344411,0.09794199522025086
ergo_adaptive,215.75,0.11984635326063377,0.09804507746515648
ergo_adaptive,215.83333333333337,0.11991055458314694,0.09812246638253395
ergo_adaptive,215.91666666666663,0.11934430293153699,0.09816576481378615
ergo_adaptive,216.0,0.11776024861802838,0.09817221426342396
ergo_adaptive,216.08333333333337,0.11600781280784837,0.09815370253776182
ergo_adaptive,216.16666666666663,0.11581964038597181,0.09813075633744794
ergo_adaptive,216.25,0.11736640105511859,0.09811290146929313
ergo_adaptive,216.33333333333337,0.11859851644218042,0.09809723250942814
ergo_adaptive,216.41666666666663,0.11665406887616334,0.09807853578767704
ergo_adaptive,216.5,0.115047454212646,0.09805932999723425
ergo_adaptive,216.58333333333337,0.1141997046105007,0.09803520689479116
ergo_adaptive,216.66666666666663,0.1138527961095932,0.09799671342364874
ergo_adaptive,216.75,0.11557947598068924,0.09793790608294398
ergo_adaptive,216.83333333333337,0.11764506685078766,0.09786094058555074
ergo_adaptive,216.91666666666663,0.11849517166543316,0.09777194650083731
ergo_adaptive,217.0,0.1186807461334025,0.09766867111468733
ergo_adaptive,217.08333333333337,0.11968507822941289,0.09754436280794646
ergo_adaptive,217.16666666666663,0.11935547977518961,0.09741423852141587
ergo_adaptive,217.25,0.11963251130363682,0.09730384536867473
ergo_adaptive,217.33333333333337,0.11727596818111727,0.09720851651650321
ergo_adaptive,217.41666666666663,0.11592452984929856,0.09722924332812262
ergo_adaptive,217.5,0.11708455428733386,0.09731717438917269
ergo_adaptive,217.58333333333337,0.1183910750931475,0.0974213083245072
ergo_adaptive,217.66666666666663,0.11859175247676783,0.09752183947668314
ergo_adaptive,217.75,0.1178025913377653,0.09761597226794691
ergo_adaptive,217.83333333333337,0.11650166520269399,0.09770263508683788
ergo_adaptive,217.91666666666663,0.11698397903415951,0.09777818291903777
ergo_adaptive,218.0,0.11432378767698789,0.09784125332162508
ergo_adaptive,218.08333333333337,0.1159178621222512,0.0978978799868109
ergo_adaptive,218.16666666666663,0.11563089574750275,0.09795711829216956
ergo_adaptive,218.25,0.11700037028552909,0.09801941656372601
ergo_adaptive,218.33333333333337,0.11820852446575501,0.09808041456865524
ergo_adaptive,218.41666666666663,0.11858715334674422,0.09814116158038792
ergo_adaptive,218.5,0.11765840344151501,0.09820452282966684
ergo_adaptive,218.58333333333337,0.11525733199796173,0.09827172939621738
ergo_adaptive,218.66666666666663,0.11682497156608812,0.09834474233291086
ergo_adaptive,218.75,0.11919509908587964,0.09841905020286715
ergo_adaptive,218.83333333333337,0.11563760695880475,0.09849522171283358
ergo_adaptive,218.91666666666663,0.11947782397584172,0.09858246453952207
ergo_adaptive,219.0,0.11964710292914044,0.0986690884422667
ergo_adaptive,219.08333333333337,0.12444327888238352,0.09874908854972399
ergo_adaptive,219.16666666666663,0.1280455499788707,0.09882277491250263
ergo_adaptive,219.25,0.11319972340418602,0.09889050617694592
ergo_adaptive,219.33333333333337,0.11762772145254294,0.09900673873638567
ergo_adaptive,219.41666666666663,0.10933186252385924,0.09914175032491199
ergo_adaptive,219.5,0.11340015459942375,0.09928233963234429
ergo_adaptive,219.58333333333337,0.11484019554523019,0.09940782548553666
ergo_adaptive,219.66666666666663,0.11545063029056482,0.0995101263861552
ergo_adaptive,219.75,0.1166480547041499,0.09959221367149568
ergo_adaptive,219.83333333333337,0.1152626610090646,0.09965661249735497
ergo_adaptive,219.91666666666663,0.11449259041541002,0.09970000138423198
ergo_adaptive,220.0,0.11436976816310399,0.09972127658704567
ergo_adaptive,220.08333333333337,0.1153587647417683,0.09972488345327342
ergo_adaptive,220.16666666666663,0.11870877935152602,0.09971993136994414
ergo_adaptive,220.25,0.12087876406224946,0.09970976169879753
ergo_adaptive,220.33333333333337,0.12074175145986554,0.09969154970656768
ergo_adaptive,220.41666666666663,0.12044332880219617,0.09966555765446708
ergo_adaptive,220.5,0.11723474793149626,0.09963775284010734
ergo_adaptive,220.58333333333337,0.11733218053978922,0.09961067799187766
ergo_adaptive,220.66666666666663,0.11713034967700806,0.09957860398602975
ergo_adaptive,220.75,0.1159662729447411,0.0995350573827622
ergo_adaptive,220.83333333333337,0.11422541015047087,0.0994901628135268
ergo_adaptive,220.91666666666663,0.11345877042387988,0.09945479543876799
ergo_adaptive,221.0,0.11571026475047372,0.09941077351705815
ergo_adaptive,221.08333333333337,0.11487102850645986,0.09934244354472792
ergo_adaptive,221.16666666666663,0.11455207498756738,0.09926066615533302
ergo_adaptive,221.25,0.11498108915861122,0.099182021152335
ergo_adaptive,221.33333333333337,0.11370414557057312,0.09907839345020127
ergo_adaptive,221.41666666666663,0.11402771744038001,0.09904045195212274
ergo_adaptive,221.5,0.11494811889714641,0.09901854271691848
ergo_adaptive,221.58333333333337,0.11580233674288229,0.09895266149023198
ergo_adaptive,221.66666666666663,0.11564821727148755,0.09884899970678303
ergo_adaptive,221.75,0.11523721724279488,0.09882930272099479
ergo_adaptive,221.83333333333337,0.11499966101943457,0.09889110851297772
ergo_adaptive,221.91666666666663,0.11692993601647696,0.09898573660236538
ergo_adaptive,222.0,0.11744293446380942,0.09908757687182328
ergo_adaptive,222.08333333333337,0.11820933377943992,0.09918290583519764
ergo_adaptive,222.16666666666663,0.11702197147702499,0.09926352004765544
ergo_adaptive,222.25,0.11680381734955693,0.09932848857953633
ergo_adaptive,222.33333333333337,0.1181794079205371,0.09938678915246217
ergo_adaptive,222.41666666666663,0.11953366768712675,0.09944526774370985
ergo_adaptive,222.5,0.11520614242594611,0.09949805748030502
ergo_adaptive,222.58333333333337,0.11452756486502556,0.0995449847451743
ergo_adaptive,222.66666666666663,0.11214308450866611,0.09960886754698016
ergo_adaptive,222.75,0.11224777634558875,0.09968770956325225
ergo_adaptive,222.83333333333337,0.11224018961826926,0.09976362259862093
ergo_adaptive,222.91666666666663,0.1124824917404032,0.09982675690171847
ergo_adaptive,223.0,0.11445578281952092,0.09987034826571287
ergo_adaptive,223.08333333333337,0.11309393762249663,0.09989601477760565
ergo_adaptive,223.16666666666663,0.11362482767266031,0.09990740070364723
ergo_adaptive,223.25,0.11524036042052097,0.09988575491816694
ergo_adaptive,223.33333333333337,0.11419918843341326,0.09981152532132444
ergo_adaptive,223.41666666666663,0.11315472554564586,0.09970695757990342
ergo_adaptive,223.5,0.11525479269454786,0.09961491364368462
ergo_adaptive,223.58333333333337,0.11555434527051535,0.09951035637892224
ergo_adaptive,223.66666666666663,0.11523275353736291,0.09935614938486168
ergo_adaptive,223.75,0.11750080732711467,0.09917350019723292
ergo_adaptive,223.83333333333337,0.11745947229019096,0.09901016714016683
ergo_adaptive,223.91666666666663,0.11573694117506432,0.09890576176207687
ergo_adaptive,224.0,0.11607911309643387,0.0988158055287604
ergo_adaptive,224.08333333333337,0.11607362105704014,0.0986942665989218
ergo_adaptive,224.16666666666663,0.1163741804550154,0.09856544102060627
ergo_adaptive,224.25,0.11821134441167626,0.09846849174390071
ergo_adaptive,224.33333333333337,0.11816802268465798,0.0983971182203785
ergo_adaptive,224.41666666666663,0.11654931946355941,0.09826999569413772
ergo_adaptive,224.5,0.11734748843827449,0.09811540709054097
ergo_adaptive,224.58333333333337,0.11777997685142806,0.09795518784760589
ergo_adaptive,224.66666666666663,0.11876945347349968,0.097790436269864
ergo_adaptive,224.75,0.11666716217626885,0.09763348348779438
ergo_adaptive,224.83333333333337,0.11732719181865145,0.0975095810426439
ergo_adaptive,224.91666666666663,0.11879754381495504,0.09735882439475751
ergo_adaptive,225.0,0.11826384705197325,0.09714986467219594
ergo_adaptive,225.08333333333337,0.11779800677086232,0.09692665724923868
ergo_adaptive,225.16666666666663,0.11771962353808767,0.09674290537670502
ergo_adaptive,225.25,0.11697025098441236,0.09656653097643507
ergo_adaptive,225.33333333333337,0.1169162618176925,0.09634397951520308
ergo_adaptive,225.41666666666663,0.11582287282383338,0.09610057128246785
ergo_adaptive,225.5,0.11473781807457252,0.09599742947431471
ergo_adaptive,225.58333333333337,0.11463945437210844,0.09602306971986971
ergo_adaptive,225.66666666666663,0.1130816096015982,0.09611626676501196
ergo_adaptive,225.75,0.11283525984052405,0.09624179598883113
ergo_adaptive,225.83333333333337,0.11371024933415975,0.09636057703804664
ergo_adaptive,225.91666666666663,0.11463761451947185,0.09646457705116913
ergo_adaptive,226.0,0.11476307243923409,0.09656931727407773
ergo_adaptive,226.08333333333337,0.11499547453462333,0.09668751088923487
ergo_adaptive,226.16666666666663,0.11712678201809341,0.09677050896429887
ergo_adaptive,226.25,0.11873908207901823,0.09680457025679035
ergo_adaptive,226.33333333333337,0.1193953319968956,0.0968046191867788
ergo_adaptive,226.41666666666663,0.11820285662707243,0.09679438435566552
ergo_adaptive,226.5,0.11563253089472818,0.09677306335469764
ergo_adaptive,226.58333333333337,0.11496853504066551,0.0967461212025122
ergo_adaptive,226.66666666666663,0.11494270277790374,0.09673239905183836
ergo_adaptive,226.75,0.11556223311586174,0.0967316884034478
ergo_adaptive,226.83333333333337,0.11552408338291502,0.09672970782787055
ergo_adaptive,226.91666666666663,0.1149856559112685,0.09671607728259299
ergo_adaptive,227.0,0.1133414944151153,0.09669766370969626
ergo_adaptive,227.08333333333337,0.11157370508861655,0.09668600293923783
ergo_adaptive,227.16666666666663,0.11153060669585166,0.0966796480403582
ergo_adaptive,227.25,0.11032649636811254,0.09666657170909435
ergo_adaptive,227.33333333333337,0.11229258895812419,0.09669404506290936
ergo_adaptive,227.41666666666663,0.11195442971939415,0.09673060328810004
ergo_adaptive,227.5,0.11093871975340244,0.09674926473954909
ergo_adaptive,227.58333333333337,0.11283400491704364,0.0968061902499143
ergo_adaptive,227.66666666666663,0.11450937279020999,0.09687051852099525
ergo_adaptive,227.75,0.11395978041825328,0.09692238186316973
ergo_adaptive,227.83333333333337,0.1153573826161418,0.09696061783653022
ergo_adaptive,227.91666666666663,0.11692560557059224,0.09698288924472163
ergo_adaptive,228.0,0.11514228436197753,0.09699201939251333
ergo_adaptive,228.08333333333337,0.11731824245067739,0.09699877311191359
ergo_adaptive,228.16666666666663,0.11744100003780178,0.0970047195746016
ergo_adaptive,228.25,0.11783896622125226,0.09700444536457918
ergo_adaptive,228.33333333333337,0.11927499260628559,0.09699664367702447
ergo_adaptive,228.41666666666663,0.11725967436721815,0.09698816370577124
ergo_adaptive,228.5,0.11599997876014594,0.09699059906294379
ergo_adaptive,228.58333333333337,0.11563963816375844,0.09700382584887968
ergo_adaptive,228.66666666666663,0.11824863557131732,0.0970230792576001
ergo_adaptive,228.75,0.11871738243033528,0.0970447459288318
ergo_adaptive,228.83333333333337,0.12124674928563482,0.09707538089405841
ergo_adaptive,228.91666666666663,0.12254943464941094,0.09711085601666336
ergo_adaptive,229.0,0.11595086986498689,0.09714435471624931
ergo_adaptive,229.08333333333337,0.11580701919708919,0.09719139827146898
ergo_adaptive,229.16666666666663,0.11727213914562708,0.09726263735471721
ergo_adaptive,229.25,0.11667658313227225,0.09734898946444731
ergo_adaptive,229.33333333333337,0.11529344410420424,0.09744265395309146
ergo_adaptive,229.41666666666663,0.12017580391557806,0.09753994698762626
ergo_adaptive,229.5,0.12522890404025436,0.09763952627103063
ergo_adaptive,229.58333333333337,0.1281211354025237,0.09773932467271096
ergo_adaptive,229.66666666666663,0.09512312661642298,0.0978356929451635
ergo_adaptive,229.75,0.08847188408570443,0.09797036090810964
ergo_adaptive,229.83333333333337,0.09361181727612264,0.09810976251375869
ergo_adaptive,229.91666666666663,0.09537287267476323,0.09822408650896942
ergo_adaptive,230.0,0.09976368723010876,0.0983101660280142
ergo_adaptive,230.08333333333337,0.10189838618584113,0.0983801975626039
ergo_adaptive,230.16666666666663,0.09940502831773167,0.09844350850541482
ergo_adaptive,230.25,0.10145725615841474,0.09846275611383855
ergo_adaptive,230.33333333333337,0.10123427980712388,0.09843621577911803
ergo_adaptive,230.41666666666663,0.10037305077173209,0.0983933231958041
ergo_adaptive,230.5,0.09858951255213996,0.09835775150246515
ergo_adaptive,230.58333333333337,0.09796202697575064,0.09831176191411674
ergo_adaptive,230.66666666666663,0.10047665195834388,0.0982400685101777
ergo_adaptive,230.75,0.10365895896386607,0.09815453742622147
ergo_adaptive,230.83333333333337,0.10136601879331265,0.09807448694251825
ergo_adaptive,230.91666666666663,0.10135803357096553,0.09800317975986605
ergo_adaptive,231.0,0.10073736046108907,0.0979278436006003
ergo_adaptive,231.08333333333337,0.10089708607269485,0.09784549536524223
ergo_adaptive,231.16666666666663,0.10262928275228946,0.0977716975581076
ergo_adaptive,231.25,0.10317513527505737,0.09771885385916847
ergo_adaptive,231.33333333333337,0.10316991985207964,0.09767313854896553
ergo_adaptive,231.41666666666663,0.10155387225473171,0.09761379113229905
ergo_adaptive,231.5,0.10099655526546207,0.09754707250418215
ergo_adaptive,231.58333333333337,0.10199700754313663,0.09751026178147408
ergo_adaptive,231.66666666666663,0.10036525024367073,0.0974992245031974
ergo_adaptive,231.75,0.09991104699337945,0.09744827656735144
ergo_adaptive,231.83333333333337,0.09835071221687379,0.09737156122282048
ergo_adaptive,231.91666666666663,0.09927787082933104,0.09731635452482225
ergo_adaptive,232.0,0.09945605302537698,0.09730781084569731
ergo_adaptive,232.08333333333337,0.09974241886828912,0.09727034727439281
ergo_adaptive,232.16666666666663,0.09963216421158012,0.0971965812122519
ergo_adaptive,232.25,0.09964812498419501,0.09712432610424014
ergo_adaptive,232.33333333333337,0.09925732912219497,0.0970884808609999
ergo_adaptive,232.41666666666663,0.09801043714365507,0.09705160332994217
ergo_adaptive,232.5,0.09783905988798364,0.096978073582464
ergo_adaptive,232.58333333333337,0.09819973691926318,0.09688624904784583
ergo_adaptive,232.66666666666663,0.0988293822677874,0.09680738458521014
ergo_adaptive,232.75,0.09911409926094875,0.09674525225106723
ergo_adaptive,232.83333333333337,0.09795237651048287,0.0966855617302623
ergo_adaptive,232.91666666666663,0.09713943438869968,0.0966338234316056
ergo_adaptive,233.0,0.09875122693251592,0.09660231247284368
ergo_adaptive,233.08333333333337,0.09950348851298305,0.09659049971680822
ergo_adaptive,233.16666666666663,0.09947952262092892,0.09657353666636297
ergo_adaptive,233.25,0.09945845530498205,0.09653426279818558
ergo_adaptive,233.33333333333337,0.10049704597781346,0.0964890317518824
ergo_adaptive,233.41666666666663,0.1026079914872648,0.09644212196584423
ergo_adaptive,233.5,0.10013906685739646,0.09633028261914808
ergo_adaptive,233.58333333333337,0.10215574934767918,0.09614936576750768
ergo_adaptive,233.66666666666663,0.10049892209959072,0.09593644050383435
ergo_adaptive,233.75,0.10133203402597421,0.09571883556115594
ergo_adaptive,233.83333333333337,0.10136307702690947,0.09544916054153241
ergo_adaptive,233.91666666666663,0.10207780852756904,0.09513861370248128
ergo_adaptive,234.0,0.10312727448009415,0.09505594399360036
ergo_adaptive,234.08333333333337,0.10397847870442722,0.09499160968037948
ergo_adaptive,234.16666666666663,0.10009058885016467,0.09481227287217878
ergo_adaptive,234.25,0.10151661609293358,0.09476866601011875
ergo_adaptive,234.33333333333337,0.10189553372533523,0.09484283053308643
ergo_adaptive,234.41666666666663,0.10304214420043047,0.09496769558163866
ergo_adaptive,234.5,0.10435695498428853,0.09509832698157146
ergo_adaptive,234.58333333333337,0.1044062729201615,0.09520573944544121
ergo_adaptive,234.66666666666663,0.10528774708669221,0.09528792326722191
ergo_adaptive,234.75,0.10570382863877363,0.09535743575957767
ergo_adaptive,234.83333333333337,0.10447974940623084,0.09542309539960245
ergo_adaptive,234.91666666666663,0.10404560502498664,0.09547558203672679
ergo_adaptive,235.0,0.10462820259923965,0.09555133553660149
ergo_adaptive,235.08333333333337,0.10432281197404221,0.09565148415424192
ergo_adaptive,235.16666666666663,0.10384549817341805,0.09575524352586645
ergo_adaptive,235.25,0.10410377265407934,0.0958499445912295
ergo_adaptive,235.33333333333337,0.10448806634823972,0.09594359374808058
ergo_adaptive,235.41666666666663,0.10361493951546898,0.09604330072115315
ergo_adaptive,235.5,0.10270129597508051,0.09613421529027898
ergo_adaptive,235.58333333333337,0.10227986336913734,0.09620729581743588
ergo_adaptive,235.66666666666663,0.10103022678387434,0.09625403153572411
ergo_adaptive,235.75,0.10263142681011049,0.09632283544666996
ergo_adaptive,235.83333333333337,0.10317795274364294,0.09640663261965357
ergo_adaptive,235.91666666666663,0.10377158449126397,0.09648175344861334
ergo_adaptive,236.0,0.10355144179177732,0.0965355842596057
ergo_adaptive,236.08333333333337,0.1019192541970316,0.09658404928551197
ergo_adaptive,236.16666666666663,0.1037269764401284,0.09665660026498057
ergo_adaptive,236.25,0.10418886226539698,0.09673280004982993
ergo_adaptive,236.33333333333337,0.10246673174308897,0.09680120973154116
ergo_adaptive,236.41666666666663,0.10140844297400163,0.09684619487751084
ergo_adaptive,236.5,0.10265609148379497,0.09685761054994077
ergo_adaptive,236.58333333333337,0.10399789866161836,0.09684334966402697
ergo_adaptive,236.66666666666663,0.10275025983419056,0.09682102551823757
ergo_adaptive,236.75,0.1021201987827078,0.09681137777847645
ergo_adaptive,236.83333333333337,0.10260701075247156,0.09686086872518504
ergo_adaptive,236.91666666666663,0.10221815315923327,0.09693206793522594
ergo_adaptive,237.0,0.10269025357322051,0.09700207383593888
ergo_adaptive,237.08333333333337,0.1029391820880116,0.09706679829162938
ergo_adaptive,237.16666666666663,0.10249942997796863,0.09712405087800269
ergo_adaptive,237.25,0.10315997285627865,0.09716363861047447
ergo_adaptive,237.33333333333337,0.10158887221690598,0.0971775089847642
ergo_adaptive,237.41666666666663,0.1029034435769331,0.09716905853727718
ergo_adaptive,237.5,0.1009418707986633,0.09712652079075368
ergo_adaptive,237.58333333333337,0.10263890746879975,0.09713472716270137
ergo_adaptive,237.66666666666663,0.10241396811484357,0.09719010965252972
ergo_adaptive,237.75,0.10313146205200115,0.09725347143845874
ergo_adaptive,237.83333333333337,0.10461697851868326,0.0973125694313558
ergo_adaptive,237.91666666666663,0.10437677862451988,0.09737463914483421
ergo_adaptive,238.0,0.10415694353003982,0.09741840413184591
ergo_adaptive,238.08333333333337,0.10569699067155011,0.09742123855999275
ergo_adaptive,238.16666666666663,0.10629791590692514,0.0973904128722441
ergo_adaptive,238.25,0.10671026041072441,0.09734315826243832
ergo_adaptive,238.33333333333337,0.10641930584549529,0.09729201334658351
ergo_adaptive,238.41666666666663,0.10717391099935512,0.09725806929417037
ergo_adaptive,238.5,0.10865334254127938,0.09722408949113955
ergo_adaptive,238.58333333333337,0.1088258915408514,0.09716563310768347
ergo_adaptive,238.66666666666663,0.10730304081752355,0.09709058885425803
ergo_adaptive,238.75,0.10948259518080046,0.09701677394087249
ergo_adaptive,238.83333333333337,0.1081930457244227,0.09695896307156074
ergo_adaptive,238.91666666666663,0.10761172502565218,0.09694072266180075
ergo_adaptive,239.0,0.10681433883214524,0.0969472782034256
ergo_adaptive,239.08333333333337,0.10657275052869561,0.09691676842430724
ergo_adaptive,239.16666666666663,0.10660609874653033,0.09686227195844863
ergo_adaptive,239.25,0.10686257067513723,0.09681363707017444
ergo_adaptive,239.33333333333337,0.10461366808749696,0.09678928130070527
ergo_adaptive,239.41666666666663,0.10251460291370539,0.09677346257132696
ergo_adaptive,239.5,0.10166040878890029,0.0968406880453983
ergo_adaptive,239.58333333333337,0.10101409034333272,0.09695431531884653
ergo_adaptive,239.66666666666663,0.10204216918268375,0.0970693144548618
ergo_adaptive,239.75,0.10428606948594103,0.09716730541163145
ergo_adaptive,239.83333333333337,0.10428015025986237,0.09725225078394868
ergo_adaptive,239.91666666666663,0.10338306429758602,0.09733525610855043
ergo_adaptive,240.0,0.10234864416715589,0.09739457714730398
ergo_adaptive,240.08333333333337,0.10293999359347093,0.09742324609101968
ergo_adaptive,240.16666666666663,0.10338167079102353,0.097437053670991
ergo_adaptive,240.25,0.10489127817631518,0.0974598618327154
ergo_adaptive,240.33333333333337,0.1044729535510193,0.09748599904154215
ergo_adaptive,240.41666666666663,0.10491120875977762,0.09749859463906581
ergo_adaptive,240.5,0.10600282212882618,0.09749794633635811
ergo_adaptive,240.58333333333337,0.10580120610805384,0.09749659932233855
ergo_adaptive,240.66666666666663,0.10614133522538695,0.09749758333798712
ergo_adaptive,240.75,0.10686044070642922,0.09748772076959851
ergo_adaptive,240.83333333333337,0.10599520949188207,0.0974647000241549
ergo_adaptive,240.91666666666663,0.10603594597412615,0.0974383678947871
ergo_adaptive,241.0,0.10797775754497416,0.09741860376836316
ergo_adaptive,241.08333333333337,0.10623954202302752,0.09741021975252954
ergo_adaptive,241.16666666666663,0.10456700615333969,0.0973911592661339
ergo_adaptive,241.25,0.10180954313953672,0.09735853754202001
ergo_adaptive,241.33333333333337,0.10352203896762395,0.09733516359589597
ergo_adaptive,241.41666666666663,0.10136318822081171,0.09732186914324921
ergo_adaptive,241.5,0.10075418647069163,0.0972902524158579
ergo_adaptive,241.58333333333337,0.10020028295583519,0.09723572351029224
ergo_adaptive,241.66666666666663,0.0980300289084544,0.09717592467340568
ergo_adaptive,241.75,0.09910230825643981,0.09710210501565238
ergo_adaptive,241.83333333333337,0.09931275917745777,0.09695301661837809
ergo_adaptive,241.91666666666663,0.097192512199551,0.0968267593079264
ergo_adaptive,242.0,0.09319764388734353,0.09682582395414499
ergo_adaptive,242.08333333333337,0.09502720650135395,0.09688807946839575
ergo_adaptive,242.16666666666663,0.09611303901170284,0.0969558127719383
ergo_adaptive,242.25,0.09616556177607034,0.09700803611430546
ergo_adaptive,242.33333333333337,0.09832097037364121,0.09704475243027667
ergo_adaptive,242.41666666666663,0.098268398815618,0.09707139871860819
ergo_adaptive,242.5,0.09955895086328691,0.09709328992236654
ergo_adaptive,242.58333333333337,0.10089403789184864,0.09711771654855302
ergo_adaptive,242.66666666666663,0.09946845669602271,0.09714342383220394
ergo_adaptive,242.75,0.09815816558076679,0.09715844418140039
ergo_adaptive,242.83333333333337,0.09908677586216334,0.09716026114864473
ergo_adaptive,242.91666666666663,0.10063882505241922,0.0971581133825568
ergo_adaptive,243.0,0.10025230890450075,0.09715433484170098
ergo_adaptive,243.08333333333337,0.09936637910301795,0.0971633973293742
ergo_adaptive,243.16666666666663,0.09829412954986841,0.09718876840043118
ergo_adaptive,243.25,0.09934203507941335,0.09720197109842951
ergo_adaptive,243.33333333333337,0.09777283518939753,0.09719502078187814
ergo_adaptive,243.41666666666663,0.09905346360994334,0.09717923484836981
ergo_adaptive,243.5,0.099907110215591,0.09716814350928359
ergo_adaptive,243.58333333333337,0.09830768479496386,0.09717745473526791
ergo_adaptive,243.66666666666663,0.09759601972580761,0.09718694299329789
ergo_adaptive,243.75,0.09950774216170585,0.0971601337113396
ergo_adaptive,243.83333333333337,0.1015944857589705,0.09710574154265786
ergo_adaptive,243.91666666666663,0.10284680617591146,0.09706114057076522
ergo_adaptive,244.0,0.09918708178278489,0.09704929483804467
ergo_adaptive,244.08333333333337,0.09884429636660044,0.09702360013906682
ergo_adaptive,244.16666666666663,0.09813307070327193,0.09697949745555338
ergo_adaptive,244.25,0.09979932626520531,0.09694041127740527
ergo_adaptive,244.33333333333337,0.10090130832190995,0.09692178716223955
ergo_adaptive,244.41666666666663,0.10254268503949932,0.09691864204446425
ergo_adaptive,244.5,0.1075432610049258,0.09691972804343622
ergo_adaptive,244.58333333333337,0.11220038928598951,0.09691999842783257
ergo_adaptive,244.66666666666663,0.11093163386506487,0.0969270785907236
ergo_adaptive,244.75,0.10645912429529795,0.09694874130898298
ergo_adaptive,244.83333333333337,0.1018018844795769,0.09697913466833405
ergo_adaptive,244.91666666666663,0.10089834940365584,0.0970195287614364
ergo_adaptive,245.0,0.09716117310856803,0.09708084587581593
ergo_adaptive,245.08333333333337,0.0957293277356742,0.09719189811816839
ergo_adaptive,245.16666666666663,0.09543588054202552,0.09732644139476737
ergo_adaptive,245.25,0.09621821366713776,0.09746215596265785
ergo_adaptive,245.33333333333337,0.09942424941267065,0.09758463742180691
ergo_adaptive,245.41666666666663,0.09931864999889337,0.09768248068061007
ergo_adaptive,245.5,0.09702226218839158,0.09775072905240396
ergo_adaptive,245.58333333333337,0.09626800548374657,0.0977944180267916
ergo_adaptive,245.66666666666663,0.09722808259934387,0.09782523773090951
ergo_adaptive,245.75,0.09636350784767402,0.09784178007923743
ergo_adaptive,245.83333333333337,0.09576146494160111,0.09783639608491575
ergo_adaptive,245.91666666666663,0.09805857743797866,0.09781551028482742
ergo_adaptive,246.0,0.09664840659651208,0.0978008632084953
ergo_adaptive,246.08333333333337,0.09841341988293367,0.09778769022214334
ergo_adaptive,246.16666666666663,0.09889297313725659,0.09775268268930855
ergo_adaptive,246.25,0.10024653198455476,0.09769576212032638
ergo_adaptive,246.33333333333337,0.09837808408946629,0.09764767696247378
ergo_adaptive,246.41666666666663,0.09868770849165301,0.09762409267291285
ergo_adaptive,246.5,0.09979745075453134,0.09759117404404963
ergo_adaptive,246.58333333333337,0.0986046867125717,0.09754135579570702
ergo_adaptive,246.66666666666663,0.09895551381098278,0.09749843055999578
ergo_adaptive,246.75,0.09941193923170083,0.09748736261629895
ergo_adaptive,246.83333333333337,0.10012684383722295,0.09747946752657939
ergo_adaptive,246.91666666666663,0.10025575929695611,0.09745593466368746
ergo_adaptive,247.0,0.09925750826373396,0.09743194771473586
ergo_adaptive,247.08333333333337,0.09931082911170272,0.0974317079864329
ergo_adaptive,247.16666666666663,0.09987705020362148,0.09744159976673424
ergo_adaptive,247.25,0.0984587927314828,0.0974382129896437
ergo_adaptive,247.33333333333337,0.0987920272394697,0.09750025661008818
ergo_adaptive,247.41666666666663,0.09901906885233015,0.09760908325012299
ergo_adaptive,247.5,0.09896601852083046,0.0977235242596012
ergo_adaptive,247.58333333333337,0.09961964281435472,0.09782312484448376
ergo_adaptive,247.66666666666663,0.10101764600485574,0.09790584546328517
ergo_adaptive,247.75,0.10080277002789188,0.09797736514165185
ergo_adaptive,247.83333333333337,0.09964266590684281,0.0980395399339058
ergo_adaptive,247.91666666666663,0.10135735419427323,0.09808795040234038
ergo_adaptive,248.0,0.10066796683893106,0.09812428506262409
ergo_adaptive,248.08333333333337,0.10067088483439002,0.09815421921973666
ergo_adaptive,248.16666666666663,0.10031284417614897,0.09818243248538526
ergo_adaptive,248.25,0.10022869412833074,0.09820622372130991
ergo_adaptive,248.33333333333337,0.10136387033541945,0.09822319299928244
ergo_adaptive,248.41666666666663,0.10336971683555801,0.09823880478416482
ergo_adaptive,248.5,0.10256350678616952,0.09825978251907144
ergo_adaptive,248.58333333333337,0.10456096133153431,0.09828461307979398
ergo_adaptive,248.66666666666663,0.10640909176769545,0.0983036984028685
ergo_adaptive,248.75,0.1045735515027221,0.09831737290481685
ergo_adaptive,248.83333333333337,0.10283421693329681,0.09833779503592226
ergo_adaptive,248.91666666666663,0.10390541232914163,0.09836990647819305
ergo_adaptive,249.0,0.10378838021399162,0.09840586485070023
ergo_adaptive,249.08333333333337,0.1009324581622153,0.09844360185829935
ergo_adaptive,249.16666666666663,0.10007613181680218,0.09849101151976863
ergo_adaptive,249.25,0.10236926649117545,0.09854895433238868
ergo_adaptive,249.33333333333337,0.10382412589112831,0.09860257872354508
ergo_adaptive,249.41666666666663,0.1033105354619316,0.09864563079799495
ergo_adaptive,249.5,0.10461155189634176,0.09868825817405827
ergo_adaptive,249.58333333333337,0.10539045716205964,0.09873792260852406
ergo_adaptive,249.66666666666663,0.10637232468786773,0.09879191763503811
ergo_adaptive,249.75,0.1119567473542029,0.09884710518205182
ergo_adaptive,249.83333333333337,0.11465258803974998,0.09890320880328701
ergo_adaptive,249.91666666666663,0.12137298099901198,0.09896625151784448
ergo_adaptive,250.0,0.10168607954593147,0.09903494848738993
ergo_adaptive,250.08333333333337,0.08000349128146483,0.0991631209631943
ergo_adaptive,250.16666666666663,0.07723191197060951,0.09931202540674974
ergo_adaptive,250.25,0.08252913560487371,0.09944625370987337
ergo_adaptive,250.33333333333337,0.08658810548947696,0.09954558129691744
ergo_adaptive,250.41666666666663,0.08932767577953728,0.0996045171064693
ergo_adaptive,250.5,0.09074732143260743,0.09963925473769933
ergo_adaptive,250.58333333333337,0.0916009835315314,0.09966064657011156
ergo_adaptive,250.66666666666663,0.08814383264082622,0.09964796725714498
ergo_adaptive,250.75,0.08851007681043219,0.09959952082203638
ergo_adaptive,250.83333333333337,0.09035846541135947,0.0995454090902036
ergo_adaptive,250.91666666666663,0.09005297527487835,0.09950864450069372
ergo_adaptive,251.0,0.09059725787975477,0.09945929182402377
ergo_adaptive,251.08333333333337,0.09061799530904245,0.09938263490541421
ergo_adaptive,251.16666666666663,0.08979737377299765,0.09929415337751991
ergo_adaptive,251.25,0.08837940112336198,0.09921630500652276
ergo_adaptive,251.33333333333337,0.09014580830668571,0.09914667821723186
ergo_adaptive,251.41666666666663,0.0915316760968195,0.0990721493340412
ergo_adaptive,251.5,0.08910274046909908,0.09898971841515795
ergo_adaptive,251.58333333333337,0.09222642711499808,0.09891188652274063
ergo_adaptive,251.66666666666663,0.08787232855533979,0.09885162459883404
ergo_adaptive,251.75,0.08718023974997835,0.0987992064296726
ergo_adaptive,251.83333333333337,0.08676714755085212,0.09872754115470235
ergo_adaptive,251.91666666666663,0.08742192121490044,0.09864784282378991
ergo_adaptive,252.0,0.08813095489047322,0.09859135181515578
ergo_adaptive,252.08333333333337,0.0893469907374095,0.09855267527345536
ergo_adaptive,252.16666666666663,0.08871800934135023,0.0984811613936705
ergo_adaptive,252.25,0.08797975080375395,0.09838421952398085
ergo_adaptive,252.33333333333337,0.08778550053291272,0.09830099152269815
ergo_adaptive,252.41666666666663,0.08760389547803962,0.09825470554223059
ergo_adaptive,252.5,0.08660136685887389,0.09819613662689351
ergo_adaptive,252.58333333333337,0.08796472149824004,0.09811905636754628
ergo_adaptive,252.66666666666663,0.08799734308019343,0.09804616145964347
ergo_adaptive,252.75,0.08802915415969129,0.09799903997859526
ergo_adaptive,252.83333333333337,0.08696334027198387,0.09795926895766327
ergo_adaptive,252.91666666666663,0.08521056161113813,0.09790805157110652
ergo_adaptive,253.0,0.08581987927943502,0.09785428284019274
ergo_adaptive,253.08333333333337,0.08564790427650995,0.09780500784264592
ergo_adaptive,253.16666666666663,0.08624167153865427,0.09775971024754099
ergo_adaptive,253.25,0.08566502095020723,0.09772227954911626
ergo_adaptive,253.33333333333337,0.08696732394808564,0.09768061708693739
ergo_adaptive,253.41666666666663,0.08718010308650302,0.0976381741980654
ergo_adaptive,253.5,0.08796169308544378,0.09764205628742824
ergo_adaptive,253.58333333333337,0.08828624757125161,0.09764745665088784
ergo_adaptive,253.66666666666663,0.08744203034659856,0.09763580932989764
ergo_adaptive,253.75,0.0859521370483478,0.09762694306359898
ergo_adaptive,253.83333333333337,0.08596254864226159,0.09761948897267698
ergo_adaptive,253.91666666666663,0.08781199548732514,0.0976155502843567
ergo_adaptive,254.0,0.0861540240194377,0.09765608625125592
ergo_adaptive,254.08333333333337,0.08722138906421853,0.09772014200218293
ergo_adaptive,254.16666666666663,0.08749464014620581,0.0978286464302954
ergo_adaptive,254.25,0.08608010102850354,0.09793895754566954
ergo_adaptive,254.33333333333337,0.08773936267772996,0.09802487712503379
ergo_adaptive,254.41666666666663,0.08747377099577841,0.09807809821372324
ergo_adaptive,254.5,0.08889208380805556,0.09810178283114139
ergo_adaptive,254.58333333333337,0.08910574690492401,0.09814163319070263
ergo_adaptive,254.66666666666663,0.08793878502920047,0.09820421923982355
ergo_adaptive,254.75,0.08800122562456048,0.09828062195111155
ergo_adaptive,254.83333333333337,0.08806919409898191,0.09836500376910265
ergo_adaptive,254.91666666666663,0.08733478244315186,0.0984532746961695
ergo_adaptive,255.0,0.08729692919480633,0.09854361238553687
ergo_adaptive,255.08333333333337,0.08609425510140437,0.09863377499785052
ergo_adaptive,255.16666666666663,0.08713456382366616,0.09872240845616337
ergo_adaptive,255.25,0.08796102048713333,0.09880908070621225
ergo_adaptive,255.33333333333337,0.08933510212770915,0.09889351744208223
ergo_adaptive,255.41666666666663,0.08742600662232641,0.0989754254145275
ergo_adaptive,255.5,0.08789662233180028,0.0990547536840748
ergo_adaptive,255.58333333333337,0.08838538070711059,0.09913188459608073
ergo_adaptive,255.66666666666663,0.08921904181129087,0.09920696431453807
ergo_adaptive,255.75,0.0890907442426683,0.09927991371826378
ergo_adaptive,255.83333333333337,0.0889188703287054,0.09935096345677283
ergo_adaptive,255.91666666666663,0.0890824663731522,0.09942056022658098
ergo_adaptive,256.0,0.08927731699173179,0.09948879097521356
ergo_adaptive,256.08333333333337,0.08936602180708593,0.0995556683315803
ergo_adaptive,256.16666666666663,0.0889909889103805,0.09962135568927336
ergo_adaptive,256.25,0.09020657321270745,0.09968607360668846
ergo_adaptive,256.33333333333337,0.08858848131214628,0.09974961847434359
ergo_adaptive,256.41666666666663,0.08737810736264355,0.09981235418259374
ergo_adaptive,256.5,0.08813391124534348,0.09987466406313907
ergo_adaptive,256.58333333333337,0.08846807746427512,0.09993628537995891
ergo_adaptive,256.66666666666663,0.08632383229997688,0.09999722177368679
ergo_adaptive,256.75,0.08833236407183144,0.10005761321228139
ergo_adaptive,256.83333333333337,0.08809287033702602,0.10011718282167369
ergo_adaptive,256.91666666666663,0.08995646570557195,0.1001758237471898
ergo_adaptive,257.0,0.08903479502015214,0.10023310827271122
ergo_adaptive,257.08333333333337,0.09138161807741242,0.10028956699237214
ergo_adaptive,257.16666666666663,0.09250195482095361,0.10034451478068213
ergo_adaptive,257.25,0.09164810815341856,0.10039589736952119
ergo_adaptive,257.33333333333337,0.09298616742082934,0.10044494858052677
ergo_adaptive,257.41666666666663,0.09582228767132309,0.10049975642915802
ergo_adaptive,257.5,0.09480293224010786,0.10055630076611352
ergo_adaptive,257.58333333333337,0.09528535769100496,0.10061215561375055
ergo_adaptive,257.66666666666663,0.09343713893196595,0.10066787667004412
ergo_adaptive,257.75,0.09202606622127883,0.10072360462012639
ergo_adaptive,257.83333333333337,0.09257870108836369,0.10077909137874785
ergo_adaptive,257.91666666666663,0.09279879654522806,0.10083425728139925
ergo_adaptive,258.0,0.09216105112758721,0.10088907237601656
ergo_adaptive,258.08333333333337,0.09286152325694139,0.10094348223385685
ergo_adaptive,258.16666666666663,0.0930851205519488,0.10099748486517518
ergo_adaptive,258.25,0.09386769322584015,0.10105117511308173
ergo_adaptive,258.33333333333337,0.09139431845754267,0.10110460199499159
ergo_adaptive,258.41666666666663,0.09056753982429906,0.10115746394563194
ergo_adaptive,258.5,0.09046412901241203,0.1012096965535525
ergo_adaptive,258.58333333333337,0.09001513497757077,0.10126128327692588
ergo_adaptive,258.66666666666663,0.09256306858903507,0.10131230224966548
ergo_adaptive,258.75,0.09100528713736333,0.10136342546609739
ergo_adaptive,258.83333333333337,0.09291961055085564,0.1014142546317522
ergo_adaptive,258.91666666666663,0.09191593425894318,0.10146504177466244
ergo_adaptive,259.0,0.0905298217009355,0.10151556085540632
ergo_adaptive,259.08333333333337,0.08942106140485453,0.1015653367234456
ergo_adaptive,259.16666666666663,0.09028166614700023,0.10161419321425172
ergo_adaptive,259.25,0.08901100841289837,0.10166251121229176
ergo_adaptive,259.33333333333337,0.08986008055660914,0.10170835008403822
ergo_adaptive,259.41666666666663,0.09123196172024542,0.1017532226611695
ergo_adaptive,259.5,0.09071282003939263,0.1017996559910237
ergo_adaptive,259.58333333333337,0.09236305681488662,0.10184620092766077
ergo_adaptive,259.66666666666663,0.09499585156931467,0.10189362591737483
ergo_adaptive,259.75,0.09586900244590062,0.10194275024563415
ergo_adaptive,259.83333333333337,0.09323600163896316,0.10199267710417427
ergo_adaptive,259.91666666666663,0.09226792001558923,0.10204199464098011
ergo_adaptive,260.0,0.09319910395441158,0.10208970353862182
ergo_adaptive,260.08333333333337,0.0934295110033427,0.10213686894294412
ergo_adaptive,260.16666666666663,0.09243356687184348,0.10218428234993783
ergo_adaptive,260.25,0.09328803801587786,0.10223127094142116
ergo_adaptive,260.33333333333337,0.09144563556398326,0.10227829973238793
ergo_adaptive,260.41666666666663,0.09281728576914883,0.10232430268635143
ergo_adaptive,260.5,0.09285508019931359,0.10237054491242617
ergo_adaptive,260.58333333333337,0.09147887731033168,0.10241702089804133
ergo_adaptive,260.66666666666663,0.0922318727222876,0.10246334667330866
ergo_adaptive,260.75,0.09138252896924358,0.10250990420671051
ergo_adaptive,260.83333333333337,0.09112508029022731,0.10255665106799479
ergo_adaptive,260.91666666666663,0.09192459738965467,0.10260320378292076
ergo_adaptive,261.0,0.09278106379347811,0.10264937440877028
ergo_adaptive,261.08333333333337,0.09334114885953781,0.1026953523067186
ergo_adaptive,261.16666666666663,0.09311116289468346,0.10274115246783452
ergo_adaptive,261.25,0.09431156516654063,0.10278660495545318
ergo_adaptive,261.33333333333337,0.09490553368501296,0.10283197399094376
ergo_adaptive,261.41666666666663,0.0953780764403283,0.1028773925142537
ergo_adaptive,261.5,0.09570400556072238,0.10292277018324224
ergo_adaptive,261.58333333333337,0.09341957823971653,0.10296810408343202
ergo_adaptive,261.66666666666663,0.09341942126048146,0.10301260611365842
ergo_adaptive,261.75,0.09398129039296668,0.10305584317331415
ergo_adaptive,261.83333333333337,0.09441289303534812,0.10309837351386539
ergo_adaptive,261.91666666666663,0.09562912689452467,0.10314094130163128
ergo_adaptive,262.0,0.0956200756972234,0.10318360400264401
ergo_adaptive,262.08333333333337,0.09690278034030146,0.10322629580980944
ergo_adaptive,262.16666666666663,0.09726871573171933,0.10326960593374185
ergo_adaptive,262.25,0.09740291570018678,0.10331311581267423
ergo_adaptive,262.33333333333337,0.09831266307664523,0.10335633269827604
ergo_adaptive,262.41666666666663,0.09758249199314291,0.10339940331039439
ergo_adaptive,262.5,0.09795823497832273,0.1034421512446824
ergo_adaptive,262.58333333333337,0.09574287064924379,0.10348454502283982
ergo_adaptive,262.66666666666663,0.09913677090225677,0.10352579904724948
ergo_adaptive,262.75,0.09862316059447034,0.10356790603494208
ergo_adaptive,262.83333333333337,0.09719883933839511,0.10361013631632747
ergo_adaptive,262.91666666666663,0.09777522766197996,0.10365176209642751
ergo_adaptive,263.0,0.09910432352764131,0.10369295466085655
ergo_adaptive,263.08333333333337,0.09910701148785238,0.1037342973634657
ergo_adaptive,263.16666666666663,0.09739237129743392,0.1037753970303898
ergo_adaptive,263.25,0.09520592877190195,0.10381590342442923
ergo_adaptive,263.33333333333337,0.09448339186916324,0.10385501831546225
ergo_adaptive,263.41666666666663,0.09442507754114535,0.10389227969235373
ergo_adaptive,263.5,0.09647540080498575,0.10392850137332033
ergo_adaptive,263.58333333333337,0.09529378351035464,0.10396513034842941
ergo_adaptive,263.66666666666663,0.0940821410395209,0.10400035829507247
ergo_adaptive,263.75,0.09453824663573197,0.10402697356432732
ergo_adaptive,263.83333333333337,0.09416006258087233,0.10406534584646711
ergo_adaptive,263.91666666666663,0.09374279581287591,0.10410868899736833
ergo_adaptive,264.0,0.09440228149011619,0.10415231948153819
ergo_adaptive,264.08333333333337,0.09541954587563241,0.10419516512514129
ergo_adaptive,264.16666666666663,0.0977165419340184,0.10423707390887547
ergo_adaptive,264.25,0.09903439415522054,0.10427653546092594
ergo_adaptive,264.33333333333337,0.09804318492047105,0.10431223786756591
ergo_adaptive,264.41666666666663,0.09854272499706374,0.10434727133824868
ergo_adaptive,264.5,0.09541089299863077,0.10438140886629171
ergo_adaptive,264.58333333333337,0.0949849450111874,0.10441993023618922
ergo_adaptive,264.66666666666663,0.09598059496595114,0.1044604749768791
ergo_adaptive,264.75,0.09740725213377929,0.10450090629667051
ergo_adaptive,264.83333333333337,0.09684151542129532,0.10454067433804498
ergo_adaptive,264.91666666666663,0.0972409073609446,0.10458000885765134
ergo_adaptive,265.0,0.096127927816572,0.10461882963686792
ergo_adaptive,265.08333333333337,0.09469975073921845,0.10465791702687144
ergo_adaptive,265.16666666666663,0.09552869983526671,0.10465167232848327
ergo_adaptive,265.25,0.09917572635179951,0.10460411638127814
ergo_adaptive,265.33333333333337,0.1000762489599806,0.10451623751974702
ergo_adaptive,265.41666666666663,0.09914437601423583,0.10437007318253604
ergo_adaptive,265.5,0.10013111438730406,0.10417183756693496
ergo_adaptive,265.58333333333337,0.09712942704736238,0.10396360836680472
ergo_adaptive,265.66666666666663,0.09596671011037587,0.10378986024584606
ergo_adaptive,265.75,0.09936106918128818,0.1036267804843958
ergo_adaptive,265.83333333333337,0.09649233072161059,0.10343673917486143
ergo_adaptive,265.91666666666663,0.09260506125311634,0.10324084847725529
ergo_adaptive,266.0,0.0982924826240094,0.10307972542593946
ergo_adaptive,266.08333333333337,0.09832655670603732,0.10294471516776502
ergo_adaptive,266.16666666666663,0.09401591850328589,0.102782754594674
ergo_adaptive,266.25,0.09252874940411412,0.10260518018849733
ergo_adaptive,266.33333333333337,0.09583853431988966,0.10245503851211565
ergo_adaptive,266.41666666666663,0.09435545088883691,0.10234551823601333
ergo_adaptive,266.5,0.09340732043704285,0.10222419477892768
ergo_adaptive,266.58333333333337,0.09571343935159071,0.10208399807273313
ergo_adaptive,266.66666666666663,0.09771737434532599,0.10195387063052935
ergo_adaptive,266.75,0.0983637181753038,0.10186130497518832
ergo_adaptive,266.83333333333337,0.09896928251925409,0.10177365996177354
ergo_adaptive,266.91666666666663,0.10142382653753088,0.10165656120601926
ergo_adaptive,267.0,0.10313349657052101,0.10153096072063261
ergo_adaptive,267.08333333333337,0.09801082555569549,0.10143845569460472
ergo_adaptive,267.16666666666663,0.10021434194743307,0.10138011657420457
ergo_adaptive,267.25,0.09714339410581065,0.10128808617378392
ergo_adaptive,267.33333333333337,0.09881539657967629,0.10118934682389492
ergo_adaptive,267.41666666666663,0.09817730941119329,0.10111773337277426
ergo_adaptive,267.5,0.09862161575150333,0.10109365998389988
ergo_adaptive,267.58333333333337,0.09898818142546448,0.10107286172136722
ergo_adaptive,267.66666666666663,0.0963914790284326,0.1010454551355753
ergo_adaptive,267.75,0.0933688659315375,0.10105142757503287
ergo_adaptive,267.83333333333337,0.09512428820001127,0.10112268927238564
ergo_adaptive,267.91666666666663,0.09648036555940476,0.10120721523951272
ergo_adaptive,268.0,0.09874788829466681,0.10128411006731514
ergo_adaptive,268.08333333333337,0.10051085220984286,0.10135960014809788
ergo_adaptive,268.16666666666663,0.10262773207157813,0.10143891655967724
ergo_adaptive,268.25,0.10666042734005884,0.10152615766471464
ergo_adaptive,268.33333333333337,0.09269663007268045,0.10161827857503
ergo_adaptive,268.41666666666663,0.08702700734753185,0.1017464352180789
ergo_adaptive,268.5,0.08890889809182097,0.10188449371792814
ergo_adaptive,268.58333333333337,0.08933257282902977,0.10201203397119535
ergo_adaptive,268.66666666666663,0.09046707378627898,0.10212075697694792
ergo_adaptive,268.75,0.09035128574150862,0.10221139849398198
ergo_adaptive,268.83333333333337,0.0896096842211776,0.10228545944012331
ergo_adaptive,268.91666666666663,0.08851831357791519,0.10233965448260016
ergo_adaptive,269.0,0.08879774322532777,0.10237387588393304
ergo_adaptive,269.08333333333337,0.08809853265208778,0.1023963040032893
ergo_adaptive,269.16666666666663,0.08875493353052999,0.1024124387778676
ergo_adaptive,269.25,0.08867424201445048,0.1024142323274731
ergo_adaptive,269.33333333333337,0.08887025628441338,0.10239519480430682
ergo_adaptive,269.41666666666663,0.08973780269364431,0.10235714287720041
ergo_adaptive,269.5,0.09051125866836537,0.10231266363046744
ergo_adaptive,269.58333333333337,0.08830071180436402,0.10225959159133322
ergo_adaptive,269.66666666666663,0.08877413980888586,0.10218862196143388
ergo_adaptive,269.75,0.09015542595205323,0.1021024392410697
ergo_adaptive,269.83333333333337,0.0891726697725109,0.10201719666290848
ergo_adaptive,269.91666666666663,0.08919109972962198,0.10194518978577136
ergo_adaptive,270.0,0.08594609459199026,0.1018691388794556
ergo_adaptive,270.08333333333337,0.08774406068091095,0.10179637690949961
ergo_adaptive,270.16666666666663,0.08828134864616885,0.10172408873143923
ergo_adaptive,270.25,0.09043775328457271,0.1016647621811844
ergo_adaptive,270.33333333333337,0.09170784775666845,0.10160320913095931
ergo_adaptive,270.41666666666663,0.09184333538209309,0.10152945390978031
ergo_adaptive,270.5,0.09200664539793148,0.10145603360933016
ergo_adaptive,270.58333333333337,0.09130001398763536,0.10140304513060079
ergo_adaptive,270.66666666666663,0.09127113111859406,0.10143019251719193
ergo_adaptive,270.75,0.09316678527718923,0.10149914890354725
ergo_adaptive,270.83333333333337,0.09456448876374036,0.10157975298160467
ergo_adaptive,270.91666666666663,0.09565046988480609,0.10166352813386285
ergo_adaptive,271.0,0.09602328645645351,0.10174439364795823
ergo_adaptive,271.08333333333337,0.0944837067694771,0.10181414122404085
ergo_adaptive,271.16666666666663,0.09369052973668097,0.10188900558247543
ergo_adaptive,271.25,0.09441988387949864,0.10196662735992218
ergo_adaptive,271.33333333333337,0.09406557813558407,0.10203233889656867
ergo_adaptive,271.41666666666663,0.09496332700517568,0.1021027583934346
ergo_adaptive,271.5,0.09427065789619561,0.1021796045209195
ergo_adaptive,271.58333333333337,0.09582903835088294,0.1022474870332273
ergo_adaptive,271.66666666666663,0.0952652135951824,0.10230390836637786
ergo_adaptive,271.75,0.09608791981206602,0.10233938174263353
ergo_adaptive,271.83333333333337,0.09592422115523622,0.10236623704448175
ergo_adaptive,271.91666666666663,0.09625516580831628,0.10239362414832216
ergo_adaptive,272.0,0.09531921701905013,0.10242004747586646
ergo_adaptive,272.08333333333337,0.09379593920297737,0.10244193068978476
ergo_adaptive,272.16666666666663,0.0932818428334949,0.10248908167388496
ergo_adaptive,272.25,0.09371357660488668,0.102551895493116
ergo_adaptive,272.33333333333337,0.09474370522886778,0.10261403527939443
ergo_adaptive,272.41666666666663,0.0958063076964836,0.1026642496802333
ergo_adaptive,272.5,0.09426145217863341,0.10269407927948178
ergo_adaptive,272.58333333333337,0.0955889830803758,0.10270213517439793
ergo_adaptive,272.66666666666663,0.09491114605353869,0.10269319432166382
ergo_adaptive,272.75,0.09846185301807839,0.1026640072371125
ergo_adaptive,272.83333333333337,0.09854522792376208,0.1026045242413474
ergo_adaptive,272.91666666666663,0.0980807424992656,0.10252603613366504
ergo_adaptive,273.0,0.09814511389632685,0.10245488667062283
ergo_adaptive,273.08333333333337,0.09539330633118608,0.10237936148902838
ergo_adaptive,273.16666666666663,0.09539903135064132,0.10238631989280084
ergo_adaptive,273.25,0.09334556508545397,0.10244810023847227
ergo_adaptive,273.33333333333337,0.09258051818223002,0.10252144204107572
ergo_adaptive,273.41666666666663,0.09560212612608032,0.10259187978537351
ergo_adaptive,273.5,0.0933970054992648,0.10265744454512793
ergo_adaptive,273.58333333333337,0.09008297700995813,0.10271799906280293
ergo_adaptive,273.66666666666663,0.09066687737357973,0.10276550953756973
ergo_adaptive,273.75,0.09315697017097373,0.10280473941227017
ergo_adaptive,273.83333333333337,0.09273116364268821,0.1028362209218782
ergo_adaptive,273.91666666666663,0.09336332860573904,0.10286427272659562
ergo_adaptive,274.0,0.09431258245641896,0.10288378543728464
ergo_adaptive,274.08333333333337,0.09284914855867586,0.10289128494127979
ergo_adaptive,274.16666666666663,0.09149453137347904,0.10289517274586155
ergo_adaptive,274.25,0.08928374365619018,0.10290563936456922
ergo_adaptive,274.33333333333337,0.08891353595539624,0.10295175652494591
ergo_adaptive,274.41666666666663,0.08979333205392026,0.10301266869096434
ergo_adaptive,274.5,0.09041463620412213,0.10307025902444955
ergo_adaptive,274.58333333333337,0.09041806291707255,0.1031196599917064
ergo_adaptive,274.66666666666663,0.09107310872612956,0.10315778816390184
ergo_adaptive,274.75,0.09281860404572584,0.10318031760726297
ergo_adaptive,274.83333333333337,0.09416600454594742,0.1031860955688053
ergo_adaptive,274.91666666666663,0.09535750860219931,0.10317969675958967
ergo_adaptive,275.0,0.09699056801513778,0.10316867029730817
ergo_adaptive,275.08333333333337,0.09886975278174122,0.10314321682449253
ergo_adaptive,275.16666666666663,0.09942307614836499,0.10309300408747667
ergo_adaptive,275.25,0.09708024604974627,0.10302861884020668
ergo_adaptive,275.33333333333337,0.09582029489114631,0.10297946792805282
ergo_adaptive,275.41666666666663,0.09487690498968553,0.10290799958298845
ergo_adaptive,275.5,0.09437151512901057,0.10280642971129601
ergo_adaptive,275.58333333333337,0.09323832520817035,0.10276926471552789
ergo_adaptive,275.66666666666663,0.09428099282066199,0.10281841738572063
ergo_adaptive,275.75,0.09344692719170133,0.10289869402817285
ergo_adaptive,275.83333333333337,0.0935625635823939,0.10298076909456849
ergo_adaptive,275.91666666666663,0.09352723039313104,0.10305311609118559
ergo_adaptive,276.0,0.0933890661827133,0.10311501763793698
ergo_adaptive,276.08333333333337,0.09334636709540807,0.10316993095838017
ergo_adaptive,276.16666666666663,0.09514153172858286,0.10321832178526456
ergo_adaptive,276.25,0.09700558467801289,0.10325666950008135
ergo_adaptive,276.33333333333337,0.09971673323574036,0.1032830733862108
ergo_adaptive,276.41666666666663,0.09861179479629904,0.10329836275361536
ergo_adaptive,276.5,0.09873470982221487,0.10330188748328285
ergo_adaptive,276.58333333333337,0.09969385177309913,0.1032868253009822
ergo_adaptive,276.66666666666663,0.10356004218458252,0.10325231573606221
ergo_adaptive,276.75,0.10048401124105169,0.10320616924645515
ergo_adaptive,276.83333333333337,0.09686660061004054,0.10317290582875956
ergo_adaptive,276.91666666666663,0.09513843449289344,0.10314078231374495
ergo_adaptive,277.0,0.09607543059383783,0.10310790386170518
ergo_adaptive,277.08333333333337,0.09515379791304573,0.10308836262172548
ergo_adaptive,277.16666666666663,0.09853762566004853,0.10310349347164056
ergo_adaptive,277.25,0.0990652930037974,0.10312777363650984
ergo_adaptive,277.33333333333337,0.09354282439216335,0.10313467807947703
ergo_adaptive,277.41666666666663,0.09266183036495781,0.1031598012588787
ergo_adaptive,277.5,0.09370846357955384,0.10321281668036522
ergo_adaptive,277.58333333333337,0.09653990414062079,0.10327712940379467
ergo_adaptive,277.66666666666663,0.09826914545551982,0.10334755568560783
ergo_adaptive,277.75,0.10100836687336995,0.10341617333727354
ergo_adaptive,277.83333333333337,0.10322355032466024,0.10347913595531896
ergo_adaptive,277.91666666666663,0.10718067273228413,0.10353937202296455
ergo_adaptive,278.0,0.08907346445747631,0.10359587975639545
ergo_adaptive,278.08333333333337,0.08115107007871902,0.10370190377966339
ergo_adaptive,278.16666666666663,0.085019677858951,0.10382104246410698
ergo_adaptive,278.25,0.08614362767970485,0.10392926551247475
ergo_adaptive,278.33333333333337,0.08868138992993778,0.10401880192800447
ergo_adaptive,278.41666666666663,0.0892919928946812,0.10409113014054759
ergo_adaptive,278.5,0.08786434572502393,0.10414605969190885
ergo_adaptive,278.58333333333337,0.0882696469465509,0.10418022069655246
ergo_adaptive,278.66666666666663,0.08676492152629954,0.1041936609308819
ergo_adaptive,278.75,0.08635806469089075,0.1041947205967479
ergo_adaptive,278.83333333333337,0.08724038191493609,0.10418610393110692
ergo_adaptive,278.91666666666663,0.08835640497811457,0.10416213895603706
ergo_adaptive,279.0,0.08876792298226509,0.10411552552456409
ergo_adaptive,279.08333333333337,0.0867320276928363,0.1040524739778037
ergo_adaptive,279.16666666666663,0.0865935989706837,0.10398946405846628
ergo_adaptive,279.25,0.08644298173595846,0.10392207048487981
ergo_adaptive,279.33333333333337,0.08874896589642729,0.10384007850762918
ergo_adaptive,279.41666666666663,0.08701066043039112,0.10374646432125822
ergo_adaptive,279.5,0.08413157164355702,0.10366715351031798
ergo_adaptive,279.58333333333337,0.08536432165080883,0.10360866120760308
ergo_adaptive,279.66666666666663,0.08398559446462768,0.10354497734782049
ergo_adaptive,279.75,0.08405094947626242,0.10347232728926561
ergo_adaptive,279.83333333333337,0.08341785652823946,0.10341188050357107
ergo_adaptive,279.91666666666663,0.0845811318849283,0.10337302682236996
ergo_adaptive,280.0,0.08469424435961488,0.1033295321106184
ergo_adaptive,280.08333333333337,0.08393590993386045,0.1032698670853305
ergo_adaptive,280.16666666666663,0.08414347214908223,0.103215888987551
ergo_adaptive,280.25,0.08192684942289621,0.10317088071590458
ergo_adaptive,280.33333333333337,0.08402836790443792,0.10315840332081215
ergo_adaptive,280.41666666666663,0.08329887315534268,0.10315102721280564
ergo_adaptive,280.5,0.08630807722305185,0.10308575579056925
ergo_adaptive,280.58333333333337,0.08632819044967549,0.10296449191095058
ergo_adaptive,280.66666666666663,0.08627932366316894,0.10282328163427698
ergo_adaptive,280.75,0.08492195170194392,0.10271501676657178
ergo_adaptive,280.83333333333337,0.08413661369614409,0.10271478687292805
ergo_adaptive,280.91666666666663,0.08360794587736944,0.1027758841384447
ergo_adaptive,281.0,0.08421801795654106,0.10284997609627088
ergo_adaptive,281.08333333333337,0.08467804783019765,0.10292231138350039
ergo_adaptive,281.16666666666663,0.08435631869116131,0.10298998838447464
ergo_adaptive,281.25,0.08425859351154318,0.10304924018358044
ergo_adaptive,281.33333333333337,0.0857879809325807,0.10309678600270011
ergo_adaptive,281.41666666666663,0.08373151659397174,0.10313391147503126
ergo_adaptive,281.5,0.08314817397335639,0.10316551461580743
ergo_adaptive,281.58333333333337,0.08383887055974687,0.10319515973817718
ergo_adaptive,281.66666666666663,0.08397975524002911,0.10321957511576925
ergo_adaptive,281.75,0.08128741882400645,0.10323785230273415
ergo_adaptive,281.83333333333337,0.08068808253149247,0.1032537035676994
ergo_adaptive,281.91666666666663,0.08317988145434951,0.10327423837335196
ergo_adaptive,282.0,0.0849736036219789,0.10329518729165768
ergo_adaptive,282.08333333333337,0.08655461866200925,0.10331252704084498
ergo_adaptive,282.16666666666663,0.08847755552566047,0.10332965183835921
ergo_adaptive,282.25,0.08629158806669754,0.10335176439669243
ergo_adaptive,282.33333333333337,0.08569228877597515,0.10337996405986444
ergo_adaptive,282.41666666666663,0.08662944939829317,0.10341058117868397
ergo_adaptive,282.5,0.08678487329649727,0.10344247873576339
ergo_adaptive,282.58333333333337,0.08760213997800506,0.10348157032197278
ergo_adaptive,282.66666666666663,0.08702965901999055,0.10352707494368814
ergo_adaptive,282.75,0.08792530624448439,0.10357438949660067
ergo_adaptive,282.83333333333337,0.089281356746498,0.10362099482126907
ergo_adaptive,282.91666666666663,0.08902369921360456,0.10367069374225729
ergo_adaptive,283.0,0.08912049531454408,0.10372905018000556
ergo_adaptive,283.08333333333337,0.09021482055051483,0.10379404235021739
ergo_adaptive,283.16666666666663,0.09098408587161946,0.10385874959718347
ergo_adaptive,283.25,0.09583311682732255,0.10392535563409538
ergo_adaptive,283.33333333333337,0.10001968927543992,0.10399290062425912
ergo_adaptive,283.41666666666663,0.06913124775362488,0.10405484682880112
ergo_adaptive,283.5,0.0668869209655156,0.10414179895109964
ergo_adaptive,283.58333333333337,0.07117427549419182,0.10423130129269566
ergo_adaptive,283.66666666666663,0.07531157403383838,0.10430553540950166
ergo_adaptive,283.75,0.07703618702763741,0.10435845990656493
ergo_adaptive,283.83333333333337,0.07491872368411956,0.10439306164357604
ergo_adaptive,283.91666666666663,0.07538383411021268,0.104415309678028
ergo_adaptive,284.0,0.07652387589557003,0.10442182046557849
ergo_adaptive,284.08333333333337,0.07612969312207767,0.1044070687487151
ergo_adaptive,284.16666666666663,0.07568043090719895,0.10438167970979323
ergo_adaptive,284.25,0.0771225525034858,0.10435902657419757
ergo_adaptive,284.33333333333337,0.07704996727594819,0.10432630726027621
ergo_adaptive,284.41666666666663,0.0792970936241641,0.104267116226961
ergo_adaptive,284.5,0.07815756262572714,0.10419211436789734
ergo_adaptive,284.58333333333337,0.0794808200955292,0.1041323147704995
ergo_adaptive,284.66666666666663,0.0794128301936103,0.1040781780777646
ergo_adaptive,284.75,0.0781909695051888,0.10398964990359964
ergo_adaptive,284.83333333333337,0.08030390848195615,0.10387770170582453
ergo_adaptive,284.91666666666663,0.07866799569417543,0.10377266874432448
ergo_adaptive,285.0,0.0808815447051025,0.10368319876940148
ergo_adaptive,285.08333333333337,0.08054830600214705,0.10358206352095242
ergo_adaptive,285.16666666666663,0.07911256271887036,0.10346120841268265
ergo_adaptive,285.25,0.07530357773361478,0.1033406426632528
ergo_adaptive,285.33333333333337,0.07865155749742593,0.10324883247746616
ergo_adaptive,285.41666666666663,0.07515511464075168,0.10316539820450106
ergo_adaptive,285.5,0.07612166868595378,0.1030888070141754
ergo_adaptive,285.58333333333337,0.0767379361410605,0.10301490317340634
ergo_adaptive,285.66666666666663,0.07760806305097635,0.1029509249633891
ergo_adaptive,285.75,0.07963520449462642,0.10288993433266666
ergo_adaptive,285.83333333333337,0.0789924605839542,0.1028039006588614
ergo_adaptive,285.91666666666663,0.08019035041677257,0.10269432469225012
ergo_adaptive,286.0,0.08119330820778409,0.10257398197022746
ergo_adaptive,286.08333333333337,0.07978400150414072,0.1024467946384759
ergo_adaptive,286.16666666666663,0.08097411007315876,0.10230840946871697
ergo_adaptive,286.25,0.07865882410978361,0.10214792334664383
ergo_adaptive,286.33333333333337,0.0793778888026126,0.10201898026682525
ergo_adaptive,286.41666666666663,0.07968134863934535,0.1019267035278787
ergo_adaptive,286.5,0.07997516744050472,0.10184459869733213
ergo_adaptive,286.58333333333337,0.08039714386559815,0.10171327365932858
ergo_adaptive,286.66666666666663,0.08007067476794809,0.10154409269748764
ergo_adaptive,286.75,0.08163944003790045,0.10135938401558954
ergo_adaptive,286.83333333333337,0.08185427457911691,0.1011688278457035
ergo_adaptive,286.91666666666663,0.08234220109471707,0.10099328843325142
ergo_adaptive,287.0,0.08316548072014683,0.10080668123562612
ergo_adaptive,287.08333333333337,0.08184471888874352,0.10053612896927393
ergo_adaptive,287.16666666666663,0.07982303688600279,0.100222559196917
ergo_adaptive,287.25,0.08213097877551057,0.09994649370353806
ergo_adaptive,287.33333333333337,0.08540192517913091,0.09970033860561596
ergo_adaptive,287.41666666666663,0.08618573130931151,0.09939639522654387
ergo_adaptive,287.5,0.0871147930848236,0.09903113614428706
ergo_adaptive,287.58333333333337,0.08461784081978406,0.09867957629317249
ergo_adaptive,287.66666666666663,0.08732657686482112,0.098391239637747
ergo_adaptive,287.75,0.08948995454986307,0.09805944775310946
ergo_adaptive,287.83333333333337,0.09105186142329046,0.09763598187328228
ergo_adaptive,287.91666666666663,0.08897183501993895,0.09720251168750157
ergo_adaptive,288.0,0.08668766210976453,0.09683798426114656
ergo_adaptive,288.08333333333337,0.08409546065705739,0.09648338806809104
ergo_adaptive,288.16666666666663,0.08073474938729959,0.09623403280366116
ergo_adaptive,288.25,0.08260100356645496,0.09614637147511
ergo_adaptive,288.33333333333337,0.08255681529398544,0.09616378706255457
ergo_adaptive,288.41666666666663,0.08325119802392464,0.09622316776322049
ergo_adaptive,288.5,0.0828134353009287,0.09630265081441028
ergo_adaptive,288.58333333333337,0.08442362271768976,0.09641097998521855
ergo_adaptive,288.66666666666663,0.08430600393954052,0.09653462210535514
ergo_adaptive,288.75,0.08400766900495303,0.09663029905121331
ergo_adaptive,288.83333333333337,0.08251612044417975,0.09670083697782614
ergo_adaptive,288.91666666666663,0.08309214342444471,0.09676092714184324
ergo_adaptive,289.0,0.08315577509437869,0.09681702794829848
ergo_adaptive,289.08333333333337,0.08323982499689658,0.09688800053513884
ergo_adaptive,289.16666666666663,0.08446408748920042,0.09697051114221675
ergo_adaptive,289.25,0.0847397481432509,0.09705909944379833
ergo_adaptive,289.33333333333337,0.08355424752755716,0.09714230163029479
ergo_adaptive,289.41666666666663,0.08229864128654503,0.09720833635812082
ergo_adaptive,289.5,0.08331793708391286,0.09728868314083511
ergo_adaptive,289.58333333333337,0.08505016107104953,0.09738986363910627
ergo_adaptive,289.66666666666663,0.08552971684687745,0.09748701473953464
ergo_adaptive,289.75,0.08493885127272581,0.09757215653948145
ergo_adaptive,289.83333333333337,0.08605198939168168,0.09765409051184223
ergo_adaptive,289.91666666666663,0.08666454416645905,0.09770726501843795
ergo_adaptive,290.0,0.08518151489970226,0.09774240942155016
ergo_adaptive,290.08333333333337,0.08744841229267791,0.0978177516965795
ergo_adaptive,290.16666666666663,0.08674554250317457,0.09789982588605228
ergo_adaptive,290.25,0.08671304341472655,0.09796819262457733
ergo_adaptive,290.33333333333337,0.08621760619161617,0.09801932956328008
ergo_adaptive,290.41666666666663,0.08630482392819311,0.09809125604186293
ergo_adaptive,290.5,0.087065776729109,0.09815892149291867
ergo_adaptive,290.58333333333337,0.08687695063050681,0.09819687771664287
ergo_adaptive,290.66666666666663,0.085806631452666,0.09823681257225692
ergo_adaptive,290.75,0.08687120212651799,0.09829991391035488
ergo_adaptive,290.83333333333337,0.08544863943663529,0.09835053324248091
ergo_adaptive,290.91666666666663,0.08535686098699329,0.09841111903673125
ergo_adaptive,291.0,0.08484552696828837,0.09847503485176352
ergo_adaptive,291.08333333333337,0.08785330786504411,0.09851192827925172
ergo_adaptive,291.16666666666663,0.0868289379665806,0.09851756869042579
ergo_adaptive,291.25,0.08635874624934918,0.09851277527531953
ergo_adaptive,291.33333333333337,0.08818386958753152,0.09851467517978335
ergo_adaptive,291.41666666666663,0.0888499136121281,0.09849194622066887
ergo_adaptive,291.5,0.08858399556060481,0.09844224199894278
ergo_adaptive,291.58333333333337,0.08900588080979178,0.09838728616500614
ergo_adaptive,291.66666666666663,0.08701276282181919,0.09835258748291678
ergo_adaptive,291.75,0.08635830443007256,0.09836222032595705
ergo_adaptive,291.83333333333337,0.08660168968855855,0.09839999553952451
ergo_adaptive,291.91666666666663,0.08691654414009022,0.09845542453161925
ergo_adaptive,292.0,0.08584847911344749,0.09851909150533192
ergo_adaptive,292.08333333333337,0.08564962287910696,0.09857347569883305
ergo_adaptive,292.16666666666663,0.0847057575165839,0.09860983727577158
ergo_adaptive,292.25,0.08471825569145497,0.09863412845916951
ergo_adaptive,292.33333333333337,0.08547104188402674,0.09864416727230346
ergo_adaptive,292.41666666666663,0.08492912262964264,0.09862111502801561
ergo_adaptive,292.5,0.08526185249358804,0.09861354570844066
ergo_adaptive,292.58333333333337,0.0858349215354738,0.0986502459865065
ergo_adaptive,292.66666666666663,0.08546056619213685,0.09870363017102518
ergo_adaptive,292.75,0.08458602297362294,0.09873972985820888
ergo_adaptive,292.83333333333337,0.08547162599528887,0.09873771172129164
ergo_adaptive,292.91666666666663,0.08678591291061732,0.09869302908451323
ergo_adaptive,293.0,0.08832317496667245,0.09861752451973743
ergo_adaptive,293.08333333333337,0.0859699616712794,0.09853789831636107
ergo_adaptive,293.16666666666663,0.08553887648151219,0.09848360351970128
ergo_adaptive,293.25,0.08595889930211686,0.09843127462783374
ergo_adaptive,293.33333333333337,0.08244074087958612,0.09833908259365816
ergo_adaptive,293.41666666666663,0.08306365676695615,0.09824081550351951
ergo_adaptive,293.5,0.08490520450914556,0.09815025347178424
ergo_adaptive,293.58333333333337,0.08584053396454827,0.09805668415150087
ergo_adaptive,293.66666666666663,0.08904376268511734,0.09794942234026585
ergo_adaptive,293.75,0.08990850816636785,0.09782699418257282
ergo_adaptive,293.83333333333337,0.08771921493196455,0.09770013806533645
ergo_adaptive,293.91666666666663,0.08941190900965038,0.09759202933290796
ergo_adaptive,294.0,0.09029482601482995,0.09750421636859744
ergo_adaptive,294.08333333333337,0.09110910950738331,0.09741062832417215
ergo_adaptive,294.16666666666663,0.09027002778966528,0.0973011459447235
ergo_adaptive,294.25,0.08836595852859672,0.09720162021721365
ergo_adaptive,294.33333333333337,0.09153001602183154,0.09713070470793642
ergo_adaptive,294.41666666666663,0.09301768155913925,0.09705938872384894
ergo_adaptive,294.5,0.09177896639947723,0.09696796514755712
ergo_adaptive,294.58333333333337,0.09182546388157246,0.09687585965556367
ergo_adaptive,294.66666666666663,0.09008223017496245,0.09680207916854598
ergo_adaptive,294.75,0.09153371377501789,0.09675071296032697
ergo_adaptive,294.83333333333337,0.09276797118361087,0.09670085688169798
ergo_adaptive,294.91666666666663,0.0918653692469492,0.09664973456537505
ergo_adaptive,295.0,0.09176468747157825,0.09661942500562275
ergo_adaptive,295.08333333333337,0.09480724116287662,0.09661416057570998
ergo_adaptive,295.16666666666663,0.09585947068516977,0.09660979919949368
ergo_adaptive,295.25,0.09989637915157763,0.09660037047368049
ergo_adaptive,295.33333333333337,0.10139395996482406,0.09659518522046218
ergo_adaptive,295.41666666666663,0.10388529427918733,0.0966051320997964
ergo_adaptive,295.5,0.10209151191827716,0.0966232379431011
ergo_adaptive,295.58333333333337,0.10656245649508128,0.096639864570899
ergo_adaptive,295.66666666666663,0.10706200946084302,0.09665670065484962
ergo_adaptive,295.75,0.11077165622970964,0.09670201948832859
ergo_adaptive,295.83333333333337,0.09082660206286726,0.09677892035024749
ergo_adaptive,295.91666666666663,0.07003038177616985,0.09692700689233943
ergo_adaptive,296.0,0.06759040255900618,0.09709524449646455
ergo_adaptive,296.08333333333337,0.07112844936144813,0.09724436641429356
ergo_adaptive,296.16666666666663,0.07372254120049095,0.09736410641326367
ergo_adaptive,296.25,0.07485025146882004,0.09745607492753837
ergo_adaptive,296.33333333333337,0.07480501253846987,0.09752882271311396
ergo_adaptive,296.41666666666663,0.07428916010740531,0.09760607039301755
ergo_adaptive,296.5,0.07375848711488478,0.0976832137008556
ergo_adaptive,296.58333333333337,0.07265768685491496,0.0977089476018247
ergo_adaptive,296.66666666666663,0.07366948973410982,0.09769236370998298
ergo_adaptive,296.75,0.07225650425708978,0.09766218769210588
ergo_adaptive,296.83333333333337,0.06927048885888003,0.09764256705860344
ergo_adaptive,296.91666666666663,0.07015918461376548,0.09762222921992873
ergo_adaptive,297.0,0.07150714958728673,0.09758719545356426
ergo_adaptive,297.08333333333337,0.06965947356873219,0.09754265130627178
ergo_adaptive,297.16666666666663,0.07193227038113292,0.09750300399787226
ergo_adaptive,297.25,0.07304133569100263,0.09746961164761199
ergo_adaptive,297.33333333333337,0.07185175122901627,0.097422844331789
ergo_adaptive,297.41666666666663,0.07388202253540119,0.0973589616901356
ergo_adaptive,297.5,0.07412702821612582,0.09729335876798302
ergo_adaptive,297.58333333333337,0.07537374761358696,0.09724048286530654
ergo_adaptive,297.66666666666663,0.0747971431644937,0.09718085307917591
ergo_adaptive,297.75,0.07278263563235188,0.09710124623673765
ergo_adaptive,297.83333333333337,0.07243716730478987,0.09702153041994795
ergo_adaptive,297.91666666666663,0.07297922456478127,0.09696925554573099
ergo_adaptive,298.0,0.07239017548736847,0.09692365912033035
ergo_adaptive,298.08333333333337,0.07228740636366728,0.09686075121256778
ergo_adaptive,298.16666666666663,0.06997577944880606,0.09679495832074521
ergo_adaptive,298.25,0.06927478791776412,0.09675147413839677
ergo_adaptive,298.33333333333337,0.069789888844705,0.0967254223849049
ergo_adaptive,298.41666666666663,0.06984801377458105,0.09669156360256395
ergo_adaptive,298.5,0.07092236926985468,0.09665228058523637
ergo_adaptive,298.58333333333337,0.07119248334659915,0.09661893907388912
ergo_adaptive,298.66666666666663,0.07111730986340185,0.09660538615135011
ergo_adaptive,298.75,0.07122762404398383,0.09661446977384266
ergo_adaptive,298.83333333333337,0.07060131296589421,0.09660453333827315
ergo_adaptive,298.91666666666663,0.07035254215288753,0.0966100392723344
ergo_adaptive,299.0,0.07061483309559459,0.09668722202514915
ergo_adaptive,299.08333333333337,0.07055459502049771,0.09679615654512282
ergo_adaptive,299.16666666666663,0.07142729405782805,0.09690190159454011
ergo_adaptive,299.25,0.07174894831551652,0.0969955020682165
ergo_adaptive,299.33333333333337,0.07120050332408119,0.09708634196036552
ergo_adaptive,299.41666666666663,0.07124083162761131,0.09717648220914406
ergo_adaptive,299.5,0.07118889731563643,0.09725820733630161
ergo_adaptive,299.58333333333337,0.07039647232739075,0.0973267852025782
ergo_adaptive,299.66666666666663,0.07043276623808935,0.0973895724262537
ergo_adaptive,299.75,0.0706142701056398,0.0974649798927701
ergo_adaptive,299.83333333333337,0.07153249471345084,0.09756186205622207
ergo_adaptive,299.91666666666663,0.07057640092663739,0.09765905221916497
ergo_adaptive,300.0,0.06987373470948269,0.09777002998219562
ergo_adaptive,300.08333333333337,0.07178828607770307,0.09788628207204995
ergo_adaptive,300.16666666666663,0.07207551121900341,0.09798695233402194
ergo_adaptive,300.25,0.07366000028155882,0.0980691159588843
ergo_adaptive,300.33333333333337,0.07460929788844829,0.09813636222830482
ergo_adaptive,300.41666666666663,0.07468012670053933,0.09818141599636146
ergo_adaptive,300.5,0.07361236078396032,0.0981916406419385
ergo_adaptive,300.58333333333337,0.07450729597350314,0.09817852788627303
ergo_adaptive,300.66666666666663,0.07527279115862591,0.09815950853675214
ergo_adaptive,300.75,0.07374883978428094,0.09812368675480798
ergo_adaptive,300.83333333333337,0.07267504823558292,0.0980522109362407
ergo_adaptive,300.91666666666663,0.07321578802237505,0.09807305011283271
ergo_adaptive,301.0,0.07301211528530156,0.09816227261190413
ergo_adaptive,301.08333333333337,0.07478419727912868,0.09826373540884038
ergo_adaptive,301.16666666666663,0.07549840818883492,0.0983589485203095
ergo_adaptive,301.25,0.07477454279440542,0.09844300785975871
ergo_adaptive,301.33333333333337,0.07560060375339638,0.09853222121900208
ergo_adaptive,301.41666666666663,0.07577736534349026,0.0986164424703999
ergo_adaptive,301.5,0.0753685560417364,0.09868688733279112
ergo_adaptive,301.58333333333337,0.0759102381458394,0.09874885112664168
ergo_adaptive,301.66666666666663,0.0750685645106172,0.09880480998311697
ergo_adaptive,301.75,0.07381502699535622,0.09884849786214123
ergo_adaptive,301.83333333333337,0.07629726581349001,0.09887453798496068
ergo_adaptive,301.91666666666663,0.07551903642389238,0.09888639436272859
ergo_adaptive,302.0,0.07419467139884417,0.09889274305110819
ergo_adaptive,302.08333333333337,0.07373081760481483,0.09888825253351911
ergo_adaptive,302.16666666666663,0.07367138755714418,0.09886946800807958
ergo_adaptive,302.25,0.07433843300754311,0.09884553066636544
ergo_adaptive,302.33333333333337,0.07447731879476388,0.09883088002663803
ergo_adaptive,302.41666666666663,0.07423816699471121,0.0988269778220831
ergo_adaptive,302.5,0.07395284295819246,0.09882683223343516
ergo_adaptive,302.58333333333337,0.07381868728825604,0.09882478450015979
ergo_adaptive,302.66666666666663,0.07226725381905126,0.0988289501753586
ergo_adaptive,302.75,0.07186028983506446,0.09889454962316241
ergo_adaptive,302.83333333333337,0.0737418748129835,0.09898799116455538
ergo_adaptive,302.91666666666663,0.07308632550776821,0.09908595651756973
ergo_adaptive,303.0,0.07184309990890471,0.09917499683657477
ergo_adaptive,303.08333333333337,0.07113310954556158,0.09924055110362238
ergo_adaptive,303.16666666666663,0.07074922838167519,0.09927079407556616
ergo_adaptive,303.25,0.07267814579170967,0.09927189749305466
ergo_adaptive,303.33333333333337,0.07211334629125866,0.09926524793648733
ergo_adaptive,303.41666666666663,0.07359435683386267,0.09926136022918956
ergo_adaptive,303.5,0.07218211400683106,0.09923655068207936
ergo_adaptive,303.58333333333337,0.0719159661856951,0.09919447925037289
ergo_adaptive,303.66666666666663,0.07223006307870539,0.09915549954544206
ergo_adaptive,303.75,0.07070780378117207,0.09912995713715937
ergo_adaptive,303.83333333333337,0.0728082572737856,0.09910095296418643
ergo_adaptive,303.91666666666663,0.07339312959192562,0.09905170817785859
ergo_adaptive,304.0,0.0728554879014173,0.09898467946736451
ergo_adaptive,304.08333333333337,0.0754513377119858,0.09890833002257865
ergo_adaptive,304.16666666666663,0.07585474515028341,0.09880588636318242
ergo_adaptive,304.25,0.07881291828400547,0.09867420824915893
ergo_adaptive,304.33333333333337,0.0770812348541718,0.09852508382501209
ergo_adaptive,304.41666666666663,0.07746513967903622,0.09838542873671115
ergo_adaptive,304.5,0.07664502325581607,0.09827841611871474
ergo_adaptive,304.58333333333337,0.07913855976653614,0.09818721124827438
ergo_adaptive,304.66666666666663,0.07921616398876119,0.09805446491298321
ergo_adaptive,304.75,0.08233833815048304,0.0978820139309484
ergo_adaptive,304.83333333333337,0.08043647386821257,0.0976950518061764
ergo_adaptive,304.91666666666663,0.07890483733032592,0.09751442388789677
ergo_adaptive,305.0,0.08326006113277272,0.09735863292227133
ergo_adaptive,305.08333333333337,0.08200475394702028,0.09722286722790578
ergo_adaptive,305.16666666666663,0.0796934237496873,0.09707286504595371
ergo_adaptive,305.25,0.08117773913098554,0.09690777560403452
ergo_adaptive,305.33333333333337,0.07938473028290209,0.09675613398710836
ergo_adaptive,305.41666666666663,0.08146407753933145,0.09661943065395419
ergo_adaptive,305.5,0.08430617736314963,0.09642835305429215
ergo_adaptive,305.58333333333337,0.08442751573938101,0.09618945917482524
ergo_adaptive,305.66666666666663,0.08773621259844253,0.09595190580462211
ergo_adaptive,305.75,0.087442220379323,0.09572769268011101
ergo_adaptive,305.83333333333337,0.08888727617227019,0.09541362661474265
ergo_adaptive,305.91666666666663,0.08732878728382525,0.09500126289211168
ergo_adaptive,306.0,0.08935815374271662,0.09458007920774754
ergo_adaptive,306.08333333333337,0.08481391486542199,0.09421267578254626
ergo_adaptive,306.16666666666663,0.0911305552208122,0.09384407908118184
ergo_adaptive,306.25,0.09088520272427492,0.09342938291552458
ergo_adaptive,306.33333333333337,0.09329723594600536,0.09298663597593297
ergo_adaptive,306.41666666666663,0.09480338502532398,0.09256947036198282
ergo_adaptive,306.5,0.0959440542813387,0.09218185994597443
ergo_adaptive,306.58333333333337,0.09612468194705215,0.09177319931209933
ergo_adaptive,306.66666666666663,0.0945662324911336,0.09133607673009093
ergo_adaptive,306.75,0.09189599256559695,0.09090707894085731
ergo_adaptive,306.83333333333337,0.09220015275444822,0.09072903450336788
ergo_adaptive,306.91666666666663,0.09047382132066288,0.09072744895587474
ergo_adaptive,307.0,0.08853619115103457,0.0908095329620643
ergo_adaptive,307.08333333333337,0.08914797708449788,0.09093994472352333
ergo_adaptive,307.16666666666663,0.09077542060283837,0.09108369825251347
ergo_adaptive,307.25,0.08940812821337718,0.09123353794869234
ergo_adaptive,307.33333333333337,0.09119185917326054,0.09138284667653225
ergo_adaptive,307.41666666666663,0.09082966953648527,0.09152568019145867
ergo_adaptive,307.5,0.09219292546509283,0.09166107780589011
ergo_adaptive,307.58333333333337,0.09346125096110192,0.09178841672966626
ergo_adaptive,307.66666666666663,0.09191319252240496,0.09190474478068933
ergo_adaptive,307.75,0.09139833449894626,0.0920230067723665
ergo_adaptive,307.83333333333337,0.09031686218941398,0.09211464700071689
ergo_adaptive,307.91666666666663,0.08961939516140503,0.09221444021584942
ergo_adaptive,308.0,0.09084023875890336,0.09229209904411034
ergo_adaptive,308.08333333333337,0.09146288150577275,0.09238965582686448
ergo_adaptive,308.16666666666663,0.09185180173961785,0.09247663201664484
ergo_adaptive,308.25,0.0931564668698095,0.09256938954001176
ergo_adaptive,308.33333333333337,0.09215748484528866,0.09265306570775496
ergo_adaptive,308.41666666666663,0.09049986682066617,0.09273921804792588
ergo_adaptive,308.5,0.08991498927150611,0.09279534258463888
ergo_adaptive,308.58333333333337,0.08870225959930095,0.09284649568400166
ergo_adaptive,308.66666666666663,0.0900944560698776,0.09291376094371093
ergo_adaptive,308.75,0.09150896263391868,0.09298279884238628
ergo_adaptive,308.83333333333337,0.08971370186807487,0.09306086742426296
ergo_adaptive,308.91666666666663,0.08867966809911684,0.09312339512053384
ergo_adaptive,309.0,0.08776200766993221,0.09317043266886764
ergo_adaptive,309.08333333333337,0.09058317383071043,0.09323842856577247
ergo_adaptive,309.16666666666663,0.090340806503025,0.09330777998307775
ergo_adaptive,309.25,0.08935177100536612,0.09337945394461931
ergo_adaptive,309.33333333333337,0.0888803509051671,0.09344370475535206
ergo_adaptive,309.41666666666663,0.09075008838672956,0.09351395254456926
ergo_adaptive,309.5,0.08938744819782056,0.09357922540229589
ergo_adaptive,309.58333333333337,0.0891268930804123,0.09364746667560905
ergo_adaptive,309.66666666666663,0.09114684691599963,0.09370941434664688
ergo_adaptive,309.75,0.09169980858934414,0.09377095598398505
ergo_adaptive,309.83333333333337,0.09120256658351975,0.0938345041419489
ergo_adaptive,309.91666666666663,0.09112683949028046,0.09389848209945897
ergo_adaptive,310.0,0.09123550523174133,0.09396071563718868
ergo_adaptive,310.08333333333337,0.0889625197730347,0.09402555111066387
ergo_adaptive,310.16666666666663,0.08923686988944401,0.09408450504775946
ergo_adaptive,310.25,0.09122779549927595,0.09414826118993565
ergo_adaptive,310.33333333333337,0.09066653572889564,0.09420677457926568
ergo_adaptive,310.41666666666663,0.08927722812485132,0.09426726101151835
ergo_adaptive,310.5,0.08888028064044055,0.09433253053875078
ergo_adaptive,310.58333333333337,0.0889909973712623,0.0943897587845316
ergo_adaptive,310.66666666666663,0.08706414956635514,0.09445758213636737
ergo_adaptive,310.75,0.088079926922508,0.09452408799262152
ergo_adaptive,310.83333333333337,0.0897029454835517,0.09457934656867373
ergo_adaptive,310.91666666666663,0.08905387360653144,0.09464284306804781
ergo_adaptive,311.0,0.09138656397472415,0.09471774469017236
ergo_adaptive,311.08333333333337,0.08946958857882156,0.09477753012000184
ergo_adaptive,311.16666666666663,0.0902984409917019,0.09484752030707824
ergo_adaptive,311.25,0.09130182859608037,0.09490875594321131
ergo_adaptive,311.33333333333337,0.09373825544587988,0.09495528452315709
ergo_adaptive,311.41666666666663,0.09438601212158802,0.09496825130268768
ergo_adaptive,311.5,0.09663484707567967,0.09497358164883891
ergo_adaptive,311.58333333333337,0.09649978641447778,0.09497812927248768
ergo_adaptive,311.66666666666663,0.09772126986008614,0.09496397792258979
ergo_adaptive,311.75,0.09846804244376103,0.09495642902097827
ergo_adaptive,311.83333333333337,0.0999364846520226,0.09488997781775023
ergo_adaptive,311.91666666666663,0.09978912273099846,0.09477843428949127
ergo_adaptive,312.0,0.09765582757968433,0.09476977000039832
ergo_adaptive,312.08333333333337,0.0975446437795418,0.09485527434600503
ergo_adaptive,312.16666666666663,0.09953933410816516,0.09495621803432357
ergo_adaptive,312.25,0.09847785126312888,0.09503780881355603
ergo_adaptive,312.33333333333337,0.10015237478266895,0.09512052613669653
ergo_adaptive,312.41666666666663,0.09939939873036352,0.09519060248219871
ergo_adaptive,312.5,0.09787421172142989,0.09526861956467655
ergo_adaptive,312.58333333333337,0.09394299137518342,0.09534482997027414
ergo_adaptive,312.66666666666663,0.09357166479684847,0.09538400352445767
ergo_adaptive,312.75,0.0894541462728059,0.09541676643366039
ergo_adaptive,312.83333333333337,0.08980087902488619,0.09548078624354155
ergo_adaptive,312.91666666666663,0.09048752952427601,0.09555015617018531
ergo_adaptive,313.0,0.09231077334196508,0.0956239717795214
ergo_adaptive,313.08333333333337,0.09356337861487432,0.09568830083034947
ergo_adaptive,313.16666666666663,0.0949888011125834,0.09571169094821728
ergo_adaptive,313.25,0.09563646806227567,0.09567635624611942
ergo_adaptive,313.33333333333337,0.09846822800855413,0.09569460029491388
ergo_adaptive,313.41666666666663,0.09994669261334072,0.09562468773647032
ergo_adaptive,313.5,0.10010801242151506,0.0954564331449003
ergo_adaptive,313.58333333333337,0.10171477841248515,0.09523620058243264
ergo_adaptive,313.66666666666663,0.09966267647833464,0.09498465094225256
ergo_adaptive,313.75,0.10023005308198667,0.09492872036666043
ergo_adaptive,313.83333333333337,0.1019737040701792,0.09498732299907696
ergo_adaptive,313.91666666666663,0.09995831369528163,0.09504082695432683
ergo_adaptive,314.0,0.0974906751852211,0.0951137247762645
ergo_adaptive,314.08333333333337,0.09851205966067184,0.09518764912683823
ergo_adaptive,314.16666666666663,0.09811698743098758,0.09526335569456579
ergo_adaptive,314.25,0.09826440408317973,0.09533842284862047
ergo_adaptive,314.33333333333337,0.09769142066126967,0.09541084035929412
ergo_adaptive,314.41666666666663,0.09868994020505366,0.0954766162779041
ergo_adaptive,314.5,0.09768593831856626,0.09554450957091222
ergo_adaptive,314.58333333333337,0.09694887273901147,0.09560270755253379
ergo_adaptive,314.66666666666663,0.09686457077131178,0.09566313997192079
ergo_adaptive,314.75,0.09827932632147961,0.09572771861975649
ergo_adaptive,314.83333333333337,0.09886350154312606,0.09578076149680592
ergo_adaptive,314.91666666666663,0.1006488829505192,0.09584130459003314
ergo_adaptive,315.0,0.09920608872948082,0.09589096704184621
ergo_adaptive,315.08333333333337,0.09800516903236997,0.09594394359096332
ergo_adaptive,315.16666666666663,0.09809503177697097,0.09600257390902339
ergo_adaptive,315.25,0.09976258399967154,0.09605626938674372
ergo_adaptive,315.33333333333337,0.09812961023148616,0.09609343125397861
ergo_adaptive,315.41666666666663,0.09879044333181829,0.09614203041246318
ergo_adaptive,315.5,0.10020058955984515,0.09619403161574931
ergo_adaptive,315.58333333333337,0.1012574789515353,0.09625203993549496
ergo_adaptive,315.66666666666663,0.09864580303550749,0.09630242081371065
ergo_adaptive,315.75,0.09810110546653758,0.09635828607920688
ergo_adaptive,315.83333333333337,0.10080208128388395,0.0964139838412778
ergo_adaptive,315.91666666666663,0.102132609816987,0.09644309533237629
ergo_adaptive,316.0,0.10262418331691339,0.09641081820080469
ergo_adaptive,316.08333333333337,0.10425788103252191,0.09633617503538237
ergo_adaptive,316.16666666666663,0.10333905261562087,0.0962928548317653
ergo_adaptive,316.25,0.10170407704246687,0.0963222864066196
ergo_adaptive,316.33333333333337,0.10144682969490071,0.09638338434927411
ergo_adaptive,316.41666666666663,0.10085434364980388,0.09645520191784665
ergo_adaptive,316.5,0.10174658915723074,0.0965389168130006
ergo_adaptive,316.58333333333337,0.10291963438763319,0.096609470932238
ergo_adaptive,316.66666666666663,0.10295589892774114,0.09666816431453579
ergo_adaptive,316.75,0.10376375667658297,0.09673586151734713
ergo_adaptive,316.83333333333337,0.10549018575271059,0.09678653984363236
ergo_adaptive,316.91666666666663,0.10619600837662031,0.09679418435446971
ergo_adaptive,317.0,0.10569883750253559,0.09674335453866473
ergo_adaptive,317.08333333333337,0.10760755212376097,0.09670967620626544
ergo_adaptive,317.16666666666663,0.10661067746285023,0.0966695396511278
ergo_adaptive,317.25,0.10536095851255123,0.09667975410198874
ergo_adaptive,317.33333333333337,0.1048736906296093,0.09672176954402009
ergo_adaptive,317.41666666666663,0.10440696156381436,0.0967646018604216
ergo_adaptive,317.5,0.10523445208532838,0.09677958848121386
ergo_adaptive,317.58333333333337,0.103649347091656,0.09668551452279943
ergo_adaptive,317.66666666666663,0.10496796736026043,0.0964942692824987
ergo_adaptive,317.75,0.10484077021686644,0.09627626501328991
ergo_adaptive,317.83333333333337,0.10437592939956586,0.09607997609398239
ergo_adaptive,317.91666666666663,0.10527497824809166,0.09585895504188029
ergo_adaptive,318.0,0.10498806501923924,0.0955778566216691
ergo_adaptive,318.08333333333337,0.10387862325178457,0.09528641561405211
ergo_adaptive,318.16666666666663,0.10530129740003857,0.09503457944056462
ergo_adaptive,318.25,0.10568569704146069,0.09479869057830052
ergo_adaptive,318.33333333333337,0.10446507331939368,0.09453689719045877
ergo_adaptive,318.41666666666663,0.10561712887270808,0.0942630920146984
ergo_adaptive,318.5,0.10774742613013862,0.09401997755070368
ergo_adaptive,318.58333333333337,0.10677486382624524,0.09380909817488588
ergo_adaptive,318.66666666666663,0.10675873637007624,0.0935908278918186
ergo_adaptive,318.75,0.10894143302526674,0.09335904020211067
ergo_adaptive,318.83333333333337,0.11305071679036134,0.09314494618319197
ergo_adaptive,318.91666666666663,0.10752977095407819,0.09296971913399192
ergo_adaptive,319.0,0.10967248307190222,0.09280475218720519
ergo_adaptive,319.08333333333337,0.11197463425731875,0.09262468996932395
ergo_adaptive,319.16666666666663,0.11234545704202333,0.0924495632187402
ergo_adaptive,319.25,0.11157661604470445,0.0923173415730651
ergo_adaptive,319.33333333333337,0.11299099029542119,0.09221299445941764
ergo_adaptive,319.41666666666663,0.11616594073543363,0.09209360687050143
ergo_adaptive,319.5,0.11811385195473016,0.09196663006217554
ergo_adaptive,319.58333333333337,0.11565775689574165,0.09187997134381927
ergo_adaptive,319.66666666666663,0.11830908026227911,0.0918506033558594
ergo_adaptive,319.75,0.11761015395137404,0.09180141024815124
ergo_adaptive,319.83333333333337,0.12237634040390431,0.09172804507093331
ergo_adaptive,319.91666666666663,0.1248774283618107,0.09168275320498984
ergo_adaptive,320.0,0.12777821666041353,0.09169509631854597
ergo_adaptive,320.08333333333337,0.12653794525142253,0.09171639038409558
ergo_adaptive,320.16666666666663,0.12736177659085804,0.09171618590547921
ergo_adaptive,320.25,0.12977115387385627,0.09172686709705678
ergo_adaptive,320.33333333333337,0.12648292558901203,0.09177198363009159
ergo_adaptive,320.41666666666663,0.09911057802357591,0.0918486151602103
ergo_adaptive,320.5,0.06991458565358503,0.09199311659565611
ergo_adaptive,320.58333333333337,0.06340887890390685,0.09217752626979926
ergo_adaptive,320.66666666666663,0.06711573699260386,0.0923588286793406
ergo_adaptive,320.75,0.06995689785773113,0.0924915660730772
ergo_adaptive,320.83333333333337,0.07222508328112923,0.09256704080856333
ergo_adaptive,320.91666666666663,0.07289728978625976,0.0925988696743292
ergo_adaptive,321.0,0.07297656765792657,0.09261311502408366
ergo_adaptive,321.08333333333337,0.07375528461349991,0.09263393790315964
ergo_adaptive,321.16666666666663,0.07396031986588834,0.09265977560362527
ergo_adaptive,321.25,0.0732196720767245,0.09264378874066312
ergo_adaptive,321.33333333333337,0.07314647739579794,0.09259180938369142
ergo_adaptive,321.41666666666663,0.07265918046837683,0.09253136327791656
ergo_adaptive,321.5,0.07211615614467433,0.09246991718204264
ergo_adaptive,321.58333333333337,0.07077063428706548,0.09240730750778348
ergo_adaptive,321.66666666666663,0.06928307417633062,0.09235702161775117
ergo_adaptive,321.75,0.07102881631988354,0.09232391130521456
ergo_adaptive,321.83333333333337,0.07126616802139894,0.09226602240735958
ergo_adaptive,321.91666666666663,0.0700919655590983,0.09218055120286274
ergo_adaptive,322.0,0.06993322656022657,0.09209554054627425
ergo_adaptive,322.08333333333337,0.06994403191697603,0.09203158364621604
ergo_adaptive,322.16666666666663,0.06924226159834086,0.0919837882967062
ergo_adaptive,322.25,0.06990266455641866,0.09192742776824536
ergo_adaptive,322.33333333333337,0.07049702529150405,0.09185880514423542
ergo_adaptive,322.41666666666663,0.07173730842812838,0.09179796834008827
ergo_adaptive,322.5,0.07121948538853919,0.09175575105606565
ergo_adaptive,322.58333333333337,0.07052119436562349,0.09170472439854634
ergo_adaptive,322.66666666666663,0.06956809396647629,0.09162689580392695
ergo_adaptive,322.75,0.06960531806690638,0.09154761624842556
ergo_adaptive,322.83333333333337,0.06867233505244065,0.09148781651062783
ergo_adaptive,322.91666666666663,0.06775087100091662,0.09142684508256622
ergo_adaptive,323.0,0.06818556320721895,0.09134678592813479
ergo_adaptive,323.08333333333337,0.06937330234090926,0.09125604306436196
ergo_adaptive,323.16666666666663,0.0693125475604778,0.09117462943107556
ergo_adaptive,323.25,0.07004729626637812,0.09110379650217891
ergo_adaptive,323.33333333333337,0.07099140517915567,0.09102662345147808
ergo_adaptive,323.41666666666663,0.07065322504598207,0.09093325848813416
ergo_adaptive,323.5,0.06987181270120318,0.09084461559893728
ergo_adaptive,323.58333333333337,0.06826461061227834,0.09079447713162563
ergo_adaptive,323.66666666666663,0.06701296023941263,0.09074265110392879
ergo_adaptive,323.75,0.06698182401754735,0.09061857418008339
ergo_adaptive,323.83333333333337,0.0683840396715552,0.09045992873654986
ergo_adaptive,323.91666666666663,0.06849950599460014,0.0903306116168695
ergo_adaptive,324.0,0.06804966497536573,0.090214190096711
ergo_adaptive,324.08333333333337,0.06810930932442925,0.09004955992618373
ergo_adaptive,324.16666666666663,0.06912167172125766,0.08985217574457571
ergo_adaptive,324.25,0.07249887945028917,0.0896680016189916
ergo_adaptive,324.33333333333337,0.07180052977749682,0.08952313167206613
ergo_adaptive,324.41666666666663,0.07283059735938469,0.08941088607527352
ergo_adaptive,324.5,0.06936406695483129,0.08930914927129013
ergo_adaptive,324.58333333333337,0.07065761644144879,0.08928674859361949
ergo_adaptive,324.66666666666663,0.07003845844471092,0.08934186518742505
ergo_adaptive,324.75,0.07046460623138094,0.08943704720809778
ergo_adaptive,324.83333333333337,0.06975589015823778,0.08957339932394179
ergo_adaptive,324.91666666666663,0.06873415084866161,0.08970784960714026
ergo_adaptive,325.0,0.06853177503815146,0.08982671623327339
ergo_adaptive,325.08333333333337,0.0681866186461643,0.08995792856570925
ergo_adaptive,325.16666666666663,0.0691231310268238,0.09005831366710126
ergo_adaptive,325.25,0.0681922538214383,0.09016886787411206
ergo_adaptive,325.33333333333337,0.06913162529911636,0.09028431294320442
ergo_adaptive,325.41666666666663,0.07004038741609317,0.09037248373077861
ergo_adaptive,325.5,0.07088874558812379,0.09047257547817167
ergo_adaptive,325.58333333333337,0.06960959573189589,0.09058038731413623
ergo_adaptive,325.66666666666663,0.070044318345401,0.09066414929712041
ergo_adaptive,325.75,0.06950411095985815,0.09075512078747452
ergo_adaptive,325.83333333333337,0.06907629236661537,0.09085159052046281
ergo_adaptive,325.91666666666663,0.0718498395866203,0.09091815737344146
ergo_adaptive,326.0,0.07382799802244425,0.09099096197494169
ergo_adaptive,326.08333333333337,0.07247060148773475,0.09106982805084551
ergo_adaptive,326.16666666666663,0.07116206665113027,0.09115957704813242
ergo_adaptive,326.25,0.07211802172910826,0.09123770575109609
ergo_adaptive,326.33333333333337,0.07110270665002512,0.0912830556586775
ergo_adaptive,326.41666666666663,0.07019383162761901,0.09134368513609187
ergo_adaptive,326.5,0.06944015473595018,0.09142673301677498
ergo_adaptive,326.58333333333337,0.06862458748072274,0.09150320441932058
ergo_adaptive,326.66666666666663,0.06846274045908406,0.09156210977191512
ergo_adaptive,326.75,0.06824410524736885,0.09163624746719211
ergo_adaptive,326.83333333333337,0.06642059237382682,0.0917166286842272
ergo_adaptive,326.91666666666663,0.06764450420518117,0.09179207447751503
ergo_adaptive,327.0,0.06821983931704137,0.09185156758716007
ergo_adaptive,327.08333333333337,0.06903654653649179,0.09192379694054781
ergo_adaptive,327.16666666666663,0.0690016675991772,0.09199660090918563
ergo_adaptive,327.25,0.07071484734000302,0.09207670903832663
ergo_adaptive,327.33333333333337,0.07068066381537076,0.09215349695780439
ergo_adaptive,327.41666666666663,0.06834282035994002,0.09221622017638387
ergo_adaptive,327.5,0.06846728607062445,0.09228707969677966
ergo_adaptive,327.58333333333337,0.07034517433055726,0.09236226307163904
ergo_adaptive,327.66666666666663,0.07057445199794064,0.09242761648341337
ergo_adaptive,327.75,0.07058147751149767,0.09247466065459689
ergo_adaptive,327.83333333333337,0.07186212473304285,0.09254883517026186
ergo_adaptive,327.91666666666663,0.0720739766750921,0.09261851186462082
ergo_adaptive,328.0,0.07236435870306059,0.09267936536829424
ergo_adaptive,328.08333333333337,0.07306752745848118,0.0927612806391437
ergo_adaptive,328.16666666666663,0.07466677957597607,0.09284060996314498
ergo_adaptive,328.25,0.07402250455977759,0.09290433496181567
ergo_adaptive,328.33333333333337,0.07279783933562019,0.09295600367489922
ergo_adaptive,328.41666666666663,0.07035187408787431,0.09302870497136949
ergo_adaptive,328.5,0.07142232235930812,0.09310353966219966
ergo_adaptive,328.58333333333337,0.07126506151070122,0.09314363469638139
ergo_adaptive,328.66666666666663,0.07155003643767142,0.09311217410849217
ergo_adaptive,328.75,0.07075944879555841,0.09306835250969309
ergo_adaptive,328.83333333333337,0.07154882370838482,0.09311149964544188
ergo_adaptive,328.91666666666663,0.07287934896782865,0.09319610640400679
ergo_adaptive,329.0,0.07301725377749917,0.09328232620266055
ergo_adaptive,329.08333333333337,0.07618729141444379,0.09333299622445969
ergo_adaptive,329.16666666666663,0.07485801734775192,0.0933276661269644
ergo_adaptive,329.25,0.076903913861502,0.09327522934886141
ergo_adaptive,329.33333333333337,0.07751892029533551,0.09319676685417055
ergo_adaptive,329.41666666666663,0.07472008077251872,0.0930811358110841
ergo_adaptive,329.5,0.07467915580199298,0.09305437504720808
ergo_adaptive,329.58333333333337,0.07486142098680881,0.09310708096568128
ergo_adaptive,329.66666666666663,0.07215528344929006,0.09318545467993379
ergo_adaptive,329.75,0.07322205457161328,0.09326026548640955
ergo_adaptive,329.83333333333337,0.0715281335621137,0.0933278115534632
ergo_adaptive,329.91666666666663,0.07098937397162437,0.09339081380791932
ergo_adaptive,330.0,0.07365010873601438,0.09341500343957575
ergo_adaptive,330.08333333333337,0.07486322889011979,0.09337701457861602
ergo_adaptive,330.16666666666663,0.0732407565564908,0.09330193456126265
ergo_adaptive,330.25,0.07171803152404327,0.09324675711798527
ergo_adaptive,330.33333333333337,0.07155258784008858,0.09330996093482566
ergo_adaptive,330.41666666666663,0.0722682444220089,0.09340310539121205
ergo_adaptive,330.5,0.07078681604086617,0.09349008851943057
ergo_adaptive,330.58333333333337,0.07209433167157024,0.09356690958514706
ergo_adaptive,330.66666666666663,0.07326075435784972,0.09363416351360526
ergo_adaptive,330.75,0.07329662828375216,0.09368904927915099
ergo_adaptive,330.83333333333337,0.07439604064860691,0.09372282062055937
ergo_adaptive,330.91666666666663,0.07434528792833052,0.0937288191886316
ergo_adaptive,331.0,0.07185332592291858,0.09370580329685471
ergo_adaptive,331.08333333333337,0.07430316239824172,0.09365557583734642
ergo_adaptive,331.16666666666663,0.07626526480271634,0.09355634917298519
ergo_adaptive,331.25,0.07827823600671326,0.09340376890961433
ergo_adaptive,331.33333333333337,0.07798962302422789,0.0932215451785169
ergo_adaptive,331.41666666666663,0.0771892363913007,0.09303211650866272
ergo_adaptive,331.5,0.07703872083464117,0.09283456581770705
ergo_adaptive,331.58333333333337,0.07534936717558025,0.09276682488495154
ergo_adaptive,331.66666666666663,0.07397801675859651,0.09281362483065343
ergo_adaptive,331.75,0.07493206211524654,0.09288167173636433
ergo_adaptive,331.83333333333337,0.07795936446022941,0.09293638252723621
ergo_adaptive,331.91666666666663,0.07505287428327033,0.09297249437154402
ergo_adaptive,332.0,0.07800974211346952,0.09300308049050521
ergo_adaptive,332.08333333333337,0.07809354921062968,0.09301819788616043
ergo_adaptive,332.16666666666663,0.07978658930427937,0.09302224532781571
ergo_adaptive,332.25,0.07717468154580334,0.09303185442202813
ergo_adaptive,332.33333333333337,0.07764922832819297,0.09302389201770567
ergo_adaptive,332.41666666666663,0.0793681161150554,0.09296811382965599
ergo_adaptive,332.5,0.07965638522921833,0.09288252229717651
ergo_adaptive,332.58333333333337,0.07460021477853437,0.09279557360672987
ergo_adaptive,332.66666666666663,0.07451041285896455,0.09272823506732143
ergo_adaptive,332.75,0.07690101028362394,0.09267502669272379
ergo_adaptive,332.83333333333337,0.07554478640025875,0.09261522169069741
ergo_adaptive,332.91666666666663,0.07694018409818353,0.09254004661659102
ergo_adaptive,333.0,0.07651287181080417,0.09248595509452681
ergo_adaptive,333.08333333333337,0.07795477384275565,0.09247486062978219
ergo_adaptive,333.16666666666663,0.07995295900250404,0.09242344988861581
ergo_adaptive,333.25,0.07880361358930386,0.09232675589738035
ergo_adaptive,333.33333333333337,0.0737697395618124,0.0922304969134014
ergo_adaptive,333.41666666666663,0.07649363267102806,0.09220574498876487
ergo_adaptive,333.5,0.07560241880076544,0.09221286221185554
ergo_adaptive,333.58333333333337,0.07895551411100907,0.09219080922223881
ergo_adaptive,333.66666666666663,0.07889427669796721,0.09212983200205734
ergo_adaptive,333.75,0.0781437343777545,0.09205229624671513
ergo_adaptive,333.83333333333337,0.07737673807028489,0.09198516995833945
ergo_adaptive,333.91666666666663,0.07652955247578334,0.091932071639363
ergo_adaptive,334.0,0.07686333241759302,0.09198205234992328
ergo_adaptive,334.08333333333337,0.07642094299255271,0.0921002403353777
ergo_adaptive,334.16666666666663,0.07745318713184757,0.09222840481376061
ergo_adaptive,334.25,0.07902970086335546,0.09234989312810676
ergo_adaptive,334.33333333333337,0.08054405826628422,0.09245278534755198
ergo_adaptive,334.41666666666663,0.0816282776726417,0.09251230011020228
ergo_adaptive,334.5,0.07967873321984602,0.09251914530975111
ergo_adaptive,334.58333333333337,0.07968053554323476,0.09260511090835742
ergo_adaptive,334.66666666666663,0.0802131697426089,0.09273149914692204
ergo_adaptive,334.75,0.08125110516768043,0.09286137644485053
ergo_adaptive,334.83333333333337,0.08225899657029372,0.0929506643628358
ergo_adaptive,334.91666666666663,0.0800793462776412,0.0929830870491698
ergo_adaptive,335.0,0.08090188750403164,0.09300001429090597
ergo_adaptive,335.08333333333337,0.07770179147512783,0.09298892803612965
ergo_adaptive,335.16666666666663,0.07539686186861203,0.09297687628984588
ergo_adaptive,335.25,0.07820240835809529,0.09296838129930092
ergo_adaptive,335.33333333333337,0.07847751884177125,0.09292450769319201
ergo_adaptive,335.41666666666663,0.08133828708965854,0.09285773695493785
ergo_adaptive,335.5,0.08083918276182037,0.09280789713472447
ergo_adaptive,335.58333333333337,0.08029589029544074,0.09279162626347678
ergo_adaptive,335.66666666666663,0.0797589643966679,0.09276166542924774
ergo_adaptive,335.75,0.07914024212770689,0.09271158483595772
ergo_adaptive,335.83333333333337,0.0786030870262427,0.09266476308729965
ergo_adaptive,335.91666666666663,0.07856298641989745,0.0926422402317787
ergo_adaptive,336.0,0.07881207236894562,0.09262434993387632
ergo_adaptive,336.08333333333337,0.08005097399478535,0.09259131665871526
ergo_adaptive,336.16666666666663,0.08074446860100494,0.09255095985942072
ergo_adaptive,336.25,0.08128734443390176,0.0925175403182795
ergo_adaptive,336.33333333333337,0.08060607147267126,0.09250963440664048
ergo_adaptive,336.41666666666663,0.08123417641360432,0.09251384305228534
ergo_adaptive,336.5,0.08096610118342468,0.09248797070498242
ergo_adaptive,336.58333333333337,0.07904272242795796,0.09242377816236443
ergo_adaptive,336.66666666666663,0.07937452741104883,0.09233506876894912
ergo_adaptive,336.75,0.0798765199215551,0.0922356443509754
ergo_adaptive,336.83333333333337,0.0792691186064601,0.09211860767315887
ergo_adaptive,336.91666666666663,0.08254632625809341,0.09207888546007734
ergo_adaptive,337.0,0.07999455284882023,0.09203342404018447
ergo_adaptive,337.08333333333337,0.08280803332652228,0.092083686964136
ergo_adaptive,337.16666666666663,0.08196604774102997,0.09210658176646307
ergo_adaptive,337.25,0.08315792549240451,0.09203623725403674
ergo_adaptive,337.33333333333337,0.0859781855513963,0.09188511115978511
ergo_adaptive,337.41666666666663,0.08425319493390282,0.09167581658923768
ergo_adaptive,337.5,0.08796851829462696,0.09157549935418421
ergo_adaptive,337.58333333333337,0.08865567072833427,0.0914793006458943
ergo_adaptive,337.66666666666663,0.08675358029243686,0.09125352438782935
ergo_adaptive,337.75,0.08582662383021442,0.09120049883532291
ergo_adaptive,337.83333333333337,0.08701500049896267,0.09131291383470819
ergo_adaptive,337.91666666666663,0.0869778990077049,0.09136285002003151
ergo_adaptive,338.0,0.08770891061975185,0.09138749959718119
ergo_adaptive,338.08333333333337,0.08725908340833967,0.09140487599449189
ergo_adaptive,338.16666666666663,0.08813086340999822,0.09149275170428965
ergo_adaptive,338.25,0.08907788979742381,0.09153379132973492
ergo_adaptive,338.33333333333337,0.08722079544558871,0.09151976990478451
ergo_adaptive,338.41666666666663,0.09080054275699136,0.09161271763633813
ergo_adaptive,338.5,0.09475302436223387,0.09167760900085271
ergo_adaptive,338.58333333333337,0.09704841961877174,0.0916436312769198
ergo_adaptive,338.66666666666663,0.09435668570327467,0.09151540195651385
ergo_adaptive,338.75,0.09332971211525318,0.0915173238799427
ergo_adaptive,338.83333333333337,0.09329007680245702,0.09159820108357067
ergo_adaptive,338.91666666666663,0.09208161369655068,0.09168719585169836
ergo_adaptive,339.0,0.09232052100105864,0.09177501680279086
ergo_adaptive,339.08333333333337,0.08992445940550194,0.09185526756247384
ergo_adaptive,339.16666666666663,0.090903265342774,0.09194097006231347
ergo_adaptive,339.25,0.09059473412971374,0.09201843408966848
ergo_adaptive,339.33333333333337,0.09152688092763611,0.09209084874294124
ergo_adaptive,339.41666666666663,0.092471146452177,0.09217996111410004
ergo_adaptive,339.5,0.09144201414908046,0.09225516952275269
ergo_adaptive,339.58333333333337,0.09210458540504843,0.09234628851633792
ergo_adaptive,339.66666666666663,0.09301590282843543,0.0924244503998613
ergo_adaptive,339.75,0.09023769562201388,0.09249684643935195
ergo_adaptive,339.83333333333337,0.09070693091545397,0.09258922266938621
ergo_adaptive,339.91666666666663,0.09019846533708215,0.09267771363769475
ergo_adaptive,340.0,0.08974441776874247,0.09270548541934352
ergo_adaptive,340.08333333333337,0.08672581514181951,0.09267004877948505
ergo_adaptive,340.16666666666663,0.08672579547023289,0.09260328910976627
ergo_adaptive,340.25,0.08878449928487765,0.09253586861168904
ergo_adaptive,340.33333333333337,0.08599743663301167,0.09247978408898834
ergo_adaptive,340.41666666666663,0.08878250891222733,0.0924325438561229
ergo_adaptive,340.5,0.08997454149676419,0.09237285111565643
ergo_adaptive,340.58333333333337,0.09019617500941206,0.09228906320955733
ergo_adaptive,340.66666666666663,0.09300676223534694,0.09219362243501478
ergo_adaptive,340.75,0.09448842235576892,0.09210040473867884
ergo_adaptive,340.83333333333337,0.09342603824411083,0.0920003103729051
ergo_adaptive,340.91666666666663,0.09157471850827507,0.09188214529514607
ergo_adaptive,341.0,0.08662302410639383,0.09176313782390139
ergo_adaptive,341.08333333333337,0.08760772854483424,0.09168006795438909
ergo_adaptive,341.16666666666663,0.08905511526316666,0.09162032363038633
ergo_adaptive,341.25,0.09119008688895085,0.09155904666255232
ergo_adaptive,341.33333333333337,0.08872310870509174,0.0914840945208895
ergo_adaptive,341.41666666666663,0.08854041978867865,0.09141579687682115
ergo_adaptive,341.5,0.0887210874522862,0.09139487433666024
ergo_adaptive,341.58333333333337,0.09010266151556083,0.09138008941589186
ergo_adaptive,341.66666666666663,0.08873830724838946,0.09131257672561552
ergo_adaptive,341.75,0.08933238028972162,0.09122375206395049
ergo_adaptive,341.83333333333337,0.08936320497195145,0.09115597924277397
ergo_adaptive,341.91666666666663,0.09229322782220226,0.09111357794483128
ergo_adaptive,342.0,0.09251852838291573,0.09107473249919404
ergo_adaptive,342.08333333333337,0.09244652170379145,0.09103126086070527
ergo_adaptive,342.16666666666663,0.09449647033366704,0.09100003567572756
ergo_adaptive,342.25,0.09133187135898185,0.09099331573684552
ergo_adaptive,342.33333333333337,0.09455590595733611,0.0910055650984069
ergo_adaptive,342.41666666666663,0.0934057498301948,0.0910214773344069
ergo_adaptive,342.5,0.09100550068201732,0.09103915583064695
ergo_adaptive,342.58333333333337,0.09564222932088202,0.09107497446838349
ergo_adaptive,342.66666666666663,0.09926816526433924,0.09114669427100427
ergo_adaptive,342.75,0.09779096771856699,0.09121566420488485
ergo_adaptive,342.83333333333337,0.09168352454191953,0.09126925393462072
ergo_adaptive,342.91666666666663,0.08991555635669206,0.09133494488890856
ergo_adaptive,343.0,0.09358356396428764,0.09143007833299215
ergo_adaptive,343.08333333333337,0.06953713127953237,0.09154775431773801
ergo_adaptive,343.16666666666663,0.06646171600625395,0.09172304110557633
ergo_adaptive,343.25,0.07336925091887521,0.09191217114613881
ergo_adaptive,343.33333333333337,0.07624593627523082,0.0920731978871794
ergo_adaptive,343.41666666666663,0.07830141863936867,0.09219113241647788
ergo_adaptive,343.5,0.07959213028935569,0.0922669172989493
ergo_adaptive,343.58333333333337,0.07916085432424395,0.09231085818420724
ergo_adaptive,343.66666666666663,0.07445444483706941,0.09234221506437118
ergo_adaptive,343.75,0.07612279890242672,0.09237613782493147
ergo_adaptive,343.83333333333337,0.07826212076478943,0.09238473432056388
ergo_adaptive,343.91666666666663,0.07946130469755562,0.09236210627222295
ergo_adaptive,344.0,0.08153838894706669,0.09233429332503253
ergo_adaptive,344.08333333333337,0.08400259253549414,0.09229752534448536
ergo_adaptive,344.16666666666663,0.07972472562223257,0.09222434681001694
ergo_adaptive,344.25,0.07602061933053962,0.09213805206223556
ergo_adaptive,344.33333333333337,0.07498644443632009,0.09206385735828249
ergo_adaptive,344.41666666666663,0.07699986937777747,0.0920101292303731
ergo_adaptive,344.5,0.07596099604255517,0.09196980458492447
ergo_adaptive,344.58333333333337,0.07608703855631878,0.09191998641344615
ergo_adaptive,344.66666666666663,0.07627919380093684,0.0918460396051046
ergo_adaptive,344.75,0.07588251240412743,0.09176452045443924
ergo_adaptive,344.83333333333337,0.07806683885631148,0.0917016079973161
ergo_adaptive,344.91666666666663,0.07858847462437275,0.09164445866295169
ergo_adaptive,345.0,0.07938282068799932,0.09155532877406153
ergo_adaptive,345.08333333333337,0.0794780154839273,0.09144648238101472
ergo_adaptive,345.16666666666663,0.08027418681519193,0.09136924063004503
ergo_adaptive,345.25,0.07990795271708058,0.09133462229707279
ergo_adaptive,345.33333333333337,0.08147251982584784,0.09124277041933879
ergo_adaptive,345.41666666666663,0.07958078166219994,0.09110840102112795
ergo_adaptive,345.5,0.0818002627806382,0.09098070724412798
ergo_adaptive,345.58333333333337,0.08196184928061398,0.09087547164604794
ergo_adaptive,345.66666666666663,0.08357213509665277,0.0907819608637982
ergo_adaptive,345.75,0.08109824733144769,0.09068663854558531
ergo_adaptive,345.83333333333337,0.08025306956554841,0.09059178500052
ergo_adaptive,345.91666666666663,0.07854192337838675,0.09051730783608256
ergo_adaptive,346.0,0.07937931643781275,0.09049529026550965
ergo_adaptive,346.08333333333337,0.07985507714737652,0.09047292376542601
ergo_adaptive,346.16666666666663,0.08109148732142593,0.09038360081665185
ergo_adaptive,346.25,0.08007912166808243,0.09023831765525805
ergo_adaptive,346.33333333333337,0.08058650384246104,0.09007977290510982
ergo_adaptive,346.41666666666663,0.07996533701030943,0.08990173114268042
ergo_adaptive,346.5,0.0823504457971181,0.08965926988857247
ergo_adaptive,346.58333333333337,0.08098002475855066,0.08938541164097139
ergo_adaptive,346.66666666666663,0.08070896517109923,0.08918491797831055
ergo_adaptive,346.75,0.08348139619769229,0.08919263856481076
ergo_adaptive,346.83333333333337,0.08483861914704406,0.08917319299868985
ergo_adaptive,346.91666666666663,0.08376257025580836,0.08908079103118242
ergo_adaptive,347.0,0.0828996751713332,0.08889531872876526
ergo_adaptive,347.08333333333337,0.08169185448088467,0.08895157549797408
ergo_adaptive,347.16666666666663,0.0799904874536491,0.08912276011754237
ergo_adaptive,347.25,0.08036449390840984,0.08926545408338424
ergo_adaptive,347.33333333333337,0.08072318479261519,0.08933064603655164
ergo_adaptive,347.41666666666663,0.07951858347293804,0.08937023830291825
ergo_adaptive,347.5,0.07929550838700149,0.08941667771303655
ergo_adaptive,347.58333333333337,0.07965284895917456,0.08950300911543177
ergo_adaptive,347.66666666666663,0.07998861669905193,0.0895803138470188
ergo_adaptive,347.75,0.07986116951542102,0.08966333518823354
ergo_adaptive,347.83333333333337,0.08046412704837035,0.08975684457051303
ergo_adaptive,347.91666666666663,0.08179252751246732,0.08984530624894968
ergo_adaptive,348.0,0.08342481337684193,0.0899415567160815
ergo_adaptive,348.08333333333337,0.08291199728388447,0.09002641585887403
ergo_adaptive,348.16666666666663,0.08354532391398993,0.09011874594540259
ergo_adaptive,348.25,0.08532759860576798,0.09020386877736919
ergo_adaptive,348.33333333333337,0.08381157355322919,0.09025464534644603
ergo_adaptive,348.41666666666663,0.08434116506753908,0.09035207552548129
ergo_adaptive,348.5,0.08505188876399764,0.09043459369324189
ergo_adaptive,348.58333333333337,0.08675110753737171,0.09052060401950672
ergo_adaptive,348.66666666666663,0.08781981329362455,0.09057295908420995
ergo_adaptive,348.75,0.08628776422154992,0.09054150206359411
ergo_adaptive,348.83333333333337,0.08754284952522923,0.09064457120187297
ergo_adaptive,348.91666666666663,0.08784232009836666,0.09073656260785944
ergo_adaptive,349.0,0.08800977495865926,0.09084026064417498
ergo_adaptive,349.08333333333337,0.09057063943853483,0.09093483782111478
ergo_adaptive,349.16666666666663,0.09097544811885393,0.09098593046037343
ergo_adaptive,349.25,0.0906555557392571,0.09087951204505902
ergo_adaptive,349.33333333333337,0.08997827139888787,0.09085188579238515
ergo_adaptive,349.41666666666663,0.08918782202484253,0.09093193231795575
ergo_adaptive,349.5,0.08896968232351388,0.09103066160541294
ergo_adaptive,349.58333333333337,0.08749413084759707,0.09113430697204267
ergo_adaptive,349.66666666666663,0.08723044620308457,0.09119245271604227
ergo_adaptive,349.75,0.0889062129268752,0.09125546460890636
ergo_adaptive,349.83333333333337,0.09028888077450153,0.09135160616281358
ergo_adaptive,349.91666666666663,0.0910297875037537,0.0914268926064147
ergo_adaptive,350.0,0.08974950299553235,0.0915055563325735
ergo_adaptive,350.08333333333337,0.09130269273915516,0.09160020294954224
ergo_adaptive,350.16666666666663,0.09194348128977362,0.09166834454866223
ergo_adaptive,350.25,0.0908087348014291,0.09170542838520898
ergo_adaptive,350.33333333333337,0.09259064811389389,0.09180168846845169
ergo_adaptive,350.41666666666663,0.09194680680110998,0.09186337042922045
ergo_adaptive,350.5,0.09359470930497403,0.09193623792929334
ergo_adaptive,350.58333333333337,0.09185807456171252,0.09192932144408957
ergo_adaptive,350.66666666666663,0.09112255930774368,0.09199795928320122
ergo_adaptive,350.75,0.09143616162492442,0.09208324315655915
ergo_adaptive,350.83333333333337,0.09075728195150025,0.09211376638998353
ergo_adaptive,350.91666666666663,0.08727294114005336,0.09214720162920599
ergo_adaptive,351.0,0.08560318028384906,0.09210067288729352
ergo_adaptive,351.08333333333337,0.08564939596673896,0.09212471461586645
ergo_adaptive,351.16666666666663,0.0866040023980257,0.0921313692638929
ergo_adaptive,351.25,0.08660057452559285,0.09218991954678461
ergo_adaptive,351.33333333333337,0.08919508530824914,0.09223150079156979
ergo_adaptive,351.41666666666663,0.08935327694464397,0.09230594290496598
ergo_adaptive,351.5,0.09020543590878363,0.09239705271486044
ergo_adaptive,351.58333333333337,0.09078195981015642,0.09247575033621923
ergo_adaptive,351.66666666666663,0.08833223975855028,0.09254682889547267
ergo_adaptive,351.75,0.08934838352014092,0.09263507715704336
ergo_adaptive,351.83333333333337,0.09014867521152133,0.09266603106443595
ergo_adaptive,351.91666666666663,0.08894931695299522,0.09268757839387988
ergo_adaptive,352.0,0.09004911465418117,0.09269834633160945
ergo_adaptive,352.08333333333337,0.09008591318401188,0.09274163530286564
ergo_adaptive,352.16666666666663,0.08952910951421367,0.09279574396524504
ergo_adaptive,352.25,0.08914777309516161,0.0928267652909965
ergo_adaptive,352.33333333333337,0.08783706348617783,0.09285673573776565
ergo_adaptive,352.41666666666663,0.08643671649132452,0.09286899605542248
ergo_adaptive,352.5,0.08728062244639283,0.09288843277460503
ergo_adaptive,352.58333333333337,0.08733364254237475,0.0929359538079253
ergo_adaptive,352.66666666666663,0.08875507589782716,0.09298881257863935
ergo_adaptive,352.75,0.09042396627759827,0.09304955857028863
ergo_adaptive,352.83333333333337,0.08995835455402847,0.09310847502107977
ergo_adaptive,352.91666666666663,0.0913944055961579,0.093175265719915
ergo_adaptive,353.0,0.09050887229223933,0.09323617063693454
ergo_adaptive,353.08333333333337,0.09199037050547085,0.09330441261199096
ergo_adaptive,353.16666666666663,0.0927401289722836,0.0933675259775476
ergo_adaptive,353.25,0.09193217949172004,0.09340045813187976
ergo_adaptive,353.33333333333337,0.0898073791641028,0.09347265208409311
ergo_adaptive,353.41666666666663,0.08974500862820053,0.09354011273502918
ergo_adaptive,353.5,0.08983211292385046,0.09357495396766329
ergo_adaptive,353.58333333333337,0.0903681263729108,0.0935826099974159
ergo_adaptive,353.66666666666663,0.08882694384560783,0.09360832610422495
ergo_adaptive,353.75,0.08882747135484038,0.09362535349087198
ergo_adaptive,353.83333333333337,0.08579119142875223,0.09367429142488369
ergo_adaptive,353.91666666666663,0.08519608696244198,0.09372958820376494
ergo_adaptive,354.0,0.0830450460726776,0.09374712231691248
ergo_adaptive,354.08333333333337,0.0830974219021358,0.09366213837294725
ergo_adaptive,354.16666666666663,0.08153666266604749,0.0935833277875699
ergo_adaptive,354.25,0.08157190444590756,0.09364697077525794
ergo_adaptive,354.33333333333337,0.08234033973780167,0.09373968059375073
ergo_adaptive,354.41666666666663,0.0855815939991096,0.09380399255481452
ergo_adaptive,354.5,0.0868484128544995,0.09383718871587532
ergo_adaptive,354.58333333333337,0.08668036133982451,0.09384014791404859
ergo_adaptive,354.66666666666663,0.08640529779246074,0.09379617685881132
ergo_adaptive,354.75,0.08846977387626652,0.09373928385278284
ergo_adaptive,354.83333333333337,0.0864550598800882,0.09364090767405901
ergo_adaptive,354.91666666666663,0.08897710843749049,0.09367418018532463
ergo_adaptive,355.0,0.08829364988103754,0.09365355435849299
ergo_adaptive,355.08333333333337,0.08892423055851338,0.09362345707377918
ergo_adaptive,355.16666666666663,0.08943666061923215,0.09350863160421137
ergo_adaptive,355.25,0.0926198465730492,0.09339811560324401
ergo_adaptive,355.33333333333337,0.09224484676856595,0.0932205972004159
ergo_adaptive,355.41666666666663,0.09482234057298046,0.09299645524130665
ergo_adaptive,355.5,0.09129771211582008,0.09267723872995143
ergo_adaptive,355.58333333333337,0.09061401604719208,0.09265072229696121
ergo_adaptive,355.66666666666663,0.09353647161343939,0.09278448370189592
ergo_adaptive,355.75,0.0965710020279041,0.09289480359482337
ergo_adaptive,355.83333333333337,0.09744669749185572,0.09283483859606151
ergo_adaptive,355.91666666666663,0.09511345281132672,0.09258600958395019
ergo_adaptive,356.0,0.09691699336229144,0.09253860710883967
ergo_adaptive,356.08333333333337,0.09651358515231465,0.09253054340063001
ergo_adaptive,356.16666666666663,0.0972228081207222,0.09259683754768973
ergo_adaptive,356.25,0.09691874917518899,0.09261220161502691
ergo_adaptive,356.33333333333337,0.09751136963689071,0.09264410779979709
ergo_adaptive,356.41666666666663,0.099569450461461,0.09263605204963114
ergo_adaptive,356.5,0.10334702163465356,0.09254693358301914
ergo_adaptive,356.58333333333337,0.1043103558350746,0.09243582572322019
ergo_adaptive,356.66666666666663,0.10478365395507816,0.09219290826975382
ergo_adaptive,356.75,0.10542875349564551,0.09178774021882545
ergo_adaptive,356.83333333333337,0.1043223717863244,0.09132646335180915
ergo_adaptive,356.91666666666663,0.10216212467660174,0.09089204457291665
ergo_adaptive,357.0,0.1045433725426729,0.0907419590246066
ergo_adaptive,357.08333333333337,0.10052908522457395,0.0905911375004923
ergo_adaptive,357.16666666666663,0.1022733933122265,0.09050936650453723
ergo_adaptive,357.25,0.10086292054982808,0.09042201013456286
ergo_adaptive,357.33333333333337,0.10104056856557393,0.0903124279916347
ergo_adaptive,357.41666666666663,0.10029481967831264,0.09017303011126372
ergo_adaptive,357.5,0.09900960525804021,0.09002532207776882
ergo_adaptive,357.58333333333337,0.101720307343831,0.08991486404398692
ergo_adaptive,357.66666666666663,0.10439023507371285,0.08982157484503087
ergo_adaptive,357.75,0.10580283187030785,0.08966816470392243
ergo_adaptive,357.83333333333337,0.10809899311385832,0.0894519785348593
ergo_adaptive,357.91666666666663,0.10937877440253344,0.08923213357279014
ergo_adaptive,358.0,0.10783227711821632,0.08903057563276237
ergo_adaptive,358.08333333333337,0.10652934033041465,0.08882120264892167
ergo_adaptive,358.16666666666663,0.1056794685703709,0.08859671854981045
ergo_adaptive,358.25,0.10483598917271329,0.08838597860415966
ergo_adaptive,358.33333333333337,0.10657168231558707,0.08821837320281932
ergo_adaptive,358.41666666666663,0.11215065699669377,0.08807160977437938
ergo_adaptive,358.5,0.11520240101924788,0.08791166195062407
ergo_adaptive,358.58333333333337,0.11428585598989885,0.08774133416172508
ergo_adaptive,358.66666666666663,0.11471193575643339,0.0875900602244215
ergo_adaptive,358.75,0.11112319275260762,0.08747360650689476
ergo_adaptive,358.83333333333337,0.11530095143258855,0.08737168297225342
ergo_adaptive,358.91666666666663,0.11800890532558711,0.08726061640929601
ergo_adaptive,359.0,0.11656604158052576,0.08715916130580659
ergo_adaptive,359.08333333333337,0.11843000886318898,0.08711605153191022
ergo_adaptive,359.16666666666663,0.11425327373107307,0.08710594750281146
ergo_adaptive,359.25,0.11964258433456543,0.087048760666243
ergo_adaptive,359.33333333333337,0.12440788374398014,0.0869748743387494
ergo_adaptive,359.41666666666663,0.12559706961572625,0.08692738766119451
ergo_adaptive,359.5,0.12345626047919042,0.08691255775121721
ergo_adaptive,359.58333333333337,0.12452330927452124,0.08691553582740798
ergo_adaptive,359.66666666666663,0.1245145440782629,0.08693061886802171
ergo_adaptive,359.75,0.12498897699738368,0.08696599355847255
ergo_adaptive,359.83333333333337,0.12949513898080173,0.08703602562249992
ergo_adaptive,359.91666666666663,0.10826810237967499,0.0871465250697348
ergo_adaptive,360.0,0.07207229068746374,0.08729019518229728
